scope,repo_id,repo_type,path,size_bytes,tree_oid,lfs_oid,lfs_size_bytes,lfs_pointer_size,xet_hash,commit_id,commit_date,question_path_inference
all_weight_entries,Thundergod2007/vipragsent-experiment-artifacts-overflow-009,model,campaigns/vipragsent-v7-6693e7e9eef08ef1/SHARD_GPU40_7B_INTEGRATION/q1a_vipragsent_full_vistral_20260521/_engine_checkpoints/model/best.pt,4350190389,b224c1888481a4e64d9c53261c827c8459c5a76c,f90c410e4bcd7e545e330c87aa53585ab4e8b06115384c2d50d6840bb886b804,4350190389,135,1ec8b97026dfd38505dee4ec2407b5170002a303eb0606c840970eda5772d951,89ab4058e3eca9e36614b6087fbdba46be2043a5,2026-08-28T08:59:26.000Z,Q1a
all_weight_entries,Thundergod2007/vipragsent-experiment-artifacts-overflow-011,model,campaigns/vipragsent-v7-6693e7e9eef08ef1/SHARD_GPU40_7B_INTEGRATION/q3_vistral_pragmatic_sft_32_20260521/_engine_checkpoints/model/best.pt,4313875482,b39c6ae172e3de99811bc4003777215cd604dae8,3e7aa98e372b1d785337b3eac6f4536cac85a4859dcc74f1a78550e73b7ad80a,4313875482,135,11aaab4deb4fd51d442e796893a634458dde530d44917052f9193cdee84ac380,0238490354a5873f446c24112dabbb1eff1fbdec,2026-08-29T01:46:00.000Z,Q3
all_weight_entries,Thundergod2007/vipragsent-experiment-artifacts-overflow-011,model,campaigns/vipragsent-v7-6693e7e9eef08ef1/SHARD_GPU40_7B_INTEGRATION/q3_vistral_pragmatic_sft_32_20260521/_engine_checkpoints/model/epoch_001.pt,4313875482,b39c6ae172e3de99811bc4003777215cd604dae8,3e7aa98e372b1d785337b3eac6f4536cac85a4859dcc74f1a78550e73b7ad80a,4313875482,135,11aaab4deb4fd51d442e796893a634458dde530d44917052f9193cdee84ac380,d3d8ae639efbd015556bbc951e2f126c0bf716d3,2026-08-29T01:46:50.000Z,Q3
all_weight_entries,Thundergod2007/vipragsent-experiment-artifacts-overflow-011,model,campaigns/vipragsent-v7-6693e7e9eef08ef1/SHARD_GPU40_7B_INTEGRATION/q3_vistral_pragmatic_sft_32_20260521/_engine_checkpoints/model/epoch_002.pt,4313875610,1e27487e1b603b799b2ce8f65aac98bdf6c2d069,3b75e6e4d304a39bc168601c32ee0936b2a29460eea7bdf575a2df02133a0e8c,4313875610,135,5f93258ed250e8997df4e59835b3887ec4950df291665f177d9b060660bd2153,c1d26ce4ec8c0b1cc87392d23f9df84a21dcaf40,2026-08-29T02:06:49.000Z,Q3
all_weight_entries,Thundergod2007/vipragsent-experiment-artifacts-overflow-012,model,campaigns/vipragsent-v7-6693e7e9eef08ef1/SHARD_GPU40_7B_INTEGRATION/q3_vistral_pragmatic_sft_32_20260521/_engine_checkpoints/model/epoch_003.pt,4313875674,948b2e97c209559da8e868a4e4c39e7826217db8,61bd6073a6530fb37b80f368ba9cb7f71237f53927b7f29dafa07a83e72a2750,4313875674,135,75030dd89f0b3ac2acbc57ca06155dafa5d8c31efbb430da41805a9bc640817f,5c781992237e09d3f7b9d0ab50d5c6a7f3e709dc,2026-08-29T03:21:19.000Z,Q3
all_weight_entries,Thundergod2007/vipragsent-experiment-artifacts-overflow-012,model,campaigns/vipragsent-v7-6693e7e9eef08ef1/SHARD_GPU40_7B_INTEGRATION/q3_vistral_pragmatic_sft_32_20260521/checkpoints/best/model.pt,4313875610,1e27487e1b603b799b2ce8f65aac98bdf6c2d069,3b75e6e4d304a39bc168601c32ee0936b2a29460eea7bdf575a2df02133a0e8c,4313875610,135,5f93258ed250e8997df4e59835b3887ec4950df291665f177d9b060660bd2153,48690a2b1783b911987751fb8df144e44f60c0ff,2026-08-29T03:22:18.000Z,Q3
all_weight_entries,Thundergod2007/vipragsent-experiment-artifacts-overflow-012,model,campaigns/vipragsent-v7-6693e7e9eef08ef1/SHARD_GPU40_7B_INTEGRATION/q3_vistral_pragmatic_sft_32_20260521/checkpoints/latest/model.pt,4313875674,948b2e97c209559da8e868a4e4c39e7826217db8,61bd6073a6530fb37b80f368ba9cb7f71237f53927b7f29dafa07a83e72a2750,4313875674,135,75030dd89f0b3ac2acbc57ca06155dafa5d8c31efbb430da41805a9bc640817f,21f70fff708ef73a23ac4003276e63df653c016f,2026-08-29T03:23:18.000Z,Q3
all_weight_entries,Thundergod2007/vipragsent-experiment-artifacts-overflow-012,model,campaigns/vipragsent-xlmr-q1b-q4-followup-v1/xlmr_followup_q2_no_multitask_20260523/components/code_switching/checkpoints/best/model.pt,6706545694,2cfc023516271816d10d64cbca7419cfdd6bcde1,701ef4ea0a8142371a1d7a288cc30c9584a1239e698ab095501c1f41b7bb0590,6706545694,135,780950ce68f763109233704d51cacbf35c9e1e76e70fab781df3262f20efd492,bcd95ed8588584ae9f1e77d6ef1767dced560b91,2026-09-13T17:12:19.000Z,Q2
all_weight_entries,Thundergod2007/vipragsent-experiment-artifacts-overflow-012,model,campaigns/vipragsent-xlmr-q1b-q4-followup-v1/xlmr_followup_q2_no_multitask_20260523/components/code_switching/checkpoints/latest/model.pt,6706593568,464e99bbeb04da5c390750f37ec2e7e71366d1ce,b85052ca58330093cb26d35add330c8d26a96ef2c05aa65984879735eddec0b0,6706593568,135,b5aa14fd0e7cf6064d1d1d9afcc1a87605bff51ad586bc4e272991b8748e7754,bcd95ed8588584ae9f1e77d6ef1767dced560b91,2026-09-13T17:12:19.000Z,Q2
all_weight_entries,Thundergod2007/vipragsent-experiment-artifacts-overflow-012,model,campaigns/vipragsent-xlmr-q1b-q4-followup-v1/xlmr_followup_q2_no_multitask_20260523/components/emotion/checkpoints/best/model.pt,6706619422,9ac58a29267d8c33ae124de84ba12f0fe5481e28,63edcb386a1b4cf5f5f23a7eb4e6bc2e2f7510dff67fbda756ae481efc72e35e,6706619422,135,b9db8b2fe988e6fe26a51c78cf0f2fbf9d579e76d861a55e34bafded468f2b41,9dcb4ef8c764d0e814eb582fd2afd2551ca4ab52,2026-09-13T18:06:47.000Z,Q2
all_weight_entries,Thundergod2007/vipragsent-experiment-artifacts-overflow-012,model,campaigns/vipragsent-xlmr-q1b-q4-followup-v1/xlmr_followup_q2_no_multitask_20260523/components/emotion/checkpoints/latest/model.pt,6706667296,8c137f54827dd8bc6583f335127b6c96b82083c7,713113c6aaf4f89e084f8c956a373c4d4f14840ac3540a935c52ccf8918b7009,6706667296,135,f52499f32c887d4d3f259f5d5f99fd5f44590bed05a77ac44e4364f33a5a0a47,9dcb4ef8c764d0e814eb582fd2afd2551ca4ab52,2026-09-13T18:06:47.000Z,Q2
all_weight_entries,Thundergod2007/vipragsent-experiment-artifacts-overflow-012,model,campaigns/vipragsent-xlmr-q1b-q4-followup-v1/xlmr_followup_q2_no_multitask_20260523/components/idiom_figurative/checkpoints/best/model.pt,6706545694,9012ddbc5c353370c71666c64f0fa7c2ebc38c60,de9137590d03c932ab3c0f4dec142911adc5bd5d44e8bfc3a51e6ae70cb12eaa,6706545694,135,c061244728cb0307f755c5f7d7d5fb6ffae218a95de4855c62513932b493755a,82e980555e85a78c82f4111520471de8fb0b11ca,2026-09-13T16:59:17.000Z,Q2
all_weight_entries,Thundergod2007/vipragsent-experiment-artifacts-overflow-012,model,campaigns/vipragsent-xlmr-q1b-q4-followup-v1/xlmr_followup_q2_no_multitask_20260523/components/idiom_figurative/checkpoints/latest/model.pt,6706593568,55fce4be2624b3f8c446372f7ecd17201a1adf85,05e2923215698150c661eb0b695ba55815494248bdaa6f6282bca95b9b03345f,6706593568,135,4cb52ac2e206474fb44167c06426269481372ef86c43da89c0c1eb7f3ce1aea4,d8e6cd30e7969783dd4a80255e2bba4ece27d5c8,2026-09-13T17:03:49.000Z,Q2
all_weight_entries,Thundergod2007/vipragsent-experiment-artifacts-overflow-012,model,campaigns/vipragsent-xlmr-q1b-q4-followup-v1/xlmr_followup_q2_no_multitask_20260523/components/implicit_sentiment/checkpoints/best/model.pt,6706545694,ab312b546a978148debc647f96a25cb0a3142f58,6428c5ef267dc5c0d2f6d7078f36ca5b6ad7b3b2be6705d3aef5a88358e1f68f,6706545694,135,89f1b724d2d92e3dfe56b66c26c8b515088a0a3ee99d1516ab74e9c71e73eb31,aa2dcc4fb9e1289744c2bae088f79fb6c44dc9e0,2026-09-13T16:11:43.000Z,Q2
all_weight_entries,Thundergod2007/vipragsent-experiment-artifacts-overflow-012,model,campaigns/vipragsent-xlmr-q1b-q4-followup-v1/xlmr_followup_q2_no_multitask_20260523/components/implicit_sentiment/checkpoints/latest/model.pt,6706593568,0d6dfc9cfc7940d5197f52e77d04c7767ffc599e,c993d5cc58d0994bf4786b099274977d59e0f26425d85c6affb3e20d84d56da5,6706593568,135,adb776d4a04121b1c67aab46e5c9008741aaec6d3eec2299b7fc22e06572afea,aa2dcc4fb9e1289744c2bae088f79fb6c44dc9e0,2026-09-13T16:11:43.000Z,Q2
all_weight_entries,Thundergod2007/vipragsent-experiment-artifacts-overflow-012,model,campaigns/vipragsent-xlmr-q1b-q4-followup-v1/xlmr_followup_q2_no_multitask_20260523/components/irony/checkpoints/best/model.pt,6706545694,907b91a876e1170938fce86931141ccd8ea6aaff,e32fb03f4ddecd4eeb039f619171e0ef98031d0e71f171f4f71b0d20a0fa8c60,6706545694,135,55111e3c133aa766cdd4bce5299414b2d09385868a469d6ccf382a01b898b598,b8f6c427448486641aed2d5dfb45325c8e100a5e,2026-09-13T16:50:30.000Z,Q2
all_weight_entries,Thundergod2007/vipragsent-experiment-artifacts-overflow-012,model,campaigns/vipragsent-xlmr-q1b-q4-followup-v1/xlmr_followup_q2_no_multitask_20260523/components/irony/checkpoints/latest/model.pt,6706593568,9361b2fbde3b8283ba4bcb57a151923653eed420,8f8e71130d8c0e11472c95387607171a10441b925fe9168ebb9314dab1c46e6d,6706593568,135,5acc62399e143b8caedfbe3a0776585b59f670d4ac8afcfe5e07c39de3a9b6ab,b8f6c427448486641aed2d5dfb45325c8e100a5e,2026-09-13T16:50:30.000Z,Q2
all_weight_entries,Thundergod2007/vipragsent-experiment-artifacts-overflow-012,model,campaigns/vipragsent-xlmr-q1b-q4-followup-v1/xlmr_followup_q2_no_multitask_20260523/components/mocking/checkpoints/best/model.pt,6706545694,d64b486e61c65c53d294511c0ebc06daf398e5a5,eda0eb8ab290d2d3a3ec3d0683719334f09b4c0e1188b89b7792c9f43d4ffc0e,6706545694,135,5f68acd231ed2c6528ea0c2d6afdb4794b191d3eed2ae211608934b81a4789aa,41dfada5d1a6dee699239aef44b92d8050399219,2026-09-13T17:21:47.000Z,Q2
all_weight_entries,Thundergod2007/vipragsent-experiment-artifacts-overflow-012,model,campaigns/vipragsent-xlmr-q1b-q4-followup-v1/xlmr_followup_q2_no_multitask_20260523/components/mocking/checkpoints/latest/model.pt,6706593568,fc19e5eb9e5abf5d36befaf4e419449b533b525d,1cf0f8672ee8642a30706912ce67bc97ed6f1c7ccd2c59c72b8d2d1d62a86739,6706593568,135,7b947070afa47c6ae061a26b53da2e9f31dfeb3a39b4b862e078d1192e76a46e,41dfada5d1a6dee699239aef44b92d8050399219,2026-09-13T17:21:47.000Z,Q2
all_weight_entries,Thundergod2007/vipragsent-experiment-artifacts-overflow-012,model,campaigns/vipragsent-xlmr-q1b-q4-followup-v1/xlmr_followup_q2_no_multitask_20260523/components/polarity/checkpoints/best/model.pt,6706570270,688404783ef5a52eb6d9f7f9016f211e0548f8f4,4a44de42c324b16de1025753ec58a4e846585570e4ce99ec45f7ccf939818948,6706570270,135,8ad5ed9b675c21480e80e04eb320332998728a080e4c0ac15ffaabe293fe4e8b,8e4f5dd6ed7911d5c232000e4cb13e1af19238be,2026-09-13T17:42:00.000Z,Q2
all_weight_entries,Thundergod2007/vipragsent-experiment-artifacts-overflow-012,model,campaigns/vipragsent-xlmr-q1b-q4-followup-v1/xlmr_followup_q2_no_multitask_20260523/components/polarity/checkpoints/latest/model.pt,6706618144,2d986f3839e65ec4789e0616359356b42d0d8502,050e2cf3f83295cd3615362ba99ffa62e4aaa4eab9f9b12b5dfd52c965bc034c,6706618144,135,f48786744d39d1169add89b1668c0f9eb5e4a7369cea2765f7f0cf9920af8b15,8e4f5dd6ed7911d5c232000e4cb13e1af19238be,2026-09-13T17:42:00.000Z,Q2
all_weight_entries,Thundergod2007/vipragsent-experiment-artifacts-overflow-012,model,campaigns/vipragsent-xlmr-q1b-q4-followup-v1/xlmr_followup_q2_no_multitask_20260523/components/sarcasm/checkpoints/best/model.pt,6706545694,a88499c430908f04286aa15c7d626dd5477d141e,4b88cbd813e8cff481a2e20592a7f4934f506f5964c67e5929c2e00d65f0cf88,6706545694,135,090622580be2186364c90473446b82e9a6dc7143406c9177511955a67f50b7f1,1c97f905457835d19a20f8cd39541afad4c04c8f,2026-09-13T16:26:11.000Z,Q2
all_weight_entries,Thundergod2007/vipragsent-experiment-artifacts-overflow-012,model,campaigns/vipragsent-xlmr-q1b-q4-followup-v1/xlmr_followup_q2_no_multitask_20260523/components/sarcasm/checkpoints/latest/model.pt,6706593568,0993dac1a9fc7d7d19956dc4824adac01c3cecf1,737b6a662f5546311653e9d5f8df0c42a24f23ceeb4c451b02fc2ce1efd0cb30,6706593568,135,26baa1688e77f43e78f6a73572db0f969afa8cbeea330159cf994c0683ba88a8,1c97f905457835d19a20f8cd39541afad4c04c8f,2026-09-13T16:26:11.000Z,Q2
all_weight_entries,Thundergod2007/vipragsent-experiment-artifacts-overflow-012,model,campaigns/vipragsent-xlmr-q1b-q4-followup-v1/xlmr_followup_q4_full_20260523/source/best_model.pt,7098835370,61990bb3ec19eb5ff92986fc3fc7accaf3fd31f3,deff90245b4364f1abf3034e487fdfb7ccac31b0899cebe3a0a968149e9726c4,7098835370,135,e18b0df6070face92f17ff735603b9e691517f900af4f1fa0e34c7deaf438a98,3ba7fd99d2c76b8559eaeb137876006e210f0346,2026-09-14T21:41:17.000Z,Q4
all_weight_entries,Thundergod2007/vipragsent-experiment-artifacts-overflow-013,model,campaigns/vipragsent-v8-local-mig2g20gb/q3_vipragsent_full_vistral_full_20260523/_engine_checkpoints/model/best.pt,4350190581,acd0ff67602a72ea54d4c5d7d1da2f7dbd6ccf79,79ebd8e9066d037a5fd0f61be217a467dd293c93000de5b41bd4f1b4b85b753e,4350190581,135,05ac9db78346ec0d99c5b05c9801b532267dc957fa9eee2d21a038309d695c37,4850faf11b9211d8f91f573e5dd5baa25e2c3637,2026-09-06T03:46:17.000Z,Q3
all_weight_entries,Thundergod2007/vipragsent-experiment-artifacts-overflow-013,model,campaigns/vipragsent-v8-local-mig2g20gb/q3_vipragsent_full_vistral_full_20260523/_engine_checkpoints/model/epoch_001.pt,4350190517,d7939da63ad892fa9b880afb5ec5a2d2238d8729,7472e8ee40488222461ea612ce99453d723b31785c6f7a8e0242c24488c89f10,4350190517,135,75f62a7522fe444c724839daac82cce288c3cb0adfeb4ff9d9b45ed2763b8038,d044d34f4ef3e177a64b492717cce91bb13a0120,2026-09-06T03:16:17.000Z,Q3
all_weight_entries,Thundergod2007/vipragsent-experiment-artifacts-overflow-013,model,campaigns/vipragsent-v8-local-mig2g20gb/q3_vipragsent_full_vistral_full_20260523/_engine_checkpoints/model/epoch_002.pt,4350190581,acd0ff67602a72ea54d4c5d7d1da2f7dbd6ccf79,79ebd8e9066d037a5fd0f61be217a467dd293c93000de5b41bd4f1b4b85b753e,4350190581,135,05ac9db78346ec0d99c5b05c9801b532267dc957fa9eee2d21a038309d695c37,a4366aa360219d5e484621a0acfd58f569e4b70c,2026-09-06T03:46:48.000Z,Q3
all_weight_entries,Thundergod2007/vipragsent-experiment-artifacts-overflow-013,model,campaigns/vipragsent-v8-local-mig2g20gb/q3_vipragsent_full_vistral_full_20260523/_engine_checkpoints/model/epoch_003.pt,4350190709,b37677fe6544082191a79abd3e183aebeafc0539,cd5da93b3cbd3be3cb2d30eef79abab4e22c9d200e7ce8e12a86ed3ed3122ac4,4350190709,135,b2f6554d4f5ad5a8742ee1a8d39d1634803346ae90163014ff1380adf79185a6,f059a812a5e818f6c2dfa4a630b1a4758ccaa828,2026-09-06T04:17:36.000Z,Q3
all_weight_entries,Thundergod2007/vipragsent-experiment-artifacts-overflow-013,model,campaigns/vipragsent-v8-local-mig2g20gb/q3_vipragsent_full_vistral_full_20260523/checkpoints/best/model.pt,4350190581,acd0ff67602a72ea54d4c5d7d1da2f7dbd6ccf79,79ebd8e9066d037a5fd0f61be217a467dd293c93000de5b41bd4f1b4b85b753e,4350190581,135,05ac9db78346ec0d99c5b05c9801b532267dc957fa9eee2d21a038309d695c37,8b4fc421d624b83ce7967fc3c07adc74c3e0998b,2026-09-06T04:27:43.000Z,Q3
all_weight_entries,Thundergod2007/vipragsent-experiment-artifacts-overflow-013,model,campaigns/vipragsent-v8-local-mig2g20gb/q3_vipragsent_full_vistral_full_20260523/checkpoints/latest/model.pt,4350190709,b37677fe6544082191a79abd3e183aebeafc0539,cd5da93b3cbd3be3cb2d30eef79abab4e22c9d200e7ce8e12a86ed3ed3122ac4,4350190709,135,b2f6554d4f5ad5a8742ee1a8d39d1634803346ae90163014ff1380adf79185a6,f374798b69dc799c98ae93f961972d35b60a7be7,2026-09-06T04:28:29.000Z,Q3
all_weight_entries,Thundergod2007/vipragsent-experiment-artifacts-overflow-014,model,campaigns/vipragsent-v8-local-mig2g20gb/q3_vipragsent_full_vistral_full_20260522/_engine_checkpoints/model/best.pt,4350190581,bda55a70616669a1296f2b2bd113ac29aa5717ee,b386cbbe4a32816fc17587148ff7341077a0042e6b595db5fee297416a318e96,4350190581,135,f9355a7d6409e9118b8e08addb9a4e0654a51ce33b7c3b32fc1c2d094503f6b9,0294cd228d684c53d5a631c0e9991ca0716d4a2a,2026-09-06T01:41:38.000Z,Q3
all_weight_entries,Thundergod2007/vipragsent-experiment-artifacts-overflow-014,model,campaigns/vipragsent-v8-local-mig2g20gb/q3_vipragsent_full_vistral_full_20260522/_engine_checkpoints/model/epoch_001.pt,4350190517,343c601b176c5825859acb553d57005c36508c16,8c7efa6444d46f0481b21a9a058fea35380669a0a7f79bd396ed83118a99c355,4350190517,135,eb6b2fde306bc6223aedddca701eff5e90c57496f421b1e1c686348a4222104c,b32fb6b20faee2989311ff39efaaffe8198f157a,2026-09-06T01:10:45.000Z,Q3
all_weight_entries,Thundergod2007/vipragsent-experiment-artifacts-overflow-014,model,campaigns/vipragsent-v8-local-mig2g20gb/q3_vipragsent_full_vistral_full_20260522/_engine_checkpoints/model/epoch_002.pt,4350190581,bda55a70616669a1296f2b2bd113ac29aa5717ee,b386cbbe4a32816fc17587148ff7341077a0042e6b595db5fee297416a318e96,4350190581,135,f9355a7d6409e9118b8e08addb9a4e0654a51ce33b7c3b32fc1c2d094503f6b9,76fd9b91ca5e45a8e37c5a94bc4377b6b1ec4f4d,2026-09-06T01:42:24.000Z,Q3
all_weight_entries,Thundergod2007/vipragsent-experiment-artifacts-overflow-014,model,campaigns/vipragsent-v8-local-mig2g20gb/q3_vipragsent_full_vistral_full_20260522/_engine_checkpoints/model/epoch_003.pt,4350190709,9705e60f367fcf2f37c489b2a92ee3aec1435866,a5cd9bbc3e12226ac99cb1896ae50d3ebbb57a3db1472d16656cde93e09cc946,4350190709,135,68dc7af9bb60522ed774f2de1df4196c61b79a9c9ab46c05e47f23fdfb224acc,d37e7497f09603c5fb1a2dbb7a86777bf435e4c0,2026-09-06T02:27:23.000Z,Q3
all_weight_entries,Thundergod2007/vipragsent-experiment-artifacts-overflow-014,model,campaigns/vipragsent-v8-local-mig2g20gb/q3_vipragsent_full_vistral_full_20260522/checkpoints/best/model.pt,4350190581,bda55a70616669a1296f2b2bd113ac29aa5717ee,b386cbbe4a32816fc17587148ff7341077a0042e6b595db5fee297416a318e96,4350190581,135,f9355a7d6409e9118b8e08addb9a4e0654a51ce33b7c3b32fc1c2d094503f6b9,282ed577f6dae387b19e53130f8d4b6bf45476b4,2026-09-06T02:39:05.000Z,Q3
all_weight_entries,Thundergod2007/vipragsent-experiment-artifacts-overflow-014,model,campaigns/vipragsent-v8-local-mig2g20gb/q3_vipragsent_full_vistral_full_20260522/checkpoints/latest/model.pt,4350190709,9705e60f367fcf2f37c489b2a92ee3aec1435866,a5cd9bbc3e12226ac99cb1896ae50d3ebbb57a3db1472d16656cde93e09cc946,4350190709,135,68dc7af9bb60522ed774f2de1df4196c61b79a9c9ab46c05e47f23fdfb224acc,179763e52f7bba571f778af2dc7efe81d4ef139a,2026-09-06T02:39:42.000Z,Q3
all_weight_entries,Thundergod2007/vipragsent-experiment-artifacts-overflow-015,model,campaigns/vipragsent-v8-local-mig2g20gb/q3_vipragsent_full_vistral_full_20260521/_engine_checkpoints/model/best.pt,4350190453,800baef10c9efb1c06395d009741e5222097b5a3,2afb9ead9c5214d0ab29e4581ccf3304280fb842ba5cca05d13fc5913a3fe845,4350190453,135,457a940fce4199878b51ac166697db331ad1355bcef13984776d550688446795,38add81e6fdb0853859a52bb090df70c904c49d3,2026-09-05T23:49:36.000Z,Q3
all_weight_entries,Thundergod2007/vipragsent-experiment-artifacts-overflow-015,model,campaigns/vipragsent-v8-local-mig2g20gb/q3_vipragsent_full_vistral_full_20260521/_engine_checkpoints/model/epoch_001.pt,4350190389,0234675ea2b8a19fca752bcdff090b1eb3ad942e,8253e42b43f51837e4ad3e7e5ff2dd5ac9a2bd8cec74fd320ad136e76f74e9bd,4350190389,135,62e91b5aec2fd33cf4472c28485ac7e5f83db5f9040dfb056a385c4aa061731b,ce6b18ee4a7363ef72dd8537ea6d616c47a27e1b,2026-09-05T23:18:05.000Z,Q3
all_weight_entries,Thundergod2007/vipragsent-experiment-artifacts-overflow-015,model,campaigns/vipragsent-v8-local-mig2g20gb/q3_vipragsent_full_vistral_full_20260521/_engine_checkpoints/model/epoch_002.pt,4350190453,800baef10c9efb1c06395d009741e5222097b5a3,2afb9ead9c5214d0ab29e4581ccf3304280fb842ba5cca05d13fc5913a3fe845,4350190453,135,457a940fce4199878b51ac166697db331ad1355bcef13984776d550688446795,c1aec6148fe19017cee0db8f323debc7c0981dfb,2026-09-05T23:49:50.000Z,Q3
all_weight_entries,Thundergod2007/vipragsent-experiment-artifacts-overflow-015,model,campaigns/vipragsent-v8-local-mig2g20gb/q3_vipragsent_full_vistral_full_20260521/_engine_checkpoints/model/epoch_003.pt,4350190581,65a2b85b81bd9920847ff68aa646c1dda0beff99,f62c605f816e0aeae22b8d2c935e3acb709324e4694d2a8d6b2af73a40e1a9a8,4350190581,135,fff4ad5f21a5cbdc93bf7d98f64d21e89c6238e89105c115fd4287b1207d4e71,c72fac02eeb09fa6cafdf0af1b80e707a7b49d42,2026-09-06T00:21:24.000Z,Q3
all_weight_entries,Thundergod2007/vipragsent-experiment-artifacts-overflow-015,model,campaigns/vipragsent-v8-local-mig2g20gb/q3_vipragsent_full_vistral_full_20260521/checkpoints/best/model.pt,4350190453,800baef10c9efb1c06395d009741e5222097b5a3,2afb9ead9c5214d0ab29e4581ccf3304280fb842ba5cca05d13fc5913a3fe845,4350190453,135,457a940fce4199878b51ac166697db331ad1355bcef13984776d550688446795,741e55ebdf5fbc2317eb451dd4875475054f9894,2026-09-06T00:33:19.000Z,Q3
all_weight_entries,Thundergod2007/vipragsent-experiment-artifacts-overflow-015,model,campaigns/vipragsent-v8-local-mig2g20gb/q3_vipragsent_full_vistral_full_20260521/checkpoints/latest/model.pt,4350190581,65a2b85b81bd9920847ff68aa646c1dda0beff99,f62c605f816e0aeae22b8d2c935e3acb709324e4694d2a8d6b2af73a40e1a9a8,4350190581,135,fff4ad5f21a5cbdc93bf7d98f64d21e89c6238e89105c115fd4287b1207d4e71,5e7145bda7e6ad275470e72b0d2ec954a732dd49,2026-09-06T00:33:36.000Z,Q3
all_weight_entries,Thundergod2007/vipragsent-experiment-artifacts-overflow-016,model,campaigns/vipragsent-v7-6693e7e9eef08ef1/SHARD_GPU40_7B_INTEGRATION/q1a_vipragsent_full_vistral_20260523/_engine_checkpoints/model/best.pt,4350190517,3404b2632795a21d3969b856ad251fa9aacfd364,2b217ae14d8ebfae91eabc7538b25ac80a582e237780a680c71c282b044cd36c,4350190517,135,596c5f7e78b971c5f2b7c0e7c9db8703f4b12ac4020f9340bfa8e72b95893e9d,97baee9707c48af77623a6e9b0c25e35c9b417af,2026-08-29T20:19:12.000Z,Q1a
all_weight_entries,Thundergod2007/vipragsent-experiment-artifacts-overflow-016,model,campaigns/vipragsent-v7-6693e7e9eef08ef1/SHARD_GPU40_7B_INTEGRATION/q1a_vipragsent_full_vistral_20260523/_engine_checkpoints/model/epoch_001.pt,4350190517,3404b2632795a21d3969b856ad251fa9aacfd364,2b217ae14d8ebfae91eabc7538b25ac80a582e237780a680c71c282b044cd36c,4350190517,135,596c5f7e78b971c5f2b7c0e7c9db8703f4b12ac4020f9340bfa8e72b95893e9d,afc6537469ed85156f8b55b3ba2538ccbc10f930,2026-08-29T20:22:10.000Z,Q1a
all_weight_entries,Thundergod2007/vipragsent-experiment-artifacts-overflow-016,model,campaigns/vipragsent-v7-6693e7e9eef08ef1/SHARD_GPU40_7B_INTEGRATION/q1a_vipragsent_full_vistral_20260523/_engine_checkpoints/model/epoch_002.pt,4350190581,d3eee045cc594f73917752d76f72a07feca49e7e,e5c49b26a18ac270d17c73962c6e5e29b7f906801b41ccdbaedbbaada0aacf20,4350190581,135,6a56a22263751dce3b046f3f9ee103990b8974f4aebb7ebf9916a833bc161dbf,adf003e7e7c92630a9ab68852e46f6e8b7d991fa,2026-08-29T20:23:35.000Z,Q1a
all_weight_entries,Thundergod2007/vipragsent-experiment-artifacts-overflow-016,model,campaigns/vipragsent-v7-6693e7e9eef08ef1/SHARD_GPU40_7B_INTEGRATION/q1a_vipragsent_full_vistral_20260523/_engine_checkpoints/model/epoch_003.pt,4350190709,9abb7a487e53b80d6efba5febeb4ccc0edcd636f,9c75f4686df29f0bf10150b3d6df9f085382ec9de7dd275b07923664092366d8,4350190709,135,8975c82decbf74cd070db79af16ee4834d1745cd04635eababc435c3b4aaadae,6516cf10a5917346535e5326d6a8765f6c9f23bf,2026-08-29T20:25:05.000Z,Q1a
all_weight_entries,Thundergod2007/vipragsent-experiment-artifacts-overflow-016,model,campaigns/vipragsent-v7-6693e7e9eef08ef1/SHARD_GPU40_7B_INTEGRATION/q1a_vipragsent_full_vistral_20260523/checkpoints/best/model.pt,4350190581,d3eee045cc594f73917752d76f72a07feca49e7e,e5c49b26a18ac270d17c73962c6e5e29b7f906801b41ccdbaedbbaada0aacf20,4350190581,135,6a56a22263751dce3b046f3f9ee103990b8974f4aebb7ebf9916a833bc161dbf,9e8abd132767d6865236b5f21298e32d5da9b57a,2026-08-29T20:26:29.000Z,Q1a
all_weight_entries,Thundergod2007/vipragsent-experiment-artifacts-overflow-016,model,campaigns/vipragsent-v7-6693e7e9eef08ef1/SHARD_GPU40_7B_INTEGRATION/q1a_vipragsent_full_vistral_20260523/checkpoints/latest/model.pt,4350190709,9abb7a487e53b80d6efba5febeb4ccc0edcd636f,9c75f4686df29f0bf10150b3d6df9f085382ec9de7dd275b07923664092366d8,4350190709,135,8975c82decbf74cd070db79af16ee4834d1745cd04635eababc435c3b4aaadae,e8d7a16bf25bc53be450ff078d71a4afeaa98846,2026-08-29T20:27:48.000Z,Q1a
all_weight_entries,Thundergod2007/vipragsent-experiment-artifacts-overflow-016,model,campaigns/vipragsent-v8-local-mig2g20gb/q3_vipragsent_full_vistral_512_20260523/_engine_checkpoints/model/best.pt,4350190581,0a83e72c303d3b1fae4c99f89e66274759db9dbd,0f4d61988bdf8f53f863d262b100ce3133c17f59112e956cae0504338798c0f4,4350190581,135,548c9b0754eac44f24124c2d3949c1bfc737141b5983875afb673bbcbf80842f,42156cca589941571cc87cf81c6566c9027a8e4d,2026-09-05T21:58:36.000Z,Q3
all_weight_entries,Thundergod2007/vipragsent-experiment-artifacts-overflow-016,model,campaigns/vipragsent-v8-local-mig2g20gb/q3_vipragsent_full_vistral_512_20260523/_engine_checkpoints/model/epoch_001.pt,4350190517,2a88fc756a7119d6409c4dee6f860ba0b5b10ac3,92d2ee42dacc5ca72a2fdd8fdabb60e671bbc13f1a3c19ee62d5fa2946060231,4350190517,135,ea57ef91de4dc02c27c8d698a30efb9094358e0eefcdf3977dd4524c45284535,c9f476529c59427fe2b140464f6b428776632d02,2026-09-05T21:26:55.000Z,Q3
all_weight_entries,Thundergod2007/vipragsent-experiment-artifacts-overflow-016,model,campaigns/vipragsent-v8-local-mig2g20gb/q3_vipragsent_full_vistral_512_20260523/_engine_checkpoints/model/epoch_002.pt,4350190581,0a83e72c303d3b1fae4c99f89e66274759db9dbd,0f4d61988bdf8f53f863d262b100ce3133c17f59112e956cae0504338798c0f4,4350190581,135,548c9b0754eac44f24124c2d3949c1bfc737141b5983875afb673bbcbf80842f,5f2e0a465129f74f8c1d1aa1a24674241fefe000,2026-09-05T21:59:10.000Z,Q3
all_weight_entries,Thundergod2007/vipragsent-experiment-artifacts-overflow-016,model,campaigns/vipragsent-v8-local-mig2g20gb/q3_vipragsent_full_vistral_512_20260523/_engine_checkpoints/model/epoch_003.pt,4350190709,eee23d00b070b41c6367d598f31ee60728a823a2,7c44c58646cca08bd36e8ceac280d8aa4dae9d4af192c94dd8fefee76f9f9d43,4350190709,135,5e136e7671cda1010c87d8314ae5d06a6b83fb72e626c43ee0ee4ee0f8ffb25d,40eec107c7990f484765fcf8f36711690b73ae66,2026-09-05T22:28:48.000Z,Q3
all_weight_entries,Thundergod2007/vipragsent-experiment-artifacts-overflow-016,model,campaigns/vipragsent-v8-local-mig2g20gb/q3_vipragsent_full_vistral_512_20260523/checkpoints/best/model.pt,4350190581,0a83e72c303d3b1fae4c99f89e66274759db9dbd,0f4d61988bdf8f53f863d262b100ce3133c17f59112e956cae0504338798c0f4,4350190581,135,548c9b0754eac44f24124c2d3949c1bfc737141b5983875afb673bbcbf80842f,54f0b5fdd0bae792b5728dfa521514dadfdba9d8,2026-09-05T22:41:32.000Z,Q3
all_weight_entries,Thundergod2007/vipragsent-experiment-artifacts-overflow-016,model,campaigns/vipragsent-v8-local-mig2g20gb/q3_vipragsent_full_vistral_512_20260523/checkpoints/latest/model.pt,4350190709,eee23d00b070b41c6367d598f31ee60728a823a2,7c44c58646cca08bd36e8ceac280d8aa4dae9d4af192c94dd8fefee76f9f9d43,4350190709,135,5e136e7671cda1010c87d8314ae5d06a6b83fb72e626c43ee0ee4ee0f8ffb25d,ccaa912aaecd2d931bb95c5594e12456c6eb405f,2026-09-05T22:41:47.000Z,Q3
all_weight_entries,Thundergod2007/vipragsent-experiment-artifacts-overflow-017,model,campaigns/vipragsent-v7-6693e7e9eef08ef1/SHARD_GPU40_7B_INTEGRATION/q1a_vipragsent_full_vistral_20260521/_engine_checkpoints/model/epoch_001.pt,4350190389,b224c1888481a4e64d9c53261c827c8459c5a76c,f90c410e4bcd7e545e330c87aa53585ab4e8b06115384c2d50d6840bb886b804,4350190389,135,1ec8b97026dfd38505dee4ec2407b5170002a303eb0606c840970eda5772d951,9f2fd86925c887642edf012f76c3cd2bd5b29fef,2026-08-29T23:50:08.000Z,Q1a
all_weight_entries,Thundergod2007/vipragsent-experiment-artifacts-overflow-017,model,campaigns/vipragsent-v7-6693e7e9eef08ef1/SHARD_GPU40_7B_INTEGRATION/q1a_vipragsent_full_vistral_20260521/_engine_checkpoints/model/epoch_002.pt,4350190453,cd792f7a8f4fe967046533163f97743b5484f52f,0d00b92acb28fc6ce1d86dfa0cd7f4fe7440855467d593a0f91d27fa3bd32b22,4350190453,135,ec090ed144591629df3304e35fd1ee2ee4b916c9dfeac872cb1092140aaf6e23,5dcbd5a83c16ee6fa6a40789ab9b969561d045b0,2026-08-29T23:52:10.000Z,Q1a
all_weight_entries,Thundergod2007/vipragsent-experiment-artifacts-overflow-017,model,campaigns/vipragsent-v7-6693e7e9eef08ef1/SHARD_GPU40_7B_INTEGRATION/q1a_vipragsent_full_vistral_20260521/_engine_checkpoints/model/epoch_003.pt,4350190581,a18437d6f76aa7b9a2ca6aaf6bd31fc0b1f0868c,0683232fbfea60aae19d01115186f82bf4f07c4f31967d02e71fe542bbb8b689,4350190581,135,ab0968e38d1096ac5e870bd07d6aa8cdc4278fe8d12ac1126f9fd76a4d687fba,1a06d5f711284c44bb714a24a7660f06db4c5227,2026-08-29T23:53:17.000Z,Q1a
all_weight_entries,Thundergod2007/vipragsent-experiment-artifacts-overflow-017,model,campaigns/vipragsent-v7-6693e7e9eef08ef1/SHARD_GPU40_7B_INTEGRATION/q1a_vipragsent_full_vistral_20260521/checkpoints/best/model.pt,4350190581,a18437d6f76aa7b9a2ca6aaf6bd31fc0b1f0868c,0683232fbfea60aae19d01115186f82bf4f07c4f31967d02e71fe542bbb8b689,4350190581,135,ab0968e38d1096ac5e870bd07d6aa8cdc4278fe8d12ac1126f9fd76a4d687fba,ad31adbbeb9e2a2911b0923d57f6ff02ff6cdf8f,2026-08-29T23:54:24.000Z,Q1a
all_weight_entries,Thundergod2007/vipragsent-experiment-artifacts-overflow-017,model,campaigns/vipragsent-v7-6693e7e9eef08ef1/SHARD_GPU40_7B_INTEGRATION/q1a_vipragsent_full_vistral_20260521/checkpoints/latest/model.pt,4350190581,a18437d6f76aa7b9a2ca6aaf6bd31fc0b1f0868c,0683232fbfea60aae19d01115186f82bf4f07c4f31967d02e71fe542bbb8b689,4350190581,135,ab0968e38d1096ac5e870bd07d6aa8cdc4278fe8d12ac1126f9fd76a4d687fba,97e9edaf46299f4a8d35d48294707a8e99e8be26,2026-08-29T23:55:32.000Z,Q1a
all_weight_entries,Thundergod2007/vipragsent-experiment-artifacts-overflow-017,model,campaigns/vipragsent-v7-6693e7e9eef08ef1/SHARD_GPU40_7B_INTEGRATION/q1a_vipragsent_full_vistral_20260522/_engine_checkpoints/model/best.pt,4350190517,3eb0a0c447faf3a148d2a18a26c3c8fb38885500,99fb6f18442fd39eee537f60fb7816d4790b3beaab5574c2bec119e9db43f808,4350190517,135,3a7472e34c7045d81a32aa2c5999422b1e68bd6f072ccf4a1ca11bdad6ec3acc,76776b595997f3044f5c8d6ba608f9281a82ef75,2026-08-29T21:44:57.000Z,Q1a
all_weight_entries,Thundergod2007/vipragsent-experiment-artifacts-overflow-017,model,campaigns/vipragsent-v7-6693e7e9eef08ef1/SHARD_GPU40_7B_INTEGRATION/q1a_vipragsent_full_vistral_20260522/_engine_checkpoints/model/epoch_001.pt,4350190517,3eb0a0c447faf3a148d2a18a26c3c8fb38885500,99fb6f18442fd39eee537f60fb7816d4790b3beaab5574c2bec119e9db43f808,4350190517,135,3a7472e34c7045d81a32aa2c5999422b1e68bd6f072ccf4a1ca11bdad6ec3acc,259337034691f88a9fe19027b6de75025a762a8d,2026-08-29T21:48:16.000Z,Q1a
all_weight_entries,Thundergod2007/vipragsent-experiment-artifacts-overflow-017,model,campaigns/vipragsent-v7-6693e7e9eef08ef1/SHARD_GPU40_7B_INTEGRATION/q1a_vipragsent_full_vistral_20260522/_engine_checkpoints/model/epoch_002.pt,4350190581,cdf0e33ea0e0093b3e4394020ce8b4363dd8c7ed,45a3929b9137a828760cfbe3256d11bb3752efbb7f2f67a667e1e3cdb0f3c76f,4350190581,135,f6fc7e85307096f5d7e78cafc37ee738a52cdbc560556dac713124eea06f6cba,6f9ee7faf72742da0bc99177c1dbbbb29dce9225,2026-08-29T21:49:31.000Z,Q1a
all_weight_entries,Thundergod2007/vipragsent-experiment-artifacts-overflow-017,model,campaigns/vipragsent-v7-6693e7e9eef08ef1/SHARD_GPU40_7B_INTEGRATION/q1a_vipragsent_full_vistral_20260522/_engine_checkpoints/model/epoch_003.pt,4350190709,a9251507c52708498d012688cdf5ebce9cc669bb,874680e9da364c194a81acd2869925cd6a21ee0022037b82da3aa2ae31bff334,4350190709,135,bf1a1e6161f407cf52c2ffa3bca6c0bf1db6ad1206d7fbe33e1079d57b310895,4733c9e4c32fe503d57e4a82daf6ce4619916910,2026-08-29T21:50:36.000Z,Q1a
all_weight_entries,Thundergod2007/vipragsent-experiment-artifacts-overflow-017,model,campaigns/vipragsent-v7-6693e7e9eef08ef1/SHARD_GPU40_7B_INTEGRATION/q1a_vipragsent_full_vistral_20260522/checkpoints/best/model.pt,4350190709,a9251507c52708498d012688cdf5ebce9cc669bb,874680e9da364c194a81acd2869925cd6a21ee0022037b82da3aa2ae31bff334,4350190709,135,bf1a1e6161f407cf52c2ffa3bca6c0bf1db6ad1206d7fbe33e1079d57b310895,d5a8d01a302b08fbe0d60cde51f41f8680c8afb2,2026-08-29T21:51:38.000Z,Q1a
all_weight_entries,Thundergod2007/vipragsent-experiment-artifacts-overflow-017,model,campaigns/vipragsent-v7-6693e7e9eef08ef1/SHARD_GPU40_7B_INTEGRATION/q1a_vipragsent_full_vistral_20260522/checkpoints/latest/model.pt,4350190709,a9251507c52708498d012688cdf5ebce9cc669bb,874680e9da364c194a81acd2869925cd6a21ee0022037b82da3aa2ae31bff334,4350190709,135,bf1a1e6161f407cf52c2ffa3bca6c0bf1db6ad1206d7fbe33e1079d57b310895,27533d37edf765c337efec000a412140caa9ea67,2026-08-29T21:52:38.000Z,Q1a
all_weight_entries,Thundergod2007/vipragsent-experiment-artifacts-overflow-017,model,campaigns/vipragsent-v8-local-mig2g20gb/q3_vipragsent_full_vistral_512_20260521/_engine_checkpoints/model/best.pt,4350190581,afbc45795d547b0accce3c058631eb16bb240f4f,59895b97496cc522052dfb1f362949503c82153ebb0dfcefb1e7c19457a297de,4350190581,135,f384e59112e0b8c61675dc6759423051bc9fd412216e482656a650c2c2d6b2da,44ea92b10a47a9d9abd1819237093dd3a0c9ca5a,2026-09-05T18:40:43.000Z,Q3
all_weight_entries,Thundergod2007/vipragsent-experiment-artifacts-overflow-017,model,campaigns/vipragsent-v8-local-mig2g20gb/q3_vipragsent_full_vistral_512_20260521/_engine_checkpoints/model/epoch_001.pt,4350190389,d891cf651dd44ca0a951af4d823808f7ae0ff826,4f5097bdab01393a196e8575d5545ce31f727de8882bd4bdc5713c53003a4fdd,4350190389,135,72bf23e5a4487036cb47e62edfd0b4bd321dd1f99f824ef7898cfc81f5f864d6,3158150380f5a5ef6a13ba5f3808931624b82848,2026-09-05T17:36:53.000Z,Q3
all_weight_entries,Thundergod2007/vipragsent-experiment-artifacts-overflow-017,model,campaigns/vipragsent-v8-local-mig2g20gb/q3_vipragsent_full_vistral_512_20260521/_engine_checkpoints/model/epoch_002.pt,4350190453,fb4b8a37f79716645b307a68f7a5830c225f6b4d,ab6c3d2becc86898feecfee9e60e2abf033854c45d88fa515aa10b649c6e0cff,4350190453,135,b8358e145341dd2a10bcbd49f79b9dd50565e155c2c9f8fee828acf9c4c06582,6adeaecb6001862db306a04edee3bc1188f45a34,2026-09-05T18:08:33.000Z,Q3
all_weight_entries,Thundergod2007/vipragsent-experiment-artifacts-overflow-017,model,campaigns/vipragsent-v8-local-mig2g20gb/q3_vipragsent_full_vistral_512_20260521/_engine_checkpoints/model/epoch_003.pt,4350190581,afbc45795d547b0accce3c058631eb16bb240f4f,59895b97496cc522052dfb1f362949503c82153ebb0dfcefb1e7c19457a297de,4350190581,135,f384e59112e0b8c61675dc6759423051bc9fd412216e482656a650c2c2d6b2da,cebc449210323930d3b78710cb4345ac582159c5,2026-09-05T18:41:07.000Z,Q3
all_weight_entries,Thundergod2007/vipragsent-experiment-artifacts-overflow-017,model,campaigns/vipragsent-v8-local-mig2g20gb/q3_vipragsent_full_vistral_512_20260521/checkpoints/best/model.pt,4350190581,afbc45795d547b0accce3c058631eb16bb240f4f,59895b97496cc522052dfb1f362949503c82153ebb0dfcefb1e7c19457a297de,4350190581,135,f384e59112e0b8c61675dc6759423051bc9fd412216e482656a650c2c2d6b2da,eefd3a7709aec52e3936758dbf98241cbf8ce25d,2026-09-05T18:50:42.000Z,Q3
all_weight_entries,Thundergod2007/vipragsent-experiment-artifacts-overflow-017,model,campaigns/vipragsent-v8-local-mig2g20gb/q3_vipragsent_full_vistral_512_20260521/checkpoints/latest/model.pt,4350190581,afbc45795d547b0accce3c058631eb16bb240f4f,59895b97496cc522052dfb1f362949503c82153ebb0dfcefb1e7c19457a297de,4350190581,135,f384e59112e0b8c61675dc6759423051bc9fd412216e482656a650c2c2d6b2da,d11fe7ed9ef4ed54397e8352a96b1fdadab84f67,2026-09-05T18:51:24.000Z,Q3
all_weight_entries,Thundergod2007/vipragsent-experiment-artifacts-overflow-017,model,campaigns/vipragsent-xlmr-q1b-q4-followup-v1/xlmr_followup_q4_full_20260521/source/best_model.pt,7098835498,550ad0245845ac75ff3bb12e5dab9d67c7bd83e6,afb6cb6db2fd8e7f78e07b01c0300c348baf7a036351b97bd0c8ad22b4d28845,7098835498,135,0699cd8850585314f1d73e47d8e7233fb47957f72cc5a9193cc7ab44d2c543fe,1f020a392ed72868d4d0da82b7c6f65d4b9a1739,2026-09-13T16:01:17.000Z,Q4
all_weight_entries,Thundergod2007/vipragsent-experiment-artifacts-overflow-017,model,campaigns/vipragsent-xlmr-q1b-q4-followup-v1/xlmr_followup_q4_full_20260522/source/best_model.pt,7098835626,1024d1a08cde7c0361ed19c3e80676c130395cad,8217f4f6c5850456e3394c75b74df30fb46b39628183e4e1cf5629019ed223b9,7098835626,135,d81f3f70cb14d39e1651103af45f0dbba41d69766766c456be1810f606a3d43c,3a3a508105533b8cbd2ecb81ed767ab0ad08b244,2026-09-14T21:37:05.000Z,Q4
all_weight_entries,Thundergod2007/vipragsent-experiment-artifacts-overflow-018,model,campaigns/vipragsent-v8-local-mig2g20gb/q3_vipragsent_full_vistral_128_20260522/_engine_checkpoints/model/epoch_003.pt,4350190709,5f5392b0cc5e26af83e7be0a175b569d3676eb13,9d63d2d77fbfe3651d2cdd5bb1cbd276590daf84dc59c884b8f996273f337ed4,4350190709,135,ffd015fd995a23b669361a35b54e75153c8f5be15c843f22727acc00c63d400b,abca83e689e33aa5cfdf0f9551680a178f444a80,2026-09-05T15:14:09.000Z,Q3
all_weight_entries,Thundergod2007/vipragsent-experiment-artifacts-overflow-018,model,campaigns/vipragsent-v8-local-mig2g20gb/q3_vipragsent_full_vistral_128_20260522/checkpoints/best/model.pt,4350190581,6cb5a91d5ca943d6f7f852e735fc62f364c2b231,7d6a365ab8f7536422cc0d3a6066c9acd4b48dbaea17d5943570aa3aa19a9862,4350190581,135,376c25890826a83f1acc53d1fd910a16981d30356ba5f8946f9c3b64f0a4f992,b7bf02428c563eae856c795efd17a84a0c708d3b,2026-09-05T15:15:05.000Z,Q3
all_weight_entries,Thundergod2007/vipragsent-experiment-artifacts-overflow-018,model,campaigns/vipragsent-v8-local-mig2g20gb/q3_vipragsent_full_vistral_128_20260522/checkpoints/latest/model.pt,4350190709,5f5392b0cc5e26af83e7be0a175b569d3676eb13,9d63d2d77fbfe3651d2cdd5bb1cbd276590daf84dc59c884b8f996273f337ed4,4350190709,135,ffd015fd995a23b669361a35b54e75153c8f5be15c843f22727acc00c63d400b,a9429630fc2c3081f9c9d5fb49b0fb6d6d852f19,2026-09-05T15:15:29.000Z,Q3
all_weight_entries,Thundergod2007/vipragsent-experiment-artifacts-overflow-018,model,campaigns/vipragsent-xlmr-q1b-q4-followup-v1/xlmr_followup_q2_no_multitask_20260521/components/code_switching/checkpoints/best/model.pt,6706545694,b74d905d2d7cf493265b88b1ae4485bdaba01f17,0c618f14a6703e89a8f9c35fc68ad1934a3b3598fac5bdd17d4d59eb3f8aea98,6706545694,135,3b815cf7fe62fa5ef5981b412872e71ed38f515134ac1fdd9370600d998baab2,18ebcbf3a98cfbdf773f80e64c500f8118677644,2026-09-13T11:51:39.000Z,Q2
all_weight_entries,Thundergod2007/vipragsent-experiment-artifacts-overflow-018,model,campaigns/vipragsent-xlmr-q1b-q4-followup-v1/xlmr_followup_q2_no_multitask_20260521/components/code_switching/checkpoints/latest/model.pt,6706593568,a951a4e6090d45c8c261e3b2b43a190864c0b1cc,fc5eeb04c0dbcd3ef6a099db66211a715c972bebf866e5b92ac904e43b69c96c,6706593568,135,e3962878ef591b10ce3e346aa870aaff3fbefc0eaedd9c3f82adcef8d8e82089,9c9388404f0cb3fe14149783bea2ffc746f7d9d8,2026-09-13T11:52:04.000Z,Q2
all_weight_entries,Thundergod2007/vipragsent-experiment-artifacts-overflow-018,model,campaigns/vipragsent-xlmr-q1b-q4-followup-v1/xlmr_followup_q2_no_multitask_20260521/components/code_switching/engine_checkpoints/best.pt,6706545694,b74d905d2d7cf493265b88b1ae4485bdaba01f17,0c618f14a6703e89a8f9c35fc68ad1934a3b3598fac5bdd17d4d59eb3f8aea98,6706545694,135,3b815cf7fe62fa5ef5981b412872e71ed38f515134ac1fdd9370600d998baab2,a719a533e4d23e253244e6326cc42c8b9955d9f4,2026-09-13T11:34:18.000Z,Q2
all_weight_entries,Thundergod2007/vipragsent-experiment-artifacts-overflow-018,model,campaigns/vipragsent-xlmr-q1b-q4-followup-v1/xlmr_followup_q2_no_multitask_20260521/components/code_switching/engine_checkpoints/latest.pt,6706593568,a951a4e6090d45c8c261e3b2b43a190864c0b1cc,fc5eeb04c0dbcd3ef6a099db66211a715c972bebf866e5b92ac904e43b69c96c,6706593568,135,e3962878ef591b10ce3e346aa870aaff3fbefc0eaedd9c3f82adcef8d8e82089,b9a53444e2ea656e316c56eb1f2b5706594ef82f,2026-09-13T11:48:50.000Z,Q2
all_weight_entries,Thundergod2007/vipragsent-experiment-artifacts-overflow-018,model,campaigns/vipragsent-xlmr-q1b-q4-followup-v1/xlmr_followup_q2_no_multitask_20260521/components/emotion/checkpoints/best/model.pt,6706619422,bb1712823bb0102b6967108f1f12d72411e135a7,f5809f0e1f21513f7b1fb310b298620b3d26f0406dedc8eb1baf1060591070be,6706619422,135,effde9858ebd3a324f4df9bfbb5345f445ca80f19d40d0debeb57e7ee175623e,a778a192be0eafa46669b01cd001f5c1a1ee6d25,2026-09-13T12:56:32.000Z,Q2
all_weight_entries,Thundergod2007/vipragsent-experiment-artifacts-overflow-018,model,campaigns/vipragsent-xlmr-q1b-q4-followup-v1/xlmr_followup_q2_no_multitask_20260521/components/emotion/checkpoints/latest/model.pt,6706667296,0e8a82e0f661068c620739f3afa5aa735ea1f54e,210949bbbdaaf1990bfe96afd24cfc897b5809cf67b683a6b21229bd4b7cdaf6,6706667296,135,2f54f96ec05b1219d25559bdfb9d1b2fd249284e894fc17cb3add31dfc7012df,a778a192be0eafa46669b01cd001f5c1a1ee6d25,2026-09-13T12:56:32.000Z,Q2
all_weight_entries,Thundergod2007/vipragsent-experiment-artifacts-overflow-018,model,campaigns/vipragsent-xlmr-q1b-q4-followup-v1/xlmr_followup_q2_no_multitask_20260521/components/idiom_figurative/checkpoints/best/model.pt,6706545694,932e4bb56987cd86445a075b38f73171c424897e,9ee654c042d479987b1c57262d0e3e80c40611d4a0100772905313847b80f27f,6706545694,135,0a9456af6c9b9b094b2f9cccc7bc3feb060d6166ba2babae2e540d0d2045c1e4,88d57605b168447fc69c6cf80fd2d3576fad1c8f,2026-09-13T11:43:07.000Z,Q2
all_weight_entries,Thundergod2007/vipragsent-experiment-artifacts-overflow-018,model,campaigns/vipragsent-xlmr-q1b-q4-followup-v1/xlmr_followup_q2_no_multitask_20260521/components/idiom_figurative/checkpoints/latest/model.pt,6706593568,8ce5654daa4cc046bb8ff5be289f5d0a5081012b,6fbc7bc09ef02b02bbe3ebe56d4c9d81fdf32c1611ad0fe3cab0c0c540ae023f,6706593568,135,77b20131338f3b9c9af98d539a0f7d52a59498ea23859e0d5fc803c5d75e9263,a54f65d561e33a4c278c64cb8dbc4481d7ae4716,2026-09-13T11:44:14.000Z,Q2
all_weight_entries,Thundergod2007/vipragsent-experiment-artifacts-overflow-018,model,campaigns/vipragsent-xlmr-q1b-q4-followup-v1/xlmr_followup_q2_no_multitask_20260521/components/idiom_figurative/engine_checkpoints/best.pt,6706545694,932e4bb56987cd86445a075b38f73171c424897e,9ee654c042d479987b1c57262d0e3e80c40611d4a0100772905313847b80f27f,6706545694,135,0a9456af6c9b9b094b2f9cccc7bc3feb060d6166ba2babae2e540d0d2045c1e4,75bbc81e05945b2670f6eaa57e0f8a6c93518112,2026-09-13T11:13:55.000Z,Q2
all_weight_entries,Thundergod2007/vipragsent-experiment-artifacts-overflow-018,model,campaigns/vipragsent-xlmr-q1b-q4-followup-v1/xlmr_followup_q2_no_multitask_20260521/components/idiom_figurative/engine_checkpoints/latest.pt,6706593568,8ce5654daa4cc046bb8ff5be289f5d0a5081012b,6fbc7bc09ef02b02bbe3ebe56d4c9d81fdf32c1611ad0fe3cab0c0c540ae023f,6706593568,135,77b20131338f3b9c9af98d539a0f7d52a59498ea23859e0d5fc803c5d75e9263,5a5d9b1c0d775a0c6770f02f63f2c90e2e2b2a67,2026-09-13T11:46:50.000Z,Q2
all_weight_entries,Thundergod2007/vipragsent-experiment-artifacts-overflow-018,model,campaigns/vipragsent-xlmr-q1b-q4-followup-v1/xlmr_followup_q2_no_multitask_20260521/components/implicit_sentiment/checkpoints/best/model.pt,6706545694,9e78b677bfabbce9f2564929f818a31dcba59fc9,ee6e11022651aaefb9a92443eb678fc7420d14fced139de488dda44687fc1941,6706545694,135,09b88034f79be064fef09dabd7e79d3ca4c2ee938ff49d836b081a83d4ec2841,6ee9cf780b83eecc0c1695540813bf14a90f517c,2026-09-13T10:53:58.000Z,Q2
all_weight_entries,Thundergod2007/vipragsent-experiment-artifacts-overflow-018,model,campaigns/vipragsent-xlmr-q1b-q4-followup-v1/xlmr_followup_q2_no_multitask_20260521/components/implicit_sentiment/checkpoints/latest/model.pt,6706593568,e27fb59998a960486998721dc1f2cccdb735d249,bb1bd7c38dc9f004c2f4f2193fb5d3ca6c4274fd6fb28b4cf428a558fc9e8d4a,6706593568,135,7e95ae61a8320b4ee1dba0a02e78172e3286d0aea20f9a5beb41347fd704a8e6,dd2e825c0e7b43b2a38b62edcb6b36b13e97f915,2026-09-13T10:54:58.000Z,Q2
all_weight_entries,Thundergod2007/vipragsent-experiment-artifacts-overflow-018,model,campaigns/vipragsent-xlmr-q1b-q4-followup-v1/xlmr_followup_q2_no_multitask_20260521/components/implicit_sentiment/engine_checkpoints/best.pt,6706545694,9e78b677bfabbce9f2564929f818a31dcba59fc9,ee6e11022651aaefb9a92443eb678fc7420d14fced139de488dda44687fc1941,6706545694,135,09b88034f79be064fef09dabd7e79d3ca4c2ee938ff49d836b081a83d4ec2841,74cc5dee61781a046661ba2b88e4ef33a1191a55,2026-09-13T11:01:43.000Z,Q2
all_weight_entries,Thundergod2007/vipragsent-experiment-artifacts-overflow-018,model,campaigns/vipragsent-xlmr-q1b-q4-followup-v1/xlmr_followup_q2_no_multitask_20260521/components/implicit_sentiment/engine_checkpoints/latest.pt,6706593568,e27fb59998a960486998721dc1f2cccdb735d249,bb1bd7c38dc9f004c2f4f2193fb5d3ca6c4274fd6fb28b4cf428a558fc9e8d4a,6706593568,135,7e95ae61a8320b4ee1dba0a02e78172e3286d0aea20f9a5beb41347fd704a8e6,e654771579ddfeb1b2c3cd476a3963ff504edbc3,2026-09-13T11:04:10.000Z,Q2
all_weight_entries,Thundergod2007/vipragsent-experiment-artifacts-overflow-018,model,campaigns/vipragsent-xlmr-q1b-q4-followup-v1/xlmr_followup_q2_no_multitask_20260521/components/irony/checkpoints/best/model.pt,6706545694,d97ca6d0a2566186d674be047a40b0f93910bc57,45e1d6cb26862147a83713dcc1e618692f3872f20f765c09f80f7f8050be4026,6706545694,135,55447840c40e52b12efb3379d9e90c21917eba6f8b42a9fca00616e5df39d75d,88976b149064febc27b1ec8c945500f6a3faeb1f,2026-09-13T11:22:04.000Z,Q2
all_weight_entries,Thundergod2007/vipragsent-experiment-artifacts-overflow-018,model,campaigns/vipragsent-xlmr-q1b-q4-followup-v1/xlmr_followup_q2_no_multitask_20260521/components/irony/checkpoints/latest/model.pt,6706593568,27d697bbadafaf587bd8d22e5eb4afa6022de4d1,08585970a4ac3c9d7d74fecd6f1d135e75c9ef0eb162df75aff3fa3f56a5dde3,6706593568,135,4fb65069cf8e1d60c5c15823d1478baadc9aff17693887a28650f5d18b73b48d,70a96b5bb847e0f492d23b0fa219bbaafe21ccb1,2026-09-13T11:23:05.000Z,Q2
all_weight_entries,Thundergod2007/vipragsent-experiment-artifacts-overflow-018,model,campaigns/vipragsent-xlmr-q1b-q4-followup-v1/xlmr_followup_q2_no_multitask_20260521/components/irony/engine_checkpoints/best.pt,6706545694,d97ca6d0a2566186d674be047a40b0f93910bc57,45e1d6cb26862147a83713dcc1e618692f3872f20f765c09f80f7f8050be4026,6706545694,135,55447840c40e52b12efb3379d9e90c21917eba6f8b42a9fca00616e5df39d75d,9ab05a446ec9a6e3e057c69c9d2b6953ff5776d5,2026-09-13T11:06:41.000Z,Q2
all_weight_entries,Thundergod2007/vipragsent-experiment-artifacts-overflow-018,model,campaigns/vipragsent-xlmr-q1b-q4-followup-v1/xlmr_followup_q2_no_multitask_20260521/components/irony/engine_checkpoints/latest.pt,6706593568,27d697bbadafaf587bd8d22e5eb4afa6022de4d1,08585970a4ac3c9d7d74fecd6f1d135e75c9ef0eb162df75aff3fa3f56a5dde3,6706593568,135,4fb65069cf8e1d60c5c15823d1478baadc9aff17693887a28650f5d18b73b48d,5c6e6a085a6c011f31de43c601778ae8d8963145,2026-09-13T11:25:42.000Z,Q2
all_weight_entries,Thundergod2007/vipragsent-experiment-artifacts-overflow-018,model,campaigns/vipragsent-xlmr-q1b-q4-followup-v1/xlmr_followup_q2_no_multitask_20260521/components/mocking/checkpoints/best/model.pt,6706545694,652325ebd0442426a0305fe430cb363e80ace37e,5cb04ad204234f34759de2978588c943510ea02b940361d2fd77e880dabe27df,6706545694,135,53aa40d0b374333b4cea2d047d376b1aff23516a126d0d91ca3427f69a57f24f,a778a192be0eafa46669b01cd001f5c1a1ee6d25,2026-09-13T12:56:32.000Z,Q2
all_weight_entries,Thundergod2007/vipragsent-experiment-artifacts-overflow-018,model,campaigns/vipragsent-xlmr-q1b-q4-followup-v1/xlmr_followup_q2_no_multitask_20260521/components/mocking/checkpoints/latest/model.pt,6706593568,c428aabd64459fb0d27b76317f0ff4da3fc90b17,3308e2295424c7989b598de735201adb7d705292755e2c3ba1d9c63fa8e402eb,6706593568,135,3469bdb90f38b358a25d3752bb4a2f51aa88a8d100175eda63f48d961e5ab486,a778a192be0eafa46669b01cd001f5c1a1ee6d25,2026-09-13T12:56:32.000Z,Q2
all_weight_entries,Thundergod2007/vipragsent-experiment-artifacts-overflow-018,model,campaigns/vipragsent-xlmr-q1b-q4-followup-v1/xlmr_followup_q2_no_multitask_20260521/components/polarity/checkpoints/best/model.pt,6706570270,a66520f708f46805897ae9abdc93ab026af3a8ed,a7467194e8637341212e157aee1f3877c9fe73dc5451f8921a0a8e2ca96026d6,6706570270,135,f101c766a884bba8050f3a512e3339012d49d3de9f0a868ea9eac93970351994,a778a192be0eafa46669b01cd001f5c1a1ee6d25,2026-09-13T12:56:32.000Z,Q2
all_weight_entries,Thundergod2007/vipragsent-experiment-artifacts-overflow-018,model,campaigns/vipragsent-xlmr-q1b-q4-followup-v1/xlmr_followup_q2_no_multitask_20260521/components/polarity/checkpoints/latest/model.pt,6706618144,f15013059b8fc79baaa1864b069ff8209fa604fe,4b2c4bfed029056a1f5312a73ad2e33cb9ec96689a11ac3050ce4ae518362e9e,6706618144,135,825368830040b005705e1fb30f1c41afe048f83423cd9bfebc590d7b85277735,a778a192be0eafa46669b01cd001f5c1a1ee6d25,2026-09-13T12:56:32.000Z,Q2
all_weight_entries,Thundergod2007/vipragsent-experiment-artifacts-overflow-018,model,campaigns/vipragsent-xlmr-q1b-q4-followup-v1/xlmr_followup_q2_no_multitask_20260521/components/sarcasm/checkpoints/best/model.pt,6706545694,d18499820b70c897b9bac5021e28b6c9b7305d11,19531a5dd31811177bca19cb30c92e868b53e8c8b7c84dd85d5fbebb3ea70bcb,6706545694,135,f913a49c727249d7d98c71366c5002cc14061071e778cbff4f81a67f6659225c,aecaf9949e4b0ba8992f9d92c692aa9d65395777,2026-09-13T11:07:50.000Z,Q2
all_weight_entries,Thundergod2007/vipragsent-experiment-artifacts-overflow-018,model,campaigns/vipragsent-xlmr-q1b-q4-followup-v1/xlmr_followup_q2_no_multitask_20260521/components/sarcasm/checkpoints/latest/model.pt,6706593568,a97614143d8a97c4389229d7668adb018b72cf40,5fb19ac180258af02e913d97e0d1a1673dad18d7fb872d9414e21d5e8689241d,6706593568,135,ff7018216ce0a05eaf73b68c30e3af3f9db51b2d9b8525c96807b12914f0097d,007d1af8807534bbed587d118f0a529c8dedf337,2026-09-13T11:08:56.000Z,Q2
all_weight_entries,Thundergod2007/vipragsent-experiment-artifacts-overflow-018,model,campaigns/vipragsent-xlmr-q1b-q4-followup-v1/xlmr_followup_q2_no_multitask_20260521/components/sarcasm/engine_checkpoints/best.pt,6706545694,d18499820b70c897b9bac5021e28b6c9b7305d11,19531a5dd31811177bca19cb30c92e868b53e8c8b7c84dd85d5fbebb3ea70bcb,6706545694,135,f913a49c727249d7d98c71366c5002cc14061071e778cbff4f81a67f6659225c,9f3381a5b3fc042db7b0804c6c9b6d2bbc0dbc1b,2026-09-13T11:09:26.000Z,Q2
all_weight_entries,Thundergod2007/vipragsent-experiment-artifacts-overflow-018,model,campaigns/vipragsent-xlmr-q1b-q4-followup-v1/xlmr_followup_q2_no_multitask_20260521/components/sarcasm/engine_checkpoints/latest.pt,6706593568,a97614143d8a97c4389229d7668adb018b72cf40,5fb19ac180258af02e913d97e0d1a1673dad18d7fb872d9414e21d5e8689241d,6706593568,135,ff7018216ce0a05eaf73b68c30e3af3f9db51b2d9b8525c96807b12914f0097d,29a469e586458d30b559aa8970cdcc854c616336,2026-09-13T11:11:55.000Z,Q2
all_weight_entries,Thundergod2007/vipragsent-experiment-artifacts-overflow-019,model,campaigns/vipragsent-v7-6693e7e9eef08ef1/SHARD_GPU40_7B_INTEGRATION/q1a_cot_only_vistral_clean_rerun_003__seed_20260523/checkpoints/epoch_0001/model.pt,4942858233,06d0fd0e305081f29a5be4f260233516b5850b66,94119b0da6060fb0786a87d64cb94697df65ab35e48ff8c20570faba95c9bb2f,4942858233,135,15f838f616751d57de59d3b93f2caa4f498ae929f5d7d26f0c0a6fda200de368,d3d6767ed3fb402b104053b3113256568726d906,2026-08-26T23:37:56.000Z,Q1a
all_weight_entries,Thundergod2007/vipragsent-experiment-artifacts-overflow-019,model,campaigns/vipragsent-v8-local-mig2g20gb/q3_vipragsent_full_vistral_512_20260522/_engine_checkpoints/model/best.pt,4350190581,251e089a18b8fcc29a1c09386e435ad963bc9bd7,43603a26cff2ffb48167357b4f3b9d128cb547a17c6bc2d0d3f4868a5eaf804b,4350190581,135,28e894cd629ce3cce5fb9365f3f1889eb57573e62b7585d4ef2b358afa9f1856,a97183bf842a32ddb7bffd3ffafd863092023765,2026-09-05T20:03:05.000Z,Q3
all_weight_entries,Thundergod2007/vipragsent-experiment-artifacts-overflow-019,model,campaigns/vipragsent-v8-local-mig2g20gb/q3_vipragsent_full_vistral_512_20260522/_engine_checkpoints/model/epoch_001.pt,4350190517,9920623b2136ee71599bc3f5656542c538096395,80e9bb94a2de2d85f40c03f241e341ea9849f7e6f39216e086bc7064d00383ff,4350190517,135,f4881ad6a7c429d66b73b3182a70fa28b2049894c73e3887e2910fc0e1fce436,f9e0be1ec9ddcd076764318238b5f8871e0e3473,2026-09-05T19:30:44.000Z,Q3
all_weight_entries,Thundergod2007/vipragsent-experiment-artifacts-overflow-019,model,campaigns/vipragsent-v8-local-mig2g20gb/q3_vipragsent_full_vistral_512_20260522/_engine_checkpoints/model/epoch_002.pt,4350190581,251e089a18b8fcc29a1c09386e435ad963bc9bd7,43603a26cff2ffb48167357b4f3b9d128cb547a17c6bc2d0d3f4868a5eaf804b,4350190581,135,28e894cd629ce3cce5fb9365f3f1889eb57573e62b7585d4ef2b358afa9f1856,216e4fabdd442625e7bb1525a7ffd01722e2ae9e,2026-09-05T20:03:38.000Z,Q3
all_weight_entries,Thundergod2007/vipragsent-experiment-artifacts-overflow-019,model,campaigns/vipragsent-v8-local-mig2g20gb/q3_vipragsent_full_vistral_512_20260522/_engine_checkpoints/model/epoch_003.pt,4350190709,c1f95bc902d44bbd26fe492121ef74238f068f68,15c3e38916280d21b49c0f4c0843320fe651312cf4cd4e3276e2f1c8fb692dc6,4350190709,135,2e4067f1e1bb70db8c4ce0af24ac0f3684f528302f98da961e01c9ee6a4d92e2,5df00003caccd8b59e953f30a9b5a04045442164,2026-09-05T20:35:05.000Z,Q3
all_weight_entries,Thundergod2007/vipragsent-experiment-artifacts-overflow-019,model,campaigns/vipragsent-v8-local-mig2g20gb/q3_vipragsent_full_vistral_512_20260522/checkpoints/best/model.pt,4350190581,251e089a18b8fcc29a1c09386e435ad963bc9bd7,43603a26cff2ffb48167357b4f3b9d128cb547a17c6bc2d0d3f4868a5eaf804b,4350190581,135,28e894cd629ce3cce5fb9365f3f1889eb57573e62b7585d4ef2b358afa9f1856,52ae5ce52245328377dac75938b6065cd445e251,2026-09-05T20:46:40.000Z,Q3
all_weight_entries,Thundergod2007/vipragsent-experiment-artifacts-overflow-019,model,campaigns/vipragsent-v8-local-mig2g20gb/q3_vipragsent_full_vistral_512_20260522/checkpoints/latest/model.pt,4350190709,c1f95bc902d44bbd26fe492121ef74238f068f68,15c3e38916280d21b49c0f4c0843320fe651312cf4cd4e3276e2f1c8fb692dc6,4350190709,135,2e4067f1e1bb70db8c4ce0af24ac0f3684f528302f98da961e01c9ee6a4d92e2,4218547bda8fd8f658564ac9d3f245ac3d2b628f,2026-09-05T20:46:56.000Z,Q3
all_weight_entries,Thundergod2007/vipragsent-experiment-artifacts-overflow-022,model,campaigns/vipragsent-v8-local-mig2g20gb/q3_vipragsent_full_vistral_128_20260521/_engine_checkpoints/model/best.pt,4350190453,327059821af805c65f55ba5415c1bbc48b629642,0e40e6a5f09557de2278adb914e93cbb0d9860110b863d964928b539a6c74dbb,4350190453,135,02d560881e2c4f2fbcd6520d46175a424988f0a5f6c4534f7fbd99c9cb1ca110,d2beb8b55d0ea22301ecec92896edeacc5f69d1d,2026-09-05T12:39:15.000Z,Q3
all_weight_entries,Thundergod2007/vipragsent-experiment-artifacts-overflow-022,model,campaigns/vipragsent-v8-local-mig2g20gb/q3_vipragsent_full_vistral_128_20260521/_engine_checkpoints/model/epoch_001.pt,4350190389,d397ad348060a4c75ac9cfda6f66b084a32e44d4,18c21a695dc9d21a3d93f4c84fe1c9c1dccd8b4241a2de16a513aeb6cf6154f3,4350190389,135,38b2f5092ee802991533f07b79ccc632691b328f99f42989ba685f52a42ff848,fcb98255a0b97d6ab189e8547c6657961da53443,2026-09-05T12:09:18.000Z,Q3
all_weight_entries,Thundergod2007/vipragsent-experiment-artifacts-overflow-022,model,campaigns/vipragsent-v8-local-mig2g20gb/q3_vipragsent_full_vistral_128_20260521/_engine_checkpoints/model/epoch_002.pt,4350190453,327059821af805c65f55ba5415c1bbc48b629642,0e40e6a5f09557de2278adb914e93cbb0d9860110b863d964928b539a6c74dbb,4350190453,135,02d560881e2c4f2fbcd6520d46175a424988f0a5f6c4534f7fbd99c9cb1ca110,daa6b03b3eba710914d644272d402a0fcc155de5,2026-09-05T12:39:27.000Z,Q3
all_weight_entries,Thundergod2007/vipragsent-experiment-artifacts-overflow-022,model,campaigns/vipragsent-v8-local-mig2g20gb/q3_vipragsent_full_vistral_128_20260521/_engine_checkpoints/model/epoch_003.pt,4350190581,9842280832900c9c7a8890cf3166c10267fdd537,73f7802fd1db09e341cb9bc1bc66827c5181342e5a5d401ebe02241ce838dbed,4350190581,135,e98ab4082e0f5cb2a00e55644ace801b3080c47a9fb97c11d3765fe6982d665e,24016d4ea6b4d75dd3db419e932c104aba6d6f5c,2026-09-05T13:11:32.000Z,Q3
all_weight_entries,Thundergod2007/vipragsent-experiment-artifacts-overflow-022,model,campaigns/vipragsent-v8-local-mig2g20gb/q3_vipragsent_full_vistral_128_20260521/checkpoints/best/model.pt,4350190453,327059821af805c65f55ba5415c1bbc48b629642,0e40e6a5f09557de2278adb914e93cbb0d9860110b863d964928b539a6c74dbb,4350190453,135,02d560881e2c4f2fbcd6520d46175a424988f0a5f6c4534f7fbd99c9cb1ca110,736649f8b7e09bcaa1fbc3e099224f8905cd0043,2026-09-05T13:23:31.000Z,Q3
all_weight_entries,Thundergod2007/vipragsent-experiment-artifacts-overflow-022,model,campaigns/vipragsent-v8-local-mig2g20gb/q3_vipragsent_full_vistral_128_20260521/checkpoints/latest/model.pt,4350190581,9842280832900c9c7a8890cf3166c10267fdd537,73f7802fd1db09e341cb9bc1bc66827c5181342e5a5d401ebe02241ce838dbed,4350190581,135,e98ab4082e0f5cb2a00e55644ace801b3080c47a9fb97c11d3765fe6982d665e,fb8300ea5325df7f34071ce85b790ca9be4577e7,2026-09-05T13:23:51.000Z,Q3
all_weight_entries,Thundergod2007/vipragsent-experiment-artifacts-overflow-022,model,campaigns/vipragsent-v8-local-mig2g20gb/q3_vipragsent_full_vistral_128_20260522/_engine_checkpoints/model/best.pt,4350190581,6cb5a91d5ca943d6f7f852e735fc62f364c2b231,7d6a365ab8f7536422cc0d3a6066c9acd4b48dbaea17d5943570aa3aa19a9862,4350190581,135,376c25890826a83f1acc53d1fd910a16981d30356ba5f8946f9c3b64f0a4f992,9992df8ce73852a89d6f5ce9d85bb2ed553e03a7,2026-09-05T14:27:53.000Z,Q3
all_weight_entries,Thundergod2007/vipragsent-experiment-artifacts-overflow-022,model,campaigns/vipragsent-v8-local-mig2g20gb/q3_vipragsent_full_vistral_128_20260522/_engine_checkpoints/model/epoch_001.pt,4350190517,e7bd3c641c867e3858c6d22fb0fdcf5f823ae69f,fe8c1b73f20db58299ddb0aaeb4f5717f2820965b57aea0dc875787a502c7b5e,4350190517,135,260e7d89181d656c27d6d42d1715974172b960896b3affdb8c56131492d102cb,ed8032b928d5b2b48b8a08efa8fd354b7747c49f,2026-09-05T13:59:52.000Z,Q3
all_weight_entries,Thundergod2007/vipragsent-experiment-artifacts-overflow-022,model,campaigns/vipragsent-v8-local-mig2g20gb/q3_vipragsent_full_vistral_128_20260522/_engine_checkpoints/model/epoch_002.pt,4350190581,6cb5a91d5ca943d6f7f852e735fc62f364c2b231,7d6a365ab8f7536422cc0d3a6066c9acd4b48dbaea17d5943570aa3aa19a9862,4350190581,135,376c25890826a83f1acc53d1fd910a16981d30356ba5f8946f9c3b64f0a4f992,3dbaba5ef4af46f3a3cafcf23b2f024b1d50eb83,2026-09-05T14:28:09.000Z,Q3
all_weight_entries,Thundergod2007/vipragsent-experiment-artifacts-overflow-022,model,campaigns/vipragsent-v8-local-mig2g20gb/q3_vipragsent_full_vistral_32_20260521/_engine_checkpoints/model/best.pt,4350190581,75cbcd5de4edabd061f55c7aca028b70ff1a0eb2,75a873a1a71ce2bf91f317aece21e06319ff110197faa4a7f5adf9b990b05544,4350190581,135,8ae9583ed5c8db31ad2075fccca22949d2581ae3e2f88e1d32d9283c9e088e08,cf40760a440e20883c279b670398d83d6fbf3a6a,2026-09-05T07:10:13.000Z,Q3
all_weight_entries,Thundergod2007/vipragsent-experiment-artifacts-overflow-022,model,campaigns/vipragsent-v8-local-mig2g20gb/q3_vipragsent_full_vistral_32_20260521/_engine_checkpoints/model/epoch_001.pt,4350190389,0bd62a8532c0eb0dcca5d9adc5e9154804b2012d,244568e0e58553e60a0bbf37d317e0b111b46cdff289aa1296374a6a6357e0c0,4350190389,135,1c00d0a20a375fabe9d90cbc8d447c3e70f8c08ee2b7fb4d347b3715966c467a,ed18be735d51ba997369346e8d208f15e3465d9d,2026-09-05T06:02:32.000Z,Q3
all_weight_entries,Thundergod2007/vipragsent-experiment-artifacts-overflow-022,model,campaigns/vipragsent-v8-local-mig2g20gb/q3_vipragsent_full_vistral_32_20260521/_engine_checkpoints/model/epoch_002.pt,4350190453,752a7b9a596da8027fdcdc5659288f6961261550,9263a0d66e906a0bbe71ca9bdb537618b38158a3cba658dc688ad965d01859bc,4350190453,135,84237cc42cbbd74e0e15fdb206b029f84c81b3bd046dd67465b1bd83aa23f07c,b7f28397b69dfd547077d2ffc373d3c532df3972,2026-09-05T06:37:15.000Z,Q3
all_weight_entries,Thundergod2007/vipragsent-experiment-artifacts-overflow-022,model,campaigns/vipragsent-v8-local-mig2g20gb/q3_vipragsent_full_vistral_32_20260521/_engine_checkpoints/model/epoch_003.pt,4350190581,75cbcd5de4edabd061f55c7aca028b70ff1a0eb2,75a873a1a71ce2bf91f317aece21e06319ff110197faa4a7f5adf9b990b05544,4350190581,135,8ae9583ed5c8db31ad2075fccca22949d2581ae3e2f88e1d32d9283c9e088e08,5750636fb9a72d6c492125a2d5108a9e31a9b71d,2026-09-05T07:10:41.000Z,Q3
all_weight_entries,Thundergod2007/vipragsent-experiment-artifacts-overflow-022,model,campaigns/vipragsent-v8-local-mig2g20gb/q3_vipragsent_full_vistral_32_20260521/checkpoints/best/model.pt,4350190581,75cbcd5de4edabd061f55c7aca028b70ff1a0eb2,75a873a1a71ce2bf91f317aece21e06319ff110197faa4a7f5adf9b990b05544,4350190581,135,8ae9583ed5c8db31ad2075fccca22949d2581ae3e2f88e1d32d9283c9e088e08,78edde14d463db970b565c89c8f2be9a65964ae5,2026-09-05T07:22:16.000Z,Q3
all_weight_entries,Thundergod2007/vipragsent-experiment-artifacts-overflow-022,model,campaigns/vipragsent-v8-local-mig2g20gb/q3_vipragsent_full_vistral_32_20260521/checkpoints/latest/model.pt,4350190581,75cbcd5de4edabd061f55c7aca028b70ff1a0eb2,75a873a1a71ce2bf91f317aece21e06319ff110197faa4a7f5adf9b990b05544,4350190581,135,8ae9583ed5c8db31ad2075fccca22949d2581ae3e2f88e1d32d9283c9e088e08,49713391c8b1b206f2c83e3229ed92437f901fd2,2026-09-05T07:22:56.000Z,Q3
all_weight_entries,Thundergod2007/vipragsent-experiment-artifacts-overflow-022,model,campaigns/vipragsent-v8-local-mig2g20gb/q3_vipragsent_full_vistral_32_20260522/_engine_checkpoints/model/best.pt,4350190581,091e28e537a802bd798d8a4ad303a9a09a816442,cfaffa1aa7b15e8ed20dd904ccf09dd7ea5c8f2f9af31f08de443ebd47783105,4350190581,135,fc6a0f839dfb00295dbd8e8ffe095efcd78fa05838c3d9518c315bda9250e8d7,a08329e5339361bba356341d80b2e378c0a47b49,2026-09-05T08:46:49.000Z,Q3
all_weight_entries,Thundergod2007/vipragsent-experiment-artifacts-overflow-022,model,campaigns/vipragsent-v8-local-mig2g20gb/q3_vipragsent_full_vistral_32_20260522/_engine_checkpoints/model/epoch_001.pt,4350190517,99514e7a4229ac7a9a3633f1611f9b71bca05b59,2afaab04b3fadbb899db3394c3df42dc556d352bdc7b1857f74c6802b49f0c3a,4350190517,135,b4df5f52ec45a535d3296f1a6348e6dd28045de5328e26afc5e0cfc14223b453,b827d359707063bae9f30c95e2f40369b32f837a,2026-09-05T08:10:53.000Z,Q3
all_weight_entries,Thundergod2007/vipragsent-experiment-artifacts-overflow-022,model,campaigns/vipragsent-v8-local-mig2g20gb/q3_vipragsent_full_vistral_32_20260522/_engine_checkpoints/model/epoch_002.pt,4350190581,091e28e537a802bd798d8a4ad303a9a09a816442,cfaffa1aa7b15e8ed20dd904ccf09dd7ea5c8f2f9af31f08de443ebd47783105,4350190581,135,fc6a0f839dfb00295dbd8e8ffe095efcd78fa05838c3d9518c315bda9250e8d7,4021c2ae8b09c64393395dc62ab99cda4bd5944b,2026-09-05T08:47:01.000Z,Q3
all_weight_entries,Thundergod2007/vipragsent-experiment-artifacts-overflow-022,model,campaigns/vipragsent-v8-local-mig2g20gb/q3_vipragsent_full_vistral_32_20260522/_engine_checkpoints/model/epoch_003.pt,4350190709,172b9e49fd581fd9572d930babec780b733cfe42,c991fac80803035912c4a9d143751549f737239d0bc86f7ea6f9bcf030245839,4350190709,135,6f97c5727a33a0637395d3ef90106740ae2a8b7ddd34e0f63447d4040c3a45c6,659b58a51c1ed8ee56aeb00bc0acaadf63447c86,2026-09-05T09:21:16.000Z,Q3
all_weight_entries,Thundergod2007/vipragsent-experiment-artifacts-overflow-022,model,campaigns/vipragsent-v8-local-mig2g20gb/q3_vipragsent_full_vistral_32_20260522/checkpoints/best/model.pt,4350190581,091e28e537a802bd798d8a4ad303a9a09a816442,cfaffa1aa7b15e8ed20dd904ccf09dd7ea5c8f2f9af31f08de443ebd47783105,4350190581,135,fc6a0f839dfb00295dbd8e8ffe095efcd78fa05838c3d9518c315bda9250e8d7,2d70d8be4af5615a54263f5a65ea3f8a7ad9f75b,2026-09-05T09:34:39.000Z,Q3
all_weight_entries,Thundergod2007/vipragsent-experiment-artifacts-overflow-022,model,campaigns/vipragsent-v8-local-mig2g20gb/q3_vipragsent_full_vistral_32_20260522/checkpoints/latest/model.pt,4350190709,172b9e49fd581fd9572d930babec780b733cfe42,c991fac80803035912c4a9d143751549f737239d0bc86f7ea6f9bcf030245839,4350190709,135,6f97c5727a33a0637395d3ef90106740ae2a8b7ddd34e0f63447d4040c3a45c6,0101c2b0216f124472aeb676dcf06e39e8019298,2026-09-05T09:35:16.000Z,Q3
all_weight_entries,Thundergod2007/vipragsent-experiment-artifacts-overflow-022,model,campaigns/vipragsent-v8-local-mig2g20gb/q3_vipragsent_full_vistral_32_20260523/_engine_checkpoints/model/best.pt,4350190581,ed1dd20829866ca17cc7f78b09c9609937c2ae9b,049319d1d6ab0941114190d93826c4df28efc11a07cb2658f142c5ef810e2b6f,4350190581,135,c17f3ed8b0a629b2bb817ce6934fd444d986ef00d0e393def694ae88486a2c00,5e3ab1f0136829ff8ecce3c0b0228463c8200b61,2026-09-05T10:41:58.000Z,Q3
all_weight_entries,Thundergod2007/vipragsent-experiment-artifacts-overflow-022,model,campaigns/vipragsent-v8-local-mig2g20gb/q3_vipragsent_full_vistral_32_20260523/_engine_checkpoints/model/epoch_001.pt,4350190517,3fadbbcda5ea72b9440d7f37edd8fa3f703d2cee,15801559be0aedde57d3517bb13b8cf6d0aa0271a57a6ba88ff9f2576ec83d3f,4350190517,135,6cc991c70899613b4ccea16b07e99350c54d89034b0cd0fc95db1b51e76b192f,be52e458003639cb98c2e9359c326e82e7e16199,2026-09-05T10:14:01.000Z,Q3
all_weight_entries,Thundergod2007/vipragsent-experiment-artifacts-overflow-022,model,campaigns/vipragsent-v8-local-mig2g20gb/q3_vipragsent_full_vistral_32_20260523/_engine_checkpoints/model/epoch_002.pt,4350190581,ed1dd20829866ca17cc7f78b09c9609937c2ae9b,049319d1d6ab0941114190d93826c4df28efc11a07cb2658f142c5ef810e2b6f,4350190581,135,c17f3ed8b0a629b2bb817ce6934fd444d986ef00d0e393def694ae88486a2c00,1ad8d4e4734b54ef319f3b6f32216a331bdf7b92,2026-09-05T10:42:27.000Z,Q3
all_weight_entries,Thundergod2007/vipragsent-experiment-artifacts-overflow-022,model,campaigns/vipragsent-v8-local-mig2g20gb/q3_vipragsent_full_vistral_32_20260523/_engine_checkpoints/model/epoch_003.pt,4350190709,f0da64fc62d73c3e28e4e043183b7d5006400194,f20e95b12648b810358111e6ea4f1bdce055324f3586ee69f6b838a86d185eba,4350190709,135,f494e3cbadab8790a13bd4d328d4716dbf4952aed2cb72a6696e006db99e7d85,fc269be16c97247af44214a6123a7d94888dde4a,2026-09-05T11:19:28.000Z,Q3
all_weight_entries,Thundergod2007/vipragsent-experiment-artifacts-overflow-022,model,campaigns/vipragsent-v8-local-mig2g20gb/q3_vipragsent_full_vistral_32_20260523/checkpoints/best/model.pt,4350190581,ed1dd20829866ca17cc7f78b09c9609937c2ae9b,049319d1d6ab0941114190d93826c4df28efc11a07cb2658f142c5ef810e2b6f,4350190581,135,c17f3ed8b0a629b2bb817ce6934fd444d986ef00d0e393def694ae88486a2c00,3453302db9865074bef0d64c5f7ad37e52ad4926,2026-09-05T11:31:25.000Z,Q3
all_weight_entries,Thundergod2007/vipragsent-experiment-artifacts-overflow-022,model,campaigns/vipragsent-v8-local-mig2g20gb/q3_vipragsent_full_vistral_32_20260523/checkpoints/latest/model.pt,4350190709,f0da64fc62d73c3e28e4e043183b7d5006400194,f20e95b12648b810358111e6ea4f1bdce055324f3586ee69f6b838a86d185eba,4350190709,135,f494e3cbadab8790a13bd4d328d4716dbf4952aed2cb72a6696e006db99e7d85,464a64cab763b9761a1adf80328bdd9601114d22,2026-09-05T11:32:06.000Z,Q3
all_weight_entries,Thundergod2007/vipragsent-experiment-artifacts-overflow-022,model,campaigns/vipragsent-v8-local-mig2g20gb/q3_vistral_pragmatic_sft_full_20260521/_engine_checkpoints/model/best.pt,4313875610,684c228d1131ed1ea672f771ec423e1576cdb63a,b6794eff45edd95ffada2befcbe178a0c84a277fcfe4ddf5156d79b27ff25572,4313875610,135,938b9fb5c3f7c4de46d105ba485ab2bd04e5604bb49a3e597ae2e248d6ae3a2b,ac31762865e5b79592c521ef2d6df4ff605fa1c2,2026-09-05T01:50:16.000Z,Q3
all_weight_entries,Thundergod2007/vipragsent-experiment-artifacts-overflow-022,model,campaigns/vipragsent-v8-local-mig2g20gb/q3_vistral_pragmatic_sft_full_20260521/_engine_checkpoints/model/epoch_001.pt,4313875482,cc3674ea1da6a37185beffb1bb5f3a2b362be3b9,4bca213cc2f3a3abed55f30892c0888440c48f27e027aa79eefab384842519f0,4313875482,135,20b4ed6a1cc7a3929c40aa2e75a0bf0842a0e939cd140ebb8ce7518df436cd8b,e00666bccf2badd142cffb5415d4a730e4acae4a,2026-09-05T01:26:56.000Z,Q3
all_weight_entries,Thundergod2007/vipragsent-experiment-artifacts-overflow-022,model,campaigns/vipragsent-v8-local-mig2g20gb/q3_vistral_pragmatic_sft_full_20260521/_engine_checkpoints/model/epoch_002.pt,4313875610,684c228d1131ed1ea672f771ec423e1576cdb63a,b6794eff45edd95ffada2befcbe178a0c84a277fcfe4ddf5156d79b27ff25572,4313875610,135,938b9fb5c3f7c4de46d105ba485ab2bd04e5604bb49a3e597ae2e248d6ae3a2b,97044f28e39bbb18cded5e175e0d757e4f2991c0,2026-09-05T01:50:27.000Z,Q3
all_weight_entries,Thundergod2007/vipragsent-experiment-artifacts-overflow-022,model,campaigns/vipragsent-v8-local-mig2g20gb/q3_vistral_pragmatic_sft_full_20260521/_engine_checkpoints/model/epoch_003.pt,4313875674,db3f740073fefc89aebb1dc72b2fece016eb33ba,96a70774c30bd70b1b7c66c26175f2305a77f143da80a42c1e2a057f2a6f70ca,4313875674,135,886ef5356540acce12362abb6a362255a27419c2a99de9200b88d587666bba80,413da7365e0105c042ea4add8179b35bc7954d83,2026-09-05T02:16:21.000Z,Q3
all_weight_entries,Thundergod2007/vipragsent-experiment-artifacts-overflow-022,model,campaigns/vipragsent-v8-local-mig2g20gb/q3_vistral_pragmatic_sft_full_20260521/checkpoints/best/model.pt,4313875610,684c228d1131ed1ea672f771ec423e1576cdb63a,b6794eff45edd95ffada2befcbe178a0c84a277fcfe4ddf5156d79b27ff25572,4313875610,135,938b9fb5c3f7c4de46d105ba485ab2bd04e5604bb49a3e597ae2e248d6ae3a2b,49d7c5d3a5539baa26f8c8518673baf9dd173f1f,2026-09-05T02:19:48.000Z,Q3
all_weight_entries,Thundergod2007/vipragsent-experiment-artifacts-overflow-022,model,campaigns/vipragsent-v8-local-mig2g20gb/q3_vistral_pragmatic_sft_full_20260521/checkpoints/latest/model.pt,4313875674,db3f740073fefc89aebb1dc72b2fece016eb33ba,96a70774c30bd70b1b7c66c26175f2305a77f143da80a42c1e2a057f2a6f70ca,4313875674,135,886ef5356540acce12362abb6a362255a27419c2a99de9200b88d587666bba80,1f2fbff27d8508fa8c73101882941b31fbdbf45a,2026-09-05T02:20:00.000Z,Q3
all_weight_entries,Thundergod2007/vipragsent-experiment-artifacts-overflow-022,model,campaigns/vipragsent-v8-local-mig2g20gb/q3_vistral_pragmatic_sft_full_20260522/_engine_checkpoints/model/best.pt,4313875674,ba047d6ecb7725184ef64b6802d908e227ffc9ab,daaec8f7bb1793d393440d3d757c8b793fb43686c30ce63373fc21511a4b68ef,4313875674,135,53ed14cf8ef66c548503dd7cc1a5f02a75863060347dfa904b139128c4f06e17,94d423d57a410cf9d1d26e7ec070c6e78780f302,2026-09-05T03:13:04.000Z,Q3
all_weight_entries,Thundergod2007/vipragsent-experiment-artifacts-overflow-022,model,campaigns/vipragsent-v8-local-mig2g20gb/q3_vistral_pragmatic_sft_full_20260522/_engine_checkpoints/model/epoch_001.pt,4313875610,13c1e83363067c974756c8c3feb2ef39fb8e360e,37f1d8a4ba9a1d4b84a18d2960af69aa85d0ab63342238d33040f83f9c62414c,4313875610,135,b8d9885242731e7055cdbc5d8fe1ad86f99e95526ef16f00e2e5017414f0338b,1081793932a98663893d26ddec02c287b18b17ab,2026-09-05T02:48:58.000Z,Q3
all_weight_entries,Thundergod2007/vipragsent-experiment-artifacts-overflow-022,model,campaigns/vipragsent-v8-local-mig2g20gb/q3_vistral_pragmatic_sft_full_20260522/_engine_checkpoints/model/epoch_002.pt,4313875674,ba047d6ecb7725184ef64b6802d908e227ffc9ab,daaec8f7bb1793d393440d3d757c8b793fb43686c30ce63373fc21511a4b68ef,4313875674,135,53ed14cf8ef66c548503dd7cc1a5f02a75863060347dfa904b139128c4f06e17,9cbe4a13e1a60115056d452c9ac2a602737d3fd1,2026-09-05T03:13:15.000Z,Q3
all_weight_entries,Thundergod2007/vipragsent-experiment-artifacts-overflow-022,model,campaigns/vipragsent-v8-local-mig2g20gb/q3_vistral_pragmatic_sft_full_20260522/_engine_checkpoints/model/epoch_003.pt,4313875802,b57251d2de0a5839b1afc5378c562bac6942473f,da138fd8ea13602a530e2ed45eba1b7472ea126fbdc00b175a96a7eef1d11ac3,4313875802,135,61305a5483246b14c350db7f597d2247943352de22b41ceae17b70a5e5af573b,0fbe452b9dbe199827fed8b83a4f36074ff8c94f,2026-09-05T03:37:05.000Z,Q3
all_weight_entries,Thundergod2007/vipragsent-experiment-artifacts-overflow-022,model,campaigns/vipragsent-v8-local-mig2g20gb/q3_vistral_pragmatic_sft_full_20260522/checkpoints/best/model.pt,4313875674,ba047d6ecb7725184ef64b6802d908e227ffc9ab,daaec8f7bb1793d393440d3d757c8b793fb43686c30ce63373fc21511a4b68ef,4313875674,135,53ed14cf8ef66c548503dd7cc1a5f02a75863060347dfa904b139128c4f06e17,81b4b3a0d58e8e40102f7cb3781e080195892d52,2026-09-05T03:41:02.000Z,Q3
all_weight_entries,Thundergod2007/vipragsent-experiment-artifacts-overflow-022,model,campaigns/vipragsent-v8-local-mig2g20gb/q3_vistral_pragmatic_sft_full_20260522/checkpoints/latest/model.pt,4313875802,b57251d2de0a5839b1afc5378c562bac6942473f,da138fd8ea13602a530e2ed45eba1b7472ea126fbdc00b175a96a7eef1d11ac3,4313875802,135,61305a5483246b14c350db7f597d2247943352de22b41ceae17b70a5e5af573b,ec3282ce3f417f78ddd63ae3ffdac33cec22aabe,2026-09-05T03:41:14.000Z,Q3
all_weight_entries,Thundergod2007/vipragsent-experiment-artifacts-overflow-022,model,campaigns/vipragsent-v8-local-mig2g20gb/q3_vistral_pragmatic_sft_full_20260523/_engine_checkpoints/model/best.pt,4313875738,1f8de40daa30b9a6ecc190f77173a4049bf35d05,7389536c0e32d3a79a3d648f915437cee929429a902e6c36aae551c3f5c5eb53,4313875738,135,cc87e0e99103bcefb8fd95674c5b1d7dfd66744f8ff9609e9b0ba0339fcb024d,ba75d1e64cffae4367737e1a9e765e7e15df8082,2026-09-05T04:36:10.000Z,Q3
all_weight_entries,Thundergod2007/vipragsent-experiment-artifacts-overflow-022,model,campaigns/vipragsent-v8-local-mig2g20gb/q3_vistral_pragmatic_sft_full_20260523/_engine_checkpoints/model/epoch_001.pt,4313875610,24e3fdbce37d2c959b3e2940eafba6306abb1371,3159b3661aff532b374896378c3947131920d6fe808f0452e6523a6271e32500,4313875610,135,d8a2cd2b49be7fdb87ef56d4bbd9423b43504fc23ef0208538e308d4388c5aa1,71910900108ed9f5b599d62413989dfa3e97fd4d,2026-09-05T04:11:18.000Z,Q3
all_weight_entries,Thundergod2007/vipragsent-experiment-artifacts-overflow-022,model,campaigns/vipragsent-v8-local-mig2g20gb/q3_vistral_pragmatic_sft_full_20260523/_engine_checkpoints/model/epoch_002.pt,4313875738,1f8de40daa30b9a6ecc190f77173a4049bf35d05,7389536c0e32d3a79a3d648f915437cee929429a902e6c36aae551c3f5c5eb53,4313875738,135,cc87e0e99103bcefb8fd95674c5b1d7dfd66744f8ff9609e9b0ba0339fcb024d,7847b33ba44a8b75d03a45e46c749b6b8d6d0e80,2026-09-05T04:36:21.000Z,Q3
all_weight_entries,Thundergod2007/vipragsent-experiment-artifacts-overflow-022,model,campaigns/vipragsent-v8-local-mig2g20gb/q3_vistral_pragmatic_sft_full_20260523/_engine_checkpoints/model/epoch_003.pt,4313875802,4f1a3e84be8a5786ee8f4378256e5fe1c55b0a0f,6ddd182350a318658df67b2935bd446dd35b6c45ceef0679be757e61c39d75c9,4313875802,135,29d06d6a34013300b0a4537b1563346f1ef516175c8bc18943d80ee7b5f838ef,35db7a387683d64b1624e047d70aabfb244853f7,2026-09-05T05:20:32.000Z,Q3
all_weight_entries,Thundergod2007/vipragsent-experiment-artifacts-overflow-022,model,campaigns/vipragsent-v8-local-mig2g20gb/q3_vistral_pragmatic_sft_full_20260523/checkpoints/best/model.pt,4313875738,1f8de40daa30b9a6ecc190f77173a4049bf35d05,7389536c0e32d3a79a3d648f915437cee929429a902e6c36aae551c3f5c5eb53,4313875738,135,cc87e0e99103bcefb8fd95674c5b1d7dfd66744f8ff9609e9b0ba0339fcb024d,2c0f0024b73a151cdc51cb80cb3ecf2daaa2ee7f,2026-09-05T05:25:12.000Z,Q3
all_weight_entries,Thundergod2007/vipragsent-experiment-artifacts-overflow-022,model,campaigns/vipragsent-v8-local-mig2g20gb/q3_vistral_pragmatic_sft_full_20260523/checkpoints/latest/model.pt,4313875802,4f1a3e84be8a5786ee8f4378256e5fe1c55b0a0f,6ddd182350a318658df67b2935bd446dd35b6c45ceef0679be757e61c39d75c9,4313875802,135,29d06d6a34013300b0a4537b1563346f1ef516175c8bc18943d80ee7b5f838ef,3caa3cae881635ff0881b9e9888c630e1820dcc2,2026-09-05T05:25:28.000Z,Q3
all_weight_entries,Thundergod2007/vipragsent-experiment-artifacts-overflow-025,model,campaigns/vipragsent-v8-local-mig2g20gb/q3_vipragsent_full_vistral_128_20260523/_engine_checkpoints/model/best.pt,4350190581,2627387cf14ef9ccce2fb6276c4194c759ba5051,9cb908b7508823371dfd73af9450dcd0bdc32133272964ab9f816ce77c888e7b,4350190581,135,562fc38acead9d6bc92d1c2c17ce3d9988d5e377f111c0795c21440863c806fe,9e4798390324b6f581bbb915ae0c978d77a0bc9a,2026-09-05T16:15:11.000Z,Q3
all_weight_entries,Thundergod2007/vipragsent-experiment-artifacts-overflow-025,model,campaigns/vipragsent-v8-local-mig2g20gb/q3_vipragsent_full_vistral_128_20260523/_engine_checkpoints/model/epoch_001.pt,4350190517,f9f2d92b176bb6feb8856b7372afa40f22859124,4f0e0699b53395af9d1fc408e0265b8aa91ffc7acee20298fc949bd46b7e3389,4350190517,135,c69b62e4e92cee02538eb237cf35451e7118c770cf7c9748a18f1b93a4902fa2,1c9a6e775f043132c41f4708c7990286035cd304,2026-09-05T15:47:57.000Z,Q3
all_weight_entries,Thundergod2007/vipragsent-experiment-artifacts-overflow-025,model,campaigns/vipragsent-v8-local-mig2g20gb/q3_vipragsent_full_vistral_128_20260523/_engine_checkpoints/model/epoch_002.pt,4350190581,2627387cf14ef9ccce2fb6276c4194c759ba5051,9cb908b7508823371dfd73af9450dcd0bdc32133272964ab9f816ce77c888e7b,4350190581,135,562fc38acead9d6bc92d1c2c17ce3d9988d5e377f111c0795c21440863c806fe,3a621b3ec4ba56073d24b3ab9afcff146a2820f7,2026-09-05T16:15:26.000Z,Q3
all_weight_entries,Thundergod2007/vipragsent-experiment-artifacts-overflow-025,model,campaigns/vipragsent-v8-local-mig2g20gb/q3_vipragsent_full_vistral_128_20260523/_engine_checkpoints/model/epoch_003.pt,4350190709,72c1242f39563173f60da2f33612b4486c48bd2a,9a4a79c1aa5e00de621d4bd8ab36322f02814ff5e580b7a30d57266ed5a87e58,4350190709,135,a2612123e1c6d6716c8506ad4c5404208f6b59adae0e9b8785f0254d20dfd748,449e8cf3d476c6f9ea4b44c838d8b5482fe390d8,2026-09-05T16:48:28.000Z,Q3
all_weight_entries,Thundergod2007/vipragsent-experiment-artifacts-overflow-025,model,campaigns/vipragsent-v8-local-mig2g20gb/q3_vipragsent_full_vistral_128_20260523/checkpoints/best/model.pt,4350190581,2627387cf14ef9ccce2fb6276c4194c759ba5051,9cb908b7508823371dfd73af9450dcd0bdc32133272964ab9f816ce77c888e7b,4350190581,135,562fc38acead9d6bc92d1c2c17ce3d9988d5e377f111c0795c21440863c806fe,449d6cd93ea71873b5a8a2fa9205d1c0a44b9993,2026-09-05T17:00:23.000Z,Q3
all_weight_entries,Thundergod2007/vipragsent-experiment-artifacts-overflow-025,model,campaigns/vipragsent-v8-local-mig2g20gb/q3_vipragsent_full_vistral_128_20260523/checkpoints/latest/model.pt,4350190709,72c1242f39563173f60da2f33612b4486c48bd2a,9a4a79c1aa5e00de621d4bd8ab36322f02814ff5e580b7a30d57266ed5a87e58,4350190709,135,a2612123e1c6d6716c8506ad4c5404208f6b59adae0e9b8785f0254d20dfd748,872dc8ae6ac6312c8575032a447793b0679ec8ef,2026-09-05T17:00:38.000Z,Q3
all_weight_entries,Thundergod2007/vipragsent-experiment-artifacts-overflow-025,model,campaigns/vipragsent-xlmr-q1b-q4-followup-v1/xlmr_followup_q2_no_multitask_20260522/components/code_switching/checkpoints/best/model.pt,6706545694,570213f1752441de8226ae669ffe2dfd34040604,893c7ced303ae547ab11bf2bd17beda30ded0c1d720cbd7872c70d13aacf0eb3,6706545694,135,9ebd222fb4b9cb6569b4286bf29598bb127aec46ccb2389a42ca37e8a661eb2a,03dfe5bca0b14fc1795fd30f220b8a7c35f761fb,2026-09-13T14:42:48.000Z,Q2
all_weight_entries,Thundergod2007/vipragsent-experiment-artifacts-overflow-025,model,campaigns/vipragsent-xlmr-q1b-q4-followup-v1/xlmr_followup_q2_no_multitask_20260522/components/code_switching/checkpoints/latest/model.pt,6706593568,ec39f3a4f208c471add7ab0d07cc0ae6aca08c42,6bce305c1b61cda149a190dd4f80721355737a15823bb7a96a72eacc01cc98bb,6706593568,135,31d0793c57b6686d94685baf1e16206edec92d91c7dbb304772cfd673e55c1f0,03dfe5bca0b14fc1795fd30f220b8a7c35f761fb,2026-09-13T14:42:48.000Z,Q2
all_weight_entries,Thundergod2007/vipragsent-experiment-artifacts-overflow-025,model,campaigns/vipragsent-xlmr-q1b-q4-followup-v1/xlmr_followup_q2_no_multitask_20260522/components/emotion/checkpoints/best/model.pt,6706619422,460d7a7b5ff67ede514668dc5f4671771202703f,e703d7a0361f59dd01c6e33d9f415b56f97021a305f073cdb9e9377d5394cc26,6706619422,135,476864be8251892a618b487c59cb3bec219ce0197d5e488d80c4e671164dc586,a4f1352b1e2e1fe0f11876547cb8f03f72ec0ace,2026-09-13T16:07:02.000Z,Q2
all_weight_entries,Thundergod2007/vipragsent-experiment-artifacts-overflow-025,model,campaigns/vipragsent-xlmr-q1b-q4-followup-v1/xlmr_followup_q2_no_multitask_20260522/components/emotion/checkpoints/latest/model.pt,6706667296,c7f688336ec3abd7e0972c8492de2b05beaf1ca8,827e8d9f655095aa89d8fdf227c0fc1b641dde30302dc05d5b79b05c652ae18f,6706667296,135,c1fc5b167af5831c01c4afd7aca166985e4723b25e85eabe3ab186927c78074a,a4f1352b1e2e1fe0f11876547cb8f03f72ec0ace,2026-09-13T16:07:02.000Z,Q2
all_weight_entries,Thundergod2007/vipragsent-experiment-artifacts-overflow-025,model,campaigns/vipragsent-xlmr-q1b-q4-followup-v1/xlmr_followup_q2_no_multitask_20260522/components/idiom_figurative/checkpoints/best/model.pt,6706545694,4b422b97d44cf37d4b39c3245ed173e3b79be7f2,ee025fec180ef7daeabd2731f75953d69dcb2203b48f3770e7df1b37e73c32fb,6706545694,135,2c80be859f00f38613c4cc95c48c5433b156ea1e55124198ccb705543c0e621b,8a755b7459236ef879fabf3bc470a637a4204209,2026-09-13T14:14:58.000Z,Q2
all_weight_entries,Thundergod2007/vipragsent-experiment-artifacts-overflow-025,model,campaigns/vipragsent-xlmr-q1b-q4-followup-v1/xlmr_followup_q2_no_multitask_20260522/components/idiom_figurative/checkpoints/latest/model.pt,6706593568,62850b4c9c8d30da4646f69087a4626faa22a2df,d6c77e0514216d18ae8d4a650c790aa7e4fd90a70bf2663bf0a4636426eb6103,6706593568,135,7daf693aeb50f049e2358616cee8af98c85874e80080c10191d1e4d585222228,9233561703a5b15256671ffbb3ca43c726efc250,2026-09-13T14:18:50.000Z,Q2
all_weight_entries,Thundergod2007/vipragsent-experiment-artifacts-overflow-025,model,campaigns/vipragsent-xlmr-q1b-q4-followup-v1/xlmr_followup_q2_no_multitask_20260522/components/implicit_sentiment/checkpoints/best/model.pt,6706545694,942ca933f4ed07aa046ea72aa3b40ade5df006bd,427ae126ec6b53eb2df23e7e60091bfafed6731dafd781bdfbe79e04d7b5cc64,6706545694,135,63c3526c4a181b62f63bfd28c1690d066e1ab323b599c7b10f376dda6f767f59,a0d082137fd951a803ebbc483fa7148e015c51ef,2026-09-13T13:36:31.000Z,Q2
all_weight_entries,Thundergod2007/vipragsent-experiment-artifacts-overflow-025,model,campaigns/vipragsent-xlmr-q1b-q4-followup-v1/xlmr_followup_q2_no_multitask_20260522/components/implicit_sentiment/checkpoints/latest/model.pt,6706593568,54f0026577f6a02bbfce16b2ebe999b3eb321cf6,b5e347a69aaf734525a9c65656d88070e2b79c2f52eb3f4368c2a109084cd703,6706593568,135,8cf61cdb17ac2376eae187a1e65f720d189f2fd0c965e19daf7ad8bc4c92d018,32b1b5355079eb993fb9ba261f03d368c6ca3cb8,2026-09-13T13:39:54.000Z,Q2
all_weight_entries,Thundergod2007/vipragsent-experiment-artifacts-overflow-025,model,campaigns/vipragsent-xlmr-q1b-q4-followup-v1/xlmr_followup_q2_no_multitask_20260522/components/irony/checkpoints/best/model.pt,6706545694,d3c8c8faffb18b9d54b5dcc1d7aad9760e2decfd,70a6cecd37ca295b60db91330a43b65a7355d6209532d796f92920ba15dc34f2,6706545694,135,8b4512825845c4e1e7d428eb8773333203ec74461b23cf59680f4b424a26de28,07117a60075cfcd5e517e26c1548e3ca5d82f774,2026-09-13T14:05:52.000Z,Q2
all_weight_entries,Thundergod2007/vipragsent-experiment-artifacts-overflow-025,model,campaigns/vipragsent-xlmr-q1b-q4-followup-v1/xlmr_followup_q2_no_multitask_20260522/components/irony/checkpoints/latest/model.pt,6706593568,ca5b195beaf140f65c0ad13a5d2a03c559b873f9,9ae9deb26f25033fc17707ff64018f30ad16f4e19d1f2fce5a32fff062b8a3d7,6706593568,135,89f950c90bda698b1c506e56dc3e3aa1ee9964a401b81a891ac8e14df69684f7,07117a60075cfcd5e517e26c1548e3ca5d82f774,2026-09-13T14:05:52.000Z,Q2
all_weight_entries,Thundergod2007/vipragsent-experiment-artifacts-overflow-025,model,campaigns/vipragsent-xlmr-q1b-q4-followup-v1/xlmr_followup_q2_no_multitask_20260522/components/mocking/checkpoints/best/model.pt,6706545694,6ae903ec53c8ef61b205de3f545f1484aa1605e2,968b6b398780167812aabe8915b60677cead1002530667ff9177c57159ce4bfd,6706545694,135,97cd57fb7aefd7f32bc7f1b123ca7ecc6a07c9a3357f2f75a81cbfa298f10813,6fe0551a7b8d3f76f01a3bace0e0f57dad5ecbd1,2026-09-13T14:52:18.000Z,Q2
all_weight_entries,Thundergod2007/vipragsent-experiment-artifacts-overflow-025,model,campaigns/vipragsent-xlmr-q1b-q4-followup-v1/xlmr_followup_q2_no_multitask_20260522/components/mocking/checkpoints/latest/model.pt,6706593568,7417c0ff753f4446308208f4217fe09ca44e03b1,15f5439004983f6db4658916deb6d8188c312a0928ed8ab7b02342eb5caf54d6,6706593568,135,49146e5b95ffa8f366002e177a40915b1aaa39c6d9130f07089ce3bb0ccdfdd0,6fe0551a7b8d3f76f01a3bace0e0f57dad5ecbd1,2026-09-13T14:52:18.000Z,Q2
all_weight_entries,Thundergod2007/vipragsent-experiment-artifacts-overflow-025,model,campaigns/vipragsent-xlmr-q1b-q4-followup-v1/xlmr_followup_q2_no_multitask_20260522/components/polarity/checkpoints/best/model.pt,6706570270,d7e8a2e8ad588eba222a36894a34b43fc3ebd6e7,02a74f95f0501cae44fe9084433ac57a3184d440576d549ccda32294d32b13a8,6706570270,135,b09c1eb254f4ddc70ac42b2d27c4cbbadb65b711e5d798ddcab2fa4fb8c02583,7ab82c0a4edef99d6be69243d861c215d1d0f71a,2026-09-13T15:03:52.000Z,Q2
all_weight_entries,Thundergod2007/vipragsent-experiment-artifacts-overflow-025,model,campaigns/vipragsent-xlmr-q1b-q4-followup-v1/xlmr_followup_q2_no_multitask_20260522/components/polarity/checkpoints/latest/model.pt,6706618144,ce2de7337f0845dfdec452ffa74bf27242e9b06e,cd1ad59329b594b851a929c31401fea93d0da95bc25069fa883ac1e301f2a633,6706618144,135,df6e0d73cd3100cc6f800acb8dea550ee8877a440c409b62ec2a39f9fd130783,1fc23ddc20b8cca1108d11be5c761f20768c269f,2026-09-13T15:09:59.000Z,Q2
all_weight_entries,Thundergod2007/vipragsent-experiment-artifacts-overflow-025,model,campaigns/vipragsent-xlmr-q1b-q4-followup-v1/xlmr_followup_q2_no_multitask_20260522/components/sarcasm/checkpoints/best/model.pt,6706545694,9a73ca4ecd7babc65098b056d335cf67770a2ba0,0f0a86bb648bd44175fe499ff9d2429dd50917a427e5fa1032747212fb8cc67c,6706545694,135,70013db4818dcf5781754e34c5cdaed886d2ea173acf973ff858d62b85c4d72a,9c06d75df75ca036a397d158c6fd4f6c2448efcd,2026-09-13T13:48:07.000Z,Q2
all_weight_entries,Thundergod2007/vipragsent-experiment-artifacts-overflow-025,model,campaigns/vipragsent-xlmr-q1b-q4-followup-v1/xlmr_followup_q2_no_multitask_20260522/components/sarcasm/checkpoints/latest/model.pt,6706593568,2126bdde56bf2dac14976712642155d86866b332,f3acfb5d49992c40d462ffca280a605e5a69dd65ad6cf2d1f3a65a0535bcf6b6,6706593568,135,5375439b1fcfb3ac22b69f07a02dd4b7f152381e802e0bc09423706adc4b1a52,a70fbbe31003ff532cfdb7291b5b8a8c0270bf4c,2026-09-13T13:49:22.000Z,Q2
all_weight_entries,Thundergod2007/vipragsent-phobert-checkpoints,model,campaigns/vipragsent-v7-6693e7e9eef08ef1/SHARD_GPU40_7B_INTEGRATION/q3_phobert_pragmatic_finetune_32_20260523/_engine_checkpoints/model/best.pt,1613241770,a4d733f7dba16365083d308d86275e9df1e3a8cc,19346654ebef5433b53e611490bb9d14c1f1a533cd578933e0fafe2686154420,1613241770,135,a1d1335bd1a6e7874fcc465d35d8a31b688dced912fa9797c24283f4aedea59e,00cce34831ed4bfab0475cdadbda7a544805677a,2026-09-02T00:51:11.000Z,Q3
all_weight_entries,Thundergod2007/vipragsent-phobert-checkpoints,model,campaigns/vipragsent-v7-6693e7e9eef08ef1/SHARD_GPU40_7B_INTEGRATION/q3_phobert_pragmatic_finetune_32_20260523/_engine_checkpoints/model/epoch_001.pt,1613241002,94eb228c6a275c97d06c8db5784fa92c55da4ad5,fa70f39d76e65e1d7883a352e487575b254663c9bb4305d2a691fa186921629f,1613241002,135,50291b43d0caac1e89ecc1101666a24a9641a087baa9f642759ebe25a09f125f,4d3d7b73d1064dcb3d83104bae1163f451808f9e,2026-09-02T00:51:21.000Z,Q3
all_weight_entries,Thundergod2007/vipragsent-phobert-checkpoints,model,campaigns/vipragsent-v7-6693e7e9eef08ef1/SHARD_GPU40_7B_INTEGRATION/q3_phobert_pragmatic_finetune_32_20260523/_engine_checkpoints/model/epoch_002.pt,1613241130,da0010f40a116442da4fd4b626fb1e19d167f220,abae513670fea683e019a75babeebf878c99a488dfc7a2cae4831874f22c62da,1613241130,135,0097860236521795524984e0d23d528a9cbcc05abde901b4f9f2cf74d07c5f29,70f9fa51f8aa9f04d7842dfa90d02781da36f2a8,2026-09-02T00:52:03.000Z,Q3
all_weight_entries,Thundergod2007/vipragsent-phobert-checkpoints,model,campaigns/vipragsent-v7-6693e7e9eef08ef1/SHARD_GPU40_7B_INTEGRATION/q3_phobert_pragmatic_finetune_32_20260523/_engine_checkpoints/model/epoch_003.pt,1613241194,379d14d44a33b6ce34e7ffd1f8d79128589ca0e9,717b7ac81326abd5f51a5d981177f41145f960cce8c7d7abe37192c76470f2d5,1613241194,135,1e247b3b6f72af093ca66934a437cc722cf73b211363c59bbcdf5b73b471a162,db7856666665852480d6c0469acca22846027075,2026-09-02T00:52:17.000Z,Q3
all_weight_entries,Thundergod2007/vipragsent-phobert-checkpoints,model,campaigns/vipragsent-v7-6693e7e9eef08ef1/SHARD_GPU40_7B_INTEGRATION/q3_phobert_pragmatic_finetune_32_20260523/_engine_checkpoints/model/epoch_004.pt,1613241450,0c760cd831d7602a065e0a3ef2adcf919e598203,6fda319f4a5cb240083aef89ffa6d1369909eac8cbe6666d26b043d0ca8e5634,1613241450,135,c4a682a06a016526f52945bb9b87397ae951a2a6d12eca48792d970f66861fd7,bf0c9c5f4931d55fe782a108b7e52626cb961a60,2026-09-02T00:52:41.000Z,Q3
all_weight_entries,Thundergod2007/vipragsent-phobert-checkpoints,model,campaigns/vipragsent-v7-6693e7e9eef08ef1/SHARD_GPU40_7B_INTEGRATION/q3_phobert_pragmatic_finetune_32_20260523/_engine_checkpoints/model/epoch_005.pt,1613241514,030762c4b677d5184c6732007c6af16b3647ea00,c278a9040f207129a8b3550e86bfb86a5610fa6fd4c67728f58ee7900319e74c,1613241514,135,da75ff4c57d1c702604068a29713b2590a36df61b8cf0c1b49eef9b922c13311,d2acd14f59f08bef54ced1a3383f7560ea93d76b,2026-09-02T00:53:31.000Z,Q3
all_weight_entries,Thundergod2007/vipragsent-phobert-checkpoints,model,campaigns/vipragsent-v7-6693e7e9eef08ef1/SHARD_GPU40_7B_INTEGRATION/q3_phobert_pragmatic_finetune_32_20260523/_engine_checkpoints/model/epoch_006.pt,1613241642,eb59543deae0a57d437cbb7cf204e04254668c20,4c2d9a6a2e0e6bafbe93b75e91a3b6d36dd1da65b31bd007cc5fc57ee39a4c2e,1613241642,135,bbc1ef90adbfaae1acfe40daa9061220fc8978569c8d7281033eb7de76f5c62f,466df37af30788e6d3d8453afb28ea0c836f4f75,2026-09-02T00:56:02.000Z,Q3
all_weight_entries,Thundergod2007/vipragsent-phobert-checkpoints,model,campaigns/vipragsent-v7-6693e7e9eef08ef1/SHARD_GPU40_7B_INTEGRATION/q3_phobert_pragmatic_finetune_32_20260523/_engine_checkpoints/model/epoch_007.pt,1613241770,a4d733f7dba16365083d308d86275e9df1e3a8cc,19346654ebef5433b53e611490bb9d14c1f1a533cd578933e0fafe2686154420,1613241770,135,a1d1335bd1a6e7874fcc465d35d8a31b688dced912fa9797c24283f4aedea59e,c720bca44678d2ee8db9949d208a76b5e996a118,2026-09-02T00:56:10.000Z,Q3
all_weight_entries,Thundergod2007/vipragsent-phobert-checkpoints,model,campaigns/vipragsent-v7-6693e7e9eef08ef1/SHARD_GPU40_7B_INTEGRATION/q3_phobert_pragmatic_finetune_32_20260523/_engine_checkpoints/model/epoch_008.pt,1613241834,42c66b8f9201d4cf507f2787cb73e6641d0ed6ec,d8857b672924a61cc89b9f1e2750de7d81d50575128cfffb813853295525d93d,1613241834,135,461d6aa0458dc56bdc09cc8944ce5d7e4fb90a7e0b0a029b93ecf495bbf1ab92,a9a2b73dc6856b6e375a5b352ab6947f35b04c96,2026-09-02T00:58:38.000Z,Q3
all_weight_entries,Thundergod2007/vipragsent-phobert-checkpoints,model,campaigns/vipragsent-v7-6693e7e9eef08ef1/SHARD_GPU40_7B_INTEGRATION/q3_phobert_pragmatic_finetune_32_20260523/_engine_checkpoints/model/epoch_009.pt,1613241962,5db8bc4516b894f720ffea5f8cbedce62ca2f0e3,844c4b59c49f70234e40eea981caac28288edba546766d40afbdaa1554023afd,1613241962,135,d1e044bda8647051bf84cb209e978b4dfe4c0d328ab6b78a28b377958146fa1f,72c8e5c910b42f8061c28795839a7171a0331e66,2026-09-02T01:03:12.000Z,Q3
all_weight_entries,Thundergod2007/vipragsent-phobert-checkpoints,model,campaigns/vipragsent-v7-6693e7e9eef08ef1/SHARD_GPU40_7B_INTEGRATION/q3_phobert_pragmatic_finetune_32_20260523/checkpoints/best/model.pt,1613241770,a4d733f7dba16365083d308d86275e9df1e3a8cc,19346654ebef5433b53e611490bb9d14c1f1a533cd578933e0fafe2686154420,1613241770,135,a1d1335bd1a6e7874fcc465d35d8a31b688dced912fa9797c24283f4aedea59e,f99a6851dec783efe178b6b5b9a617e249926b2a,2026-09-02T01:04:09.000Z,Q3
all_weight_entries,Thundergod2007/vipragsent-phobert-checkpoints,model,campaigns/vipragsent-v7-6693e7e9eef08ef1/SHARD_GPU40_7B_INTEGRATION/q3_phobert_pragmatic_finetune_32_20260523/checkpoints/latest/model.pt,1613241962,5db8bc4516b894f720ffea5f8cbedce62ca2f0e3,844c4b59c49f70234e40eea981caac28288edba546766d40afbdaa1554023afd,1613241962,135,d1e044bda8647051bf84cb209e978b4dfe4c0d328ab6b78a28b377958146fa1f,b09ecfe0fc006cde63ba88e835f2b83184861fae,2026-09-02T01:04:27.000Z,Q3
all_weight_entries,Thundergod2007/vipragsent-phobert-checkpoints,model,campaigns/vipragsent-v7-compact-20260820-190bb0f24a7e75a8/SHARD_H100_MIG20_COMPACT/nb-170d4c47-8a39-47ad-9425-d231de44fc92-857677f648-2qn8f/science/checkpoints/q1a_phobert_pragmatic_finetune_20260521/immutable_boundaries/194CE353B909/epoch_005.pt,1613241322,6fcada4dc24e97394071893cb2455836a4d25f10,194ce353b9095b252bc4b1cf3b9df76ec64fb9688af5fe80b422b4a8226358f1,1613241322,135,dbec22924817c0360d65f432061cb1dd02ac5561f0dd8c4130c28e1462072546,e56cecaa1679eded82355f98bb4070e0a6b1f141,2026-08-22T12:29:21.000Z,Q1a
all_weight_entries,Thundergod2007/vipragsent-phobert-checkpoints,model,campaigns/vipragsent-v7-compact-20260820-190bb0f24a7e75a8/SHARD_H100_MIG20_COMPACT/nb-170d4c47-8a39-47ad-9425-d231de44fc92-857677f648-2qn8f/science/checkpoints/q1a_phobert_pragmatic_finetune_20260521/immutable_boundaries/4227B266F9C0/epoch_006.pt,1613241386,1ff0b34b74617e27d7f2a914facd80d9c6200580,4227b266f9c0e1d839a995b2ba650e5a211e2ab344968550ca3a3c52f0eefc04,1613241386,135,17640d9fbc6007390b003d8476631e2da3f9c0ad3030a95f1251bcf14ab91e22,0b4602f881dc89a60c022fd62d19a8044bcef2fb,2026-08-22T12:30:20.000Z,Q1a
all_weight_entries,Thundergod2007/vipragsent-phobert-checkpoints,model,campaigns/vipragsent-v7-compact-20260820-190bb0f24a7e75a8/SHARD_H100_MIG20_COMPACT/nb-170d4c47-8a39-47ad-9425-d231de44fc92-857677f648-2qn8f/science/checkpoints/q1a_phobert_pragmatic_finetune_20260521/immutable_boundaries/51C3BB62FB5E/epoch_002.pt,1613241002,2ee0b4f63fd25ae422480fcdf4e5539b8c15c496,51c3bb62fb5e86f3cd461f4f70b2b2e11aed3d1b51f323307484820013d3ad7c,1613241002,135,a6803f9c620e62cbe5133e52f11ebd0a03d894b0da75d61234484c0f6028b2e3,1e09ca6d735913f3bf50d03b4900a8807ac48768,2026-08-22T12:26:35.000Z,Q1a
all_weight_entries,Thundergod2007/vipragsent-phobert-checkpoints,model,campaigns/vipragsent-v7-compact-20260820-190bb0f24a7e75a8/SHARD_H100_MIG20_COMPACT/nb-170d4c47-8a39-47ad-9425-d231de44fc92-857677f648-2qn8f/science/checkpoints/q1a_phobert_pragmatic_finetune_20260521/immutable_boundaries/521B4FE89D79/epoch_001.pt,1613240874,47639d61bc556819df043605d706cce9416a1f2c,521b4fe89d79dd1b61af7af430ce367dea50368037951059e3ae6650cc4d4467,1613240874,135,38131f1885a3ea5c7a236dce0bdb9eefbde32d680dfef09c14492ff232ea1b61,8ebed1a839baff424f963e818d18f3a634894cb5,2026-08-22T12:25:39.000Z,Q1a
all_weight_entries,Thundergod2007/vipragsent-phobert-checkpoints,model,campaigns/vipragsent-v7-compact-20260820-190bb0f24a7e75a8/SHARD_H100_MIG20_COMPACT/nb-170d4c47-8a39-47ad-9425-d231de44fc92-857677f648-2qn8f/science/checkpoints/q1a_phobert_pragmatic_finetune_20260521/immutable_boundaries/8EC34B8F3EE4/epoch_009.pt,1613241706,4d76941da981752b40808361e0963efc30faedf6,8ec34b8f3ee4df64e3722418135e8a64e92c13343d1912a7dae0472783bada70,1613241706,135,338c9589e48961179d2ed22337657969a41520406055142928d6519b62cf93d4,011bca41076ba7e0b3b54d20ba32b8dac462e54b,2026-08-22T12:33:10.000Z,Q1a
all_weight_entries,Thundergod2007/vipragsent-phobert-checkpoints,model,campaigns/vipragsent-v7-compact-20260820-190bb0f24a7e75a8/SHARD_H100_MIG20_COMPACT/nb-170d4c47-8a39-47ad-9425-d231de44fc92-857677f648-2qn8f/science/checkpoints/q1a_phobert_pragmatic_finetune_20260521/immutable_boundaries/B1CDAECF346A/epoch_007.pt,1613241514,476ef1acb56c1ef307e66fb650f0e9041ffea028,b1cdaecf346a7f3a50f75c924d83df44ea74bbc1ce05cd875c4a28a81f03c7da,1613241514,135,78f1c88ad34146d410ea513559ccd1ecd7e706b5719b3c789594b9806457dcef,34f644f4377d8e6e6af8e0fd10bc3cf277606cff,2026-08-22T12:31:17.000Z,Q1a
all_weight_entries,Thundergod2007/vipragsent-phobert-checkpoints,model,campaigns/vipragsent-v7-compact-20260820-190bb0f24a7e75a8/SHARD_H100_MIG20_COMPACT/nb-170d4c47-8a39-47ad-9425-d231de44fc92-857677f648-2qn8f/science/checkpoints/q1a_phobert_pragmatic_finetune_20260521/immutable_boundaries/C796E88B748D/epoch_004.pt,1613241194,3bbb8e13c6c4dab707a6eeff50a9a4e5e51ce8c5,c796e88b748d9129dbf7c04d33905be4ee8631e4aea5206cafb4fbabc910c76c,1613241194,135,0ffa24b3e516822661d269238b364eba948e853d01f298fc99ea5f401f8f2835,d8168b3a3efdfc66e6d7bac55ac9b5e9b9950bd0,2026-08-22T12:28:25.000Z,Q1a
all_weight_entries,Thundergod2007/vipragsent-phobert-checkpoints,model,campaigns/vipragsent-v7-compact-20260820-190bb0f24a7e75a8/SHARD_H100_MIG20_COMPACT/nb-170d4c47-8a39-47ad-9425-d231de44fc92-857677f648-2qn8f/science/checkpoints/q1a_phobert_pragmatic_finetune_20260521/immutable_boundaries/CD74642FAC7F/epoch_003.pt,1613241066,9fac581410328a136293b11d5e47460efb41c362,cd74642fac7f3c60b0010625cc8959f59dec91c73bd493de94e40d7a4f55d3d8,1613241066,135,bf922f6d2fd0782ecc8dc8ab08bd481aed6bd0d0ad393a2900668ecfbb8f8f74,475ac2b40b286c6c891d4a2211b8734b07b2eaf1,2026-08-22T12:27:30.000Z,Q1a
all_weight_entries,Thundergod2007/vipragsent-phobert-checkpoints,model,campaigns/vipragsent-v7-compact-20260820-190bb0f24a7e75a8/SHARD_H100_MIG20_COMPACT/nb-170d4c47-8a39-47ad-9425-d231de44fc92-857677f648-2qn8f/science/checkpoints/q1a_phobert_pragmatic_finetune_20260521/immutable_boundaries/D03DAA720C9B/epoch_010.pt,1613241834,d44347e599776f82772449221b42f990755537bd,d03daa720c9b5ea1046f349a24e721c521f97882343e8368c6df0e90217d57e1,1613241834,135,923e4e8a683990c31c375373000a672177ad6d161a5bcfa6d375035bb78aa24e,7c7fb023b15ac302ae102690f86b0f80881158dc,2026-08-22T12:34:08.000Z,Q1a
all_weight_entries,Thundergod2007/vipragsent-phobert-checkpoints,model,campaigns/vipragsent-v7-compact-20260820-190bb0f24a7e75a8/SHARD_H100_MIG20_COMPACT/nb-170d4c47-8a39-47ad-9425-d231de44fc92-857677f648-2qn8f/science/checkpoints/q1a_phobert_pragmatic_finetune_20260521/immutable_boundaries/D6B74874BB58/epoch_008.pt,1613241642,dcf7e5aee3aa4072add006f12b93ab750376631a,d6b74874bb58385487b68300f1138b61a9e6ff8b588aae388aaaf4035436ad90,1613241642,135,f04e06b2d1918d5302291b0f6e71faaea6272ecc5b15ddb0a05a42ff42f76a9a,d46c5b3497f918cb2a25b9dba70f574e5425784e,2026-08-22T12:32:15.000Z,Q1a
all_weight_entries,Thundergod2007/vipragsent-phobert-checkpoints,model,campaigns/vipragsent-v7-compact-20260820-190bb0f24a7e75a8/SHARD_H100_MIG20_COMPACT/nb-170d4c47-8a39-47ad-9425-d231de44fc92-857677f648-2qn8f/science/checkpoints/q1a_phobert_pragmatic_finetune_20260522/immutable_boundaries/0E54147A0619/epoch_003.pt,1613241194,74bca502ca3cadb86ef8ef872f492e1b0b840ad8,0e54147a0619889ae9864b5d3c435c8b3937da9180531c192a25dbd185ff0185,1613241194,135,14b7938a243e3e017e504aabdb5f6a6b787d2fa9b1f8dde510ad1920f0a6f4ea,89d918c7ac9cdd7818afa0d62b3342d3e83d7dad,2026-08-22T12:41:15.000Z,Q1a
all_weight_entries,Thundergod2007/vipragsent-phobert-checkpoints,model,campaigns/vipragsent-v7-compact-20260820-190bb0f24a7e75a8/SHARD_H100_MIG20_COMPACT/nb-170d4c47-8a39-47ad-9425-d231de44fc92-857677f648-2qn8f/science/checkpoints/q1a_phobert_pragmatic_finetune_20260522/immutable_boundaries/3255EEC45AE4/epoch_008.pt,1613241770,fa0e13d115a21dfcd593f411068b5d8a8d70d145,3255eec45ae406090298e486eaa5b138372b0488fcdcd897ef2866f2fe172327,1613241770,135,c07f75347a3d203c0ac34822df4c52b60be1315bad8adce13a82c95a947b5b99,497e3d29cf87c5446dba67c80f19a185e7928562,2026-08-22T12:45:51.000Z,Q1a
all_weight_entries,Thundergod2007/vipragsent-phobert-checkpoints,model,campaigns/vipragsent-v7-compact-20260820-190bb0f24a7e75a8/SHARD_H100_MIG20_COMPACT/nb-170d4c47-8a39-47ad-9425-d231de44fc92-857677f648-2qn8f/science/checkpoints/q1a_phobert_pragmatic_finetune_20260522/immutable_boundaries/4A45C65669F1/epoch_010.pt,1613241962,84c78ca959fc25c5e83c30614839f7baa83902c8,4a45c65669f1c35cd9ee32facdc000f73840591a2c2e13c0abdef8224544f74b,1613241962,135,829cd4c5ea2f255bdf593662c81c3ae356832640621bdcfc1879a19727886b75,bbbf10808a678d131b09957f72ccad4a9c67a1ad,2026-08-22T12:47:42.000Z,Q1a
all_weight_entries,Thundergod2007/vipragsent-phobert-checkpoints,model,campaigns/vipragsent-v7-compact-20260820-190bb0f24a7e75a8/SHARD_H100_MIG20_COMPACT/nb-170d4c47-8a39-47ad-9425-d231de44fc92-857677f648-2qn8f/science/checkpoints/q1a_phobert_pragmatic_finetune_20260522/immutable_boundaries/68A9B0CD6AC2/epoch_004.pt,1613241322,89afe662d4cff305371f7da77c49ae924cbe507d,68a9b0cd6ac23280abd4bc76e429043b934afd475b9eda48d8035239840720a2,1613241322,135,71bd65d3e2b014736ab0207700fc387116f739c11927f6a12913e8f226001e8e,c717313789c47410668bdcd0ed28f5c92c1c0c97,2026-08-22T12:42:09.000Z,Q1a
all_weight_entries,Thundergod2007/vipragsent-phobert-checkpoints,model,campaigns/vipragsent-v7-compact-20260820-190bb0f24a7e75a8/SHARD_H100_MIG20_COMPACT/nb-170d4c47-8a39-47ad-9425-d231de44fc92-857677f648-2qn8f/science/checkpoints/q1a_phobert_pragmatic_finetune_20260522/immutable_boundaries/739467535852/epoch_001.pt,1613241002,bf1ff6f52cf96fe9e658ace5cbd61fc514b40f62,73946753585244f3a4dc6555d1ad61eccc9428d2116efdd515d749f24ac3dca1,1613241002,135,529557190567999255ca0db9778475cb86161370283b25475119fdaf95505ca2,241c7ccb739066779e669c71524100066bc9830a,2026-08-22T12:38:35.000Z,Q1a
all_weight_entries,Thundergod2007/vipragsent-phobert-checkpoints,model,campaigns/vipragsent-v7-compact-20260820-190bb0f24a7e75a8/SHARD_H100_MIG20_COMPACT/nb-170d4c47-8a39-47ad-9425-d231de44fc92-857677f648-2qn8f/science/checkpoints/q1a_phobert_pragmatic_finetune_20260522/immutable_boundaries/85E2D55B91FF/epoch_005.pt,1613241450,e3e5d2c89f33798546ef7e56ba67ee1e370f9000,85e2d55b91ff84668497c8cdd6ea5225ef6eb502d49f13a86c50958404d07eb6,1613241450,135,ca05265f624d40700ae26a71b1b70051f23a1921b829a538720d3777740da855,227aa85710ab62ffd917ee2011e135f9bf121ca8,2026-08-22T12:43:04.000Z,Q1a
all_weight_entries,Thundergod2007/vipragsent-phobert-checkpoints,model,campaigns/vipragsent-v7-compact-20260820-190bb0f24a7e75a8/SHARD_H100_MIG20_COMPACT/nb-170d4c47-8a39-47ad-9425-d231de44fc92-857677f648-2qn8f/science/checkpoints/q1a_phobert_pragmatic_finetune_20260522/immutable_boundaries/956169E77DCE/epoch_002.pt,1613241130,b86795abc96a491665ff0d7d778499649099c70a,956169e77dcec62bdbf7110153b76bf1020a64e4c54dfca838ba45ff83e3a1d3,1613241130,135,129e407aa7957aa2aa7049f25c606eb4b7bea44e87219cff6f688628babbb625,6c812e9446adf3efe5f0129d1a4f9134f4e15f2f,2026-08-22T12:39:30.000Z,Q1a
all_weight_entries,Thundergod2007/vipragsent-phobert-checkpoints,model,campaigns/vipragsent-v7-compact-20260820-190bb0f24a7e75a8/SHARD_H100_MIG20_COMPACT/nb-170d4c47-8a39-47ad-9425-d231de44fc92-857677f648-2qn8f/science/checkpoints/q1a_phobert_pragmatic_finetune_20260522/immutable_boundaries/B8B4ECCCFAB3/epoch_009.pt,1613241834,b6d9e21ca38f5da6fd6447077050927d04eb6ad8,b8b4ecccfab3bd2282bcf105ab98b0d11606682c690c9cd122d9d402d7b8ec88,1613241834,135,436a384740af25a6eea795709f38905630b017fd80f0aacb5a7822215440945a,65fa28ec3d9a0abd9eb6e6dfe19463cd469ef9ad,2026-08-22T12:46:47.000Z,Q1a
all_weight_entries,Thundergod2007/vipragsent-phobert-checkpoints,model,campaigns/vipragsent-v7-compact-20260820-190bb0f24a7e75a8/SHARD_H100_MIG20_COMPACT/nb-170d4c47-8a39-47ad-9425-d231de44fc92-857677f648-2qn8f/science/checkpoints/q1a_phobert_pragmatic_finetune_20260522/immutable_boundaries/C14364245CD3/epoch_007.pt,1613241642,7a615a98be7181d37318c92f9a8b60df914510ad,c14364245cd35614e04a9db9001caa19964c30c432bcb12fb61d04928a7bf1de,1613241642,135,84c62e6525e8960ab1dfacf8f979683a84b1fc1075c023c00939520dca3bca61,b2c221c169519855aeb22d302429fdc68867986f,2026-08-22T12:44:55.000Z,Q1a
all_weight_entries,Thundergod2007/vipragsent-phobert-checkpoints,model,campaigns/vipragsent-v7-compact-20260820-190bb0f24a7e75a8/SHARD_H100_MIG20_COMPACT/nb-170d4c47-8a39-47ad-9425-d231de44fc92-857677f648-2qn8f/science/checkpoints/q1a_phobert_pragmatic_finetune_20260522/immutable_boundaries/FBAD5ACE2565/epoch_006.pt,1613241514,956eb897fcb914374383c1675a0302d8afef60a3,fbad5ace2565cebcfc2846a8ca04812b4cc6b2e1d481aa66ee2a735a6343021f,1613241514,135,5eecf7eb3969b75ea7133afdc6d9ecf971620a279273530acb5cc094517ba898,34465dd373c0bc547fbdd55bcf442f6a9bf973d9,2026-08-22T12:44:00.000Z,Q1a
all_weight_entries,Thundergod2007/vipragsent-phobert-checkpoints,model,campaigns/vipragsent-v7-compact-20260820-190bb0f24a7e75a8/SHARD_H100_MIG20_COMPACT/nb-170d4c47-8a39-47ad-9425-d231de44fc92-857677f648-2qn8f/science/checkpoints/q1a_phobert_pragmatic_finetune_20260523/immutable_boundaries/12919B2AA40A/epoch_007.pt,1613241642,7dc4fe02fa8981e3a83c51b72ef30e2021b72271,12919b2aa40a5d890c3162f249e14f1e3fc3339669fcb92eae974605b3656551,1613241642,135,f80a864a3e47366457a124ec3a3616dea9196b44bcfe15f7ad062301d440cab8,f1d3ccb8a119de2743706407cc2a28e2416fa1d2,2026-08-22T12:56:13.000Z,Q1a
all_weight_entries,Thundergod2007/vipragsent-phobert-checkpoints,model,campaigns/vipragsent-v7-compact-20260820-190bb0f24a7e75a8/SHARD_H100_MIG20_COMPACT/nb-170d4c47-8a39-47ad-9425-d231de44fc92-857677f648-2qn8f/science/checkpoints/q1a_phobert_pragmatic_finetune_20260523/immutable_boundaries/185B3FB77D47/epoch_004.pt,1613241322,0b500bafe50599680ea8787d14b2fda4694d6646,185b3fb77d47ce819ea399f1e090025877856d38f10c435a5db7abf9341fab2a,1613241322,135,0c67d710d5451b65b3b93941deb00cca41ab201dda1353f0b4d56514b3fb88b5,c5059cc15a59e62fb84c7d21c8dd94de648dad75,2026-08-22T12:53:25.000Z,Q1a
all_weight_entries,Thundergod2007/vipragsent-phobert-checkpoints,model,campaigns/vipragsent-v7-compact-20260820-190bb0f24a7e75a8/SHARD_H100_MIG20_COMPACT/nb-170d4c47-8a39-47ad-9425-d231de44fc92-857677f648-2qn8f/science/checkpoints/q1a_phobert_pragmatic_finetune_20260523/immutable_boundaries/345BB347F6C4/epoch_009.pt,1613241834,1449d0774158663329a2156cc35f960c0148622c,345bb347f6c48feb9fda2a14dfbee0162605508b24af199b462192ecdfb5ed2e,1613241834,135,f4d5fccec07176d524c985be3be23d19f00e262acb81ed08ba19c1712e7de74f,39fb797ac12b60b64f3c2f8d3f92d2748e2bedfe,2026-08-22T12:58:07.000Z,Q1a
all_weight_entries,Thundergod2007/vipragsent-phobert-checkpoints,model,campaigns/vipragsent-v7-compact-20260820-190bb0f24a7e75a8/SHARD_H100_MIG20_COMPACT/nb-170d4c47-8a39-47ad-9425-d231de44fc92-857677f648-2qn8f/science/checkpoints/q1a_phobert_pragmatic_finetune_20260523/immutable_boundaries/4DE1132938FC/epoch_002.pt,1613241130,7d3e62894b3e3b7dd7c7edd79d4cc48643c5836d,4de1132938fce4cad8ae575d22e6eb56d3534329208244a5ad6787e8eaba432b,1613241130,135,b4b5a952ab395c89727b662d7af41fba08a3423015ec4ff2987039ddba8d55c6,2fb273acb50ddfa5882845fe5dae4cf16506d73d,2026-08-22T12:51:34.000Z,Q1a
all_weight_entries,Thundergod2007/vipragsent-phobert-checkpoints,model,campaigns/vipragsent-v7-compact-20260820-190bb0f24a7e75a8/SHARD_H100_MIG20_COMPACT/nb-170d4c47-8a39-47ad-9425-d231de44fc92-857677f648-2qn8f/science/checkpoints/q1a_phobert_pragmatic_finetune_20260523/immutable_boundaries/56317931FE07/epoch_001.pt,1613241002,c2b1bc16c268a548b5f074e7426fc06844831e66,56317931fe07aba5d2393c3bd3f240c8daf2514b11fd568041ec4c11bf9328c6,1613241002,135,9009571f4a529ab56998101b4c05a83620168b3ae1690a9e77e91872c2bf8f09,47107745d1192d557e221269e2e0cf3c9a0c9fb7,2026-08-22T12:50:38.000Z,Q1a
all_weight_entries,Thundergod2007/vipragsent-phobert-checkpoints,model,campaigns/vipragsent-v7-compact-20260820-190bb0f24a7e75a8/SHARD_H100_MIG20_COMPACT/nb-170d4c47-8a39-47ad-9425-d231de44fc92-857677f648-2qn8f/science/checkpoints/q1a_phobert_pragmatic_finetune_20260523/immutable_boundaries/8D42ED8443E3/epoch_003.pt,1613241194,8da963e6ccf373b061f02301001191aadf3d8933,8d42ed8443e38749d641b1b0ab324c48ecfd2b51ddc0d9fa52c0012c63e0636e,1613241194,135,70af054fb9d2897d4beb0f8b6f565aff0297ea223b4a9e3c04f77caed26238dc,18557d9617380aa24f5117932f1608eaf9321eb5,2026-08-22T12:52:30.000Z,Q1a
all_weight_entries,Thundergod2007/vipragsent-phobert-checkpoints,model,campaigns/vipragsent-v7-compact-20260820-190bb0f24a7e75a8/SHARD_H100_MIG20_COMPACT/nb-170d4c47-8a39-47ad-9425-d231de44fc92-857677f648-2qn8f/science/checkpoints/q1a_phobert_pragmatic_finetune_20260523/immutable_boundaries/9EB36AE59038/epoch_010.pt,1613241962,ad1b1c1aec93fce79e4aba25bd5a4f34dd73f8db,9eb36ae59038c536585a217ba7614b22cee50c2a20305b8e3ee6255f3193e87a,1613241962,135,1182861e66e316314f5684e49c2c890c3491961ed7513d8041c4757c8eebfb1e,aaa4bb0e492d1bc24e3d6d0e3b0031c5a81263f2,2026-08-22T12:59:01.000Z,Q1a
all_weight_entries,Thundergod2007/vipragsent-phobert-checkpoints,model,campaigns/vipragsent-v7-compact-20260820-190bb0f24a7e75a8/SHARD_H100_MIG20_COMPACT/nb-170d4c47-8a39-47ad-9425-d231de44fc92-857677f648-2qn8f/science/checkpoints/q1a_phobert_pragmatic_finetune_20260523/immutable_boundaries/B67A5713EB15/epoch_008.pt,1613241770,e0c1399c314f543cf5cf568103d0d36f1992f3d4,b67a5713eb1576c45b3d993fe5750798d696da51651d8ccf9af0ac6c19fac300,1613241770,135,5cba00e7e2b5eea30aeacee0efb7a93052cfe9813454510dd6e9d7b1a4644d94,68d9b85348755d15f65192fb95b62092f2c83160,2026-08-22T12:57:09.000Z,Q1a
all_weight_entries,Thundergod2007/vipragsent-phobert-checkpoints,model,campaigns/vipragsent-v7-compact-20260820-190bb0f24a7e75a8/SHARD_H100_MIG20_COMPACT/nb-170d4c47-8a39-47ad-9425-d231de44fc92-857677f648-2qn8f/science/checkpoints/q1a_phobert_pragmatic_finetune_20260523/immutable_boundaries/B69E88C28391/epoch_005.pt,1613241450,5e2805402b3e1f284089dd344c87b0bcefc1e90f,b69e88c28391e8197546e58dc0f7fc5ea7ea3ae0a293cdac3d623cb92cba8240,1613241450,135,323f60acda35df191418923dfbcb0ce5326e826ef373393a01257e9b4d2bd5e8,4ad0af054d5883cf2e93e872132d20b81f7f8ec9,2026-08-22T12:54:21.000Z,Q1a
all_weight_entries,Thundergod2007/vipragsent-phobert-checkpoints,model,campaigns/vipragsent-v7-compact-20260820-190bb0f24a7e75a8/SHARD_H100_MIG20_COMPACT/nb-170d4c47-8a39-47ad-9425-d231de44fc92-857677f648-2qn8f/science/checkpoints/q1a_phobert_pragmatic_finetune_20260523/immutable_boundaries/D90E839E92C9/epoch_006.pt,1613241514,98e1eb2638543a0f4f1916f297587a8a90b1c340,d90e839e92c9652778e7ac3fac94e3be3672487881e36c0bffe2a96bfeff69f1,1613241514,135,e92149e7b25033ef61cd294ce2f54446ad3d5c8f8b55b034aab9702b2c86b516,695e7b7d09e7d87befcdb5f76a66d697a11fe918,2026-08-22T12:55:17.000Z,Q1a
all_weight_entries,Thundergod2007/vipragsent-phobert-checkpoints,model,campaigns/vipragsent-v7-compact-20260820-190bb0f24a7e75a8/SHARD_H100_MIG20_COMPACT/nb-170d4c47-8a39-47ad-9425-d231de44fc92-857677f648-2qn8f/science/checkpoints/q1a_phobert_pragmatic_single_task_20260521/immutable_boundaries/030E5A70F05E/boundary_0007_latest_030E5A70F05E.pt,1613146263,a54d26f54e36d6061fb8ff8c31ebdc09db669b9c,030e5a70f05efeaeebba66d3ca2af9cb6a705a51c6831f7a0340893592008266,1613146263,135,25b7520830c10be9fbd6f107b1bde05b5f526fd2dba983fd06a986c75afe1e44,7764415646c75f12502470f48c69e413979f556a,2026-08-20T16:32:37.000Z,Q1a
all_weight_entries,Thundergod2007/vipragsent-phobert-checkpoints,model,campaigns/vipragsent-v7-compact-20260820-190bb0f24a7e75a8/SHARD_H100_MIG20_COMPACT/nb-170d4c47-8a39-47ad-9425-d231de44fc92-857677f648-2qn8f/science/checkpoints/q1a_phobert_pragmatic_single_task_20260521/immutable_boundaries/06A1901B7C14/boundary_0007_latest_06A1901B7C14.pt,1613146263,7591b4789c93fcc62f0bcc7b17b62efc515c095c,06a1901b7c14bb616d889d1e9a0e62f9d30c89a36ddaac72f297db775a5c7563,1613146263,135,9458217b371a6b20168637acb3bd93bf38b5615c586400871f500a88350490a3,e18046446d7473ed6218721ef8440fcac8d6f100,2026-08-20T16:36:11.000Z,Q1a
all_weight_entries,Thundergod2007/vipragsent-phobert-checkpoints,model,campaigns/vipragsent-v7-compact-20260820-190bb0f24a7e75a8/SHARD_H100_MIG20_COMPACT/nb-170d4c47-8a39-47ad-9425-d231de44fc92-857677f648-2qn8f/science/checkpoints/q1a_phobert_pragmatic_single_task_20260521/immutable_boundaries/0794C379E98B/boundary_0001_best_0794C379E98B.pt,1613111701,75110dc75ac3e227246d54285ce3457b02450462,0794c379e98bd5b4f673bb6f92134276627183d0b0a921e52957552e54d5bcca,1613111701,135,a89f62bb577f5a360a49ffbad9330b92a7b959f7255a1a05fc75588f36d0479f,d08c3a433e08149a6162d649c4ff2e12a553ddbe,2026-08-20T16:39:47.000Z,Q1a
all_weight_entries,Thundergod2007/vipragsent-phobert-checkpoints,model,campaigns/vipragsent-v7-compact-20260820-190bb0f24a7e75a8/SHARD_H100_MIG20_COMPACT/nb-170d4c47-8a39-47ad-9425-d231de44fc92-857677f648-2qn8f/science/checkpoints/q1a_phobert_pragmatic_single_task_20260521/immutable_boundaries/0CBEBD67591E/boundary_0003_latest_0CBEBD67591E.pt,1613146263,93d0de73396734c766d09ffbbf1ad6dfa251d74b,0cbebd67591e456adf59201996d5182131d6a475d8c05bad0197c3ef11058a3b,1613146263,135,7babea99bc0aa47808521cd618150ccb60a20552d873f13961e5697695a8765f,d1400f81246ccb3d33f0ec285f910f49753b4cc7,2026-08-20T16:43:49.000Z,Q1a
all_weight_entries,Thundergod2007/vipragsent-phobert-checkpoints,model,campaigns/vipragsent-v7-compact-20260820-190bb0f24a7e75a8/SHARD_H100_MIG20_COMPACT/nb-170d4c47-8a39-47ad-9425-d231de44fc92-857677f648-2qn8f/science/checkpoints/q1a_phobert_pragmatic_single_task_20260521/immutable_boundaries/0D23D16B7F89/boundary_0004_latest_0D23D16B7F89.pt,1613146263,85e83612f47f9746fe639e066910ec0569d1a13e,0d23d16b7f89916ccd33ee09f5312c4d3c380cee0679cfe507a4e3ddd35a433f,1613146263,135,81c28c75a06cd45d6fb4d80c0f8e6c79e38f91a2931ba9e57dd57a0f37e920a8,4da1ebe6eedecf7320a70fe1b7320ed3d011efef,2026-08-20T16:49:53.000Z,Q1a
all_weight_entries,Thundergod2007/vipragsent-phobert-checkpoints,model,campaigns/vipragsent-v7-compact-20260820-190bb0f24a7e75a8/SHARD_H100_MIG20_COMPACT/nb-170d4c47-8a39-47ad-9425-d231de44fc92-857677f648-2qn8f/science/checkpoints/q1a_phobert_pragmatic_single_task_20260521/immutable_boundaries/0DA93A99950B/boundary_0001_best_0DA93A99950B.pt,1613111701,9b4c1a65cb70de06435bac1eb55d0dab402ddd11,0da93a99950b8167103aa205b55791990fe344b9893f2df543fbae741ebf1717,1613111701,135,3213bc4c3bccb3d14e85ec78ef8103e1fd62511ff0027813f50b5af8cc9b7eb9,bc18bce6745a953986564ced4a50e69c50bb43b0,2026-08-20T14:06:31.000Z,Q1a
all_weight_entries,Thundergod2007/vipragsent-phobert-checkpoints,model,campaigns/vipragsent-v7-compact-20260820-190bb0f24a7e75a8/SHARD_H100_MIG20_COMPACT/nb-170d4c47-8a39-47ad-9425-d231de44fc92-857677f648-2qn8f/science/checkpoints/q1a_phobert_pragmatic_single_task_20260521/immutable_boundaries/0FDF5480BE54/boundary_0004_latest_0FDF5480BE54.pt,1613146263,292e098c5572d263bf8869424e48432e0e13c20a,0fdf5480be540592a596f2715bfbab0d965cdf57fca4585de46c973fd31c86ec,1613146263,135,fbae944a0dde34429c581ec980bfc343b97efdafebb4d48a849efc640ca6861b,8236f9c11edf23b8e82196fbac1a3fe9b30692e2,2026-08-20T16:57:34.000Z,Q1a
all_weight_entries,Thundergod2007/vipragsent-phobert-checkpoints,model,campaigns/vipragsent-v7-compact-20260820-190bb0f24a7e75a8/SHARD_H100_MIG20_COMPACT/nb-170d4c47-8a39-47ad-9425-d231de44fc92-857677f648-2qn8f/science/checkpoints/q1a_phobert_pragmatic_single_task_20260521/immutable_boundaries/11DAEF3C0EA1/boundary_0001_latest_11DAEF3C0EA1.pt,1613146263,fe4c9cc5ededad87bf76008a5f5c81040fee8d04,11daef3c0ea1cb44d9b91d2f5ed22d151e80550431bb9096392722d9ad2c753e,1613146263,135,648c1f1511eb40c0aef77319925d3e30dce334f85ebec233407b2bc1732f03b8,a702cbbf7ab76547f0a636bb068ed51a7bf2e848,2026-08-20T14:11:19.000Z,Q1a
all_weight_entries,Thundergod2007/vipragsent-phobert-checkpoints,model,campaigns/vipragsent-v7-compact-20260820-190bb0f24a7e75a8/SHARD_H100_MIG20_COMPACT/nb-170d4c47-8a39-47ad-9425-d231de44fc92-857677f648-2qn8f/science/checkpoints/q1a_phobert_pragmatic_single_task_20260521/immutable_boundaries/18D6DB044CF2/boundary_0005_latest_18D6DB044CF2.pt,1613146263,1cd64c34cf0a3aad00f4e7a45b86f5564529aafe,18d6db044cf294d5171d0655742b3c402d6ae8ed8bcc0ac86f3cad73fe84ad1b,1613146263,135,c626ad3ccf20ed142301e334414ad52d5b9c33b7989c3b4d2882f88da8736705,89c3f9df8b5c188a7726438a28022851bc350446,2026-08-20T14:17:44.000Z,Q1a
all_weight_entries,Thundergod2007/vipragsent-phobert-checkpoints,model,campaigns/vipragsent-v7-compact-20260820-190bb0f24a7e75a8/SHARD_H100_MIG20_COMPACT/nb-170d4c47-8a39-47ad-9425-d231de44fc92-857677f648-2qn8f/science/checkpoints/q1a_phobert_pragmatic_single_task_20260521/immutable_boundaries/25DF18DAFFE1/boundary_0007_latest_25DF18DAFFE1.pt,1613146263,13a78f29569962dc63ddf2805a36b4a91deba107,25df18daffe10d0e8228aca8c4d8479dc94a46d7d15ca02d57c2a2cabb79747b,1613146263,135,9d5870428610506e29569b056242b90496e29fc3e430676e7eab5446dccb7e9e,2d3a94282af01ecaefc2e3672cbb6b9750f2846b,2026-08-20T14:29:12.000Z,Q1a
all_weight_entries,Thundergod2007/vipragsent-phobert-checkpoints,model,campaigns/vipragsent-v7-compact-20260820-190bb0f24a7e75a8/SHARD_H100_MIG20_COMPACT/nb-170d4c47-8a39-47ad-9425-d231de44fc92-857677f648-2qn8f/science/checkpoints/q1a_phobert_pragmatic_single_task_20260521/immutable_boundaries/2AECFC144D7D/boundary_0005_latest_2AECFC144D7D.pt,1613146263,52120d65e74b74577b6520b917b200debd5f04c1,2aecfc144d7d9bd063d6207d472b1cd84039007b1338e721a2a2f3b52571abac,1613146263,135,bdc24e076c58d15cbb99339984498557d87368d280a5444edc55b18fc32ebe5c,677e5c07970bb93466bdae21d74b09bba5125bae,2026-08-20T17:05:49.000Z,Q1a
all_weight_entries,Thundergod2007/vipragsent-phobert-checkpoints,model,campaigns/vipragsent-v7-compact-20260820-190bb0f24a7e75a8/SHARD_H100_MIG20_COMPACT/nb-170d4c47-8a39-47ad-9425-d231de44fc92-857677f648-2qn8f/science/checkpoints/q1a_phobert_pragmatic_single_task_20260521/immutable_boundaries/2BF4EA795D0C/boundary_0010_latest_2BF4EA795D0C.pt,1613146263,dc3f4083efba74fefab643fb8c07dcc2dac75de6,2bf4ea795d0c4441984ee16560ad083a1e4b8dc7f4a011fd33ecac5ca54168e9,1613146263,135,8d6cc220222a8cc2310d6cc9824cdb7ec58dcf6287b230349882dfa76cb50a22,f4f82b49b8bd97260eb6dc5de99f33552cb9ba79,2026-08-20T17:08:56.000Z,Q1a
all_weight_entries,Thundergod2007/vipragsent-phobert-checkpoints,model,campaigns/vipragsent-v7-compact-20260820-190bb0f24a7e75a8/SHARD_H100_MIG20_COMPACT/nb-170d4c47-8a39-47ad-9425-d231de44fc92-857677f648-2qn8f/science/checkpoints/q1a_phobert_pragmatic_single_task_20260521/immutable_boundaries/2EDE05A59119/boundary_0003_latest_2EDE05A59119.pt,1613146263,1516fda3a466dc1476cedcf3d82a2a8c91727553,2ede05a591198ad877cca3ec0b6abf8923e22db227bb1083ac1a7ce471e5fef0,1613146263,135,196b7361f66bd7a71ec3293a4c06506315e2f1f392e5df8b6a1bccaa4d3a5a85,d1328be75eb0ab9f838d75a0764e38333c6542a6,2026-08-22T11:32:18.000Z,Q1a
all_weight_entries,Thundergod2007/vipragsent-phobert-checkpoints,model,campaigns/vipragsent-v7-compact-20260820-190bb0f24a7e75a8/SHARD_H100_MIG20_COMPACT/nb-170d4c47-8a39-47ad-9425-d231de44fc92-857677f648-2qn8f/science/checkpoints/q1a_phobert_pragmatic_single_task_20260521/immutable_boundaries/31CB971735A4/boundary_0006_latest_31CB971735A4.pt,1613146263,4c6392d0cacef2a7f2de38ed006fbe1729b0022c,31cb971735a4f5c9a696f8ee4f2bf48ee0a32dc15bb5d49578c8fe6d9f9d3b57,1613146263,135,d220dc35502ae7b5286edd8c3099561d987364ff09ab3dfa7aaf7fc367b1ff1c,d433b1cec3ff39c5bb83261618c282beb4d1c1df,2026-08-20T17:11:57.000Z,Q1a
all_weight_entries,Thundergod2007/vipragsent-phobert-checkpoints,model,campaigns/vipragsent-v7-compact-20260820-190bb0f24a7e75a8/SHARD_H100_MIG20_COMPACT/nb-170d4c47-8a39-47ad-9425-d231de44fc92-857677f648-2qn8f/science/checkpoints/q1a_phobert_pragmatic_single_task_20260521/immutable_boundaries/31DDE34D18E7/boundary_0005_best_31DDE34D18E7.pt,1613111701,44c8da93b5c30cd361486cde8f7c3bd97a0aba18,31dde34d18e792adf10f14a6a91bacc803178a7e39dcde833266bdc7f0a9a990,1613111701,135,defbb9099d03cc1dcc0654dfd99f1b4cf90bdf914264c1391e6c36219fed8f16,8a2430b1f942126279b5370f9406e10dea076d7b,2026-08-20T17:15:19.000Z,Q1a
all_weight_entries,Thundergod2007/vipragsent-phobert-checkpoints,model,campaigns/vipragsent-v7-compact-20260820-190bb0f24a7e75a8/SHARD_H100_MIG20_COMPACT/nb-170d4c47-8a39-47ad-9425-d231de44fc92-857677f648-2qn8f/science/checkpoints/q1a_phobert_pragmatic_single_task_20260521/immutable_boundaries/333F4E024540/boundary_0003_best_333F4E024540.pt,1613111701,5996d1b59edc926160ead3a26ff4b1959c09105f,333f4e0245400ef020fcdf471f3792c4778b35a3e11703fbf651fe4fd5286fef,1613111701,135,f8d6dd5ad2d6e3768b2d9d50dd09c54064aea00f72c316fc21ab938f13eec914,a29cbe2f8cbbfc5f78c31eefc899640c45fe23ca,2026-08-20T14:37:15.000Z,Q1a
all_weight_entries,Thundergod2007/vipragsent-phobert-checkpoints,model,campaigns/vipragsent-v7-compact-20260820-190bb0f24a7e75a8/SHARD_H100_MIG20_COMPACT/nb-170d4c47-8a39-47ad-9425-d231de44fc92-857677f648-2qn8f/science/checkpoints/q1a_phobert_pragmatic_single_task_20260521/immutable_boundaries/38529CEADF3D/boundary_0001_best_38529CEADF3D.pt,1613111701,fc45916798cfcde0237e0ac7e73bebc57f70dbb6,38529ceadf3d9fa76b254c28c4ec288a1ada9d721fb64c7617c10e8753a97d9f,1613111701,135,b92a3dc60d2f39b3d32d9827f955302de1ac00afb3411f8113db90f19a2f3bc4,f98f78b748d7f481f0e484cfb0618b2e86a03155,2026-08-20T17:18:16.000Z,Q1a
all_weight_entries,Thundergod2007/vipragsent-phobert-checkpoints,model,campaigns/vipragsent-v7-compact-20260820-190bb0f24a7e75a8/SHARD_H100_MIG20_COMPACT/nb-170d4c47-8a39-47ad-9425-d231de44fc92-857677f648-2qn8f/science/checkpoints/q1a_phobert_pragmatic_single_task_20260521/immutable_boundaries/3F212874074E/boundary_0006_latest_3F212874074E.pt,1613146263,278c8dc985577757f43c04ffae6ae402ec4d2ed3,3f212874074ec09083000f1f349b96e2d4027eeac92bf256e3cfa8be82f841cc,1613146263,135,c466e4c8bf2cd2ce1dd4264440bbdb0b0af141fa1800eee463a5da3fc54257ab,4ceef3efb0e3eaef4485d09d76614912cda7c60e,2026-08-20T14:46:15.000Z,Q1a
all_weight_entries,Thundergod2007/vipragsent-phobert-checkpoints,model,campaigns/vipragsent-v7-compact-20260820-190bb0f24a7e75a8/SHARD_H100_MIG20_COMPACT/nb-170d4c47-8a39-47ad-9425-d231de44fc92-857677f648-2qn8f/science/checkpoints/q1a_phobert_pragmatic_single_task_20260521/immutable_boundaries/3FF4FFEAF666/boundary_0006_latest_3FF4FFEAF666.pt,1613146263,614862367acb43ac2a40a5fdd27b60856f1acf7b,3ff4ffeaf666dd38077849d93198f42268dbf0f4985bd9835273428174e26c96,1613146263,135,54179feeeccc620d88e677161be659e3464792d84837d09029d9aae5a7061799,3d88e95692c9ad6b8ec16d0e03fd7c9adc83b955,2026-08-20T17:25:18.000Z,Q1a
all_weight_entries,Thundergod2007/vipragsent-phobert-checkpoints,model,campaigns/vipragsent-v7-compact-20260820-190bb0f24a7e75a8/SHARD_H100_MIG20_COMPACT/nb-170d4c47-8a39-47ad-9425-d231de44fc92-857677f648-2qn8f/science/checkpoints/q1a_phobert_pragmatic_single_task_20260521/immutable_boundaries/415A498E86EC/boundary_0001_best_415A498E86EC.pt,1613111701,b678329294b9559f99da2bcd887a85ef4bd93c06,415a498e86ecfc845ade1bb82d4858a3ba485977583e6a785dae761c1d4827d1,1613111701,135,10d470dfe3efb73f60172614d4e2aecce5188e418cd3a71416c53eb814564abf,72a244eeb930b5aa07d16ebdd31b1e24c9df2b61,2026-08-20T17:26:53.000Z,Q1a
all_weight_entries,Thundergod2007/vipragsent-phobert-checkpoints,model,campaigns/vipragsent-v7-compact-20260820-190bb0f24a7e75a8/SHARD_H100_MIG20_COMPACT/nb-170d4c47-8a39-47ad-9425-d231de44fc92-857677f648-2qn8f/science/checkpoints/q1a_phobert_pragmatic_single_task_20260521/immutable_boundaries/425DD9F348D4/boundary_0002_best_425DD9F348D4.pt,1613111701,2a2fdae831159af867d88d87a6ba7d152939f185,425dd9f348d4bd394606a17b9d8e6ea69716cb032c3e1bf2b04add5e2c520c6b,1613111701,135,b3c3db5dca8806186d7a9e93893bed319f525a01639fd2d88f44e7039cbcbd79,bdf6e100ea233c771275dabbc79fc38abbec9b60,2026-08-20T17:32:06.000Z,Q1a
all_weight_entries,Thundergod2007/vipragsent-phobert-checkpoints,model,campaigns/vipragsent-v7-compact-20260820-190bb0f24a7e75a8/SHARD_H100_MIG20_COMPACT/nb-170d4c47-8a39-47ad-9425-d231de44fc92-857677f648-2qn8f/science/checkpoints/q1a_phobert_pragmatic_single_task_20260521/immutable_boundaries/440830918BB3/boundary_0003_latest_440830918BB3.pt,1613146263,ace0dc6550b049db2274e25d01b952c65a6c8e4f,440830918bb321240af4e26a842c61fc059b372d13d04b20bc24231de6e2b1b6,1613146263,135,e8488650a5e6157d17f68ecb019be9e5b95d6343d7833cdac3d8192e4e55a263,48b7a2024053deb6e3fe04f49abf7555b13486ff,2026-08-20T15:08:44.000Z,Q1a
all_weight_entries,Thundergod2007/vipragsent-phobert-checkpoints,model,campaigns/vipragsent-v7-compact-20260820-190bb0f24a7e75a8/SHARD_H100_MIG20_COMPACT/nb-170d4c47-8a39-47ad-9425-d231de44fc92-857677f648-2qn8f/science/checkpoints/q1a_phobert_pragmatic_single_task_20260521/immutable_boundaries/470D86363886/boundary_0006_best_470D86363886.pt,1613111701,f7ec11ff24e2b5222e75820bb59889ea1d3a93e8,470d86363886511b3036b2d3d95927da8aa998ce542bdb7aad3ef3131779acb3,1613111701,135,a9c5d9ce51aa27908c1464efc81dc10d920d176645a6f3b282117a8dff61aa9a,3fccce81aad52cfa70c2a16b7b9006b428c72856,2026-08-20T17:35:53.000Z,Q1a
all_weight_entries,Thundergod2007/vipragsent-phobert-checkpoints,model,campaigns/vipragsent-v7-compact-20260820-190bb0f24a7e75a8/SHARD_H100_MIG20_COMPACT/nb-170d4c47-8a39-47ad-9425-d231de44fc92-857677f648-2qn8f/science/checkpoints/q1a_phobert_pragmatic_single_task_20260521/immutable_boundaries/4869FEEA1CFD/boundary_0007_latest_4869FEEA1CFD.pt,1613146263,01a567b84d848a2e652f436b3fb6c14cce870c69,4869feea1cfd9479bb89bc6097cf8c540d15046d2d63235ae3e916b9e50b919c,1613146263,135,4dd68105ccc9c73ff179e553d2bade8232438b1c20c68166b50bc0126bcb7bda,598f5492950521b6a0b242ab20afd8e3a3d1e9d2,2026-08-20T17:36:49.000Z,Q1a
all_weight_entries,Thundergod2007/vipragsent-phobert-checkpoints,model,campaigns/vipragsent-v7-compact-20260820-190bb0f24a7e75a8/SHARD_H100_MIG20_COMPACT/nb-170d4c47-8a39-47ad-9425-d231de44fc92-857677f648-2qn8f/science/checkpoints/q1a_phobert_pragmatic_single_task_20260521/immutable_boundaries/4E75B6043EE6/boundary_0005_best_4E75B6043EE6.pt,1613111701,ff8adf7d8c56e2ea20bca188605653c983dc8c11,4e75b6043ee67766dcc8973672d3bcb27831a04c174a949eda717b57d2f68414,1613111701,135,9d775a7f633f1e42028cca6cbdc8e7780cf8a323dc0818b638814fe13014fcb5,2ab78a00bcd8c1a26692fec7aaba2fdac7e03732,2026-08-20T17:37:52.000Z,Q1a
all_weight_entries,Thundergod2007/vipragsent-phobert-checkpoints,model,campaigns/vipragsent-v7-compact-20260820-190bb0f24a7e75a8/SHARD_H100_MIG20_COMPACT/nb-170d4c47-8a39-47ad-9425-d231de44fc92-857677f648-2qn8f/science/checkpoints/q1a_phobert_pragmatic_single_task_20260521/immutable_boundaries/50038536E9C0/boundary_0004_latest_50038536E9C0.pt,1613146263,1bc4664facc744b151b11e3d9c451f1f0750fe1b,50038536e9c09c92bb11694d6145c852cf5a529c283ce3eead2286990f65f53f,1613146263,135,cc27636fa670dbcb6996a50439c443f5b44e7b25b32565cf7290ef3d543498b0,c6e64f03ab803ad50cddfa483391702b6d684cdc,2026-08-20T17:40:52.000Z,Q1a
all_weight_entries,Thundergod2007/vipragsent-phobert-checkpoints,model,campaigns/vipragsent-v7-compact-20260820-190bb0f24a7e75a8/SHARD_H100_MIG20_COMPACT/nb-170d4c47-8a39-47ad-9425-d231de44fc92-857677f648-2qn8f/science/checkpoints/q1a_phobert_pragmatic_single_task_20260521/immutable_boundaries/5150962332D3/boundary_0006_latest_5150962332D3.pt,1613146263,acd49363ce3c0d5d3cd038c868ddb5a835466e66,5150962332d3d19dcfe1b2cd7b4caa981d47edde72d409f2aed2da4256536672,1613146263,135,12e8edb6f8f95bb99239bbb884a3961b4b9fb189f4838c3f4f9fc66f5bef7574,2f8b8b52d1bc69e2d3d844526e37a089dfb96d14,2026-08-20T17:44:30.000Z,Q1a
all_weight_entries,Thundergod2007/vipragsent-phobert-checkpoints,model,campaigns/vipragsent-v7-compact-20260820-190bb0f24a7e75a8/SHARD_H100_MIG20_COMPACT/nb-170d4c47-8a39-47ad-9425-d231de44fc92-857677f648-2qn8f/science/checkpoints/q1a_phobert_pragmatic_single_task_20260521/immutable_boundaries/5ECCA6143A06/boundary_0002_best_5ECCA6143A06.pt,1613111701,c1e2290ccdfad233b4ac6ad90a37d0fa2b8d66bf,5ecca6143a0648b166b3762b72333b9e2636a2b8b78695cda9116413e4eeb702,1613111701,135,ac2bcd950dcc40e09df3dc57bf351646b5bd1359b60a2caf3abfd8241df3c2cf,eba0f60b260c05f354129f532c004b483d20b2cb,2026-08-20T17:47:18.000Z,Q1a
all_weight_entries,Thundergod2007/vipragsent-phobert-checkpoints,model,campaigns/vipragsent-v7-compact-20260820-190bb0f24a7e75a8/SHARD_H100_MIG20_COMPACT/nb-170d4c47-8a39-47ad-9425-d231de44fc92-857677f648-2qn8f/science/checkpoints/q1a_phobert_pragmatic_single_task_20260521/immutable_boundaries/69F4382EF18F/boundary_0005_latest_69F4382EF18F.pt,1613146263,ca46e7736b026cb20197cf51c516589b77695926,69f4382ef18f2643dab1f7c7d4e256ef0a02265435bf8ca427f2d6e5adaa8dd9,1613146263,135,63268b140daf0be1993c30b7f9d6e0e48769fb4fe1545a5d87cb5a5b3b52a87d,9ef6f778655fb1e4733efe837e5ff66adf619d51,2026-08-20T17:50:57.000Z,Q1a
all_weight_entries,Thundergod2007/vipragsent-phobert-checkpoints,model,campaigns/vipragsent-v7-compact-20260820-190bb0f24a7e75a8/SHARD_H100_MIG20_COMPACT/nb-170d4c47-8a39-47ad-9425-d231de44fc92-857677f648-2qn8f/science/checkpoints/q1a_phobert_pragmatic_single_task_20260521/immutable_boundaries/72A780153049/boundary_0003_best_72A780153049.pt,1613111701,ab0b684521da3168e83b8871a83d35f2d464b07d,72a780153049e24eb8b089784d814e01c40ab5bdff0609d5cf6310e30bb0c2a4,1613111701,135,1772574c35913af6966729bbc1e6f8e286fc5d36e7c140987b48d59957ac65d6,2ab39fef5213b32404869376b29db08244aeec98,2026-08-20T17:55:02.000Z,Q1a
all_weight_entries,Thundergod2007/vipragsent-phobert-checkpoints,model,campaigns/vipragsent-v7-compact-20260820-190bb0f24a7e75a8/SHARD_H100_MIG20_COMPACT/nb-170d4c47-8a39-47ad-9425-d231de44fc92-857677f648-2qn8f/science/checkpoints/q1a_phobert_pragmatic_single_task_20260521/immutable_boundaries/7B1D844392EC/boundary_0005_best_7B1D844392EC.pt,1613111701,7b108af34bf5387ba30839dabc148cc308d7ef7c,7b1d844392ecf40f899fb7c582b404300f8401cd2fd1b1c7703950c3c31f0ae6,1613111701,135,b9b2affa76438cc17c75c589202572f288b1405fb75f7e9f6c4026e8dcd96c40,e3598530d8ec975b22edf749ffea04ad2e0545c0,2026-08-20T17:55:43.000Z,Q1a
all_weight_entries,Thundergod2007/vipragsent-phobert-checkpoints,model,campaigns/vipragsent-v7-compact-20260820-190bb0f24a7e75a8/SHARD_H100_MIG20_COMPACT/nb-170d4c47-8a39-47ad-9425-d231de44fc92-857677f648-2qn8f/science/checkpoints/q1a_phobert_pragmatic_single_task_20260521/immutable_boundaries/7BE461392CA0/boundary_0005_latest_7BE461392CA0.pt,1613146263,7027d157094cbbc6e34324802a1dd45b43017f31,7be461392ca06df14923a6f14b52ccca9015a50788eac572afc528c4cb257b58,1613146263,135,a83f47a89fa9df6bd290d2fc52116a6c2116db12d6c7777524f36c43797382cf,be115c3fc0c7416749aefc72fb2b2aede1474368,2026-08-20T15:15:17.000Z,Q1a
all_weight_entries,Thundergod2007/vipragsent-phobert-checkpoints,model,campaigns/vipragsent-v7-compact-20260820-190bb0f24a7e75a8/SHARD_H100_MIG20_COMPACT/nb-170d4c47-8a39-47ad-9425-d231de44fc92-857677f648-2qn8f/science/checkpoints/q1a_phobert_pragmatic_single_task_20260521/immutable_boundaries/7BE54B6BF574/boundary_0008_latest_7BE54B6BF574.pt,1613146263,00d21746df60da957fa9a7b2890c604a3b47da5f,7be54b6bf5745b7cfdf6525a12d1e19c1f8369411b99fc2bd11288bb05df4aef,1613146263,135,6ffd7f4d4ca56cffb02c1de2d6d59235b75a8b0de1a2798d4f983ba8b710cec2,6403061da35be14cd4a4fca388b32d180fbcc79e,2026-08-20T17:59:07.000Z,Q1a
all_weight_entries,Thundergod2007/vipragsent-phobert-checkpoints,model,campaigns/vipragsent-v7-compact-20260820-190bb0f24a7e75a8/SHARD_H100_MIG20_COMPACT/nb-170d4c47-8a39-47ad-9425-d231de44fc92-857677f648-2qn8f/science/checkpoints/q1a_phobert_pragmatic_single_task_20260521/immutable_boundaries/7CFFC9754548/boundary_0001_best_7CFFC9754548.pt,1613111701,f8d34665e6330865df91665ad5cd8d727b6fe71d,7cffc97545482c95d8c02569a9b2c6d0019564dfee7aa75f01fa5bc179ce90c3,1613111701,135,c14ac901ea693c24830e50f31090d91314fba0420f2b2c994af57ecaec37b948,b1460864ac1974644271b47077f3269606bbcaf9,2026-08-20T15:33:26.000Z,Q1a
all_weight_entries,Thundergod2007/vipragsent-phobert-checkpoints,model,campaigns/vipragsent-v7-compact-20260820-190bb0f24a7e75a8/SHARD_H100_MIG20_COMPACT/nb-170d4c47-8a39-47ad-9425-d231de44fc92-857677f648-2qn8f/science/checkpoints/q1a_phobert_pragmatic_single_task_20260521/immutable_boundaries/7E0F17070331/boundary_0006_best_7E0F17070331.pt,1613111701,6417f56d96d7d95ed9680f468ab24af23a2c175b,7e0f1707033133bf19d8a790cc0d87bab5deea28ef9480a5c1fa56759bab036f,1613111701,135,b6d554d6412f4db76942ac8c7e400e3fbddddb9ac455be85f0fa03b5ad4f1bd9,fb5d9b91ba724881ede8ae385233774065fcd256,2026-08-20T15:37:20.000Z,Q1a
all_weight_entries,Thundergod2007/vipragsent-phobert-checkpoints,model,campaigns/vipragsent-v7-compact-20260820-190bb0f24a7e75a8/SHARD_H100_MIG20_COMPACT/nb-170d4c47-8a39-47ad-9425-d231de44fc92-857677f648-2qn8f/science/checkpoints/q1a_phobert_pragmatic_single_task_20260521/immutable_boundaries/83BF07F898F5/boundary_0004_latest_83BF07F898F5.pt,1613146263,2da8537ec3bb834238d5be38d805bb48c30d91ce,83bf07f898f5d1c8e4a66365ce7494f9d133071f19210895920a453a4dadb732,1613146263,135,7ec80c096a7438a6ef2f4a1e3aedc49ca8ab48dfe359cd18a1559b9fe9728633,7ece987bb9495fce837b6a0ed6cbbea600458b8b,2026-08-22T11:28:36.000Z,Q1a
all_weight_entries,Thundergod2007/vipragsent-phobert-checkpoints,model,campaigns/vipragsent-v7-compact-20260820-190bb0f24a7e75a8/SHARD_H100_MIG20_COMPACT/nb-170d4c47-8a39-47ad-9425-d231de44fc92-857677f648-2qn8f/science/checkpoints/q1a_phobert_pragmatic_single_task_20260521/immutable_boundaries/8557EFF98A9F/boundary_0004_best_8557EFF98A9F.pt,1613111701,fd02a557f4ad429050649612e52ca500e6240d25,8557eff98a9f3e090c4d9d0ec2b913cb5288aab5fbe105933c2d13923b909b3e,1613111701,135,9d2a58f843c60adcb71b55637d6eea82619af9d26ce43ca210869260dfab60d1,8fc935d322511958f40abdb81d009fd28d0a60d2,2026-08-20T18:01:55.000Z,Q1a
all_weight_entries,Thundergod2007/vipragsent-phobert-checkpoints,model,campaigns/vipragsent-v7-compact-20260820-190bb0f24a7e75a8/SHARD_H100_MIG20_COMPACT/nb-170d4c47-8a39-47ad-9425-d231de44fc92-857677f648-2qn8f/science/checkpoints/q1a_phobert_pragmatic_single_task_20260521/immutable_boundaries/8585F867D925/boundary_0007_latest_8585F867D925.pt,1613146263,dcaa7b179b441dbe9b3b647e16961a5923fb9d60,8585f867d925f57e075319c1f30b623d8829fc50ede9cba187df56464928b42d,1613146263,135,27c67680ba5a44ef02069352854362ab7d94b7e3f5e2087d55c4577731cb6016,af08a2f8f97f5656bb4f7aef25b9d401f813bf03,2026-08-22T11:31:23.000Z,Q1a
all_weight_entries,Thundergod2007/vipragsent-phobert-checkpoints,model,campaigns/vipragsent-v7-compact-20260820-190bb0f24a7e75a8/SHARD_H100_MIG20_COMPACT/nb-170d4c47-8a39-47ad-9425-d231de44fc92-857677f648-2qn8f/science/checkpoints/q1a_phobert_pragmatic_single_task_20260521/immutable_boundaries/868EE5F91D44/boundary_0002_best_868EE5F91D44.pt,1613111701,2888509de4dd8d9ba1186a1ba37589a9c1ac8a74,868ee5f91d44f93a65340704b2627e16991af9526d9430ff7c92090d6dbddd04,1613111701,135,d32b839c40023240fb29aaf2572f40fa75e5421b3d0fb4bc54e1f18497d7f5a2,d1c8540b68708bccbb52073925945b8f7823ca6d,2026-08-20T18:05:08.000Z,Q1a
all_weight_entries,Thundergod2007/vipragsent-phobert-checkpoints,model,campaigns/vipragsent-v7-compact-20260820-190bb0f24a7e75a8/SHARD_H100_MIG20_COMPACT/nb-170d4c47-8a39-47ad-9425-d231de44fc92-857677f648-2qn8f/science/checkpoints/q1a_phobert_pragmatic_single_task_20260521/immutable_boundaries/8A83531D7CB4/boundary_0008_best_8A83531D7CB4.pt,1613111701,77e1bd47de05057590774e0ae7880ec0d7e810e0,8a83531d7cb48ca416bc04b59aa23f0b007060ebb8d808f8d8e5bd46f5190452,1613111701,135,0769941e6e7a9478bd76978cea123d5ae93211c382cd5fd9ce8a67120be9a552,d062a42a3dbe2a1eb29311fbafe8b8624a78f268,2026-08-20T18:06:24.000Z,Q1a
all_weight_entries,Thundergod2007/vipragsent-phobert-checkpoints,model,campaigns/vipragsent-v7-compact-20260820-190bb0f24a7e75a8/SHARD_H100_MIG20_COMPACT/nb-170d4c47-8a39-47ad-9425-d231de44fc92-857677f648-2qn8f/science/checkpoints/q1a_phobert_pragmatic_single_task_20260521/immutable_boundaries/8AEC56F4E99E/boundary_0005_latest_8AEC56F4E99E.pt,1613146263,1ad2674555df7aec1e62b6d4b60e2184c401707b,8aec56f4e99e427d9a7dc759de3409651000d20db9684528035700a84947c2e4,1613146263,135,d19fa8adda896317479ea3d54e968eda7af5f7c133b38756a08265ba55f9d156,8fc80f05338fc81501eb774812cfaee6ff2fcc79,2026-08-20T18:08:04.000Z,Q1a
all_weight_entries,Thundergod2007/vipragsent-phobert-checkpoints,model,campaigns/vipragsent-v7-compact-20260820-190bb0f24a7e75a8/SHARD_H100_MIG20_COMPACT/nb-170d4c47-8a39-47ad-9425-d231de44fc92-857677f648-2qn8f/science/checkpoints/q1a_phobert_pragmatic_single_task_20260521/immutable_boundaries/8D919DF4B69B/boundary_0002_best_8D919DF4B69B.pt,1613111701,1d140e2c5f5e542365dc218114ab5c671bce496d,8d919df4b69bde6219887d5f14ae79043d124fa867b684b75bb8da76cf1cb619,1613111701,135,7219b1b2bbf6f3eb5c49a665ad664421165133b51f21c62b945d15944fe9dbc1,38eca03b25a193400886aea02efa8c4f5ba9ebe1,2026-08-20T15:43:10.000Z,Q1a
all_weight_entries,Thundergod2007/vipragsent-phobert-checkpoints,model,campaigns/vipragsent-v7-compact-20260820-190bb0f24a7e75a8/SHARD_H100_MIG20_COMPACT/nb-170d4c47-8a39-47ad-9425-d231de44fc92-857677f648-2qn8f/science/checkpoints/q1a_phobert_pragmatic_single_task_20260521/immutable_boundaries/9791D8373F5F/boundary_0003_latest_9791D8373F5F.pt,1613146263,0ba9f57bd6af55ae540df95a5bdf55bbf6445a9e,9791d8373f5f00fe781b9a87380fe1e3202cef24b244d0851a34fde45964f789,1613146263,135,eb1afe5ad5dee306abc324edc161d2f243407cd292a30713ca6ddcdcf376c070,e3c26af2989f576612f5d7715e1f972f00948ae2,2026-08-20T18:08:54.000Z,Q1a
all_weight_entries,Thundergod2007/vipragsent-phobert-checkpoints,model,campaigns/vipragsent-v7-compact-20260820-190bb0f24a7e75a8/SHARD_H100_MIG20_COMPACT/nb-170d4c47-8a39-47ad-9425-d231de44fc92-857677f648-2qn8f/science/checkpoints/q1a_phobert_pragmatic_single_task_20260521/immutable_boundaries/98B535E1DEB6/boundary_0003_latest_98B535E1DEB6.pt,1613146263,1e9f0066a7aeefc8177ced1455f6baba8d5f6067,98b535e1deb69d0870b0f23dde3e6988af8d27b9d2543707f58e3ee01b33f817,1613146263,135,a1da2005f9f5618cbd06d2bb9e87cabceb107c5d13e818fb34e7d25c7975b8e3,5618d5969afc4a78c15fe6507206994656aea6d0,2026-08-20T15:46:41.000Z,Q1a
all_weight_entries,Thundergod2007/vipragsent-phobert-checkpoints,model,campaigns/vipragsent-v7-compact-20260820-190bb0f24a7e75a8/SHARD_H100_MIG20_COMPACT/nb-170d4c47-8a39-47ad-9425-d231de44fc92-857677f648-2qn8f/science/checkpoints/q1a_phobert_pragmatic_single_task_20260521/immutable_boundaries/9ABD1E2C50EC/boundary_0001_latest_9ABD1E2C50EC.pt,1613146263,5daa949614836a86e36ce4ed2445b8440f9e04f1,9abd1e2c50ec8223df27aa5721c3b0587a79cf148dc5ff5c07ccea9cc56726fd,1613146263,135,949ca9e2ab5e20bb912e2b8ea0144290ac9c4902d9703d1eed31e266fae9f350,0b68820a7a0c0b04d21098ce983b8300b0e0d3c6,2026-08-20T18:12:30.000Z,Q1a
all_weight_entries,Thundergod2007/vipragsent-phobert-checkpoints,model,campaigns/vipragsent-v7-compact-20260820-190bb0f24a7e75a8/SHARD_H100_MIG20_COMPACT/nb-170d4c47-8a39-47ad-9425-d231de44fc92-857677f648-2qn8f/science/checkpoints/q1a_phobert_pragmatic_single_task_20260521/immutable_boundaries/9B8E0928D9A7/boundary_0004_latest_9B8E0928D9A7.pt,1613146263,cf1a7dda18ecf3d398f10ff25c6812777db753bc,9b8e0928d9a7b665bd615e4b65dee82907a5c253ec71ecb848635ce5fce19fc1,1613146263,135,8d6238bc55a827561c2e02caa267c820028cbc2b352689db4f2eb88e2daef98e,9298c14278e02ab75120e0b6fe0da1c54d7123e5,2026-08-20T15:52:25.000Z,Q1a
all_weight_entries,Thundergod2007/vipragsent-phobert-checkpoints,model,campaigns/vipragsent-v7-compact-20260820-190bb0f24a7e75a8/SHARD_H100_MIG20_COMPACT/nb-170d4c47-8a39-47ad-9425-d231de44fc92-857677f648-2qn8f/science/checkpoints/q1a_phobert_pragmatic_single_task_20260521/immutable_boundaries/9F797F9FCB94/boundary_0001_latest_9F797F9FCB94.pt,1613146263,e9e1f9076c7109eb37bb2dcf4d2298fa9c05775f,9f797f9fcb94602d7becc03b0ce4eafbe2716a3ce7e864c80c908462aa80e03c,1613146263,135,0d728ce340aec9b607c5aae55b8daff8f6baa9307d0364a0f78f186b012bfdd9,d7fc8bc89ef52f5ced6c9e7d00f2648d0c1ca837,2026-08-20T15:55:42.000Z,Q1a
all_weight_entries,Thundergod2007/vipragsent-phobert-checkpoints,model,campaigns/vipragsent-v7-compact-20260820-190bb0f24a7e75a8/SHARD_H100_MIG20_COMPACT/nb-170d4c47-8a39-47ad-9425-d231de44fc92-857677f648-2qn8f/science/checkpoints/q1a_phobert_pragmatic_single_task_20260521/immutable_boundaries/A0CE9F7E99D6/boundary_0004_latest_A0CE9F7E99D6.pt,1613146263,94028793e9aa2695e1a1b44a7eab87eef9591759,a0ce9f7e99d67be90007d57c2420be6a1a5005c78f34f3342ac1f7071eb95500,1613146263,135,01a6ff3104acaa0c7add8f1f44fd6f33b04f6aa1ed8e5778b7b30630885a6c6e,1b0a896b8333a9c1701d8b223f8fdc2e85b055cb,2026-08-22T11:30:27.000Z,Q1a
all_weight_entries,Thundergod2007/vipragsent-phobert-checkpoints,model,campaigns/vipragsent-v7-compact-20260820-190bb0f24a7e75a8/SHARD_H100_MIG20_COMPACT/nb-170d4c47-8a39-47ad-9425-d231de44fc92-857677f648-2qn8f/science/checkpoints/q1a_phobert_pragmatic_single_task_20260521/immutable_boundaries/A16C59323FB8/boundary_0004_latest_A16C59323FB8.pt,1613146263,71afe8ecad4e7439e8d69c11671821919f04a434,a16c59323fb876f98300d9eebf22d29134c6362498ba445f65708300883042de,1613146263,135,a95edb4ef4d8ff0367ef6ff1e1218602525bd578586c87cba6353af7f70744cf,556c1ebb3b382f6f26e53e15f4df56776bce8ed4,2026-08-22T11:27:39.000Z,Q1a
all_weight_entries,Thundergod2007/vipragsent-phobert-checkpoints,model,campaigns/vipragsent-v7-compact-20260820-190bb0f24a7e75a8/SHARD_H100_MIG20_COMPACT/nb-170d4c47-8a39-47ad-9425-d231de44fc92-857677f648-2qn8f/science/checkpoints/q1a_phobert_pragmatic_single_task_20260521/immutable_boundaries/A1B958273E02/boundary_0008_latest_A1B958273E02.pt,1613146263,da73b39c336d6863ef0d73286507645800fa6c07,a1b958273e02315efc00f0777ea57f35950911494e2c9c32c080eee529445aa4,1613146263,135,2ea980da133da677d044ccc1386ee2045450b03bf64161538632f2c6025a5e6b,0e6b97443c40c7adcdfc9bb6d2b397d328d21569,2026-08-22T11:29:31.000Z,Q1a
all_weight_entries,Thundergod2007/vipragsent-phobert-checkpoints,model,campaigns/vipragsent-v7-compact-20260820-190bb0f24a7e75a8/SHARD_H100_MIG20_COMPACT/nb-170d4c47-8a39-47ad-9425-d231de44fc92-857677f648-2qn8f/science/checkpoints/q1a_phobert_pragmatic_single_task_20260521/immutable_boundaries/A2214AAC6D9A/boundary_0004_latest_A2214AAC6D9A.pt,1613146263,324e7f3d876421a499aa05c046f45c16112dc7a5,a2214aac6d9a69817ca6557f520799c7b662e7017b8657de8694c85474f9820d,1613146263,135,81b935818f2475d77d25b1ead9fb5a4ca4a755b2d7177529b81f0ff33858f11d,86e804b217ca998dbb0ab1d0938ce21eeb7fceea,2026-08-20T15:56:27.000Z,Q1a
all_weight_entries,Thundergod2007/vipragsent-phobert-checkpoints,model,campaigns/vipragsent-v7-compact-20260820-190bb0f24a7e75a8/SHARD_H100_MIG20_COMPACT/nb-170d4c47-8a39-47ad-9425-d231de44fc92-857677f648-2qn8f/science/checkpoints/q1a_phobert_pragmatic_single_task_20260521/immutable_boundaries/ACFDCD350E59/boundary_0001_latest_ACFDCD350E59.pt,1613146263,59546231d981c47e06ea2a06b85f54ba499bb1fe,acfdcd350e59db1973f2c2e88ef78eb5fbaa1e98912d690d26c7b8e44c152b10,1613146263,135,c4fd17283463d90709e0876c14e6aca3cd945d81c7b42bc42b9c603a548fd29f,6c7f26ad6a45c9de7f0f070027adfbe007ecfe3c,2026-08-20T18:13:04.000Z,Q1a
all_weight_entries,Thundergod2007/vipragsent-phobert-checkpoints,model,campaigns/vipragsent-v7-compact-20260820-190bb0f24a7e75a8/SHARD_H100_MIG20_COMPACT/nb-170d4c47-8a39-47ad-9425-d231de44fc92-857677f648-2qn8f/science/checkpoints/q1a_phobert_pragmatic_single_task_20260521/immutable_boundaries/AF85EEFF53BA/boundary_0004_latest_AF85EEFF53BA.pt,1613146263,eecf9df64b3394efc62718fc250d6d0c6e6559bd,af85eeff53ba90d76c42bea0b49e245bb0f71b9a7b32d6208dcedeb57a8f04ba,1613146263,135,9cf8fdbfcac18eb034bbc72360a4f153712fdecb87d9f7f44292d7208766cfdc,847b85b0369065ad3a7719b0f5e74553c87a7d6b,2026-08-20T18:13:51.000Z,Q1a
all_weight_entries,Thundergod2007/vipragsent-phobert-checkpoints,model,campaigns/vipragsent-v7-compact-20260820-190bb0f24a7e75a8/SHARD_H100_MIG20_COMPACT/nb-170d4c47-8a39-47ad-9425-d231de44fc92-857677f648-2qn8f/science/checkpoints/q1a_phobert_pragmatic_single_task_20260521/immutable_boundaries/B0A69E813961/boundary_0002_latest_B0A69E813961.pt,1613146263,34cfdd7c1a0c1fe5229bb62d08e690a9c832dd75,b0a69e813961b57b51009e1b4cb475c5c55a535899ad7854331fb13daeeb0b40,1613146263,135,eb41b5a64b717d4f093e575ba762dd779a851a73fe31a35776c0276758523989,78763874684f4ef114822e45984068cc846071da,2026-08-20T18:16:56.000Z,Q1a
all_weight_entries,Thundergod2007/vipragsent-phobert-checkpoints,model,campaigns/vipragsent-v7-compact-20260820-190bb0f24a7e75a8/SHARD_H100_MIG20_COMPACT/nb-170d4c47-8a39-47ad-9425-d231de44fc92-857677f648-2qn8f/science/checkpoints/q1a_phobert_pragmatic_single_task_20260521/immutable_boundaries/B22D5C9B045A/boundary_0003_latest_B22D5C9B045A.pt,1613146263,e5fe65e0adb098c0ad41583263bb081285bfde16,b22d5c9b045a2f666d0b825056639531d32b604631e88ba87648888e7e31c4c2,1613146263,135,c00012b10e9b28038797a0fd9754fc44dccb2e1484d34530ee765e72429c0627,7505c3e81244fd1579c3712137df1c51c4bccc63,2026-08-20T18:19:46.000Z,Q1a
all_weight_entries,Thundergod2007/vipragsent-phobert-checkpoints,model,campaigns/vipragsent-v7-compact-20260820-190bb0f24a7e75a8/SHARD_H100_MIG20_COMPACT/nb-170d4c47-8a39-47ad-9425-d231de44fc92-857677f648-2qn8f/science/checkpoints/q1a_phobert_pragmatic_single_task_20260521/immutable_boundaries/B6B766DFA225/boundary_0008_latest_B6B766DFA225.pt,1613146263,449e3d0a3592fba1d28b81fdca1aaf85d8810fd1,b6b766dfa2251fbfdf7cfcc2e4c51f5e5d8746eb5be16fb557d0b77d8dfb5454,1613146263,135,807654e80e48ea43590130396e75ea57fbbda45895cad10a0569d95f4f1ae209,f44052a9ba82b7e4249c0d68937f1df355c0b9ea,2026-08-20T16:07:37.000Z,Q1a
all_weight_entries,Thundergod2007/vipragsent-phobert-checkpoints,model,campaigns/vipragsent-v7-compact-20260820-190bb0f24a7e75a8/SHARD_H100_MIG20_COMPACT/nb-170d4c47-8a39-47ad-9425-d231de44fc92-857677f648-2qn8f/science/checkpoints/q1a_phobert_pragmatic_single_task_20260521/immutable_boundaries/BAE320A7531B/boundary_0003_best_BAE320A7531B.pt,1613111701,2d190df1f7d682212de9284b4f3d10b10b60d55c,bae320a7531bbe3b3fa39aa407f66cab18df05368e1dfc113345455647b309b9,1613111701,135,20265638825a6aff9fc4878010e80f3e55f12109b1a5dae565f1a5516c6b2410,7ba1148220d226d65a9dde16f4cec82c8c8adfb7,2026-08-20T18:22:41.000Z,Q1a
all_weight_entries,Thundergod2007/vipragsent-phobert-checkpoints,model,campaigns/vipragsent-v7-compact-20260820-190bb0f24a7e75a8/SHARD_H100_MIG20_COMPACT/nb-170d4c47-8a39-47ad-9425-d231de44fc92-857677f648-2qn8f/science/checkpoints/q1a_phobert_pragmatic_single_task_20260521/immutable_boundaries/BD8F8D97CE8D/boundary_0006_latest_BD8F8D97CE8D.pt,1613146263,92b59ad0d1a5fed3f33f67cd4a3db3c5c9c75e60,bd8f8d97ce8de197ab92b836d35330c3177832001af28dda28332c118d94b1bb,1613146263,135,5ae00483b6453c5ea7fab7db4f681c6cc4c9494d15a44ae9219146c95effc498,030ffce9c5f8b71af72a8b3ba266f2c52d249123,2026-08-20T18:25:35.000Z,Q1a
all_weight_entries,Thundergod2007/vipragsent-phobert-checkpoints,model,campaigns/vipragsent-v7-compact-20260820-190bb0f24a7e75a8/SHARD_H100_MIG20_COMPACT/nb-170d4c47-8a39-47ad-9425-d231de44fc92-857677f648-2qn8f/science/checkpoints/q1a_phobert_pragmatic_single_task_20260521/immutable_boundaries/C3739B88BD6F/boundary_0002_latest_C3739B88BD6F.pt,1613146263,d1bf6dda5bc22dc30c7395472447105ddae27a16,c3739b88bd6fb726b9209f3383b0febe4269cd884841c472e283818a053a77d5,1613146263,135,309e5e3ee32d8f63b4283cd4ffb5cd1cb36faefc8395464661109ded620e4b05,ebc848da2639309c9b05190d05a0e0036fa6570e,2026-08-20T18:28:31.000Z,Q1a
all_weight_entries,Thundergod2007/vipragsent-phobert-checkpoints,model,campaigns/vipragsent-v7-compact-20260820-190bb0f24a7e75a8/SHARD_H100_MIG20_COMPACT/nb-170d4c47-8a39-47ad-9425-d231de44fc92-857677f648-2qn8f/science/checkpoints/q1a_phobert_pragmatic_single_task_20260521/immutable_boundaries/C5410372F8C4/boundary_0008_latest_C5410372F8C4.pt,1613146263,31a4ecb6a83dc0476c23a86c0515be30efe1ad5d,c5410372f8c4d9eb8e8cef6f5759ce30c1369d8505b8329aef006409d1b77343,1613146263,135,40b27aa02e7dc72dafa2f783cec46336703aecdf92c5dc00514658e6f3d7398e,689a5f76a18d79bf8b6373a8b40160ebaff2c5bc,2026-08-20T18:29:03.000Z,Q1a
all_weight_entries,Thundergod2007/vipragsent-phobert-checkpoints,model,campaigns/vipragsent-v7-compact-20260820-190bb0f24a7e75a8/SHARD_H100_MIG20_COMPACT/nb-170d4c47-8a39-47ad-9425-d231de44fc92-857677f648-2qn8f/science/checkpoints/q1a_phobert_pragmatic_single_task_20260521/immutable_boundaries/C97C3B9DBFC7/boundary_0003_best_C97C3B9DBFC7.pt,1613111701,07933fd2b6b659e7c468bf0f1c3e71dc27224e5b,c97c3b9dbfc7539a95c57caffe0c026e42c00155a8f5457601ae81d6012840b7,1613111701,135,e790491561927d07f1c140d6c86005f74123920f5abf91c6fbcbf5209b6d09b2,f64ffcc8b783cb9de643741f2dd8217754c16b47,2026-08-20T16:10:52.000Z,Q1a
all_weight_entries,Thundergod2007/vipragsent-phobert-checkpoints,model,campaigns/vipragsent-v7-compact-20260820-190bb0f24a7e75a8/SHARD_H100_MIG20_COMPACT/nb-170d4c47-8a39-47ad-9425-d231de44fc92-857677f648-2qn8f/science/checkpoints/q1a_phobert_pragmatic_single_task_20260521/immutable_boundaries/D33C00EE0BEE/boundary_0001_best_D33C00EE0BEE.pt,1613111701,9922d9a5d824bf341e5a7e11c8ee650aac8534cd,d33c00ee0bee59fd0269be61b0b51f887f729cff2e7b33078fecd097f5683ee6,1613111701,135,c0c3c124581eee6b3312ae1bad523ae3b9b63b67b948389a7c64d4b447d0e068,8c0ca456680c714ea7017845e736dbb711d09196,2026-08-20T18:29:39.000Z,Q1a
all_weight_entries,Thundergod2007/vipragsent-phobert-checkpoints,model,campaigns/vipragsent-v7-compact-20260820-190bb0f24a7e75a8/SHARD_H100_MIG20_COMPACT/nb-170d4c47-8a39-47ad-9425-d231de44fc92-857677f648-2qn8f/science/checkpoints/q1a_phobert_pragmatic_single_task_20260521/immutable_boundaries/D4C35B6763D1/boundary_0007_latest_D4C35B6763D1.pt,1613146263,84a94aa52bf5774ea79f5748821f025f6a431ea4,d4c35b6763d1dcc0e1ab62646b7a86e0e35f61eed49c20b752eb3bf8a1926864,1613146263,135,5b7161c142c11bde60db1675f3f087f538cc5fa12b4fc13a9f9713297c717858,26d421af2668c680a1b190873eed56d641b1ac92,2026-08-20T18:32:30.000Z,Q1a
all_weight_entries,Thundergod2007/vipragsent-phobert-checkpoints,model,campaigns/vipragsent-v7-compact-20260820-190bb0f24a7e75a8/SHARD_H100_MIG20_COMPACT/nb-170d4c47-8a39-47ad-9425-d231de44fc92-857677f648-2qn8f/science/checkpoints/q1a_phobert_pragmatic_single_task_20260521/immutable_boundaries/D8AD22F49F8A/boundary_0002_latest_D8AD22F49F8A.pt,1613146263,3959e0010f194362b3e76d2fe680409578d483f1,d8ad22f49f8a6f1e468acf0465a749cbc88a2001d24cd1fa566626b04c94d2b6,1613146263,135,179ed8f41ad4ce24db039b3cf35bd0153fb7dac81cb247f464e5fe9691e6df72,7fe66174a31ddb386b381fbfef740e291bfb736b,2026-08-20T18:33:28.000Z,Q1a
all_weight_entries,Thundergod2007/vipragsent-phobert-checkpoints,model,campaigns/vipragsent-v7-compact-20260820-190bb0f24a7e75a8/SHARD_H100_MIG20_COMPACT/nb-170d4c47-8a39-47ad-9425-d231de44fc92-857677f648-2qn8f/science/checkpoints/q1a_phobert_pragmatic_single_task_20260521/immutable_boundaries/DA5A8F9E22CF/boundary_0001_latest_DA5A8F9E22CF.pt,1613146263,44e03f7543c7bbf3bc77a098dbd2e6e1b980c3c4,da5a8f9e22cf49d619362db0110b42efc4718e9682413ac64a46a65c6f8463b3,1613146263,135,3e95fc1f0b3c1380d810d71bae6155ac03803bf5a5e6a6035ae9a62b13550f5c,f46aad07eb2d37f02ac92021b0040eaeab2e90e4,2026-08-20T16:11:23.000Z,Q1a
all_weight_entries,Thundergod2007/vipragsent-phobert-checkpoints,model,campaigns/vipragsent-v7-compact-20260820-190bb0f24a7e75a8/SHARD_H100_MIG20_COMPACT/nb-170d4c47-8a39-47ad-9425-d231de44fc92-857677f648-2qn8f/science/checkpoints/q1a_phobert_pragmatic_single_task_20260521/immutable_boundaries/DB3F97B87BA3/boundary_0009_latest_DB3F97B87BA3.pt,1613146263,4a67f14a8a1ade56bb90352bc8ed4ebfb6a1a891,db3f97b87ba30ae85700a8f489876596f617d299c07a29fcb00fc0c39a7aec4f,1613146263,135,8ba2361e5d250faf3aa3a5dc7a623551e317cc2dfc2990009bd489c265d54701,e92ec3717858630d465866800377d2c737fa7499,2026-08-20T18:34:43.000Z,Q1a
all_weight_entries,Thundergod2007/vipragsent-phobert-checkpoints,model,campaigns/vipragsent-v7-compact-20260820-190bb0f24a7e75a8/SHARD_H100_MIG20_COMPACT/nb-170d4c47-8a39-47ad-9425-d231de44fc92-857677f648-2qn8f/science/checkpoints/q1a_phobert_pragmatic_single_task_20260521/immutable_boundaries/E2A010718B90/boundary_0007_best_E2A010718B90.pt,1613111701,3d6e237f19b1b438df312e14389461eadb1a058c,e2a010718b9022a40186fd2b125f3dce1da61d44c45866190b274c0a28c5603f,1613111701,135,20803dbf6c445f74acd25f3aa4ca899a8c1623543c2b405615b5f4569c4132f0,fc02ca63880cbf287f63a3a7da056bb776136d1c,2026-08-20T18:35:53.000Z,Q1a
all_weight_entries,Thundergod2007/vipragsent-phobert-checkpoints,model,campaigns/vipragsent-v7-compact-20260820-190bb0f24a7e75a8/SHARD_H100_MIG20_COMPACT/nb-170d4c47-8a39-47ad-9425-d231de44fc92-857677f648-2qn8f/science/checkpoints/q1a_phobert_pragmatic_single_task_20260521/immutable_boundaries/E53985F8AFBB/boundary_0005_best_E53985F8AFBB.pt,1613111701,2937a935f623f9209adb96f059d51decd29022f4,e53985f8afbb2ab7399e2832675a0570fc997d3cb4e4029374e2fc96208b9fd5,1613111701,135,57fec7280fe2055a048366214d40da49a37465b9678f1c042489dd04eea7f706,371dba5ad1e231419267a7936d3e7242e7bf559e,2026-08-20T18:36:42.000Z,Q1a
all_weight_entries,Thundergod2007/vipragsent-phobert-checkpoints,model,campaigns/vipragsent-v7-compact-20260820-190bb0f24a7e75a8/SHARD_H100_MIG20_COMPACT/nb-170d4c47-8a39-47ad-9425-d231de44fc92-857677f648-2qn8f/science/checkpoints/q1a_phobert_pragmatic_single_task_20260521/immutable_boundaries/ED204F9B793B/boundary_0002_latest_ED204F9B793B.pt,1613146263,db62a28d0f84774e5de9184eae37291f78dcccd0,ed204f9b793b76315a39d62dfff13535ef35dc6443177b889c524e5da11cf33f,1613146263,135,ed226ec136384c5f80aa19d1aeb94d8813a2da31f482d972ef8a548f7e5903ab,9b1de4f8c6c6763b5b404f37da6ad358d0f1aa42,2026-08-20T18:39:42.000Z,Q1a
all_weight_entries,Thundergod2007/vipragsent-phobert-checkpoints,model,campaigns/vipragsent-v7-compact-20260820-190bb0f24a7e75a8/SHARD_H100_MIG20_COMPACT/nb-170d4c47-8a39-47ad-9425-d231de44fc92-857677f648-2qn8f/science/checkpoints/q1a_phobert_pragmatic_single_task_20260521/immutable_boundaries/ED34BADBE181/boundary_0003_latest_ED34BADBE181.pt,1613146263,829b05a7ad2f53213a85f984f906c232954c3e3c,ed34badbe181af5619394b96f73da2985f20830c26492f996dc244358994dbc5,1613146263,135,960b3af33e0fa39f84df4ca1ed56919b7d7e749bc4addb12fc3d490e916e4450,45c3a17f294c033c83567442b91590570fa1ec2e,2026-08-20T18:40:14.000Z,Q1a
all_weight_entries,Thundergod2007/vipragsent-phobert-checkpoints,model,campaigns/vipragsent-v7-compact-20260820-190bb0f24a7e75a8/SHARD_H100_MIG20_COMPACT/nb-170d4c47-8a39-47ad-9425-d231de44fc92-857677f648-2qn8f/science/checkpoints/q1a_phobert_pragmatic_single_task_20260521/immutable_boundaries/EE549F8F301E/boundary_0002_latest_EE549F8F301E.pt,1613146263,48faaeca4b4ac043bac751616b2fe1d2c47b10c4,ee549f8f301e0dbdff8fd1191d03efa472b03245979eb4910d502bca2bfc2410,1613146263,135,f20e6e88949afbe5d5565f14e3bb2a261dfb901524756b6cbb0c8ffe25b1bcf8,6f3ee8c7bdbf3895abbdeadcf846e82993ba92ff,2026-08-20T16:16:50.000Z,Q1a
all_weight_entries,Thundergod2007/vipragsent-phobert-checkpoints,model,campaigns/vipragsent-v7-compact-20260820-190bb0f24a7e75a8/SHARD_H100_MIG20_COMPACT/nb-170d4c47-8a39-47ad-9425-d231de44fc92-857677f648-2qn8f/science/checkpoints/q1a_phobert_pragmatic_single_task_20260521/immutable_boundaries/F010C3DECA26/boundary_0005_latest_F010C3DECA26.pt,1613146263,1a3acc86af4fd72bd697b5d930e25958cac3999b,f010c3deca26f92d80650f77619e5cf0c22761be2d9bae6759c9f698b064a7e5,1613146263,135,04d4a6ef6da53aba030736c3cc5e970ee8bf2950d5032f21d7f5f4d8fadc6de7,947dce2f1cb7f55c4781c70a544bd5450c7948b5,2026-08-20T18:40:47.000Z,Q1a
all_weight_entries,Thundergod2007/vipragsent-phobert-checkpoints,model,campaigns/vipragsent-v7-compact-20260820-190bb0f24a7e75a8/SHARD_H100_MIG20_COMPACT/nb-170d4c47-8a39-47ad-9425-d231de44fc92-857677f648-2qn8f/science/checkpoints/q1a_phobert_pragmatic_single_task_20260521/immutable_boundaries/F03DB80B09C9/boundary_0002_best_F03DB80B09C9.pt,1613111701,6497b3a5968c335b9c734fbc8716c28ada0e2783,f03db80b09c9499a812d103f9783e77227551683148919055dddc46ca12791a4,1613111701,135,63d67a363312597bec21138a2d062c188d24ebba23bdaedf90f2fb9ee4f08aec,ec9ab4378868bc708148e40b2c9999a2462d5ae7,2026-08-20T18:41:27.000Z,Q1a
all_weight_entries,Thundergod2007/vipragsent-phobert-checkpoints,model,campaigns/vipragsent-v7-compact-20260820-190bb0f24a7e75a8/SHARD_H100_MIG20_COMPACT/nb-170d4c47-8a39-47ad-9425-d231de44fc92-857677f648-2qn8f/science/checkpoints/q1a_phobert_pragmatic_single_task_20260521/immutable_boundaries/F18DCD278745/boundary_0004_best_F18DCD278745.pt,1613111701,3427686cefd2adb6aded8054d838e1aa904ebfff,f18dcd278745f6f4b939f75d632b174f246ce55050de904dfd80b75c2d6d064f,1613111701,135,f92e064ccf236a81b8f72612865af0c3ea255c418a1c42922a3b2e6c8fdf7459,24ff097e85c9bb08c2068773c2a49bdc84660033,2026-08-20T18:42:00.000Z,Q1a
all_weight_entries,Thundergod2007/vipragsent-phobert-checkpoints,model,campaigns/vipragsent-v7-compact-20260820-190bb0f24a7e75a8/SHARD_H100_MIG20_COMPACT/nb-170d4c47-8a39-47ad-9425-d231de44fc92-857677f648-2qn8f/science/checkpoints/q1a_phobert_pragmatic_single_task_20260521/immutable_boundaries/F4E88FBF6CDC/boundary_0002_latest_F4E88FBF6CDC.pt,1613146263,5736f3ec5d2ecd9ba1d461b42653adcf29a62785,f4e88fbf6cdccd5da8b96e01c13ca443724cfcf5c64cc5cbd2d2b1b2d1e10e1a,1613146263,135,e789fd15a0533ea99634450b354f5d8e26be3f4205bec7e4c84e8942d81beee4,34339600ba21dd7d14991089a3bcbc284e81d801,2026-08-20T16:17:56.000Z,Q1a
all_weight_entries,Thundergod2007/vipragsent-phobert-checkpoints,model,campaigns/vipragsent-v7-compact-20260820-190bb0f24a7e75a8/SHARD_H100_MIG20_COMPACT/nb-170d4c47-8a39-47ad-9425-d231de44fc92-857677f648-2qn8f/science/checkpoints/q1a_phobert_pragmatic_single_task_20260521/immutable_boundaries/F6D574D382B0/boundary_0004_best_F6D574D382B0.pt,1613111701,3c66be84d36dec19fdb1f2469a1da7f5e6d95efd,f6d574d382b0394695e78b6f65de7afdc5c3a45bead0b89f1e6ab2b55d30a166,1613111701,135,3bf9606667b0ce61084df89a711d6409c78dd05beed63c4e4c6cd4aac1d8b754,1a56081ebb173afd70e2cb94bbbf1718227d4d95,2026-08-20T18:42:34.000Z,Q1a
all_weight_entries,Thundergod2007/vipragsent-phobert-checkpoints,model,campaigns/vipragsent-v7-compact-20260820-190bb0f24a7e75a8/SHARD_H100_MIG20_COMPACT/nb-170d4c47-8a39-47ad-9425-d231de44fc92-857677f648-2qn8f/science/checkpoints/q1a_phobert_pragmatic_single_task_20260521/immutable_boundaries/F7AE71B30E8E/boundary_0004_best_F7AE71B30E8E.pt,1613111701,3aa9b25a2830d3ff0fecc1ae9ee32dc8e6041322,f7ae71b30e8e12391b932a1de43dc083cec90a76333f1cfbfc4aa2f5166d21dc,1613111701,135,0d3f7b6f7b62d6d1f836a42e1adb77b16258eb719c65a7b0a88bd281a71fb0c6,8e38bdf7c77be830c0114e8614b540d5924700c8,2026-08-20T16:18:28.000Z,Q1a
all_weight_entries,Thundergod2007/vipragsent-phobert-checkpoints,model,campaigns/vipragsent-v7-compact-20260820-190bb0f24a7e75a8/SHARD_H100_MIG20_COMPACT/nb-170d4c47-8a39-47ad-9425-d231de44fc92-857677f648-2qn8f/science/checkpoints/q1a_phobert_pragmatic_single_task_20260521/immutable_boundaries/F8842B4441AD/boundary_0010_best_F8842B4441AD.pt,1613111701,1886f246d8bfae9e873eedd38b5ad29f4d21eced,f8842b4441ad5e53db1da01ee98e1730d740a5d663012894b88654cc784ff0e4,1613111701,135,e2feb610909d80b3644966c036f328d2d8d6dc03d5ff3763902dd94bf76c57e5,cf95670157daf8f5fd5c910695a0c24cd67be981,2026-08-20T18:43:08.000Z,Q1a
all_weight_entries,Thundergod2007/vipragsent-phobert-checkpoints,model,campaigns/vipragsent-v7-compact-20260820-190bb0f24a7e75a8/SHARD_H100_MIG20_COMPACT/nb-170d4c47-8a39-47ad-9425-d231de44fc92-857677f648-2qn8f/science/checkpoints/q1a_phobert_pragmatic_single_task_20260521/immutable_boundaries/F8B8FC321548/boundary_0001_latest_F8B8FC321548.pt,1613146263,29aed2b427bd001f10a27b3c83ad7302ed1c6cf9,f8b8fc3215487ee49e882353529da1f475c890b1cfbbd15a8cac7bb63a00c615,1613146263,135,7444cd808522d5de7d38debe78137fe972ffca10fa81fbcf244fc4fd22acfd56,4ef4624f0ec06bb84c426e41e1f1a8733ed8fb02,2026-08-20T18:43:42.000Z,Q1a
all_weight_entries,Thundergod2007/vipragsent-phobert-checkpoints,model,campaigns/vipragsent-v7-compact-20260820-190bb0f24a7e75a8/SHARD_H100_MIG20_COMPACT/nb-170d4c47-8a39-47ad-9425-d231de44fc92-857677f648-2qn8f/science/checkpoints/q1a_phobert_pragmatic_single_task_20260522/immutable_boundaries/0201F7398A3B/boundary_0003_best_0201F7398A3B.pt,1613111701,9ace7f8b914634e2a1cc8a071cc7c1a9cbdc5f60,0201f7398a3b697a78dd64e1cf662c19d33b8aa25d99a3df7c3b9ccbb9740efb,1613111701,135,c5e79a1273b44f8ffce34b07cd599bd2082b2ee98d9b4d356860b16b865958bd,b4465022ded9c3f8f3253e27a5bb945a0280824a,2026-08-21T18:37:58.000Z,Q1a
all_weight_entries,Thundergod2007/vipragsent-phobert-checkpoints,model,campaigns/vipragsent-v7-compact-20260820-190bb0f24a7e75a8/SHARD_H100_MIG20_COMPACT/nb-170d4c47-8a39-47ad-9425-d231de44fc92-857677f648-2qn8f/science/checkpoints/q1a_phobert_pragmatic_single_task_20260522/immutable_boundaries/0607B37AFDE2/boundary_0003_latest_0607B37AFDE2.pt,1613146263,577f8fb33c1e6eb460eb8720ca82fcae9972eaea,0607b37afde2dc61ab95291265f73cd7f30f91f65cc213e8a50a78b4b5c49ad9,1613146263,135,88e8ef6e5e02773b4625601e18eec5b86e31b7c966dbcb28d55618f40b0014c2,f1d91038320746ae7b6118af6219d22075e3ffc9,2026-08-22T11:33:19.000Z,Q1a
all_weight_entries,Thundergod2007/vipragsent-phobert-checkpoints,model,campaigns/vipragsent-v7-compact-20260820-190bb0f24a7e75a8/SHARD_H100_MIG20_COMPACT/nb-170d4c47-8a39-47ad-9425-d231de44fc92-857677f648-2qn8f/science/checkpoints/q1a_phobert_pragmatic_single_task_20260522/immutable_boundaries/0679B81029FC/boundary_0001_latest_0679B81029FC.pt,1613146263,c2fa7592c84b9489203ac3d234eacdde5dbc077c,0679b81029fc1ebb26bf960cdc85849528620a08167605f7705cb0e5cea7c844,1613146263,135,20c44bbf3bc509d89a47400d7bb59e939882d8f6a03adaa672841375afbc63f2,f35feda360073e9986309a71cf7a2f37b6e574cb,2026-08-22T10:07:53.000Z,Q1a
all_weight_entries,Thundergod2007/vipragsent-phobert-checkpoints,model,campaigns/vipragsent-v7-compact-20260820-190bb0f24a7e75a8/SHARD_H100_MIG20_COMPACT/nb-170d4c47-8a39-47ad-9425-d231de44fc92-857677f648-2qn8f/science/checkpoints/q1a_phobert_pragmatic_single_task_20260522/immutable_boundaries/0743C1AA83EA/boundary_0006_best_0743C1AA83EA.pt,1613111701,119e7638c729eba1d2cc6e7114ab421729d9c916,0743c1aa83eae0410809fc61a3570a4c83277103dbeba212b320cc34dd90168c,1613111701,135,8e4da572263452136efc5310e776f542900e6040fb2e15f963db693dad1534bb,6b550b2970e688dbcdee824a45a05d1325816659,2026-08-21T18:39:46.000Z,Q1a
all_weight_entries,Thundergod2007/vipragsent-phobert-checkpoints,model,campaigns/vipragsent-v7-compact-20260820-190bb0f24a7e75a8/SHARD_H100_MIG20_COMPACT/nb-170d4c47-8a39-47ad-9425-d231de44fc92-857677f648-2qn8f/science/checkpoints/q1a_phobert_pragmatic_single_task_20260522/immutable_boundaries/089179859A55/boundary_0004_latest_089179859A55.pt,1613146263,ab7f9b30688f70f4a3193aeb5d8cad2a4e7afa84,089179859a55ebea8268541630d1dfd3901d3996bf8b6121ee4346b1a3f36ba9,1613146263,135,524ac0c3784efbc285b075f002c97e5298c4144156edd0549535e8492c2bbf29,5fcd7a36a03ba33047d390d164a4245b0d21ca62,2026-08-21T18:40:57.000Z,Q1a
all_weight_entries,Thundergod2007/vipragsent-phobert-checkpoints,model,campaigns/vipragsent-v7-compact-20260820-190bb0f24a7e75a8/SHARD_H100_MIG20_COMPACT/nb-170d4c47-8a39-47ad-9425-d231de44fc92-857677f648-2qn8f/science/checkpoints/q1a_phobert_pragmatic_single_task_20260522/immutable_boundaries/09B7074AB7FD/boundary_0002_latest_09B7074AB7FD.pt,1613146263,67018f1b19930125bfbf2cfe4064ac0bc8c9ab35,09b7074ab7fdcfee611fc5f80846eb2494c9364eb99e445af4892aa38740ba2d,1613146263,135,2af650c995dbc3d07eb1833d6a9dc9ff3f86231213e7a953caa722c02f816f8d,eb710042517b69bae3b77a667bc1422e66e61caf,2026-08-22T10:26:17.000Z,Q1a
all_weight_entries,Thundergod2007/vipragsent-phobert-checkpoints,model,campaigns/vipragsent-v7-compact-20260820-190bb0f24a7e75a8/SHARD_H100_MIG20_COMPACT/nb-170d4c47-8a39-47ad-9425-d231de44fc92-857677f648-2qn8f/science/checkpoints/q1a_phobert_pragmatic_single_task_20260522/immutable_boundaries/0A7EAFBE6B69/boundary_0004_latest_0A7EAFBE6B69.pt,1613146263,2623f1fffafa89f67860ffcdcc0c09ca105d1689,0a7eafbe6b696eb67e0cf34b8d5a2f1ae0a850aaa7dfa1dbd6bd97b2d4b7d065,1613146263,135,e8b1aedec61d9728cea48a06b3ff03233fc638b32214b8e4ffdaa4440600193a,781610956f9f4b5a4d70a463308e40a308561753,2026-08-22T11:33:25.000Z,Q1a
all_weight_entries,Thundergod2007/vipragsent-phobert-checkpoints,model,campaigns/vipragsent-v7-compact-20260820-190bb0f24a7e75a8/SHARD_H100_MIG20_COMPACT/nb-170d4c47-8a39-47ad-9425-d231de44fc92-857677f648-2qn8f/science/checkpoints/q1a_phobert_pragmatic_single_task_20260522/immutable_boundaries/0EB5AD61F240/boundary_0009_latest_0EB5AD61F240.pt,1613146263,296257c5de19289eeb842f9ace143e4733916577,0eb5ad61f240a6e7059f37f8205ab52ba72ff0d997978bdae2c292a540902e68,1613146263,135,f0694735e7f6d59c2b42944e700730bf23003c0afdc82693cea474a86eb34044,c59f370b10d27dbf4be83d9c459dcffe8e56d9bb,2026-08-21T18:41:53.000Z,Q1a
all_weight_entries,Thundergod2007/vipragsent-phobert-checkpoints,model,campaigns/vipragsent-v7-compact-20260820-190bb0f24a7e75a8/SHARD_H100_MIG20_COMPACT/nb-170d4c47-8a39-47ad-9425-d231de44fc92-857677f648-2qn8f/science/checkpoints/q1a_phobert_pragmatic_single_task_20260522/immutable_boundaries/0F06AF3ED39B/boundary_0005_latest_0F06AF3ED39B.pt,1613146263,18b9324fb79f5ad1c720b40a9b8263a1bfdea682,0f06af3ed39bb5cada50b128a0a4dadac4f88ad53731070adaa152a98a32ddde,1613146263,135,529dd0320a2e2e58bcbc9e242349d2a031021fc1db2f3b2fd714f3a98a3f5e56,1e50e78e861acb3e47394b5081b844094bbfdfd9,2026-08-22T09:51:11.000Z,Q1a
all_weight_entries,Thundergod2007/vipragsent-phobert-checkpoints,model,campaigns/vipragsent-v7-compact-20260820-190bb0f24a7e75a8/SHARD_H100_MIG20_COMPACT/nb-170d4c47-8a39-47ad-9425-d231de44fc92-857677f648-2qn8f/science/checkpoints/q1a_phobert_pragmatic_single_task_20260522/immutable_boundaries/1232735FEAAC/boundary_0002_latest_1232735FEAAC.pt,1613146263,ed06aa0f5cd507f939dc144e0fe952fe59cf5602,1232735feaac7ee783bdb599c2c4eb1f0e60b3b9c89d396b5fc1246731733104,1613146263,135,86496180235d2760a76c2b884d21010c47ff767803946463793de482053eba5f,cfd3a82c788fd117cadefe4e29543a88cc480bea,2026-08-22T09:42:49.000Z,Q1a
all_weight_entries,Thundergod2007/vipragsent-phobert-checkpoints,model,campaigns/vipragsent-v7-compact-20260820-190bb0f24a7e75a8/SHARD_H100_MIG20_COMPACT/nb-170d4c47-8a39-47ad-9425-d231de44fc92-857677f648-2qn8f/science/checkpoints/q1a_phobert_pragmatic_single_task_20260522/immutable_boundaries/1235CD412965/boundary_0002_latest_1235CD412965.pt,1613146263,e283ec6cf7708135ab94375121c7e59c6ae50cc7,1235cd412965453281bdc0312c3fc871b916e2d32ead37b0508560e020510f70,1613146263,135,a675dc2a4be27ed505f16fdf8d9f4188ab2afec7a86e9fa225c46d8a0ad92bd3,e632bdb96b810f3ee9b3d71c39a4d3d19b033eda,2026-08-22T09:48:49.000Z,Q1a
all_weight_entries,Thundergod2007/vipragsent-phobert-checkpoints,model,campaigns/vipragsent-v7-compact-20260820-190bb0f24a7e75a8/SHARD_H100_MIG20_COMPACT/nb-170d4c47-8a39-47ad-9425-d231de44fc92-857677f648-2qn8f/science/checkpoints/q1a_phobert_pragmatic_single_task_20260522/immutable_boundaries/138853876FEF/boundary_0002_latest_138853876FEF.pt,1613146263,6d45d5a2e6a3e74dd84af6ff6089f00e808780f0,138853876fef2e3a00692f759f81f267146a101d3c02368b916c14249a434597,1613146263,135,0a16ac8ef872bb2ca5277b8b7ea43acbedad69f0e9496d82b16607451387f762,3785f39f7d948f175f02a95664d942c04189955a,2026-08-21T18:43:18.000Z,Q1a
all_weight_entries,Thundergod2007/vipragsent-phobert-checkpoints,model,campaigns/vipragsent-v7-compact-20260820-190bb0f24a7e75a8/SHARD_H100_MIG20_COMPACT/nb-170d4c47-8a39-47ad-9425-d231de44fc92-857677f648-2qn8f/science/checkpoints/q1a_phobert_pragmatic_single_task_20260522/immutable_boundaries/1619C437D6F9/boundary_0007_latest_1619C437D6F9.pt,1613146263,f083a2df9e80f171e5e929ac8e4f3b76ecd628b2,1619c437d6f98d4206cb171932592cdd865f9760cd674a3a49f32d25540c5b50,1613146263,135,16aec4f68cfad79869aad8736161de8be2004a49f2dc57cd685080eb9ab2e2f9,d3da74d549577bd43491db74e75bf0b2e018a2b8,2026-08-21T18:45:28.000Z,Q1a
all_weight_entries,Thundergod2007/vipragsent-phobert-checkpoints,model,campaigns/vipragsent-v7-compact-20260820-190bb0f24a7e75a8/SHARD_H100_MIG20_COMPACT/nb-170d4c47-8a39-47ad-9425-d231de44fc92-857677f648-2qn8f/science/checkpoints/q1a_phobert_pragmatic_single_task_20260522/immutable_boundaries/17C54EF33B86/boundary_0006_latest_17C54EF33B86.pt,1613146263,9c2f57338a1435b0710286f19a63d85b52562dda,17c54ef33b86a76e51599c22831d384c1e5be5663352266c556fe84a79e40df7,1613146263,135,44ae30fc240dbbef2ac458709db0973294ceb50f06e2f5d8cef89ebd4f3de12a,c418132c30f68ec84f75384f5abfcf3653c77e57,2026-08-21T18:46:31.000Z,Q1a
all_weight_entries,Thundergod2007/vipragsent-phobert-checkpoints,model,campaigns/vipragsent-v7-compact-20260820-190bb0f24a7e75a8/SHARD_H100_MIG20_COMPACT/nb-170d4c47-8a39-47ad-9425-d231de44fc92-857677f648-2qn8f/science/checkpoints/q1a_phobert_pragmatic_single_task_20260522/immutable_boundaries/18237AFC9D3D/boundary_0004_best_18237AFC9D3D.pt,1613111701,65cf2d65ad241191936107779ad5ed765cb79915,18237afc9d3d9d417bd60ba21d2ac9af608b30f82ceaaf33166354e5a83b0394,1613111701,135,c419683c7fe73449c62121697c6a604e64e4fed5b49066be4bc5c38ed7689274,f3b930b86a4a3ea243992dd816cb2e8b36a9e0e1,2026-08-21T18:47:04.000Z,Q1a
all_weight_entries,Thundergod2007/vipragsent-phobert-checkpoints,model,campaigns/vipragsent-v7-compact-20260820-190bb0f24a7e75a8/SHARD_H100_MIG20_COMPACT/nb-170d4c47-8a39-47ad-9425-d231de44fc92-857677f648-2qn8f/science/checkpoints/q1a_phobert_pragmatic_single_task_20260522/immutable_boundaries/1A2D9EB07C00/boundary_0003_best_1A2D9EB07C00.pt,1613111701,a65df1ab551c8749e6ef1c6719209a07b92ba4b3,1a2d9eb07c00bfe943c41726e0b65a30e08161346814587931ca23f68918a178,1613111701,135,9b5e8a9dd8e327c151d77b084c313d8feab61c4aac5129f5989db9befd8e1c4c,79bac91481ba1621e209c41769f2c9cffd7a0a58,2026-08-21T18:49:46.000Z,Q1a
all_weight_entries,Thundergod2007/vipragsent-phobert-checkpoints,model,campaigns/vipragsent-v7-compact-20260820-190bb0f24a7e75a8/SHARD_H100_MIG20_COMPACT/nb-170d4c47-8a39-47ad-9425-d231de44fc92-857677f648-2qn8f/science/checkpoints/q1a_phobert_pragmatic_single_task_20260522/immutable_boundaries/1A9399F1F279/boundary_0003_latest_1A9399F1F279.pt,1613146263,dc6b2011b5ede39ac51ed5b44e9f01ae52b101bb,1a9399f1f2791e74df75c5865677f07455dfccd9f7212997d4fa3d99a57acdee,1613146263,135,4acf38301fb3e44257ed164b1ebe50a9f18075587d93facfa4d00182a9704dec,35cc046e17039c47761477544ba184e3c9319b51,2026-08-21T18:53:52.000Z,Q1a
all_weight_entries,Thundergod2007/vipragsent-phobert-checkpoints,model,campaigns/vipragsent-v7-compact-20260820-190bb0f24a7e75a8/SHARD_H100_MIG20_COMPACT/nb-170d4c47-8a39-47ad-9425-d231de44fc92-857677f648-2qn8f/science/checkpoints/q1a_phobert_pragmatic_single_task_20260522/immutable_boundaries/1F9A79CEC4FD/boundary_0003_best_1F9A79CEC4FD.pt,1613111701,ed3eddb1e98c23c73ff8446777d3e7a55301e593,1f9a79cec4fd3a29d1036ba19e7223493e77a700521219b14e8792985b3bdccc,1613111701,135,4a2c344185ce57232947802dd115a7d5b53ae4f1c93f786085721482c0e1e226,a6608c880e67e9fd8f03d0455bb3bb2c2bb1b542,2026-08-22T09:49:01.000Z,Q1a
all_weight_entries,Thundergod2007/vipragsent-phobert-checkpoints,model,campaigns/vipragsent-v7-compact-20260820-190bb0f24a7e75a8/SHARD_H100_MIG20_COMPACT/nb-170d4c47-8a39-47ad-9425-d231de44fc92-857677f648-2qn8f/science/checkpoints/q1a_phobert_pragmatic_single_task_20260522/immutable_boundaries/1FCEA2AF8185/boundary_0002_best_1FCEA2AF8185.pt,1613111701,d36456bf70a5341e6c74fa0bc99dcc09d341fd00,1fcea2af8185b6fd03d334b38b4f26de16f3d00074055b1554322010d294a923,1613111701,135,2b8d3880c762dfeab2eba5ba01fcd1baa228aaec3d70d6ce4b0c696a33881327,50b0d0ecf236b7407667b7e63f5d0c421d4aaa7f,2026-08-22T09:55:09.000Z,Q1a
all_weight_entries,Thundergod2007/vipragsent-phobert-checkpoints,model,campaigns/vipragsent-v7-compact-20260820-190bb0f24a7e75a8/SHARD_H100_MIG20_COMPACT/nb-170d4c47-8a39-47ad-9425-d231de44fc92-857677f648-2qn8f/science/checkpoints/q1a_phobert_pragmatic_single_task_20260522/immutable_boundaries/1FE32211955E/boundary_0006_latest_1FE32211955E.pt,1613146263,455b95ccc831fc509e5f482bed18ad9d98be1ed0,1fe32211955ee76e633c787c39ee5e5c189f852da02cf147769e1dd416ac79e8,1613146263,135,556c28d5b286670e1cb6d0dfd1bb9e3ad93d7d639e0608d7f64b101bcdb92f60,9cc58eb1083d8a03752ad4f92ce16d0bb8eb5529,2026-08-21T18:57:10.000Z,Q1a
all_weight_entries,Thundergod2007/vipragsent-phobert-checkpoints,model,campaigns/vipragsent-v7-compact-20260820-190bb0f24a7e75a8/SHARD_H100_MIG20_COMPACT/nb-170d4c47-8a39-47ad-9425-d231de44fc92-857677f648-2qn8f/science/checkpoints/q1a_phobert_pragmatic_single_task_20260522/immutable_boundaries/22B05CB2B876/boundary_0006_best_22B05CB2B876.pt,1613111701,17b1d51611bee6e3d7e605dfa13407debbb83e05,22b05cb2b876fb0ffafbf67144631a048d7c5c91d8fd2159c4e815dba3d4138e,1613111701,135,2e2abba5c93e50a58ac99c1d518b7b16b04b636bad25bfbe6cb1824575e8c658,09a8fe083cb98ae1b3876e219d0400b1b874cd9a,2026-08-21T18:57:48.000Z,Q1a
all_weight_entries,Thundergod2007/vipragsent-phobert-checkpoints,model,campaigns/vipragsent-v7-compact-20260820-190bb0f24a7e75a8/SHARD_H100_MIG20_COMPACT/nb-170d4c47-8a39-47ad-9425-d231de44fc92-857677f648-2qn8f/science/checkpoints/q1a_phobert_pragmatic_single_task_20260522/immutable_boundaries/25A13BA09D91/boundary_0001_best_25A13BA09D91.pt,1613111701,8a46b5de28b305d3fee5552400fe04ead984c3e9,25a13ba09d9121f1b55c4d15a2fb1143add05677663382aeed6302c26c45c5c4,1613111701,135,433881593766db3043be1e955a3c17f3e9f3d271e553cfbc25b803bf2cb6e997,d7a892a6603b96db980ed510d7b3fc1e7141d18a,2026-08-21T19:00:49.000Z,Q1a
all_weight_entries,Thundergod2007/vipragsent-phobert-checkpoints,model,campaigns/vipragsent-v7-compact-20260820-190bb0f24a7e75a8/SHARD_H100_MIG20_COMPACT/nb-170d4c47-8a39-47ad-9425-d231de44fc92-857677f648-2qn8f/science/checkpoints/q1a_phobert_pragmatic_single_task_20260522/immutable_boundaries/26B25F0A0615/boundary_0001_best_26B25F0A0615.pt,1613111701,ac6c975c8a9fa0f994161cb077314dee2ad60f45,26b25f0a0615bf9b948371c5d42236731072e757ab28f38ac07638ec8df87275,1613111701,135,a9810ce52e711742dd19b7f699bd3e53c41da5a732463e5e101f7d1c06646ee1,554c99e92bf234477821c248dc67d5d1b3677da5,2026-08-21T19:06:28.000Z,Q1a
all_weight_entries,Thundergod2007/vipragsent-phobert-checkpoints,model,campaigns/vipragsent-v7-compact-20260820-190bb0f24a7e75a8/SHARD_H100_MIG20_COMPACT/nb-170d4c47-8a39-47ad-9425-d231de44fc92-857677f648-2qn8f/science/checkpoints/q1a_phobert_pragmatic_single_task_20260522/immutable_boundaries/29ED6FD74B42/boundary_0001_best_29ED6FD74B42.pt,1613111701,ffb92a474564a14aeaf2262943e9432c2effa431,29ed6fd74b420a809c35eb388ba0a4146a84e62dc112f9876948dd4ae0fc1558,1613111701,135,a0998e90e4fb62f3a21021d78a2863663f4ffab1e9b2fda992d19d28cd1bfa14,fdcafb60e105a1ba67b6f09cdd610c778d9beba5,2026-08-22T09:45:10.000Z,Q1a
all_weight_entries,Thundergod2007/vipragsent-phobert-checkpoints,model,campaigns/vipragsent-v7-compact-20260820-190bb0f24a7e75a8/SHARD_H100_MIG20_COMPACT/nb-170d4c47-8a39-47ad-9425-d231de44fc92-857677f648-2qn8f/science/checkpoints/q1a_phobert_pragmatic_single_task_20260522/immutable_boundaries/2C83100F9619/boundary_0004_latest_2C83100F9619.pt,1613146263,1923a4f8d0e92cd048962cfbaf4605fe602470c4,2c83100f96197b4ddabc98bf1cad237c930742fb122d9d2213fb453c2b4dc134,1613146263,135,0ca66ce2879aae08dd66a49a62cbb690622d2f9d8fa50e376ddcd556231072ef,f88c5aff34af56f59d5e185ecf870e7c138ceaba,2026-08-22T09:57:38.000Z,Q1a
all_weight_entries,Thundergod2007/vipragsent-phobert-checkpoints,model,campaigns/vipragsent-v7-compact-20260820-190bb0f24a7e75a8/SHARD_H100_MIG20_COMPACT/nb-170d4c47-8a39-47ad-9425-d231de44fc92-857677f648-2qn8f/science/checkpoints/q1a_phobert_pragmatic_single_task_20260522/immutable_boundaries/2D7EA3E57CD3/boundary_0003_latest_2D7EA3E57CD3.pt,1613146263,8dbcd3309a6ae225f3b5a14a570c4d18c0677822,2d7ea3e57cd397f5c2417696f5fda265109f2bb51ef6923fd65864080cf2e252,1613146263,135,06f96ffc03ae355c34fddb7b9362f36dbe1752e40e66ea7fb3bf7fadbb2d50eb,82a942aba9f208f8b79218630147bfc1f42323cf,2026-08-22T09:49:59.000Z,Q1a
all_weight_entries,Thundergod2007/vipragsent-phobert-checkpoints,model,campaigns/vipragsent-v7-compact-20260820-190bb0f24a7e75a8/SHARD_H100_MIG20_COMPACT/nb-170d4c47-8a39-47ad-9425-d231de44fc92-857677f648-2qn8f/science/checkpoints/q1a_phobert_pragmatic_single_task_20260522/immutable_boundaries/2DF6A97B9BDD/boundary_0007_best_2DF6A97B9BDD.pt,1613111701,b2c185979be0a2751983c28851822ef3778df6cc,2df6a97b9bddb8e4ed542013a3d769ede1460d1bbaeaf0c428ef9d5966f67f80,1613111701,135,a7886107701cf74b182980815f9a5f596c9642637dfb1d5fe254177db916c5b7,6fcfc9604c63659289d0b67625acac32a58299f1,2026-08-21T19:10:41.000Z,Q1a
all_weight_entries,Thundergod2007/vipragsent-phobert-checkpoints,model,campaigns/vipragsent-v7-compact-20260820-190bb0f24a7e75a8/SHARD_H100_MIG20_COMPACT/nb-170d4c47-8a39-47ad-9425-d231de44fc92-857677f648-2qn8f/science/checkpoints/q1a_phobert_pragmatic_single_task_20260522/immutable_boundaries/2F8FE042C0E7/boundary_0002_latest_2F8FE042C0E7.pt,1613146263,78c5cd47652aed926696c7572e855b73bb95a127,2f8fe042c0e70ab8a761e59c962ebebfefbf59bea283c680bcb425963975bf82,1613146263,135,ef5033d544503fe6a7f2baad32c5eae7ab9c91d7608ac03891351d5ddf5e94e2,5697ce24f2e2d84f8cdfc517c9927b2b5d2f76f3,2026-08-22T09:52:43.000Z,Q1a
all_weight_entries,Thundergod2007/vipragsent-phobert-checkpoints,model,campaigns/vipragsent-v7-compact-20260820-190bb0f24a7e75a8/SHARD_H100_MIG20_COMPACT/nb-170d4c47-8a39-47ad-9425-d231de44fc92-857677f648-2qn8f/science/checkpoints/q1a_phobert_pragmatic_single_task_20260522/immutable_boundaries/30A4BEDF96AF/boundary_0008_latest_30A4BEDF96AF.pt,1613146263,321ecdaf12e66382fd1c69ed00a9e8f2e58cf481,30a4bedf96af98c27cdaa1c8a28bcb24672794579e8c2032a67a8fc71316ded1,1613146263,135,538cf669c8e0e04e1abc09692ded3955263f57e5df44e50fba2587d76773359a,ad7115468bf358e2ffecf63e7d279fdef48a2066,2026-08-21T19:12:07.000Z,Q1a
all_weight_entries,Thundergod2007/vipragsent-phobert-checkpoints,model,campaigns/vipragsent-v7-compact-20260820-190bb0f24a7e75a8/SHARD_H100_MIG20_COMPACT/nb-170d4c47-8a39-47ad-9425-d231de44fc92-857677f648-2qn8f/science/checkpoints/q1a_phobert_pragmatic_single_task_20260522/immutable_boundaries/31C9FE88A45A/boundary_0002_best_31C9FE88A45A.pt,1613111701,f1380135103cabe4d45928a57c65b40ba3b42d0f,31c9fe88a45af39e490daccfa02aad8af04e5a947ee393234157f2bd8d2c9f91,1613111701,135,7f06552b0c817dfa74a7e379ac7d54afe1e51cfb524b10189368483dbcdae217,cd4ee2d63285bb731cb4f9c5be658c78d4420c8c,2026-08-22T10:04:54.000Z,Q1a
all_weight_entries,Thundergod2007/vipragsent-phobert-checkpoints,model,campaigns/vipragsent-v7-compact-20260820-190bb0f24a7e75a8/SHARD_H100_MIG20_COMPACT/nb-170d4c47-8a39-47ad-9425-d231de44fc92-857677f648-2qn8f/science/checkpoints/q1a_phobert_pragmatic_single_task_20260522/immutable_boundaries/331D2646D27C/boundary_0003_best_331D2646D27C.pt,1613111701,0903c341aa420b71747aa128a65a353c2eccf13c,331d2646d27c6f27a54937c22ddab7be1ea1390709f2821d3278ce7a65242b09,1613111701,135,553788075bb6871eca8edceb785baa7b3aa8bfa6fb138458cbaf2563c27ccd7d,28204012279f0af885290d38e9172c8383008134,2026-08-21T19:13:03.000Z,Q1a
all_weight_entries,Thundergod2007/vipragsent-phobert-checkpoints,model,campaigns/vipragsent-v7-compact-20260820-190bb0f24a7e75a8/SHARD_H100_MIG20_COMPACT/nb-170d4c47-8a39-47ad-9425-d231de44fc92-857677f648-2qn8f/science/checkpoints/q1a_phobert_pragmatic_single_task_20260522/immutable_boundaries/3494C54DA75F/boundary_0001_latest_3494C54DA75F.pt,1613146263,ed31db29a61fdf36dc8164183b0d79306efd0d97,3494c54da75f5d2bd5144999b0bbe8233095bf68fbb46990037a73ca19d86d14,1613146263,135,3bc66e59fb15f75799c0fc8e4929ad996e20713399a9e6507639637a35293823,01c9d1ac32531a50c2bdd12f3284fee59809e7ce,2026-08-22T09:47:46.000Z,Q1a
all_weight_entries,Thundergod2007/vipragsent-phobert-checkpoints,model,campaigns/vipragsent-v7-compact-20260820-190bb0f24a7e75a8/SHARD_H100_MIG20_COMPACT/nb-170d4c47-8a39-47ad-9425-d231de44fc92-857677f648-2qn8f/science/checkpoints/q1a_phobert_pragmatic_single_task_20260522/immutable_boundaries/377C431EB346/boundary_0002_latest_377C431EB346.pt,1613146263,00821da1a8ebcf63a390300c2939accb57f5de9d,377c431eb346c9d6283f3ef12c3600aaad24ff4d13fadfb99aa5b3ca1fae1e52,1613146263,135,87c281db6b73ef5643cfe81ed4ea182de12edf0efa66abe90cc97bbbc064025d,81864faea4f2970b73d4766f3b9f9a5fee8a3248,2026-08-21T19:17:08.000Z,Q1a
all_weight_entries,Thundergod2007/vipragsent-phobert-checkpoints,model,campaigns/vipragsent-v7-compact-20260820-190bb0f24a7e75a8/SHARD_H100_MIG20_COMPACT/nb-170d4c47-8a39-47ad-9425-d231de44fc92-857677f648-2qn8f/science/checkpoints/q1a_phobert_pragmatic_single_task_20260522/immutable_boundaries/379A2CBA394B/boundary_0005_best_379A2CBA394B.pt,1613111701,74b1131f6c1b2216956efa0074410703ef91cf6d,379a2cba394b04f8db1e718777743db7b641821e593d6de8e4c7469875fbb3a5,1613111701,135,74f8e2c6ee3ea926fd405584643e748a3396b6524d4c878747e19aeef6ab1875,cae5006db646816c87b133efae3c256c1b5c0b67,2026-08-21T19:20:47.000Z,Q1a
all_weight_entries,Thundergod2007/vipragsent-phobert-checkpoints,model,campaigns/vipragsent-v7-compact-20260820-190bb0f24a7e75a8/SHARD_H100_MIG20_COMPACT/nb-170d4c47-8a39-47ad-9425-d231de44fc92-857677f648-2qn8f/science/checkpoints/q1a_phobert_pragmatic_single_task_20260522/immutable_boundaries/3B1A7DB1152B/boundary_0002_latest_3B1A7DB1152B.pt,1613146263,08b3f2d1c56cb204f0223b4f3f8e59e3ae41e1a8,3b1a7db1152bf2bdd1cf0d6b7f658a00bdeb8c678be363f00c6d30f23c168ebd,1613146263,135,c6a34a43bc250f29d23a9a2536fc882345114eb4ef2b005e787d774f8c3ae349,648f51af9bf37a89811ad5357061a47edba7c208,2026-08-22T10:05:48.000Z,Q1a
all_weight_entries,Thundergod2007/vipragsent-phobert-checkpoints,model,campaigns/vipragsent-v7-compact-20260820-190bb0f24a7e75a8/SHARD_H100_MIG20_COMPACT/nb-170d4c47-8a39-47ad-9425-d231de44fc92-857677f648-2qn8f/science/checkpoints/q1a_phobert_pragmatic_single_task_20260522/immutable_boundaries/3C8DD0317101/boundary_0005_latest_3C8DD0317101.pt,1613146263,050d34d46b79a77a876a3e226573c7a3ca8a4cdf,3c8dd03171013a988fefa36a288a8c5ce87c2c5e581a37541e15e446fcf4f35f,1613146263,135,678ef09f63bc330045ba5685606d48685a88e4fa22da9af28440a739c9516ca3,af089c465142644669fffe179361da0489bde88b,2026-08-21T19:23:31.000Z,Q1a
all_weight_entries,Thundergod2007/vipragsent-phobert-checkpoints,model,campaigns/vipragsent-v7-compact-20260820-190bb0f24a7e75a8/SHARD_H100_MIG20_COMPACT/nb-170d4c47-8a39-47ad-9425-d231de44fc92-857677f648-2qn8f/science/checkpoints/q1a_phobert_pragmatic_single_task_20260522/immutable_boundaries/3F72016262B8/boundary_0004_latest_3F72016262B8.pt,1613146263,6450dc32b9b754cb3249f0711a98c87c97614b0d,3f72016262b86128e77111c341015795a02949c64fabd91f7ed574acd52b47e1,1613146263,135,e8432eaf5ae2e912f5fd62221e0b654b8e36867ef4514a878c8ad1046af43043,9709b5f98c882a6e8c82804e2e09b428f7700268,2026-08-21T19:26:16.000Z,Q1a
all_weight_entries,Thundergod2007/vipragsent-phobert-checkpoints,model,campaigns/vipragsent-v7-compact-20260820-190bb0f24a7e75a8/SHARD_H100_MIG20_COMPACT/nb-170d4c47-8a39-47ad-9425-d231de44fc92-857677f648-2qn8f/science/checkpoints/q1a_phobert_pragmatic_single_task_20260522/immutable_boundaries/3FE6298CDEE0/boundary_0004_best_3FE6298CDEE0.pt,1613111701,7765ddf82afa00d2fb4a2a775ef7321664a6d86f,3fe6298cdee091686b6a89215968a100b7e57e17be8cbf4ac1d9f95f9fd567d7,1613111701,135,641f9d1ab47df05114f6bc4f6e34b3023d599e85f117c84f2fb1ba6e45a32744,48020bde3bc60e2332dc34ac18aa02ee943d5113,2026-08-21T19:28:28.000Z,Q1a
all_weight_entries,Thundergod2007/vipragsent-phobert-checkpoints,model,campaigns/vipragsent-v7-compact-20260820-190bb0f24a7e75a8/SHARD_H100_MIG20_COMPACT/nb-170d4c47-8a39-47ad-9425-d231de44fc92-857677f648-2qn8f/science/checkpoints/q1a_phobert_pragmatic_single_task_20260522/immutable_boundaries/406DB24D006A/boundary_0005_latest_406DB24D006A.pt,1613146263,59e338587c512473b28d61daf52559987eb9fa48,406db24d006a1c1f74e35a949c131fb60541e323c3c5876f21c503e4ad50158a,1613146263,135,fd000cb51926537fe92ed0f153668fc19181a6a73897d5e78548f2ebd3dea94b,45b84f37a6389b0f3fafd7d58f52c6a6ef77ab9a,2026-08-21T19:30:16.000Z,Q1a
all_weight_entries,Thundergod2007/vipragsent-phobert-checkpoints,model,campaigns/vipragsent-v7-compact-20260820-190bb0f24a7e75a8/SHARD_H100_MIG20_COMPACT/nb-170d4c47-8a39-47ad-9425-d231de44fc92-857677f648-2qn8f/science/checkpoints/q1a_phobert_pragmatic_single_task_20260522/immutable_boundaries/4DD991B1718B/boundary_0001_best_4DD991B1718B.pt,1613111701,6750ab167e19a7c5639c85de3b902a73ac493a53,4dd991b1718b3aad5a8c6bcee291fdbf9198c423016ff5b5e4a4029b563ef8ed,1613111701,135,5bcdb743659f1b935982bf3ff06a539bef8912a59828d812c2b7ce2f75163796,7e4d69e5b1aced5fb3ae61105014e94db1f3c6f9,2026-08-22T10:03:42.000Z,Q1a
all_weight_entries,Thundergod2007/vipragsent-phobert-checkpoints,model,campaigns/vipragsent-v7-compact-20260820-190bb0f24a7e75a8/SHARD_H100_MIG20_COMPACT/nb-170d4c47-8a39-47ad-9425-d231de44fc92-857677f648-2qn8f/science/checkpoints/q1a_phobert_pragmatic_single_task_20260522/immutable_boundaries/4F49A17D888D/boundary_0006_latest_4F49A17D888D.pt,1613146263,e6aac9987c9c8bcaebea0f25b04de919af012c88,4f49a17d888d85f10511c7e6d017a8f879de2e63d59a0234d44c9710427d8fa2,1613146263,135,4448188c2e2da98263c0c148d5bf48a531e7433bbcc256ac42dfc354c10f2bea,9e2629aa3c2cacbb02846301dd217a6b1deb0042,2026-08-21T19:33:03.000Z,Q1a
all_weight_entries,Thundergod2007/vipragsent-phobert-checkpoints,model,campaigns/vipragsent-v7-compact-20260820-190bb0f24a7e75a8/SHARD_H100_MIG20_COMPACT/nb-170d4c47-8a39-47ad-9425-d231de44fc92-857677f648-2qn8f/science/checkpoints/q1a_phobert_pragmatic_single_task_20260522/immutable_boundaries/52D6C71F1294/boundary_0004_latest_52D6C71F1294.pt,1613146263,d513c6ffd10a63fe2d2c1a8239deb697548bb015,52d6c71f129447e693e29e1bfad6f7ce5adc7d3b9bce149b535c2734ef089af6,1613146263,135,1e967e655998799379fbf38818c40ae2d5657454f794a9059d99ee3dbb4e3d6d,34cb789f53ead387fccb3950155c1f7b3a58daa8,2026-08-21T19:35:52.000Z,Q1a
all_weight_entries,Thundergod2007/vipragsent-phobert-checkpoints,model,campaigns/vipragsent-v7-compact-20260820-190bb0f24a7e75a8/SHARD_H100_MIG20_COMPACT/nb-170d4c47-8a39-47ad-9425-d231de44fc92-857677f648-2qn8f/science/checkpoints/q1a_phobert_pragmatic_single_task_20260522/immutable_boundaries/549FBCC0E9B4/boundary_0001_best_549FBCC0E9B4.pt,1613111701,1905d9ed1304c277d7e3bb3f11b6c8e01c4d7f2d,549fbcc0e9b4ae11c608ef4e22e946d751fa1d8f6b6f49ca9a8a4b49cb017c41,1613111701,135,6fb95dcc172639d50d09d06ebd0621dbae469572c4a27a630398ea5e116927e4,e4a849bc101e1d5c1e3359071f652c8e92150a05,2026-08-22T09:51:26.000Z,Q1a
all_weight_entries,Thundergod2007/vipragsent-phobert-checkpoints,model,campaigns/vipragsent-v7-compact-20260820-190bb0f24a7e75a8/SHARD_H100_MIG20_COMPACT/nb-170d4c47-8a39-47ad-9425-d231de44fc92-857677f648-2qn8f/science/checkpoints/q1a_phobert_pragmatic_single_task_20260522/immutable_boundaries/55BD8A03F229/boundary_0002_best_55BD8A03F229.pt,1613111701,91e808774f6dcdb3d39178a184aaa4eb0056621f,55bd8a03f229cc97d18aaebafdda687fcb91a8a0338e8b7fcc826d127441f685,1613111701,135,ee486c8d79d78af4415b95986be7d20722a567adfd71017214e3fadcfd4410b1,bbfa4347bba2fdd115f321abe477112a89da602f,2026-08-22T09:47:38.000Z,Q1a
all_weight_entries,Thundergod2007/vipragsent-phobert-checkpoints,model,campaigns/vipragsent-v7-compact-20260820-190bb0f24a7e75a8/SHARD_H100_MIG20_COMPACT/nb-170d4c47-8a39-47ad-9425-d231de44fc92-857677f648-2qn8f/science/checkpoints/q1a_phobert_pragmatic_single_task_20260522/immutable_boundaries/5698D206C976/boundary_0001_latest_5698D206C976.pt,1613146263,f130870bf12e30d5856a2bd261dc187fca8d3d18,5698d206c976923e6c5b8b6a9734b78f1f6a40ffc8e91e32cbed7223eb94a2f8,1613146263,135,e9498fde28999470ce2033d22b1352fdd527893de190a3d7141534377c865ae3,785932466725089a5aeb818956d635af2a97ff21,2026-08-21T19:37:02.000Z,Q1a
all_weight_entries,Thundergod2007/vipragsent-phobert-checkpoints,model,campaigns/vipragsent-v7-compact-20260820-190bb0f24a7e75a8/SHARD_H100_MIG20_COMPACT/nb-170d4c47-8a39-47ad-9425-d231de44fc92-857677f648-2qn8f/science/checkpoints/q1a_phobert_pragmatic_single_task_20260522/immutable_boundaries/573EDDCF9E88/boundary_0004_latest_573EDDCF9E88.pt,1613146263,c6d6bc3c42b380eaf6e598aac66fdcb58638d5a3,573eddcf9e88cb1ca23cb5f8a9b1524cd7486f9bd7ef93e8c821aafdb1f82ef7,1613146263,135,12c07363e534a4aa55cf69cdb34f73de56465865d5bc508ac99e192ff72bf0f1,f6190a9662bc639fa54d5b46a88dbad3546b0093,2026-08-22T09:50:14.000Z,Q1a
all_weight_entries,Thundergod2007/vipragsent-phobert-checkpoints,model,campaigns/vipragsent-v7-compact-20260820-190bb0f24a7e75a8/SHARD_H100_MIG20_COMPACT/nb-170d4c47-8a39-47ad-9425-d231de44fc92-857677f648-2qn8f/science/checkpoints/q1a_phobert_pragmatic_single_task_20260522/immutable_boundaries/5A30B34D838D/boundary_0003_latest_5A30B34D838D.pt,1613146263,6772ca05be5244ec117c65d1f1561d1414e5e76d,5a30b34d838d71996c3525fa49851d4e3e780f253f7fc77cee0128eedd55d244,1613146263,135,76fdae82c7b1d0a43b8a4a38a57b17e0b927d6a6656eb6ad8bc6ebb043034d91,56197a328fc33e7fffa3470c8e0045dbfc9088d2,2026-08-22T09:53:36.000Z,Q1a
all_weight_entries,Thundergod2007/vipragsent-phobert-checkpoints,model,campaigns/vipragsent-v7-compact-20260820-190bb0f24a7e75a8/SHARD_H100_MIG20_COMPACT/nb-170d4c47-8a39-47ad-9425-d231de44fc92-857677f648-2qn8f/science/checkpoints/q1a_phobert_pragmatic_single_task_20260522/immutable_boundaries/5D97AB857B95/boundary_0006_latest_5D97AB857B95.pt,1613146263,01fa8327bf0adfe1368cc5567d7f2df8100060f9,5d97ab857b95607136ef18fdd674692535c178d3546e1d95ab213374e38bcc0b,1613146263,135,e66931f54a817a0b333337458a2a7dc6d22865b1559aa3684422c22932e946ec,0e4362e3be183d1777646d533bc3a69085460c7f,2026-08-21T19:40:53.000Z,Q1a
all_weight_entries,Thundergod2007/vipragsent-phobert-checkpoints,model,campaigns/vipragsent-v7-compact-20260820-190bb0f24a7e75a8/SHARD_H100_MIG20_COMPACT/nb-170d4c47-8a39-47ad-9425-d231de44fc92-857677f648-2qn8f/science/checkpoints/q1a_phobert_pragmatic_single_task_20260522/immutable_boundaries/5F67546FC271/boundary_0001_best_5F67546FC271.pt,1613111701,373fcac87f2c0b7e7c5759c920ae7f1b86f83d2f,5f67546fc271ce5c8c1a53bd3692dcae97eb9aba0fd7e64e0acadbe8b2a91681,1613111701,135,9d24eac4dd6f508a1e751eb8461d6b93b553728bdb0e17ad1d4f6d69f1d8b328,7e92da61d43b9b08da8d65a7059979e14a18e513,2026-08-21T19:41:44.000Z,Q1a
all_weight_entries,Thundergod2007/vipragsent-phobert-checkpoints,model,campaigns/vipragsent-v7-compact-20260820-190bb0f24a7e75a8/SHARD_H100_MIG20_COMPACT/nb-170d4c47-8a39-47ad-9425-d231de44fc92-857677f648-2qn8f/science/checkpoints/q1a_phobert_pragmatic_single_task_20260522/immutable_boundaries/67D0C2FB3978/boundary_0002_latest_67D0C2FB3978.pt,1613146263,89cb45b8728093af1ed6b329bf4bc402951ad962,67d0c2fb397878794bdea6f155e60cc2b3a5f7036e1659a6218efda48c31ed3d,1613146263,135,e1ae9d7f5ff370aca1919cf21dd8d5e005efc9fec8d6b41a9649e6e783bd5131,9538b52100518f5e2bc35eebc05df91cfd638898,2026-08-21T19:45:03.000Z,Q1a
all_weight_entries,Thundergod2007/vipragsent-phobert-checkpoints,model,campaigns/vipragsent-v7-compact-20260820-190bb0f24a7e75a8/SHARD_H100_MIG20_COMPACT/nb-170d4c47-8a39-47ad-9425-d231de44fc92-857677f648-2qn8f/science/checkpoints/q1a_phobert_pragmatic_single_task_20260522/immutable_boundaries/684CB6D6DF8F/boundary_0003_latest_684CB6D6DF8F.pt,1613146263,bedc088b47fc3f3206b218d5bdbc87655e473055,684cb6d6df8f86b6d8d4895956aef423fc433548a0559a08c1211a6695570072,1613146263,135,cd72ccc9010ce6656c3aaba8d2762bccefb8ee5533ffb5833b75da63fd5f748c,fbebbd5602c12c463c33bd0fb292f9838623d72d,2026-08-21T19:46:10.000Z,Q1a
all_weight_entries,Thundergod2007/vipragsent-phobert-checkpoints,model,campaigns/vipragsent-v7-compact-20260820-190bb0f24a7e75a8/SHARD_H100_MIG20_COMPACT/nb-170d4c47-8a39-47ad-9425-d231de44fc92-857677f648-2qn8f/science/checkpoints/q1a_phobert_pragmatic_single_task_20260522/immutable_boundaries/6A060DEB89C4/boundary_0005_best_6A060DEB89C4.pt,1613111701,22101d90f68d166d512dc46cf54d128cae66dfaf,6a060deb89c4e31235624fbaeefd31e51098c3b470bc9c1eb248248d74b51223,1613111701,135,73b1fdd4f8efc6cb7fcdf43a9d1342bdc745fd75ba82e880fe982ba01ccb06bc,096268d61655f07264799065bc47b00d13231402,2026-08-21T19:47:50.000Z,Q1a
all_weight_entries,Thundergod2007/vipragsent-phobert-checkpoints,model,campaigns/vipragsent-v7-compact-20260820-190bb0f24a7e75a8/SHARD_H100_MIG20_COMPACT/nb-170d4c47-8a39-47ad-9425-d231de44fc92-857677f648-2qn8f/science/checkpoints/q1a_phobert_pragmatic_single_task_20260522/immutable_boundaries/6A347E912EB4/boundary_0002_latest_6A347E912EB4.pt,1613146263,ae66bd37b095f697a8ea32eb531a7c30a73f4689,6a347e912eb407d9256d199fd917b12bfc0242e1343bbdb3d08059cac8ea1359,1613146263,135,2cb9764f92fce474b48c6301898588deb0ba27de3680ca00433ec4d7872370b1,6af72a0fa3d9961c9e89ac1f4be76196922875e8,2026-08-21T19:50:34.000Z,Q1a
all_weight_entries,Thundergod2007/vipragsent-phobert-checkpoints,model,campaigns/vipragsent-v7-compact-20260820-190bb0f24a7e75a8/SHARD_H100_MIG20_COMPACT/nb-170d4c47-8a39-47ad-9425-d231de44fc92-857677f648-2qn8f/science/checkpoints/q1a_phobert_pragmatic_single_task_20260522/immutable_boundaries/6C91A0614716/boundary_0003_best_6C91A0614716.pt,1613111701,0546694c08e5b36f77fd5269132e2b3ae7a4d084,6c91a061471670b8af24c455970972f6260c425b4de72b928949cf74078e06de,1613111701,135,66b2c87dc72784395eba61ccbbcfe4972aa7bbd8fcc954756f1a589e86cbddc4,ab11b38b62807ed729ebe5d7178f8d897ad9c613,2026-08-21T19:51:54.000Z,Q1a
all_weight_entries,Thundergod2007/vipragsent-phobert-checkpoints,model,campaigns/vipragsent-v7-compact-20260820-190bb0f24a7e75a8/SHARD_H100_MIG20_COMPACT/nb-170d4c47-8a39-47ad-9425-d231de44fc92-857677f648-2qn8f/science/checkpoints/q1a_phobert_pragmatic_single_task_20260522/immutable_boundaries/72139E4B05D3/boundary_0005_latest_72139E4B05D3.pt,1613146263,c5d19763da7a479ad04d4a13c9822e29aebbf481,72139e4b05d3b720d75e317f25ecec74ce2c351b989b2f26fc82806b53f2c1b4,1613146263,135,90f317569ec1f5de3322e0cae51d2b949ae00670030b57b52b928bcd924b9d19,76bb8828f575246e3483cd85a8970a01b1f42c24,2026-08-21T19:53:30.000Z,Q1a
all_weight_entries,Thundergod2007/vipragsent-phobert-checkpoints,model,campaigns/vipragsent-v7-compact-20260820-190bb0f24a7e75a8/SHARD_H100_MIG20_COMPACT/nb-170d4c47-8a39-47ad-9425-d231de44fc92-857677f648-2qn8f/science/checkpoints/q1a_phobert_pragmatic_single_task_20260522/immutable_boundaries/778180F73DA4/boundary_0001_best_778180F73DA4.pt,1613111701,aafbd5146b51ac335d50a4395ddca3a8c5096d43,778180f73da4f07ed50ac42953164955f15da46de59d2cb9a13d0d0720c24af6,1613111701,135,483fe773fe2bc2a9df28d67bb7194a8b808ce2fe8a22f4707643b892dbb98739,5a7146d1cfd439aed4dc8200f8e96c5c1c7087d4,2026-08-22T09:38:47.000Z,Q1a
all_weight_entries,Thundergod2007/vipragsent-phobert-checkpoints,model,campaigns/vipragsent-v7-compact-20260820-190bb0f24a7e75a8/SHARD_H100_MIG20_COMPACT/nb-170d4c47-8a39-47ad-9425-d231de44fc92-857677f648-2qn8f/science/checkpoints/q1a_phobert_pragmatic_single_task_20260522/immutable_boundaries/7A0A217D23D9/boundary_0005_best_7A0A217D23D9.pt,1613111701,2b518172a3542e814bf0f8f65c30c5e11b906510,7a0a217d23d90f4749f4f18130e1b849dd7ab95fe6f0c8285bcfa7dc2ba66bef,1613111701,135,606f1f68cbffbcea2aeca1a48e27d67403a33e90b3417264da7256eac1bba04e,732645b41b86261057ea8d77e5022ecdc7c2214a,2026-08-21T19:56:39.000Z,Q1a
all_weight_entries,Thundergod2007/vipragsent-phobert-checkpoints,model,campaigns/vipragsent-v7-compact-20260820-190bb0f24a7e75a8/SHARD_H100_MIG20_COMPACT/nb-170d4c47-8a39-47ad-9425-d231de44fc92-857677f648-2qn8f/science/checkpoints/q1a_phobert_pragmatic_single_task_20260522/immutable_boundaries/7AF0AACB8AE1/boundary_0006_latest_7AF0AACB8AE1.pt,1613146263,389caba63168ec1867c514913d66fbfb95766e46,7af0aacb8ae18c33221c0d7eac4dda754ff6711414f9960c52e963fd436b6efc,1613146263,135,41ce0aee4a5c2e42ed3c562c5ccbda5348e59ec7285905ba95a8e0d938324657,4a384586c6e929b4ab09ef799fd3457de748c8bb,2026-08-22T10:15:38.000Z,Q1a
all_weight_entries,Thundergod2007/vipragsent-phobert-checkpoints,model,campaigns/vipragsent-v7-compact-20260820-190bb0f24a7e75a8/SHARD_H100_MIG20_COMPACT/nb-170d4c47-8a39-47ad-9425-d231de44fc92-857677f648-2qn8f/science/checkpoints/q1a_phobert_pragmatic_single_task_20260522/immutable_boundaries/802734341362/boundary_0002_best_802734341362.pt,1613111701,7d73064227f2dc9fc1e7e4f4bf856f2b7c4948c9,802734341362bb2d948eae24b937c673ac4932cf2b50a6195c5d07d594481e99,1613111701,135,70d454460cf9264edea439692c998a8a2ffb06ec570a9027cecdd909b203f1ab,d3b2588598980c87f19fa999bafefc984555c662,2026-08-21T19:57:41.000Z,Q1a
all_weight_entries,Thundergod2007/vipragsent-phobert-checkpoints,model,campaigns/vipragsent-v7-compact-20260820-190bb0f24a7e75a8/SHARD_H100_MIG20_COMPACT/nb-170d4c47-8a39-47ad-9425-d231de44fc92-857677f648-2qn8f/science/checkpoints/q1a_phobert_pragmatic_single_task_20260522/immutable_boundaries/80A876DF987C/boundary_0004_best_80A876DF987C.pt,1613111701,b1ab8e1d20c1e2b214ef8f580328b4783f8ebd61,80a876df987c374595cefd67549740d7ac986563115f13babbd44eab4e6da41b,1613111701,135,200e62a296d7cbcb61e884d689c52a0c9c9147eab6e9cca7df30ba6feb1a8711,86eb369dd1542cda19076d1fc94a6def79b049fe,2026-08-22T10:10:03.000Z,Q1a
all_weight_entries,Thundergod2007/vipragsent-phobert-checkpoints,model,campaigns/vipragsent-v7-compact-20260820-190bb0f24a7e75a8/SHARD_H100_MIG20_COMPACT/nb-170d4c47-8a39-47ad-9425-d231de44fc92-857677f648-2qn8f/science/checkpoints/q1a_phobert_pragmatic_single_task_20260522/immutable_boundaries/84F613F1C389/boundary_0001_best_84F613F1C389.pt,1613111701,868bb9e8e680be0bcdbb02e7d56942dcdb533a2a,84f613f1c389b9b27d6a3f3d01c15461b915e0afcc858d94744f425e6dbed16b,1613111701,135,fae8c7e0f753a9bdca8377965f56868e031617f5864dac1d77733078c019f034,9434efa446cd16519545f0c7a5659cad9a251b46,2026-08-21T20:00:45.000Z,Q1a
all_weight_entries,Thundergod2007/vipragsent-phobert-checkpoints,model,campaigns/vipragsent-v7-compact-20260820-190bb0f24a7e75a8/SHARD_H100_MIG20_COMPACT/nb-170d4c47-8a39-47ad-9425-d231de44fc92-857677f648-2qn8f/science/checkpoints/q1a_phobert_pragmatic_single_task_20260522/immutable_boundaries/88CD7EAF7DA9/boundary_0003_latest_88CD7EAF7DA9.pt,1613146263,5f4c33c831ce45f3e6dbb12b981a89a06acbd2e7,88cd7eaf7da9835b4d095ea490a33fcad4e9f0b2b37f718229870cfbe333d79d,1613146263,135,092d35ee76273776c4465a4b12ccc6ed3a4c5644019c714b71b9ce7ce5e0365d,739c25e7623dc6dc7e8dffa0bbae9cf8b792a482,2026-08-21T20:02:00.000Z,Q1a
all_weight_entries,Thundergod2007/vipragsent-phobert-checkpoints,model,campaigns/vipragsent-v7-compact-20260820-190bb0f24a7e75a8/SHARD_H100_MIG20_COMPACT/nb-170d4c47-8a39-47ad-9425-d231de44fc92-857677f648-2qn8f/science/checkpoints/q1a_phobert_pragmatic_single_task_20260522/immutable_boundaries/8CA9B259F3E5/boundary_0002_latest_8CA9B259F3E5.pt,1613146263,bb302c483407df20f5d8a1adde2081806122c755,8ca9b259f3e5b532dd398391e57ff29fd1b35240a479004ae863e5058245ed26,1613146263,135,646846844ee6ec60e6a97cfff4c244bebd3de9c39c881a576dd5a5899ecd865c,c4b1d17211ba4cba2dd4a94b5929481513c2f025,2026-08-21T20:02:27.000Z,Q1a
all_weight_entries,Thundergod2007/vipragsent-phobert-checkpoints,model,campaigns/vipragsent-v7-compact-20260820-190bb0f24a7e75a8/SHARD_H100_MIG20_COMPACT/nb-170d4c47-8a39-47ad-9425-d231de44fc92-857677f648-2qn8f/science/checkpoints/q1a_phobert_pragmatic_single_task_20260522/immutable_boundaries/8E99009A1AF1/boundary_0002_latest_8E99009A1AF1.pt,1613146263,6082487f263d7d8fc1a0919c93e55e8f24e3bdd0,8e99009a1af10b7a00ca95c813157486d55dac6dbc9d7a605658fcdb3b3db492,1613146263,135,b67122e439bd68e58f8bdc1dfa9042cbbf166db6653c3cf7edb054c88e1f26b0,03b3d6a7c2fef068e512662d6a4054109bf56a78,2026-08-21T20:03:09.000Z,Q1a
all_weight_entries,Thundergod2007/vipragsent-phobert-checkpoints,model,campaigns/vipragsent-v7-compact-20260820-190bb0f24a7e75a8/SHARD_H100_MIG20_COMPACT/nb-170d4c47-8a39-47ad-9425-d231de44fc92-857677f648-2qn8f/science/checkpoints/q1a_phobert_pragmatic_single_task_20260522/immutable_boundaries/91B0A9A8106D/boundary_0005_latest_91B0A9A8106D.pt,1613146263,09a9243f065fef1a104872f6630423e625b01347,91b0a9a8106d345e03ee92de36a8e2dab0567fb494abc439b8cb4c1abafce1e8,1613146263,135,3128b3c3f435fd292bf6fe07ac6fe14bf831effa1716e4a2b9a04dfce95f260c,d0149fc10566437b74995c7c744aa83c867c69e4,2026-08-22T11:33:28.000Z,Q1a
all_weight_entries,Thundergod2007/vipragsent-phobert-checkpoints,model,campaigns/vipragsent-v7-compact-20260820-190bb0f24a7e75a8/SHARD_H100_MIG20_COMPACT/nb-170d4c47-8a39-47ad-9425-d231de44fc92-857677f648-2qn8f/science/checkpoints/q1a_phobert_pragmatic_single_task_20260522/immutable_boundaries/9262B45084CD/boundary_0004_best_9262B45084CD.pt,1613111701,5aaac1a76d9b40c04bc55603701f116e0492f0d7,9262b45084cdcbd6f796898546a1b2d5d7aeb64ff9d0343a9fb0ca4a3fe4ffcb,1613111701,135,398d18835c9de51d29b854fd2e5fd2b21e4221f77e0ce9b95619f9d9223371d4,89fc483e46801bb7e52d46dd4ac2b4efd2060108,2026-08-21T20:05:43.000Z,Q1a
all_weight_entries,Thundergod2007/vipragsent-phobert-checkpoints,model,campaigns/vipragsent-v7-compact-20260820-190bb0f24a7e75a8/SHARD_H100_MIG20_COMPACT/nb-170d4c47-8a39-47ad-9425-d231de44fc92-857677f648-2qn8f/science/checkpoints/q1a_phobert_pragmatic_single_task_20260522/immutable_boundaries/92739CD40768/boundary_0003_latest_92739CD40768.pt,1613146263,5cd820d143c8308c33c908a07775ca1911bb27e3,92739cd40768540863a5cc59ddee93d00a39e1bd67d2e8bdb96a50b59652edce,1613146263,135,d35eb9032195f4c21acbe3a0fb8b61e252981a7f95fce975b3128dbb1c02a956,4e0d4fd07566c9b48b9055bc8605b29dff76c43d,2026-08-21T20:06:17.000Z,Q1a
all_weight_entries,Thundergod2007/vipragsent-phobert-checkpoints,model,campaigns/vipragsent-v7-compact-20260820-190bb0f24a7e75a8/SHARD_H100_MIG20_COMPACT/nb-170d4c47-8a39-47ad-9425-d231de44fc92-857677f648-2qn8f/science/checkpoints/q1a_phobert_pragmatic_single_task_20260522/immutable_boundaries/92B9DB1EE6EE/boundary_0001_latest_92B9DB1EE6EE.pt,1613146263,e044b1b03591328920e45981bc4d7a6e05e858e5,92b9db1ee6ee246f48e4fc6dbd833de0385701fbd533f3ca95abb37e17b1e445,1613146263,135,bb25c9d148670126458e68d3ae632316140b42e2108d9442969442602686226d,c266e5adfb6e059e1d4a542815d2fb1186a2f62d,2026-08-21T20:06:43.000Z,Q1a
all_weight_entries,Thundergod2007/vipragsent-phobert-checkpoints,model,campaigns/vipragsent-v7-compact-20260820-190bb0f24a7e75a8/SHARD_H100_MIG20_COMPACT/nb-170d4c47-8a39-47ad-9425-d231de44fc92-857677f648-2qn8f/science/checkpoints/q1a_phobert_pragmatic_single_task_20260522/immutable_boundaries/95D55FFB95C9/boundary_0002_best_95D55FFB95C9.pt,1613111701,e6f141d3db45cd8474c477359c2df29a6e93066d,95d55ffb95c93222741cc9cfd627acf0bd721f2e907f1af0f7071539f99b44af,1613111701,135,ce909cd66828014dc8d0c24cf5843cc70d7ad405a6809cd9cd1a484999aa2b7e,c847cecb03184fa9387921f0638fec4110a42eb0,2026-08-21T20:07:11.000Z,Q1a
all_weight_entries,Thundergod2007/vipragsent-phobert-checkpoints,model,campaigns/vipragsent-v7-compact-20260820-190bb0f24a7e75a8/SHARD_H100_MIG20_COMPACT/nb-170d4c47-8a39-47ad-9425-d231de44fc92-857677f648-2qn8f/science/checkpoints/q1a_phobert_pragmatic_single_task_20260522/immutable_boundaries/960EBF240B42/boundary_0001_latest_960EBF240B42.pt,1613146263,0f10bc35583d920543e7b01a382895ce4a11f267,960ebf240b420d5d182a037d37b2194d6aba8d1f9856e88d42c91a8254435bb0,1613146263,135,0f9cfef174b1cbfd2da870003e11dcf1b35fb78b35f25e7ebfb761569e1e7e31,9f9a1ebd82a346d5b63866559752a0ab426230ac,2026-08-22T09:41:00.000Z,Q1a
all_weight_entries,Thundergod2007/vipragsent-phobert-checkpoints,model,campaigns/vipragsent-v7-compact-20260820-190bb0f24a7e75a8/SHARD_H100_MIG20_COMPACT/nb-170d4c47-8a39-47ad-9425-d231de44fc92-857677f648-2qn8f/science/checkpoints/q1a_phobert_pragmatic_single_task_20260522/immutable_boundaries/97642BED7DA7/boundary_0005_best_97642BED7DA7.pt,1613111701,741b0871b6913d7f0480a6b0528da12bcc85032e,97642bed7da7d7d7cc38368e59578cd0160635852d09dc799ac649e70e1216d9,1613111701,135,5a963af7ecb1518aea2d01daf28d12c9178979ff874759a42038afc55c8b0cf2,b28ab9a22e71077bc0dd337160b936e69b0a472a,2026-08-22T09:58:26.000Z,Q1a
all_weight_entries,Thundergod2007/vipragsent-phobert-checkpoints,model,campaigns/vipragsent-v7-compact-20260820-190bb0f24a7e75a8/SHARD_H100_MIG20_COMPACT/nb-170d4c47-8a39-47ad-9425-d231de44fc92-857677f648-2qn8f/science/checkpoints/q1a_phobert_pragmatic_single_task_20260522/immutable_boundaries/97C5ACC14B35/boundary_0006_best_97C5ACC14B35.pt,1613111701,af4c7664f42bb6881c2d94dc3767b9bc7096f553,97c5acc14b35d2f8c56cc197140b161a8ed7a65283b784a4cef6bc201c2d2d89,1613111701,135,568a00cef91a1c49535780e7b7e2d7c9eb67199bdeaf6fdb3773bf2ff38d2341,12db76569ae4eb822952d24d3ba32096e45bc2bf,2026-08-22T09:59:38.000Z,Q1a
all_weight_entries,Thundergod2007/vipragsent-phobert-checkpoints,model,campaigns/vipragsent-v7-compact-20260820-190bb0f24a7e75a8/SHARD_H100_MIG20_COMPACT/nb-170d4c47-8a39-47ad-9425-d231de44fc92-857677f648-2qn8f/science/checkpoints/q1a_phobert_pragmatic_single_task_20260522/immutable_boundaries/9D8F98BB30B8/boundary_0003_latest_9D8F98BB30B8.pt,1613146263,5ba819af87c2895dbbae1d3b4c781a9b40bd7885,9d8f98bb30b89c37f4216219dcfbd315a25ed42d7891cfd3e65d4f9b58f250c8,1613146263,135,ff0852d147e5c7ce6734407a8d822c550c146f2d92580426be35888689b64195,609e7dc2e882124643f64964645b652ba4c47f49,2026-08-22T10:17:37.000Z,Q1a
all_weight_entries,Thundergod2007/vipragsent-phobert-checkpoints,model,campaigns/vipragsent-v7-compact-20260820-190bb0f24a7e75a8/SHARD_H100_MIG20_COMPACT/nb-170d4c47-8a39-47ad-9425-d231de44fc92-857677f648-2qn8f/science/checkpoints/q1a_phobert_pragmatic_single_task_20260522/immutable_boundaries/9ECCEB25A532/boundary_0001_latest_9ECCEB25A532.pt,1613146263,7642cf5b1cd9a213dd5eb2032217af050eeefca6,9ecceb25a532f774744133b3dd46656880f6baead8cfce9da37f7157f0728329,1613146263,135,fea3cd46e9cfbaf49aca149370a4b0144b9d9fd92c9dc87c423b9c4c1c28bca3,f0b2c18284f6159cd6505e93296b2d2fb870cc4b,2026-08-22T10:04:34.000Z,Q1a
all_weight_entries,Thundergod2007/vipragsent-phobert-checkpoints,model,campaigns/vipragsent-v7-compact-20260820-190bb0f24a7e75a8/SHARD_H100_MIG20_COMPACT/nb-170d4c47-8a39-47ad-9425-d231de44fc92-857677f648-2qn8f/science/checkpoints/q1a_phobert_pragmatic_single_task_20260522/immutable_boundaries/9EE401472236/boundary_0001_latest_9EE401472236.pt,1613146263,c54d94c7201fe2a8f27cd9307a36942b05cd5c18,9ee4014722363221d660ef25475fdd58ba42bfa674804723d926a58974ddaa1d,1613146263,135,bb7f4d0f1dbd8cc33679ab0f7f7dc7a9549fd174ebb6d52c316d9a92f3538490,bf0b7ffacf1b2d32f7f5ce802817165ae3f4fb5b,2026-08-22T09:54:49.000Z,Q1a
all_weight_entries,Thundergod2007/vipragsent-phobert-checkpoints,model,campaigns/vipragsent-v7-compact-20260820-190bb0f24a7e75a8/SHARD_H100_MIG20_COMPACT/nb-170d4c47-8a39-47ad-9425-d231de44fc92-857677f648-2qn8f/science/checkpoints/q1a_phobert_pragmatic_single_task_20260522/immutable_boundaries/A44DDF740876/boundary_0005_latest_A44DDF740876.pt,1613146263,62d25d42ebafcc07cdc4cb4d24553d8b5a390379,a44ddf7408763838054b6c2b3beab2086558c19d3aba32e1f0e4b0134a29f4ee,1613146263,135,ed0d033e432ed7e90a0904b85a7c33afefcc8553012b46385dacc6b48adbefed,644270e09e2001dbd855dfcfcc6fc90c75e04dd3,2026-08-21T20:07:51.000Z,Q1a
all_weight_entries,Thundergod2007/vipragsent-phobert-checkpoints,model,campaigns/vipragsent-v7-compact-20260820-190bb0f24a7e75a8/SHARD_H100_MIG20_COMPACT/nb-170d4c47-8a39-47ad-9425-d231de44fc92-857677f648-2qn8f/science/checkpoints/q1a_phobert_pragmatic_single_task_20260522/immutable_boundaries/A612EE872A16/boundary_0003_best_A612EE872A16.pt,1613111701,63ad1bf44a95f3e2add6a91a9b05375a9ca95836,a612ee872a16c0d8415f1b5a9292b3f0c1446da955129979ed5cc0eba58614db,1613111701,135,ea540e3742027993cdcee2964627d3354699c128e592645b3c3f097abfd4d9c6,945d12c597afa7547e6271cf38983cdacefef453,2026-08-22T09:56:22.000Z,Q1a
all_weight_entries,Thundergod2007/vipragsent-phobert-checkpoints,model,campaigns/vipragsent-v7-compact-20260820-190bb0f24a7e75a8/SHARD_H100_MIG20_COMPACT/nb-170d4c47-8a39-47ad-9425-d231de44fc92-857677f648-2qn8f/science/checkpoints/q1a_phobert_pragmatic_single_task_20260522/immutable_boundaries/A9786F7F8DCF/boundary_0002_best_A9786F7F8DCF.pt,1613111701,e0b1e6a327b4f89b3fcf5691eacb32555164f9fb,a9786f7f8dcf0a9db85ec452fac18a33dc477797e51d2139a10a0d51273aa2ad,1613111701,135,b94d412dbc0ca7e3ac0bed7f3741cb8b1df21e13c879f08e98cfe6098a74fecf,ec0edacd57937d5563997411608c828e3bc8e8b2,2026-08-21T20:11:06.000Z,Q1a
all_weight_entries,Thundergod2007/vipragsent-phobert-checkpoints,model,campaigns/vipragsent-v7-compact-20260820-190bb0f24a7e75a8/SHARD_H100_MIG20_COMPACT/nb-170d4c47-8a39-47ad-9425-d231de44fc92-857677f648-2qn8f/science/checkpoints/q1a_phobert_pragmatic_single_task_20260522/immutable_boundaries/AB2A8218F24A/boundary_0003_best_AB2A8218F24A.pt,1613111701,b4eef169ee26f742fd5a3864cc201bde02d7256b,ab2a8218f24a9978f770b56b07a1ce60b7a71c88a76912ebbc215aa511035c8c,1613111701,135,559d1ce061eefc98ac02922be5aa342adaa12695a88d6e02a56de59aa135dc56,64894c426df4f2e5e38879f027ed67e77ac1cd1f,2026-08-21T20:11:36.000Z,Q1a
all_weight_entries,Thundergod2007/vipragsent-phobert-checkpoints,model,campaigns/vipragsent-v7-compact-20260820-190bb0f24a7e75a8/SHARD_H100_MIG20_COMPACT/nb-170d4c47-8a39-47ad-9425-d231de44fc92-857677f648-2qn8f/science/checkpoints/q1a_phobert_pragmatic_single_task_20260522/immutable_boundaries/B19E93EBF4A8/boundary_0004_latest_B19E93EBF4A8.pt,1613146263,8f3bea1686818572dc0a0392d217d18e4fbb4e6c,b19e93ebf4a8511908f68532c2951890e36c93c79b0e2bf29df73fc8c081c0b8,1613146263,135,9b10b42702f97d25174b82be711eb6e570b7888242aab00125ffd163656d2b82,ed871377abb8f91c13c0aafc98633977cc2ea095,2026-08-21T20:12:03.000Z,Q1a
all_weight_entries,Thundergod2007/vipragsent-phobert-checkpoints,model,campaigns/vipragsent-v7-compact-20260820-190bb0f24a7e75a8/SHARD_H100_MIG20_COMPACT/nb-170d4c47-8a39-47ad-9425-d231de44fc92-857677f648-2qn8f/science/checkpoints/q1a_phobert_pragmatic_single_task_20260522/immutable_boundaries/B2B7921C3CBD/boundary_0001_latest_B2B7921C3CBD.pt,1613146263,b4e1427d69ba2f16d7365c69bdd786b52b57890f,b2b7921c3cbd9028173e53189ca0d753cc596bbb3fce71d2e1c84cd561592a25,1613146263,135,82c7c00ec3bee96f2d05d42285932188a02dec71fac86dba71837a5e4e82aa2f,8294c1f624f48f4016d77f6cc583c482b768426e,2026-08-21T20:12:36.000Z,Q1a
all_weight_entries,Thundergod2007/vipragsent-phobert-checkpoints,model,campaigns/vipragsent-v7-compact-20260820-190bb0f24a7e75a8/SHARD_H100_MIG20_COMPACT/nb-170d4c47-8a39-47ad-9425-d231de44fc92-857677f648-2qn8f/science/checkpoints/q1a_phobert_pragmatic_single_task_20260522/immutable_boundaries/B3D64CE0A557/boundary_0002_latest_B3D64CE0A557.pt,1613146263,c1219d28c6930fc2c52b86a08de792f15b4d5de7,b3d64ce0a557ad5e781e80bb91db6ff0112571fe332ad1f53a291013f663c42d,1613146263,135,271010b8a1967e3a1220845f2a97fb8c8b5ca94ee17763df2b44c574f9a6ed69,b2017e0460e75572c0813382a6a8e764efdcf178,2026-08-22T09:56:01.000Z,Q1a
all_weight_entries,Thundergod2007/vipragsent-phobert-checkpoints,model,campaigns/vipragsent-v7-compact-20260820-190bb0f24a7e75a8/SHARD_H100_MIG20_COMPACT/nb-170d4c47-8a39-47ad-9425-d231de44fc92-857677f648-2qn8f/science/checkpoints/q1a_phobert_pragmatic_single_task_20260522/immutable_boundaries/B91E327D5D24/boundary_0001_best_B91E327D5D24.pt,1613111701,7d2d109155724cddeb5f75c6f4cfef4b80422877,b91e327d5d24963852f2386b61377f2de6cdbc0caa04ed351ee234ee0516c60b,1613111701,135,071b7a704b36d0bcdd8de49410ad6f08b79444327cd86c0ed70920e18acc1167,58c998e8815f8c98642fe679adc9ebaabe6f84a4,2026-08-21T20:13:03.000Z,Q1a
all_weight_entries,Thundergod2007/vipragsent-phobert-checkpoints,model,campaigns/vipragsent-v7-compact-20260820-190bb0f24a7e75a8/SHARD_H100_MIG20_COMPACT/nb-170d4c47-8a39-47ad-9425-d231de44fc92-857677f648-2qn8f/science/checkpoints/q1a_phobert_pragmatic_single_task_20260522/immutable_boundaries/B96563D414F5/boundary_0004_latest_B96563D414F5.pt,1613146263,c725cc622687a56443b50cb5e6eeaf4a6d67fe5b,b96563d414f5b2d40cc7c8323979f3817c4b25b51252a425cd72e768f75a9ede,1613146263,135,a1944c8e97575efa3911c2ca85234b8ace16ef1bbb82ecd2eee51a8439442bcd,06e8eaf257ddc812e4573547dc4d3c3a28203dfd,2026-08-22T10:21:41.000Z,Q1a
all_weight_entries,Thundergod2007/vipragsent-phobert-checkpoints,model,campaigns/vipragsent-v7-compact-20260820-190bb0f24a7e75a8/SHARD_H100_MIG20_COMPACT/nb-170d4c47-8a39-47ad-9425-d231de44fc92-857677f648-2qn8f/science/checkpoints/q1a_phobert_pragmatic_single_task_20260522/immutable_boundaries/B975A3FAB610/boundary_0003_latest_B975A3FAB610.pt,1613146263,787ba69a58cb973ed4ef31f7d67ff7442257ea92,b975a3fab610994fdc9b839908c90e1a52ddc2a14c141fc5d0d1ebde0c923f0c,1613146263,135,5b9e621472ed394e0eb4eb31c8396c31e2622516aa40e9aa9ec54e437eead225,e8eb6ec2e8637c184d6de2f55874a0f4a58cbdae,2026-08-21T20:13:30.000Z,Q1a
all_weight_entries,Thundergod2007/vipragsent-phobert-checkpoints,model,campaigns/vipragsent-v7-compact-20260820-190bb0f24a7e75a8/SHARD_H100_MIG20_COMPACT/nb-170d4c47-8a39-47ad-9425-d231de44fc92-857677f648-2qn8f/science/checkpoints/q1a_phobert_pragmatic_single_task_20260522/immutable_boundaries/B9D52CD70FC3/boundary_0004_best_B9D52CD70FC3.pt,1613111701,765c0794c1eebb8f4738f54ffb7e6aa47f3883a8,b9d52cd70fc38153a270da29c2af5f44f0daeab758b28955794ab24e39f86922,1613111701,135,603cacb95613987708180fe863468589bf93cdf16026a3b24b19a665800224f1,379014acb89aa1e7936452615b502cb9a87cd721,2026-08-21T20:14:15.000Z,Q1a
all_weight_entries,Thundergod2007/vipragsent-phobert-checkpoints,model,campaigns/vipragsent-v7-compact-20260820-190bb0f24a7e75a8/SHARD_H100_MIG20_COMPACT/nb-170d4c47-8a39-47ad-9425-d231de44fc92-857677f648-2qn8f/science/checkpoints/q1a_phobert_pragmatic_single_task_20260522/immutable_boundaries/BDC1A95B7B67/boundary_0001_best_BDC1A95B7B67.pt,1613111701,e1a525e42810c553ea7c33bccb44b5ca49a2676c,bdc1a95b7b6712d04365c76f63ace60eff648a775f50a9dfff15e62c06002d6c,1613111701,135,c0114f06a836a2dc1e0de2b5e20f793e0c3484b07b8db0fcd81e61a65e627bea,b0d12dc947b92c901dd413fa4c2de26a55d5ac73,2026-08-22T09:53:57.000Z,Q1a
all_weight_entries,Thundergod2007/vipragsent-phobert-checkpoints,model,campaigns/vipragsent-v7-compact-20260820-190bb0f24a7e75a8/SHARD_H100_MIG20_COMPACT/nb-170d4c47-8a39-47ad-9425-d231de44fc92-857677f648-2qn8f/science/checkpoints/q1a_phobert_pragmatic_single_task_20260522/immutable_boundaries/C15A58BB828D/boundary_0006_latest_C15A58BB828D.pt,1613146263,4e5b295fe5ad6d40866c17a773e4ed4064c6aea9,c15a58bb828d3f5647b697cd686ef77ae1060a321586b52e3b0df59707f5e6fa,1613146263,135,e67396160d00159a4f491c6ff356caba33b0b9b4307d380c5c870ee95ca88cf4,f47e76f10a3b19e271ba83e0544e4f6da034a8db,2026-08-21T20:15:18.000Z,Q1a
all_weight_entries,Thundergod2007/vipragsent-phobert-checkpoints,model,campaigns/vipragsent-v7-compact-20260820-190bb0f24a7e75a8/SHARD_H100_MIG20_COMPACT/nb-170d4c47-8a39-47ad-9425-d231de44fc92-857677f648-2qn8f/science/checkpoints/q1a_phobert_pragmatic_single_task_20260522/immutable_boundaries/C2B35618CD76/boundary_0007_latest_C2B35618CD76.pt,1613146263,826341d06c462ad125246d4e93483dc0264e64d5,c2b35618cd769ec7feed33ab1059a29393759502e0124b2670e1288952d8a1ea,1613146263,135,b915cef99293b28052bec3b15219ff4a38acc1d051fbb0885ffa0803d351509c,7ad6730b10fe8dca18e90300f786e7f3a5f94c5a,2026-08-21T20:19:18.000Z,Q1a
all_weight_entries,Thundergod2007/vipragsent-phobert-checkpoints,model,campaigns/vipragsent-v7-compact-20260820-190bb0f24a7e75a8/SHARD_H100_MIG20_COMPACT/nb-170d4c47-8a39-47ad-9425-d231de44fc92-857677f648-2qn8f/science/checkpoints/q1a_phobert_pragmatic_single_task_20260522/immutable_boundaries/C369339685D5/boundary_0004_best_C369339685D5.pt,1613111701,aa637c074734ab4b506e3026fb275a31733ccfe5,c369339685d5012b2657ffdf2236699d763082b95c520908c43ae404560d72da,1613111701,135,c8906eab3090b57e8130da5ad9d96f5a2fa306385b06dde4f9a76dd63e7bf8f4,e63cf02600a2d0e858abe3b17465159ab4b1ec4b,2026-08-21T20:22:14.000Z,Q1a
all_weight_entries,Thundergod2007/vipragsent-phobert-checkpoints,model,campaigns/vipragsent-v7-compact-20260820-190bb0f24a7e75a8/SHARD_H100_MIG20_COMPACT/nb-170d4c47-8a39-47ad-9425-d231de44fc92-857677f648-2qn8f/science/checkpoints/q1a_phobert_pragmatic_single_task_20260522/immutable_boundaries/C3AA052CD4FC/boundary_0001_best_C3AA052CD4FC.pt,1613111701,56d44397543e8217be2bf6310156622d441c0169,c3aa052cd4fc4fc15d34fd7538cd22218698fe9f9ec2ceffd31f638ec4e7cd20,1613111701,135,8e4e7459ffd033a70b3cbc8d438277ff5935c67c7d90a260243350d0dd427e3c,237c0060579249e34158075b6a93c6b5c4ff9fb6,2026-08-22T10:26:00.000Z,Q1a
all_weight_entries,Thundergod2007/vipragsent-phobert-checkpoints,model,campaigns/vipragsent-v7-compact-20260820-190bb0f24a7e75a8/SHARD_H100_MIG20_COMPACT/nb-170d4c47-8a39-47ad-9425-d231de44fc92-857677f648-2qn8f/science/checkpoints/q1a_phobert_pragmatic_single_task_20260522/immutable_boundaries/C3E4B8910260/boundary_0009_latest_C3E4B8910260.pt,1613146263,0358c129abce02b109f43f138792045f447f30fe,c3e4b89102602ab71c7d57ccee1b0a3099ef02d2e4d9ecb26acbce76e0e74b89,1613146263,135,307c10802d83be8c304f837907a378a8a76cd9a9828f94818b68376cf7a926fa,1042339ce338fd5b3cb5cee8a76268b4b1990009,2026-08-22T10:02:29.000Z,Q1a
all_weight_entries,Thundergod2007/vipragsent-phobert-checkpoints,model,campaigns/vipragsent-v7-compact-20260820-190bb0f24a7e75a8/SHARD_H100_MIG20_COMPACT/nb-170d4c47-8a39-47ad-9425-d231de44fc92-857677f648-2qn8f/science/checkpoints/q1a_phobert_pragmatic_single_task_20260522/immutable_boundaries/C45ABC7E3A81/boundary_0009_latest_C45ABC7E3A81.pt,1613146263,a72253ee0fe78a3c9e03c3fc79d05736539bb02e,c45abc7e3a8199d64ea15f5ec2301bea3fba74a4298943d5157d1da75aed476d,1613146263,135,46e1a9cf97a8cffc0b6e6aae5c5c6259cd573406c4d185c3311de57a9d800bab,155f3058e01a9275bbae7e716942b475a8372915,2026-08-21T20:25:11.000Z,Q1a
all_weight_entries,Thundergod2007/vipragsent-phobert-checkpoints,model,campaigns/vipragsent-v7-compact-20260820-190bb0f24a7e75a8/SHARD_H100_MIG20_COMPACT/nb-170d4c47-8a39-47ad-9425-d231de44fc92-857677f648-2qn8f/science/checkpoints/q1a_phobert_pragmatic_single_task_20260522/immutable_boundaries/C8C00C3BDCD2/boundary_0001_latest_C8C00C3BDCD2.pt,1613146263,c2e4ea1d6a026f806314ca8829b3674b9eb9b6bf,c8c00c3bdcd290089bd1a33936b5bb6a4d4e2284a1b670031854be56baa6ed15,1613146263,135,3a566373ee85dc39c234497b4d71cbb0f4cde4f7aaf8c9896a410633f05a1c36,b53e0b35af7e4d9e7c6ee6beddefb9be5963fd81,2026-08-21T20:26:05.000Z,Q1a
all_weight_entries,Thundergod2007/vipragsent-phobert-checkpoints,model,campaigns/vipragsent-v7-compact-20260820-190bb0f24a7e75a8/SHARD_H100_MIG20_COMPACT/nb-170d4c47-8a39-47ad-9425-d231de44fc92-857677f648-2qn8f/science/checkpoints/q1a_phobert_pragmatic_single_task_20260522/immutable_boundaries/C90A0E3D4CA8/boundary_0010_latest_C90A0E3D4CA8.pt,1613146263,b0af98223dfb2d47c564ca7eedc910e4362718fc,c90a0e3d4ca816c050b3d2a03c1b8186c814b6f543376b566eeaed0d378fe4cc,1613146263,135,7351e3f9f628917eae7715f4b337f3ea9584cf458c247dedeb2b91da79187c83,7e0a546789b0a5f782fe893f94c23d5390b361b2,2026-08-22T10:03:17.000Z,Q1a
all_weight_entries,Thundergod2007/vipragsent-phobert-checkpoints,model,campaigns/vipragsent-v7-compact-20260820-190bb0f24a7e75a8/SHARD_H100_MIG20_COMPACT/nb-170d4c47-8a39-47ad-9425-d231de44fc92-857677f648-2qn8f/science/checkpoints/q1a_phobert_pragmatic_single_task_20260522/immutable_boundaries/CB933EEE376F/boundary_0008_latest_CB933EEE376F.pt,1613146263,ac7c8a2c818fb346a232b09e40584fbf5e55ab82,cb933eee376f377b76c378379b7eb53d75ce323c8e9ce43a8a31215cbde4db41,1613146263,135,cb7d6f119257bab783b1b6920ac90920516b2f1a78c9ed2665535a6d2d0bcfa9,46c9980cf24c9563b39897f4d31b108487cb71f6,2026-08-22T10:02:03.000Z,Q1a
all_weight_entries,Thundergod2007/vipragsent-phobert-checkpoints,model,campaigns/vipragsent-v7-compact-20260820-190bb0f24a7e75a8/SHARD_H100_MIG20_COMPACT/nb-170d4c47-8a39-47ad-9425-d231de44fc92-857677f648-2qn8f/science/checkpoints/q1a_phobert_pragmatic_single_task_20260522/immutable_boundaries/CF1DEEE583A2/boundary_0002_best_CF1DEEE583A2.pt,1613111701,0e73fbd1082c36a86382a4910137641843218914,cf1deee583a24c37b5b506aead6492cb3f61c035a9a29848480dd4ccb2c5791a,1613111701,135,479e4c42e63e0db1a21b2675ce734eb5d82cd6aaa374e0fb0f4796951b0da1fa,46dab385ce19b3e6190031a2fbc4cae062d4744d,2026-08-21T20:26:32.000Z,Q1a
all_weight_entries,Thundergod2007/vipragsent-phobert-checkpoints,model,campaigns/vipragsent-v7-compact-20260820-190bb0f24a7e75a8/SHARD_H100_MIG20_COMPACT/nb-170d4c47-8a39-47ad-9425-d231de44fc92-857677f648-2qn8f/science/checkpoints/q1a_phobert_pragmatic_single_task_20260522/immutable_boundaries/D1123511F219/boundary_0005_latest_D1123511F219.pt,1613146263,e226ec2a4740191bfacf31e8f0c8c1a9268d9024,d1123511f219a9ddc63a2b3fc90141d64471478c77dc739005d2063f365a7ea1,1613146263,135,e15b5600928bccb3ba17dc3b8de2176ae44b9deb508cc2e725a554eb06c3c5d5,f6d9e0c9de9ce51612f1408cc35bd546e6867b7e,2026-08-22T09:58:51.000Z,Q1a
all_weight_entries,Thundergod2007/vipragsent-phobert-checkpoints,model,campaigns/vipragsent-v7-compact-20260820-190bb0f24a7e75a8/SHARD_H100_MIG20_COMPACT/nb-170d4c47-8a39-47ad-9425-d231de44fc92-857677f648-2qn8f/science/checkpoints/q1a_phobert_pragmatic_single_task_20260522/immutable_boundaries/D2678428BA03/boundary_0007_best_D2678428BA03.pt,1613111701,7089917b92a67a54777f45659285460e916cd313,d2678428ba03e49a24699dcb0d6efb5f2f35c81128f3b066ac7bc9efa290c379,1613111701,135,002d9d4f93a01444a8f7fe00774b0d43201731a362e4f868ac8b35f506de12ff,df89ed0955fa697c5b751fc84b24a5b94413c0b8,2026-08-21T20:29:16.000Z,Q1a
all_weight_entries,Thundergod2007/vipragsent-phobert-checkpoints,model,campaigns/vipragsent-v7-compact-20260820-190bb0f24a7e75a8/SHARD_H100_MIG20_COMPACT/nb-170d4c47-8a39-47ad-9425-d231de44fc92-857677f648-2qn8f/science/checkpoints/q1a_phobert_pragmatic_single_task_20260522/immutable_boundaries/D5A0602B217D/boundary_0008_best_D5A0602B217D.pt,1613111701,17d5b551bc8c5c99dfe57bae594bf2f7eafd5bb7,d5a0602b217dd60c20db921a7f58b5fa3991dd9040ecc3be80bba1a7d2345ed9,1613111701,135,b1ed2cb1c807125bf33a2666e114ba3e5cd256034ac80c2059aefadb425eeb79,c74b9a033a1eebcbaefc7b00f7e98e162af54ffb,2026-08-21T20:32:05.000Z,Q1a
all_weight_entries,Thundergod2007/vipragsent-phobert-checkpoints,model,campaigns/vipragsent-v7-compact-20260820-190bb0f24a7e75a8/SHARD_H100_MIG20_COMPACT/nb-170d4c47-8a39-47ad-9425-d231de44fc92-857677f648-2qn8f/science/checkpoints/q1a_phobert_pragmatic_single_task_20260522/immutable_boundaries/DAA79EEE1F7A/boundary_0004_latest_DAA79EEE1F7A.pt,1613146263,627f64e4d6792edc4d6e59bd9af2809b219050da,daa79eee1f7a97bbb02d753113dfcc819b9663b4707f697c341ac217292fd286,1613146263,135,64aa1ad85465f9cdbaea23f7ade5a9c5ac70344d5e8bd5582364266cb5b263a5,bb29a8913292239720209662a4e87e0eb9d6a028,2026-08-21T20:32:36.000Z,Q1a
all_weight_entries,Thundergod2007/vipragsent-phobert-checkpoints,model,campaigns/vipragsent-v7-compact-20260820-190bb0f24a7e75a8/SHARD_H100_MIG20_COMPACT/nb-170d4c47-8a39-47ad-9425-d231de44fc92-857677f648-2qn8f/science/checkpoints/q1a_phobert_pragmatic_single_task_20260522/immutable_boundaries/E0F990A6DD26/boundary_0005_latest_E0F990A6DD26.pt,1613146263,eb9b6c9fd791abdd4a1c2e0a0451d6fa953d3b30,e0f990a6dd26978ec7cb00e3c1ae804abbb7bd1d2bca7b9afa9d2236675326a8,1613146263,135,2f058a2dac25e98460341ff8d24684c1c785acf5abb587b1809f97b8ca198383,018154f2a38e9ebe0bd4447f741e15c1c8979f81,2026-08-21T20:35:20.000Z,Q1a
all_weight_entries,Thundergod2007/vipragsent-phobert-checkpoints,model,campaigns/vipragsent-v7-compact-20260820-190bb0f24a7e75a8/SHARD_H100_MIG20_COMPACT/nb-170d4c47-8a39-47ad-9425-d231de44fc92-857677f648-2qn8f/science/checkpoints/q1a_phobert_pragmatic_single_task_20260522/immutable_boundaries/E2DB180E5A1A/boundary_0004_latest_E2DB180E5A1A.pt,1613146263,470c9270fc945dc449fee33bae94b9c5d5ecb720,e2db180e5a1a98835e6ed8ab15e466d69a8d70a0634329d92c09b6e9e51f696d,1613146263,135,d2079f3d6e33a8730093d4f343adc50eae1cd14683bcd0d91670a4ba6317a982,ee8285b5cabc7833c9e9171b358e2cd15751717d,2026-08-21T20:39:17.000Z,Q1a
all_weight_entries,Thundergod2007/vipragsent-phobert-checkpoints,model,campaigns/vipragsent-v7-compact-20260820-190bb0f24a7e75a8/SHARD_H100_MIG20_COMPACT/nb-170d4c47-8a39-47ad-9425-d231de44fc92-857677f648-2qn8f/science/checkpoints/q1a_phobert_pragmatic_single_task_20260522/immutable_boundaries/E3222379774C/boundary_0010_latest_E3222379774C.pt,1613146263,164ca6a4f67bb408c5b097112e80a219542b8b39,e3222379774cf010bafcff4ccab09d72b06a4f4836107b9f9bde1df8a8de4e99,1613146263,135,83269e2906239170e1a1613c7d9dd3a52523fcab5b85fa63d7214ea3a6029a91,355871b12399f830a05ca067072dc8fcc97c65b7,2026-08-21T20:40:32.000Z,Q1a
all_weight_entries,Thundergod2007/vipragsent-phobert-checkpoints,model,campaigns/vipragsent-v7-compact-20260820-190bb0f24a7e75a8/SHARD_H100_MIG20_COMPACT/nb-170d4c47-8a39-47ad-9425-d231de44fc92-857677f648-2qn8f/science/checkpoints/q1a_phobert_pragmatic_single_task_20260522/immutable_boundaries/E3621C15E1D1/boundary_0003_best_E3621C15E1D1.pt,1613111701,a6d110504ef74d427711a79a8ebb26685df77b32,e3621c15e1d13877635f24c6cda55d968846fbe1636ce958c7f1e25fcf18021a,1613111701,135,097da90e55812b98869f06432501fc0c611e173057e987a40669415b20637c6c,d0bec7566f502517c7be37a55e8fe45384fb71fd,2026-08-22T11:33:16.000Z,Q1a
all_weight_entries,Thundergod2007/vipragsent-phobert-checkpoints,model,campaigns/vipragsent-v7-compact-20260820-190bb0f24a7e75a8/SHARD_H100_MIG20_COMPACT/nb-170d4c47-8a39-47ad-9425-d231de44fc92-857677f648-2qn8f/science/checkpoints/q1a_phobert_pragmatic_single_task_20260522/immutable_boundaries/E7A8A10C238A/boundary_0007_latest_E7A8A10C238A.pt,1613146263,36084d64a4e16b28bb8bf7c1840265935258c21b,e7a8a10c238ab8afd5d4536a35fa9f7e778a6fb9a95761f84da879e7e335e895,1613146263,135,559cddb14e2be7baf2027a5c79e3e3623d661045bc68c446cc2d785f17a7b8c7,b7095a7dd8b35bfcab45107386951c23dab01f0b,2026-08-22T10:00:51.000Z,Q1a
all_weight_entries,Thundergod2007/vipragsent-phobert-checkpoints,model,campaigns/vipragsent-v7-compact-20260820-190bb0f24a7e75a8/SHARD_H100_MIG20_COMPACT/nb-170d4c47-8a39-47ad-9425-d231de44fc92-857677f648-2qn8f/science/checkpoints/q1a_phobert_pragmatic_single_task_20260522/immutable_boundaries/EA949AE80173/boundary_0005_latest_EA949AE80173.pt,1613146263,6f5a86ea0e3a7a54cc5d0e1978c0ed7640e01254,ea949ae801738ca09044ea8734f78e3826be64272b69221d798c4ed89c3cd0c3,1613146263,135,6c241ce614ba9209e3d6ce1fffc5518cb7f2b04e0c93e677848366d122eb28c2,ca825c7d8b0851e0c2fc8c7d70a3110e2c78087f,2026-08-21T20:41:56.000Z,Q1a
all_weight_entries,Thundergod2007/vipragsent-phobert-checkpoints,model,campaigns/vipragsent-v7-compact-20260820-190bb0f24a7e75a8/SHARD_H100_MIG20_COMPACT/nb-170d4c47-8a39-47ad-9425-d231de44fc92-857677f648-2qn8f/science/checkpoints/q1a_phobert_pragmatic_single_task_20260522/immutable_boundaries/ED1238FEF0B5/boundary_0006_latest_ED1238FEF0B5.pt,1613146263,4328130578825a32cf91aeae746b90d5b09a35a8,ed1238fef0b58ba700c5ed6d475badfd25de2ce008a1568b01b0a9fdca60d242,1613146263,135,d5e6769f6caad7d2fa8f2610893860a1e6b30f212ca24ee5d5cf433a76b81245,573e2d891c91c0110b65afbd9201a42643cbf1e9,2026-08-22T10:00:03.000Z,Q1a
all_weight_entries,Thundergod2007/vipragsent-phobert-checkpoints,model,campaigns/vipragsent-v7-compact-20260820-190bb0f24a7e75a8/SHARD_H100_MIG20_COMPACT/nb-170d4c47-8a39-47ad-9425-d231de44fc92-857677f648-2qn8f/science/checkpoints/q1a_phobert_pragmatic_single_task_20260522/immutable_boundaries/EF81AD67E2F5/boundary_0003_latest_EF81AD67E2F5.pt,1613146263,b36e044a490e7ec96ac50164a54878437459dc56,ef81ad67e2f511b7919e9682cad259c6d422e00059881609ca41e26dc93d000e,1613146263,135,96a75c8b933def91cc5129592750f4bba0a575a417c729144a997b918defcd40,1887c31e56e9337da1bb658f35d2e9d9bb6ebf44,2026-08-22T09:44:00.000Z,Q1a
all_weight_entries,Thundergod2007/vipragsent-phobert-checkpoints,model,campaigns/vipragsent-v7-compact-20260820-190bb0f24a7e75a8/SHARD_H100_MIG20_COMPACT/nb-170d4c47-8a39-47ad-9425-d231de44fc92-857677f648-2qn8f/science/checkpoints/q1a_phobert_pragmatic_single_task_20260522/immutable_boundaries/F17CF580FEBB/boundary_0001_latest_F17CF580FEBB.pt,1613146263,526794818a9ffc05f855d4e10cd328dc6f69a3d5,f17cf580febb15ccdf70e20208d9e4200b81c85e8483a6169204f538c8cff3e2,1613146263,135,9da9c0d242fde3eb143f5f74c091e651352f1e0ed2ffd0d31929e67d521a15eb,e4b6542e80a3e4f173600ec3a54da69f6f5bc32d,2026-08-21T20:42:52.000Z,Q1a
all_weight_entries,Thundergod2007/vipragsent-phobert-checkpoints,model,campaigns/vipragsent-v7-compact-20260820-190bb0f24a7e75a8/SHARD_H100_MIG20_COMPACT/nb-170d4c47-8a39-47ad-9425-d231de44fc92-857677f648-2qn8f/science/checkpoints/q1a_phobert_pragmatic_single_task_20260522/immutable_boundaries/F1AB9E8D3BEA/boundary_0001_latest_F1AB9E8D3BEA.pt,1613146263,8a683a0fbff0cbd7799b43ee41748422ea6c3eb2,f1ab9e8d3bea82749af3816d5c0f06b0236d0108e213d441414ef60cbca1a99d,1613146263,135,1a37ff81bee41f63e6d6cfdfd257064550c3231dcbc7ce6e28c807e580979866,d79657ef6153f333a82a22eb0a715a6765c51630,2026-08-21T20:44:33.000Z,Q1a
all_weight_entries,Thundergod2007/vipragsent-phobert-checkpoints,model,campaigns/vipragsent-v7-compact-20260820-190bb0f24a7e75a8/SHARD_H100_MIG20_COMPACT/nb-170d4c47-8a39-47ad-9425-d231de44fc92-857677f648-2qn8f/science/checkpoints/q1a_phobert_pragmatic_single_task_20260522/immutable_boundaries/F6E593A3F6E7/boundary_0007_latest_F6E593A3F6E7.pt,1613146263,b3699e90219d560f5a83662cedc0a8927db654a2,f6e593a3f6e74b84b706d83d5ee042ee5b56dd1d71fac7a6b7a620acd977abaf,1613146263,135,5fa796509816a800fd0be558525239bf51278bf3e0aca92d0314ae0f00fe7e40,7244088265ebbf953b19cc59bb387c4c7a732fb2,2026-08-21T20:45:20.000Z,Q1a
all_weight_entries,Thundergod2007/vipragsent-phobert-checkpoints,model,campaigns/vipragsent-v7-compact-20260820-190bb0f24a7e75a8/SHARD_H100_MIG20_COMPACT/nb-170d4c47-8a39-47ad-9425-d231de44fc92-857677f648-2qn8f/science/checkpoints/q1a_phobert_pragmatic_single_task_20260522/immutable_boundaries/F77047F26439/boundary_0001_latest_F77047F26439.pt,1613146263,a2c24020172ab9f45c3fb78228e5ca6e92ca5cbe,f77047f2643960a264f20d3d95cbce2253d9b664babc419e7ae44267bd9c49ca,1613146263,135,00fb0963f0a7383acd35d81f4f184d4c7917dcdaed3ee10b7a07c2ed3ef05023,58403acac3af24119fab39a99403497aa4ffb13e,2026-08-22T09:52:23.000Z,Q1a
all_weight_entries,Thundergod2007/vipragsent-phobert-checkpoints,model,campaigns/vipragsent-v7-compact-20260820-190bb0f24a7e75a8/SHARD_H100_MIG20_COMPACT/nb-170d4c47-8a39-47ad-9425-d231de44fc92-857677f648-2qn8f/science/checkpoints/q1a_phobert_pragmatic_single_task_20260522/immutable_boundaries/FA37988C711E/boundary_0002_best_FA37988C711E.pt,1613111701,19a4fad5bc07702098ad80308e3c868493286a95,fa37988c711e0cf04cc13b36dce9b31822be5552a8b29191df7451f28e1cdad9,1613111701,135,3565c589400ea226ab502eeff3e7212b843f2e42b4b0883a2f1a8a7c8f363abe,67e91faea06845a089717110062d91163bbfc5be,2026-08-21T20:46:22.000Z,Q1a
all_weight_entries,Thundergod2007/vipragsent-phobert-checkpoints,model,campaigns/vipragsent-v7-compact-20260820-190bb0f24a7e75a8/SHARD_H100_MIG20_COMPACT/nb-170d4c47-8a39-47ad-9425-d231de44fc92-857677f648-2qn8f/science/checkpoints/q1a_phobert_pragmatic_single_task_20260522/immutable_boundaries/FBAC3FC242FC/boundary_0003_latest_FBAC3FC242FC.pt,1613146263,3ce7f9d35c7b017ca67ba0ddacf95fe0111f087b,fbac3fc242fc11926e5f41d842b9b6293b14ebc221841a7d778bb70d4d19af22,1613146263,135,921d9e35daf32dfa79b63cb3b5af5b697411cd188b9a89d9b4fb2053f3f2c0e2,c368fdebb92ee19740bee1bd1645c648eb94c5ce,2026-08-21T20:47:44.000Z,Q1a
all_weight_entries,Thundergod2007/vipragsent-phobert-checkpoints,model,campaigns/vipragsent-v7-compact-20260820-190bb0f24a7e75a8/SHARD_H100_MIG20_COMPACT/nb-170d4c47-8a39-47ad-9425-d231de44fc92-857677f648-2qn8f/science/checkpoints/q1a_phobert_pragmatic_single_task_20260522/immutable_boundaries/FCF5E7D1F50B/boundary_0001_best_FCF5E7D1F50B.pt,1613111701,24170f20f8ad10fe1357211687e33dc514497caa,fcf5e7d1f50b63383ead32c23ad746b591d84620d7f4421e7d70fa64e356c366,1613111701,135,c57de670c45de4e361fea671d6f222a311d18da433eb7de59a671632558ea880,32d168c674fc75f93fdb70988d2f205c1fb1ab2d,2026-08-21T20:48:22.000Z,Q1a
all_weight_entries,Thundergod2007/vipragsent-phobert-checkpoints,model,campaigns/vipragsent-v7-compact-20260820-190bb0f24a7e75a8/SHARD_H100_MIG20_COMPACT/nb-170d4c47-8a39-47ad-9425-d231de44fc92-857677f648-2qn8f/science/checkpoints/q1a_phobert_pragmatic_single_task_20260522/immutable_boundaries/FE231F9F0F89/boundary_0003_latest_FE231F9F0F89.pt,1613146263,3a6be2ba603d9a72918b33ca056e3c6cd2a9a684,fe231f9f0f89f762fe9890dd7d46eee0a842ed1466467e180a3e6ac147e3f331,1613146263,135,49568fd0d2b77cee050ee1afd89911ffa6a78ea88eda0d4a7de85f0142ec72df,86fb68e703b65beb11e6c267cdfb6167f07a4148,2026-08-22T09:57:14.000Z,Q1a
all_weight_entries,Thundergod2007/vipragsent-phobert-checkpoints,model,campaigns/vipragsent-v7-compact-20260820-190bb0f24a7e75a8/SHARD_H100_MIG20_COMPACT/nb-170d4c47-8a39-47ad-9425-d231de44fc92-857677f648-2qn8f/science/checkpoints/q1a_phobert_pragmatic_single_task_20260522/immutable_boundaries/FE70567DA204/boundary_0008_latest_FE70567DA204.pt,1613146263,b4074574f765bd3a83903eb346011bab7e543688,fe70567da20471f07759b257b4b91fc5c4f43efb2c5c0181080e9566a56d0253,1613146263,135,2b7173299d92c42e231daa81bea7d8aabda92ce91bf523bf5139aed43118bd43,97026e995b048fbb8ba8f81c21e3397d4a7a5573,2026-08-21T20:49:15.000Z,Q1a
all_weight_entries,Thundergod2007/vipragsent-phobert-checkpoints,model,campaigns/vipragsent-v7-compact-20260820-190bb0f24a7e75a8/SHARD_H100_MIG20_COMPACT/nb-170d4c47-8a39-47ad-9425-d231de44fc92-857677f648-2qn8f/science/checkpoints/q1a_phobert_pragmatic_single_task_20260522/immutable_boundaries/FEF460587D0D/boundary_0007_latest_FEF460587D0D.pt,1613146263,8ecb4fb67b458842dc215dee1a0a7e1a2f27f8bf,fef460587d0d7673d9aa7baff2ccde8da53d3e7a08ab71d6bc4ffe1bf1a844b0,1613146263,135,c22b13eeaf26a3c7d944fdd923eb3a7e03673b91258917bb504ad2c6c62111e9,5e07410a3da5a8eaa4326c1c70621f1eec6b2a82,2026-08-21T20:52:28.000Z,Q1a
all_weight_entries,Thundergod2007/vipragsent-phobert-checkpoints,model,campaigns/vipragsent-v7-compact-20260820-190bb0f24a7e75a8/SHARD_H100_MIG20_COMPACT/nb-170d4c47-8a39-47ad-9425-d231de44fc92-857677f648-2qn8f/science/checkpoints/q1a_phobert_pragmatic_single_task_20260522/immutable_boundaries/FF529384ACF9/boundary_0008_best_FF529384ACF9.pt,1613111701,a21acb8ebb4ba359f1f8c87776121af0b2dbbd31,ff529384acf9c8b1271c43a5ea9ad8ffd145886f64f3b255b9d8bc7d0ac0ebc7,1613111701,135,b98e1369ec2de78f6466d64e9f59a32dcc97a109265618b824b5693acfb67aa0,8d5bcd4a59bf93d3c8fa99b7285c50b4e694f114,2026-08-22T10:01:15.000Z,Q1a
all_weight_entries,Thundergod2007/vipragsent-phobert-checkpoints,model,campaigns/vipragsent-v7-compact-20260820-190bb0f24a7e75a8/SHARD_H100_MIG20_COMPACT/nb-170d4c47-8a39-47ad-9425-d231de44fc92-857677f648-2qn8f/science/checkpoints/q1a_phobert_pragmatic_single_task_20260523/immutable_boundaries/0211FBCAC9FC/boundary_0001_latest_0211FBCAC9FC.pt,1613146263,b719dd420ce39e89d83af660af5732f4666bdd73,0211fbcac9fc07c641986be00cfee4511f531ce59cf2eb5e8ec25754933be3b2,1613146263,135,d300c4ada0ebaad6167f6c0a6a5b1a93a708be9e3ab0947f5be9d0fbf5a58066,69ba5248d9e948dfdb63139e17de36e8faa670dd,2026-08-21T22:32:38.000Z,Q1a
all_weight_entries,Thundergod2007/vipragsent-phobert-checkpoints,model,campaigns/vipragsent-v7-compact-20260820-190bb0f24a7e75a8/SHARD_H100_MIG20_COMPACT/nb-170d4c47-8a39-47ad-9425-d231de44fc92-857677f648-2qn8f/science/checkpoints/q1a_phobert_pragmatic_single_task_20260523/immutable_boundaries/0393857526F6/boundary_0005_best_0393857526F6.pt,1613111701,d8372d87d800062ac105f97c90bfef977f054c69,0393857526f636170934380a1129a94d2d104b5d876ef64afd9aa7b4914ed935,1613111701,135,b48b320b3fafe471bab0af92c9d4f2f22d8f5919ea301cf72343d23ce10d7a9b,b1db62353361a7aad1ec095be8cb2d13a316b9d7,2026-08-22T09:31:35.000Z,Q1a
all_weight_entries,Thundergod2007/vipragsent-phobert-checkpoints,model,campaigns/vipragsent-v7-compact-20260820-190bb0f24a7e75a8/SHARD_H100_MIG20_COMPACT/nb-170d4c47-8a39-47ad-9425-d231de44fc92-857677f648-2qn8f/science/checkpoints/q1a_phobert_pragmatic_single_task_20260523/immutable_boundaries/03B227EBD66B/boundary_0006_best_03B227EBD66B.pt,1613111701,0e867109ecf9a3ccfbb371752f9e3679f2d2426c,03b227ebd66b675264ae36809958bf086221cda07ac9835ce5dd14a0157220d8,1613111701,135,53b78e80ecbe9b559d63b8dd21d0fc5aab5e2028354082d8b0489016e73f148d,9100cce8be2298b92db75c4238932627a04632c8,2026-08-22T08:09:54.000Z,Q1a
all_weight_entries,Thundergod2007/vipragsent-phobert-checkpoints,model,campaigns/vipragsent-v7-compact-20260820-190bb0f24a7e75a8/SHARD_H100_MIG20_COMPACT/nb-170d4c47-8a39-47ad-9425-d231de44fc92-857677f648-2qn8f/science/checkpoints/q1a_phobert_pragmatic_single_task_20260523/immutable_boundaries/04529DDC4DA0/boundary_0004_best_04529DDC4DA0.pt,1613111701,63fb412e41b493a3aa02b8d5963255c84adc299c,04529ddc4da012581603e6a5b4b140fa5888adf39e7c0a4ca31b22c1ff23ae16,1613111701,135,73a0603435330ce3a77f568cacbfa280d571ce7b4c122c63b743d779ffb1fdcc,83b54081c1bba1ca94b49562b8e83a0ab41994be,2026-08-22T07:36:54.000Z,Q1a
all_weight_entries,Thundergod2007/vipragsent-phobert-checkpoints,model,campaigns/vipragsent-v7-compact-20260820-190bb0f24a7e75a8/SHARD_H100_MIG20_COMPACT/nb-170d4c47-8a39-47ad-9425-d231de44fc92-857677f648-2qn8f/science/checkpoints/q1a_phobert_pragmatic_single_task_20260523/immutable_boundaries/059DED603731/boundary_0007_best_059DED603731.pt,1613111701,cc32f7818b04d8336c632078ac4d98e5babe3334,059ded6037313958ab31b8e150db157507e4cf1485c5c6a2893acc930fa9e28c,1613111701,135,1dc38e029822442635269edfb3e726321d5b5c9067320d049b9907df60882781,6decc558ba0b0b3d62b815124e083fd397ed4e02,2026-08-22T08:13:51.000Z,Q1a
all_weight_entries,Thundergod2007/vipragsent-phobert-checkpoints,model,campaigns/vipragsent-v7-compact-20260820-190bb0f24a7e75a8/SHARD_H100_MIG20_COMPACT/nb-170d4c47-8a39-47ad-9425-d231de44fc92-857677f648-2qn8f/science/checkpoints/q1a_phobert_pragmatic_single_task_20260523/immutable_boundaries/05A6F43C7F08/boundary_0001_best_05A6F43C7F08.pt,1613111701,ab68a34408ec7a6d1fd3047666312c1c0372b517,05a6f43c7f086a3f67658f06cb6b90983899879c209743bd2dfd291336ea20e4,1613111701,135,9ce78b1bd6fac3d48850bf3df2bb98b1a3fc7ad8be37758f40f7059763ff6067,a9c83a88acf7d224428ef215f111a8165c499dc4,2026-08-22T07:11:50.000Z,Q1a
all_weight_entries,Thundergod2007/vipragsent-phobert-checkpoints,model,campaigns/vipragsent-v7-compact-20260820-190bb0f24a7e75a8/SHARD_H100_MIG20_COMPACT/nb-170d4c47-8a39-47ad-9425-d231de44fc92-857677f648-2qn8f/science/checkpoints/q1a_phobert_pragmatic_single_task_20260523/immutable_boundaries/0828FA273A9A/boundary_0002_best_0828FA273A9A.pt,1613111701,c9a1d7ec23e1aceef45dc524c5d2bbf73a0af550,0828fa273a9a471f4676bb6b9134760e8d751a15a61bf4e548c9b9518aa639f6,1613111701,135,a499097fb9075f8eb078aa449f69ba16a14b78d97b33a331ed693ce31a27298d,0650f2aac024faa478ed759f502a4c2e2361d64d,2026-08-22T07:28:55.000Z,Q1a
all_weight_entries,Thundergod2007/vipragsent-phobert-checkpoints,model,campaigns/vipragsent-v7-compact-20260820-190bb0f24a7e75a8/SHARD_H100_MIG20_COMPACT/nb-170d4c47-8a39-47ad-9425-d231de44fc92-857677f648-2qn8f/science/checkpoints/q1a_phobert_pragmatic_single_task_20260523/immutable_boundaries/113F356F98EB/boundary_0004_latest_113F356F98EB.pt,1613146263,7fa9e637fe536e4d4a065994dcda719672a34143,113f356f98eb336f9db030cbc496ad346925bfc9df26b9d627e79b13fe4be47f,1613146263,135,189a5a30e6fa92e2fdfa3050d4cc4685d7fa7fa168067f52b321769fb82c101a,b0be1c16b5f08281525ad29966d392366ace9bc3,2026-08-22T09:29:36.000Z,Q1a
all_weight_entries,Thundergod2007/vipragsent-phobert-checkpoints,model,campaigns/vipragsent-v7-compact-20260820-190bb0f24a7e75a8/SHARD_H100_MIG20_COMPACT/nb-170d4c47-8a39-47ad-9425-d231de44fc92-857677f648-2qn8f/science/checkpoints/q1a_phobert_pragmatic_single_task_20260523/immutable_boundaries/12D89DE881BD/boundary_0006_latest_12D89DE881BD.pt,1613146263,684220063228110c32c21bd0bba2422f559cacd8,12d89de881bd205968097642094442291d5527a3fa5479e5b6a1dc3fc3ab6f6e,1613146263,135,336e15bc2a3cc77ed3b49e955ed2eb2f0c851dcb0d66d487fa09708926735976,32990ae3a2feb2ec9e2b243bac51d47cdaf670de,2026-08-22T08:47:03.000Z,Q1a
all_weight_entries,Thundergod2007/vipragsent-phobert-checkpoints,model,campaigns/vipragsent-v7-compact-20260820-190bb0f24a7e75a8/SHARD_H100_MIG20_COMPACT/nb-170d4c47-8a39-47ad-9425-d231de44fc92-857677f648-2qn8f/science/checkpoints/q1a_phobert_pragmatic_single_task_20260523/immutable_boundaries/137C9858A9A5/boundary_0003_latest_137C9858A9A5.pt,1613146263,1c7061ae4befa91298bdea558e206145e492fab2,137c9858a9a531ecf337fd2b1aa3b2ab604f2c7aa4ebb3c10a91a8b6d028611e,1613146263,135,7b78eab8fb42ff3eb4491be7ea9046f0a68bd5d22eab8b2fada3f87443955ad1,9426eb74b97785363c2ae25837e6c2d0c25eabce,2026-08-21T22:35:43.000Z,Q1a
all_weight_entries,Thundergod2007/vipragsent-phobert-checkpoints,model,campaigns/vipragsent-v7-compact-20260820-190bb0f24a7e75a8/SHARD_H100_MIG20_COMPACT/nb-170d4c47-8a39-47ad-9425-d231de44fc92-857677f648-2qn8f/science/checkpoints/q1a_phobert_pragmatic_single_task_20260523/immutable_boundaries/14E70E8D7BE2/boundary_0003_best_14E70E8D7BE2.pt,1613111701,32089b670ec203601267c0308af268c89964f07f,14e70e8d7be2a0cafef8d954e732b1451ae8e838dc522157f401fc414d86bad2,1613111701,135,b9026438843c69d3a0cdd8b5daec79330896555e1a4f052f97ef454b739ebbea,5daf998685a31cb1af2b4fc42701d09241e58c34,2026-08-22T08:35:23.000Z,Q1a
all_weight_entries,Thundergod2007/vipragsent-phobert-checkpoints,model,campaigns/vipragsent-v7-compact-20260820-190bb0f24a7e75a8/SHARD_H100_MIG20_COMPACT/nb-170d4c47-8a39-47ad-9425-d231de44fc92-857677f648-2qn8f/science/checkpoints/q1a_phobert_pragmatic_single_task_20260523/immutable_boundaries/19361136BA7A/boundary_0007_best_19361136BA7A.pt,1613111701,f61735764cfb15b7ea1e870e80215dda82d2ba1d,19361136ba7aa7bb40e481c2ef9e133e94b646222ab512a1aa5f795938a74ddb,1613111701,135,75a68bb09077d7ae4dd61dcbfe7d28c4863184aa50c0a70c24ea87f5bbd676a0,6772d18d13715ff10bdb54587494248a95d06954,2026-08-22T08:49:00.000Z,Q1a
all_weight_entries,Thundergod2007/vipragsent-phobert-checkpoints,model,campaigns/vipragsent-v7-compact-20260820-190bb0f24a7e75a8/SHARD_H100_MIG20_COMPACT/nb-170d4c47-8a39-47ad-9425-d231de44fc92-857677f648-2qn8f/science/checkpoints/q1a_phobert_pragmatic_single_task_20260523/immutable_boundaries/1B1754AAA39E/boundary_0002_best_1B1754AAA39E.pt,1613111701,866bf9c573a9a8ecab9e04d325ad3b02617915ba,1b1754aaa39e16e1897e7ac0bd70033d38b8070b149fb90f4dc71a2d8381f8d9,1613111701,135,6c3532d9981e458af455d9f7ef15a1efc4fb515a0358c860ebf671f5fb9480f6,a18f665184c3a9a53d4cfee90241e5c6efe62f6b,2026-08-21T20:53:42.000Z,Q1a
all_weight_entries,Thundergod2007/vipragsent-phobert-checkpoints,model,campaigns/vipragsent-v7-compact-20260820-190bb0f24a7e75a8/SHARD_H100_MIG20_COMPACT/nb-170d4c47-8a39-47ad-9425-d231de44fc92-857677f648-2qn8f/science/checkpoints/q1a_phobert_pragmatic_single_task_20260523/immutable_boundaries/1BCC6690C8B4/boundary_0001_latest_1BCC6690C8B4.pt,1613146263,da02143da2262ddbb8ffea5ff6d0b2e3683bbb58,1bcc6690c8b4f8bb39e73f5b40435267f91f6509de92d3031c8b0e3d161a04f3,1613146263,135,28fd6c52d6eff3cef0eb766ca18025b4b5ae321532848f80383c973d20d5a432,9ec93838aaebfd17794f86144859933bb191a16d,2026-08-22T08:29:32.000Z,Q1a
all_weight_entries,Thundergod2007/vipragsent-phobert-checkpoints,model,campaigns/vipragsent-v7-compact-20260820-190bb0f24a7e75a8/SHARD_H100_MIG20_COMPACT/nb-170d4c47-8a39-47ad-9425-d231de44fc92-857677f648-2qn8f/science/checkpoints/q1a_phobert_pragmatic_single_task_20260523/immutable_boundaries/1C0B6C630757/boundary_0009_best_1C0B6C630757.pt,1613111701,08cfd1b1aca11865dde9d6b7ec662864944795ff,1c0b6c630757717f913c9ad7b425ba19c7790ff49557f054bc8de279c18581e4,1613111701,135,b8e68d117e52ac5e115028fc68ce91f6ffe699485168388f9978e0b89b9bd8fe,601730067924d85ac0f73f2a74941c3f6a7ef21f,2026-08-22T08:21:41.000Z,Q1a
all_weight_entries,Thundergod2007/vipragsent-phobert-checkpoints,model,campaigns/vipragsent-v7-compact-20260820-190bb0f24a7e75a8/SHARD_H100_MIG20_COMPACT/nb-170d4c47-8a39-47ad-9425-d231de44fc92-857677f648-2qn8f/science/checkpoints/q1a_phobert_pragmatic_single_task_20260523/immutable_boundaries/215B0CC6B196/boundary_0002_latest_215B0CC6B196.pt,1613146263,3100d5b3e5de113022e465d7428c6ab20e21d1ab,215b0cc6b19694cf7d729f64799c579c393952974d589c39e95511b5a394076e,1613146263,135,78f3ac6ecc0f8ba83c6df4c728c6bc26df7424dec64f32a9070ada2526eb6fd5,ffe20adf8d16fda3561b0e5f7a1b2dbd197648f3,2026-08-22T07:16:35.000Z,Q1a
all_weight_entries,Thundergod2007/vipragsent-phobert-checkpoints,model,campaigns/vipragsent-v7-compact-20260820-190bb0f24a7e75a8/SHARD_H100_MIG20_COMPACT/nb-170d4c47-8a39-47ad-9425-d231de44fc92-857677f648-2qn8f/science/checkpoints/q1a_phobert_pragmatic_single_task_20260523/immutable_boundaries/23108910F4CF/boundary_0003_latest_23108910F4CF.pt,1613146263,86e6fac13f72f8e2c629fc2fc2206c9200f82b77,23108910f4cfcea7678856a3354601abf6fa9b4e2fcc1226ae6c835c684a0412,1613146263,135,6abc656878be3f4e40a595ffab442b3ac9014a07b3cbb9d6ca06d2111d8d0739,4ffd080918105d429ab356ee1f404d77a560756f,2026-08-22T07:18:39.000Z,Q1a
all_weight_entries,Thundergod2007/vipragsent-phobert-checkpoints,model,campaigns/vipragsent-v7-compact-20260820-190bb0f24a7e75a8/SHARD_H100_MIG20_COMPACT/nb-170d4c47-8a39-47ad-9425-d231de44fc92-857677f648-2qn8f/science/checkpoints/q1a_phobert_pragmatic_single_task_20260523/immutable_boundaries/254EB68BAE25/boundary_0003_latest_254EB68BAE25.pt,1613146263,f6457b7c9e6a18141e3931a76668ab2fc96a20a5,254eb68bae259f0e20983ed9eb94911461ac83e945feeace655d945ed42db0fb,1613146263,135,f557ac665f5a5b3828cda4d32738d542a28684b2bbaeb3746b7d451a13582980,2649167da081ca6cd4254ec45b0a3f903127bddc,2026-08-21T22:36:52.000Z,Q1a
all_weight_entries,Thundergod2007/vipragsent-phobert-checkpoints,model,campaigns/vipragsent-v7-compact-20260820-190bb0f24a7e75a8/SHARD_H100_MIG20_COMPACT/nb-170d4c47-8a39-47ad-9425-d231de44fc92-857677f648-2qn8f/science/checkpoints/q1a_phobert_pragmatic_single_task_20260523/immutable_boundaries/282CC96124F6/boundary_0009_latest_282CC96124F6.pt,1613146263,b7a5bca65e2c2f840ed3a506a33c1b7bd0cdd83f,282cc96124f693d3035a58ae6a0ceca1ca6f59933ae79e66db7d410f94a278ba,1613146263,135,ff4f6a1c54adb12e0ab90af2bc2507cca280658fe3976ea269268d44715f11cc,507aae3e781097ba35f705d65dd6f3b05a251170,2026-08-22T08:55:14.000Z,Q1a
all_weight_entries,Thundergod2007/vipragsent-phobert-checkpoints,model,campaigns/vipragsent-v7-compact-20260820-190bb0f24a7e75a8/SHARD_H100_MIG20_COMPACT/nb-170d4c47-8a39-47ad-9425-d231de44fc92-857677f648-2qn8f/science/checkpoints/q1a_phobert_pragmatic_single_task_20260523/immutable_boundaries/285BBBA322C2/boundary_0001_latest_285BBBA322C2.pt,1613146263,152aea567524d006e1aa847bd943b405b457d5f2,285bbba322c26541e4063b74b4eaf259ec00ba99d9eacda94507c0a2a899246c,1613146263,135,f71d9c3bf2d06b6476d9b8129574c0914ba8b966e1044d1d45da4fc8f6214af6,a0cafd6a0c5a90547a72f124230bc4a8be630dc0,2026-08-21T20:57:03.000Z,Q1a
all_weight_entries,Thundergod2007/vipragsent-phobert-checkpoints,model,campaigns/vipragsent-v7-compact-20260820-190bb0f24a7e75a8/SHARD_H100_MIG20_COMPACT/nb-170d4c47-8a39-47ad-9425-d231de44fc92-857677f648-2qn8f/science/checkpoints/q1a_phobert_pragmatic_single_task_20260523/immutable_boundaries/2A299AA7F6B9/boundary_0005_latest_2A299AA7F6B9.pt,1613146263,bc3dafc20ce9b80f3e0d43919f9e0c39dac1fbd4,2a299aa7f6b996c1f7a65218446f9ef3c4928c90664fcd9ef26a3028ab211574,1613146263,135,fe7fa60ad00780143a2aaf693d6627ac4fb38408fac428137a49762c93b0a346,1781d617d71e56602b24846fc2b52de3c8ec2688,2026-08-21T21:05:12.000Z,Q1a
all_weight_entries,Thundergod2007/vipragsent-phobert-checkpoints,model,campaigns/vipragsent-v7-compact-20260820-190bb0f24a7e75a8/SHARD_H100_MIG20_COMPACT/nb-170d4c47-8a39-47ad-9425-d231de44fc92-857677f648-2qn8f/science/checkpoints/q1a_phobert_pragmatic_single_task_20260523/immutable_boundaries/2C087DFDDFF6/boundary_0004_best_2C087DFDDFF6.pt,1613111701,d50d44b93694e443b434225adbaca01a9d85eed6,2c087dfddff6253a732b4058ca4262100d5b98c50153f9c4b4a86ab1db875fa1,1613111701,135,c79272f9ab1b3b6d50b77f606aebcc319da0e45d5fd7ec9a169a2b747cd420f8,928627aa026f6ea783f90f7183204b2c763ebdaa,2026-08-22T08:04:01.000Z,Q1a
all_weight_entries,Thundergod2007/vipragsent-phobert-checkpoints,model,campaigns/vipragsent-v7-compact-20260820-190bb0f24a7e75a8/SHARD_H100_MIG20_COMPACT/nb-170d4c47-8a39-47ad-9425-d231de44fc92-857677f648-2qn8f/science/checkpoints/q1a_phobert_pragmatic_single_task_20260523/immutable_boundaries/2C868116C662/boundary_0002_best_2C868116C662.pt,1613111701,848df534e551311ad25c8f80574ece54d4ccee41,2c868116c662b849b25bc850f2b203211d4af360912c78a734acaf848302e47d,1613111701,135,7ef41752712df34e3817caf565ddcbe768270445033845e32bd2221b296131a9,3a29cc7fb7c787a217c6637c617b67399add02f4,2026-08-22T09:19:36.000Z,Q1a
all_weight_entries,Thundergod2007/vipragsent-phobert-checkpoints,model,campaigns/vipragsent-v7-compact-20260820-190bb0f24a7e75a8/SHARD_H100_MIG20_COMPACT/nb-170d4c47-8a39-47ad-9425-d231de44fc92-857677f648-2qn8f/science/checkpoints/q1a_phobert_pragmatic_single_task_20260523/immutable_boundaries/2F1A79C2B7FE/boundary_0003_best_2F1A79C2B7FE.pt,1613111701,6713e717652c540dcde7c50b7a1ea1dea32dfa5c,2f1a79c2b7fef54441a4dafe07bc1adefe9845d0e1167d866a4db150752d9010,1613111701,135,0c4267366c8eed7687a079393ba5445e71eba00f6d48dd2c013995c8bf16c311,6a345275b630419c8643bdabf72222a4df1392f3,2026-08-22T07:32:56.000Z,Q1a
all_weight_entries,Thundergod2007/vipragsent-phobert-checkpoints,model,campaigns/vipragsent-v7-compact-20260820-190bb0f24a7e75a8/SHARD_H100_MIG20_COMPACT/nb-170d4c47-8a39-47ad-9425-d231de44fc92-857677f648-2qn8f/science/checkpoints/q1a_phobert_pragmatic_single_task_20260523/immutable_boundaries/30B9B678DC6C/boundary_0003_latest_30B9B678DC6C.pt,1613146263,bcc85a2e8bd25c8ec2de26e327002dc23ab55a35,30b9b678dc6c5c84eabda371ba72d7d68878eb30ae7db4bcdf15a1c33726595b,1613146263,135,709152c67dac3320cff9891f9db6f9a88ddc840bce14b47543a1bc73d5f0d83f,2f411201b037fb81df4511112bc07c8592cf88af,2026-08-22T07:34:56.000Z,Q1a
all_weight_entries,Thundergod2007/vipragsent-phobert-checkpoints,model,campaigns/vipragsent-v7-compact-20260820-190bb0f24a7e75a8/SHARD_H100_MIG20_COMPACT/nb-170d4c47-8a39-47ad-9425-d231de44fc92-857677f648-2qn8f/science/checkpoints/q1a_phobert_pragmatic_single_task_20260523/immutable_boundaries/317DC3E4C8BC/boundary_0003_latest_317DC3E4C8BC.pt,1613146263,eec50f8b2c083010352a84451b3c8184d9957920,317dc3e4c8bca107e4fe64b94322c8abd1b943297c8b43e74f3a52c26b4849a4,1613146263,135,c100eafaa70e9bd0870431f933022c943397680eeb32c02535aedbd4a703c60c,0cd2cd4032eeb2be97e999446fc4b7392bff2977,2026-08-21T21:06:53.000Z,Q1a
all_weight_entries,Thundergod2007/vipragsent-phobert-checkpoints,model,campaigns/vipragsent-v7-compact-20260820-190bb0f24a7e75a8/SHARD_H100_MIG20_COMPACT/nb-170d4c47-8a39-47ad-9425-d231de44fc92-857677f648-2qn8f/science/checkpoints/q1a_phobert_pragmatic_single_task_20260523/immutable_boundaries/321D1B3EE2A1/boundary_0002_latest_321D1B3EE2A1.pt,1613146263,5fafb7b9fd4ece9cb2f62a2381e2738c9536205b,321d1b3ee2a14cb1cf18f8b3201ddf0fbb51e28c902d201790f8985ca4de3779,1613146263,135,32de296ac15b3326cf9673a159b43c5f6771f005e881ad8f88e8d291860b0eb4,77923904c222d1dc40b985650c1107f636c4f834,2026-08-21T21:08:38.000Z,Q1a
all_weight_entries,Thundergod2007/vipragsent-phobert-checkpoints,model,campaigns/vipragsent-v7-compact-20260820-190bb0f24a7e75a8/SHARD_H100_MIG20_COMPACT/nb-170d4c47-8a39-47ad-9425-d231de44fc92-857677f648-2qn8f/science/checkpoints/q1a_phobert_pragmatic_single_task_20260523/immutable_boundaries/34CA202B3E54/boundary_0001_latest_34CA202B3E54.pt,1613146263,63fb66fc6027f238bf7dd2032a12fc6fd434db77,34ca202b3e5480b5a3fa5cd95d9d80881abf82cabe9913c57434e810d453b6d8,1613146263,135,7e3c44ed3a73c0f492cb5ba1c75b4cae916e8dc9cf727991f369bffab6c01cf5,ddb446826dff83dc0aa11f7f615f7f50b29daf7f,2026-08-21T22:38:50.000Z,Q1a
all_weight_entries,Thundergod2007/vipragsent-phobert-checkpoints,model,campaigns/vipragsent-v7-compact-20260820-190bb0f24a7e75a8/SHARD_H100_MIG20_COMPACT/nb-170d4c47-8a39-47ad-9425-d231de44fc92-857677f648-2qn8f/science/checkpoints/q1a_phobert_pragmatic_single_task_20260523/immutable_boundaries/35663D7C3B1D/boundary_0008_latest_35663D7C3B1D.pt,1613146263,6e06962c7a8e387b6d7a5e60598e021f594646c5,35663d7c3b1dd3c70dce1f93f0134ab4cb09c85876974ec98d5e219f38b96c3c,1613146263,135,eecc7fe37ef9088f9110ace16ed704113ccfc7a7c6b801ae74660b280a185038,b42cda2efba6f2d96b17a942b63572a125e48167,2026-08-22T08:53:10.000Z,Q1a
all_weight_entries,Thundergod2007/vipragsent-phobert-checkpoints,model,campaigns/vipragsent-v7-compact-20260820-190bb0f24a7e75a8/SHARD_H100_MIG20_COMPACT/nb-170d4c47-8a39-47ad-9425-d231de44fc92-857677f648-2qn8f/science/checkpoints/q1a_phobert_pragmatic_single_task_20260523/immutable_boundaries/3CDA59B69309/boundary_0004_latest_3CDA59B69309.pt,1613146263,3e0a956969f1b7e30c0fdbf52e8754e852068bb2,3cda59b693093478fb99aa47817fd72e47b761d21837d08d0e18444c9d5ae65d,1613146263,135,5663846d53c5c0f835ead15d5587933fcce1c42c14315210a75ae5c9a1d6d130,e8c1c4c461b467df9c3cd4658d952683223a7eee,2026-08-22T08:05:58.000Z,Q1a
all_weight_entries,Thundergod2007/vipragsent-phobert-checkpoints,model,campaigns/vipragsent-v7-compact-20260820-190bb0f24a7e75a8/SHARD_H100_MIG20_COMPACT/nb-170d4c47-8a39-47ad-9425-d231de44fc92-857677f648-2qn8f/science/checkpoints/q1a_phobert_pragmatic_single_task_20260523/immutable_boundaries/3F31436BBEEB/boundary_0001_best_3F31436BBEEB.pt,1613111701,aa1bd9845f4d2b21ffad0bdbc4af961ade04f9b3,3f31436bbeebbbb014e5cb882de8235d4b8942778209c77f39841b448a76ecd0,1613111701,135,b587771c0c86685c329ed084e34181eac39f3038a506aabb377d8471d6a7ff01,ec08fd6196f3e7d91b6a7115bd6546c2e1b96977,2026-08-22T09:15:34.000Z,Q1a
all_weight_entries,Thundergod2007/vipragsent-phobert-checkpoints,model,campaigns/vipragsent-v7-compact-20260820-190bb0f24a7e75a8/SHARD_H100_MIG20_COMPACT/nb-170d4c47-8a39-47ad-9425-d231de44fc92-857677f648-2qn8f/science/checkpoints/q1a_phobert_pragmatic_single_task_20260523/immutable_boundaries/40CDB46CD5C2/boundary_0003_best_40CDB46CD5C2.pt,1613111701,c1dac3efec4007f3fa507b7957994bf0b16b528e,40cdb46cd5c2435681fbce50b8c7c66a3023b82fd936724a5cb56934e1a803f1,1613111701,135,07b48e3e732a0f89a79474c50f8618cd1af66ed959f04d2efa5fbdcefcb8488b,1debf4efca6907eb22ac901b0cba1c7eda703cec,2026-08-22T09:23:36.000Z,Q1a
all_weight_entries,Thundergod2007/vipragsent-phobert-checkpoints,model,campaigns/vipragsent-v7-compact-20260820-190bb0f24a7e75a8/SHARD_H100_MIG20_COMPACT/nb-170d4c47-8a39-47ad-9425-d231de44fc92-857677f648-2qn8f/science/checkpoints/q1a_phobert_pragmatic_single_task_20260523/immutable_boundaries/49EB6A57C722/boundary_0005_best_49EB6A57C722.pt,1613111701,48704fdb4075f19bdae28b0fbf5b0d2b4f4471b9,49eb6a57c722321b97deb5228024bb97c2d18b546a316d468d6a5125806741eb,1613111701,135,6f0cf88756e857d69d92439e2ee65bf61cc8882e4be295a98706aa082db222da,59fde0aacee279c71b70c046c5027112de5743e9,2026-08-22T09:07:22.000Z,Q1a
all_weight_entries,Thundergod2007/vipragsent-phobert-checkpoints,model,campaigns/vipragsent-v7-compact-20260820-190bb0f24a7e75a8/SHARD_H100_MIG20_COMPACT/nb-170d4c47-8a39-47ad-9425-d231de44fc92-857677f648-2qn8f/science/checkpoints/q1a_phobert_pragmatic_single_task_20260523/immutable_boundaries/4B7DDEA772A8/boundary_0001_latest_4B7DDEA772A8.pt,1613146263,71753be6100a56ee859fb0d75a0591174ea78a87,4b7ddea772a8fa78db1b14284e044e4b9812d928f2d29238b1382de93248bef8,1613146263,135,2c31da80b96f1295732472f8f12074b7ced576a24f937363c4435595c3d4556e,1abf5948c590f1ae5d2b076e82d0ba362ada0c9d,2026-08-22T07:13:56.000Z,Q1a
all_weight_entries,Thundergod2007/vipragsent-phobert-checkpoints,model,campaigns/vipragsent-v7-compact-20260820-190bb0f24a7e75a8/SHARD_H100_MIG20_COMPACT/nb-170d4c47-8a39-47ad-9425-d231de44fc92-857677f648-2qn8f/science/checkpoints/q1a_phobert_pragmatic_single_task_20260523/immutable_boundaries/4BAD902A72E3/boundary_0006_best_4BAD902A72E3.pt,1613111701,9410a4dc0ee94d75ca4b1ada0f9ef79f2a1b4c6b,4bad902a72e3c8d5eb99a4c80faf31f08d54aba232da7bf774dea365f0c89ce9,1613111701,135,3661d731a41f1cbf6d66c221fb5cb589a054f21f19f192de11f3b984ea1ae1a1,bf3967c377025e3734c26ce115860256ba1196fa,2026-08-22T07:44:49.000Z,Q1a
all_weight_entries,Thundergod2007/vipragsent-phobert-checkpoints,model,campaigns/vipragsent-v7-compact-20260820-190bb0f24a7e75a8/SHARD_H100_MIG20_COMPACT/nb-170d4c47-8a39-47ad-9425-d231de44fc92-857677f648-2qn8f/science/checkpoints/q1a_phobert_pragmatic_single_task_20260523/immutable_boundaries/4CF13A455AD2/boundary_0005_best_4CF13A455AD2.pt,1613111701,24283bae86e1bcc907064de9323108ba754ee5a5,4cf13a455ad295ed3e3f4b8ad53d3061494c2d0d2d2998e4085fa3f16582d525,1613111701,135,0b0adf1b1c0ff7b6dcac6c0ee3c7fc404e7820c5f08d079666bd97e48ecb7b8f,2948695e763db2280f8a49d40ff401d694920e1d,2026-08-22T07:40:53.000Z,Q1a
all_weight_entries,Thundergod2007/vipragsent-phobert-checkpoints,model,campaigns/vipragsent-v7-compact-20260820-190bb0f24a7e75a8/SHARD_H100_MIG20_COMPACT/nb-170d4c47-8a39-47ad-9425-d231de44fc92-857677f648-2qn8f/science/checkpoints/q1a_phobert_pragmatic_single_task_20260523/immutable_boundaries/4E2D1F87C4E2/boundary_0005_latest_4E2D1F87C4E2.pt,1613146263,117ba517884180ca4c60a00c72db6e61477792d3,4e2d1f87c4e28cf996721892657685df44bf469a009598b11631a5308bcc13ec,1613146263,135,3a9d2589ed64f89fd8ec945ddf7e3bd16b7cfd275cae511e90af40eee7fcde89,4e76818d2ba8894461341505e7f5919cab37c39a,2026-08-22T09:33:36.000Z,Q1a
all_weight_entries,Thundergod2007/vipragsent-phobert-checkpoints,model,campaigns/vipragsent-v7-compact-20260820-190bb0f24a7e75a8/SHARD_H100_MIG20_COMPACT/nb-170d4c47-8a39-47ad-9425-d231de44fc92-857677f648-2qn8f/science/checkpoints/q1a_phobert_pragmatic_single_task_20260523/immutable_boundaries/57E240C372E5/boundary_0002_latest_57E240C372E5.pt,1613146263,ac07cf133cb2bf29113729366d03f7c99149929f,57e240c372e505b7ed1cf41353755f4a1e8632d29ef2aefc8a7952d77b11e08d,1613146263,135,7eb96e322d5141e7ff6569544f8c578663f95468861efb20cbdd74b8ee503f1b,c18d10632cf59c63d32b1abcfed24eca2d8056da,2026-08-22T08:33:26.000Z,Q1a
all_weight_entries,Thundergod2007/vipragsent-phobert-checkpoints,model,campaigns/vipragsent-v7-compact-20260820-190bb0f24a7e75a8/SHARD_H100_MIG20_COMPACT/nb-170d4c47-8a39-47ad-9425-d231de44fc92-857677f648-2qn8f/science/checkpoints/q1a_phobert_pragmatic_single_task_20260523/immutable_boundaries/5E9163108F2C/boundary_0005_latest_5E9163108F2C.pt,1613146263,5f14e8db411400a7cd218433df7d9e07f0d92fb2,5e9163108f2c1c3d13f317c88f222728cebf7c614fe11acc8d97070805cb97a1,1613146263,135,90cc4b0cc1460da0a03b49447b7d660bfc47898fdb3eb364776ffd5ee043fbce,db1ea38bb5829cf77cd0c6905a7996e11bd0d7ed,2026-08-22T08:07:57.000Z,Q1a
all_weight_entries,Thundergod2007/vipragsent-phobert-checkpoints,model,campaigns/vipragsent-v7-compact-20260820-190bb0f24a7e75a8/SHARD_H100_MIG20_COMPACT/nb-170d4c47-8a39-47ad-9425-d231de44fc92-857677f648-2qn8f/science/checkpoints/q1a_phobert_pragmatic_single_task_20260523/immutable_boundaries/5EB4E7AE4FC8/boundary_0006_latest_5EB4E7AE4FC8.pt,1613146263,9fbae73f9eb23a7a3902d98f757f85d0e8995377,5eb4e7ae4fc887867bf87a5fe5ef9ce7758e479040b2791571e8048255c86f5d,1613146263,135,ad6955b0b7ed915386a8e2fb9b14014fd324f87da4bd3ad0ab563a8c2665fbf4,9a3c38452b3b2af69af3fa6ecd9f5a6f125cee27,2026-08-22T09:11:26.000Z,Q1a
all_weight_entries,Thundergod2007/vipragsent-phobert-checkpoints,model,campaigns/vipragsent-v7-compact-20260820-190bb0f24a7e75a8/SHARD_H100_MIG20_COMPACT/nb-170d4c47-8a39-47ad-9425-d231de44fc92-857677f648-2qn8f/science/checkpoints/q1a_phobert_pragmatic_single_task_20260523/immutable_boundaries/62A1AAB3A441/boundary_0003_best_62A1AAB3A441.pt,1613111701,96b44e116d55a866cb0b706eb51fff32e8b1594c,62a1aab3a441d97c48432314d56e7ac242ae7705a13d274257fe5a7110364dd3,1613111701,135,7059662ba185b5b12a8fd3befd23e65427d30a8d76099dc99c39f8c31b09ef56,bd0bc818045196489d930d5e932df8adf069c489,2026-08-22T08:00:06.000Z,Q1a
all_weight_entries,Thundergod2007/vipragsent-phobert-checkpoints,model,campaigns/vipragsent-v7-compact-20260820-190bb0f24a7e75a8/SHARD_H100_MIG20_COMPACT/nb-170d4c47-8a39-47ad-9425-d231de44fc92-857677f648-2qn8f/science/checkpoints/q1a_phobert_pragmatic_single_task_20260523/immutable_boundaries/6332F1330866/boundary_0006_best_6332F1330866.pt,1613111701,f80f3aed8912b2ef32d4a61a113ce305d42a9416,6332f1330866bab07c818b0ef4c2086944bb3c2c672b75246dd3ce6cf05e1b94,1613111701,135,f891f7614c6019b822a442a107ffa11085a50c9255c7c62dbfd6b3ec8c6a53a9,501694039a18ae31b7b1de7fb27abc37646a1184,2026-08-22T08:45:08.000Z,Q1a
all_weight_entries,Thundergod2007/vipragsent-phobert-checkpoints,model,campaigns/vipragsent-v7-compact-20260820-190bb0f24a7e75a8/SHARD_H100_MIG20_COMPACT/nb-170d4c47-8a39-47ad-9425-d231de44fc92-857677f648-2qn8f/science/checkpoints/q1a_phobert_pragmatic_single_task_20260523/immutable_boundaries/644A00FA7E8A/boundary_0005_latest_644A00FA7E8A.pt,1613146263,38e6b8638570c74016b33bfe397ce4b3fb641244,644a00fa7e8aa31574e57fb27755f8fe2b2b1d5021541ecbfe0c7c3386c25ed4,1613146263,135,2618d9fa0deca0f6e3d6a4494cc1ba50849607e487bfc2c1895235e0d3d415ef,b222406efb94c4b20e56e1abc6130add5c0cfd79,2026-08-22T08:43:11.000Z,Q1a
all_weight_entries,Thundergod2007/vipragsent-phobert-checkpoints,model,campaigns/vipragsent-v7-compact-20260820-190bb0f24a7e75a8/SHARD_H100_MIG20_COMPACT/nb-170d4c47-8a39-47ad-9425-d231de44fc92-857677f648-2qn8f/science/checkpoints/q1a_phobert_pragmatic_single_task_20260523/immutable_boundaries/67BCF2A2ECD8/boundary_0004_latest_67BCF2A2ECD8.pt,1613146263,c14b252dd8004c97704cf7a3e14524517a7372bd,67bcf2a2ecd8488f316e9fb1672c1d000a96e61a00d517fffeabb60c097d446a,1613146263,135,a2afb94ff072cf432314c130688ffbc68b5f33c96384c5645547966ed6f9ae85,d5e9309850bee1cf5214c70a1d80f3fa09fed19f,2026-08-22T09:05:22.000Z,Q1a
all_weight_entries,Thundergod2007/vipragsent-phobert-checkpoints,model,campaigns/vipragsent-v7-compact-20260820-190bb0f24a7e75a8/SHARD_H100_MIG20_COMPACT/nb-170d4c47-8a39-47ad-9425-d231de44fc92-857677f648-2qn8f/science/checkpoints/q1a_phobert_pragmatic_single_task_20260523/immutable_boundaries/6806183525AA/boundary_0008_latest_6806183525AA.pt,1613146263,a2d446d68d0bc3c4b720b2fb6122b566392c0439,6806183525aa18a208cd715536f8ed8657181e08b76329627f2384c1f790e8cc,1613146263,135,c6400f0d5334fe8b7b435daadc0ceaa4abaa5915ceb4de636c7cfbba80713e5e,f693ae816bc962135bcf763235d159ddb96987e2,2026-08-22T08:19:43.000Z,Q1a
all_weight_entries,Thundergod2007/vipragsent-phobert-checkpoints,model,campaigns/vipragsent-v7-compact-20260820-190bb0f24a7e75a8/SHARD_H100_MIG20_COMPACT/nb-170d4c47-8a39-47ad-9425-d231de44fc92-857677f648-2qn8f/science/checkpoints/q1a_phobert_pragmatic_single_task_20260523/immutable_boundaries/6E975DA540C0/boundary_0001_best_6E975DA540C0.pt,1613111701,379d6069991a46f8d66c26def8719b2352eb5e76,6e975da540c01d247d43143ef4afe5516096574984d305fc8aeb992f470fc86a,1613111701,135,4c904e974d1c9eee09662bd9efb1d2b64b338f250fcf45d42ecf5e950d208049,11a1a4ac79b47656b0bc622c9aa192572bc2f434,2026-08-22T07:54:14.000Z,Q1a
all_weight_entries,Thundergod2007/vipragsent-phobert-checkpoints,model,campaigns/vipragsent-v7-compact-20260820-190bb0f24a7e75a8/SHARD_H100_MIG20_COMPACT/nb-170d4c47-8a39-47ad-9425-d231de44fc92-857677f648-2qn8f/science/checkpoints/q1a_phobert_pragmatic_single_task_20260523/immutable_boundaries/740CD67FF2C8/boundary_0005_best_740CD67FF2C8.pt,1613111701,013d2f8a634d1b98bc91c580213e60c11c30819d,740cd67ff2c800a6353aaf9c96dda25366baf3bd165d715eb09fa382d7d5f773,1613111701,135,b4bded95cf27368e58c84094fb75dd4a3b2cc28b6c897754b96f1454540318c6,6d827b8cd935d07871b20498591e7b50cc5ac04b,2026-08-22T08:41:14.000Z,Q1a
all_weight_entries,Thundergod2007/vipragsent-phobert-checkpoints,model,campaigns/vipragsent-v7-compact-20260820-190bb0f24a7e75a8/SHARD_H100_MIG20_COMPACT/nb-170d4c47-8a39-47ad-9425-d231de44fc92-857677f648-2qn8f/science/checkpoints/q1a_phobert_pragmatic_single_task_20260523/immutable_boundaries/7A13A24614A8/boundary_0005_latest_7A13A24614A8.pt,1613146263,7596d03f04909d736b7714bcfbf4f9695722fcea,7a13a24614a810adda075d2bc392155025112a30bfb3cbcc148a27ea9da5b681,1613146263,135,581c4101252aad5c04b37f05a68a71740ac99c2cf803aaef05ed7b1affdcccce,376a4ca7b89c5266da29dd3e13cad7b9f0c69677,2026-08-22T09:09:25.000Z,Q1a
all_weight_entries,Thundergod2007/vipragsent-phobert-checkpoints,model,campaigns/vipragsent-v7-compact-20260820-190bb0f24a7e75a8/SHARD_H100_MIG20_COMPACT/nb-170d4c47-8a39-47ad-9425-d231de44fc92-857677f648-2qn8f/science/checkpoints/q1a_phobert_pragmatic_single_task_20260523/immutable_boundaries/7B90F6869A29/boundary_0006_latest_7B90F6869A29.pt,1613146263,480d714ee5f559a30ba247fafa794a7670f58f8f,7b90f6869a2958dd92b45b470c3091529b3e61c51b7796aa2db678e8299ee6f2,1613146263,135,6f23c9077a02f28b974ce8ad3074fe45e63fb9d67f1e9a12aaf17fa6a582e9a7,4143faa0b4d2a34cbc120670bd0c79ac1f4c86b7,2026-08-22T08:11:52.000Z,Q1a
all_weight_entries,Thundergod2007/vipragsent-phobert-checkpoints,model,campaigns/vipragsent-v7-compact-20260820-190bb0f24a7e75a8/SHARD_H100_MIG20_COMPACT/nb-170d4c47-8a39-47ad-9425-d231de44fc92-857677f648-2qn8f/science/checkpoints/q1a_phobert_pragmatic_single_task_20260523/immutable_boundaries/827A00981E8E/boundary_0002_latest_827A00981E8E.pt,1613146263,4ec981b49e4e39523ac0be9c4088c33f5cb8def6,827a00981e8e92fed5f5527b53239e9c4340161f1a2eb00e71a2ca85e8137d19,1613146263,135,ff9d598312b809919d0ae0ff39a9c45fb10ff145c453ae365749e48275169381,794cc7e6894cf10499624fed2727612e69fde8b4,2026-08-22T09:21:37.000Z,Q1a
all_weight_entries,Thundergod2007/vipragsent-phobert-checkpoints,model,campaigns/vipragsent-v7-compact-20260820-190bb0f24a7e75a8/SHARD_H100_MIG20_COMPACT/nb-170d4c47-8a39-47ad-9425-d231de44fc92-857677f648-2qn8f/science/checkpoints/q1a_phobert_pragmatic_single_task_20260523/immutable_boundaries/84ED976D2AA6/boundary_0003_best_84ED976D2AA6.pt,1613111701,3d29f383d538ed56e394f85363038e0c5c8ae47c,84ed976d2aa6308cdc365c8b1ebf4e2bbe9a1eb9586a11fcd97c646cbcd66993,1613111701,135,328850383ac4b9533c7ad5477ab7442c679a94dd5983cdfdc3348f519a2c57b5,13e20f2af39c77d9531fea806b790cd97fa33a5f,2026-08-22T09:01:17.000Z,Q1a
all_weight_entries,Thundergod2007/vipragsent-phobert-checkpoints,model,campaigns/vipragsent-v7-compact-20260820-190bb0f24a7e75a8/SHARD_H100_MIG20_COMPACT/nb-170d4c47-8a39-47ad-9425-d231de44fc92-857677f648-2qn8f/science/checkpoints/q1a_phobert_pragmatic_single_task_20260523/immutable_boundaries/8E9005D62DAA/boundary_0009_latest_8E9005D62DAA.pt,1613146263,e82c62e7069aae0205e45a43212016d7562d6e6b,8e9005d62daab3a99231ca999a25a03ac45cdd42cca43f7cb0638847fa2fb9cc,1613146263,135,14ea940bd3e1108797af69bb0e66a7de2d11b199af6671f7527991a46e2bac72,5d05da164200646691932d06bedcebe6ee18a51f,2026-08-22T08:23:38.000Z,Q1a
all_weight_entries,Thundergod2007/vipragsent-phobert-checkpoints,model,campaigns/vipragsent-v7-compact-20260820-190bb0f24a7e75a8/SHARD_H100_MIG20_COMPACT/nb-170d4c47-8a39-47ad-9425-d231de44fc92-857677f648-2qn8f/science/checkpoints/q1a_phobert_pragmatic_single_task_20260523/immutable_boundaries/8F9D6B9E567F/boundary_0004_latest_8F9D6B9E567F.pt,1613146263,430746670abec8bade7e68f05b9961a5df3ff855,8f9d6b9e567ffe8410f95dc9fb0a9d1370100cc8f50494cbec88cb87f5fc39f6,1613146263,135,5aa7ab21e99ae80592455e3e9d2cd45de31a1853ed0a89a6ba31a3238d8e23ea,763faed8098292ea3bf1f168a4f811e1915055b2,2026-08-22T08:39:17.000Z,Q1a
all_weight_entries,Thundergod2007/vipragsent-phobert-checkpoints,model,campaigns/vipragsent-v7-compact-20260820-190bb0f24a7e75a8/SHARD_H100_MIG20_COMPACT/nb-170d4c47-8a39-47ad-9425-d231de44fc92-857677f648-2qn8f/science/checkpoints/q1a_phobert_pragmatic_single_task_20260523/immutable_boundaries/9038BEB52C3E/boundary_0002_latest_9038BEB52C3E.pt,1613146263,6e6c02d65596d8b63a9a8e944e79a2d6b123ed46,9038beb52c3ebc90ac6494b46d78d2f74c6812982b173b702b971cc3a629e773,1613146263,135,962d278266f93d819d291673fda746f6608ad779681c7fc9a2b2242bd1000fcf,84e27ec77de690682fb37d1776eeff30e2b1f07e,2026-08-22T07:30:57.000Z,Q1a
all_weight_entries,Thundergod2007/vipragsent-phobert-checkpoints,model,campaigns/vipragsent-v7-compact-20260820-190bb0f24a7e75a8/SHARD_H100_MIG20_COMPACT/nb-170d4c47-8a39-47ad-9425-d231de44fc92-857677f648-2qn8f/science/checkpoints/q1a_phobert_pragmatic_single_task_20260523/immutable_boundaries/90FA9D83CBD1/boundary_0008_best_90FA9D83CBD1.pt,1613111701,84be55fdb16f1c1dd6c6f926d8bfda704c422dbd,90fa9d83cbd1dbec4c2232700c5b67d7fa7b4a38ef782ff328d8e056af0d96c5,1613111701,135,b5b7637185c1ae8c7962de75137c62727cce6eb02677493bdb4e03bc8259e561,f5a7bf710fa086c96814aacd3cd69cce038d2050,2026-08-22T08:17:47.000Z,Q1a
all_weight_entries,Thundergod2007/vipragsent-phobert-checkpoints,model,campaigns/vipragsent-v7-compact-20260820-190bb0f24a7e75a8/SHARD_H100_MIG20_COMPACT/nb-170d4c47-8a39-47ad-9425-d231de44fc92-857677f648-2qn8f/science/checkpoints/q1a_phobert_pragmatic_single_task_20260523/immutable_boundaries/970B964F8E93/boundary_0003_latest_970B964F8E93.pt,1613146263,5f5331a247c57a579e0968a6a853b446e0272a7f,970b964f8e932a55db8e461726490e5f803b482b318285f891a05d151e614fc6,1613146263,135,3cd3068e4f3cbd87bb84f5fc4d2792a24200b135168230d5f02ce97fddb605d6,a28f210afc9843b90e3bc9fe59da076c70052b9d,2026-08-22T08:37:22.000Z,Q1a
all_weight_entries,Thundergod2007/vipragsent-phobert-checkpoints,model,campaigns/vipragsent-v7-compact-20260820-190bb0f24a7e75a8/SHARD_H100_MIG20_COMPACT/nb-170d4c47-8a39-47ad-9425-d231de44fc92-857677f648-2qn8f/science/checkpoints/q1a_phobert_pragmatic_single_task_20260523/immutable_boundaries/9F94CD6382DB/boundary_0007_latest_9F94CD6382DB.pt,1613146263,77218576d9f74cbf26bbf6ec2e81d655fef4c9a1,9f94cd6382db0062b50e0e052bdc8a6e190d1dca22568a5315c36a05c4cbc103,1613146263,135,c45b0ec4d9b04f844f73fa19e436beb8f9f8b13eb61a72f672c0962fccbc8813,cd87317000d12d74975799b12b7ab3891d6e1065,2026-08-22T07:48:45.000Z,Q1a
all_weight_entries,Thundergod2007/vipragsent-phobert-checkpoints,model,campaigns/vipragsent-v7-compact-20260820-190bb0f24a7e75a8/SHARD_H100_MIG20_COMPACT/nb-170d4c47-8a39-47ad-9425-d231de44fc92-857677f648-2qn8f/science/checkpoints/q1a_phobert_pragmatic_single_task_20260523/immutable_boundaries/A41A4166F600/boundary_0007_latest_A41A4166F600.pt,1613146263,2962f15a9f258884159c8fc3abec92d7b644867e,a41a4166f60003d04be3f306cd5cb4a47ec84f4a5338df278f10c5e7af9c215c,1613146263,135,63e1bb8fe30b6168ef8489bf94540e2abe5412e6bc8e1dc4abef783e90f63a3d,2b53ecbbfaf3281df6f364fed24853d9a6cb5e71,2026-08-22T11:34:21.000Z,Q1a
all_weight_entries,Thundergod2007/vipragsent-phobert-checkpoints,model,campaigns/vipragsent-v7-compact-20260820-190bb0f24a7e75a8/SHARD_H100_MIG20_COMPACT/nb-170d4c47-8a39-47ad-9425-d231de44fc92-857677f648-2qn8f/science/checkpoints/q1a_phobert_pragmatic_single_task_20260523/immutable_boundaries/A7B942CFE52E/boundary_0002_latest_A7B942CFE52E.pt,1613146263,4d5ba1c584d26511a11fc585dc9bf97cb353f5b1,a7b942cfe52e3ba4b1087ea07d9391ee1cf465d93ad9333badc6cfabd45b3dc2,1613146263,135,25d66ee8d0863a470a2877d22459282793590b33af28b624d8db0e589c93581b,187f5addfb78ea56b947dd3d972d2f4f45e0517b,2026-08-22T08:59:16.000Z,Q1a
all_weight_entries,Thundergod2007/vipragsent-phobert-checkpoints,model,campaigns/vipragsent-v7-compact-20260820-190bb0f24a7e75a8/SHARD_H100_MIG20_COMPACT/nb-170d4c47-8a39-47ad-9425-d231de44fc92-857677f648-2qn8f/science/checkpoints/q1a_phobert_pragmatic_single_task_20260523/immutable_boundaries/A87CE65D785B/boundary_0007_latest_A87CE65D785B.pt,1613146263,eae92f7b971361c7d22661163e288c303c9e28a8,a87ce65d785b29946e5924e53528e47219f2816d6237bcb5cb5f7b32cfa8eb35,1613146263,135,17ffa673b8f3d7b8f4f9911fbf7e12dd650f84ef95ea8af1348db1abf0b24381,10915c4c4b2b724e3fec8153e276b2d25bbe042d,2026-08-22T08:51:04.000Z,Q1a
all_weight_entries,Thundergod2007/vipragsent-phobert-checkpoints,model,campaigns/vipragsent-v7-compact-20260820-190bb0f24a7e75a8/SHARD_H100_MIG20_COMPACT/nb-170d4c47-8a39-47ad-9425-d231de44fc92-857677f648-2qn8f/science/checkpoints/q1a_phobert_pragmatic_single_task_20260523/immutable_boundaries/AB840A10D064/boundary_0002_best_AB840A10D064.pt,1613111701,ceca1a3e2b459eb3568aab7c8f3a90656f926654,ab840a10d064c7f9367fe7772e8e71022db44575cb250d2fb496340a5b799d4f,1613111701,135,d88a32e2a9f77d8243349874986c4db9eb58257ae0e02971aeb552ecda7f96ef,c7a5e8c78c7c5cf5f83727361354263f215cacaf,2026-08-22T08:57:15.000Z,Q1a
all_weight_entries,Thundergod2007/vipragsent-phobert-checkpoints,model,campaigns/vipragsent-v7-compact-20260820-190bb0f24a7e75a8/SHARD_H100_MIG20_COMPACT/nb-170d4c47-8a39-47ad-9425-d231de44fc92-857677f648-2qn8f/science/checkpoints/q1a_phobert_pragmatic_single_task_20260523/immutable_boundaries/ADC313760C42/boundary_0002_latest_ADC313760C42.pt,1613146263,3466a54ee196b2fe068d5a17f4693ccb7dc51fd1,adc313760c42036275332962b8d619452b542e118b3a480a1038ac3fb72e957c,1613146263,135,0ee7451b1a9c2fc7e72e4c60116eca72b5223ce1b2b42ad7a5edf836234f83b7,6d3e587fd5e6ddf154bf09db5ebe8da1bb059e5b,2026-08-22T07:58:08.000Z,Q1a
all_weight_entries,Thundergod2007/vipragsent-phobert-checkpoints,model,campaigns/vipragsent-v7-compact-20260820-190bb0f24a7e75a8/SHARD_H100_MIG20_COMPACT/nb-170d4c47-8a39-47ad-9425-d231de44fc92-857677f648-2qn8f/science/checkpoints/q1a_phobert_pragmatic_single_task_20260523/immutable_boundaries/B19B2ABE797C/boundary_0010_latest_B19B2ABE797C.pt,1613146263,53f870781da79c83f9dfa5f817def6fd6cca3444,b19b2abe797caaa6b56fbb747ea0e429989c51581994dd0def6d5eeee0533608,1613146263,135,2bf28d1e2811df0ad1dcc6605d6dcf672abcee70e6f20d912a19ff96ed2564f8,91f02041dd7ef670c8396ce8cbdcd4bebaade374,2026-08-22T08:25:37.000Z,Q1a
all_weight_entries,Thundergod2007/vipragsent-phobert-checkpoints,model,campaigns/vipragsent-v7-compact-20260820-190bb0f24a7e75a8/SHARD_H100_MIG20_COMPACT/nb-170d4c47-8a39-47ad-9425-d231de44fc92-857677f648-2qn8f/science/checkpoints/q1a_phobert_pragmatic_single_task_20260523/immutable_boundaries/B512E2A7CF43/boundary_0001_best_B512E2A7CF43.pt,1613111701,f0138d65a74d4c22002eb13ee79055ed8dab7e90,b512e2a7cf437dccbf7f3ab5e9456c54458326cba5d521a7e46cedfaddd87dc0,1613111701,135,0d293bb77c1f20a2ce565e426c97f2c2b9c862a5d531fa3f71c5c8f627b7d426,979716fc733fb1ac2ee944ea66594ef364611150,2026-08-22T07:20:44.000Z,Q1a
all_weight_entries,Thundergod2007/vipragsent-phobert-checkpoints,model,campaigns/vipragsent-v7-compact-20260820-190bb0f24a7e75a8/SHARD_H100_MIG20_COMPACT/nb-170d4c47-8a39-47ad-9425-d231de44fc92-857677f648-2qn8f/science/checkpoints/q1a_phobert_pragmatic_single_task_20260523/immutable_boundaries/B8203DA867D2/boundary_0008_latest_B8203DA867D2.pt,1613146263,71220820555b8916efd96493dc747da6c14f8c05,b8203da867d22b89a2786ae1fd2771106b6c67140f6c406394806ec496643358,1613146263,135,7c2350aaf2328128e71e717c9c159804e8d96bd9380dacf3ad52135ad9b00a9a,1daa0620e87782a12e187816a559b660cb1858e5,2026-08-22T07:50:43.000Z,Q1a
all_weight_entries,Thundergod2007/vipragsent-phobert-checkpoints,model,campaigns/vipragsent-v7-compact-20260820-190bb0f24a7e75a8/SHARD_H100_MIG20_COMPACT/nb-170d4c47-8a39-47ad-9425-d231de44fc92-857677f648-2qn8f/science/checkpoints/q1a_phobert_pragmatic_single_task_20260523/immutable_boundaries/BB77B9999770/boundary_0003_latest_BB77B9999770.pt,1613146263,6ec0ea61384052a1bbd915a942a5ab83971dc844,bb77b9999770ac2f7ebbaa467487abae5f4621eb6a12090ff23c6ccdad951e97,1613146263,135,799c9bc23aa5748dae077d53ca1f18b0d3c23e945db4b74065c49a1129cb1922,e72f84003958b5c389a465f5e87137bfe344693d,2026-08-22T08:02:04.000Z,Q1a
all_weight_entries,Thundergod2007/vipragsent-phobert-checkpoints,model,campaigns/vipragsent-v7-compact-20260820-190bb0f24a7e75a8/SHARD_H100_MIG20_COMPACT/nb-170d4c47-8a39-47ad-9425-d231de44fc92-857677f648-2qn8f/science/checkpoints/q1a_phobert_pragmatic_single_task_20260523/immutable_boundaries/BE98F10CD560/boundary_0006_latest_BE98F10CD560.pt,1613146263,28d1ab9760f5dff0cbb61ea3d515c2eb04ec94ec,be98f10cd5603573d75d7eb6d9b7a9dc1f1bdfe8e9bb1a9ed2817df2ee02348f,1613146263,135,8780163e99b4dec84ea6085817bdc941159b6b7d9da37cc629356867f41a429f,8bb185161806043667f234abd1a59e8fec8db108,2026-08-22T10:19:53.000Z,Q1a
all_weight_entries,Thundergod2007/vipragsent-phobert-checkpoints,model,campaigns/vipragsent-v7-compact-20260820-190bb0f24a7e75a8/SHARD_H100_MIG20_COMPACT/nb-170d4c47-8a39-47ad-9425-d231de44fc92-857677f648-2qn8f/science/checkpoints/q1a_phobert_pragmatic_single_task_20260523/immutable_boundaries/BFE45EA4CD12/boundary_0007_latest_BFE45EA4CD12.pt,1613146263,cee95efeb3ed36992982ee8b9c51601506f601f2,bfe45ea4cd12c9abdb075287eea2872d5751aa2279dace8abcbd31e11e820492,1613146263,135,1d532e033788c630dfafa3d76f75783e77e76ddcb07b7d5a127b7ad8db050a64,30ad7a54ca6e78332c968b87fc09cac388097836,2026-08-22T08:15:47.000Z,Q1a
all_weight_entries,Thundergod2007/vipragsent-phobert-checkpoints,model,campaigns/vipragsent-v7-compact-20260820-190bb0f24a7e75a8/SHARD_H100_MIG20_COMPACT/nb-170d4c47-8a39-47ad-9425-d231de44fc92-857677f648-2qn8f/science/checkpoints/q1a_phobert_pragmatic_single_task_20260523/immutable_boundaries/C566E374F9B7/boundary_0004_best_C566E374F9B7.pt,1613111701,e2df2441fa9d2a5b63891dfe6d0f48450cc0b279,c566e374f9b7b2801bddbaca4037fb458dd6e3c1fde53a9a84d3612cef534fdd,1613111701,135,c1d57492557bc4c512ba437cffabe9ee9b643e1a0557600ca573710605af9637,ada940be763c36ad6ae254d2796c4dde6be5c178,2026-08-22T09:27:37.000Z,Q1a
all_weight_entries,Thundergod2007/vipragsent-phobert-checkpoints,model,campaigns/vipragsent-v7-compact-20260820-190bb0f24a7e75a8/SHARD_H100_MIG20_COMPACT/nb-170d4c47-8a39-47ad-9425-d231de44fc92-857677f648-2qn8f/science/checkpoints/q1a_phobert_pragmatic_single_task_20260523/immutable_boundaries/C5B6EB36CEBA/boundary_0005_latest_C5B6EB36CEBA.pt,1613146263,eb6158fa5de39721a1629ff1d78373ee58a78a51,c5b6eb36cebaee605320d6f8dd16233c95657e10cd65ee96dac187004b97f344,1613146263,135,2aeb653ebfd81729369f5b977e3eb8c08a13b12dd4c6b282a8d48f6464828066,e790c37e705fa5b907fe718aca02b05fa37ff23a,2026-08-22T07:42:51.000Z,Q1a
all_weight_entries,Thundergod2007/vipragsent-phobert-checkpoints,model,campaigns/vipragsent-v7-compact-20260820-190bb0f24a7e75a8/SHARD_H100_MIG20_COMPACT/nb-170d4c47-8a39-47ad-9425-d231de44fc92-857677f648-2qn8f/science/checkpoints/q1a_phobert_pragmatic_single_task_20260523/immutable_boundaries/C5D027A99977/boundary_0006_latest_C5D027A99977.pt,1613146263,ac615537a87c70c741f2412bbe0270949bde2dc5,c5d027a9997741398a67c8798da1ed63214bb2545236dccf4e7932f5b0b75280,1613146263,135,cb566b90cc4ca7b0b38d43b3218f5ecd482109bb95d33b5459610ac20f2edf39,a10ab2fa02659c05a5e0e7c2893089b0dc3ba200,2026-08-22T07:46:45.000Z,Q1a
all_weight_entries,Thundergod2007/vipragsent-phobert-checkpoints,model,campaigns/vipragsent-v7-compact-20260820-190bb0f24a7e75a8/SHARD_H100_MIG20_COMPACT/nb-170d4c47-8a39-47ad-9425-d231de44fc92-857677f648-2qn8f/science/checkpoints/q1a_phobert_pragmatic_single_task_20260523/immutable_boundaries/C8E1570AAED2/boundary_0001_latest_C8E1570AAED2.pt,1613146263,dc346261ff9b6484277f58ee7121b3055eb52745,c8e1570aaed2e86262e651ff7f419f791af16ad5e5651bb728fe2f150bf0d6da,1613146263,135,45242f01f9157aa9ac8a6b090ba7336e53f397e0c4bfc7985af3b044f22ae0c3,b0e4a85d9767fa3c426bae49a234d501280d107c,2026-08-22T07:26:53.000Z,Q1a
all_weight_entries,Thundergod2007/vipragsent-phobert-checkpoints,model,campaigns/vipragsent-v7-compact-20260820-190bb0f24a7e75a8/SHARD_H100_MIG20_COMPACT/nb-170d4c47-8a39-47ad-9425-d231de44fc92-857677f648-2qn8f/science/checkpoints/q1a_phobert_pragmatic_single_task_20260523/immutable_boundaries/C928143C38C6/boundary_0008_latest_C928143C38C6.pt,1613146263,718a1b3c7a2cd3832178a42db596295dca47acba,c928143c38c65f38f4f2ea9530d49da5632dc87058b3f0714cb1e9dc93c6d7f5,1613146263,135,7e048567e1826db8d4f35d6e902c4edf669321feb4a267b7cf47551bb1c70f41,177e859134bffc758d9b113bca053bab5103ac52,2026-08-22T11:34:25.000Z,Q1a
all_weight_entries,Thundergod2007/vipragsent-phobert-checkpoints,model,campaigns/vipragsent-v7-compact-20260820-190bb0f24a7e75a8/SHARD_H100_MIG20_COMPACT/nb-170d4c47-8a39-47ad-9425-d231de44fc92-857677f648-2qn8f/science/checkpoints/q1a_phobert_pragmatic_single_task_20260523/immutable_boundaries/CAAC509DE970/boundary_0001_best_CAAC509DE970.pt,1613111701,ff31a80801453ddb717a8723c16c3b878cc03bd3,caac509de970b1fa42636eaead1622f7c02357687abf736946b77657210446e2,1613111701,135,fed45dc31d496c13387836580355402f6417dc4c0a46d00886a3cf3bbbcfebf8,a9ba0dc2ff44e1979b2f350eb99cc9e17dbe5050,2026-08-22T08:27:34.000Z,Q1a
all_weight_entries,Thundergod2007/vipragsent-phobert-checkpoints,model,campaigns/vipragsent-v7-compact-20260820-190bb0f24a7e75a8/SHARD_H100_MIG20_COMPACT/nb-170d4c47-8a39-47ad-9425-d231de44fc92-857677f648-2qn8f/science/checkpoints/q1a_phobert_pragmatic_single_task_20260523/immutable_boundaries/CD3A35663077/boundary_0007_latest_CD3A35663077.pt,1613146263,fd57155fe1a49aef0a42c8bb0f45c80ca3c5d282,cd3a356630777e51c84e8ff42701e1cd611b1e3dfd0e5f3d64235e2b89bda649,1613146263,135,1ec66f473a1b18b11ac0034fb82f488ba68cc1fd340329c6072d210b117ddca2,ca1ddc4d1f65ae1d993a6910fc04bd9bbd62d77e,2026-08-22T09:13:29.000Z,Q1a
all_weight_entries,Thundergod2007/vipragsent-phobert-checkpoints,model,campaigns/vipragsent-v7-compact-20260820-190bb0f24a7e75a8/SHARD_H100_MIG20_COMPACT/nb-170d4c47-8a39-47ad-9425-d231de44fc92-857677f648-2qn8f/science/checkpoints/q1a_phobert_pragmatic_single_task_20260523/immutable_boundaries/CD4057CC8511/boundary_0001_latest_CD4057CC8511.pt,1613146263,b0626f51c475816bdce34400acbd6ed32555949f,cd4057cc851137d84860eb7f3e02e6ccf4bfdcb026016d72cb81cb2e1917d6fa,1613146263,135,e9fd2df20262ffb0e5dc620f7501e80c557a323a403b7bf8b0e5aa96f7587fa2,3e5501036a0155b4a24a7c3092ee9bbe26ee9d58,2026-08-22T07:22:49.000Z,Q1a
all_weight_entries,Thundergod2007/vipragsent-phobert-checkpoints,model,campaigns/vipragsent-v7-compact-20260820-190bb0f24a7e75a8/SHARD_H100_MIG20_COMPACT/nb-170d4c47-8a39-47ad-9425-d231de44fc92-857677f648-2qn8f/science/checkpoints/q1a_phobert_pragmatic_single_task_20260523/immutable_boundaries/CDE43035C25B/boundary_0001_latest_CDE43035C25B.pt,1613146263,6b7fe93cad1f9fd3058942a8ca749d4635cd6487,cde43035c25be0e631fbde95a4017d3553fc9baf7f93f866393547d0e9866045,1613146263,135,336e72870721bae6d2e86aa55ed3e24c2b3ca3edec7598a7420a51f048541347,3462afdc6d67cb614a731410204defe94904d0eb,2026-08-22T07:56:10.000Z,Q1a
all_weight_entries,Thundergod2007/vipragsent-phobert-checkpoints,model,campaigns/vipragsent-v7-compact-20260820-190bb0f24a7e75a8/SHARD_H100_MIG20_COMPACT/nb-170d4c47-8a39-47ad-9425-d231de44fc92-857677f648-2qn8f/science/checkpoints/q1a_phobert_pragmatic_single_task_20260523/immutable_boundaries/D24FE1296543/boundary_0003_latest_D24FE1296543.pt,1613146263,4991bde3d1342b475c15525de350030698495c91,d24fe1296543037a2ca784c9ecfc2005fcc80df75d96864323ebd9e793861645,1613146263,135,5ab68992f87926b282fb39658de115d1191b923ec6e4b1e0e05a5ce7a709d7e2,d5c2dc5fe4ccb81ae92bd9c718a06a0abdc4dfa5,2026-08-22T09:25:38.000Z,Q1a
all_weight_entries,Thundergod2007/vipragsent-phobert-checkpoints,model,campaigns/vipragsent-v7-compact-20260820-190bb0f24a7e75a8/SHARD_H100_MIG20_COMPACT/nb-170d4c47-8a39-47ad-9425-d231de44fc92-857677f648-2qn8f/science/checkpoints/q1a_phobert_pragmatic_single_task_20260523/immutable_boundaries/D9B21C4307F1/boundary_0001_best_D9B21C4307F1.pt,1613111701,458037ca325dfd143136837c8aa0358f5d8a84fe,d9b21c4307f15b34cec16dad8e9b0295a3678c6ef364a9ade3864b56035b7152,1613111701,135,78a1f29561a41a905b575300c615ba90723e44bc41f7cb45e69356f588c7a09f,02251671ae58184c00c040f8dd2c9e950ad755f6,2026-08-22T07:24:51.000Z,Q1a
all_weight_entries,Thundergod2007/vipragsent-phobert-checkpoints,model,campaigns/vipragsent-v7-compact-20260820-190bb0f24a7e75a8/SHARD_H100_MIG20_COMPACT/nb-170d4c47-8a39-47ad-9425-d231de44fc92-857677f648-2qn8f/science/checkpoints/q1a_phobert_pragmatic_single_task_20260523/immutable_boundaries/E3140260AC92/boundary_0006_best_E3140260AC92.pt,1613111701,38da08001edd550a54f17122cd0fb311221232d7,e3140260ac92e313ea04b320a0000866a2501aa79756dde06d6fa4adcf847ba9,1613111701,135,5ccb72f8d6674e36231d108ebbe89129f45f76a7ed1513921de651d71640c8fe,724cdb3dbb13d64a5b43a6dfe123c140cb045b70,2026-08-22T10:12:08.000Z,Q1a
all_weight_entries,Thundergod2007/vipragsent-phobert-checkpoints,model,campaigns/vipragsent-v7-compact-20260820-190bb0f24a7e75a8/SHARD_H100_MIG20_COMPACT/nb-170d4c47-8a39-47ad-9425-d231de44fc92-857677f648-2qn8f/science/checkpoints/q1a_phobert_pragmatic_single_task_20260523/immutable_boundaries/EB8543ADB160/boundary_0002_best_EB8543ADB160.pt,1613111701,343790d9d1cb904cd3bea46d6e7226b1df6ce618,eb8543adb16087e034940de485a6f6dec03504e5c535b7338484550617d95a7d,1613111701,135,63b5cba5aceb172d3a5e0803043ca228625a9aef3258cc1bb688afd2a626313a,c05181c4e990da88a8689fadd755a4c2f123ca96,2026-08-22T08:31:29.000Z,Q1a
all_weight_entries,Thundergod2007/vipragsent-phobert-checkpoints,model,campaigns/vipragsent-v7-compact-20260820-190bb0f24a7e75a8/SHARD_H100_MIG20_COMPACT/nb-170d4c47-8a39-47ad-9425-d231de44fc92-857677f648-2qn8f/science/checkpoints/q1a_phobert_pragmatic_single_task_20260523/immutable_boundaries/F3FB078A8F54/boundary_0001_latest_F3FB078A8F54.pt,1613146263,6c1ec791bc3fa921b96b6bc8744d6c30dbfd95b7,f3fb078a8f54294974969feb8987ffd336b5726d165983eeaf5f8bfbc2076bd9,1613146263,135,50831a737420b5ce0214b6dcf4512f34272bd08ca89335764764fb8dae44dff1,17aec4755efca43d0c3217761837dce371c59ded,2026-08-22T09:17:35.000Z,Q1a
all_weight_entries,Thundergod2007/vipragsent-phobert-checkpoints,model,campaigns/vipragsent-v7-compact-20260820-190bb0f24a7e75a8/SHARD_H100_MIG20_COMPACT/nb-170d4c47-8a39-47ad-9425-d231de44fc92-857677f648-2qn8f/science/checkpoints/q1a_phobert_pragmatic_single_task_20260523/immutable_boundaries/F879E11D7448/boundary_0003_latest_F879E11D7448.pt,1613146263,67e4aaf60f2ce34fd2eeafc3cf4c89b4dedb3aaf,f879e11d744887a03f7a318ba5a3fe38e2644e3111ca6b1bc5ca2415fb1e8963,1613146263,135,7095e2c0fa8390d2732a3b3bfde6628db9eb549bd9b82bb27fd0b884d0d740b0,09d8ca696e4715112ab302c4824b717bb5d4264c,2026-08-22T09:03:18.000Z,Q1a
all_weight_entries,Thundergod2007/vipragsent-phobert-checkpoints,model,campaigns/vipragsent-v7-compact-20260820-190bb0f24a7e75a8/SHARD_H100_MIG20_COMPACT/nb-170d4c47-8a39-47ad-9425-d231de44fc92-857677f648-2qn8f/science/checkpoints/q1a_phobert_pragmatic_single_task_20260523/immutable_boundaries/FBB0BD1995B0/boundary_0004_latest_FBB0BD1995B0.pt,1613146263,8b72fdae2dd15c76a72f4ec565452adc0d668934,fbb0bd1995b077b71c42bd0a9af63fd348ae92895b51f296b783c303eb6975a6,1613146263,135,0be335ccf3486d427c30b82728d004f993c4b4f03886ecdb1183dda5d4974d65,bc4ecc9c01cdc62c1ef087a1724910b5f30cf3f1,2026-08-22T07:38:54.000Z,Q1a
all_weight_entries,Thundergod2007/vipragsent-phobert-checkpoints,model,campaigns/vipragsent-v7-compact-20260820-190bb0f24a7e75a8/SHARD_H100_MIG20_COMPACT/nb-170d4c47-8a39-47ad-9425-d231de44fc92-857677f648-2qn8f/science/checkpoints/q1a_xlmr_pragmatic_finetune_20260521/immutable_boundaries/851E3EB623CC/epoch_002.pt,6706719382,3d4b0165f40740b11448f19cb643c9425fb8e9f2,851e3eb623cc4ac202f60183af822b12525b836ed8d3a860112b718334d71057,6706719382,135,e19dbc8ecbec37f3855f7189a08988e2e6453f83b2b48b53fcda55e5d1025b9f,2078b2663d03ab951f7ba1a4a275e3ca09f92789,2026-08-22T13:08:13.000Z,Q1a
all_weight_entries,Thundergod2007/vipragsent-phobert-checkpoints,model,campaigns/vipragsent-v7-compact-20260820-190bb0f24a7e75a8/SHARD_H100_MIG20_COMPACT/nb-170d4c47-8a39-47ad-9425-d231de44fc92-857677f648-2qn8f/science/checkpoints/q1a_xlmr_pragmatic_finetune_20260521/immutable_boundaries/C5A3BA45FEBA/epoch_003.pt,6706719446,005db1b0bd4b6be37de2fcc641876bbebb0b49db,c5a3ba45feba32678f64bb72cf1aef60063080cd82bdec3e63f47add1660ac4d,6706719446,135,6ff80b846a5d45efd872fee77e96367e08dd973a64ab7173014614ebb87f5178,8547034dbedbe63c6c9c9baf85bb019d702d888c,2026-08-22T13:11:56.000Z,Q1a
all_weight_entries,Thundergod2007/vipragsent-phobert-checkpoints,model,campaigns/vipragsent-v7-compact-20260820-190bb0f24a7e75a8/SHARD_H100_MIG20_COMPACT/nb-170d4c47-8a39-47ad-9425-d231de44fc92-857677f648-2qn8f/science/checkpoints/q1a_xlmr_pragmatic_finetune_20260521/immutable_boundaries/CEF2A089913B/epoch_001.pt,6706719254,0efb6a47b95ecad1f4d930ef552917eada046044,cef2a089913b01f66287728683c9149a0a590883a8678260b3d304b342fca644,6706719254,135,afaa3907d35580a838ebbc221bcccbd7f87e92e8551966bf648cb7a76d42bbf9,caa82ed32b93997ca5dd72fc07a8f2bebc825f20,2026-08-22T13:04:27.000Z,Q1a
all_weight_entries,Thundergod2007/vipragsent-phobert-checkpoints,model,campaigns/vipragsent-v7-compact-20260820-190bb0f24a7e75a8/SHARD_H100_MIG20_COMPACT/nb-170d4c47-8a39-47ad-9425-d231de44fc92-857677f648-2qn8f/science/checkpoints/q1a_xlmr_pragmatic_finetune_20260522/immutable_boundaries/0A58E3C273F3/epoch_008.pt,6706720150,18c09cca9741162f79037cc1fca23de7730691d3,0a58e3c273f38185750e68951649e4b48b805d7d2cf752bc7c4fd2e60a4c62de,6706720150,135,c94c2b0b149ec5d496c62db9cb82683028438b689aced56fa1ba701090189ba2,1583320b19b76907d8a34780edd89e938a25ccec,2026-08-22T14:22:22.000Z,Q1a
all_weight_entries,Thundergod2007/vipragsent-phobert-checkpoints,model,campaigns/vipragsent-v7-compact-20260820-190bb0f24a7e75a8/SHARD_H100_MIG20_COMPACT/nb-170d4c47-8a39-47ad-9425-d231de44fc92-857677f648-2qn8f/science/checkpoints/q1a_xlmr_pragmatic_finetune_20260522/immutable_boundaries/12F624AD5F0D/epoch_002.pt,6706719510,129190680330fc62d5db1b115546e67c052debf7,12f624ad5f0d65482ae2ac7cb3ac998ac72da7bb64273b23a596e697e69a7fe1,6706719510,135,c96a3009b171d6eeeb6e1658104da0a93f4c60259285d8ebe8117449df42bb66,0ed99364b2af902354c0033064a9f5a22e789179,2026-08-22T13:35:58.000Z,Q1a
all_weight_entries,Thundergod2007/vipragsent-phobert-checkpoints,model,campaigns/vipragsent-v7-compact-20260820-190bb0f24a7e75a8/SHARD_H100_MIG20_COMPACT/nb-170d4c47-8a39-47ad-9425-d231de44fc92-857677f648-2qn8f/science/checkpoints/q1a_xlmr_pragmatic_finetune_20260522/immutable_boundaries/18193FA6663A/epoch_004.pt,6706719702,b19598b18b36beb0a36840442b8f123f3f75f2a1,18193fa6663a158379c2ba170ed499bb82f8f8af5af724129f514617f158b39b,6706719702,135,4984dc298cbc0bce0e8771fa4ab29b63f1cae6fb775de242f298c2016d3ec490,076869c304b724a2803f1ab40cf6a926293de696,2026-08-22T13:49:36.000Z,Q1a
all_weight_entries,Thundergod2007/vipragsent-phobert-checkpoints,model,campaigns/vipragsent-v7-compact-20260820-190bb0f24a7e75a8/SHARD_H100_MIG20_COMPACT/nb-170d4c47-8a39-47ad-9425-d231de44fc92-857677f648-2qn8f/science/checkpoints/q1a_xlmr_pragmatic_finetune_20260522/immutable_boundaries/8816101D2BC1/epoch_001.pt,6706719382,760867ff156412c14aaa1f1c1b50605f4f09c004,8816101d2bc1234f7db3b24d83b9e87ffb6c7fa7d8ec85d351c22cd159b3e751,6706719382,135,36227dfde90da6e0652a1449d5f99908888b48cb7fb7917a67a1223eea25057c,7dfc2283ff4aed9694792562e55d43433e706af2,2026-08-22T13:26:54.000Z,Q1a
all_weight_entries,Thundergod2007/vipragsent-phobert-checkpoints,model,campaigns/vipragsent-v7-compact-20260820-190bb0f24a7e75a8/SHARD_H100_MIG20_COMPACT/nb-170d4c47-8a39-47ad-9425-d231de44fc92-857677f648-2qn8f/science/checkpoints/q1a_xlmr_pragmatic_finetune_20260522/immutable_boundaries/8F281376CA97/epoch_006.pt,6706719894,2f65a0bd143a64681b1866ad9daec9c68a34aa6c,8f281376ca979825e17dfb23ba22883cc011b7aaac6d1c533a3b24b4893eac3c,6706719894,135,9bc072e53f941d5f146d6a20e2f457d91358d258dc229dbff446d279a97e2861,abbcbe4fecba116af24aac854e84a7582f10ed3f,2026-08-22T14:03:33.000Z,Q1a
all_weight_entries,Thundergod2007/vipragsent-phobert-checkpoints,model,campaigns/vipragsent-v7-compact-20260820-190bb0f24a7e75a8/SHARD_H100_MIG20_COMPACT/nb-170d4c47-8a39-47ad-9425-d231de44fc92-857677f648-2qn8f/science/checkpoints/q1a_xlmr_pragmatic_finetune_20260522/immutable_boundaries/B8D9D6C797FB/epoch_003.pt,6706719574,476924bfad5140d09cc5349202b529a454ee37c2,b8d9d6c797fb6222a8b50a2bf1c98ad358de48e4b1faccd076eb50423bee5bd3,6706719574,135,11e2137b841c8a26ff50c4cc7f378775ac4edb7ebbe0930f5af79df8d35173e6,84904cf0e1039d81b99c55590a0b6472afa52529,2026-08-22T13:42:50.000Z,Q1a
all_weight_entries,Thundergod2007/vipragsent-phobert-checkpoints,model,campaigns/vipragsent-v7-compact-20260820-190bb0f24a7e75a8/SHARD_H100_MIG20_COMPACT/nb-170d4c47-8a39-47ad-9425-d231de44fc92-857677f648-2qn8f/science/checkpoints/q1a_xlmr_pragmatic_finetune_20260522/immutable_boundaries/C5A158BB38A2/epoch_005.pt,6706719830,01bb27ce5040fd6d035cb6df6cb68418cc50711e,c5a158bb38a2082930e85fc1f4963a62a8e7b45254589c73316d1f9c3c0d7836,6706719830,135,1475742e80b74c0de67a3c8780dacf5d366177a29dc35bb4ad521c2874647d5f,ba3b93bba70ff232b74f9a18953f51fb2ee0bf19,2026-08-22T13:56:41.000Z,Q1a
all_weight_entries,Thundergod2007/vipragsent-phobert-checkpoints,model,campaigns/vipragsent-v7-compact-20260820-190bb0f24a7e75a8/SHARD_H100_MIG20_COMPACT/nb-170d4c47-8a39-47ad-9425-d231de44fc92-857677f648-2qn8f/science/checkpoints/q1a_xlmr_pragmatic_finetune_20260522/immutable_boundaries/EAED404DCD8D/epoch_007.pt,6706720022,6d626bfae900a6d794addf99ad86acfd10239ab5,eaed404dcd8d4c0bf59995e37955fc0bc79dbe5854108afd77db438be9b07913,6706720022,135,f89945ecd4863221d0001001af4f4edd410e86af6a2e6012243ba6a6d60134a3,8ae42f19d4f5eacacd9fbd0717c94e7c655ae6e9,2026-08-22T14:10:23.000Z,Q1a
all_weight_entries,Thundergod2007/vipragsent-phobert-checkpoints,model,campaigns/vipragsent-v7-compact-20260820-190bb0f24a7e75a8/SHARD_H100_MIG20_COMPACT/nb-170d4c47-8a39-47ad-9425-d231de44fc92-857677f648-2qn8f/science/checkpoints/q1a_xlmr_pragmatic_finetune_20260523/immutable_boundaries/0D61F9B756B1/epoch_008.pt,6706720150,bd87a484d1d6b7fc28d985bb95cda80ca56b2358,0d61f9b756b10781b7a86b5be63036e4ed6c8631b2fbba05eca7acab8f058596,6706720150,135,65b66c466884c498cdf9f75718230bc1602cf9015a15a3c278f2db5932d08432,2b769629b52c8cf30196d60ed0e0ea3e6d56d479,2026-08-22T15:36:06.000Z,Q1a
all_weight_entries,Thundergod2007/vipragsent-phobert-checkpoints,model,campaigns/vipragsent-v7-compact-20260820-190bb0f24a7e75a8/SHARD_H100_MIG20_COMPACT/nb-170d4c47-8a39-47ad-9425-d231de44fc92-857677f648-2qn8f/science/checkpoints/q1a_xlmr_pragmatic_finetune_20260523/immutable_boundaries/17EF1F37E089/epoch_009.pt,6706720214,d266d7d48e7024d4255665ca2638d00a80e56f14,17ef1f37e089017eaf3688a2ecfadc2a8cdaab1f3fdfc881995d9a1d17b4e35a,6706720214,135,e89457643804d5ac850da8517cd1421b1dd1056652c46da00a368f73993979d9,6ac5c62c21fb900a9faa978be4b903a2757473de,2026-08-22T15:43:16.000Z,Q1a
all_weight_entries,Thundergod2007/vipragsent-phobert-checkpoints,model,campaigns/vipragsent-v7-compact-20260820-190bb0f24a7e75a8/SHARD_H100_MIG20_COMPACT/nb-170d4c47-8a39-47ad-9425-d231de44fc92-857677f648-2qn8f/science/checkpoints/q1a_xlmr_pragmatic_finetune_20260523/immutable_boundaries/2121062ACF62/epoch_007.pt,6706720022,67e389949fad8a4fb89d2d436d622e1f4a1bc002,2121062acf6216040b876839fd02fb977e220b187cc4d46ba61060cb8b05f6d6,6706720022,135,b03ec8b3eb905b1e0216d6abe9c949e824722478aeae559b172531c7af19be1c,a2af5d59d42bc0ed6086863d0bd03fe3721266d4,2026-08-22T15:28:56.000Z,Q1a
all_weight_entries,Thundergod2007/vipragsent-phobert-checkpoints,model,campaigns/vipragsent-v7-compact-20260820-190bb0f24a7e75a8/SHARD_H100_MIG20_COMPACT/nb-170d4c47-8a39-47ad-9425-d231de44fc92-857677f648-2qn8f/science/checkpoints/q1a_xlmr_pragmatic_finetune_20260523/immutable_boundaries/535C654EC175/epoch_006.pt,6706719894,529a983f94ea713625b5735105c8532d9fd68f70,535c654ec175fe33b3eeddc4f85f786126e78c346766cda165278970ea26956b,6706719894,135,f7450b18a9dfd4223b9b29fa9627c568aeec5ccc4ec7861acab9fec4b67b0b77,400e6345929c47f7a5a58aa31def8bb6abaf2050,2026-08-22T15:21:38.000Z,Q1a
all_weight_entries,Thundergod2007/vipragsent-phobert-checkpoints,model,campaigns/vipragsent-v7-compact-20260820-190bb0f24a7e75a8/SHARD_H100_MIG20_COMPACT/nb-170d4c47-8a39-47ad-9425-d231de44fc92-857677f648-2qn8f/science/checkpoints/q1a_xlmr_pragmatic_finetune_20260523/immutable_boundaries/559CC4EAC9C9/epoch_010.pt,6706720342,998d1ef02bec9242d37893934fce493456304cf2,559cc4eac9c95271b39ce3e2aa87849bb859b6be940dbe772fa51467c3dda3c0,6706720342,135,6ef67e74c50b2e26ecb0cddf431ae0405f5e7eac3c977235fd6fa581d9a5c516,0e953c0a5c38c97fa34bfc5fede8dfff1fdd737a,2026-08-22T15:50:22.000Z,Q1a
all_weight_entries,Thundergod2007/vipragsent-phobert-checkpoints,model,campaigns/vipragsent-v7-compact-20260820-190bb0f24a7e75a8/SHARD_H100_MIG20_COMPACT/nb-170d4c47-8a39-47ad-9425-d231de44fc92-857677f648-2qn8f/science/checkpoints/q1a_xlmr_pragmatic_finetune_20260523/immutable_boundaries/70246A2815FB/epoch_004.pt,6706719702,0b8acde30e78081b72843e3303c13633b576a0a7,70246a2815fbe67075b98bc4a468d6254bea129ea250dba4842fa76d5e9c0080,6706719702,135,359a2c5de46feed38889dc74a907361787d58792c79182c750175d6c9681ca2e,45a7d534e6b27af90b44d3566a4b2c89f4bc2d46,2026-08-22T15:04:16.000Z,Q1a
all_weight_entries,Thundergod2007/vipragsent-phobert-checkpoints,model,campaigns/vipragsent-v7-compact-20260820-190bb0f24a7e75a8/SHARD_H100_MIG20_COMPACT/nb-170d4c47-8a39-47ad-9425-d231de44fc92-857677f648-2qn8f/science/checkpoints/q1a_xlmr_pragmatic_finetune_20260523/immutable_boundaries/7B3223CAD7FC/epoch_002.pt,6706719510,0be2262dedd0be231c91ef037614d185e872f967,7b3223cad7fc08e171ec796f4a6a14edd59f13e426dc98ccc0c603b7f0fba7d4,6706719510,135,a3179c92fed945340cbb84951209a09ecce3640925aa2d6eeef345ec8e869726,6be2e68ff6490f04ce5daf89f78a8b85b5f23b5d,2026-08-22T14:43:42.000Z,Q1a
all_weight_entries,Thundergod2007/vipragsent-phobert-checkpoints,model,campaigns/vipragsent-v7-compact-20260820-190bb0f24a7e75a8/SHARD_H100_MIG20_COMPACT/nb-170d4c47-8a39-47ad-9425-d231de44fc92-857677f648-2qn8f/science/checkpoints/q1a_xlmr_pragmatic_finetune_20260523/immutable_boundaries/BAFD68F5F38E/epoch_001.pt,6706719382,ca2fa4f6721ea262c7f51beca6e86cdc364388ed,bafd68f5f38efd272341fb7e0213c8b99bad1a831df7d9d532ba278161317a82,6706719382,135,312dc736dd7920a8aa7aaa91a2e676808aa61ac1d77bf4640917a6403e931564,d5ba503f2e02db5fab7d7fc00cc4405d95a4e21f,2026-08-22T14:36:34.000Z,Q1a
all_weight_entries,Thundergod2007/vipragsent-phobert-checkpoints,model,campaigns/vipragsent-v7-compact-20260820-190bb0f24a7e75a8/SHARD_H100_MIG20_COMPACT/nb-170d4c47-8a39-47ad-9425-d231de44fc92-857677f648-2qn8f/science/checkpoints/q1a_xlmr_pragmatic_finetune_20260523/immutable_boundaries/BE0832CBC85C/epoch_005.pt,6706719830,a767efc3ca9d7720f174f136b58f4e6866facfae,be0832cbc85c23072bf57dec112b41789f46dfc44b0add26dbb3da5853f6c125,6706719830,135,4fd06be090d1ebf01b3b2541e82420645e52d61f8a60bf1fbbffb282478ea8be,05e23af0ce9c8be6de4d0526056274fac0d8e269,2026-08-22T15:14:02.000Z,Q1a
all_weight_entries,Thundergod2007/vipragsent-phobert-checkpoints,model,campaigns/vipragsent-v7-compact-20260820-190bb0f24a7e75a8/SHARD_H100_MIG20_COMPACT/nb-170d4c47-8a39-47ad-9425-d231de44fc92-857677f648-2qn8f/science/checkpoints/q1a_xlmr_pragmatic_finetune_20260523/immutable_boundaries/E49493E386CD/epoch_003.pt,6706719574,d0024af86ab69411b6cb96eba9f9568c8bb82c90,e49493e386cddb1226bf28922d02cc784ce0b87b62dd3c8a589de8c3d35e0c35,6706719574,135,b3c4dea74e0d2cbc95db605873a2a0245d15830df595066fd84d8df3dcc9248a,72c69f7dc47ca746ed0ad34232c61d3d2585eb31,2026-08-22T14:56:30.000Z,Q1a
all_weight_entries,Thundergod2007/vipragsent-phobert-checkpoints,model,campaigns/vipragsent-v7-compact-20260820-190bb0f24a7e75a8/SHARD_H100_MIG20_COMPACT/nb-170d4c47-8a39-47ad-9425-d231de44fc92-857677f648-2qn8f/science/checkpoints/q1b_train_phobert_emo_single_20260521/immutable_boundaries/440F988F839C/epoch_006.pt,1613238074,6b4278b322124896101791824ebe0436722e6b3f,440f988f839c01fc10d89ccd5ac8ac54a72e326a1d09ea3cb858acd00a71e8c3,1613238074,135,27bccf2d0145b3fc742cda1a4ec71954037ccf04f8353f1457429a86960865d8,72dce301f08776eb9e9a15df2b0e474a1d36f135,2026-08-22T16:45:24.000Z,Q1b
all_weight_entries,Thundergod2007/vipragsent-phobert-checkpoints,model,campaigns/vipragsent-v7-compact-20260820-190bb0f24a7e75a8/SHARD_H100_MIG20_COMPACT/nb-170d4c47-8a39-47ad-9425-d231de44fc92-857677f648-2qn8f/science/checkpoints/q1b_train_phobert_emo_single_20260521/immutable_boundaries/5C44DB504FB2/epoch_009.pt,1613238394,7577a55881a124a35c522e2170ee51e631d0d8e4,5c44db504fb2768f182c27b487bc270cd9299806dc7d1f4aaa22fcfbb647616c,1613238394,135,33d9968b1412a8ae258ba3224665c8497b61d01505d71a30740acdfbc4edf761,7ac41efbd462705eba2c515be666e0d0bad29090,2026-08-22T16:48:19.000Z,Q1b
all_weight_entries,Thundergod2007/vipragsent-phobert-checkpoints,model,campaigns/vipragsent-v7-compact-20260820-190bb0f24a7e75a8/SHARD_H100_MIG20_COMPACT/nb-170d4c47-8a39-47ad-9425-d231de44fc92-857677f648-2qn8f/science/checkpoints/q1b_train_phobert_emo_single_20260521/immutable_boundaries/6E01799CC258/epoch_004.pt,1613237882,71657ac7079397d161e5f72ab219c6951ffd2ef0,6e01799cc258d753f0eda50795ba43f89893c7a85ae6039bc9b08f7762f0b56c,1613237882,135,53736b29a226290e67b0b84f0918d114484e2c3294effc9a6b52e6793d382d33,031d506c9d966f83d57f3d59ac45c2a249139152,2026-08-22T16:43:25.000Z,Q1b
all_weight_entries,Thundergod2007/vipragsent-phobert-checkpoints,model,campaigns/vipragsent-v7-compact-20260820-190bb0f24a7e75a8/SHARD_H100_MIG20_COMPACT/nb-170d4c47-8a39-47ad-9425-d231de44fc92-857677f648-2qn8f/science/checkpoints/q1b_train_phobert_emo_single_20260521/immutable_boundaries/8DC7CAD84A8D/epoch_010.pt,1613238522,06919d7e17dc87336289c1b33473162a956149fa,8dc7cad84a8d9959dc0103c28fb9ab13abf0ff860ab1c25a799e1e09c08c26a4,1613238522,135,59e170242e939a3f9169eb6a2b9d433bb5a2188f8cfb7e081ce07de633a410bb,c790715dacb25ac6dc38e619d78567d3909df0bd,2026-08-22T16:49:18.000Z,Q1b
all_weight_entries,Thundergod2007/vipragsent-phobert-checkpoints,model,campaigns/vipragsent-v7-compact-20260820-190bb0f24a7e75a8/SHARD_H100_MIG20_COMPACT/nb-170d4c47-8a39-47ad-9425-d231de44fc92-857677f648-2qn8f/science/checkpoints/q1b_train_phobert_emo_single_20260521/immutable_boundaries/9FE4993615FA/epoch_002.pt,1613237690,d65caeef88f49702d4f4c6b173b7453356128ae3,9fe4993615fa0b62e81b90a889574d6714d28e6434d92ae64342664ceb0cc1f7,1613237690,135,c0fcabde844d8c6412b50c98f3b3670fa8f6cfdee0738506cbf9c81a8a08e405,3f76dc85675095468d53775f10e2e64ea6b2b90e,2026-08-22T16:41:25.000Z,Q1b
all_weight_entries,Thundergod2007/vipragsent-phobert-checkpoints,model,campaigns/vipragsent-v7-compact-20260820-190bb0f24a7e75a8/SHARD_H100_MIG20_COMPACT/nb-170d4c47-8a39-47ad-9425-d231de44fc92-857677f648-2qn8f/science/checkpoints/q1b_train_phobert_emo_single_20260521/immutable_boundaries/A3BA275A0EEA/epoch_007.pt,1613238202,424c577f061f0edce8043f4e0c9fbe597a80de11,a3ba275a0eea4f15f4de4d3a27dda04b3e6eb0e47f04a4b3169e5551bb5fe957,1613238202,135,f61daadb88087ab08748a8550b26db32a5dc9112879f363b590ebe41665eff4a,0fa45fdd66bddc327b07bed83dd9735cfdf44cbe,2026-08-22T16:46:23.000Z,Q1b
all_weight_entries,Thundergod2007/vipragsent-phobert-checkpoints,model,campaigns/vipragsent-v7-compact-20260820-190bb0f24a7e75a8/SHARD_H100_MIG20_COMPACT/nb-170d4c47-8a39-47ad-9425-d231de44fc92-857677f648-2qn8f/science/checkpoints/q1b_train_phobert_emo_single_20260521/immutable_boundaries/B5465DABDC07/epoch_005.pt,1613238010,bdd5bd8eeb07f7b8644914a29ba270b7962cc335,b5465dabdc077a216ea229e7830aa8c854331014b0de1adf25c18eb3623cf14e,1613238010,135,796bbdfc8a07d7dba5a8f259111d0c859e840b684558eec997848db8f0ecc9a8,253c2142a48dfdf13b202b1085df164f90836529,2026-08-22T16:44:26.000Z,Q1b
all_weight_entries,Thundergod2007/vipragsent-phobert-checkpoints,model,campaigns/vipragsent-v7-compact-20260820-190bb0f24a7e75a8/SHARD_H100_MIG20_COMPACT/nb-170d4c47-8a39-47ad-9425-d231de44fc92-857677f648-2qn8f/science/checkpoints/q1b_train_phobert_emo_single_20260521/immutable_boundaries/CCB737A7DCA7/epoch_003.pt,1613237818,bb0b335dc2c37782aefe1e5f0d302d3b8acf5354,ccb737a7dca7e13257b0fb3f4e0718bc4f1db0895ccf619a7da5a5519142585d,1613237818,135,3be440037cb2f8b1e8461c39b0fc3d7845fb787d2916673cb22a0809a2c03f6c,213c107b5e69eacb7744dcc9a19465fe9e811b7b,2026-08-22T16:42:25.000Z,Q1b
all_weight_entries,Thundergod2007/vipragsent-phobert-checkpoints,model,campaigns/vipragsent-v7-compact-20260820-190bb0f24a7e75a8/SHARD_H100_MIG20_COMPACT/nb-170d4c47-8a39-47ad-9425-d231de44fc92-857677f648-2qn8f/science/checkpoints/q1b_train_phobert_emo_single_20260521/immutable_boundaries/D8DC01170847/epoch_001.pt,1613237626,99756c083d23aa6a9bd9274c637c4759d1ec9fb7,d8dc0117084754b131f44ae0794e63c84a69280ea79f9398a1fda4480eed1696,1613237626,135,01f665b5406eb538324d023a665746454d6a52ad7124b4a6ce613bccb9b98177,dad86f3b20ce665e294c26f5178169a35464767b,2026-08-22T16:40:27.000Z,Q1b
all_weight_entries,Thundergod2007/vipragsent-phobert-checkpoints,model,campaigns/vipragsent-v7-compact-20260820-190bb0f24a7e75a8/SHARD_H100_MIG20_COMPACT/nb-170d4c47-8a39-47ad-9425-d231de44fc92-857677f648-2qn8f/science/checkpoints/q1b_train_phobert_emo_single_20260521/immutable_boundaries/F8E1D7607F14/epoch_008.pt,1613238266,1f41e222430dc20dd60916376c00aa5938440bde,f8e1d7607f1441f8f0ed342e8a3a16ae42cfc4ea4fea83dc95900853ef359152,1613238266,135,4e53bc8e5702d1b310dded0f13b8939eacdb20ff7688df6099dbba47a3f8ba49,c7e7837f75d54802cd479995f6bb19f388873bb3,2026-08-22T16:47:20.000Z,Q1b
all_weight_entries,Thundergod2007/vipragsent-phobert-checkpoints,model,campaigns/vipragsent-v7-compact-20260820-190bb0f24a7e75a8/SHARD_H100_MIG20_COMPACT/nb-170d4c47-8a39-47ad-9425-d231de44fc92-857677f648-2qn8f/science/checkpoints/q1b_train_phobert_emo_single_20260522/immutable_boundaries/15C7430AEE24/epoch_004.pt,1613238010,90715f8043695346869e84fa315e5de6bebe2a65,15c7430aee24a1382f3e866c1ed88f964c6d5cd9c192af5adbb45793e8e1715c,1613238010,135,6d439c894994dbdf5bfe157f7e19e0a5d3df24a1d8e6b626fb2b897d244d445d,cea5752325a641e7683daedd50e4a1718d5b8311,2026-08-22T16:54:56.000Z,Q1b
all_weight_entries,Thundergod2007/vipragsent-phobert-checkpoints,model,campaigns/vipragsent-v7-compact-20260820-190bb0f24a7e75a8/SHARD_H100_MIG20_COMPACT/nb-170d4c47-8a39-47ad-9425-d231de44fc92-857677f648-2qn8f/science/checkpoints/q1b_train_phobert_emo_single_20260522/immutable_boundaries/1DB583567B4F/epoch_002.pt,1613237818,4e5b813368db217c09847b1f802bef313e2cb74e,1db583567b4fcfc29bada0f1cd56272b56e939985c295a95207200e19f616734,1613237818,135,25f66df04f991241f5050ca9bbd721574f4288d94220b1c8bf869b52ca16247d,cc4b9e7c29cf7cc85a153cc165d20cd277b198e3,2026-08-22T16:52:57.000Z,Q1b
all_weight_entries,Thundergod2007/vipragsent-phobert-checkpoints,model,campaigns/vipragsent-v7-compact-20260820-190bb0f24a7e75a8/SHARD_H100_MIG20_COMPACT/nb-170d4c47-8a39-47ad-9425-d231de44fc92-857677f648-2qn8f/science/checkpoints/q1b_train_phobert_emo_single_20260522/immutable_boundaries/2B109117B142/epoch_005.pt,1613238138,d8ea0f95f9d06b32aee2342aa557da531b907e50,2b109117b142d673f53d7e90eb2fe325485843ccdeb48a44407c4329bc8a57fd,1613238138,135,851bf8151eea5f0a65c83701892e6283197f952dbf0c300dd876d0544891196d,27c264d46eecdf269fba8b8d908f9873d427792a,2026-08-22T16:55:55.000Z,Q1b
all_weight_entries,Thundergod2007/vipragsent-phobert-checkpoints,model,campaigns/vipragsent-v7-compact-20260820-190bb0f24a7e75a8/SHARD_H100_MIG20_COMPACT/nb-170d4c47-8a39-47ad-9425-d231de44fc92-857677f648-2qn8f/science/checkpoints/q1b_train_phobert_emo_single_20260522/immutable_boundaries/4B7E16415BB2/epoch_009.pt,1613238522,9582ca8d3ff52c69729dae2305618482531d7f7a,4b7e16415bb2a2e76955bbb6e516e7a0cd1704cb865f35f0aca25db7abb99783,1613238522,135,0001d4588c8e6ace5e98d65cae8924868665b254fdc9679cc43b4208db7185a0,b7ba73ea5487134ee95f9a7313df941b59ffd0c6,2026-08-22T16:59:47.000Z,Q1b
all_weight_entries,Thundergod2007/vipragsent-phobert-checkpoints,model,campaigns/vipragsent-v7-compact-20260820-190bb0f24a7e75a8/SHARD_H100_MIG20_COMPACT/nb-170d4c47-8a39-47ad-9425-d231de44fc92-857677f648-2qn8f/science/checkpoints/q1b_train_phobert_emo_single_20260522/immutable_boundaries/998AEB252340/epoch_006.pt,1613238202,f285af72362a89f851119e088a9f0ca61f011da6,998aeb252340a810fa17edd0c2929cea08fc0dec4b80f7bc0e231f8db00cb703,1613238202,135,4d7da569778d48a9464a89d9b1bf358f404f08fa3c1e1867211b01f809ce342c,b5698e361e5b225bbb302fae557e9cb976d0e16b,2026-08-22T16:56:54.000Z,Q1b
all_weight_entries,Thundergod2007/vipragsent-phobert-checkpoints,model,campaigns/vipragsent-v7-compact-20260820-190bb0f24a7e75a8/SHARD_H100_MIG20_COMPACT/nb-170d4c47-8a39-47ad-9425-d231de44fc92-857677f648-2qn8f/science/checkpoints/q1b_train_phobert_emo_single_20260522/immutable_boundaries/9EA66C75609C/epoch_007.pt,1613238330,47a72a1d7b1d1a8eb5abac1ffaacc0c9f4777e60,9ea66c75609cb96238bf05f8b94bc5a8dce9164450454dafdff1c6eea6191838,1613238330,135,f5ae434d54245ca674dc5b138c2e6322526e019274ec5e426c5d71a4afef6197,e5a1bc1f10adb99916a38d08c5b7550b4269df7f,2026-08-22T16:57:52.000Z,Q1b
all_weight_entries,Thundergod2007/vipragsent-phobert-checkpoints,model,campaigns/vipragsent-v7-compact-20260820-190bb0f24a7e75a8/SHARD_H100_MIG20_COMPACT/nb-170d4c47-8a39-47ad-9425-d231de44fc92-857677f648-2qn8f/science/checkpoints/q1b_train_phobert_emo_single_20260522/immutable_boundaries/B291996518C2/epoch_003.pt,1613237946,9406b69b5020189b42c26045a0eee1ce72b4f063,b291996518c2d1ad06dadbbdd94de16743aa14c1c0a78b956f8a93f89c140ecb,1613237946,135,d704adb4628bcc248110796a799e88f5c8a4ad7e92c6e34759ebd0767a2e3013,132ec327ca768f94878e48db0a2ad20d9b780f84,2026-08-22T16:53:56.000Z,Q1b
all_weight_entries,Thundergod2007/vipragsent-phobert-checkpoints,model,campaigns/vipragsent-v7-compact-20260820-190bb0f24a7e75a8/SHARD_H100_MIG20_COMPACT/nb-170d4c47-8a39-47ad-9425-d231de44fc92-857677f648-2qn8f/science/checkpoints/q1b_train_phobert_emo_single_20260522/immutable_boundaries/C53E8CE39206/epoch_008.pt,1613238394,5466b500871da0c31c4e973f1a51c6f0dda06183,c53e8ce3920643bea3f64f10918602df7b90a27da4dcf4d193d55ad8a83a2e02,1613238394,135,a2fefb117cbddba896226eb6c7b24117fdbcc75e4ed3176436b3bbdc6de607e3,8ffb50bb80ceff2b8e75808226dabe8a9ed961e5,2026-08-22T16:58:50.000Z,Q1b
all_weight_entries,Thundergod2007/vipragsent-phobert-checkpoints,model,campaigns/vipragsent-v7-compact-20260820-190bb0f24a7e75a8/SHARD_H100_MIG20_COMPACT/nb-170d4c47-8a39-47ad-9425-d231de44fc92-857677f648-2qn8f/science/checkpoints/q1b_train_phobert_emo_single_20260522/immutable_boundaries/EB8E7CCEA27D/epoch_010.pt,1613238586,dc2f11974b4451d43a7bbde69ad45e98bb86493c,eb8e7ccea27d7adfb4aebe7dfb9198ef7d867be70cb8d08286a565c724148e6e,1613238586,135,98525acc4641e7875a4bcc2375497abfb250253f6991a5edd7c63a49559ac664,ce84884459f30e251f1bef3d72da20d228a1e076,2026-08-22T17:00:45.000Z,Q1b
all_weight_entries,Thundergod2007/vipragsent-phobert-checkpoints,model,campaigns/vipragsent-v7-compact-20260820-190bb0f24a7e75a8/SHARD_H100_MIG20_COMPACT/nb-170d4c47-8a39-47ad-9425-d231de44fc92-857677f648-2qn8f/science/checkpoints/q1b_train_phobert_emo_single_20260522/immutable_boundaries/F186C6510CD2/epoch_001.pt,1613237754,b0f816c6385c485948f70de004776d7b7e2b36a1,f186c6510cd2f9ff9540e727afe3ef22ee9a1afa25f9219c185ed9f5df6179d6,1613237754,135,c6a86bd27d749ae10fe1dd9a10acd253ccc04c3ed33df176f50bff4a5f1ddde1,24c5e2e8924c1e07b8d0ef7423f6e67e0f34f4a0,2026-08-22T16:51:57.000Z,Q1b
all_weight_entries,Thundergod2007/vipragsent-phobert-checkpoints,model,campaigns/vipragsent-v7-compact-20260820-190bb0f24a7e75a8/SHARD_H100_MIG20_COMPACT/nb-170d4c47-8a39-47ad-9425-d231de44fc92-857677f648-2qn8f/science/checkpoints/q1b_train_phobert_emo_single_20260523/immutable_boundaries/351E73DAE922/epoch_004.pt,1613238010,c4173baae95c95eccc057870606c97ffd874628e,351e73dae9227292bec963b64510f9c73736d514a3e297b91063e2535708bba1,1613238010,135,c99daab6438a949e0b1068727493539caa2a11d4c1e4e7a06f0ad405f715cbb4,e1cc2c5598b9a77565ec452a0261627299611138,2026-08-22T17:21:02.000Z,Q1b
all_weight_entries,Thundergod2007/vipragsent-phobert-checkpoints,model,campaigns/vipragsent-v7-compact-20260820-190bb0f24a7e75a8/SHARD_H100_MIG20_COMPACT/nb-170d4c47-8a39-47ad-9425-d231de44fc92-857677f648-2qn8f/science/checkpoints/q1b_train_phobert_emo_single_20260523/immutable_boundaries/42E1287B2B0C/epoch_007.pt,1613238330,70e0633541b52d147a6eca51f5cbe57766f02b94,42e1287b2b0cabc0175baed120abf573a1fc330d9eed315c3cbf10404edade34,1613238330,135,5cf7ce0a609bf1b23f69c8adf3c91459c0b16267a240ac25ea9f9574f16aa0e4,24a46bf1289fe105e290640a4befb63f027468b9,2026-08-22T17:26:20.000Z,Q1b
all_weight_entries,Thundergod2007/vipragsent-phobert-checkpoints,model,campaigns/vipragsent-v7-compact-20260820-190bb0f24a7e75a8/SHARD_H100_MIG20_COMPACT/nb-170d4c47-8a39-47ad-9425-d231de44fc92-857677f648-2qn8f/science/checkpoints/q1b_train_phobert_emo_single_20260523/immutable_boundaries/47C0F5435B40/epoch_005.pt,1613238138,cd732bcef0d45e88c64f5ec086461ba635174e10,47c0f5435b40f303eaec3862cebdb992d90c999dec97e7a6a25e3bc7feee78cc,1613238138,135,43f2f9b5a3c40eaad1384cf7168a20a1c8bd3f173d24213ba7d3d894dd290086,b142b8243d40e44343da762d6475a8dfc91ee7b1,2026-08-22T17:22:49.000Z,Q1b
all_weight_entries,Thundergod2007/vipragsent-phobert-checkpoints,model,campaigns/vipragsent-v7-compact-20260820-190bb0f24a7e75a8/SHARD_H100_MIG20_COMPACT/nb-170d4c47-8a39-47ad-9425-d231de44fc92-857677f648-2qn8f/science/checkpoints/q1b_train_phobert_emo_single_20260523/immutable_boundaries/54F3DC80C15B/epoch_009.pt,1613238522,f2d2b6e04f3833390489456c4ae8a815f5b5f9ed,54f3dc80c15b55e8e11725552599de627d47cad56422a41e43d7118b23a798c8,1613238522,135,1546d0f46238fa001b8f8f06cdb2d860696a382e7557bbbb90c88edea160a505,6d5596758f217de1a3f514e901bae6edaaf88ec2,2026-08-22T17:29:53.000Z,Q1b
all_weight_entries,Thundergod2007/vipragsent-phobert-checkpoints,model,campaigns/vipragsent-v7-compact-20260820-190bb0f24a7e75a8/SHARD_H100_MIG20_COMPACT/nb-170d4c47-8a39-47ad-9425-d231de44fc92-857677f648-2qn8f/science/checkpoints/q1b_train_phobert_emo_single_20260523/immutable_boundaries/7D9CF8C0E8BF/epoch_001.pt,1613237754,488a2a22ef91aada141464fd9feff8373d3dc78c,7d9cf8c0e8bf42cf85399988c09bc641161df58ce31659e9513ea5237122af99,1613237754,135,1f5d8e387f7eb4324fcb526f5a2f611f503d6608f4a5908f39070bff7afd7180,382a7ce15053eb0d478fe6697390c95bd3b6967a,2026-08-22T17:15:35.000Z,Q1b
all_weight_entries,Thundergod2007/vipragsent-phobert-checkpoints,model,campaigns/vipragsent-v7-compact-20260820-190bb0f24a7e75a8/SHARD_H100_MIG20_COMPACT/nb-170d4c47-8a39-47ad-9425-d231de44fc92-857677f648-2qn8f/science/checkpoints/q1b_train_phobert_emo_single_20260523/immutable_boundaries/7EF2C4F8AC16/epoch_006.pt,1613238202,271ebfea897916a9bf88e5f33c7945809612b093,7ef2c4f8ac165f1940cfa70278adaf579ab5c1be7ef92c190cc96e63b1828640,1613238202,135,f0832bd704cb6e0dfdea5d5b4628481ad87169fbbb340917deff840c52159426,915aebc0a64ac260c879a0c40f89a24ebcd98cf2,2026-08-22T17:24:35.000Z,Q1b
all_weight_entries,Thundergod2007/vipragsent-phobert-checkpoints,model,campaigns/vipragsent-v7-compact-20260820-190bb0f24a7e75a8/SHARD_H100_MIG20_COMPACT/nb-170d4c47-8a39-47ad-9425-d231de44fc92-857677f648-2qn8f/science/checkpoints/q1b_train_phobert_emo_single_20260523/immutable_boundaries/89C97F5C8A09/epoch_002.pt,1613237818,d573c83c931eaa0f87581c84af7cb3fa7914b97c,89c97f5c8a0917f7ee8ccc989da0b1fb27e39a812c13645c920c4c8eb6763adf,1613237818,135,933089f12e6e35778cec2a90202f6cc9d6190ae382fa6aec307c0dfa33d123d2,5c7fe7fffe5073e2c8c6f9cee599f628372f3dad,2026-08-22T17:17:24.000Z,Q1b
all_weight_entries,Thundergod2007/vipragsent-phobert-checkpoints,model,campaigns/vipragsent-v7-compact-20260820-190bb0f24a7e75a8/SHARD_H100_MIG20_COMPACT/nb-170d4c47-8a39-47ad-9425-d231de44fc92-857677f648-2qn8f/science/checkpoints/q1b_train_phobert_emo_single_20260523/immutable_boundaries/AC40B4F36D2D/epoch_010.pt,1613238586,b37eabe156cda60b5eb5cc1a099154971ae73e95,ac40b4f36d2d7ca9e24ad37939260a48bb979d19af9606acc0de2c62e22cffef,1613238586,135,28dc98d5a88f25ea21b9697f5e7d8e3143f5c88f507a6f7dd1d52b8d3098f738,b6ae1b44f4ca9bc820291d6bd0f85fed36cafc3b,2026-08-22T17:31:36.000Z,Q1b
all_weight_entries,Thundergod2007/vipragsent-phobert-checkpoints,model,campaigns/vipragsent-v7-compact-20260820-190bb0f24a7e75a8/SHARD_H100_MIG20_COMPACT/nb-170d4c47-8a39-47ad-9425-d231de44fc92-857677f648-2qn8f/science/checkpoints/q1b_train_phobert_emo_single_20260523/immutable_boundaries/D4A2825C54A0/epoch_003.pt,1613237946,496c518577ad1696fd66bf08c03acc0789060828,d4a2825c54a094eaff39b0e3ad92545b80e129bf5b02c4f980b2acd945097ff4,1613237946,135,1e32c815d48bc0dd3b17fedaf010d6909693a80b9bb3746eab99a46c5b09dda9,dc78069c871e68f213f7c91660bb90246ff6cb31,2026-08-22T17:19:14.000Z,Q1b
all_weight_entries,Thundergod2007/vipragsent-phobert-checkpoints,model,campaigns/vipragsent-v7-compact-20260820-190bb0f24a7e75a8/SHARD_H100_MIG20_COMPACT/nb-170d4c47-8a39-47ad-9425-d231de44fc92-857677f648-2qn8f/science/checkpoints/q1b_train_phobert_emo_single_20260523/immutable_boundaries/EDA28E90E93E/epoch_008.pt,1613238394,cc6c7a6a053147ccfbdee6fd86051fee0ae6d552,eda28e90e93e4ddc4de73a5e2188daaccba071439c59de4d6a7301e81fafafb2,1613238394,135,80d4a2b7a4fcc0754adc6b04a32d59f332b510955b97e1303599a3583d5561e0,bc456190b4b56182938ae60c846bba3deaf3a68b,2026-08-22T17:28:05.000Z,Q1b
all_weight_entries,Thundergod2007/vipragsent-phobert-checkpoints,model,campaigns/vipragsent-v7-compact-20260820-190bb0f24a7e75a8/SHARD_H100_MIG20_COMPACT/nb-170d4c47-8a39-47ad-9425-d231de44fc92-857677f648-2qn8f/science/checkpoints/q1b_train_phobert_multitask_8head_20260521/immutable_boundaries/0038949F67B1/epoch_009.pt,1648635708,fa27756c41ebd0e7c34bda2f9c729eb86ebdfb3b,0038949f67b1cd0c2b87b0fd402f8cea16989877abad7f3100a270c4b9a39754,1648635708,135,5790af4230a1ef1c6c50c6ad7f7250d8b9e551ca0fd2ed18d1dd3e3830de9ff1,f3004e29e1fb73a46c840262672db06a99fbafe0,2026-08-22T17:48:43.000Z,Q1b
all_weight_entries,Thundergod2007/vipragsent-phobert-checkpoints,model,campaigns/vipragsent-v7-compact-20260820-190bb0f24a7e75a8/SHARD_H100_MIG20_COMPACT/nb-170d4c47-8a39-47ad-9425-d231de44fc92-857677f648-2qn8f/science/checkpoints/q1b_train_phobert_multitask_8head_20260521/immutable_boundaries/00A2A1C8D11C/epoch_002.pt,1648635004,9372a43bd48d74f84c17f20233aba0168ca4dc24,00a2a1c8d11cc947785990bba0a570e2e19e42b979c70ad41c821b7b20a35775,1648635004,135,4f4a16374a0ecc3a144d9c0a2ea72b474717bc613b91df44c06fb0197a5f266c,c3064c88fc9afa75c0595eda8778ae101a7be4fa,2026-08-22T17:36:45.000Z,Q1b
all_weight_entries,Thundergod2007/vipragsent-phobert-checkpoints,model,campaigns/vipragsent-v7-compact-20260820-190bb0f24a7e75a8/SHARD_H100_MIG20_COMPACT/nb-170d4c47-8a39-47ad-9425-d231de44fc92-857677f648-2qn8f/science/checkpoints/q1b_train_phobert_multitask_8head_20260521/immutable_boundaries/298D02A949AB/epoch_010.pt,1648635836,e9d955b34144a78271b2bf61559365ea75816c38,298d02a949aba5c6a77f03df1f64867f012ea7d3de68256033d7faa099d84475,1648635836,135,610a81f0677b61394bbda6c2f40e351013f5cd56d9e691703a517e296977de63,2d59a7c37a0f492da5666f709c9e48e3eef9cf25,2026-08-22T17:50:22.000Z,Q1b
all_weight_entries,Thundergod2007/vipragsent-phobert-checkpoints,model,campaigns/vipragsent-v7-compact-20260820-190bb0f24a7e75a8/SHARD_H100_MIG20_COMPACT/nb-170d4c47-8a39-47ad-9425-d231de44fc92-857677f648-2qn8f/science/checkpoints/q1b_train_phobert_multitask_8head_20260521/immutable_boundaries/2B83F2600D64/epoch_004.pt,1648635196,b86ee7f46cddea178090fb726fceaab56a4c5e2f,2b83f2600d6403a4147a23f0304f311655d0ca7a02ecaa1a3173b5faa4554d93,1648635196,135,73cca806c662fcdb27e68e7daba110b1b6ac5a6e5ef1139dc0df8959d2844064,24308cb068bdf462827fabf5bce352bf4722204d,2026-08-22T17:40:15.000Z,Q1b
all_weight_entries,Thundergod2007/vipragsent-phobert-checkpoints,model,campaigns/vipragsent-v7-compact-20260820-190bb0f24a7e75a8/SHARD_H100_MIG20_COMPACT/nb-170d4c47-8a39-47ad-9425-d231de44fc92-857677f648-2qn8f/science/checkpoints/q1b_train_phobert_multitask_8head_20260521/immutable_boundaries/4C83937755E2/epoch_003.pt,1648635068,97132d587a084384f9c674800afa09bfe13450e3,4c83937755e2d2b8ff662c5220061b1f8d5ee4d825411494ff89136e27cd7511,1648635068,135,66b8ea562aba59db980309abd203583ac3e21d664a2efc1cfb431b3cbed0805c,aae7dd7f1cd7df0e573e631ceb33323115cb97ed,2026-08-22T17:38:30.000Z,Q1b
all_weight_entries,Thundergod2007/vipragsent-phobert-checkpoints,model,campaigns/vipragsent-v7-compact-20260820-190bb0f24a7e75a8/SHARD_H100_MIG20_COMPACT/nb-170d4c47-8a39-47ad-9425-d231de44fc92-857677f648-2qn8f/science/checkpoints/q1b_train_phobert_multitask_8head_20260521/immutable_boundaries/8CFCB040FE13/epoch_001.pt,1648634876,53401cac8af771b765e030b1992bcc64b3597432,8cfcb040fe138039aff76cdd1922380265942b2fc8f112d8d6d78470afb2f9a6,1648634876,135,5443c235612f90b79b84f38c265171a0175077c672cdab292c42190a23464aaf,f1da739132a891f5d5ee6253bcc6161815ba98b9,2026-08-22T17:34:59.000Z,Q1b
all_weight_entries,Thundergod2007/vipragsent-phobert-checkpoints,model,campaigns/vipragsent-v7-compact-20260820-190bb0f24a7e75a8/SHARD_H100_MIG20_COMPACT/nb-170d4c47-8a39-47ad-9425-d231de44fc92-857677f648-2qn8f/science/checkpoints/q1b_train_phobert_multitask_8head_20260521/immutable_boundaries/BCD25CB71C41/epoch_005.pt,1648635324,cf23a773d365edab1bd14ca62d4bf532a499cc28,bcd25cb71c41bd4efdf26c7c425a6dd88286aa4c285d0e8ce21ad8c199e5da4e,1648635324,135,f36203f4cba0ca1b58e52a205b80280132fc2468cbb81acfc711e40247af3dc3,5ff6f202f71fb0fe5387e1619e4fb8ea4f4b89eb,2026-08-22T17:41:58.000Z,Q1b
all_weight_entries,Thundergod2007/vipragsent-phobert-checkpoints,model,campaigns/vipragsent-v7-compact-20260820-190bb0f24a7e75a8/SHARD_H100_MIG20_COMPACT/nb-170d4c47-8a39-47ad-9425-d231de44fc92-857677f648-2qn8f/science/checkpoints/q1b_train_phobert_multitask_8head_20260521/immutable_boundaries/C44E0DA18BE6/epoch_006.pt,1648635388,d203ebae5c4159bf184cf2acaa67d463deb9428a,c44e0da18be6671435935d20d4534ff3b7f6d676f8b7c0958776cca733f12df3,1648635388,135,100e2a13c7795a28fb1d3a7d4d6faa0ee42512bcf0ba8bd5d2920f37e969eb20,e55fb883fc5a0122e41d2b6fb9e401fa5e9d826e,2026-08-22T17:43:39.000Z,Q1b
all_weight_entries,Thundergod2007/vipragsent-phobert-checkpoints,model,campaigns/vipragsent-v7-compact-20260820-190bb0f24a7e75a8/SHARD_H100_MIG20_COMPACT/nb-170d4c47-8a39-47ad-9425-d231de44fc92-857677f648-2qn8f/science/checkpoints/q1b_train_phobert_multitask_8head_20260521/immutable_boundaries/D253C4DBA1B9/epoch_007.pt,1648635516,56336a4a47afa1a2ce0773085cd12d06f8d7128f,d253c4dba1b9f078a3f2a6c4e1ba63d588f5cd238a03488450e09f482cb6b8da,1648635516,135,c8de90013958cae5e02cfede07cc2d031486df1229fc6e0652b0ebd1776bab4b,f0d18ea52526fb8887f355eb3bf97928abd4990b,2026-08-22T17:45:22.000Z,Q1b
all_weight_entries,Thundergod2007/vipragsent-phobert-checkpoints,model,campaigns/vipragsent-v7-compact-20260820-190bb0f24a7e75a8/SHARD_H100_MIG20_COMPACT/nb-170d4c47-8a39-47ad-9425-d231de44fc92-857677f648-2qn8f/science/checkpoints/q1b_train_phobert_multitask_8head_20260521/immutable_boundaries/F65676DBFE60/epoch_008.pt,1648635644,ef505a3b4bc9a3068fc90a384fa58962a3adae2f,f65676dbfe6063d551c0529e77f7a182f645f3bf3cd4e10896baf4e95f43d425,1648635644,135,dfb95b4ba4ab392b99ea177cf98a1e1b17e7dcac3a8c8398e4399a826f9a5733,87cc6b0c56d4feb7e3887cc30864f88561b13a47,2026-08-22T17:47:03.000Z,Q1b
all_weight_entries,Thundergod2007/vipragsent-phobert-checkpoints,model,campaigns/vipragsent-v7-compact-20260820-190bb0f24a7e75a8/SHARD_H100_MIG20_COMPACT/nb-170d4c47-8a39-47ad-9425-d231de44fc92-857677f648-2qn8f/science/checkpoints/q1b_train_phobert_multitask_8head_20260522/immutable_boundaries/2B3D8B4D6367/epoch_001.pt,1648635004,cbc8787aa80d8410dabb3a920758bfa616f93c6c,2b3d8b4d6367a01555130c87d50088f881582cc18e4df5ac96a51c07a9288b07,1648635004,135,33b231e6aba832f7358d7b9cc27d92b570aaec23e0d30f3798cd8e7f3faea5a8,fe6ef1b09629074eba03be344fb9ca3450fb586f,2026-08-22T17:53:38.000Z,Q1b
all_weight_entries,Thundergod2007/vipragsent-phobert-checkpoints,model,campaigns/vipragsent-v7-compact-20260820-190bb0f24a7e75a8/SHARD_H100_MIG20_COMPACT/nb-170d4c47-8a39-47ad-9425-d231de44fc92-857677f648-2qn8f/science/checkpoints/q1b_train_phobert_multitask_8head_20260522/immutable_boundaries/5D1DC8816E82/epoch_008.pt,1648635772,43c73d2d34bb27f4fbe3ae9fdcfa566e3b1e4c69,5d1dc8816e82cab49875193d6dba8ae8ca4d1bbe03f1460c46edf504b2d0eb6f,1648635772,135,c1ce7bd3d7c241e15d235dd3db184c1065a66293796493130b0c913bc5b8e4fd,bb0f4b43ca26eef5929124ceca8e90889f865385,2026-08-22T18:06:05.000Z,Q1b
all_weight_entries,Thundergod2007/vipragsent-phobert-checkpoints,model,campaigns/vipragsent-v7-compact-20260820-190bb0f24a7e75a8/SHARD_H100_MIG20_COMPACT/nb-170d4c47-8a39-47ad-9425-d231de44fc92-857677f648-2qn8f/science/checkpoints/q1b_train_phobert_multitask_8head_20260522/immutable_boundaries/65CC950EA54C/epoch_006.pt,1648635516,2d54d7d0d820253a65eee0ffa2ff93dd7a14ff14,65cc950ea54c1bbefbaf9b728024c2a3dd23cf6f6c92c1858b366f7135ce6132,1648635516,135,ce92f622cbf4d1cd9b3d468a8185784768ff82717196204a761d15ca36fc1d3c,577b8c988381d9d9df82a2530f6ca4ee6f8d8059,2026-08-22T18:02:30.000Z,Q1b
all_weight_entries,Thundergod2007/vipragsent-phobert-checkpoints,model,campaigns/vipragsent-v7-compact-20260820-190bb0f24a7e75a8/SHARD_H100_MIG20_COMPACT/nb-170d4c47-8a39-47ad-9425-d231de44fc92-857677f648-2qn8f/science/checkpoints/q1b_train_phobert_multitask_8head_20260522/immutable_boundaries/66B25EB4906F/epoch_005.pt,1648635452,5066463bf9a95f8eadf338d0fbc95e9d54553784,66b25eb4906f74fa5dfa4c1240f535cbeab1039d5b5b79634365d98c31e4bb5d,1648635452,135,2705dde0333759fe5991897fe8b0d30aab5725bcc5de1d270904f85cd882b71d,b4cb711c127757943bcfe6d66c7708e34fafc556,2026-08-22T18:00:41.000Z,Q1b
all_weight_entries,Thundergod2007/vipragsent-phobert-checkpoints,model,campaigns/vipragsent-v7-compact-20260820-190bb0f24a7e75a8/SHARD_H100_MIG20_COMPACT/nb-170d4c47-8a39-47ad-9425-d231de44fc92-857677f648-2qn8f/science/checkpoints/q1b_train_phobert_multitask_8head_20260522/immutable_boundaries/6C9E33AF2516/epoch_002.pt,1648635132,e4213a4600e8ca3b3668b5423e20bfe76aa54ace,6c9e33af2516cc67f0b61412bce20a43853bf835630bc6b8f46e6e69c3d30353,1648635132,135,8b4d7e618b677bbf9ea44d3ddbcead2bdcb548c7e99bd003021c88e92f1f1012,94601221e03eb9c821fba29e6434556f9711c393,2026-08-22T17:55:18.000Z,Q1b
all_weight_entries,Thundergod2007/vipragsent-phobert-checkpoints,model,campaigns/vipragsent-v7-compact-20260820-190bb0f24a7e75a8/SHARD_H100_MIG20_COMPACT/nb-170d4c47-8a39-47ad-9425-d231de44fc92-857677f648-2qn8f/science/checkpoints/q1b_train_phobert_multitask_8head_20260522/immutable_boundaries/A481DBE8FD1C/epoch_007.pt,1648635644,aee662ebd83e3fde72b52fb56053e6694939bdc3,a481dbe8fd1c6e77c6897aa61854649d96d13169317edff0698918c5a67c2923,1648635644,135,3a830c48ea66ff7452e4cfae96b366a7bf05c6479d7f201e958a9e53d0c4df56,ba38e1f868441f1c73742a87e5d28e0f7259fae3,2026-08-22T18:04:17.000Z,Q1b
all_weight_entries,Thundergod2007/vipragsent-phobert-checkpoints,model,campaigns/vipragsent-v7-compact-20260820-190bb0f24a7e75a8/SHARD_H100_MIG20_COMPACT/nb-170d4c47-8a39-47ad-9425-d231de44fc92-857677f648-2qn8f/science/checkpoints/q1b_train_phobert_multitask_8head_20260522/immutable_boundaries/A524DFF0F963/epoch_004.pt,1648635324,e7aa4ad49aec65f0500bb5a30dfe791b907ca60f,a524dff0f96390e4520c00ae684293955205fa9d4502014d777cfa597b615ca0,1648635324,135,00fccdba4410dce42fba37bef64429505bde0c7d216aca195245d52acb94b948,0453aee614d826b1c8335bb6cf554231daab7153,2026-08-22T17:58:49.000Z,Q1b
all_weight_entries,Thundergod2007/vipragsent-phobert-checkpoints,model,campaigns/vipragsent-v7-compact-20260820-190bb0f24a7e75a8/SHARD_H100_MIG20_COMPACT/nb-170d4c47-8a39-47ad-9425-d231de44fc92-857677f648-2qn8f/science/checkpoints/q1b_train_phobert_multitask_8head_20260522/immutable_boundaries/A6361450C6F2/epoch_009.pt,1648635836,6bdb93bbbebb2e26314794c38a21fdff923839e4,a6361450c6f2256a74a07c7344ae5281a3339602d927a9791ede3853613b7b46,1648635836,135,e49fa925599730a88db5c58f324f30f60305b43a8ad2ddb3f663b9f771d80602,f1e718c6adae291ff8c993edb02a022dd0633d73,2026-08-22T18:07:52.000Z,Q1b
all_weight_entries,Thundergod2007/vipragsent-phobert-checkpoints,model,campaigns/vipragsent-v7-compact-20260820-190bb0f24a7e75a8/SHARD_H100_MIG20_COMPACT/nb-170d4c47-8a39-47ad-9425-d231de44fc92-857677f648-2qn8f/science/checkpoints/q1b_train_phobert_multitask_8head_20260522/immutable_boundaries/BF765D7AAF6F/epoch_003.pt,1648635196,96969085197e72c2c09efe5c24c9f1fffb4745fb,bf765d7aaf6f7ba1cb7839cda0bc62bf38479cf82d231f6682f254f8fa59e0d5,1648635196,135,a492b59b75b449d7525c2018cc32dfdae0a359e61e410d9dd25de271ca47a3a4,483f80d9485d1a8e081fc151a19fc47ebbf2e947,2026-08-22T17:56:58.000Z,Q1b
all_weight_entries,Thundergod2007/vipragsent-phobert-checkpoints,model,campaigns/vipragsent-v7-compact-20260820-190bb0f24a7e75a8/SHARD_H100_MIG20_COMPACT/nb-170d4c47-8a39-47ad-9425-d231de44fc92-857677f648-2qn8f/science/checkpoints/q1b_train_phobert_multitask_8head_20260522/immutable_boundaries/F7AAC945FC09/epoch_010.pt,1648635964,b23c5797ff9517f063737282e72d3e835c270216,f7aac945fc0972740aa80d608438178e31a6f693f5fd10ad6d3be81f547fe3d3,1648635964,135,484341b4870aa7b07d9bbdf8a1732cc6ecfefc9adf79aa8991ee5a210a1fd55e,8695677a48fa97d0227dd41f33f70f149e45e13d,2026-08-22T18:09:37.000Z,Q1b
all_weight_entries,Thundergod2007/vipragsent-phobert-checkpoints,model,campaigns/vipragsent-v7-compact-20260820-190bb0f24a7e75a8/SHARD_H100_MIG20_COMPACT/nb-170d4c47-8a39-47ad-9425-d231de44fc92-857677f648-2qn8f/science/checkpoints/q1b_train_phobert_multitask_8head_20260523/immutable_boundaries/07271776E76E/epoch_009.pt,1648635836,2812f188fd74c747fb7a89f470ebff26489bea88,07271776e76e125725ad04dec9aef3b2f103f70bb1d64fa1430e3e14f47da177,1648635836,135,083ffa751c09ee7ba3c1483dd616aa550c8477801938b248eaa04a2e49574922,5b845783ce0caa992e3e8e67968377268d95ae94,2026-08-22T18:33:50.000Z,Q1b
all_weight_entries,Thundergod2007/vipragsent-phobert-checkpoints,model,campaigns/vipragsent-v7-compact-20260820-190bb0f24a7e75a8/SHARD_H100_MIG20_COMPACT/nb-170d4c47-8a39-47ad-9425-d231de44fc92-857677f648-2qn8f/science/checkpoints/q1b_train_phobert_multitask_8head_20260523/immutable_boundaries/310FC5BF3A68/epoch_005.pt,1648635452,6f8eee9ec3a839d22af83edad8be64ba4d6f7880,310fc5bf3a680ac9bef648cce4fc87877b3b670d8b8b175cd19afa73ae69268f,1648635452,135,1a767eb0fb5a4accc2a442da95c436073363a56ab92ef0b446ba8fe62e79c705,d696574f4cf9f4890ad95c4736d50329050fbe48,2026-08-22T18:26:59.000Z,Q1b
all_weight_entries,Thundergod2007/vipragsent-phobert-checkpoints,model,campaigns/vipragsent-v7-compact-20260820-190bb0f24a7e75a8/SHARD_H100_MIG20_COMPACT/nb-170d4c47-8a39-47ad-9425-d231de44fc92-857677f648-2qn8f/science/checkpoints/q1b_train_phobert_multitask_8head_20260523/immutable_boundaries/3B1D215570AA/epoch_008.pt,1648635772,1427a0980159617215474965438f5eb3cb297b39,3b1d215570aa514be15b27596536f43d9efc34a2b8b531374358368115b1b267,1648635772,135,856bee542ccf042a12ac62c8d414b2b475678cd3fd9b78aec4512cac7e52c4af,a3a6426610daca19fbba2f72eee554f7a269924b,2026-08-22T18:32:08.000Z,Q1b
all_weight_entries,Thundergod2007/vipragsent-phobert-checkpoints,model,campaigns/vipragsent-v7-compact-20260820-190bb0f24a7e75a8/SHARD_H100_MIG20_COMPACT/nb-170d4c47-8a39-47ad-9425-d231de44fc92-857677f648-2qn8f/science/checkpoints/q1b_train_phobert_multitask_8head_20260523/immutable_boundaries/646631990D9E/epoch_006.pt,1648635516,5f3897c8be685a308ef02ea6ef9b057622a2b505,646631990d9e258ea47c9b933dac0cde0b40fccae171da9c8b36f78935e3f158,1648635516,135,427803db0e971d0856910843a5db23c0bb1a8c9a78b556cf2274ca960d74beee,4db04d246ca472ecbfb860a43cce35d4adc9faaa,2026-08-22T18:28:42.000Z,Q1b
all_weight_entries,Thundergod2007/vipragsent-phobert-checkpoints,model,campaigns/vipragsent-v7-compact-20260820-190bb0f24a7e75a8/SHARD_H100_MIG20_COMPACT/nb-170d4c47-8a39-47ad-9425-d231de44fc92-857677f648-2qn8f/science/checkpoints/q1b_train_phobert_multitask_8head_20260523/immutable_boundaries/81AA14199E6A/epoch_001.pt,1648635004,e64220079afa3ac4d6862bc0ffc8ec30958fbe82,81aa14199e6a6d4e09dcb786e36392bd33899d322cce4e48122c7d855d8fa5f7,1648635004,135,9f3a97a5fea418f1452e015a33165eac6483b56bcaae381da42b79317493c0f7,ce9c75ecbccbd905aa0027f222bd1cf82ece1033,2026-08-22T18:19:44.000Z,Q1b
all_weight_entries,Thundergod2007/vipragsent-phobert-checkpoints,model,campaigns/vipragsent-v7-compact-20260820-190bb0f24a7e75a8/SHARD_H100_MIG20_COMPACT/nb-170d4c47-8a39-47ad-9425-d231de44fc92-857677f648-2qn8f/science/checkpoints/q1b_train_phobert_multitask_8head_20260523/immutable_boundaries/875D9378CA02/epoch_004.pt,1648635324,6177dcb5d000399ae754aecea6bf6a81a318a14a,875d9378ca02aaba0bdc2d7e714bf7c981ee4623ad5a2691e643055c6b1edb58,1648635324,135,e7ead73fe1f9cf70b2c47db806ce2c37168889176f6a7cd9b0bff794cafa08a1,2caea7d98a5c559ae20df6051f4a6e7130821f14,2026-08-22T18:25:13.000Z,Q1b
all_weight_entries,Thundergod2007/vipragsent-phobert-checkpoints,model,campaigns/vipragsent-v7-compact-20260820-190bb0f24a7e75a8/SHARD_H100_MIG20_COMPACT/nb-170d4c47-8a39-47ad-9425-d231de44fc92-857677f648-2qn8f/science/checkpoints/q1b_train_phobert_multitask_8head_20260523/immutable_boundaries/947C91424159/epoch_002.pt,1648635132,97872216c475f9a5a5fe604fbbbf4f898e3b78a3,947c914241590ae38517b0b96c96e7e56b177372d33abd608b168e7a0d821205,1648635132,135,947a06f9cabb9223e16d0b1ca2607c1b68ffdb1c582a629084591908c2a9ab9d,d08fe02655deb232e50d6c19982b3a48c01107e1,2026-08-22T18:21:35.000Z,Q1b
all_weight_entries,Thundergod2007/vipragsent-phobert-checkpoints,model,campaigns/vipragsent-v7-compact-20260820-190bb0f24a7e75a8/SHARD_H100_MIG20_COMPACT/nb-170d4c47-8a39-47ad-9425-d231de44fc92-857677f648-2qn8f/science/checkpoints/q1b_train_phobert_multitask_8head_20260523/immutable_boundaries/A14EE7155730/epoch_010.pt,1648635964,c011e463c86df5d80666695338ea401e398d44df,a14ee71557308c038e71b28c5db5436c6272f8c091f825282d18a439c59f45b7,1648635964,135,e689495f11c5399691e3b72cbde96f309058651f7f188740a6eb37c8a638e5bc,4d132e61442475010197205bba159c6ef71b0e77,2026-08-22T18:35:30.000Z,Q1b
all_weight_entries,Thundergod2007/vipragsent-phobert-checkpoints,model,campaigns/vipragsent-v7-compact-20260820-190bb0f24a7e75a8/SHARD_H100_MIG20_COMPACT/nb-170d4c47-8a39-47ad-9425-d231de44fc92-857677f648-2qn8f/science/checkpoints/q1b_train_phobert_multitask_8head_20260523/immutable_boundaries/B4F8AF9E6812/epoch_007.pt,1648635644,c036c6f9ba0d7d52527a0a012a1bab95eefa1bba,b4f8af9e6812b2d990b6f18c44cf1a76dcf86ad3c27d1c832891b0f42ef4fafc,1648635644,135,afe25e17e6b21074f0a21251bba67a79d82ac408ef2ce13cbc9af3f3989d8757,c42a9e440512c692196754f53f9f7a93987925a3,2026-08-22T18:30:25.000Z,Q1b
all_weight_entries,Thundergod2007/vipragsent-phobert-checkpoints,model,campaigns/vipragsent-v7-compact-20260820-190bb0f24a7e75a8/SHARD_H100_MIG20_COMPACT/nb-170d4c47-8a39-47ad-9425-d231de44fc92-857677f648-2qn8f/science/checkpoints/q1b_train_phobert_multitask_8head_20260523/immutable_boundaries/D9D68517CA6A/epoch_003.pt,1648635196,a10a70a2c0e39f0fab12b28b1b0058f5cd43b9e8,d9d68517ca6a76e255de6133ed1e3d31f44e42bbfba820e27cb07fcdf5df7f45,1648635196,135,b1290230d5711129d933718cf9aa6f68da1626aea6e4acfdb719ba0c016ef50c,f325fd59d905b58fb564bd117d04776c563c50a7,2026-08-22T18:23:25.000Z,Q1b
all_weight_entries,Thundergod2007/vipragsent-phobert-checkpoints,model,campaigns/vipragsent-v7-compact-20260820-190bb0f24a7e75a8/SHARD_H100_MIG20_COMPACT/nb-170d4c47-8a39-47ad-9425-d231de44fc92-857677f648-2qn8f/science/checkpoints/q1b_train_phobert_pol_single_20260521/immutable_boundaries/9ED8343003C8/epoch_002.pt,1613200826,1e84e7f6ae9facaceea1a34667e682da7afd85a5,9ed8343003c8c511a107f32e7b2692634e42b35b9d4da244d9bf9792e46c7ed8,1613200826,135,35360b2d4e06aa4eccb199a6adca437632508c78c800642e44a90ba672858bf5,d12026068bb3a84463bce27f8696200057b457ae,2026-08-22T15:58:13.000Z,Q1b
all_weight_entries,Thundergod2007/vipragsent-phobert-checkpoints,model,campaigns/vipragsent-v7-compact-20260820-190bb0f24a7e75a8/SHARD_H100_MIG20_COMPACT/nb-170d4c47-8a39-47ad-9425-d231de44fc92-857677f648-2qn8f/science/checkpoints/q1b_train_phobert_pol_single_20260521/immutable_boundaries/A61926FA8A91/epoch_001.pt,1613200762,99b6248576e94416b4851750ce287b41e62893ec,a61926fa8a9108642f5dc790738875892e5778bceedc13379e7d411de2b8e880,1613200762,135,596a75d2b4e41286846097ca796495748928ca9a5550bc864afb34c326f64e2f,73ee166038ebfac97a4890deaac3fe471c2dd2d5,2026-08-22T15:57:15.000Z,Q1b
all_weight_entries,Thundergod2007/vipragsent-phobert-checkpoints,model,campaigns/vipragsent-v7-compact-20260820-190bb0f24a7e75a8/SHARD_H100_MIG20_COMPACT/nb-170d4c47-8a39-47ad-9425-d231de44fc92-857677f648-2qn8f/science/checkpoints/q1b_train_phobert_pol_single_20260521/immutable_boundaries/BE59856595DF/epoch_003.pt,1613200954,6b6e93e4e536a06f8a5ec59a35ce5d78076f5620,be59856595df7e21165a457e28a26b0d4aec2e5e91020d4a33f0b1cd6a5436dd,1613200954,135,a3863afc5ad5531c0c182468e582e770ec2cfd4601514bed0be1dc141c8dc20b,35a5c7faabf85c56fa9f9bb9222437fbcb24f672,2026-08-22T15:59:13.000Z,Q1b
all_weight_entries,Thundergod2007/vipragsent-phobert-checkpoints,model,campaigns/vipragsent-v7-compact-20260820-190bb0f24a7e75a8/SHARD_H100_MIG20_COMPACT/nb-170d4c47-8a39-47ad-9425-d231de44fc92-857677f648-2qn8f/science/checkpoints/q1b_train_phobert_pol_single_20260521/immutable_boundaries/D2946C2F8435/epoch_004.pt,1613201018,768206d6f22d7359c14ed9c54379eb53d060afeb,d2946c2f84357adc69eb01c085eb357be4b2fea50b9bdea2d29bd00ec6ab0735,1613201018,135,e01f5c7b72227f4d11c9ba048c659b5c96ed21a572b25c5219faa1d430200c17,635f3f81b84b93c1a0b1949f373e5ea2fb5abf5a,2026-08-22T16:00:13.000Z,Q1b
all_weight_entries,Thundergod2007/vipragsent-phobert-checkpoints,model,campaigns/vipragsent-v7-compact-20260820-190bb0f24a7e75a8/SHARD_H100_MIG20_COMPACT/nb-170d4c47-8a39-47ad-9425-d231de44fc92-857677f648-2qn8f/science/checkpoints/q1b_train_phobert_pol_single_20260521/immutable_boundaries/E62A0D52ECFB/epoch_005.pt,1613201146,222e25b2e552d0a5381986a17525a677b1038abd,e62a0d52ecfbe01456b9457ed442e2a79db1521feed31850557fa518859739da,1613201146,135,f4bcb93831e6d089c30f2bc3ce4d5e1d9d76d361a89a0a2cd741c649b4d0baa4,898ad8283348dd5991efcc974f8b897371e50513,2026-08-22T16:01:14.000Z,Q1b
all_weight_entries,Thundergod2007/vipragsent-phobert-checkpoints,model,campaigns/vipragsent-v7-compact-20260820-190bb0f24a7e75a8/SHARD_H100_MIG20_COMPACT/nb-170d4c47-8a39-47ad-9425-d231de44fc92-857677f648-2qn8f/science/checkpoints/q1b_train_phobert_pol_single_20260522/immutable_boundaries/0CE541F80119/epoch_001.pt,1613200890,130c10a51761de79fda75557ca34adb1711ba374,0ce541f80119f60b84f6a9377fe34c3eadf4462f40a0e0883308dcac771eb5b1,1613200890,135,e7b0f01b767c60a76bff8bfbbc9f14c79097dfcd814179eac0d895396ed11465,10423565cb8da2d2cba26d4f405631b2a7ca8f7e,2026-08-22T16:11:38.000Z,Q1b
all_weight_entries,Thundergod2007/vipragsent-phobert-checkpoints,model,campaigns/vipragsent-v7-compact-20260820-190bb0f24a7e75a8/SHARD_H100_MIG20_COMPACT/nb-170d4c47-8a39-47ad-9425-d231de44fc92-857677f648-2qn8f/science/checkpoints/q1b_train_phobert_pol_single_20260522/immutable_boundaries/840C40917C5D/epoch_004.pt,1613201146,d1103bd69973a7e6f7626621a428c6c244c8eb92,840c40917c5d0e059317388b54514c083a45355ad8c229a69ca6bb651555a0d0,1613201146,135,1b65c9cc61f278f9721292aa7a93637d621a186804b165427c338b13f5c17285,3f036519722389aa1b0f65a57988bd8b88362ae9,2026-08-22T16:14:38.000Z,Q1b
all_weight_entries,Thundergod2007/vipragsent-phobert-checkpoints,model,campaigns/vipragsent-v7-compact-20260820-190bb0f24a7e75a8/SHARD_H100_MIG20_COMPACT/nb-170d4c47-8a39-47ad-9425-d231de44fc92-857677f648-2qn8f/science/checkpoints/q1b_train_phobert_pol_single_20260522/immutable_boundaries/9AF1BE201FEC/epoch_005.pt,1613201274,5485a8d83e8138f46ea90f97c630b31ff863f0f7,9af1be201fec79b9f7f07a4c706875524dc5ece6f7a2f84ddc004e29992e1b74,1613201274,135,50dcc8d61a75ace3cefb98cf449d45c175a387783cf98b17df7c82b91eef26c9,2fd6a96181032b84d3b01f19de3da7b4e1fd7a91,2026-08-22T16:15:40.000Z,Q1b
all_weight_entries,Thundergod2007/vipragsent-phobert-checkpoints,model,campaigns/vipragsent-v7-compact-20260820-190bb0f24a7e75a8/SHARD_H100_MIG20_COMPACT/nb-170d4c47-8a39-47ad-9425-d231de44fc92-857677f648-2qn8f/science/checkpoints/q1b_train_phobert_pol_single_20260522/immutable_boundaries/DCAAFDD18388/epoch_002.pt,1613200954,3b4add948765b7f1cc855c5e7b3d5c4ea1fad193,dcaafdd18388e1c838f8bda676ea1fb21e2ee01ec0af8752103e9ff4a8d0c5e7,1613200954,135,e2c5e557d336c5244925d4955bf06f8113f6982e1669609891ae72b3a10399ad,4476924d00b91e82828f1c38388e4d79f80674d9,2026-08-22T16:12:39.000Z,Q1b
all_weight_entries,Thundergod2007/vipragsent-phobert-checkpoints,model,campaigns/vipragsent-v7-compact-20260820-190bb0f24a7e75a8/SHARD_H100_MIG20_COMPACT/nb-170d4c47-8a39-47ad-9425-d231de44fc92-857677f648-2qn8f/science/checkpoints/q1b_train_phobert_pol_single_20260522/immutable_boundaries/E393AED85364/epoch_003.pt,1613201082,50b5cea773702c725806fb310fdcb456cdfc61fc,e393aed85364270085050051186204deaff978d658e6019db853e225f34d5805,1613201082,135,7af31d56064f224d210097218f48d553858450bf028aa79d42e49e52a99f5dd4,f0222b46625e33cc5af2bf6fcc99d842e81128b5,2026-08-22T16:13:39.000Z,Q1b
all_weight_entries,Thundergod2007/vipragsent-phobert-checkpoints,model,campaigns/vipragsent-v7-compact-20260820-190bb0f24a7e75a8/SHARD_H100_MIG20_COMPACT/nb-170d4c47-8a39-47ad-9425-d231de44fc92-857677f648-2qn8f/science/checkpoints/q1b_train_phobert_pol_single_20260523/immutable_boundaries/4CCCDB1C6F75/epoch_001.pt,1613200890,f7ede486a40d5eecff8ba448fd0eabde37101c50,4cccdb1c6f759373f407cc911bec6803fe390c475fdce110391263bd98fe7e7c,1613200890,135,2fcc9b2a024629392b3a168b0abe6d9c534d9c85faed30aa2e30d017480d6eb6,08c7f3dea443f1823267c7df919c88b3271c7aad,2026-08-22T16:25:44.000Z,Q1b
all_weight_entries,Thundergod2007/vipragsent-phobert-checkpoints,model,campaigns/vipragsent-v7-compact-20260820-190bb0f24a7e75a8/SHARD_H100_MIG20_COMPACT/nb-170d4c47-8a39-47ad-9425-d231de44fc92-857677f648-2qn8f/science/checkpoints/q1b_train_phobert_pol_single_20260523/immutable_boundaries/530827145030/epoch_003.pt,1613201082,f212fe192d1c0159251c358d60366e36cf0feab0,530827145030b9e9be13d9b0c9acc42e4a768c4312c6435f461c836ee28c3b71,1613201082,135,2cb08f08170804d0f577d59079e0286e314f680cd5d2d11774855f77de2181d8,0733b1dd7bf4205175c5c6a84603c973f95c3c8e,2026-08-22T16:27:43.000Z,Q1b
all_weight_entries,Thundergod2007/vipragsent-phobert-checkpoints,model,campaigns/vipragsent-v7-compact-20260820-190bb0f24a7e75a8/SHARD_H100_MIG20_COMPACT/nb-170d4c47-8a39-47ad-9425-d231de44fc92-857677f648-2qn8f/science/checkpoints/q1b_train_phobert_pol_single_20260523/immutable_boundaries/69E51DF76D22/epoch_006.pt,1613201338,9c45ad8225cb88db15794d1c0a02bbd19dccc891,69e51df76d225b89ecfad70d2c97e91f7a04e97e8e13ec55c9a0528302f7e059,1613201338,135,b2e946f84465fa4645024d9d2a09409f2014ca1941912fe6af90d224e4b458d0,b3998680b5f89ccd8fa951a3ba0fe9555e3864d9,2026-08-22T16:30:42.000Z,Q1b
all_weight_entries,Thundergod2007/vipragsent-phobert-checkpoints,model,campaigns/vipragsent-v7-compact-20260820-190bb0f24a7e75a8/SHARD_H100_MIG20_COMPACT/nb-170d4c47-8a39-47ad-9425-d231de44fc92-857677f648-2qn8f/science/checkpoints/q1b_train_phobert_pol_single_20260523/immutable_boundaries/78A67F479614/epoch_004.pt,1613201146,153f429351646baf072eefe91acdc39607cd30b2,78a67f4796143f49b063a57a01768904bdc6cdceb09032ceb37946743b8e118d,1613201146,135,b8e970654b8745734fe81cc05d457f0cfd2747e4cb63bde3fa943831cce484db,6c189b895503e0d99994b9c6edf915fa8fe5a14b,2026-08-22T16:28:42.000Z,Q1b
all_weight_entries,Thundergod2007/vipragsent-phobert-checkpoints,model,campaigns/vipragsent-v7-compact-20260820-190bb0f24a7e75a8/SHARD_H100_MIG20_COMPACT/nb-170d4c47-8a39-47ad-9425-d231de44fc92-857677f648-2qn8f/science/checkpoints/q1b_train_phobert_pol_single_20260523/immutable_boundaries/9B84E38DE9F3/epoch_002.pt,1613200954,fffa82ca689de95747615191d73dabe884e20693,9b84e38de9f31ffe638a365fbed7114048c19e4cbdf835cdf147bc9ce2c7a471,1613200954,135,9abe5ef7f335090da38b3fc7ae26875a02547eecbe2948d3cb13909cf7764e4b,79341efd85906c2304ffd2b54a133b199ae975fe,2026-08-22T16:26:44.000Z,Q1b
all_weight_entries,Thundergod2007/vipragsent-phobert-checkpoints,model,campaigns/vipragsent-v7-compact-20260820-190bb0f24a7e75a8/SHARD_H100_MIG20_COMPACT/nb-170d4c47-8a39-47ad-9425-d231de44fc92-857677f648-2qn8f/science/checkpoints/q1b_train_phobert_pol_single_20260523/immutable_boundaries/E070AB4F8579/epoch_005.pt,1613201274,48304ae9caf3e7370754e9de7055bcbdd7e56bcb,e070ab4f85793db1245a83501fe241b382e6c4191447cf43a01fa9a4e9b12fbf,1613201274,135,6c7102e23ad6df414a8de7e555e0658805b6f0c62aaea790a68c251d250ecfb1,34a8c7fe875b6cfd4a42c59a248b1c580ab34f7b,2026-08-22T16:29:43.000Z,Q1b
all_weight_entries,Thundergod2007/vipragsent-phobert-checkpoints,model,campaigns/vipragsent-v7-compact-20260820-190bb0f24a7e75a8/SHARD_H100_MIG20_COMPACT/nb-170d4c47-8a39-47ad-9425-d231de44fc92-857677f648-2qn8f/science/checkpoints/q1b_train_phobert_pol_single_20260523/immutable_boundaries/E451955519CD/epoch_008.pt,1613201530,68df879463f0e17038468fd7d2a5a6850428c1fd,e451955519cd5b40d9b1315fee3babee7f270d1644a2aa947d8f30b043cce448,1613201530,135,43e12bafede26a21b724a9c7a00a18dbd4b13eec47837c103185e37e4e32411a,dced0bada6f9bc5b77056868665549204da63db8,2026-08-22T16:32:38.000Z,Q1b
all_weight_entries,Thundergod2007/vipragsent-phobert-checkpoints,model,campaigns/vipragsent-v7-compact-20260820-190bb0f24a7e75a8/SHARD_H100_MIG20_COMPACT/nb-170d4c47-8a39-47ad-9425-d231de44fc92-857677f648-2qn8f/science/checkpoints/q1b_train_phobert_pol_single_20260523/immutable_boundaries/E554A375D761/epoch_007.pt,1613201466,22c37703b449061ca4eeecc0cab37498e3a1949c,e554a375d76146c3a76d3989a78f177798a347c6e6d072a6713394c657d8f57c,1613201466,135,02a6721e79378cf9916098c986a3a1782019c17e6af7a8479a8178f918536755,0bddef3559a37797080d80dfd7183efc9fcc4682,2026-08-22T16:31:40.000Z,Q1b
all_weight_entries,Thundergod2007/vipragsent-phobert-checkpoints,model,campaigns/vipragsent-v7-compact-20260820-190bb0f24a7e75a8/SHARD_H100_MIG20_COMPACT/nb-170d4c47-8a39-47ad-9425-d231de44fc92-857677f648-2qn8f/science/checkpoints/q1b_train_vipragsent_full_phobert_20260521/immutable_boundaries/09BD57CC664D/epoch_010.pt,1648635836,e7979273fd9a3873f7f78899a46038be3583d396,09bd57cc664d2952d6f822e57e06e40f3b90e4ae1b828a947a5bc17d501f47f4,1648635836,135,93f7f15e0b5f6268fded14281bc552026b3fda141c662ca21d0bfb4d7f822cfe,9fad105d6117440112e5cab38f5b5a3066ebc04a,2026-08-22T20:38:31.000Z,Q1b
all_weight_entries,Thundergod2007/vipragsent-phobert-checkpoints,model,campaigns/vipragsent-v7-compact-20260820-190bb0f24a7e75a8/SHARD_H100_MIG20_COMPACT/nb-170d4c47-8a39-47ad-9425-d231de44fc92-857677f648-2qn8f/science/checkpoints/q1b_train_vipragsent_full_phobert_20260521/immutable_boundaries/4421FDE8C972/epoch_002.pt,1648635004,14f157874d9e1f5ad36e95c4d97d4ef6b66572fa,4421fde8c9722ddbcc39e094293ec7383d5a6f98e9a352b9cfeceba6f7be70f6,1648635004,135,32694d1be733b2c1ca40f9459b89a0863f02ee227990f4cded90690f8f556860,21d372becf4dc187ad383e6be492e343aa78055c,2026-08-22T20:29:48.000Z,Q1b
all_weight_entries,Thundergod2007/vipragsent-phobert-checkpoints,model,campaigns/vipragsent-v7-compact-20260820-190bb0f24a7e75a8/SHARD_H100_MIG20_COMPACT/nb-170d4c47-8a39-47ad-9425-d231de44fc92-857677f648-2qn8f/science/checkpoints/q1b_train_vipragsent_full_phobert_20260521/immutable_boundaries/766601C538CC/epoch_009.pt,1648635708,ec9433419eba104be220e6614feed07e7c9a6b06,766601c538cc595c07d2fa35c80fc768032853f365467f065ef7a7a97b189f3a,1648635708,135,d8b8b03f68ca03bbf8498763e7cd3e42df23ada750ae1a67a2454494d69ad2fe,63e38d611d6141518be71fb679b2f2d4a2eb7210,2026-08-22T20:37:26.000Z,Q1b
all_weight_entries,Thundergod2007/vipragsent-phobert-checkpoints,model,campaigns/vipragsent-v7-compact-20260820-190bb0f24a7e75a8/SHARD_H100_MIG20_COMPACT/nb-170d4c47-8a39-47ad-9425-d231de44fc92-857677f648-2qn8f/science/checkpoints/q1b_train_vipragsent_full_phobert_20260521/immutable_boundaries/AE13B023003A/epoch_008.pt,1648635644,b128d10dd341918864443868e4cadeccaba96a16,ae13b023003a9fac166594d02f771196cb54ae4351832a08d6441703a8698bdf,1648635644,135,373b4d80f6bacdbadfec2b65e403788cefe9377278691681ebdc24253703a08e,9adf5f8433e730ee64f415957cb41391383758f0,2026-08-22T20:36:22.000Z,Q1b
all_weight_entries,Thundergod2007/vipragsent-phobert-checkpoints,model,campaigns/vipragsent-v7-compact-20260820-190bb0f24a7e75a8/SHARD_H100_MIG20_COMPACT/nb-170d4c47-8a39-47ad-9425-d231de44fc92-857677f648-2qn8f/science/checkpoints/q1b_train_vipragsent_full_phobert_20260521/immutable_boundaries/B16AAF23F32A/epoch_005.pt,1648635324,44b63cd111fe517c13ab38d7d70e7e3b15efc594,b16aaf23f32ad49ff83a42124bea33c65fa951f82ee07bd51ebf83cd6336f854,1648635324,135,11509f2a4b8fd3cfa78d9bb818241350a158731eb9ee50792b17b4951b23a18c,2cde184f645e6fc530db8ffe9f3244d23292524e,2026-08-22T20:33:05.000Z,Q1b
all_weight_entries,Thundergod2007/vipragsent-phobert-checkpoints,model,campaigns/vipragsent-v7-compact-20260820-190bb0f24a7e75a8/SHARD_H100_MIG20_COMPACT/nb-170d4c47-8a39-47ad-9425-d231de44fc92-857677f648-2qn8f/science/checkpoints/q1b_train_vipragsent_full_phobert_20260521/immutable_boundaries/B2BECA79FBDA/epoch_003.pt,1648635068,b36de0ccbebf2d077ad4e180faf4494b2df81639,b2beca79fbdaa1ae8cc0a09b907de3165de48bca29c3b84cc2fa71f6b8127b11,1648635068,135,922821a4d814bea8529de4374d659f31af75efe40b349d9d3bf24de7621fe887,eb63747120beae41c2437fa0d320e7cef3f6f8ef,2026-08-22T20:30:53.000Z,Q1b
all_weight_entries,Thundergod2007/vipragsent-phobert-checkpoints,model,campaigns/vipragsent-v7-compact-20260820-190bb0f24a7e75a8/SHARD_H100_MIG20_COMPACT/nb-170d4c47-8a39-47ad-9425-d231de44fc92-857677f648-2qn8f/science/checkpoints/q1b_train_vipragsent_full_phobert_20260521/immutable_boundaries/B6902F91B8F0/epoch_004.pt,1648635196,d833cbb109d6e9fe4dd89605db42073eb69a4067,b6902f91b8f00a3a257215c72d6fc0c245b951253f510ed4c10ee01519ff5f31,1648635196,135,f713ab705cf6fc66b03a29decb0e01818e230f1c43b1846d69ef8c85440ffa6c,d7d78c85d0f9f05aeee8c4409ff262a1c30b9e65,2026-08-22T20:32:00.000Z,Q1b
all_weight_entries,Thundergod2007/vipragsent-phobert-checkpoints,model,campaigns/vipragsent-v7-compact-20260820-190bb0f24a7e75a8/SHARD_H100_MIG20_COMPACT/nb-170d4c47-8a39-47ad-9425-d231de44fc92-857677f648-2qn8f/science/checkpoints/q1b_train_vipragsent_full_phobert_20260521/immutable_boundaries/D49BD0079D09/epoch_007.pt,1648635516,116ba57ae114152b8675d4d25b6a7fbee6db2d84,d49bd0079d099400a33b3ec927b0dcfba2d4615a906214fd7119f8a536576234,1648635516,135,54c78285b9bcedaa133a672bab25765427d92d0acc52c2c91abe5f189bd01fac,406d66731c3c00172eb0f83d8d061e44d27b51ef,2026-08-22T20:35:17.000Z,Q1b
all_weight_entries,Thundergod2007/vipragsent-phobert-checkpoints,model,campaigns/vipragsent-v7-compact-20260820-190bb0f24a7e75a8/SHARD_H100_MIG20_COMPACT/nb-170d4c47-8a39-47ad-9425-d231de44fc92-857677f648-2qn8f/science/checkpoints/q1b_train_vipragsent_full_phobert_20260521/immutable_boundaries/E85D61875439/epoch_001.pt,1648634876,033e69166f07ec17ce1307e7e4d412369626fc56,e85d618754391e7920d3a1bc752c1639aeee8eae6b85a06f2ef418dbc49cde02,1648634876,135,05cc401634917fe3d0dd494826bf609eb88250682f850d199996fa0a8664b519,47f611c6764f0f05bb6c4131abfe29ab3e9d1edb,2026-08-22T20:28:42.000Z,Q1b
all_weight_entries,Thundergod2007/vipragsent-phobert-checkpoints,model,campaigns/vipragsent-v7-compact-20260820-190bb0f24a7e75a8/SHARD_H100_MIG20_COMPACT/nb-170d4c47-8a39-47ad-9425-d231de44fc92-857677f648-2qn8f/science/checkpoints/q1b_train_vipragsent_full_phobert_20260521/immutable_boundaries/F042742BC845/epoch_006.pt,1648635388,30cac526322e3aaa8734ac5b1fbad85818c05a81,f042742bc845cf30147a9d08bfe7552b51075c351397db8eec7fdf8148701ade,1648635388,135,7083b679641a79f0cfa802e4535553cd2de16ba804bbe8526a7e9ae85b85aa98,aacbb1a900aa0b493bd0aabfceda23d51e30bcac,2026-08-22T20:34:11.000Z,Q1b
all_weight_entries,Thundergod2007/vipragsent-phobert-checkpoints,model,campaigns/vipragsent-v7-compact-20260820-190bb0f24a7e75a8/SHARD_H100_MIG20_COMPACT/nb-170d4c47-8a39-47ad-9425-d231de44fc92-857677f648-2qn8f/science/checkpoints/q1b_train_vipragsent_full_phobert_20260522/immutable_boundaries/2AFB424D8B5C/epoch_004.pt,1648635324,cebc0c027fdd765f41f656c649a2de574191fcd3,2afb424d8b5c62682169c52d76b49c513512623a64b2470e03111b6571a73792,1648635324,135,63f4d6b3a6e76d411caec8dadcc7e37ee951b4b7480e4138a12f208385ac9fc8,97f505ce3b0b9c970ef3bfb02d1e693292105c5d,2026-08-22T20:44:37.000Z,Q1b
all_weight_entries,Thundergod2007/vipragsent-phobert-checkpoints,model,campaigns/vipragsent-v7-compact-20260820-190bb0f24a7e75a8/SHARD_H100_MIG20_COMPACT/nb-170d4c47-8a39-47ad-9425-d231de44fc92-857677f648-2qn8f/science/checkpoints/q1b_train_vipragsent_full_phobert_20260522/immutable_boundaries/40C72EE624B3/epoch_005.pt,1648635452,23ce276e42d1aa78d217003d9575949c56d9865a,40c72ee624b3fe5721a00d56aa4cee886bf88775eaa85d4cde51a2683d7641de,1648635452,135,ac1f1bb91d9805fc68d80088c00a94575524861973b452c1235133e6f83c2917,65e84b5f68fdcfd395a461ba7e3bba516031c6da,2026-08-22T20:45:41.000Z,Q1b
all_weight_entries,Thundergod2007/vipragsent-phobert-checkpoints,model,campaigns/vipragsent-v7-compact-20260820-190bb0f24a7e75a8/SHARD_H100_MIG20_COMPACT/nb-170d4c47-8a39-47ad-9425-d231de44fc92-857677f648-2qn8f/science/checkpoints/q1b_train_vipragsent_full_phobert_20260522/immutable_boundaries/52190194FA5E/epoch_006.pt,1648635516,bdaf0445d22f78301ad8c5bcf619854f17ca9584,52190194fa5eb658c5c48ccdff1b8655c4b6e9052435faa20ca1ba275016e6a4,1648635516,135,5f594acb32f87b8dd785aba212cde68d0f1e5153715dff206554dbb93fb2e556,7e9eaaf8bba66295a15636752411710469dfc190,2026-08-22T20:46:46.000Z,Q1b
all_weight_entries,Thundergod2007/vipragsent-phobert-checkpoints,model,campaigns/vipragsent-v7-compact-20260820-190bb0f24a7e75a8/SHARD_H100_MIG20_COMPACT/nb-170d4c47-8a39-47ad-9425-d231de44fc92-857677f648-2qn8f/science/checkpoints/q1b_train_vipragsent_full_phobert_20260522/immutable_boundaries/839FD8CC4F77/epoch_003.pt,1648635196,8c6c7417fe67e4d1eeb7982ae562b5f4e6c85657,839fd8cc4f778a51cf4b62716f7d8734b9af4474acc80211873bd8c91cea2a12,1648635196,135,505f013dcae34178aa2edd7b1f42427a4c3c80a621a978bdd4a9d021d851d509,5fdf7d0c29ecbb28cb3bc5898c0db1e233d666aa,2026-08-22T20:43:31.000Z,Q1b
all_weight_entries,Thundergod2007/vipragsent-phobert-checkpoints,model,campaigns/vipragsent-v7-compact-20260820-190bb0f24a7e75a8/SHARD_H100_MIG20_COMPACT/nb-170d4c47-8a39-47ad-9425-d231de44fc92-857677f648-2qn8f/science/checkpoints/q1b_train_vipragsent_full_phobert_20260522/immutable_boundaries/9500D4612196/epoch_009.pt,1648635836,0d3649a48fe2b4ff53d4a6b66d72157b4af0c697,9500d4612196edf4d0a6c87261d3118c7d96d3dca74d7c998591fcbf8d517a3a,1648635836,135,89517bf1e809ab0533320745e3ebd27649ff9c9297bcfed0ad21bf817eebaa55,547be718a591b68900d08a578eb099efcc24b659,2026-08-22T20:50:02.000Z,Q1b
all_weight_entries,Thundergod2007/vipragsent-phobert-checkpoints,model,campaigns/vipragsent-v7-compact-20260820-190bb0f24a7e75a8/SHARD_H100_MIG20_COMPACT/nb-170d4c47-8a39-47ad-9425-d231de44fc92-857677f648-2qn8f/science/checkpoints/q1b_train_vipragsent_full_phobert_20260522/immutable_boundaries/C324647A4B33/epoch_002.pt,1648635132,d349d24305a324d7b9c56ec742ec9e00df3892c2,c324647a4b33147f8c3f469cdbaed067628fb886c1abf336f618da5939182680,1648635132,135,dd239884c414afa757df592a7d57779e99a80bf663ade5b890bccfb90ffa60c9,dfb685bf5edec6aa1fccbe08b66655c5797bfece,2026-08-22T20:42:25.000Z,Q1b
all_weight_entries,Thundergod2007/vipragsent-phobert-checkpoints,model,campaigns/vipragsent-v7-compact-20260820-190bb0f24a7e75a8/SHARD_H100_MIG20_COMPACT/nb-170d4c47-8a39-47ad-9425-d231de44fc92-857677f648-2qn8f/science/checkpoints/q1b_train_vipragsent_full_phobert_20260522/immutable_boundaries/CC9793AE06DB/epoch_001.pt,1648635004,5f2e207c0a0aa5d43775e4117d366123d2cc16ab,cc9793ae06db854f9f785f02e48c8549fd63cea4fb89cd32e54524af4e21f860,1648635004,135,f75b9e2912c9dfb832296259cc78ff71a2b716371ffa03b989fd4dca7b65745a,31ffae8018c8a731d63fa6f517f42b12a7086128,2026-08-22T20:41:21.000Z,Q1b
all_weight_entries,Thundergod2007/vipragsent-phobert-checkpoints,model,campaigns/vipragsent-v7-compact-20260820-190bb0f24a7e75a8/SHARD_H100_MIG20_COMPACT/nb-170d4c47-8a39-47ad-9425-d231de44fc92-857677f648-2qn8f/science/checkpoints/q1b_train_vipragsent_full_phobert_20260522/immutable_boundaries/D354FE2D8175/epoch_007.pt,1648635644,7acefc4ef53e7fbdf1ac07ed0ea14e4a966ace3f,d354fe2d81751347cfc1ce714a7d27991e23d9dd80234303ed1b5c747e1a37ab,1648635644,135,ac66b11b519d7d3de999db143490d9e29e93735ab7b8c02d3d2ad2270c1f1d83,ed4cb1bacc9fedd59d105878f34920653964ad22,2026-08-22T20:47:51.000Z,Q1b
all_weight_entries,Thundergod2007/vipragsent-phobert-checkpoints,model,campaigns/vipragsent-v7-compact-20260820-190bb0f24a7e75a8/SHARD_H100_MIG20_COMPACT/nb-170d4c47-8a39-47ad-9425-d231de44fc92-857677f648-2qn8f/science/checkpoints/q1b_train_vipragsent_full_phobert_20260522/immutable_boundaries/F0ABAADB51EC/epoch_008.pt,1648635772,43726a64b1d17f030065019b44ef25c1695e794c,f0abaadb51eca9024e827fc8ba20133a95b49291ec6b651222699d4093d52936,1648635772,135,9142b77c7f7d996a102e2437210d1304c4596198c9e1749fdbf0228fc9a2666d,6e50024b6709231ff6a02ab66f2bc778ffcba2bc,2026-08-22T20:48:56.000Z,Q1b
all_weight_entries,Thundergod2007/vipragsent-phobert-checkpoints,model,campaigns/vipragsent-v7-compact-20260820-190bb0f24a7e75a8/SHARD_H100_MIG20_COMPACT/nb-170d4c47-8a39-47ad-9425-d231de44fc92-857677f648-2qn8f/science/checkpoints/q1b_train_vipragsent_full_phobert_20260522/immutable_boundaries/F6FBD3F90AE8/epoch_010.pt,1648635964,ceb7d328ba10233ac29f1756fa861838b819f3fa,f6fbd3f90ae8b67997609992773510a8187dac2fdeca5c4a482bb889be3e6551,1648635964,135,f349f69a68be855bc5d34f23a1b9c8d031b3233668290739c71546f395c9d52a,fc2f397b0d7fc9c94c8d43c5c2b796b3d9497356,2026-08-22T20:51:08.000Z,Q1b
all_weight_entries,Thundergod2007/vipragsent-phobert-checkpoints,model,campaigns/vipragsent-v7-compact-20260820-190bb0f24a7e75a8/SHARD_H100_MIG20_COMPACT/nb-170d4c47-8a39-47ad-9425-d231de44fc92-857677f648-2qn8f/science/checkpoints/q1b_train_vipragsent_full_phobert_20260523/immutable_boundaries/0CB750E614B3/epoch_009.pt,1648635836,02cf4891196a34f78c74728a6885e83f1284527b,0cb750e614b394422c9a37b7f4e86f81b2ba40a5ee78fd54bdddd93aac9f5b9c,1648635836,135,197b7acdfd9be136553343bbb965ea4ecdbae4d647d8bccff68416ffbd4eb9e7,bc13de08efbe42d11a89e2fa66f2f35e6dac56b3,2026-08-22T21:02:33.000Z,Q1b
all_weight_entries,Thundergod2007/vipragsent-phobert-checkpoints,model,campaigns/vipragsent-v7-compact-20260820-190bb0f24a7e75a8/SHARD_H100_MIG20_COMPACT/nb-170d4c47-8a39-47ad-9425-d231de44fc92-857677f648-2qn8f/science/checkpoints/q1b_train_vipragsent_full_phobert_20260523/immutable_boundaries/13F6F2D40611/epoch_004.pt,1648635324,a690aff0a3e015cc7a187dd52831ade0ab31c0a4,13f6f2d4061135f8e36247c7083911a1ee3c5dba1028bd561e1ecd7f9bdd6aa8,1648635324,135,0de4b8b0a75c995d480ef07249e1c69cc02a79909fdb21eaa562a541be458cb5,837fc76a6c3dbf53ca0b2b1c2c78b748ee9e1f27,2026-08-22T20:57:10.000Z,Q1b
all_weight_entries,Thundergod2007/vipragsent-phobert-checkpoints,model,campaigns/vipragsent-v7-compact-20260820-190bb0f24a7e75a8/SHARD_H100_MIG20_COMPACT/nb-170d4c47-8a39-47ad-9425-d231de44fc92-857677f648-2qn8f/science/checkpoints/q1b_train_vipragsent_full_phobert_20260523/immutable_boundaries/338ECB3689E4/epoch_005.pt,1648635452,a27623bfc094dc4248150d79b619f553ac1a9258,338ecb3689e497a360918fe1d20571768707a4b44e4952f8e66d5fcef0bac152,1648635452,135,766ce3511f73280b141ca9cb90f2597cd6a5d61c511a12b96e6b6e74d9fdfa31,cc9ed2dfaa0041209aab00fe8bd1de66287d8a2b,2026-08-22T20:58:14.000Z,Q1b
all_weight_entries,Thundergod2007/vipragsent-phobert-checkpoints,model,campaigns/vipragsent-v7-compact-20260820-190bb0f24a7e75a8/SHARD_H100_MIG20_COMPACT/nb-170d4c47-8a39-47ad-9425-d231de44fc92-857677f648-2qn8f/science/checkpoints/q1b_train_vipragsent_full_phobert_20260523/immutable_boundaries/41080F75487A/epoch_002.pt,1648635132,d6020486f4fe7c04eb0cfa0ebac5569fb9002b0e,41080f75487ac6f626e9b323f71cf11f05a6b53039420c45012f6eb65ba71c95,1648635132,135,6d601a0373e7d61107ced1b11085d41f5a4c21114a405c69014811e668510bf1,a710623efc011d1c4b8f51516fea4b055ba0387d,2026-08-22T20:54:59.000Z,Q1b
all_weight_entries,Thundergod2007/vipragsent-phobert-checkpoints,model,campaigns/vipragsent-v7-compact-20260820-190bb0f24a7e75a8/SHARD_H100_MIG20_COMPACT/nb-170d4c47-8a39-47ad-9425-d231de44fc92-857677f648-2qn8f/science/checkpoints/q1b_train_vipragsent_full_phobert_20260523/immutable_boundaries/B3149F4950A5/epoch_008.pt,1648635772,bb4eb20a83ac573e7b3fe8270bd23fa748e15f86,b3149f4950a5ed87969e43fd103bcc52eb4c68ec13fddb80d946cb243d451130,1648635772,135,97eccd8e372029e2ca336f5eaa5611411fbdc8172a581860dee45466778bd8f7,403486b56cfe0f9d130e91b6018e3083228677cf,2026-08-22T21:01:24.000Z,Q1b
all_weight_entries,Thundergod2007/vipragsent-phobert-checkpoints,model,campaigns/vipragsent-v7-compact-20260820-190bb0f24a7e75a8/SHARD_H100_MIG20_COMPACT/nb-170d4c47-8a39-47ad-9425-d231de44fc92-857677f648-2qn8f/science/checkpoints/q1b_train_vipragsent_full_phobert_20260523/immutable_boundaries/BBB94F45EEF7/epoch_007.pt,1648635644,3caa093ee65415e6e14ae7d2019b1f4f9fd85e27,bbb94f45eef769d3d65cf8896d878bb13c77e62691282a27f7ec9ab4a364ccef,1648635644,135,9969bae6d0ea8408ed99d80cb5d55a4daab89e77a8dfe2cd5a0e8c45222416d5,770c38216c8101ee3f835b0e94ae96f974d6c224,2026-08-22T21:00:21.000Z,Q1b
all_weight_entries,Thundergod2007/vipragsent-phobert-checkpoints,model,campaigns/vipragsent-v7-compact-20260820-190bb0f24a7e75a8/SHARD_H100_MIG20_COMPACT/nb-170d4c47-8a39-47ad-9425-d231de44fc92-857677f648-2qn8f/science/checkpoints/q1b_train_vipragsent_full_phobert_20260523/immutable_boundaries/D783502949AE/epoch_006.pt,1648635516,2c638f3e7ea782ce9474573679bb9e46d4b5463b,d783502949ae30b970a2d21f53591ef9d62a36da07d546c23118b7605e97c05c,1648635516,135,8edc48b9d926ef29730ffed705dbf40e2085e0ae21b3c07ba101cf6a2670478f,99a21c66a47084400db8dd9aaf1d91f9669ecccc,2026-08-22T20:59:18.000Z,Q1b
all_weight_entries,Thundergod2007/vipragsent-phobert-checkpoints,model,campaigns/vipragsent-v7-compact-20260820-190bb0f24a7e75a8/SHARD_H100_MIG20_COMPACT/nb-170d4c47-8a39-47ad-9425-d231de44fc92-857677f648-2qn8f/science/checkpoints/q1b_train_vipragsent_full_phobert_20260523/immutable_boundaries/F65157CD5CF0/epoch_001.pt,1648635004,c20273df2e200031ea144525a69c51312897533e,f65157cd5cf0b67fafb69ea3d9cb6dea083e5e5cddf3c83516599242e9f631ae,1648635004,135,c0eeade880a8701f0e955d98d4474f3873b4e1108a36ace350218b1fbf1242f1,621acec7183fe75e3192e884378c5efa9cdae61b,2026-08-22T20:53:55.000Z,Q1b
all_weight_entries,Thundergod2007/vipragsent-phobert-checkpoints,model,campaigns/vipragsent-v7-compact-20260820-190bb0f24a7e75a8/SHARD_H100_MIG20_COMPACT/nb-170d4c47-8a39-47ad-9425-d231de44fc92-857677f648-2qn8f/science/checkpoints/q1b_train_vipragsent_full_phobert_20260523/immutable_boundaries/F6CB72A811CD/epoch_010.pt,1648635964,55aab5d343a68c17cddfd6ba9b4acdc62b11db5d,f6cb72a811cd1e2830c8bee1ebc41fba37be43e2613fc4f1d3389672bdcb8122,1648635964,135,00a6778d5d9dd4381a00838761afb0c7a592f76f29388d892b039e07a91daeb8,6dac318bdebfc956a077a1bf3352b2f7497afd8d,2026-08-22T21:03:39.000Z,Q1b
all_weight_entries,Thundergod2007/vipragsent-phobert-checkpoints,model,campaigns/vipragsent-v7-compact-20260820-190bb0f24a7e75a8/SHARD_H100_MIG20_COMPACT/nb-170d4c47-8a39-47ad-9425-d231de44fc92-857677f648-2qn8f/science/checkpoints/q1b_train_vipragsent_full_phobert_20260523/immutable_boundaries/FF2A40670AF0/epoch_003.pt,1648635196,054f95165cfbf56c4be4552a61610ce13a80ec45,ff2a40670af0e98ff37edbb8b5b3b9ed2c9b38a94248b945fd2c1077874e775c,1648635196,135,577be2ed465cace2146ec566480e145e0330a30602d34fb19404b59a0bd086ff,8eb8cca2f1a59b1398216d32a231630824fdd70d,2026-08-22T20:56:07.000Z,Q1b
all_weight_entries,Thundergod2007/vipragsent-phobert-checkpoints,model,campaigns/vipragsent-v7-compact-20260820-190bb0f24a7e75a8/SHARD_H100_MIG20_COMPACT/nb-170d4c47-8a39-47ad-9425-d231de44fc92-857677f648-2qn8f/science/checkpoints/q1b_train_xlmr_multitask_8head_20260521/immutable_boundaries/0D046F4C2F96/epoch_002.pt,6837507519,ecff514503adb11d51a32aa47ef04a9f1443e7e8,0d046f4c2f96a2ed4dd5aec87a7d4eeb81b5f34d16545e4e6b4d3b72f6bc4b4c,6837507519,135,230210672f742d9dfe624a4cb8919126b840f89642ee91309f3a6b4636d4986d,36437ea3a30208cb97a5d93d79ec234892cd660a,2026-08-22T18:54:52.000Z,Q1b
all_weight_entries,Thundergod2007/vipragsent-phobert-checkpoints,model,campaigns/vipragsent-v7-compact-20260820-190bb0f24a7e75a8/SHARD_H100_MIG20_COMPACT/nb-170d4c47-8a39-47ad-9425-d231de44fc92-857677f648-2qn8f/science/checkpoints/q1b_train_xlmr_multitask_8head_20260521/immutable_boundaries/24A9B7DF6A09/epoch_005.pt,6837507839,be38d873ae3cb4ea5caee5f4162dcf31951883ff,24a9b7df6a0976244b28018fbfe701b8b0ac71a8e24d76102dc30baaeb0c160d,6837507839,135,4577ed3857d2e91256273d2aa8e4b0cd92943455a873abd913b2d0928711cbab,d0cf1cb3d349512e2ba4836169dfdb3e61f97977,2026-08-22T19:07:06.000Z,Q1b
all_weight_entries,Thundergod2007/vipragsent-phobert-checkpoints,model,campaigns/vipragsent-v7-compact-20260820-190bb0f24a7e75a8/SHARD_H100_MIG20_COMPACT/nb-170d4c47-8a39-47ad-9425-d231de44fc92-857677f648-2qn8f/science/checkpoints/q1b_train_xlmr_multitask_8head_20260521/immutable_boundaries/3BE6A379238B/epoch_010.pt,6837508351,f94b7871ab4348cf6ae8c182dc0892a06fc38a58,3be6a379238bb3f5ffaa3228975ed9ab35869eb7a0920b823b34ac66beb3d4c8,6837508351,135,616ad36162b657f793e3c365e2608d5b692324abc439f2d1cb320b94bd310afd,951eddbb3a8d451a349908d77bee7f0dd9e8e383,2026-08-22T19:28:40.000Z,Q1b
all_weight_entries,Thundergod2007/vipragsent-phobert-checkpoints,model,campaigns/vipragsent-v7-compact-20260820-190bb0f24a7e75a8/SHARD_H100_MIG20_COMPACT/nb-170d4c47-8a39-47ad-9425-d231de44fc92-857677f648-2qn8f/science/checkpoints/q1b_train_xlmr_multitask_8head_20260521/immutable_boundaries/4FC8F3DCC961/epoch_007.pt,6837508031,b08f3181f52df1222e26c37a1e53d00243a29a32,4fc8f3dcc961a364e1031b97819710943db8a04040537dbac3ad844a292da7de,6837508031,135,e4cdc80260ae2573f5bed7647a1d34d3a786b5b855812cd79be1a033290fece9,cd947892884e3b3b72c8330f1c30ed950154a461,2026-08-22T19:15:46.000Z,Q1b
all_weight_entries,Thundergod2007/vipragsent-phobert-checkpoints,model,campaigns/vipragsent-v7-compact-20260820-190bb0f24a7e75a8/SHARD_H100_MIG20_COMPACT/nb-170d4c47-8a39-47ad-9425-d231de44fc92-857677f648-2qn8f/science/checkpoints/q1b_train_xlmr_multitask_8head_20260521/immutable_boundaries/65B974278E24/epoch_003.pt,6837507583,b3fed8670aea5e7fa2daaa970801b129f0441dc0,65b974278e24ad9b770cdcf7d85742afff02bc5de94b566ff34bafa462dfcf6e,6837507583,135,8386b43a2a0bae09ed777b0c334519e5412a2e71ffebae1a4d1e0b9e9d0e731b,b6647f3bde08afd0ac583585f65302d50bb5baa8,2026-08-22T18:58:56.000Z,Q1b
all_weight_entries,Thundergod2007/vipragsent-phobert-checkpoints,model,campaigns/vipragsent-v7-compact-20260820-190bb0f24a7e75a8/SHARD_H100_MIG20_COMPACT/nb-170d4c47-8a39-47ad-9425-d231de44fc92-857677f648-2qn8f/science/checkpoints/q1b_train_xlmr_multitask_8head_20260521/immutable_boundaries/79E59F6226DB/epoch_008.pt,6837508159,1fe3e996da012f7d2844a5ee55c5bde3935eeba6,79e59f6226db2fe1807485883dff5dfed2804e64d75524948c385979df5a3655,6837508159,135,ced161eb972b7836880c98a210d1dfbbbcc57b76987c492ba65937b50e8eae74,739adf7577fdad1d33e962b5e5a691de0d3343c8,2026-08-22T19:20:13.000Z,Q1b
all_weight_entries,Thundergod2007/vipragsent-phobert-checkpoints,model,campaigns/vipragsent-v7-compact-20260820-190bb0f24a7e75a8/SHARD_H100_MIG20_COMPACT/nb-170d4c47-8a39-47ad-9425-d231de44fc92-857677f648-2qn8f/science/checkpoints/q1b_train_xlmr_multitask_8head_20260521/immutable_boundaries/889A3EC4F64C/epoch_006.pt,6837507903,a62cd73345244060b9edaa1f037351dec9c37284,889a3ec4f64cb0334acbfe267804342b96565ce5bd01d231ea6588f91595454b,6837507903,135,932696474fbd897a9b73594efcfc3e50e7aa895fb1448463832cd9aeee5dc322,a08b86ebec5147c278ad01d1710850bbff89a1d4,2026-08-22T19:11:16.000Z,Q1b
all_weight_entries,Thundergod2007/vipragsent-phobert-checkpoints,model,campaigns/vipragsent-v7-compact-20260820-190bb0f24a7e75a8/SHARD_H100_MIG20_COMPACT/nb-170d4c47-8a39-47ad-9425-d231de44fc92-857677f648-2qn8f/science/checkpoints/q1b_train_xlmr_multitask_8head_20260521/immutable_boundaries/BAB3DE585937/epoch_004.pt,6837507711,35554bfda5f87e4a2a1dcbd1dbbbba1202139010,bab3de58593743c83e9dd6e4382c7a09eee5f42bf22a03f8314dba02a3e6151a,6837507711,135,bb0dee27a84307efbea568a5a68a202b51ef72a5f80117afc6c8ef7733daeb8b,ac6345f979a5f0c9168cfc5067c32e5a45e9d65c,2026-08-22T19:03:00.000Z,Q1b
all_weight_entries,Thundergod2007/vipragsent-phobert-checkpoints,model,campaigns/vipragsent-v7-compact-20260820-190bb0f24a7e75a8/SHARD_H100_MIG20_COMPACT/nb-170d4c47-8a39-47ad-9425-d231de44fc92-857677f648-2qn8f/science/checkpoints/q1b_train_xlmr_multitask_8head_20260521/immutable_boundaries/C3830CDA7E8D/epoch_001.pt,6837507391,13b9842e42a5738dce0fc17a8ee9de7cd56bf4f0,c3830cda7e8d318be5c077e7964f673b45da46d8740356b37fa77ea49382fd6c,6837507391,135,f6ec42332258d0921d6ac347a6b02ccf0cea9e801283cd3c6f23c9a49983b64b,9cc516cfee9bce8046e77733db8c97506a2bd5da,2026-08-22T18:50:45.000Z,Q1b
all_weight_entries,Thundergod2007/vipragsent-phobert-checkpoints,model,campaigns/vipragsent-v7-compact-20260820-190bb0f24a7e75a8/SHARD_H100_MIG20_COMPACT/nb-170d4c47-8a39-47ad-9425-d231de44fc92-857677f648-2qn8f/science/checkpoints/q1b_train_xlmr_multitask_8head_20260521/immutable_boundaries/EF03DD0B273E/epoch_009.pt,6837508223,049f738e37481e296398ebbfa634a1cef083caa9,ef03dd0b273e7ca449f91018707201f7809de70c2a68554a52535706234fb06d,6837508223,135,ed6dfc1c92f5084fa41e9e7cbd81901125e8e9e0e43673ea3c70e62ff38182df,3871829b4c73562727c0d96cc50a96ad71510a95,2026-08-22T19:24:33.000Z,Q1b
all_weight_entries,Thundergod2007/vipragsent-phobert-checkpoints,model,campaigns/vipragsent-v7-compact-20260820-190bb0f24a7e75a8/SHARD_H100_MIG20_COMPACT/nb-170d4c47-8a39-47ad-9425-d231de44fc92-857677f648-2qn8f/science/checkpoints/q1b_train_xlmr_multitask_8head_20260522/immutable_boundaries/0D0B4F7EACC4/epoch_002.pt,6837507647,1d8a37affd8d101469226de8720442e0eea7ce7e,0d0b4f7eacc47753a1d26da868d23fc903c11219892a142495157b42e1b83c36,6837507647,135,de724a3de4417985a14b8eb97e404a3501f28b848f5d9d1df93e000a3d6ce707,b4d2363f12e7ab6f88847bac27cc273b86e6e7d7,2026-08-22T19:46:24.000Z,Q1b
all_weight_entries,Thundergod2007/vipragsent-phobert-checkpoints,model,campaigns/vipragsent-v7-compact-20260820-190bb0f24a7e75a8/SHARD_H100_MIG20_COMPACT/nb-170d4c47-8a39-47ad-9425-d231de44fc92-857677f648-2qn8f/science/checkpoints/q1b_train_xlmr_multitask_8head_20260522/immutable_boundaries/261EBFD41B43/epoch_006.pt,6837508031,10e6157ddc2294b16edda66bb3959c81cf61a20a,261ebfd41b43694e355ac806794bc55fb1b473c92491536a79beaf6a195def63,6837508031,135,c3580d4c100c8009bb04e64e977583f1311d4ee5f1803c0e7d99b9df69e1ecdc,0d8a7c935d79ec06d0df7976ddf9c9438b946957,2026-08-22T20:01:44.000Z,Q1b
all_weight_entries,Thundergod2007/vipragsent-phobert-checkpoints,model,campaigns/vipragsent-v7-compact-20260820-190bb0f24a7e75a8/SHARD_H100_MIG20_COMPACT/nb-170d4c47-8a39-47ad-9425-d231de44fc92-857677f648-2qn8f/science/checkpoints/q1b_train_xlmr_multitask_8head_20260522/immutable_boundaries/56230F8C627C/epoch_007.pt,6837508159,f4245a610a997f06030d4ba98a6bd9a4e94b6d3f,56230f8c627c36d73aa2f279dcf75eb43dee5ad98a65cafbc7d8a5694261db52,6837508159,135,8a71ef2df1af4b8413b2dff06edb604ea3c995b336d1fd44e959a482f67173f4,6d4ac6540326833ecf0a5163ce1dff6805232d74,2026-08-22T20:05:33.000Z,Q1b
all_weight_entries,Thundergod2007/vipragsent-phobert-checkpoints,model,campaigns/vipragsent-v7-compact-20260820-190bb0f24a7e75a8/SHARD_H100_MIG20_COMPACT/nb-170d4c47-8a39-47ad-9425-d231de44fc92-857677f648-2qn8f/science/checkpoints/q1b_train_xlmr_multitask_8head_20260522/immutable_boundaries/634F03587932/epoch_008.pt,6837508287,9f3626fba2e2894afaf4bde33e398f19905c3fbf,634f0358793255d88df5577bd215d6a0a71c155761baf5976b532ad4616d4e70,6837508287,135,f49734b97ea0e83656ae0907fc7c88ab4b9da9acfe7ff854fc763bdbf96bb198,2d1b6f7346e2e4750153dc1a23634c7d131ff7c1,2026-08-22T20:09:21.000Z,Q1b
all_weight_entries,Thundergod2007/vipragsent-phobert-checkpoints,model,campaigns/vipragsent-v7-compact-20260820-190bb0f24a7e75a8/SHARD_H100_MIG20_COMPACT/nb-170d4c47-8a39-47ad-9425-d231de44fc92-857677f648-2qn8f/science/checkpoints/q1b_train_xlmr_multitask_8head_20260522/immutable_boundaries/71104228D384/epoch_005.pt,6837507967,0aaade38dc2c21aab7a4c9b3e1ef43849dc3d2b4,71104228d384ae4f500644a3b5884fb4d5cf582edbd939b8cd296ad91b1f6185,6837507967,135,7daedf95c5146bbc7862d231cb10ec9cda00090b8e7f7a0c11c21ffcad535d74,cbbee597007e8118c5f38e6cb1c1d0c406dcc074,2026-08-22T19:57:59.000Z,Q1b
all_weight_entries,Thundergod2007/vipragsent-phobert-checkpoints,model,campaigns/vipragsent-v7-compact-20260820-190bb0f24a7e75a8/SHARD_H100_MIG20_COMPACT/nb-170d4c47-8a39-47ad-9425-d231de44fc92-857677f648-2qn8f/science/checkpoints/q1b_train_xlmr_multitask_8head_20260522/immutable_boundaries/8918F3963C2B/epoch_003.pt,6837507711,5b1cb89463fdbe85d58597966eace23c8b3d0187,8918f3963c2b3cf193cc91709120af0da0211ed5bfc20325edf5526887ef905a,6837507711,135,35293a7d8dcd7bda7eec128c78d3dac0cfa6031a8a946acf554c3cd8b69987f4,db40f754f1804ec784c1945ff6506f97bda1a312,2026-08-22T19:50:10.000Z,Q1b
all_weight_entries,Thundergod2007/vipragsent-phobert-checkpoints,model,campaigns/vipragsent-v7-compact-20260820-190bb0f24a7e75a8/SHARD_H100_MIG20_COMPACT/nb-170d4c47-8a39-47ad-9425-d231de44fc92-857677f648-2qn8f/science/checkpoints/q1b_train_xlmr_multitask_8head_20260522/immutable_boundaries/8E4C140BB661/epoch_001.pt,6837507519,3ca901e31a38f594499874f31e3e079a91b846f5,8e4c140bb66135a16d0265aad789446cbe02042d6a6c997eabd48b241fdc901a,6837507519,135,9268563b1e39e49813debeb2dd73224690f2573bbb778f9788b9030b608c4d9d,1bf59973baf0ecf2e1090c6fd9df6f96e6e13ba9,2026-08-22T19:42:24.000Z,Q1b
all_weight_entries,Thundergod2007/vipragsent-phobert-checkpoints,model,campaigns/vipragsent-v7-compact-20260820-190bb0f24a7e75a8/SHARD_H100_MIG20_COMPACT/nb-170d4c47-8a39-47ad-9425-d231de44fc92-857677f648-2qn8f/science/checkpoints/q1b_train_xlmr_multitask_8head_20260522/immutable_boundaries/91C6A348EEDD/epoch_004.pt,6837507839,bcbde67ed1f267113b71c89bd4705c2748319b9b,91c6a348eedd324e49cc197649834de324ce3adb707abb7b361723b343fc625a,6837507839,135,c97207b2b40df217bcdb5e818fefda7089b6d2632979b3c761554fe9744093a0,40203ec24ff03d570b61f43c7235c6f0fbf98477,2026-08-22T19:54:04.000Z,Q1b
all_weight_entries,Thundergod2007/vipragsent-phobert-checkpoints,model,campaigns/vipragsent-v7-compact-20260820-190bb0f24a7e75a8/SHARD_H100_MIG20_COMPACT/nb-170d4c47-8a39-47ad-9425-d231de44fc92-857677f648-2qn8f/science/checkpoints/q1b_train_xlmr_multitask_8head_20260522/immutable_boundaries/DD7437A31E55/epoch_009.pt,6837508351,4ffdb148a61da89e050bcce8bf9851fa23a6f0f9,dd7437a31e55e02e0db117662c085eaa00a620c50e62036ee6c3abbd2f160492,6837508351,135,e1b2952f8f3699bf2171d6bfa4d2c378a159f8ee9e45badb224c80fa1eab8e39,c470c890f5be9b314979d2478826c4b82f67d3ec,2026-08-22T20:13:13.000Z,Q1b
all_weight_entries,Thundergod2007/vipragsent-phobert-checkpoints,model,campaigns/vipragsent-v7-compact-20260820-190bb0f24a7e75a8/SHARD_H100_MIG20_COMPACT/nb-170d4c47-8a39-47ad-9425-d231de44fc92-857677f648-2qn8f/science/checkpoints/q1b_train_xlmr_multitask_8head_20260522/immutable_boundaries/EBDD43879533/epoch_010.pt,6837508479,e093d48eaae068b003c33f644b45c6723a2f8052,ebdd43879533215694804d70e8889a84db2b8bda8e94b68012f73f8a81ef5437,6837508479,135,37198c8f3e7d71885039e1df09c3291b4f2113fe190af93eb63bd013229965c1,e7921f9d3cec94080dc56f0295b7b583542fd621,2026-08-22T20:17:07.000Z,Q1b
all_weight_entries,Thundergod2007/vipragsent-phobert-checkpoints,model,campaigns/vipragsent-v7-compact-20260820-190bb0f24a7e75a8/SHARD_H100_MIG20_COMPACT/nb-170d4c47-8a39-47ad-9425-d231de44fc92-857677f648-2qn8f/science/checkpoints/q1b_train_xlmr_multitask_8head_20260523/immutable_boundaries/018852A51A5B/epoch_003.pt,6837507711,f6a22ec0a89bbdc23f36bea4f970926aacac03a4,018852a51a5b9a9867848e7769094e717b3ff98ad40fbaafc91b012058760749,6837507711,135,d8a1e7ae83c8849e880943c306b137bca862ec5191cd6f31df864e610b064e37,735c19916a3b1b1a1b5cbf5e2fd7f8a997b25917,2026-08-22T21:20:53.000Z,Q1b
all_weight_entries,Thundergod2007/vipragsent-phobert-checkpoints,model,campaigns/vipragsent-v7-compact-20260820-190bb0f24a7e75a8/SHARD_H100_MIG20_COMPACT/nb-170d4c47-8a39-47ad-9425-d231de44fc92-857677f648-2qn8f/science/checkpoints/q1b_train_xlmr_multitask_8head_20260523/immutable_boundaries/149118527AA0/epoch_006.pt,6837508031,7f32e1813a1c8d24f79755afdf5cdfcbe2424e9e,149118527aa0d4a419b012947a17c7555f60e3bda19913c5b3ba38f18cfa5854,6837508031,135,3377076a37ecd9e128a27274d67785ea7357cc2406ab1dbbfb23fc1699addea3,4d0e8cf65e25967e249127523839f0d17a53237e,2026-08-22T21:33:20.000Z,Q1b
all_weight_entries,Thundergod2007/vipragsent-phobert-checkpoints,model,campaigns/vipragsent-v7-compact-20260820-190bb0f24a7e75a8/SHARD_H100_MIG20_COMPACT/nb-170d4c47-8a39-47ad-9425-d231de44fc92-857677f648-2qn8f/science/checkpoints/q1b_train_xlmr_multitask_8head_20260523/immutable_boundaries/1AA633D2E056/epoch_002.pt,6837507647,c268449ed0b70f528685b9f96d4a9ecff60e11bd,1aa633d2e05690323cda6a9d5311c440c3aea94effc41cd32044215cbea5158a,6837507647,135,979eaf935eeaed359cc82ed82bbef67182405e9a8f6534b42989a1496cb469e7,c1c63a32eaa40234734bec88ed6743da19f378e5,2026-08-22T21:16:39.000Z,Q1b
all_weight_entries,Thundergod2007/vipragsent-phobert-checkpoints,model,campaigns/vipragsent-v7-compact-20260820-190bb0f24a7e75a8/SHARD_H100_MIG20_COMPACT/nb-170d4c47-8a39-47ad-9425-d231de44fc92-857677f648-2qn8f/science/checkpoints/q1b_train_xlmr_multitask_8head_20260523/immutable_boundaries/52C817ED6756/epoch_005.pt,6837507967,92bcc2490ddd2d4b7c68540801d24fa3ad1d2617,52c817ed6756911eb289557d1cfd95fb27a01f6dcca64e17cbbbc61432585069,6837507967,135,ce3623f0a6092d0b34a5ecf3f4ec181e9919226440681182edb7b130b6e6a9e1,bf84065c7df40a58e66c79fdbb0656df6bd5f1c2,2026-08-22T21:29:13.000Z,Q1b
all_weight_entries,Thundergod2007/vipragsent-phobert-checkpoints,model,campaigns/vipragsent-v7-compact-20260820-190bb0f24a7e75a8/SHARD_H100_MIG20_COMPACT/nb-170d4c47-8a39-47ad-9425-d231de44fc92-857677f648-2qn8f/science/checkpoints/q1b_train_xlmr_multitask_8head_20260523/immutable_boundaries/B1A48D54ECBB/epoch_004.pt,6837507839,c7709687de0ca4f7c0b6418b1125185f9d5261e9,b1a48d54ecbb3f2624c2a438c7e92dcb33a3ff2c53b6c8195c2827f1b0bd0b6b,6837507839,135,a2e4acaaf42a2d3498785d00d65f353ad0052a2b154136db03ced007f70a787b,5f928b8c4d74594f8a6652bd320f958b45de93a1,2026-08-22T21:25:06.000Z,Q1b
all_weight_entries,Thundergod2007/vipragsent-phobert-checkpoints,model,campaigns/vipragsent-v7-compact-20260820-190bb0f24a7e75a8/SHARD_H100_MIG20_COMPACT/nb-170d4c47-8a39-47ad-9425-d231de44fc92-857677f648-2qn8f/science/checkpoints/q1b_train_xlmr_multitask_8head_20260523/immutable_boundaries/D52A62994243/epoch_007.pt,6837508159,94e939d97bb1b07d7254df4fcb3d6e0fdcf1c59e,d52a62994243b46a15184be20402af44ab3142a5ecc524822d7fae2c71ccd9a3,6837508159,135,a52e46c73ea4664f815da4fbf60b76df5dec0d70ebd5cc55eb0a32517ae09751,a98ad8bcca31f3dcd24f6825e6d86778867e7c53,2026-08-22T21:37:28.000Z,Q1b
all_weight_entries,Thundergod2007/vipragsent-phobert-checkpoints,model,campaigns/vipragsent-v7-compact-20260820-190bb0f24a7e75a8/SHARD_H100_MIG20_COMPACT/nb-170d4c47-8a39-47ad-9425-d231de44fc92-857677f648-2qn8f/science/checkpoints/q1b_train_xlmr_multitask_8head_20260523/immutable_boundaries/D8C58A83E453/epoch_001.pt,6837507519,13727f7fc173de0c3956a3f2041fc046d615c8b4,d8c58a83e453feaf996168e02a06b186d54630b197df627f887024eafa1e6d94,6837507519,135,0048ca5d10e21cb836391c91a1ccdc3ccecadcac6becb94e3353bf3c2a7193e6,98d4569848914e72f87ea4748bb68b35fd4520f2,2026-08-22T21:12:22.000Z,Q1b
all_weight_entries,Thundergod2007/vipragsent-phobert-checkpoints,model,campaigns/vipragsent-v7-compact-20260820-190bb0f24a7e75a8/SHARD_H100_MIG20_COMPACT/nb-170d4c47-8a39-47ad-9425-d231de44fc92-857677f648-2qn8f/science/checkpoints/q2_full_20260521/immutable_boundaries/0605EDB7C290/epoch_008.pt,1719235066,b3a218be1174a5ea26359c22467dffd965e33706,0605edb7c290c4c3987cd326532e0fda639e7c4cc57ca5b0530ce01463a05a38,1719235066,135,a8e39320b1388771360345150b31d83c4e7d9020e6cabe38da31bbfe43520cd5,c74faf7ae80bb07b46db48774b61cd95ab47cdbb,2026-08-22T22:43:48.000Z,Q2
all_weight_entries,Thundergod2007/vipragsent-phobert-checkpoints,model,campaigns/vipragsent-v7-compact-20260820-190bb0f24a7e75a8/SHARD_H100_MIG20_COMPACT/nb-170d4c47-8a39-47ad-9425-d231de44fc92-857677f648-2qn8f/science/checkpoints/q2_full_20260521/immutable_boundaries/06EF53C4B3DB/epoch_002.pt,1719234426,7734ef343c60ab8efe7214d1f37999ad1809773a,06ef53c4b3dbc330de137ad31d397b046b53f13bf59fd205d8d93b9820c5f126,1719234426,135,e5766d63970a460ac8f419d001e8289ec8118246ce3afbe756f5e3c4714246ed,1559ab35a3db27a988fcddff2522c6dd6ead04bb,2026-08-22T22:37:23.000Z,Q2
all_weight_entries,Thundergod2007/vipragsent-phobert-checkpoints,model,campaigns/vipragsent-v7-compact-20260820-190bb0f24a7e75a8/SHARD_H100_MIG20_COMPACT/nb-170d4c47-8a39-47ad-9425-d231de44fc92-857677f648-2qn8f/science/checkpoints/q2_full_20260521/immutable_boundaries/0B79D2ADA3C7/epoch_003.pt,1719234554,860200321d3c769fd8423ba5aae40714de0fae58,0b79d2ada3c75e7dbf710ee79278655df4d8021aea368eaa6a525c23d862be18,1719234554,135,31927c590e5dc2d2bf49cab884da2dc827c032a60714c00e3b6a33c20e41232a,2c0fbfb2a138ca529f7e19a2b1312b447ed27c16,2026-08-22T22:38:24.000Z,Q2
all_weight_entries,Thundergod2007/vipragsent-phobert-checkpoints,model,campaigns/vipragsent-v7-compact-20260820-190bb0f24a7e75a8/SHARD_H100_MIG20_COMPACT/nb-170d4c47-8a39-47ad-9425-d231de44fc92-857677f648-2qn8f/science/checkpoints/q2_full_20260521/immutable_boundaries/201D830CB81B/epoch_001.pt,1719234362,52f1db3e15f4e41188ed4ca40100d5f8eaca27f3,201d830cb81b1b8e8ca93ded653ebeac6690899efdf0fcb3931020710540deb7,1719234362,135,c45b4bec4f6b98357dbf74d7eb50582723e969361180234e5daf6b6452875d22,4fe5a6aa24b67f544cf5bcfa3af003ca0886d8ac,2026-08-22T22:36:21.000Z,Q2
all_weight_entries,Thundergod2007/vipragsent-phobert-checkpoints,model,campaigns/vipragsent-v7-compact-20260820-190bb0f24a7e75a8/SHARD_H100_MIG20_COMPACT/nb-170d4c47-8a39-47ad-9425-d231de44fc92-857677f648-2qn8f/science/checkpoints/q2_full_20260521/immutable_boundaries/496E95931FF5/epoch_009.pt,1719235194,0c674999f28b5077044256d138dc8e5b2c31f390,496e95931ff5347551402bf809349ab62e92788c7165704888a1fbb3ec70dd84,1719235194,135,be5d1f427b02e4ffc35569102b30636082d38d441341e8b9d0875c3031ac15bf,b6dabe93937da8b65e5088581c35790b5c2d4128,2026-08-22T22:44:54.000Z,Q2
all_weight_entries,Thundergod2007/vipragsent-phobert-checkpoints,model,campaigns/vipragsent-v7-compact-20260820-190bb0f24a7e75a8/SHARD_H100_MIG20_COMPACT/nb-170d4c47-8a39-47ad-9425-d231de44fc92-857677f648-2qn8f/science/checkpoints/q2_full_20260521/immutable_boundaries/75298410CD65/epoch_005.pt,1719234746,072a179f77664e60d1eccc43c6617ee2c5e1bd19,75298410cd651a4cc852a8721faf8407db1a1553ec38bbdeb2b9c8e4bf9aab37,1719234746,135,eb36e421cebfcc6f7ceec0227e9972dc4818f49e41975a78617c060ef8f1eb13,0e584c65bd5126045601599ccd21789c58f337ef,2026-08-22T22:40:34.000Z,Q2
all_weight_entries,Thundergod2007/vipragsent-phobert-checkpoints,model,campaigns/vipragsent-v7-compact-20260820-190bb0f24a7e75a8/SHARD_H100_MIG20_COMPACT/nb-170d4c47-8a39-47ad-9425-d231de44fc92-857677f648-2qn8f/science/checkpoints/q2_full_20260521/immutable_boundaries/99062FDB73E3/epoch_010.pt,1719235322,12cfa18c0be3164214c8b3e86fd6b2da2bd46a09,99062fdb73e3ddfaf36b502f598bc32410f944357d999fe2aec2b13cb2d8ad5a,1719235322,135,f54f30e80787c85a6ca9e627da2ff9d8b951f51e5f504cb631534c6467692e41,2611cdab3cf9fe5ce34708e3ae8656bf969cc833,2026-08-22T22:45:56.000Z,Q2
all_weight_entries,Thundergod2007/vipragsent-phobert-checkpoints,model,campaigns/vipragsent-v7-compact-20260820-190bb0f24a7e75a8/SHARD_H100_MIG20_COMPACT/nb-170d4c47-8a39-47ad-9425-d231de44fc92-857677f648-2qn8f/science/checkpoints/q2_full_20260521/immutable_boundaries/B91FCAA42599/epoch_004.pt,1719234682,5962f9c061dabc17f389f4b8202da601d1d9adb0,b91fcaa42599d61b52af2a42aa985dbd498c9535bcb948862b0ed36d2681b8b2,1719234682,135,c7aa1d9855ec094392d2b48e378261d568b636c8536d75155fc279c617c3e805,4c48d030bedaa1778bf68b7c1f776edf94f47f68,2026-08-22T22:39:32.000Z,Q2
all_weight_entries,Thundergod2007/vipragsent-phobert-checkpoints,model,campaigns/vipragsent-v7-compact-20260820-190bb0f24a7e75a8/SHARD_H100_MIG20_COMPACT/nb-170d4c47-8a39-47ad-9425-d231de44fc92-857677f648-2qn8f/science/checkpoints/q2_full_20260521/immutable_boundaries/CBFFB4B9A028/epoch_006.pt,1719234874,c6e882912c2d5da6f87ecf1aea316f8deb4bc05c,cbffb4b9a02878bcdfbf25e5cf9a587fe36002939baeaa5ad614868bce8dd97a,1719234874,135,9500658ba6834d7e52e2d3b1a5072569fdb162bd6f073afea718fc38652ba6a2,ba8d25e4199c84ab4b99ef1f8c7872a522a843bc,2026-08-22T22:41:38.000Z,Q2
all_weight_entries,Thundergod2007/vipragsent-phobert-checkpoints,model,campaigns/vipragsent-v7-compact-20260820-190bb0f24a7e75a8/SHARD_H100_MIG20_COMPACT/nb-170d4c47-8a39-47ad-9425-d231de44fc92-857677f648-2qn8f/science/checkpoints/q2_full_20260521/immutable_boundaries/F3E1369554FD/epoch_007.pt,1719235002,eed72b0bbd75cb6f9c49f52db1448217c34ce508,f3e1369554fdb7ff98dd18dd9447dd04dc2a962c72aa9b4e8b8dcc2a5de92ddd,1719235002,135,1ac8906f57eb9d574a42ee47fa6b18ef83c6061e20bb7a2d1a755f3b8c28b5fe,f9015d8022f15fbb6b562ebfb258fd2d1914611d,2026-08-22T22:42:42.000Z,Q2
all_weight_entries,Thundergod2007/vipragsent-phobert-checkpoints,model,campaigns/vipragsent-v7-compact-20260820-190bb0f24a7e75a8/SHARD_H100_MIG20_COMPACT/nb-170d4c47-8a39-47ad-9425-d231de44fc92-857677f648-2qn8f/science/checkpoints/q2_full_20260522/immutable_boundaries/082889A918B0/epoch_009.pt,1719235322,40f073f4747c9497b1637e124b9086ea8c229d17,082889a918b05a1ec465ff55317e39203ae3322b4b68717910597ed750e594d1,1719235322,135,98a0b6b6ab0e20384a3ea4a3de9c3472bd0d2e00d01a853a025968db9c3dbdb5,e0d6cab1b27b37cf0c8762bade261d01c6f7ac86,2026-08-22T23:09:18.000Z,Q2
all_weight_entries,Thundergod2007/vipragsent-phobert-checkpoints,model,campaigns/vipragsent-v7-compact-20260820-190bb0f24a7e75a8/SHARD_H100_MIG20_COMPACT/nb-170d4c47-8a39-47ad-9425-d231de44fc92-857677f648-2qn8f/science/checkpoints/q2_full_20260522/immutable_boundaries/12C67EA5B0FE/epoch_006.pt,1719235002,6784bd5ea4452d7d046060f16bee8ba475a66dd0,12c67ea5b0fec584dc0225fb3b9be96f14438fadfcbb9bb8430cd5f317a876cd,1719235002,135,97502c5bf278b767e452517e3ce4f0fac5e7ec6c3205b624d95d27ef0fddcffc,fefef989c305e3d5987342bbfd8fcf5deb413744,2026-08-22T23:06:13.000Z,Q2
all_weight_entries,Thundergod2007/vipragsent-phobert-checkpoints,model,campaigns/vipragsent-v7-compact-20260820-190bb0f24a7e75a8/SHARD_H100_MIG20_COMPACT/nb-170d4c47-8a39-47ad-9425-d231de44fc92-857677f648-2qn8f/science/checkpoints/q2_full_20260522/immutable_boundaries/2AD259163C47/epoch_003.pt,1719234682,25b68efc76cb297042b91c627ea7d56e9237bed3,2ad259163c47c3f750f94491942186a7a208aba402f7f855da6ee2d37ee977ab,1719234682,135,195bc00a31444f339aee89c59adb45b53301be0d97d69c99b9f6b0ed5259fcdf,f9070dd4bee9bab76fa729aab14f5d44768348eb,2026-08-22T23:03:06.000Z,Q2
all_weight_entries,Thundergod2007/vipragsent-phobert-checkpoints,model,campaigns/vipragsent-v7-compact-20260820-190bb0f24a7e75a8/SHARD_H100_MIG20_COMPACT/nb-170d4c47-8a39-47ad-9425-d231de44fc92-857677f648-2qn8f/science/checkpoints/q2_full_20260522/immutable_boundaries/39136E93B2D7/epoch_002.pt,1719234554,51e9d14f5c259b16a7d52297eeb307a76f8e50ac,39136e93b2d73ecafe9747a6915fff88c7fe9783e54bfeec4e353c2b4abf73c7,1719234554,135,e3cb040209528101acacd4338980d93f8b63713e9bf149170c654860ae75c53c,e25d432c0d39902e73aafa4053aaa39414610c8c,2026-08-22T23:02:03.000Z,Q2
all_weight_entries,Thundergod2007/vipragsent-phobert-checkpoints,model,campaigns/vipragsent-v7-compact-20260820-190bb0f24a7e75a8/SHARD_H100_MIG20_COMPACT/nb-170d4c47-8a39-47ad-9425-d231de44fc92-857677f648-2qn8f/science/checkpoints/q2_full_20260522/immutable_boundaries/52A7FC2CC432/epoch_007.pt,1719235066,530b07a5ebb1cdb0a0664feed65f3df65a1bb433,52a7fc2cc432e296d12c54d4248dc407dd055ec9d15a2c58c9cf888161b08131,1719235066,135,56d194bb821d50c019022d1e5ec7e2c18bfabdb226f2a0fa0209300789549d2d,ce49d695d8b14705507cf00c8c2022910b7bead9,2026-08-22T23:07:15.000Z,Q2
all_weight_entries,Thundergod2007/vipragsent-phobert-checkpoints,model,campaigns/vipragsent-v7-compact-20260820-190bb0f24a7e75a8/SHARD_H100_MIG20_COMPACT/nb-170d4c47-8a39-47ad-9425-d231de44fc92-857677f648-2qn8f/science/checkpoints/q2_full_20260522/immutable_boundaries/7372BAAB284E/epoch_010.pt,1719235386,fe6c78aac3a2fc600c32ce9ad8010148ccd43912,7372baab284ea79030d29f53a9c4531b54587334488f675466bef93e45be8628,1719235386,135,29cb0c7c4f72cec303f57221a94290e57cf0fa15a5efd2de180e97d337b31225,72c20362c773e7502e20b4bf1aa3aa217ebed39b,2026-08-22T23:10:20.000Z,Q2
all_weight_entries,Thundergod2007/vipragsent-phobert-checkpoints,model,campaigns/vipragsent-v7-compact-20260820-190bb0f24a7e75a8/SHARD_H100_MIG20_COMPACT/nb-170d4c47-8a39-47ad-9425-d231de44fc92-857677f648-2qn8f/science/checkpoints/q2_full_20260522/immutable_boundaries/A1B566B2EAE7/epoch_004.pt,1719234746,799f588b252e259063c8c69768ec0cab1553f48d,a1b566b2eae7024cfdb97932edb01c6cbaf2c425312317126b55707315317986,1719234746,135,8f24a0ca90328622ddaa9dbeb95b12cb341b3dfda444ca4d04dee4e8fa53e845,94c086f3affded65224a2caa4f9511415a3e7d5c,2026-08-22T23:04:07.000Z,Q2
all_weight_entries,Thundergod2007/vipragsent-phobert-checkpoints,model,campaigns/vipragsent-v7-compact-20260820-190bb0f24a7e75a8/SHARD_H100_MIG20_COMPACT/nb-170d4c47-8a39-47ad-9425-d231de44fc92-857677f648-2qn8f/science/checkpoints/q2_full_20260522/immutable_boundaries/BADA499EF58D/epoch_008.pt,1719235194,14a86f94bf5cc7de0df1e4feedd6be3005dc5078,bada499ef58dbc486d6fa6027dd5fb036f757d09a489c70a5fe76942b57898f4,1719235194,135,64f92bc919e8b97cb1290b0be5ddd4953dcfff73f1f29ca5396568aa83243543,864d707e679533bccbb38e3416c796cf2f998338,2026-08-22T23:08:17.000Z,Q2
all_weight_entries,Thundergod2007/vipragsent-phobert-checkpoints,model,campaigns/vipragsent-v7-compact-20260820-190bb0f24a7e75a8/SHARD_H100_MIG20_COMPACT/nb-170d4c47-8a39-47ad-9425-d231de44fc92-857677f648-2qn8f/science/checkpoints/q2_full_20260522/immutable_boundaries/EF918A41CEBD/epoch_001.pt,1719234426,2ad52f7d74c6d368c393a170893088b01548cdd5,ef918a41cebd8f2f2bb31bc6b59877fa6e7e16c0b695b4466643925dfce2ae10,1719234426,135,6335432a354b9ea6eb6a492eadd992290e542b1ff1ee0701a2b01f2a2b661f39,8575823b49c09cea179633029d173464d39f43a4,2026-08-22T23:01:01.000Z,Q2
all_weight_entries,Thundergod2007/vipragsent-phobert-checkpoints,model,campaigns/vipragsent-v7-compact-20260820-190bb0f24a7e75a8/SHARD_H100_MIG20_COMPACT/nb-170d4c47-8a39-47ad-9425-d231de44fc92-857677f648-2qn8f/science/checkpoints/q2_full_20260522/immutable_boundaries/FAFB0F9E3219/epoch_005.pt,1719234874,0cf7c5d3a79224050cffaffee4b21bd5f1284d9e,fafb0f9e321970ece4323ece09ce09e8f67822e8b05d5d5227d92e300c19cb2e,1719234874,135,38ccce558e6fce953f0362a89b3f13184632a9e90910627b9018f3a02576ef9e,1489de4775b8610fa64247329f1ab59dc02fac3a,2026-08-22T23:05:08.000Z,Q2
all_weight_entries,Thundergod2007/vipragsent-phobert-checkpoints,model,campaigns/vipragsent-v7-compact-20260820-190bb0f24a7e75a8/SHARD_H100_MIG20_COMPACT/nb-170d4c47-8a39-47ad-9425-d231de44fc92-857677f648-2qn8f/science/checkpoints/q2_full_20260523/immutable_boundaries/16044F2E031D/epoch_001.pt,1719234426,32a1dcf9623436acfddb5002e70764a35f5d9a24,16044f2e031ddf432986ecba7b8c012e3d49ecfff8c63dea261918b3a7e0ce51,1719234426,135,2843c30344804d16fd9c0e1a3ed4135296387dc5020cd19413d0589a0493494e,1f965322a3c4d432ecd41718fe85694abe3dc71d,2026-08-22T23:27:09.000Z,Q2
all_weight_entries,Thundergod2007/vipragsent-phobert-checkpoints,model,campaigns/vipragsent-v7-compact-20260820-190bb0f24a7e75a8/SHARD_H100_MIG20_COMPACT/nb-170d4c47-8a39-47ad-9425-d231de44fc92-857677f648-2qn8f/science/checkpoints/q2_full_20260523/immutable_boundaries/1BD39E40E5C9/epoch_008.pt,1719235194,790de0be52b30636abcfdca8b676428090146640,1bd39e40e5c9452436bfe6bb6f0eb8fcf2785e4df9af532a5611a7cc114a0121,1719235194,135,7f34b7122bb8bf0d646776360c8f2dba450fa5f10108a74900e0e28570036e43,3fa129735870d0e2de33404a99ad6de0c871f675,2026-08-22T23:34:21.000Z,Q2
all_weight_entries,Thundergod2007/vipragsent-phobert-checkpoints,model,campaigns/vipragsent-v7-compact-20260820-190bb0f24a7e75a8/SHARD_H100_MIG20_COMPACT/nb-170d4c47-8a39-47ad-9425-d231de44fc92-857677f648-2qn8f/science/checkpoints/q2_full_20260523/immutable_boundaries/652E988D6A5C/epoch_005.pt,1719234874,9e31977104ef4c8f2322deded795e2068538b342,652e988d6a5c5fbb07dcfd73eeec43463608467768c4feea506dfd0d3ecb8b13,1719234874,135,f03669ba111714137110f0a3a770ab44b10a56194ff9521c121b04b4df904315,551c211601ded667c935c739037c53ba163bc2f1,2026-08-22T23:31:14.000Z,Q2
all_weight_entries,Thundergod2007/vipragsent-phobert-checkpoints,model,campaigns/vipragsent-v7-compact-20260820-190bb0f24a7e75a8/SHARD_H100_MIG20_COMPACT/nb-170d4c47-8a39-47ad-9425-d231de44fc92-857677f648-2qn8f/science/checkpoints/q2_full_20260523/immutable_boundaries/7BC34A072FD8/epoch_002.pt,1719234554,edd85a6c6c208ed3892b3dfa94ec5e4802a616ce,7bc34a072fd8f3427f39bd5aadc7abba48e5d2bef7f4ad13e467c065f7de5e11,1719234554,135,85c82e35a8dd544c1364ef3a2626a70beabd8234326e51fe92cd9f28a7d2d156,b620ea65de0e462586687e0ee501abd79a5dd881,2026-08-22T23:28:11.000Z,Q2
all_weight_entries,Thundergod2007/vipragsent-phobert-checkpoints,model,campaigns/vipragsent-v7-compact-20260820-190bb0f24a7e75a8/SHARD_H100_MIG20_COMPACT/nb-170d4c47-8a39-47ad-9425-d231de44fc92-857677f648-2qn8f/science/checkpoints/q2_full_20260523/immutable_boundaries/991798DC7FE9/epoch_009.pt,1719235322,773868b17e51494c464720ac7c7ab359dcbc3058,991798dc7fe957fed888690cb04bca78e8ac78c73b097681cc6b09aae9db845b,1719235322,135,e1119c61cf1b7b7da6b131e266828d2fdf6f096a5f6a4c8080dc6c209aabb5d9,7e47d258ee692a5a308188731c1d819d6b99c430,2026-08-22T23:35:22.000Z,Q2
all_weight_entries,Thundergod2007/vipragsent-phobert-checkpoints,model,campaigns/vipragsent-v7-compact-20260820-190bb0f24a7e75a8/SHARD_H100_MIG20_COMPACT/nb-170d4c47-8a39-47ad-9425-d231de44fc92-857677f648-2qn8f/science/checkpoints/q2_full_20260523/immutable_boundaries/ABB5912BC8F0/epoch_004.pt,1719234810,fcbd48ee2854e2d212bf7d7589b28efe5ddcfc68,abb5912bc8f0caeda1185e2903ff17f7713e440b5342ecafe7935cb033076e49,1719234810,135,6ad58c045a2c7842178d63fef64ded542f1fea23664571e910d0955e4689da18,41cfad35f18fc22dedb2aff73060525e2879c246,2026-08-22T23:30:13.000Z,Q2
all_weight_entries,Thundergod2007/vipragsent-phobert-checkpoints,model,campaigns/vipragsent-v7-compact-20260820-190bb0f24a7e75a8/SHARD_H100_MIG20_COMPACT/nb-170d4c47-8a39-47ad-9425-d231de44fc92-857677f648-2qn8f/science/checkpoints/q2_full_20260523/immutable_boundaries/CA1EE7B0D465/epoch_003.pt,1719234682,d8666ab3cc542d57774a7fc046d94f6bf2f84248,ca1ee7b0d465ca46ea03223671737b8163938f36a239558338204193eeb86ad3,1719234682,135,253257552664c24d91cde1b261cee5bb74f73f34198cedca067d9af63b0fb10b,f5291b9e2f898ffbe02d497f21380e0b59f3a269,2026-08-22T23:29:12.000Z,Q2
all_weight_entries,Thundergod2007/vipragsent-phobert-checkpoints,model,campaigns/vipragsent-v7-compact-20260820-190bb0f24a7e75a8/SHARD_H100_MIG20_COMPACT/nb-170d4c47-8a39-47ad-9425-d231de44fc92-857677f648-2qn8f/science/checkpoints/q2_full_20260523/immutable_boundaries/ECF1787BB2CE/epoch_006.pt,1719235002,6e34171633f1239eefc7cf4cc3e5140fee37d4e4,ecf1787bb2ce594583cc3ab879e256e107ef8391c9a82dd2d6a5028a4fe4a61d,1719235002,135,62f8d6536e4c89012771ed81131f5fce48200b1ba9920bb024337d44b882f2e6,08dd60f5a257203625ed3f0966defb015db19eb8,2026-08-22T23:32:16.000Z,Q2
all_weight_entries,Thundergod2007/vipragsent-phobert-checkpoints,model,campaigns/vipragsent-v7-compact-20260820-190bb0f24a7e75a8/SHARD_H100_MIG20_COMPACT/nb-170d4c47-8a39-47ad-9425-d231de44fc92-857677f648-2qn8f/science/checkpoints/q2_full_20260523/immutable_boundaries/F7A19E5A006F/epoch_007.pt,1719235066,61cfc644063eee69178d7f9877fd3ce41e7a1efc,f7a19e5a006f996a4f3212352ed413f5f19ca9dcc95fcab66d70009416cb1b72,1719235066,135,6852efa8d5298603f35e95e2c70ec5f6802a12bf5c704c9744e64b1205f3dfe8,1edc78351809c1ff3d5168080146d2d5e61f5d39,2026-08-22T23:33:19.000Z,Q2
all_weight_entries,Thundergod2007/vipragsent-phobert-checkpoints,model,campaigns/vipragsent-v7-compact-20260820-190bb0f24a7e75a8/SHARD_H100_MIG20_COMPACT/nb-170d4c47-8a39-47ad-9425-d231de44fc92-857677f648-2qn8f/science/checkpoints/q2_full_20260523/immutable_boundaries/F873F43469C5/epoch_010.pt,1719235386,4815af5941143aa82ec523dd75fac88b3ec3a470,f873f43469c55c0380779a587601b2fd7fbe29925736d1b6b92d3a6f2616a7ed,1719235386,135,f7544dbe76a0c91e8727c472fa17edab7db86dcce32ec7ea590fbbadf004aa4f,98792c24fb224acd022f3842b01923d52288d1d7,2026-08-22T23:36:23.000Z,Q2
all_weight_entries,Thundergod2007/vipragsent-phobert-checkpoints,model,campaigns/vipragsent-v7-compact-20260820-190bb0f24a7e75a8/SHARD_H100_MIG20_COMPACT/nb-170d4c47-8a39-47ad-9425-d231de44fc92-857677f648-2qn8f/science/checkpoints/q2_no_emotion_auxiliary_20260521/immutable_boundaries/4BA6A97A4579/epoch_005.pt,1719166726,405f194c9d19e456c58d0f5a9dce5e1cc8a0c924,4ba6a97a45796ad7dca9ba1e69600315d7a59e7335fd85f73179e9632e8a50de,1719166726,135,9cc1370721d372a6dd2194fbe0355ebf445fc8241ab2653d27ddcf99ed035439,ff2e34c12548b561962c329ea66d41c5843d241a,2026-08-22T23:44:09.000Z,Q2
all_weight_entries,Thundergod2007/vipragsent-phobert-checkpoints,model,campaigns/vipragsent-v7-compact-20260820-190bb0f24a7e75a8/SHARD_H100_MIG20_COMPACT/nb-170d4c47-8a39-47ad-9425-d231de44fc92-857677f648-2qn8f/science/checkpoints/q2_no_emotion_auxiliary_20260521/immutable_boundaries/5B9BEB2F2145/epoch_009.pt,1719167110,c212d9264e374c2384baa1b2173f4b7e1052f408,5b9beb2f214572a0688e5d72362e849ecd2dd592f24253609548e4cc46d9d45a,1719167110,135,48f94b1e19eb484f9384b217105d2359a544ca3c38a1c67ca69348580adc740a,17ceaee941c680cc219097f70d18fa3c44648db5,2026-08-22T23:48:16.000Z,Q2
all_weight_entries,Thundergod2007/vipragsent-phobert-checkpoints,model,campaigns/vipragsent-v7-compact-20260820-190bb0f24a7e75a8/SHARD_H100_MIG20_COMPACT/nb-170d4c47-8a39-47ad-9425-d231de44fc92-857677f648-2qn8f/science/checkpoints/q2_no_emotion_auxiliary_20260521/immutable_boundaries/6DF73A26BF3E/epoch_001.pt,1719166278,41bf10121553a584bc95179578fb439885fb608a,6df73a26bf3e112234ca21b60cdb51ced55e3b10b0f4f50bc93c759f31a7f4d4,1719166278,135,be73c7b3e3349fbe3104c456d52b6f44d29ba066acdd9a61d4d817a3b64f5b32,2069cf1c709b2e1521036ad3e68f06217ddf2f2f,2026-08-22T23:39:59.000Z,Q2
all_weight_entries,Thundergod2007/vipragsent-phobert-checkpoints,model,campaigns/vipragsent-v7-compact-20260820-190bb0f24a7e75a8/SHARD_H100_MIG20_COMPACT/nb-170d4c47-8a39-47ad-9425-d231de44fc92-857677f648-2qn8f/science/checkpoints/q2_no_emotion_auxiliary_20260521/immutable_boundaries/7074B4D54D5E/epoch_002.pt,1719166406,06312972caf69946ec86380c808b6d7257d1783b,7074b4d54d5e882908d2a2f5c0a1f429fac371ad98fd55bb5fef31c41a47d147,1719166406,135,f4c5ac6ba3ec3dca1b71c693407b0ef126e718ebc6416a24af8fc83a7541e531,d953c3acbad2510ffa9ace50e9b191313a095e42,2026-08-22T23:41:03.000Z,Q2
all_weight_entries,Thundergod2007/vipragsent-phobert-checkpoints,model,campaigns/vipragsent-v7-compact-20260820-190bb0f24a7e75a8/SHARD_H100_MIG20_COMPACT/nb-170d4c47-8a39-47ad-9425-d231de44fc92-857677f648-2qn8f/science/checkpoints/q2_no_emotion_auxiliary_20260521/immutable_boundaries/87C2EC31D130/epoch_006.pt,1719166790,8865c5d76ff2b8878cfec932a5a279ddc708144e,87c2ec31d1301663f1bbf27faa7c34e03030bf574f18db78b2350c183b8330bd,1719166790,135,fd7b31b2e488ff613a9c5ad814b6b3f2c3547793f614cdaef2440afb7c7250d6,74fe43791a21be1ab8c5744f99bfb70970639c7b,2026-08-22T23:45:11.000Z,Q2
all_weight_entries,Thundergod2007/vipragsent-phobert-checkpoints,model,campaigns/vipragsent-v7-compact-20260820-190bb0f24a7e75a8/SHARD_H100_MIG20_COMPACT/nb-170d4c47-8a39-47ad-9425-d231de44fc92-857677f648-2qn8f/science/checkpoints/q2_no_emotion_auxiliary_20260521/immutable_boundaries/AAE0BBBF0808/epoch_004.pt,1719166598,4477d512b9b7545ca915f3b01ad868488f299835,aae0bbbf0808bb34e68a90d8d4f71cbcff13916deccceb189a7f86ffe5d5db08,1719166598,135,c79542519590c8194c03e1f01519ba9231716319e0de76c1454cb752ab27cbd2,7044659443cfdb2c6b2a4f9a37c3f29c026734da,2026-08-22T23:43:09.000Z,Q2
all_weight_entries,Thundergod2007/vipragsent-phobert-checkpoints,model,campaigns/vipragsent-v7-compact-20260820-190bb0f24a7e75a8/SHARD_H100_MIG20_COMPACT/nb-170d4c47-8a39-47ad-9425-d231de44fc92-857677f648-2qn8f/science/checkpoints/q2_no_emotion_auxiliary_20260521/immutable_boundaries/AC98AE03AD25/epoch_010.pt,1719167238,265b3d7409c340309aab84aeb79b4faadd8494d3,ac98ae03ad25b23e4d1b7876b3b836f2bb8566e4541442d24a982e2281a1facd,1719167238,135,78cad857105bf8a012e5d3c04c4be801636976fd0a82c146d9e97982bd7ca082,3a84b7fd3c2a4a56c344ed6b89cf0c83439a70a3,2026-08-22T23:49:16.000Z,Q2
all_weight_entries,Thundergod2007/vipragsent-phobert-checkpoints,model,campaigns/vipragsent-v7-compact-20260820-190bb0f24a7e75a8/SHARD_H100_MIG20_COMPACT/nb-170d4c47-8a39-47ad-9425-d231de44fc92-857677f648-2qn8f/science/checkpoints/q2_no_emotion_auxiliary_20260521/immutable_boundaries/CF592CB2DF27/epoch_008.pt,1719167046,4cff425604203c351600cfef51a1f6ba318345bc,cf592cb2df27871c50e028aa1853402ee838c73cfc9ad92cafbf288bb1754b81,1719167046,135,f9ba327b3263af2d9594b71934c05557f36b1240c3792a28c7b963a582c18c53,8b76ad0d36f254cb45c496241c91044a27c5b30d,2026-08-22T23:47:14.000Z,Q2
all_weight_entries,Thundergod2007/vipragsent-phobert-checkpoints,model,campaigns/vipragsent-v7-compact-20260820-190bb0f24a7e75a8/SHARD_H100_MIG20_COMPACT/nb-170d4c47-8a39-47ad-9425-d231de44fc92-857677f648-2qn8f/science/checkpoints/q2_no_emotion_auxiliary_20260521/immutable_boundaries/D1A5ED311E06/epoch_007.pt,1719166918,ddcbdc553d55390bc5a7dab2da22d195c56a1cfa,d1a5ed311e067c9e770fc65fec024ab603be9d991ff2092c0832e4b7a8a70a81,1719166918,135,7636de262d58edfdec498f7dd9d466b7996b16532afe6c14d65ae10b2d97cccb,788c0220c432f887cead623d5bf597993277401e,2026-08-22T23:46:12.000Z,Q2
all_weight_entries,Thundergod2007/vipragsent-phobert-checkpoints,model,campaigns/vipragsent-v7-compact-20260820-190bb0f24a7e75a8/SHARD_H100_MIG20_COMPACT/nb-170d4c47-8a39-47ad-9425-d231de44fc92-857677f648-2qn8f/science/checkpoints/q2_no_emotion_auxiliary_20260521/immutable_boundaries/FE5FBB2B8DF3/epoch_003.pt,1719166470,b019e97238f25e322b4ebb6e06af6ef969ddb4b8,fe5fbb2b8df3f56fc9748e779a277fe2b24ef595dd7543357c1bd658c644b04d,1719166470,135,dab03422335a411ce16208bd37328285b4791c727cc5356c969165c4b820fb29,21710a29652ffd6fda5e32616491905e6221f663,2026-08-22T23:42:07.000Z,Q2
all_weight_entries,Thundergod2007/vipragsent-phobert-checkpoints,model,campaigns/vipragsent-v7-compact-20260820-190bb0f24a7e75a8/SHARD_H100_MIG20_COMPACT/nb-170d4c47-8a39-47ad-9425-d231de44fc92-857677f648-2qn8f/science/checkpoints/q2_no_emotion_auxiliary_20260522/immutable_boundaries/19D3419E975B/epoch_007.pt,1719167046,8fc0e900d312db1d3b6bd781582d3365e3d18f82,19d3419e975b4fcb62a64b9041a68ae8ae8adb45cefdf9c8715738c8c207090b,1719167046,135,52e34a08e0de03e8585b87d6527f727fe66665f3c01497d882b63a44758d37fb,9d4820432ac8169d6b353dafe335b719d99d8811,2026-08-23T00:13:12.000Z,Q2
all_weight_entries,Thundergod2007/vipragsent-phobert-checkpoints,model,campaigns/vipragsent-v7-compact-20260820-190bb0f24a7e75a8/SHARD_H100_MIG20_COMPACT/nb-170d4c47-8a39-47ad-9425-d231de44fc92-857677f648-2qn8f/science/checkpoints/q2_no_emotion_auxiliary_20260522/immutable_boundaries/3685BD63FF7D/epoch_010.pt,1719167366,0e3ee88cc59343862c3055b325b12ca9b1b84625,3685bd63ff7defd4285ab33f623d2b23cdc11e92bb2ec4eae2e7e85556e31d2f,1719167366,135,23cf571a4130c7a590f61651c3ab137124d62c1f0cdb99d44ce29effabb0ead8,e028c3c6932eb357d2e9bc6a11225b6bca4d2df2,2026-08-23T00:16:20.000Z,Q2
all_weight_entries,Thundergod2007/vipragsent-phobert-checkpoints,model,campaigns/vipragsent-v7-compact-20260820-190bb0f24a7e75a8/SHARD_H100_MIG20_COMPACT/nb-170d4c47-8a39-47ad-9425-d231de44fc92-857677f648-2qn8f/science/checkpoints/q2_no_emotion_auxiliary_20260522/immutable_boundaries/37E28F509B03/epoch_005.pt,1719166854,c0b98a5be4cb1b3d1d1b78949071d4d3b7952889,37e28f509b03b41dcef3a4bc9c042db7e8b71a944eb81fc495297f714604199f,1719166854,135,9072b986663622240c6a35b68719f6038082cbfe0bf9a422e4b054407f109e4d,ae4e5be80f02220b9e1e1f83e1a4897aae33a344,2026-08-23T00:11:06.000Z,Q2
all_weight_entries,Thundergod2007/vipragsent-phobert-checkpoints,model,campaigns/vipragsent-v7-compact-20260820-190bb0f24a7e75a8/SHARD_H100_MIG20_COMPACT/nb-170d4c47-8a39-47ad-9425-d231de44fc92-857677f648-2qn8f/science/checkpoints/q2_no_emotion_auxiliary_20260522/immutable_boundaries/3D28C159D4A7/epoch_004.pt,1719166726,a197aa63f414f01f791ee3d8b9e40f570d910223,3d28c159d4a76c1157aa1ff80988ae200e89e50621e7a671f2ec8d5f1b02bbf7,1719166726,135,2a7a1e46d550da0fb15ce08c13862cf62b63dc226b186841958a036596dd5f8a,9f3e6ab5908b304f4d10b2a68fbf3b8c581b0c1a,2026-08-23T00:10:01.000Z,Q2
all_weight_entries,Thundergod2007/vipragsent-phobert-checkpoints,model,campaigns/vipragsent-v7-compact-20260820-190bb0f24a7e75a8/SHARD_H100_MIG20_COMPACT/nb-170d4c47-8a39-47ad-9425-d231de44fc92-857677f648-2qn8f/science/checkpoints/q2_no_emotion_auxiliary_20260522/immutable_boundaries/61A449B21D97/epoch_009.pt,1719167238,285811924d11be2485ad0349ad193120928bd28e,61a449b21d978b43fc02bc2495398bf0ebffa24b116d52f1e68d6505866c8778,1719167238,135,b1573611d94681342647b8bd7ec74896bdbb775cb4cfa530f66c3d6ba23a3cdb,9b90aa722d91e5267d21dcbaf1f77216ea616a19,2026-08-23T00:15:17.000Z,Q2
all_weight_entries,Thundergod2007/vipragsent-phobert-checkpoints,model,campaigns/vipragsent-v7-compact-20260820-190bb0f24a7e75a8/SHARD_H100_MIG20_COMPACT/nb-170d4c47-8a39-47ad-9425-d231de44fc92-857677f648-2qn8f/science/checkpoints/q2_no_emotion_auxiliary_20260522/immutable_boundaries/7A7FE2CC8A6C/epoch_001.pt,1719166406,8217c62b3a32ee6ada49fd4b2b196f5b1f13b9ff,7a7fe2cc8a6c0e2391b1c7ac0287e19cef99ac263d02efd626c5f8125c03792f,1719166406,135,affb79adc1573a063c82ebb5544e599f63d4133cf6f73b560b1794b412cfabee,37dafb294eb5f5ca7026ea14c2d5e0bd7274a8bf,2026-08-23T00:06:50.000Z,Q2
all_weight_entries,Thundergod2007/vipragsent-phobert-checkpoints,model,campaigns/vipragsent-v7-compact-20260820-190bb0f24a7e75a8/SHARD_H100_MIG20_COMPACT/nb-170d4c47-8a39-47ad-9425-d231de44fc92-857677f648-2qn8f/science/checkpoints/q2_no_emotion_auxiliary_20260522/immutable_boundaries/7C290E1EF85C/epoch_002.pt,1719166534,8085b5ec1cdde27cdb05c1edd61a9856785578be,7c290e1ef85c054266f87a5b7c50933ef51558813c5e5c41e1a146f7d055cb56,1719166534,135,471e166874ffd3fd64d198ba8c317bf40c0d0afac72f282ba13010b09b74d693,32f5f221752d3748bbed586c12e5eafc9725da8a,2026-08-23T00:07:55.000Z,Q2
all_weight_entries,Thundergod2007/vipragsent-phobert-checkpoints,model,campaigns/vipragsent-v7-compact-20260820-190bb0f24a7e75a8/SHARD_H100_MIG20_COMPACT/nb-170d4c47-8a39-47ad-9425-d231de44fc92-857677f648-2qn8f/science/checkpoints/q2_no_emotion_auxiliary_20260522/immutable_boundaries/A67BC8256C86/epoch_006.pt,1719166918,1fc1642a3177455c7fca3375b15dab31d2670198,a67bc8256c8678f71d7251ffcbeeaaa0495ce7e88b078722c00884f8d6d42a55,1719166918,135,85bde530f6516f770378c1943705fc7ad1266bc58520ef2986afa958a9112b6f,eacf7516b25646e0dc029b4317c4417221fcb739,2026-08-23T00:12:09.000Z,Q2
all_weight_entries,Thundergod2007/vipragsent-phobert-checkpoints,model,campaigns/vipragsent-v7-compact-20260820-190bb0f24a7e75a8/SHARD_H100_MIG20_COMPACT/nb-170d4c47-8a39-47ad-9425-d231de44fc92-857677f648-2qn8f/science/checkpoints/q2_no_emotion_auxiliary_20260522/immutable_boundaries/CF012CE264B1/epoch_003.pt,1719166598,ec664d0f380f04271928918e32894dd6cc065485,cf012ce264b16a8d3c95a82b98b1307612a84e7612350352332aec6116decf83,1719166598,135,687d13f43788588ab11e5d17c2ef7138f9e38ad12b712204852248715ff9edbf,0add8c569e7cb34aeaed84097691750cb234285b,2026-08-23T00:08:58.000Z,Q2
all_weight_entries,Thundergod2007/vipragsent-phobert-checkpoints,model,campaigns/vipragsent-v7-compact-20260820-190bb0f24a7e75a8/SHARD_H100_MIG20_COMPACT/nb-170d4c47-8a39-47ad-9425-d231de44fc92-857677f648-2qn8f/science/checkpoints/q2_no_emotion_auxiliary_20260522/immutable_boundaries/EC1DF16D8096/epoch_008.pt,1719167174,3939e6da15b37b6e574c7517aa135e89c5697cd0,ec1df16d809672a735883e3fa017b313011d4226d79f09288d5ebc736f1bfbb4,1719167174,135,e97ca3e5227e428b358a6fa01ab87f178e5301b98c080336834997c82a9d6b7c,bfa267ea1965a36ac19753dc7ba4eb793bc2a6e8,2026-08-23T00:14:14.000Z,Q2
all_weight_entries,Thundergod2007/vipragsent-phobert-checkpoints,model,campaigns/vipragsent-v7-compact-20260820-190bb0f24a7e75a8/SHARD_H100_MIG20_COMPACT/nb-170d4c47-8a39-47ad-9425-d231de44fc92-857677f648-2qn8f/science/checkpoints/q2_no_emotion_auxiliary_20260523/immutable_boundaries/09AFC1AD9398/epoch_003.pt,1719166598,f950ae835ed442acf977edef293301ba6b84c73e,09afc1ad9398aa54c033d10cb821ab9fbe44b38bb8e38d50ca6dcf29d03b9ec1,1719166598,135,8a7a6a38eafa270592dffc21b2e6fc4aa79ea7f5b6b047ae6dad3f89766cd558,3f3baec0b3c9a752b0a78219a4a3d8a5bd8da8cd,2026-08-23T00:21:42.000Z,Q2
all_weight_entries,Thundergod2007/vipragsent-phobert-checkpoints,model,campaigns/vipragsent-v7-compact-20260820-190bb0f24a7e75a8/SHARD_H100_MIG20_COMPACT/nb-170d4c47-8a39-47ad-9425-d231de44fc92-857677f648-2qn8f/science/checkpoints/q2_no_emotion_auxiliary_20260523/immutable_boundaries/43E525149A6F/epoch_006.pt,1719166918,df721e27ba36e2c0a37f63bff785bbff1335b4b4,43e525149a6f4681d7b773fa9ef163c3317358e6d0921b13c001dde3ff00287a,1719166918,135,4f11e2b4d051b1137c33f4e7bbe83c8c3a0f6488e1d3682a1d6b2c4779f112f5,9e1b12fb590aecd1e472a879a0a92cce11eee32b,2026-08-23T00:24:52.000Z,Q2
all_weight_entries,Thundergod2007/vipragsent-phobert-checkpoints,model,campaigns/vipragsent-v7-compact-20260820-190bb0f24a7e75a8/SHARD_H100_MIG20_COMPACT/nb-170d4c47-8a39-47ad-9425-d231de44fc92-857677f648-2qn8f/science/checkpoints/q2_no_emotion_auxiliary_20260523/immutable_boundaries/50DCF3D2C791/epoch_009.pt,1719167238,10dc09e4e9f447733703512dba128a9518d9914a,50dcf3d2c79101e075ffe266e61ebb216deaacfb725ecef3913f122e9862cdee,1719167238,135,18bab15d183ab6d34bab8c407e57ae5285bf1670108ad8d6872a7119adbc9602,0a60a6f02f857b7ba538c2cec6c467711618f7c5,2026-08-23T00:28:03.000Z,Q2
all_weight_entries,Thundergod2007/vipragsent-phobert-checkpoints,model,campaigns/vipragsent-v7-compact-20260820-190bb0f24a7e75a8/SHARD_H100_MIG20_COMPACT/nb-170d4c47-8a39-47ad-9425-d231de44fc92-857677f648-2qn8f/science/checkpoints/q2_no_emotion_auxiliary_20260523/immutable_boundaries/64524ECBB34A/epoch_008.pt,1719167174,6b678d82711620161465da9b3831cf347fefe4bb,64524ecbb34ae0f698b0e5a658e1f26cbf2aa2abc0915865480e85d4bfc4d561,1719167174,135,ec273606ced86db6c20e983706d4d3152801bbff72c2eba2476d5a3865921c75,df183fe00bd5f9163dcf122a1776fcb42e9760d8,2026-08-23T00:27:01.000Z,Q2
all_weight_entries,Thundergod2007/vipragsent-phobert-checkpoints,model,campaigns/vipragsent-v7-compact-20260820-190bb0f24a7e75a8/SHARD_H100_MIG20_COMPACT/nb-170d4c47-8a39-47ad-9425-d231de44fc92-857677f648-2qn8f/science/checkpoints/q2_no_emotion_auxiliary_20260523/immutable_boundaries/88C4B25583B0/epoch_005.pt,1719166854,f87bd4bfb9a0dd4f9963cfd9c581925de7d549ca,88c4b25583b048acdd3cf2c8eb6554f4c3f4fb45a1e8d6586ad87a4103fc9e8e,1719166854,135,ae6102347dc7077a42d73f935c490ab808113d5452a0f054c159ed3724b17725,0762efbb27b04b90f339686d99eed9dd3f46b42a,2026-08-23T00:23:49.000Z,Q2
all_weight_entries,Thundergod2007/vipragsent-phobert-checkpoints,model,campaigns/vipragsent-v7-compact-20260820-190bb0f24a7e75a8/SHARD_H100_MIG20_COMPACT/nb-170d4c47-8a39-47ad-9425-d231de44fc92-857677f648-2qn8f/science/checkpoints/q2_no_emotion_auxiliary_20260523/immutable_boundaries/914AC4843BDF/epoch_001.pt,1719166406,c704edb9e324b7a9e7eed05813ac7fd293f5aa72,914ac4843bdffb553a0c80161d16a1976805125846113e0d1f6a46dfb77c2d1a,1719166406,135,05eb18fff6ead8586c62995df24908f0327ae2bb0b1e2f29c5926c5836546c0d,c7889b77c28a3ae6f4952c026575a8394fa51a28,2026-08-23T00:19:37.000Z,Q2
all_weight_entries,Thundergod2007/vipragsent-phobert-checkpoints,model,campaigns/vipragsent-v7-compact-20260820-190bb0f24a7e75a8/SHARD_H100_MIG20_COMPACT/nb-170d4c47-8a39-47ad-9425-d231de44fc92-857677f648-2qn8f/science/checkpoints/q2_no_emotion_auxiliary_20260523/immutable_boundaries/981ADC151CBF/epoch_007.pt,1719167046,f7ecd1ae0701789c9f0a3900d39e9c2e5f11b25d,981adc151cbf389979e9ba52628cf9923dc68279dbcff4884d58ca370b91f7e9,1719167046,135,4c594bdd1d73e1681a030b72f5134d79cbd04e891bffcc71c3eb887144d14247,b4999547c687163bfe569eb99653e4818c7a5048,2026-08-23T00:25:56.000Z,Q2
all_weight_entries,Thundergod2007/vipragsent-phobert-checkpoints,model,campaigns/vipragsent-v7-compact-20260820-190bb0f24a7e75a8/SHARD_H100_MIG20_COMPACT/nb-170d4c47-8a39-47ad-9425-d231de44fc92-857677f648-2qn8f/science/checkpoints/q2_no_emotion_auxiliary_20260523/immutable_boundaries/B25CD31C1304/epoch_002.pt,1719166534,33d48b81f5c9fc2d55cdff533fddae246bb073f8,b25cd31c1304a5ae9f00b8f5d833d85a89817cdc7fbdc27a691f3882144a4756,1719166534,135,9647e7a2cbcceb694285044531ba3ff159457f0bcbba527527e0d1e6028445b7,df3ed64ad431d18e21f3d41cbfa513a63c9c59f8,2026-08-23T00:20:40.000Z,Q2
all_weight_entries,Thundergod2007/vipragsent-phobert-checkpoints,model,campaigns/vipragsent-v7-compact-20260820-190bb0f24a7e75a8/SHARD_H100_MIG20_COMPACT/nb-170d4c47-8a39-47ad-9425-d231de44fc92-857677f648-2qn8f/science/checkpoints/q2_no_emotion_auxiliary_20260523/immutable_boundaries/BD91022F87ED/epoch_004.pt,1719166726,b11b13a91f8326bd33e750932f864fc7fab783a1,bd91022f87ed65d5b7e01f13ce57f81c81a50600776f2731ddf379deb7841809,1719166726,135,2fef502a4178009861141599ed0e5f8f2e917f4ade98eb6709fbe1215c9c5d00,0df471e628e505f8c55ff5851590f4960ca6c0ce,2026-08-23T00:22:45.000Z,Q2
all_weight_entries,Thundergod2007/vipragsent-phobert-checkpoints,model,campaigns/vipragsent-v7-compact-20260820-190bb0f24a7e75a8/SHARD_H100_MIG20_COMPACT/nb-170d4c47-8a39-47ad-9425-d231de44fc92-857677f648-2qn8f/science/checkpoints/q2_no_emotion_auxiliary_20260523/immutable_boundaries/E386176DAF6A/epoch_010.pt,1719167366,e92e9fe101c68c00e119d2c0d910b4c0955bb102,e386176daf6a74f675b0e1381c46f15abbb740ae81438094a8744c321c848e3f,1719167366,135,a7669bcf752ffe97e154a235450bc7ff9777bdc634b2d23dde5164f8852aa290,73eb8c6dda3ef998a5be12f9b4b9ba5277813d84,2026-08-23T00:29:07.000Z,Q2
all_weight_entries,Thundergod2007/vipragsent-phobert-checkpoints,model,campaigns/vipragsent-v7-compact-20260820-190bb0f24a7e75a8/SHARD_H100_MIG20_COMPACT/nb-170d4c47-8a39-47ad-9425-d231de44fc92-857677f648-2qn8f/science/checkpoints/q2_no_polarity_auxiliary_20260521/immutable_boundaries/004D6CF7AD91/epoch_004.pt,1719203462,f135e2c295a6006de683d073bc097a358ff0c10f,004d6cf7ad91e1e05e69ce4d68d92d2ef47d16bab7d21dd9d362fee778d1fb6b,1719203462,135,00139b262eecca9b43f1e641ae9e468b8d232554c9e93d6157a1ee91bd913302,617f6923895a88df1072ebbd033b2285c1cec7dc,2026-08-23T00:36:05.000Z,Q2
all_weight_entries,Thundergod2007/vipragsent-phobert-checkpoints,model,campaigns/vipragsent-v7-compact-20260820-190bb0f24a7e75a8/SHARD_H100_MIG20_COMPACT/nb-170d4c47-8a39-47ad-9425-d231de44fc92-857677f648-2qn8f/science/checkpoints/q2_no_polarity_auxiliary_20260521/immutable_boundaries/3032923BF630/epoch_010.pt,1719204102,9059a5ef2de27bbc791ef8be4ec773b14dd405e4,3032923bf630ef9ad8b6ece0b751cdcc28cd534c3487615d0f6353c5b72519c4,1719204102,135,93970d940cbe2f4be2c02703b69f4b81f42b0bfd69c3d6bf88324e1d545d8297,657acf1e0765a9fd39325ec6ff4aad646585934e,2026-08-23T00:42:21.000Z,Q2
all_weight_entries,Thundergod2007/vipragsent-phobert-checkpoints,model,campaigns/vipragsent-v7-compact-20260820-190bb0f24a7e75a8/SHARD_H100_MIG20_COMPACT/nb-170d4c47-8a39-47ad-9425-d231de44fc92-857677f648-2qn8f/science/checkpoints/q2_no_polarity_auxiliary_20260521/immutable_boundaries/3BA71CA10177/epoch_009.pt,1719203974,14064996be1d424f3f880107ba546774845a9ff1,3ba71ca10177321622ac01603c06ec7f0e451828860e8fe85cde5b52ba48c92f,1719203974,135,eb5e9bcd4d2576691392f67d714ef479f605b3ec616f5ea36a3af415e0b2ae7f,53898967ab232bb6357a9f05fd8b32a20a91f68a,2026-08-23T00:41:19.000Z,Q2
all_weight_entries,Thundergod2007/vipragsent-phobert-checkpoints,model,campaigns/vipragsent-v7-compact-20260820-190bb0f24a7e75a8/SHARD_H100_MIG20_COMPACT/nb-170d4c47-8a39-47ad-9425-d231de44fc92-857677f648-2qn8f/science/checkpoints/q2_no_polarity_auxiliary_20260521/immutable_boundaries/4B8AE991A19A/epoch_006.pt,1719203654,11e07690c18ce9177714d7d6fa1ab0cee6368a5a,4b8ae991a19aee8949eac903679b6cf9c5e7fe9cb587ef7305f5755cf851cfed,1719203654,135,8f9ce34d69d258e62030bb527d9fbcc869c4c89a726dc6f536f5bd6b58a2de48,7f46a02e8050a23af89189790ef4a173cd8d8a24,2026-08-23T00:38:12.000Z,Q2
all_weight_entries,Thundergod2007/vipragsent-phobert-checkpoints,model,campaigns/vipragsent-v7-compact-20260820-190bb0f24a7e75a8/SHARD_H100_MIG20_COMPACT/nb-170d4c47-8a39-47ad-9425-d231de44fc92-857677f648-2qn8f/science/checkpoints/q2_no_polarity_auxiliary_20260521/immutable_boundaries/6556AD4E05C1/epoch_002.pt,1719203270,ac4ecfae73436bdebc4725a701cddacd8313b52a,6556ad4e05c17f6d16d55e85807b3aadb534ff530e86a1b07b8f5cdfc948c113,1719203270,135,043007aeb71fb8c7c6b2debdac2cc2b8e596ff4240662ddf27e5024a85b2884d,74128923ae7cbc8ee802e140ca08cc221e39f32b,2026-08-23T00:33:58.000Z,Q2
all_weight_entries,Thundergod2007/vipragsent-phobert-checkpoints,model,campaigns/vipragsent-v7-compact-20260820-190bb0f24a7e75a8/SHARD_H100_MIG20_COMPACT/nb-170d4c47-8a39-47ad-9425-d231de44fc92-857677f648-2qn8f/science/checkpoints/q2_no_polarity_auxiliary_20260521/immutable_boundaries/8F781BC107A2/epoch_005.pt,1719203590,39a2ee2608d8afe7f72006f67d57a07dd7bbe17b,8f781bc107a23d5c4bad9895c8c88d79682f64383b98c174a614d35ba09eccd6,1719203590,135,2bb41a8bb9e07ec588207c8cca9082682edfeff255fce008f1c0c382a466847b,0c096ea8ee6523928939e6d881b8667c5504b39a,2026-08-23T00:37:07.000Z,Q2
all_weight_entries,Thundergod2007/vipragsent-phobert-checkpoints,model,campaigns/vipragsent-v7-compact-20260820-190bb0f24a7e75a8/SHARD_H100_MIG20_COMPACT/nb-170d4c47-8a39-47ad-9425-d231de44fc92-857677f648-2qn8f/science/checkpoints/q2_no_polarity_auxiliary_20260521/immutable_boundaries/9C6C722EF022/epoch_001.pt,1719203142,283e5983223e182c0ac57b0500441e1a3e1e702a,9c6c722ef022f2ab5c44fb2ad99adcbaa7a206b867722fd8ad76014780186adb,1719203142,135,4272e143b03fe726b5556ccfc7389f3b95817e331636de24eebcba02454148e0,a7352825ca6d112abecd98a7ae8692819e320e8f,2026-08-23T00:32:55.000Z,Q2
all_weight_entries,Thundergod2007/vipragsent-phobert-checkpoints,model,campaigns/vipragsent-v7-compact-20260820-190bb0f24a7e75a8/SHARD_H100_MIG20_COMPACT/nb-170d4c47-8a39-47ad-9425-d231de44fc92-857677f648-2qn8f/science/checkpoints/q2_no_polarity_auxiliary_20260521/immutable_boundaries/BD35EFA9D146/epoch_007.pt,1719203782,4d0b6b7bdba06713a9f3af7649cd3fae6c3099bd,bd35efa9d14647307a58556081f2201b03e961cbc20b1d88853884568f7ea920,1719203782,135,0012dc514fef7975ccff33d895a88ba4cafcf17faf5e5ccb56ab5617593d6982,3c4d5a24acdf1e9863976a131a14fd007fd98447,2026-08-23T00:39:13.000Z,Q2
all_weight_entries,Thundergod2007/vipragsent-phobert-checkpoints,model,campaigns/vipragsent-v7-compact-20260820-190bb0f24a7e75a8/SHARD_H100_MIG20_COMPACT/nb-170d4c47-8a39-47ad-9425-d231de44fc92-857677f648-2qn8f/science/checkpoints/q2_no_polarity_auxiliary_20260521/immutable_boundaries/BEE89722B563/epoch_003.pt,1719203334,f7c2ae78bf9398fff74eac38771125cd3afcb57b,bee89722b5634ebcd7003e85dad867274f15e516119cd2a6903ded0d802362a3,1719203334,135,ca0fb00f05468f02f53a50cef15767cc8e6f1ede76064fcd4fb6907db52d0d1d,ef09ee8c4bb9f7ed600b0e8380b2f5f9046cb8ce,2026-08-23T00:35:01.000Z,Q2
all_weight_entries,Thundergod2007/vipragsent-phobert-checkpoints,model,campaigns/vipragsent-v7-compact-20260820-190bb0f24a7e75a8/SHARD_H100_MIG20_COMPACT/nb-170d4c47-8a39-47ad-9425-d231de44fc92-857677f648-2qn8f/science/checkpoints/q2_no_polarity_auxiliary_20260521/immutable_boundaries/D7283DD59F86/epoch_008.pt,1719203910,deb01b8efbdea6eb41fad6d5c5711ac4a271bd98,d7283dd59f860133ccf4fad79b498a609c4ec920c857a07a927877df7fa68c00,1719203910,135,a7faa79000261cd6c798cf9754be68dcdbbc6f957c4535fe5dec36bbbc74229d,ee3cf5fb5aa195eab4ecc42220fc3eb108fad6f2,2026-08-23T00:40:17.000Z,Q2
all_weight_entries,Thundergod2007/vipragsent-phobert-checkpoints,model,campaigns/vipragsent-v7-compact-20260820-190bb0f24a7e75a8/SHARD_H100_MIG20_COMPACT/nb-170d4c47-8a39-47ad-9425-d231de44fc92-857677f648-2qn8f/science/checkpoints/q2_no_polarity_auxiliary_20260522/immutable_boundaries/09BA62933A69/epoch_001.pt,1719203270,c6f87eb605124b7f37d257e1d7a9540b5fc2d07f,09ba62933a69354a81e1eb023311cc4075d62c4efe92862b956b57ba9ae0cd25,1719203270,135,9b8b7d0590deb3424b429403ec3ac5a073d07f2e4c0b525968813577ed456c99,7d27fe0aee8699e7170dc1b91bba9c4f59aa0524,2026-08-23T01:02:00.000Z,Q2
all_weight_entries,Thundergod2007/vipragsent-phobert-checkpoints,model,campaigns/vipragsent-v7-compact-20260820-190bb0f24a7e75a8/SHARD_H100_MIG20_COMPACT/nb-170d4c47-8a39-47ad-9425-d231de44fc92-857677f648-2qn8f/science/checkpoints/q2_no_polarity_auxiliary_20260522/immutable_boundaries/2AB83882BB78/epoch_007.pt,1719203910,4997670b9d40700779e1e64ff8495a7341a7225d,2ab83882bb784655ba69bd6b49de58e80fe223f22d2e723afbab50a34ed27d34,1719203910,135,b83724bd427e8b39bd8f59724d04aed532fcab1bce5502872675a2ca667b52b1,ece361dd7251ba0e96b4101fd0401ca7511b40d8,2026-08-23T01:13:17.000Z,Q2
all_weight_entries,Thundergod2007/vipragsent-phobert-checkpoints,model,campaigns/vipragsent-v7-compact-20260820-190bb0f24a7e75a8/SHARD_H100_MIG20_COMPACT/nb-170d4c47-8a39-47ad-9425-d231de44fc92-857677f648-2qn8f/science/checkpoints/q2_no_polarity_auxiliary_20260522/immutable_boundaries/32633399C464/epoch_004.pt,1719203590,cd0c2c12ef06c2213124c241df3031ad858974dc,32633399c4642f1df56b52842bc43842f832cd6046db08d8d91c4474fd75eb57,1719203590,135,c1c07e234f55f102649a2e2ad272c886167824d45117f7f51631094fa17a8ad9,f6d85b5093dcca7eafc688b17aa801f84939f8a1,2026-08-23T01:07:41.000Z,Q2
all_weight_entries,Thundergod2007/vipragsent-phobert-checkpoints,model,campaigns/vipragsent-v7-compact-20260820-190bb0f24a7e75a8/SHARD_H100_MIG20_COMPACT/nb-170d4c47-8a39-47ad-9425-d231de44fc92-857677f648-2qn8f/science/checkpoints/q2_no_polarity_auxiliary_20260522/immutable_boundaries/3BB2EC295D5F/epoch_002.pt,1719203398,e8787246025abd695994045d9ca9ef21191f01f7,3bb2ec295d5f6ea86ba837d1f350955e5981e02332f05c5cfab09a8292c7e235,1719203398,135,114a3e174fa744e274611ca51c5e1b11ed4abd7c24edfda76169803fc12eb3d9,9a9aa69777e1406a762dafa4478dff015f4ca58a,2026-08-23T01:03:54.000Z,Q2
all_weight_entries,Thundergod2007/vipragsent-phobert-checkpoints,model,campaigns/vipragsent-v7-compact-20260820-190bb0f24a7e75a8/SHARD_H100_MIG20_COMPACT/nb-170d4c47-8a39-47ad-9425-d231de44fc92-857677f648-2qn8f/science/checkpoints/q2_no_polarity_auxiliary_20260522/immutable_boundaries/7B9A2F93C67E/epoch_005.pt,1719203718,db396002fd96d728716a6d5c9bd08709dc4577c6,7b9a2f93c67e75791934dab91158113f1002e6170ebb40e4fa7d42f0351c61ac,1719203718,135,9f0b35c64eb194a337bfa88d99a3129124de0c03211b61a4398b5c5d3ee79df0,02584d55d1f1f02897bd67908bb37626e06c1df2,2026-08-23T01:09:34.000Z,Q2
all_weight_entries,Thundergod2007/vipragsent-phobert-checkpoints,model,campaigns/vipragsent-v7-compact-20260820-190bb0f24a7e75a8/SHARD_H100_MIG20_COMPACT/nb-170d4c47-8a39-47ad-9425-d231de44fc92-857677f648-2qn8f/science/checkpoints/q2_no_polarity_auxiliary_20260522/immutable_boundaries/833DEE0BBD87/epoch_003.pt,1719203462,94078ae31a121933f6e966aabe39209e087ea653,833dee0bbd8706f168b36f3305626a8669355f4e0672ed0ff73096f79f8417a2,1719203462,135,e29ab0259cd474338ea2e26de0ecbd70b77dc025c0e2877fe17905289b63988e,4765e7769fd1aab87dab03bf891893375f269886,2026-08-23T01:05:48.000Z,Q2
all_weight_entries,Thundergod2007/vipragsent-phobert-checkpoints,model,campaigns/vipragsent-v7-compact-20260820-190bb0f24a7e75a8/SHARD_H100_MIG20_COMPACT/nb-170d4c47-8a39-47ad-9425-d231de44fc92-857677f648-2qn8f/science/checkpoints/q2_no_polarity_auxiliary_20260522/immutable_boundaries/BAEF96A4047D/epoch_006.pt,1719203782,f8d67b6660b30be85cc3127ce0c407fd75745755,baef96a4047dcdfde2b54cd773e0b62ea88c42102560ba1633e0e2ce90df32c7,1719203782,135,c39c133a8fba212b59539127a1cff3127c63b36fbb4a7243666ec7badb4ff86e,14f621f91eba203cb560d239628e111c26ab4254,2026-08-23T01:11:27.000Z,Q2
all_weight_entries,Thundergod2007/vipragsent-phobert-checkpoints,model,campaigns/vipragsent-v7-compact-20260820-190bb0f24a7e75a8/SHARD_H100_MIG20_COMPACT/nb-170d4c47-8a39-47ad-9425-d231de44fc92-857677f648-2qn8f/science/checkpoints/q2_no_polarity_auxiliary_20260522/immutable_boundaries/DFA9564076CD/epoch_010.pt,1719204230,bfea62d6fbdea7f94a8048387fd20fbf7b757497,dfa9564076cd9baa91dda4db1e999e93c07bc00e43a24884d659ed0ad8e5efef,1719204230,135,322ca45e68c225cc1de5b00c5ca35d940a7be0813914580fd77d380bd30a1484,840f87c7f3added7c94d6b8bd3d68afb60fa7037,2026-08-23T01:18:44.000Z,Q2
all_weight_entries,Thundergod2007/vipragsent-phobert-checkpoints,model,campaigns/vipragsent-v7-compact-20260820-190bb0f24a7e75a8/SHARD_H100_MIG20_COMPACT/nb-170d4c47-8a39-47ad-9425-d231de44fc92-857677f648-2qn8f/science/checkpoints/q2_no_polarity_auxiliary_20260522/immutable_boundaries/F191F2CA0A0B/epoch_009.pt,1719204102,adff064a530d95488e3e81837db594baa9a728b2,f191f2ca0a0b1dc969f8998fa48af74b8a1913e299a759fa7bd06ab7170a2eb5,1719204102,135,6d184b42553fed2847c83e92ab458f5db520f41b8d4fe56a16a14d8e1ac4d954,70119068c1fd0cfd87ded6d7c8e37b0c6e557a8d,2026-08-23T01:16:56.000Z,Q2
all_weight_entries,Thundergod2007/vipragsent-phobert-checkpoints,model,campaigns/vipragsent-v7-compact-20260820-190bb0f24a7e75a8/SHARD_H100_MIG20_COMPACT/nb-170d4c47-8a39-47ad-9425-d231de44fc92-857677f648-2qn8f/science/checkpoints/q2_no_polarity_auxiliary_20260522/immutable_boundaries/FE3E4D10564F/epoch_008.pt,1719204038,d643afa3dcdca7ef25b5121207bbd633081a79d2,fe3e4d10564f0c9b0cdce90435f5b87466774b7013ab055e630bcbeac536fac8,1719204038,135,ee200ac4b5a229f33012011cfd1826f13e6961bd0cd2f21e8b5e10d0ac38b39f,52f113e73d01011672b39f81e55fc46c4f9eea74,2026-08-23T01:15:08.000Z,Q2
all_weight_entries,Thundergod2007/vipragsent-phobert-checkpoints,model,campaigns/vipragsent-v7-compact-20260820-190bb0f24a7e75a8/SHARD_H100_MIG20_COMPACT/nb-170d4c47-8a39-47ad-9425-d231de44fc92-857677f648-2qn8f/science/checkpoints/q2_no_polarity_auxiliary_20260523/immutable_boundaries/1C60116EA3DB/epoch_009.pt,1719204102,17a92d0ce2c7dfea5131e46acd353ed378b144bd,1c60116ea3db69ded87d3b8724be8ffdf8f467d219298d7d6c44e772572387fb,1719204102,135,2aa016c28a9879300518496e90cc65f09eca002c753e19210be28dfa82ee2f82,c5390e88efae2dc7cacf827a37c5bf52a85a5f51,2026-08-23T01:37:05.000Z,Q2
all_weight_entries,Thundergod2007/vipragsent-phobert-checkpoints,model,campaigns/vipragsent-v7-compact-20260820-190bb0f24a7e75a8/SHARD_H100_MIG20_COMPACT/nb-170d4c47-8a39-47ad-9425-d231de44fc92-857677f648-2qn8f/science/checkpoints/q2_no_polarity_auxiliary_20260523/immutable_boundaries/28800D9FC45D/epoch_006.pt,1719203782,1f970171000494b60c91b552fb6e0de838e4f6ec,28800d9fc45d11218b4fe31090642638bb59bbe75c38c47e6640ed391d140a49,1719203782,135,2dbec8f67f61e63b7f63cae43bb949bb172963df45643af7cbe8fe0d925ae4ee,b05581cded14dacb53e9555e93483e56f327330d,2026-08-23T01:31:42.000Z,Q2
all_weight_entries,Thundergod2007/vipragsent-phobert-checkpoints,model,campaigns/vipragsent-v7-compact-20260820-190bb0f24a7e75a8/SHARD_H100_MIG20_COMPACT/nb-170d4c47-8a39-47ad-9425-d231de44fc92-857677f648-2qn8f/science/checkpoints/q2_no_polarity_auxiliary_20260523/immutable_boundaries/2C85DB09B0FB/epoch_004.pt,1719203590,2a2917b88272b697b45740f7589a24ffddc50c23,2c85db09b0fb386c9b6d311d9b6ceaa914e1d2754780d8f722e2eb841b100e43,1719203590,135,581664b60efd2f54ef5b1785718a0466dfddfc2d2d3940390b04510dbdf63162,8e963cd4776d2d47dbbf9e93d70127de76a5161e,2026-08-23T01:28:03.000Z,Q2
all_weight_entries,Thundergod2007/vipragsent-phobert-checkpoints,model,campaigns/vipragsent-v7-compact-20260820-190bb0f24a7e75a8/SHARD_H100_MIG20_COMPACT/nb-170d4c47-8a39-47ad-9425-d231de44fc92-857677f648-2qn8f/science/checkpoints/q2_no_polarity_auxiliary_20260523/immutable_boundaries/3523754460F5/epoch_008.pt,1719204038,4759975e7ec83c229a8f7f97535321117b44d018,3523754460f55224d72653f22608da781dde45dc6280ae40975f7ac9531ea1e3,1719204038,135,b6e0b9f3b45a780cb06b919c0c9158d038ce3c0287c2f80e0d8e943dc46f0475,6681fc084f0591c52214ac6c3ae02808cbbe517a,2026-08-23T01:35:18.000Z,Q2
all_weight_entries,Thundergod2007/vipragsent-phobert-checkpoints,model,campaigns/vipragsent-v7-compact-20260820-190bb0f24a7e75a8/SHARD_H100_MIG20_COMPACT/nb-170d4c47-8a39-47ad-9425-d231de44fc92-857677f648-2qn8f/science/checkpoints/q2_no_polarity_auxiliary_20260523/immutable_boundaries/374DD779029A/epoch_002.pt,1719203398,13116db76b090de204a5c0d3db9a27c1b9523642,374dd779029ad4b2141acf3e0dc6258d803066ce4ea5ad11c8c3ba4a22f78920,1719203398,135,26ffba7f767435f55a03ec92d32472443012a54c3176ab9ef08f4abfbcf0156a,61d4c68877cba07852bdaee75fb3185473eef896,2026-08-23T01:24:27.000Z,Q2
all_weight_entries,Thundergod2007/vipragsent-phobert-checkpoints,model,campaigns/vipragsent-v7-compact-20260820-190bb0f24a7e75a8/SHARD_H100_MIG20_COMPACT/nb-170d4c47-8a39-47ad-9425-d231de44fc92-857677f648-2qn8f/science/checkpoints/q2_no_polarity_auxiliary_20260523/immutable_boundaries/4543F38DC773/epoch_001.pt,1719203270,062060bfdbed4f1feedd4e2a5f05e58865fda921,4543f38dc7734dbe0feb11a6d6f8b57097b1468a089585f3c7edfc666fddd910,1719203270,135,f36d2ebe9161f6b8e178bef6199438d167c7964cbfcdeaa8d3d51c6494fd9d25,135438d18af7c0d7811495e1a4a9485e25ad1f58,2026-08-23T01:22:39.000Z,Q2
all_weight_entries,Thundergod2007/vipragsent-phobert-checkpoints,model,campaigns/vipragsent-v7-compact-20260820-190bb0f24a7e75a8/SHARD_H100_MIG20_COMPACT/nb-170d4c47-8a39-47ad-9425-d231de44fc92-857677f648-2qn8f/science/checkpoints/q2_no_polarity_auxiliary_20260523/immutable_boundaries/4DB19196AEFF/epoch_003.pt,1719203462,6d7e9efab9a57b7d32451c6e4b1a7b7c0dec6a1d,4db19196aeff6253a4a54bac6103409939911c696a4776dd5407ed597dfbac26,1719203462,135,0fa911365338a2b7b23e345fe9190fe29bdbb039f9c499ce52843daa813c0e4c,ad28b436a7243c5fe37e84cf29660b3759a5b256,2026-08-23T01:26:15.000Z,Q2
all_weight_entries,Thundergod2007/vipragsent-phobert-checkpoints,model,campaigns/vipragsent-v7-compact-20260820-190bb0f24a7e75a8/SHARD_H100_MIG20_COMPACT/nb-170d4c47-8a39-47ad-9425-d231de44fc92-857677f648-2qn8f/science/checkpoints/q2_no_polarity_auxiliary_20260523/immutable_boundaries/6F396954FE78/epoch_005.pt,1719203718,26d7842c8f5dd274c862b440984391b32eaa0ad1,6f396954fe78ec93673bb1cd850079a391006606f9b56888b8db4e7a7afeccbe,1719203718,135,4e3c3e9cc11a7763765cd8ba07e36cb67b388e7482498bb85b8e1076111c4511,ee196061114ae02e14b11cee2b9543835f2c2e54,2026-08-23T01:29:51.000Z,Q2
all_weight_entries,Thundergod2007/vipragsent-phobert-checkpoints,model,campaigns/vipragsent-v7-compact-20260820-190bb0f24a7e75a8/SHARD_H100_MIG20_COMPACT/nb-170d4c47-8a39-47ad-9425-d231de44fc92-857677f648-2qn8f/science/checkpoints/q2_no_polarity_auxiliary_20260523/immutable_boundaries/7B6C871BA368/epoch_007.pt,1719203910,e5d75e253a2c2df93791fb960564d67094a24225,7b6c871ba36818939bbfbb0794d51a93bc5bef991e5f5b41b1f61798c3538007,1719203910,135,04d70c58311a953cf45ae1a7f208aca69584d1deb06cc218ceeb7b06a123cb16,73dcf01aa1029f22307c3c5e1eba27407211b43f,2026-08-23T01:33:30.000Z,Q2
all_weight_entries,Thundergod2007/vipragsent-phobert-checkpoints,model,campaigns/vipragsent-v7-compact-20260820-190bb0f24a7e75a8/SHARD_H100_MIG20_COMPACT/nb-170d4c47-8a39-47ad-9425-d231de44fc92-857677f648-2qn8f/science/checkpoints/q2_no_polarity_auxiliary_20260523/immutable_boundaries/EE2F559E5C9A/epoch_010.pt,1719204230,7813b11ecdf243b56bec282f538ca42c50f2bd9c,ee2f559e5c9aca8a599ebb9e70c0231ee6af5e275a3b9cd5483b309fa58e717f,1719204230,135,f9a0d88fcab2f8edb29df88cc4fec73602561a45bfb575778b51d36a5aa27bb7,ecd5872bce746f6f6aa0af8501f21b6f35a69137,2026-08-23T01:38:53.000Z,Q2
all_weight_entries,Thundergod2007/vipragsent-phobert-checkpoints,model,campaigns/vipragsent-v7-compact-20260820-190bb0f24a7e75a8/SHARD_H100_MIG20_COMPACT/nb-170d4c47-8a39-47ad-9425-d231de44fc92-857677f648-2qn8f/science/checkpoints/q2_no_rationale_20260521/immutable_boundaries/1481A0B98150/epoch_006.pt,1613347594,113fc1ac0f710f84bff47b056438baf54e6e4607,1481a0b981501b80fd7bef0c41d262cb7b769254ad1e919333ea098fbd6ae3a9,1613347594,135,f3a74c987d2d603703a4697cca00ac3ed6dbec50c4db3f582d9ae2ec9fd8ac0b,32828acae51e04192c75fc4a66cd2c40e7b14379,2026-08-23T01:51:14.000Z,Q2
all_weight_entries,Thundergod2007/vipragsent-phobert-checkpoints,model,campaigns/vipragsent-v7-compact-20260820-190bb0f24a7e75a8/SHARD_H100_MIG20_COMPACT/nb-170d4c47-8a39-47ad-9425-d231de44fc92-857677f648-2qn8f/science/checkpoints/q2_no_rationale_20260521/immutable_boundaries/2201C5243A16/epoch_007.pt,1613347658,fddb953aaa46dbebec1640b2a720210906e18b6c,2201c5243a16bef08153432436b63c7cc3ba13114fa4722db47f3f0a5c527cc1,1613347658,135,deaf4f44ae591cd7e77e17cc54f3e7c25eaf1d2930b942efc27b841a4b86ff28,4a7d8199eb155699ebe4845cd19d0e0fa077b442,2026-08-23T01:52:53.000Z,Q2
all_weight_entries,Thundergod2007/vipragsent-phobert-checkpoints,model,campaigns/vipragsent-v7-compact-20260820-190bb0f24a7e75a8/SHARD_H100_MIG20_COMPACT/nb-170d4c47-8a39-47ad-9425-d231de44fc92-857677f648-2qn8f/science/checkpoints/q2_no_rationale_20260521/immutable_boundaries/7665233AD40E/epoch_005.pt,1613347466,6a9c952af977cd288851a1e00a5e9e01d908b8db,7665233ad40eedd8b364022dfa269f67e70d05da0162326933a49fbefc222f1d,1613347466,135,8263133b83a3560de7f1c649d428e5df8eb4b8718c75beb2063a1ecd148eb3c3,539cd9a8dd06c5182c43059b2927821416f92c90,2026-08-23T01:49:33.000Z,Q2
all_weight_entries,Thundergod2007/vipragsent-phobert-checkpoints,model,campaigns/vipragsent-v7-compact-20260820-190bb0f24a7e75a8/SHARD_H100_MIG20_COMPACT/nb-170d4c47-8a39-47ad-9425-d231de44fc92-857677f648-2qn8f/science/checkpoints/q2_no_rationale_20260521/immutable_boundaries/93449391BEEA/epoch_009.pt,1613347914,ebdfedc48fcb9b275f5cda6316c797313de4f2f4,93449391beea42382728fbc2d3c6717bf050ec273d91d76b2c5f05e96202eb9f,1613347914,135,3d1bca2339c3739622a280c5cbb199f6a78e2380d10d4a98e2cbd0a07c51eab0,59e92f20b6f56093512ec46093bfe8cae267c90f,2026-08-23T01:56:13.000Z,Q2
all_weight_entries,Thundergod2007/vipragsent-phobert-checkpoints,model,campaigns/vipragsent-v7-compact-20260820-190bb0f24a7e75a8/SHARD_H100_MIG20_COMPACT/nb-170d4c47-8a39-47ad-9425-d231de44fc92-857677f648-2qn8f/science/checkpoints/q2_no_rationale_20260521/immutable_boundaries/A36C41716F6A/epoch_010.pt,1613347978,0cc1aed8284be1149722220a08c13d670190efb2,a36c41716f6a51dc0c6d77ffbb3380615bc6e334c749585e98d4dce716329e67,1613347978,135,cf7f829e96250c56e5faed622e932ae8339e2988f7c8d410648f43051ee050d3,9317601bfe53127b22520cfa3faae33af4bb82b0,2026-08-23T01:57:53.000Z,Q2
all_weight_entries,Thundergod2007/vipragsent-phobert-checkpoints,model,campaigns/vipragsent-v7-compact-20260820-190bb0f24a7e75a8/SHARD_H100_MIG20_COMPACT/nb-170d4c47-8a39-47ad-9425-d231de44fc92-857677f648-2qn8f/science/checkpoints/q2_no_rationale_20260521/immutable_boundaries/B3615F467E16/epoch_008.pt,1613347786,c70d776c99b3bf3691d9c9a2ec69b034ae23b860,b3615f467e163ce5b524a73708a427337c652d9fc330b6cd8aac756640376658,1613347786,135,a38944bb06f4fde843fb4914e49321fc871d404fb5671d1a49662069d82be3b7,51d62c060e32178b8bf10080bee10f67d118aef5,2026-08-23T01:54:33.000Z,Q2
all_weight_entries,Thundergod2007/vipragsent-phobert-checkpoints,model,campaigns/vipragsent-v7-compact-20260820-190bb0f24a7e75a8/SHARD_H100_MIG20_COMPACT/nb-170d4c47-8a39-47ad-9425-d231de44fc92-857677f648-2qn8f/science/checkpoints/q2_no_rationale_20260521/immutable_boundaries/B56B96BCB8C8/epoch_001.pt,1613347018,05ad6012e82fa90dbc34645760e264e7e83f5c65,b56b96bcb8c81841118fae527cebb598bec4e49a313ca14883e4105e35705019,1613347018,135,483aa3eace7a43b499c73b2ecdde7d614792f84800971367fe445b8bc39860df,e7213859cd22dcb0e65f172df69db5484cf71ce1,2026-08-23T01:42:52.000Z,Q2
all_weight_entries,Thundergod2007/vipragsent-phobert-checkpoints,model,campaigns/vipragsent-v7-compact-20260820-190bb0f24a7e75a8/SHARD_H100_MIG20_COMPACT/nb-170d4c47-8a39-47ad-9425-d231de44fc92-857677f648-2qn8f/science/checkpoints/q2_no_rationale_20260521/immutable_boundaries/C1964860B91C/epoch_003.pt,1613347274,2cd3682420dfd7f5fa79a2ab85b5eea533d72e92,c1964860b91c0306f05505d80626352875b3812c5ebacfafa367afdf529748ee,1613347274,135,9f21509726e9fd71353d8be61340d275ec9abcbfd9a5ea3f87ef51add8ae7706,fa6d07293cdb4e7b019bfd73a3d07b2780ba0361,2026-08-23T01:46:13.000Z,Q2
all_weight_entries,Thundergod2007/vipragsent-phobert-checkpoints,model,campaigns/vipragsent-v7-compact-20260820-190bb0f24a7e75a8/SHARD_H100_MIG20_COMPACT/nb-170d4c47-8a39-47ad-9425-d231de44fc92-857677f648-2qn8f/science/checkpoints/q2_no_rationale_20260521/immutable_boundaries/C3CEAC40A979/epoch_004.pt,1613347338,8a7113f13e47850bdc91c450379d260ff96abad1,c3ceac40a9792a0f72aa2c454a8b1783c5291a59661b144c5f769e122319272d,1613347338,135,a132d04ca66bcec2cdaf475503faa66e585889a193e936f9f881e0d3de45f631,ed8d7c180b8b90743542fff7493436c2927a4d00,2026-08-23T01:47:52.000Z,Q2
all_weight_entries,Thundergod2007/vipragsent-phobert-checkpoints,model,campaigns/vipragsent-v7-compact-20260820-190bb0f24a7e75a8/SHARD_H100_MIG20_COMPACT/nb-170d4c47-8a39-47ad-9425-d231de44fc92-857677f648-2qn8f/science/checkpoints/q2_no_rationale_20260521/immutable_boundaries/E1E70C7E7E59/epoch_002.pt,1613347146,02b6077c824efa015fa9b765744ede80273ad345,e1e70c7e7e59e0eb14c96489cda108ade14840d417ee366f960b23e3b87437f0,1613347146,135,29e254a7d1ab797573d911179aa5d927a9644c61a1ef8eace89ad2d86737988f,30bb88537a72470291d85d0aa3e5732eb60779e6,2026-08-23T01:44:32.000Z,Q2
all_weight_entries,Thundergod2007/vipragsent-phobert-checkpoints,model,campaigns/vipragsent-v7-compact-20260820-190bb0f24a7e75a8/SHARD_H100_MIG20_COMPACT/nb-170d4c47-8a39-47ad-9425-d231de44fc92-857677f648-2qn8f/science/checkpoints/q2_no_rationale_20260522/immutable_boundaries/06AC38A9D147/epoch_003.pt,1613347402,83af1ce7c834ed42fc71dd4de636ac9347981346,06ac38a9d14747415ed7078222d8c5b380af3d052c68085ee35fdac3021dd63a,1613347402,135,a635412d4eb1aaf6ee6904db3fbaa97994c342ee987e8d480df6d6a7eb4d2a13,4f42330c9620ff192b862c404f6bb02747c20f8a,2026-08-23T02:05:09.000Z,Q2
all_weight_entries,Thundergod2007/vipragsent-phobert-checkpoints,model,campaigns/vipragsent-v7-compact-20260820-190bb0f24a7e75a8/SHARD_H100_MIG20_COMPACT/nb-170d4c47-8a39-47ad-9425-d231de44fc92-857677f648-2qn8f/science/checkpoints/q2_no_rationale_20260522/immutable_boundaries/1C62A91345A6/epoch_007.pt,1613347786,c5b83673d891877ef7d69ee3f99672f7116e5294,1c62a91345a61173956f7731d76e8c1b7c0b9769acf7831d228524273bb04565,1613347786,135,4aee7f739cd88b00db7769cda85d904cd95d36ae533f08278120e518245638e9,5fd0f84d4c7bf791fe2a5a6196ac7f1ecfbf7f2a,2026-08-23T02:11:53.000Z,Q2
all_weight_entries,Thundergod2007/vipragsent-phobert-checkpoints,model,campaigns/vipragsent-v7-compact-20260820-190bb0f24a7e75a8/SHARD_H100_MIG20_COMPACT/nb-170d4c47-8a39-47ad-9425-d231de44fc92-857677f648-2qn8f/science/checkpoints/q2_no_rationale_20260522/immutable_boundaries/419255231859/epoch_004.pt,1613347466,90d01b2848eabff1aae97c74beb8158609a7464b,4192552318597b0fb7f3e4f0e518e8b4a7d8e48c858ff3f25a3ee61420812738,1613347466,135,510bcf3d6b8e3e6a053f7e5eb5fbd583a6f905b35a98f43d99812b6e1db47656,c1a28fdef8d9686bce45e5e0d629a92354bfda4c,2026-08-23T02:06:52.000Z,Q2
all_weight_entries,Thundergod2007/vipragsent-phobert-checkpoints,model,campaigns/vipragsent-v7-compact-20260820-190bb0f24a7e75a8/SHARD_H100_MIG20_COMPACT/nb-170d4c47-8a39-47ad-9425-d231de44fc92-857677f648-2qn8f/science/checkpoints/q2_no_rationale_20260522/immutable_boundaries/6235785768D2/epoch_010.pt,1613348106,9fa2452ccc0fb141ed1b27cd1135039232dac076,6235785768d275a3edfe8c6147e97bb8f01df050aeb563f1455403183614c3ba,1613348106,135,1e15ed3d3fbc2a06ea7347fc7559e7113bb72811cff1d21650ec614390bf3826,d5f0248eac6804a096e64eb6934eec6f67b9d56e,2026-08-23T02:16:57.000Z,Q2
all_weight_entries,Thundergod2007/vipragsent-phobert-checkpoints,model,campaigns/vipragsent-v7-compact-20260820-190bb0f24a7e75a8/SHARD_H100_MIG20_COMPACT/nb-170d4c47-8a39-47ad-9425-d231de44fc92-857677f648-2qn8f/science/checkpoints/q2_no_rationale_20260522/immutable_boundaries/7296708D9207/epoch_008.pt,1613347914,696b1131a8c67a5946f6bb4929d23e19d04bb1bc,7296708d9207e2264239fae2ce43dc1db82beb29a62f6eac452a11cd8f27ca8c,1613347914,135,afd1f086b4c9875e6717c8bdec2f3e6fcba39e4e3a3199a80ff70d202d45d480,d17826bbc7b21ebede4bc3994372ee5b1e1433c7,2026-08-23T02:13:35.000Z,Q2
all_weight_entries,Thundergod2007/vipragsent-phobert-checkpoints,model,campaigns/vipragsent-v7-compact-20260820-190bb0f24a7e75a8/SHARD_H100_MIG20_COMPACT/nb-170d4c47-8a39-47ad-9425-d231de44fc92-857677f648-2qn8f/science/checkpoints/q2_no_rationale_20260522/immutable_boundaries/72A77D1E3BCD/epoch_006.pt,1613347722,d02b69996de13d0f7b77d268c609792db63f1e98,72a77d1e3bcd8c6a2e8d081476845d02fb849f61db8d78170a1c5215af89053a,1613347722,135,2fe00ae5f393cd85dfbc6e4667679a9f5fb6839eef7e3cd18103e109eadc5d6a,df32265827726faa2cc1a9a014c3d473ac790d3c,2026-08-23T02:10:13.000Z,Q2
all_weight_entries,Thundergod2007/vipragsent-phobert-checkpoints,model,campaigns/vipragsent-v7-compact-20260820-190bb0f24a7e75a8/SHARD_H100_MIG20_COMPACT/nb-170d4c47-8a39-47ad-9425-d231de44fc92-857677f648-2qn8f/science/checkpoints/q2_no_rationale_20260522/immutable_boundaries/9C77116B2465/epoch_005.pt,1613347594,e3367d677c95f1f0e8709cfea7b15f9762f178fa,9c77116b2465a4d960ba6a49564eda05afc3a492acaa867d98c7df0f2cc7b6c9,1613347594,135,23ced82ca88e7e145b9c3f763e86326863a92fb910d0573facdb2eb7363d81eb,9328f23c2a193512c589b72b944b96d94bc53e3d,2026-08-23T02:08:32.000Z,Q2
all_weight_entries,Thundergod2007/vipragsent-phobert-checkpoints,model,campaigns/vipragsent-v7-compact-20260820-190bb0f24a7e75a8/SHARD_H100_MIG20_COMPACT/nb-170d4c47-8a39-47ad-9425-d231de44fc92-857677f648-2qn8f/science/checkpoints/q2_no_rationale_20260522/immutable_boundaries/A9BD1F5A9BCE/epoch_001.pt,1613347146,671d2e2b9f3ba650ce1ca1cc9189bf9d06236b8d,a9bd1f5a9bce10d8e0aaa163464ef5c6c49686f36ca404ab4907e964e230cc59,1613347146,135,45de8420e817816f6f2aed3cb387c901a270f1302a31c7a1b328248e1b78a533,04bc7ee27763d89dcdf4c6474cefe4fa5fd81158,2026-08-23T02:01:45.000Z,Q2
all_weight_entries,Thundergod2007/vipragsent-phobert-checkpoints,model,campaigns/vipragsent-v7-compact-20260820-190bb0f24a7e75a8/SHARD_H100_MIG20_COMPACT/nb-170d4c47-8a39-47ad-9425-d231de44fc92-857677f648-2qn8f/science/checkpoints/q2_no_rationale_20260522/immutable_boundaries/C0904319090C/epoch_009.pt,1613348042,02b951815b623d5c62132f6b42658d18aeb6b4e4,c0904319090c6bd1cb7a1ee8a040a1fa7f2e3640112f03f37b2c54dcdbbf7de1,1613348042,135,da1368130a7072e00e581a6fc74992eae99069a249b366aa0a94fe116ae031d5,ce06b550f4298fdf6f40bbfb873997a0389ff938,2026-08-23T02:15:16.000Z,Q2
all_weight_entries,Thundergod2007/vipragsent-phobert-checkpoints,model,campaigns/vipragsent-v7-compact-20260820-190bb0f24a7e75a8/SHARD_H100_MIG20_COMPACT/nb-170d4c47-8a39-47ad-9425-d231de44fc92-857677f648-2qn8f/science/checkpoints/q2_no_rationale_20260522/immutable_boundaries/D40F9EDED696/epoch_002.pt,1613347274,1ed6ca774e1f708b984067eec0dd87eca76be8fe,d40f9eded69682350ef25268a992117d5ef9a69c791831e25a5ae57538ca6738,1613347274,135,ca95c588107f7ee3c56908a4e58bf8670107a0c158bca65bfd8d30160470c419,48c58333515466d2e83ad6e3df2a62bcefbcd9d5,2026-08-23T02:03:26.000Z,Q2
all_weight_entries,Thundergod2007/vipragsent-phobert-checkpoints,model,campaigns/vipragsent-v7-compact-20260820-190bb0f24a7e75a8/SHARD_H100_MIG20_COMPACT/nb-170d4c47-8a39-47ad-9425-d231de44fc92-857677f648-2qn8f/science/checkpoints/q2_no_rationale_20260523/immutable_boundaries/07754C559905/epoch_008.pt,1613347914,b496e69fa5b4d1e1092d5976cc678af94ad1d690,07754c559905faa3c15e6c28e20caf7928f062e952e3fd28bc92180a9447ce95,1613347914,135,b12360e958301ad676336e24a67436a849b5e0011127cab4864ea9324dd22083,410d9903bab2603e91cbf44cbdd6ac270c24dacb,2026-08-23T02:32:30.000Z,Q2
all_weight_entries,Thundergod2007/vipragsent-phobert-checkpoints,model,campaigns/vipragsent-v7-compact-20260820-190bb0f24a7e75a8/SHARD_H100_MIG20_COMPACT/nb-170d4c47-8a39-47ad-9425-d231de44fc92-857677f648-2qn8f/science/checkpoints/q2_no_rationale_20260523/immutable_boundaries/215C74D65964/epoch_001.pt,1613347146,cfa1e6e4cb4cb9148126eee76848676e86798fc2,215c74d65964c0ca21edcec0a50754a33b73a58a25331a0facd02d88dd401ede,1613347146,135,2696d4bd275a9411593c362944ff23e3628640d96b8b81dee68baee6658b0f24,591031cb7b7dfdab18ca9581d666bb5f69f731e3,2026-08-23T02:20:44.000Z,Q2
all_weight_entries,Thundergod2007/vipragsent-phobert-checkpoints,model,campaigns/vipragsent-v7-compact-20260820-190bb0f24a7e75a8/SHARD_H100_MIG20_COMPACT/nb-170d4c47-8a39-47ad-9425-d231de44fc92-857677f648-2qn8f/science/checkpoints/q2_no_rationale_20260523/immutable_boundaries/41A9A02EA57D/epoch_004.pt,1613347466,1e3abe24803adc017567dad6f857f82f685867cb,41a9a02ea57d380a9c2b4aba8b96aceb805c95f061f900ce58a8f02acaaf8af5,1613347466,135,21af79a03e52a68a86f1110f345acef3b6406442b17b6187e51e6213924d791e,d205321a4a60bc67acb6ce074600ed4f9357fbab,2026-08-23T02:25:46.000Z,Q2
all_weight_entries,Thundergod2007/vipragsent-phobert-checkpoints,model,campaigns/vipragsent-v7-compact-20260820-190bb0f24a7e75a8/SHARD_H100_MIG20_COMPACT/nb-170d4c47-8a39-47ad-9425-d231de44fc92-857677f648-2qn8f/science/checkpoints/q2_no_rationale_20260523/immutable_boundaries/517ADB8BE058/epoch_003.pt,1613347402,8ac5ddb88e0788e32336d69543d428296181be3b,517adb8be0589d76ce3962c0b6b74cd8659d1a867b3a2084098045a684e57b9a,1613347402,135,be776299a93832d52bbda8d5c79ed307630ab860e54c394cc49511648dc522a7,e2d7bb17ad21d4b1672d525bda8ebd096c89ac30,2026-08-23T02:24:06.000Z,Q2
all_weight_entries,Thundergod2007/vipragsent-phobert-checkpoints,model,campaigns/vipragsent-v7-compact-20260820-190bb0f24a7e75a8/SHARD_H100_MIG20_COMPACT/nb-170d4c47-8a39-47ad-9425-d231de44fc92-857677f648-2qn8f/science/checkpoints/q2_no_rationale_20260523/immutable_boundaries/9695C2713D0C/epoch_006.pt,1613347722,b954bc25871f08df1e2ebbdb8b6456c8afbecf6f,9695c2713d0c89322dc186a4086e56bb50d4baa1e8a14db881ff70296a2f8770,1613347722,135,ed40eef020ab2c08ece37b8f3b487ed7081db9469b5d8d2a7f566d430160f434,2d37eabe834b66a126df63c7f6a3c76c14cb6487,2026-08-23T02:29:08.000Z,Q2
all_weight_entries,Thundergod2007/vipragsent-phobert-checkpoints,model,campaigns/vipragsent-v7-compact-20260820-190bb0f24a7e75a8/SHARD_H100_MIG20_COMPACT/nb-170d4c47-8a39-47ad-9425-d231de44fc92-857677f648-2qn8f/science/checkpoints/q2_no_rationale_20260523/immutable_boundaries/B27D8963E92E/epoch_007.pt,1613347786,008edfe46904490c4f9144da9aedfef69e082a59,b27d8963e92e795877181b0279b2d848ecaa7bd93e46dfbe77b75c034648b86a,1613347786,135,f67d9529ff117088fe21dc31ffa2e549f96ab722c892a152852b014fd6c20ce9,dec13f42634ffb080e3978b6df2c80e4354f68d8,2026-08-23T02:30:49.000Z,Q2
all_weight_entries,Thundergod2007/vipragsent-phobert-checkpoints,model,campaigns/vipragsent-v7-compact-20260820-190bb0f24a7e75a8/SHARD_H100_MIG20_COMPACT/nb-170d4c47-8a39-47ad-9425-d231de44fc92-857677f648-2qn8f/science/checkpoints/q2_no_rationale_20260523/immutable_boundaries/CD4725505FE8/epoch_005.pt,1613347594,49f2b4235d38cabf1a916b6063375a9e056ace72,cd4725505fe8e14764834b3213c77003e0c9e6b81a0ab3d629eb8b0477381e1f,1613347594,135,7b1afffb76336c975d5d98ca96d2f55669cc26d11a3452cb423e7ad7ac14c910,2952a3d69f5c9389c7402eb4d282613a52bad4c7,2026-08-23T02:27:28.000Z,Q2
all_weight_entries,Thundergod2007/vipragsent-phobert-checkpoints,model,campaigns/vipragsent-v7-compact-20260820-190bb0f24a7e75a8/SHARD_H100_MIG20_COMPACT/nb-170d4c47-8a39-47ad-9425-d231de44fc92-857677f648-2qn8f/science/checkpoints/q2_no_rationale_20260523/immutable_boundaries/D3B8939A77C2/epoch_009.pt,1613348042,d16f957b91c6160112ee7455e37cf15d339464b2,d3b8939a77c2c840cb1103912654473162cd4853a2c3ec8f177eb12f18b8d1f5,1613348042,135,7a34cdcbb14436eb016a5c9b2e9b0406c7de13918c3fd04d4a30cccf59f4f443,e0f78551e4cebc14316f9deb26f6024c91b2f4a4,2026-08-23T02:34:08.000Z,Q2
all_weight_entries,Thundergod2007/vipragsent-phobert-checkpoints,model,campaigns/vipragsent-v7-compact-20260820-190bb0f24a7e75a8/SHARD_H100_MIG20_COMPACT/nb-170d4c47-8a39-47ad-9425-d231de44fc92-857677f648-2qn8f/science/checkpoints/q2_no_rationale_20260523/immutable_boundaries/E648063A6C82/epoch_002.pt,1613347274,2c4f9f0eb733c92507c932bcc350fb8c3b92a494,e648063a6c824e46c515971af157ff7e627bd72499fbed475c5c0de03f9f0989,1613347274,135,be81db6a817d1f0c0d1e17577d247c19f230c1cd73940770cf1147e2764430c9,a15e714cdf44b37e81c3871ee79b64c13ffb1489,2026-08-23T02:22:24.000Z,Q2
all_weight_entries,Thundergod2007/vipragsent-phobert-checkpoints,model,campaigns/vipragsent-v7-compact-20260820-190bb0f24a7e75a8/SHARD_H100_MIG20_COMPACT/nb-170d4c47-8a39-47ad-9425-d231de44fc92-857677f648-2qn8f/science/checkpoints/q2_no_rationale_20260523/immutable_boundaries/ED4E813E65CB/epoch_010.pt,1613348106,ca2a1449291ed5c6f83848805df25c25536c8531,ed4e813e65cb69eae11c53cb4fbf285a2c5fb34954c60f1f278a2d0486bbe32d,1613348106,135,3a4c2286b08534b1dc2ef7c036a110e1a7ca9542992fa6fb8433c2bc0bbc5079,34a0310724c9c63c4906ef7d7109e1fd2f9bc02c,2026-08-23T02:35:45.000Z,Q2
all_weight_entries,Thundergod2007/vipragsent-phobert-checkpoints,model,campaigns/vipragsent-v7-compact-20260820-190bb0f24a7e75a8/SHARD_H100_MIG20_COMPACT/nb-170d4c47-8a39-47ad-9425-d231de44fc92-857677f648-2qn8f/science/checkpoints/q2_no_uncertainty_weighting_20260521/immutable_boundaries/4F3B3DB91E7B/epoch_008.pt,1719225754,4a7300a0c527ba9ddb0843a1524b1a4e9ecf4a11,4f3b3db91e7bbe6812f9bc3120d9caada10ec67ab0caf33926f7ee952a712ac1,1719225754,135,915f79b4f2d6030ba9232dd7813994c2e0ca54ffa6fd78151218ebe3e06df72c,c76a0f05258bc0745c1d9a1dd56133e2ad8ebb7b,2026-08-23T02:51:54.000Z,Q2
all_weight_entries,Thundergod2007/vipragsent-phobert-checkpoints,model,campaigns/vipragsent-v7-compact-20260820-190bb0f24a7e75a8/SHARD_H100_MIG20_COMPACT/nb-170d4c47-8a39-47ad-9425-d231de44fc92-857677f648-2qn8f/science/checkpoints/q2_no_uncertainty_weighting_20260521/immutable_boundaries/748FDD63A2F3/epoch_004.pt,1719225370,69c12068d747d39a1aec55c08840e3cf161ca1f9,748fdd63a2f33d93634fbb13ef1685fd90a349c4f26bdc8d40f65583912a2a04,1719225370,135,0a702c77394c4b0c91e1479014b54b958245218510ae14fa77372eb4be91cd3f,36c9ebafe52c96329b2637c1891445de06c04f6f,2026-08-23T02:44:58.000Z,Q2
all_weight_entries,Thundergod2007/vipragsent-phobert-checkpoints,model,campaigns/vipragsent-v7-compact-20260820-190bb0f24a7e75a8/SHARD_H100_MIG20_COMPACT/nb-170d4c47-8a39-47ad-9425-d231de44fc92-857677f648-2qn8f/science/checkpoints/q2_no_uncertainty_weighting_20260521/immutable_boundaries/78536E1A892B/epoch_009.pt,1719225882,15ff3f9f844adc2521cfdc7904e12afdf8a035a3,78536e1a892b0947a7fd13de9bb70fbf4c58052008e94fd19de41525c3234389,1719225882,135,974713f018dd641a1e953542a2f41b20fb84424a428ca3cbaa707cb81c8cccb8,eef616d167592fcbc1599aeab7b30fe8bcb8bf06,2026-08-23T02:53:39.000Z,Q2
all_weight_entries,Thundergod2007/vipragsent-phobert-checkpoints,model,campaigns/vipragsent-v7-compact-20260820-190bb0f24a7e75a8/SHARD_H100_MIG20_COMPACT/nb-170d4c47-8a39-47ad-9425-d231de44fc92-857677f648-2qn8f/science/checkpoints/q2_no_uncertainty_weighting_20260521/immutable_boundaries/867A8DE61B28/epoch_001.pt,1719225050,725aac266b316bad45363848e21c47c0e4638d3f,867a8de61b284ccd6f6d26b233f66a04b48697c72b6df250d9a36d835f230cae,1719225050,135,90add629361e18f2f605b4f89af2373742b63b36bf8b477cdb5ab6e9c3148f12,872e9409e6fefa26c212189d03149a2636508e40,2026-08-23T02:39:43.000Z,Q2
all_weight_entries,Thundergod2007/vipragsent-phobert-checkpoints,model,campaigns/vipragsent-v7-compact-20260820-190bb0f24a7e75a8/SHARD_H100_MIG20_COMPACT/nb-170d4c47-8a39-47ad-9425-d231de44fc92-857677f648-2qn8f/science/checkpoints/q2_no_uncertainty_weighting_20260521/immutable_boundaries/BC9D3FEB71A2/epoch_007.pt,1719225690,900754dade4e20e2cd57996ca2710f402b49e74c,bc9d3feb71a27b243a6c69b431a4470d910045801190e1f5a08608a4de3f9843,1719225690,135,9ca6a360ea0ea924179bb7d55148d396ad2fa76624a7e5a5c463b42a1e757bc0,92aeb7403756c0a7d6b39071c069e07be9b5edfc,2026-08-23T02:50:10.000Z,Q2
all_weight_entries,Thundergod2007/vipragsent-phobert-checkpoints,model,campaigns/vipragsent-v7-compact-20260820-190bb0f24a7e75a8/SHARD_H100_MIG20_COMPACT/nb-170d4c47-8a39-47ad-9425-d231de44fc92-857677f648-2qn8f/science/checkpoints/q2_no_uncertainty_weighting_20260521/immutable_boundaries/CC0FF792FA9A/epoch_006.pt,1719225562,47546fb2066a12d2213d98a47812c58698800266,cc0ff792fa9a69bf654e5da71cb8e219a7ebb874e796272912614c60f70728a4,1719225562,135,1440bfa77ecb309d8d72a80b1375d347a744ae7428bda30a5ae9499503cbd3bd,d8530ef1e336a4fbaf72ff12a812b0571c03364d,2026-08-23T02:48:26.000Z,Q2
all_weight_entries,Thundergod2007/vipragsent-phobert-checkpoints,model,campaigns/vipragsent-v7-compact-20260820-190bb0f24a7e75a8/SHARD_H100_MIG20_COMPACT/nb-170d4c47-8a39-47ad-9425-d231de44fc92-857677f648-2qn8f/science/checkpoints/q2_no_uncertainty_weighting_20260521/immutable_boundaries/CC13041C1ABE/epoch_002.pt,1719225114,cec9cb447f49af94a234c2bba76c1f311aa2067c,cc13041c1abe264be591ec300ed646d397b862691a5e272e799f588727b512a6,1719225114,135,7f952dfcd45c97372101c3db85587bc033da1b3b190b4ac841e96f250267c969,2153d14b84ee6e93bec0a0bb57b23566591d7fc4,2026-08-23T02:41:27.000Z,Q2
all_weight_entries,Thundergod2007/vipragsent-phobert-checkpoints,model,campaigns/vipragsent-v7-compact-20260820-190bb0f24a7e75a8/SHARD_H100_MIG20_COMPACT/nb-170d4c47-8a39-47ad-9425-d231de44fc92-857677f648-2qn8f/science/checkpoints/q2_no_uncertainty_weighting_20260521/immutable_boundaries/CC4B40FC6544/epoch_005.pt,1719225434,40d097206dffb77a093fd0f512496cc1c91b7219,cc4b40fc6544fcaf4a70bf12eb5ef5113333ed798a0a34c1404afa8e957f1d4c,1719225434,135,6b52e7c447efdc2089b674b11fa15c110302aba2012ad791102589e2e88d8cee,a8860b62ff31ceb64e118b67e5b4c93a120b486c,2026-08-23T02:46:42.000Z,Q2
all_weight_entries,Thundergod2007/vipragsent-phobert-checkpoints,model,campaigns/vipragsent-v7-compact-20260820-190bb0f24a7e75a8/SHARD_H100_MIG20_COMPACT/nb-170d4c47-8a39-47ad-9425-d231de44fc92-857677f648-2qn8f/science/checkpoints/q2_no_uncertainty_weighting_20260521/immutable_boundaries/FE6B659F474F/epoch_003.pt,1719225242,7db8d8336bf5ac0421d230118e03d3d0be1a4f9e,fe6b659f474fd01efa0306c0254ede79deaa92ef87baecd69903526405e93e5d,1719225242,135,da9331f47852c440d2b76465836e0ff0b6842dcab22b9e051966e2dc0de12d76,e17e8816252db21924e43a4b8152a1c86360ab8e,2026-08-23T02:43:12.000Z,Q2
all_weight_entries,Thundergod2007/vipragsent-phobert-checkpoints,model,campaigns/vipragsent-v7-compact-20260820-190bb0f24a7e75a8/SHARD_H100_MIG20_COMPACT/nb-170d4c47-8a39-47ad-9425-d231de44fc92-857677f648-2qn8f/science/checkpoints/q2_no_uncertainty_weighting_20260521/immutable_boundaries/FE80739221B0/epoch_010.pt,1719226010,7ed7170a91c3aca7dad39b6dc0bf33eac0886582,fe80739221b07a567283dd23989726e766cad7770edc9fa67b9c75713faeafb6,1719226010,135,1054e570c99e433cd0de60744a6f74155e11e0fe554e4ba5e6845b5a0213c1bf,2db2b94b7ce633855890af8b90772f216181f190,2026-08-23T02:55:21.000Z,Q2
all_weight_entries,Thundergod2007/vipragsent-phobert-checkpoints,model,campaigns/vipragsent-v7-compact-20260820-190bb0f24a7e75a8/SHARD_H100_MIG20_COMPACT/nb-170d4c47-8a39-47ad-9425-d231de44fc92-857677f648-2qn8f/science/checkpoints/q2_no_uncertainty_weighting_20260522/immutable_boundaries/02C02686CC6C/epoch_005.pt,1719225562,04fa0612e5ffff5c1a9a30c2fd04daa1dd8ed26f,02c02686cc6c676ea2948d3a2ca448e1871502babe7d95d874bb8d2451b15440,1719225562,135,8d22f97eac67ea387d57755987b14d500dd0d207e7b6b9628b3eda482c7917bd,f58f5e8aecc88a55b7403b31576cba06ca702130,2026-08-23T03:24:33.000Z,Q2
all_weight_entries,Thundergod2007/vipragsent-phobert-checkpoints,model,campaigns/vipragsent-v7-compact-20260820-190bb0f24a7e75a8/SHARD_H100_MIG20_COMPACT/nb-170d4c47-8a39-47ad-9425-d231de44fc92-857677f648-2qn8f/science/checkpoints/q2_no_uncertainty_weighting_20260522/immutable_boundaries/18D5EF81C3A6/epoch_003.pt,1719225370,db38dd1ade408a32ab8a8f626375e1903a3ece92,18d5ef81c3a63a8b79b0152e3c6e3c50db841d3af157392317307a0b8326b4fc,1719225370,135,0581354d234d07a53b3466fc529f196433699bec7df7f1aa5321ce10c7dfce89,a0f166aff04d4093a1d84d213aadc78450cb68da,2026-08-23T03:22:25.000Z,Q2
all_weight_entries,Thundergod2007/vipragsent-phobert-checkpoints,model,campaigns/vipragsent-v7-compact-20260820-190bb0f24a7e75a8/SHARD_H100_MIG20_COMPACT/nb-170d4c47-8a39-47ad-9425-d231de44fc92-857677f648-2qn8f/science/checkpoints/q2_no_uncertainty_weighting_20260522/immutable_boundaries/7350B03B0355/epoch_006.pt,1719225690,8d8bbb98aea4919da5ffaa4a2f4e37cfbdc71001,7350b03b0355c5f6ca99189a258bc3317b547ef9ebd4fe22f4467cb4fcd3828e,1719225690,135,f60672e84612f5b9df3db578b314c2e4c89cfd6545ca76ee22236997f309cec1,a99397914e2735a0cc1f1c85d278a89e4957d651,2026-08-23T03:25:35.000Z,Q2
all_weight_entries,Thundergod2007/vipragsent-phobert-checkpoints,model,campaigns/vipragsent-v7-compact-20260820-190bb0f24a7e75a8/SHARD_H100_MIG20_COMPACT/nb-170d4c47-8a39-47ad-9425-d231de44fc92-857677f648-2qn8f/science/checkpoints/q2_no_uncertainty_weighting_20260522/immutable_boundaries/7C300ACA5435/epoch_010.pt,1719226138,8cf2d52eee6ea6fa86d9faca7fdeb94f067b8da8,7c300aca54358e4ec97656f482e3da83b8ce9377f8104d9a5e2c3b26d2071417,1719226138,135,87b09c958bced17298e6d371df2c0924fe0485b69dfd548bedaf58fe4ab36151,35c6c7c37495f66eec36694d175ddac8ba65bebc,2026-08-23T03:29:45.000Z,Q2
all_weight_entries,Thundergod2007/vipragsent-phobert-checkpoints,model,campaigns/vipragsent-v7-compact-20260820-190bb0f24a7e75a8/SHARD_H100_MIG20_COMPACT/nb-170d4c47-8a39-47ad-9425-d231de44fc92-857677f648-2qn8f/science/checkpoints/q2_no_uncertainty_weighting_20260522/immutable_boundaries/88C0F3C09A99/epoch_009.pt,1719226010,9cb56b96be403b28f25e07a3e6bda842533082eb,88c0f3c09a99cb3e4a6992c47b58eb884cb09dd80fc1414c0be6251992944bd0,1719226010,135,e55ba37f3cb80b1a0250979e07005f0c9709487b1dff7d69729b42d260703947,57d4092f84bbe4a90ce63660d33e072f68412a1e,2026-08-23T03:28:43.000Z,Q2
all_weight_entries,Thundergod2007/vipragsent-phobert-checkpoints,model,campaigns/vipragsent-v7-compact-20260820-190bb0f24a7e75a8/SHARD_H100_MIG20_COMPACT/nb-170d4c47-8a39-47ad-9425-d231de44fc92-857677f648-2qn8f/science/checkpoints/q2_no_uncertainty_weighting_20260522/immutable_boundaries/8DA748A72155/epoch_001.pt,1719225178,f4c4dd997dd3a157b359a8c2e145b6f933f25b1d,8da748a7215524f66be2b7c912b8aa8e336984823978d78d77bd1975014e816a,1719225178,135,6a6f8a0e5df30178a83d6fd8d19f855e22ace50c5ad74ec726bc2941f7722ddf,e0447289ee5144d7526a7069f1e324050ab38ab2,2026-08-23T03:20:18.000Z,Q2
all_weight_entries,Thundergod2007/vipragsent-phobert-checkpoints,model,campaigns/vipragsent-v7-compact-20260820-190bb0f24a7e75a8/SHARD_H100_MIG20_COMPACT/nb-170d4c47-8a39-47ad-9425-d231de44fc92-857677f648-2qn8f/science/checkpoints/q2_no_uncertainty_weighting_20260522/immutable_boundaries/C7B71F3A152E/epoch_002.pt,1719225242,4aedc5788a40a6bb6dcdc576f18912ef8e07ed90,c7b71f3a152e7c78837c54092c7e8c10378d1046d83a2bf5b9da12e1425f8b12,1719225242,135,6474110e6f6221cef9e0068743706d58a2bab70e9c444e48be158954e07766d4,0f4c7c284a6e334750e046807a82f437e4a02aef,2026-08-23T03:21:22.000Z,Q2
all_weight_entries,Thundergod2007/vipragsent-phobert-checkpoints,model,campaigns/vipragsent-v7-compact-20260820-190bb0f24a7e75a8/SHARD_H100_MIG20_COMPACT/nb-170d4c47-8a39-47ad-9425-d231de44fc92-857677f648-2qn8f/science/checkpoints/q2_no_uncertainty_weighting_20260522/immutable_boundaries/D0B2B976F3A4/epoch_007.pt,1719225818,0adda63c6631247cc53e96ad5a4d8f4a2904ecb1,d0b2b976f3a4a5685ea7466d2d592f1a7874334ffa68512146ca1db6796b5bd7,1719225818,135,afd9e7ab1291b7ba3e20ff51974c854a438cc3d715b612f27533c147fbffdecb,f7889e138b52e40828599ed3692114f3c8fdb4a5,2026-08-23T03:26:38.000Z,Q2
all_weight_entries,Thundergod2007/vipragsent-phobert-checkpoints,model,campaigns/vipragsent-v7-compact-20260820-190bb0f24a7e75a8/SHARD_H100_MIG20_COMPACT/nb-170d4c47-8a39-47ad-9425-d231de44fc92-857677f648-2qn8f/science/checkpoints/q2_no_uncertainty_weighting_20260522/immutable_boundaries/E2B4F0D8E4BC/epoch_004.pt,1719225498,376c0374590dbde034fcaf3672f8d053f09a820a,e2b4f0d8e4bc9363015745d62e87ef72677317a34f446d757c220938fbdb5818,1719225498,135,7cf22f86d8732b57387dc2b9904a2c713e6193c070cc23f2e059e09349a6fde8,6dd5a471da481934a9675c92a43e2c6539868a6c,2026-08-23T03:23:30.000Z,Q2
all_weight_entries,Thundergod2007/vipragsent-phobert-checkpoints,model,campaigns/vipragsent-v7-compact-20260820-190bb0f24a7e75a8/SHARD_H100_MIG20_COMPACT/nb-170d4c47-8a39-47ad-9425-d231de44fc92-857677f648-2qn8f/science/checkpoints/q2_no_uncertainty_weighting_20260522/immutable_boundaries/F2DC9D4A9106/epoch_008.pt,1719225882,95786b66da7b266f0b627b9ca969f8cce64e85ea,f2dc9d4a9106f087462255f9d23a62882724996ef07d83293ca08f496c06b8db,1719225882,135,a1d99e65f10a74811e12048272868bf640b276b5055c5f6561704afe882e9248,7b308a0b6b6eaacea60a7f2e9400f001229f5266,2026-08-23T03:27:41.000Z,Q2
all_weight_entries,Thundergod2007/vipragsent-phobert-checkpoints,model,campaigns/vipragsent-v7-compact-20260820-190bb0f24a7e75a8/SHARD_H100_MIG20_COMPACT/nb-170d4c47-8a39-47ad-9425-d231de44fc92-857677f648-2qn8f/science/checkpoints/q2_no_uncertainty_weighting_20260523/immutable_boundaries/043DD4D1DD97/epoch_007.pt,1719225818,e818fa2356860eab87b474aedb43f1da4d7cdc7e,043dd4d1dd97036ee8f2d657da7c7dad2a586689d3f32ab22260b98536529fc9,1719225818,135,3f61a7bdf47c6ad651ac502d928288463b3e2697d3be7cc08ae1f8b872a183e6,d0fd266f8f42fd20ad069d8e7259905dff9dfdc1,2026-08-23T03:39:40.000Z,Q2
all_weight_entries,Thundergod2007/vipragsent-phobert-checkpoints,model,campaigns/vipragsent-v7-compact-20260820-190bb0f24a7e75a8/SHARD_H100_MIG20_COMPACT/nb-170d4c47-8a39-47ad-9425-d231de44fc92-857677f648-2qn8f/science/checkpoints/q2_no_uncertainty_weighting_20260523/immutable_boundaries/237FEAE6F388/epoch_004.pt,1719225498,39b8caa1cad359d3db7ca0d065844b3814d26a2a,237feae6f388214b46c4bbc7373070c74ad98e98baacc8b61b65bcd920b453d7,1719225498,135,2ba21b8f0360134762e1ddc7bee8d0d1f6db71729149bd62f36698bf0474a614,450dbe3be03c5d07ce4c0e91f9be9d58772ac0c6,2026-08-23T03:36:34.000Z,Q2
all_weight_entries,Thundergod2007/vipragsent-phobert-checkpoints,model,campaigns/vipragsent-v7-compact-20260820-190bb0f24a7e75a8/SHARD_H100_MIG20_COMPACT/nb-170d4c47-8a39-47ad-9425-d231de44fc92-857677f648-2qn8f/science/checkpoints/q2_no_uncertainty_weighting_20260523/immutable_boundaries/33B36E1958A2/epoch_009.pt,1719226010,d73e0a76e9d49970d5fd553576d9a7468eff9cb3,33b36e1958a246f898805fe6908ae6d00c1ab7a0898d041a0b53e911d7d4bb35,1719226010,135,a98fad6723b15776bbf87c8a44cb729b8a8259795975f709d58217ea7166f650,cc9a0294d281055bf6031c68b6c90354f2081640,2026-08-23T03:41:45.000Z,Q2
all_weight_entries,Thundergod2007/vipragsent-phobert-checkpoints,model,campaigns/vipragsent-v7-compact-20260820-190bb0f24a7e75a8/SHARD_H100_MIG20_COMPACT/nb-170d4c47-8a39-47ad-9425-d231de44fc92-857677f648-2qn8f/science/checkpoints/q2_no_uncertainty_weighting_20260523/immutable_boundaries/6A1B3134FEF3/epoch_003.pt,1719225370,e7851a657315f1948f7f56980df61897c87650c6,6a1b3134fef3d67c8a3357fd501b9fd1a4514fb6c0f6aea6a168ab50befcdc51,1719225370,135,7ea9fb8f60ad704b3d0ae352a3afefaf91339cd6fb93cba7c0a4ef25e4f562a3,3ad62f27e4a88ef4d2e1af4b16ee7f8283cd1b7a,2026-08-23T03:35:32.000Z,Q2
all_weight_entries,Thundergod2007/vipragsent-phobert-checkpoints,model,campaigns/vipragsent-v7-compact-20260820-190bb0f24a7e75a8/SHARD_H100_MIG20_COMPACT/nb-170d4c47-8a39-47ad-9425-d231de44fc92-857677f648-2qn8f/science/checkpoints/q2_no_uncertainty_weighting_20260523/immutable_boundaries/6E731961FF1D/epoch_008.pt,1719225882,079ce853bb2c7841284ddc557d826accb8b242d2,6e731961ff1d8eb533b83740ac8312a7d79a54923d92c31485e0047fc93aae7a,1719225882,135,02a1c7c09b8f8ded0023fb003ba947e9898be0d95025a03e1486994d9a05b5d8,86947709c4669834137183cea752df4d271324a7,2026-08-23T03:40:42.000Z,Q2
all_weight_entries,Thundergod2007/vipragsent-phobert-checkpoints,model,campaigns/vipragsent-v7-compact-20260820-190bb0f24a7e75a8/SHARD_H100_MIG20_COMPACT/nb-170d4c47-8a39-47ad-9425-d231de44fc92-857677f648-2qn8f/science/checkpoints/q2_no_uncertainty_weighting_20260523/immutable_boundaries/77F28007ADF1/epoch_006.pt,1719225690,222548f6b4b826c8b78b498fcc47ca8935b179ac,77f28007adf1e1596892e75ac442863d0fb2845be69b295f0433c477a54b6755,1719225690,135,9608a78f0b3f1020bd9639c9309e0d34bc0d71323f9ccec5e178b30dd4ac2743,d9b248133449fd3b86dd2173b7df640e641c00bc,2026-08-23T03:38:37.000Z,Q2
all_weight_entries,Thundergod2007/vipragsent-phobert-checkpoints,model,campaigns/vipragsent-v7-compact-20260820-190bb0f24a7e75a8/SHARD_H100_MIG20_COMPACT/nb-170d4c47-8a39-47ad-9425-d231de44fc92-857677f648-2qn8f/science/checkpoints/q2_no_uncertainty_weighting_20260523/immutable_boundaries/838AD8EE80EA/epoch_005.pt,1719225562,869bc62d69ffcbedf8a5505f4d7b22982bca02a7,838ad8ee80ea2432f211b2b4f149b35cfea1bc13c1806440f65d179d5e4c154c,1719225562,135,40268b6a9b53ad2bea29af547b66a31ab4137bd661a00b28452582fd4aed0df4,b20c3152ed082c0d1d5aad124668be1bc112187c,2026-08-23T03:37:35.000Z,Q2
all_weight_entries,Thundergod2007/vipragsent-phobert-checkpoints,model,campaigns/vipragsent-v7-compact-20260820-190bb0f24a7e75a8/SHARD_H100_MIG20_COMPACT/nb-170d4c47-8a39-47ad-9425-d231de44fc92-857677f648-2qn8f/science/checkpoints/q2_no_uncertainty_weighting_20260523/immutable_boundaries/BB0952004A5A/epoch_001.pt,1719225178,7bce11d70eb95c52b003aaa146eba6f92bb9ef0d,bb0952004a5a47ca366bbaa7706222fdcc6416e8ea94e9c7c2441f3fe2615292,1719225178,135,cbfb1df63f605d7dc5c09c138e39ca769db51d6d1b0152e7f0d8b832b04f0268,ecc699cc58e6ec93b7feb4de6652c3b90d3cb927,2026-08-23T03:33:27.000Z,Q2
all_weight_entries,Thundergod2007/vipragsent-phobert-checkpoints,model,campaigns/vipragsent-v7-compact-20260820-190bb0f24a7e75a8/SHARD_H100_MIG20_COMPACT/nb-170d4c47-8a39-47ad-9425-d231de44fc92-857677f648-2qn8f/science/checkpoints/q2_no_uncertainty_weighting_20260523/immutable_boundaries/BF690802B087/epoch_002.pt,1719225242,bc41c61250c155449c61ef61f7c135cd041b0fb7,bf690802b0870f8581504e90c7c40e9e509a783a68de618a17ba45659d69e98d,1719225242,135,150ee94257cb7bae475f4b5247bf320814b57231b875db1e2505fefe70cc7918,bde0feb7d3fee1f85dbdba8612a0657789cf4287,2026-08-23T03:34:29.000Z,Q2
all_weight_entries,Thundergod2007/vipragsent-phobert-checkpoints,model,campaigns/vipragsent-v7-compact-20260820-190bb0f24a7e75a8/SHARD_H100_MIG20_COMPACT/nb-170d4c47-8a39-47ad-9425-d231de44fc92-857677f648-2qn8f/science/checkpoints/q2_no_uncertainty_weighting_20260523/immutable_boundaries/F5CA13F67CD9/epoch_010.pt,1719226138,cd0798f87e68a08743a5e181f83576d9c0acf027,f5ca13f67cd9b005896d21dc56ba320293b44600c0472f402fc1a8b86c9d617f,1719226138,135,4f7af9b5810ee6d4bcd38c91e6780813c4a03baa6e9c43846afa05f0236fa5b8,6ae6eaa39ac8832015f902ad43d5d043ad3fbb9f,2026-08-23T03:42:46.000Z,Q2
all_weight_entries,Thundergod2007/vipragsent-phobert-checkpoints,model,campaigns/vipragsent-v7-compact-20260820-190bb0f24a7e75a8/SHARD_H100_MIG20_COMPACT/nb-170d4c47-8a39-47ad-9425-d231de44fc92-857677f648-2qn8f/science/checkpoints/q3_phobert_pragmatic_finetune_128_20260521/immutable_boundaries/091E636DCAC2/epoch_005.pt,1613241322,db7db49b029376a8a5f8719f611918f756a4e8ca,091e636dcac25d400962129f8880d715121868f9e472bae621433b59ef17de93,1613241322,135,86f97b34c983d1c1caed5ed2798a59132179e1562f6352b7d01040fb4a346101,0cc1fa4220ff7c931bc8aeb2038472635c11cad5,2026-08-23T04:29:52.000Z,Q3
all_weight_entries,Thundergod2007/vipragsent-phobert-checkpoints,model,campaigns/vipragsent-v7-compact-20260820-190bb0f24a7e75a8/SHARD_H100_MIG20_COMPACT/nb-170d4c47-8a39-47ad-9425-d231de44fc92-857677f648-2qn8f/science/checkpoints/q3_phobert_pragmatic_finetune_128_20260521/immutable_boundaries/2EB78B824BB0/epoch_006.pt,1613241386,9a434a3e13e1a31d4c6e35d25774e2a9f31be614,2eb78b824bb0fc08a367e0cce6a45254efb6e246cd696e20167bb16876997eca,1613241386,135,543f265a1f4d7c348bd9eb57f3afc8be22896c078f36ae2b34e6af02519372de,65b7fd3389d49db544642ac674c5b9daf2306116,2026-08-23T04:31:35.000Z,Q3
all_weight_entries,Thundergod2007/vipragsent-phobert-checkpoints,model,campaigns/vipragsent-v7-compact-20260820-190bb0f24a7e75a8/SHARD_H100_MIG20_COMPACT/nb-170d4c47-8a39-47ad-9425-d231de44fc92-857677f648-2qn8f/science/checkpoints/q3_phobert_pragmatic_finetune_128_20260521/immutable_boundaries/8C8B2EBCBD10/epoch_003.pt,1613241066,19a19497606757215ff9a74213dbddf1c119d6f9,8c8b2ebcbd10f3bf8a974e004008cd1c35dfe0f8eafffbf8d75f0a2078c47928,1613241066,135,06277058973834eba45e9d7044a316e71ae065599f4eb35b6d5ac066e1d6e7cd,26c0634a64c32fe6e5fbadec393351629f8ffc45,2026-08-23T04:26:27.000Z,Q3
all_weight_entries,Thundergod2007/vipragsent-phobert-checkpoints,model,campaigns/vipragsent-v7-compact-20260820-190bb0f24a7e75a8/SHARD_H100_MIG20_COMPACT/nb-170d4c47-8a39-47ad-9425-d231de44fc92-857677f648-2qn8f/science/checkpoints/q3_phobert_pragmatic_finetune_128_20260521/immutable_boundaries/B55654A76CFE/epoch_001.pt,1613240874,fe5162c8aa4c259d500a79c0edee495f47f0b7e1,b55654a76cfee77a0a4c9817fcebcc3340acba44cb13957fc196baa4cd2e9d66,1613240874,135,b00054682fd28cb5fb09ce9f0d69df1543470ba48846dba50c04e59443c94fa5,74ebef3d965ab2adb5f71269a13bc6568cac9b2c,2026-08-23T04:23:00.000Z,Q3
all_weight_entries,Thundergod2007/vipragsent-phobert-checkpoints,model,campaigns/vipragsent-v7-compact-20260820-190bb0f24a7e75a8/SHARD_H100_MIG20_COMPACT/nb-170d4c47-8a39-47ad-9425-d231de44fc92-857677f648-2qn8f/science/checkpoints/q3_phobert_pragmatic_finetune_128_20260521/immutable_boundaries/BB77CFB831E2/epoch_007.pt,1613241514,140e7ffd06fc9d3eacef601f53cd46aabd6a87ab,bb77cfb831e27aca6e7d899e586a691f6899eaf713d732113062dd1febcf45e1,1613241514,135,b881977d9b81fa4e54629c3e8c07127612961cbcc561f3aa1efdf0a0d32a1717,c73a41eca03668310699263da2e71eec6c23e115,2026-08-23T04:33:17.000Z,Q3
all_weight_entries,Thundergod2007/vipragsent-phobert-checkpoints,model,campaigns/vipragsent-v7-compact-20260820-190bb0f24a7e75a8/SHARD_H100_MIG20_COMPACT/nb-170d4c47-8a39-47ad-9425-d231de44fc92-857677f648-2qn8f/science/checkpoints/q3_phobert_pragmatic_finetune_128_20260521/immutable_boundaries/C800B8EBBE45/epoch_004.pt,1613241194,10d0291f3762f86965796dcb1a94f00c3f2c612a,c800b8ebbe45a72b2ef61e9b189c05089bee255f8909a105c3595fea79b734d3,1613241194,135,2c48cc7b5eab406a7e32e113020318f45590f8a073657a3c184fe4eec0f884b8,ce44b1feae645a1ca6fb83ff3ba131891f3a768d,2026-08-23T04:28:10.000Z,Q3
all_weight_entries,Thundergod2007/vipragsent-phobert-checkpoints,model,campaigns/vipragsent-v7-compact-20260820-190bb0f24a7e75a8/SHARD_H100_MIG20_COMPACT/nb-170d4c47-8a39-47ad-9425-d231de44fc92-857677f648-2qn8f/science/checkpoints/q3_phobert_pragmatic_finetune_128_20260521/immutable_boundaries/C808F1E8481A/epoch_008.pt,1613241642,0db8ee85d905503d2235e7990e950b1b17eabdc5,c808f1e8481a13a72c1a3ba2a551fb2d8d16ad79317270b1df99c993153f163c,1613241642,135,3c436ea63c867089d5318567ce3c0fca5e152ac08984913fe9faf76568dd9b9d,6482f772d088aa6bd3ff442671ea73fe97b29e13,2026-08-23T04:34:58.000Z,Q3
all_weight_entries,Thundergod2007/vipragsent-phobert-checkpoints,model,campaigns/vipragsent-v7-compact-20260820-190bb0f24a7e75a8/SHARD_H100_MIG20_COMPACT/nb-170d4c47-8a39-47ad-9425-d231de44fc92-857677f648-2qn8f/science/checkpoints/q3_phobert_pragmatic_finetune_128_20260521/immutable_boundaries/DE66027E7292/epoch_002.pt,1613241002,a921fe1c6e67ca18c1736ca7c5b8bc1f809521e8,de66027e72920b0f1cb30d83b736d4ecf5bee143b253609cc5e6173cb12852cd,1613241002,135,35d4d0bf4fc27048961c53888946314a5969b24a26aff2b4b104dc713034b6d2,dc120a80344e6ddc4b59127d4c3d3c0bf76f1148,2026-08-23T04:24:45.000Z,Q3
all_weight_entries,Thundergod2007/vipragsent-phobert-checkpoints,model,campaigns/vipragsent-v7-compact-20260820-190bb0f24a7e75a8/SHARD_H100_MIG20_COMPACT/nb-170d4c47-8a39-47ad-9425-d231de44fc92-857677f648-2qn8f/science/checkpoints/q3_phobert_pragmatic_finetune_128_20260521/immutable_boundaries/DE8AAA9C738D/epoch_009.pt,1613241706,60cae1b355570f499a1ffe020037db894ee0d191,de8aaa9c738d956b5e10ab8819dbecdcc26ef8c2d1df60a54a58eff3fade1436,1613241706,135,2fa24abe011c76be891be24069c51c03b4a35cd48a51559fb52f184e1d79ee19,a803129b44489a95cafdf37b76f90b4f635814d1,2026-08-23T04:36:41.000Z,Q3
all_weight_entries,Thundergod2007/vipragsent-phobert-checkpoints,model,campaigns/vipragsent-v7-compact-20260820-190bb0f24a7e75a8/SHARD_H100_MIG20_COMPACT/nb-170d4c47-8a39-47ad-9425-d231de44fc92-857677f648-2qn8f/science/checkpoints/q3_phobert_pragmatic_finetune_128_20260522/immutable_boundaries/05A5C64D1528/epoch_010.pt,1613241962,7273c601b771576bd94d1dc762a0c144a823c69a,05a5c64d152883a5ffbbc37617281a581ea27815451a261be08f8e87c72ba5e4,1613241962,135,bddb3b202636b6ee6a9af7bc2b8bf821ad36a0a9f3722a52f49b963aa71b49dd,737a037b2daf5a3b4b2ddfc07e80cdb9730ad1bc,2026-08-23T04:55:11.000Z,Q3
all_weight_entries,Thundergod2007/vipragsent-phobert-checkpoints,model,campaigns/vipragsent-v7-compact-20260820-190bb0f24a7e75a8/SHARD_H100_MIG20_COMPACT/nb-170d4c47-8a39-47ad-9425-d231de44fc92-857677f648-2qn8f/science/checkpoints/q3_phobert_pragmatic_finetune_128_20260522/immutable_boundaries/119940EEFECD/epoch_002.pt,1613241130,56b74135c794d9f3fd9cde296d434789c9dc32ba,119940eefecd0913232f7da0c5f2267d79a09e312f61d77272b7802b183fbb41,1613241130,135,8ffb895e32140b9d64b2523a09edd5cad40ee38e57f7288339ab4942dff67c42,770d36bb624be33f587aefffad649eb5aac7b54d,2026-08-23T04:41:40.000Z,Q3
all_weight_entries,Thundergod2007/vipragsent-phobert-checkpoints,model,campaigns/vipragsent-v7-compact-20260820-190bb0f24a7e75a8/SHARD_H100_MIG20_COMPACT/nb-170d4c47-8a39-47ad-9425-d231de44fc92-857677f648-2qn8f/science/checkpoints/q3_phobert_pragmatic_finetune_128_20260522/immutable_boundaries/336C93989421/epoch_005.pt,1613241450,3cd134d62c1b66f865706f899bab897864283cf0,336c93989421b5e697da73f4b649bef48667d1d41dbcd2a17ee63de45d954d81,1613241450,135,02ea7893be438d84a24e2a51ed6f73a13223e7e3938f16e953747fe5c2c1dc4e,05fdf70f5d4917c9744cf396e6426916ff76b939,2026-08-23T04:46:43.000Z,Q3
all_weight_entries,Thundergod2007/vipragsent-phobert-checkpoints,model,campaigns/vipragsent-v7-compact-20260820-190bb0f24a7e75a8/SHARD_H100_MIG20_COMPACT/nb-170d4c47-8a39-47ad-9425-d231de44fc92-857677f648-2qn8f/science/checkpoints/q3_phobert_pragmatic_finetune_128_20260522/immutable_boundaries/48F2D625DB98/epoch_004.pt,1613241322,71b2f31bebd1a58a3735d9cd2d784d9aac7b4684,48f2d625db98a77895a61f7eb13efed6d313ac46c2a60355e27b24f7d5c2ab23,1613241322,135,9cb8344f823cc5acc8f873c28b53e16729a6abc7fa8391a313f073e4fc44ea1a,d446604d3d5b3cb392308cd98d74b1ef95125caa,2026-08-23T04:45:01.000Z,Q3
all_weight_entries,Thundergod2007/vipragsent-phobert-checkpoints,model,campaigns/vipragsent-v7-compact-20260820-190bb0f24a7e75a8/SHARD_H100_MIG20_COMPACT/nb-170d4c47-8a39-47ad-9425-d231de44fc92-857677f648-2qn8f/science/checkpoints/q3_phobert_pragmatic_finetune_128_20260522/immutable_boundaries/515939DEEBFC/epoch_009.pt,1613241834,5c43fd43578bd689046f76f6ec79dcc935465ca8,515939deebfcbd90c3a88963fabdc08e2bcb932b427d58598d45e0ca550500b6,1613241834,135,97f916641c8263aadf2dfbdffcbd270f9a4b94007f34b6fe2d8019d979c1ecef,8bc958823c9e9c5bd06ca33382117a9dc433a57c,2026-08-23T04:53:31.000Z,Q3
all_weight_entries,Thundergod2007/vipragsent-phobert-checkpoints,model,campaigns/vipragsent-v7-compact-20260820-190bb0f24a7e75a8/SHARD_H100_MIG20_COMPACT/nb-170d4c47-8a39-47ad-9425-d231de44fc92-857677f648-2qn8f/science/checkpoints/q3_phobert_pragmatic_finetune_128_20260522/immutable_boundaries/81A821054F29/epoch_008.pt,1613241770,dd068c47d7a15879e4e3b6a44af738bb735945a8,81a821054f298f18e8bd19cde22ccc2f66bf04391dcde30e478a52c631d64564,1613241770,135,8a98293f7e5b6841774f6765580d3090d8305d8bcea2c76605bcee955729bbb4,2d4ecb75418adfa3e39879ce61cfea21d7c56ecc,2026-08-23T04:51:51.000Z,Q3
all_weight_entries,Thundergod2007/vipragsent-phobert-checkpoints,model,campaigns/vipragsent-v7-compact-20260820-190bb0f24a7e75a8/SHARD_H100_MIG20_COMPACT/nb-170d4c47-8a39-47ad-9425-d231de44fc92-857677f648-2qn8f/science/checkpoints/q3_phobert_pragmatic_finetune_128_20260522/immutable_boundaries/8E7DB12365C5/epoch_003.pt,1613241194,6e387a7d77cba47e7c66466e5686b1cc0c72b1c4,8e7db12365c5277eb54c5d261f0e4927c2d09cc6354e7de73b79c4d56a675349,1613241194,135,9665a5296756b5d26027aa53d5d451673e850ad5fccbb6ce30c878e9d13c9f77,88c4fa56b3dc36b46e546e076fc4a73184663723,2026-08-23T04:43:21.000Z,Q3
all_weight_entries,Thundergod2007/vipragsent-phobert-checkpoints,model,campaigns/vipragsent-v7-compact-20260820-190bb0f24a7e75a8/SHARD_H100_MIG20_COMPACT/nb-170d4c47-8a39-47ad-9425-d231de44fc92-857677f648-2qn8f/science/checkpoints/q3_phobert_pragmatic_finetune_128_20260522/immutable_boundaries/9670A9BFA099/epoch_001.pt,1613241002,cff1ae74032eec2c94e5098f34ec589f98ec4c8a,9670a9bfa099e2952341aa12732d6c37612cb00663799a01e241a9866405e0c4,1613241002,135,460c5c1bebd99d3567dea09d9dacbba9a373ce32142eef06ae270c9a51180b6f,95e45bfa84ef58d4fd4826fea6f62df5f67f3adb,2026-08-23T04:39:59.000Z,Q3
all_weight_entries,Thundergod2007/vipragsent-phobert-checkpoints,model,campaigns/vipragsent-v7-compact-20260820-190bb0f24a7e75a8/SHARD_H100_MIG20_COMPACT/nb-170d4c47-8a39-47ad-9425-d231de44fc92-857677f648-2qn8f/science/checkpoints/q3_phobert_pragmatic_finetune_128_20260522/immutable_boundaries/C2BFCA924F48/epoch_007.pt,1613241642,64684d4f958b320f09cf34c93cc55a47938c2e7a,c2bfca924f48190d2dd30503057b3380c8c80240f987a9ad4c8a87210ae3808a,1613241642,135,afebff11d23503e8b2e758a419906c6fe87cb579ce5bcaace11367fa9023b8aa,38aca91905f4923f92385d35b27b65f4fdb9697d,2026-08-23T04:50:08.000Z,Q3
all_weight_entries,Thundergod2007/vipragsent-phobert-checkpoints,model,campaigns/vipragsent-v7-compact-20260820-190bb0f24a7e75a8/SHARD_H100_MIG20_COMPACT/nb-170d4c47-8a39-47ad-9425-d231de44fc92-857677f648-2qn8f/science/checkpoints/q3_phobert_pragmatic_finetune_128_20260522/immutable_boundaries/E3020DD58671/epoch_006.pt,1613241514,d3d803fa479ca2486e9fea952c40733278580e1b,e3020dd58671df0c1284b38c543201464dd1c6a9ad9bc6043acc0dede17be2f7,1613241514,135,cbfb530ff56f3d75f8537440a242cfd3c96bcc8ba0e43b5d667eb98699f69c31,32f66837b74fd0e13b47f66fa62131f5953c6785,2026-08-23T04:48:26.000Z,Q3
all_weight_entries,Thundergod2007/vipragsent-phobert-checkpoints,model,campaigns/vipragsent-v7-compact-20260820-190bb0f24a7e75a8/SHARD_H100_MIG20_COMPACT/nb-170d4c47-8a39-47ad-9425-d231de44fc92-857677f648-2qn8f/science/checkpoints/q3_phobert_pragmatic_finetune_128_20260523/immutable_boundaries/2D3C0463D616/epoch_001.pt,1613241002,c954962322c4b43f92912c29c822c2b60c703c5a,2d3c0463d616574606bff095c1ee7d7726efb856d3fc7a4248e299f0045ab559,1613241002,135,03ff9bbc42a69e528ddf324f16567f1932a6f1fc82051c26ee5230a5a41933cb,23df0c8d20230eb20bfa943c853599d20970f8d8,2026-08-23T04:58:35.000Z,Q3
all_weight_entries,Thundergod2007/vipragsent-phobert-checkpoints,model,campaigns/vipragsent-v7-compact-20260820-190bb0f24a7e75a8/SHARD_H100_MIG20_COMPACT/nb-170d4c47-8a39-47ad-9425-d231de44fc92-857677f648-2qn8f/science/checkpoints/q3_phobert_pragmatic_finetune_128_20260523/immutable_boundaries/31B1CC31A209/epoch_008.pt,1613241770,5cd73ebf5c726fc2ab9862ec39ce235680824a47,31b1cc31a209c9ee2b9164448a8bafe9801368ee740789679a86169140f850d2,1613241770,135,cdda6743d4a90a6aa6f9d82378979d53472dd5b36348038a2ba60a94eece3813,43442ff7be8e162a83e819445092814d279ee9ef,2026-08-23T05:10:28.000Z,Q3
all_weight_entries,Thundergod2007/vipragsent-phobert-checkpoints,model,campaigns/vipragsent-v7-compact-20260820-190bb0f24a7e75a8/SHARD_H100_MIG20_COMPACT/nb-170d4c47-8a39-47ad-9425-d231de44fc92-857677f648-2qn8f/science/checkpoints/q3_phobert_pragmatic_finetune_128_20260523/immutable_boundaries/525347520196/epoch_006.pt,1613241514,62ef71b533ffbbae64339c89da109bb563748a06,5253475201968d87c52695491145ba9ade935a7a623ce9df23954e02066602dc,1613241514,135,90fdb1c2b656c8a39461c1cb8c1ebe9d38ffcca9902d682cb17c2df7671d87ea,88b7cf5f97937b33ef5416b1a17e0e96a3c088ed,2026-08-23T05:07:06.000Z,Q3
all_weight_entries,Thundergod2007/vipragsent-phobert-checkpoints,model,campaigns/vipragsent-v7-compact-20260820-190bb0f24a7e75a8/SHARD_H100_MIG20_COMPACT/nb-170d4c47-8a39-47ad-9425-d231de44fc92-857677f648-2qn8f/science/checkpoints/q3_phobert_pragmatic_finetune_128_20260523/immutable_boundaries/5C6FB4D51F16/epoch_003.pt,1613241194,06a9d9ce4a3b8d8bac4397f9e61925293df513aa,5c6fb4d51f16d1e879cf45f1e43d7374b6e09eadb7602ccb2e0ffb37f10a4feb,1613241194,135,877ef72c06a1a729772309e9b034c218d3b8fd1cca5a35cd1dfffeafc691bd44,6a82095f838c5451fc253bfef7a7e5f6b8d239ca,2026-08-23T05:02:02.000Z,Q3
all_weight_entries,Thundergod2007/vipragsent-phobert-checkpoints,model,campaigns/vipragsent-v7-compact-20260820-190bb0f24a7e75a8/SHARD_H100_MIG20_COMPACT/nb-170d4c47-8a39-47ad-9425-d231de44fc92-857677f648-2qn8f/science/checkpoints/q3_phobert_pragmatic_finetune_128_20260523/immutable_boundaries/763834EE902D/epoch_007.pt,1613241642,4c505adaa84af810a4fc4dedee7c8b971ca30e58,763834ee902dfc7d5cc52e799b18e053b471b4874535c072bdc95ccec340470c,1613241642,135,aa211de130005d4f2b3cbe137254a76320edc34fd2cf88fc77f6f6feb82271e3,caca6576cf41fa51f78998e13c6a8dc71762eba5,2026-08-23T05:08:48.000Z,Q3
all_weight_entries,Thundergod2007/vipragsent-phobert-checkpoints,model,campaigns/vipragsent-v7-compact-20260820-190bb0f24a7e75a8/SHARD_H100_MIG20_COMPACT/nb-170d4c47-8a39-47ad-9425-d231de44fc92-857677f648-2qn8f/science/checkpoints/q3_phobert_pragmatic_finetune_128_20260523/immutable_boundaries/BB4460854DB1/epoch_002.pt,1613241130,df93907298c4adcf38d96ea33793771eedab28f2,bb4460854db1e76826438458e24420895cf52e55c657d9e8cf97593500aa28a0,1613241130,135,6de2e130909f4f39cc8f6a09a88e16513f7ec9ea743cc9368a2865fec7bdf76b,e90244c761e3deedc8f9bd47cd10c2931749da78,2026-08-23T05:00:19.000Z,Q3
all_weight_entries,Thundergod2007/vipragsent-phobert-checkpoints,model,campaigns/vipragsent-v7-compact-20260820-190bb0f24a7e75a8/SHARD_H100_MIG20_COMPACT/nb-170d4c47-8a39-47ad-9425-d231de44fc92-857677f648-2qn8f/science/checkpoints/q3_phobert_pragmatic_finetune_128_20260523/immutable_boundaries/CA77371F43F5/epoch_004.pt,1613241322,c274724f6e89d3901d8da0e6bedf94dcf08864be,ca77371f43f5c233774230d681ae5291ae5303d3d09062342dd6e9a9f8ecabae,1613241322,135,109689b817b80deacdb322d8ff3b6dc2227f7b9545d4071d9e1b763c048ee266,4640cbbc2f255ac70a44f9d248a720bf6eb6b7cc,2026-08-23T05:03:44.000Z,Q3
all_weight_entries,Thundergod2007/vipragsent-phobert-checkpoints,model,campaigns/vipragsent-v7-compact-20260820-190bb0f24a7e75a8/SHARD_H100_MIG20_COMPACT/nb-170d4c47-8a39-47ad-9425-d231de44fc92-857677f648-2qn8f/science/checkpoints/q3_phobert_pragmatic_finetune_128_20260523/immutable_boundaries/D85A3678A990/epoch_005.pt,1613241450,88290a5e2f43cfea6820858297f3b161400e287e,d85a3678a99057cfe52062a4314639302e64864951e8d08bc28f33500edd3767,1613241450,135,efbbbb7f7aea86102e351cd20284a86db57b9268e2794310720a20a35c55fd33,d01ae54d8a23fff8e368f75ee53b6756857f6342,2026-08-23T05:05:24.000Z,Q3
all_weight_entries,Thundergod2007/vipragsent-phobert-checkpoints,model,campaigns/vipragsent-v7-compact-20260820-190bb0f24a7e75a8/SHARD_H100_MIG20_COMPACT/nb-170d4c47-8a39-47ad-9425-d231de44fc92-857677f648-2qn8f/science/checkpoints/q3_phobert_pragmatic_finetune_32_20260521/immutable_boundaries/01000BD0B146/epoch_004.pt,1613241194,81c49a60a123906e0efc3f0ecc10efdfe677005e,01000bd0b146457f74638174516adb873644839502b9a8cba42603a9721f8b81,1613241194,135,5f95b7b6d7be78aaa5e23743d22fa0496ab644c9f3fc43f04415655576cfb297,06e71b80d6373819ed9ac7b6cea3b6a316f62616,2026-08-23T03:48:23.000Z,Q3
all_weight_entries,Thundergod2007/vipragsent-phobert-checkpoints,model,campaigns/vipragsent-v7-compact-20260820-190bb0f24a7e75a8/SHARD_H100_MIG20_COMPACT/nb-170d4c47-8a39-47ad-9425-d231de44fc92-857677f648-2qn8f/science/checkpoints/q3_phobert_pragmatic_finetune_32_20260521/immutable_boundaries/11B9F9D83958/epoch_005.pt,1613241322,03ab1edef48084bed9bca62222d4ca691e1650cf,11b9f9d83958c21a79128b2c1b33769f0db460f7d40996496226ac7bcc15ee53,1613241322,135,dad2da0c9bad6adb0caa609a71d11476ca6f820cd6047e81973a6d870b6b1a97,e2ed6ea35935b1d2316cf150f22611c0205ac407,2026-08-23T03:49:21.000Z,Q3
all_weight_entries,Thundergod2007/vipragsent-phobert-checkpoints,model,campaigns/vipragsent-v7-compact-20260820-190bb0f24a7e75a8/SHARD_H100_MIG20_COMPACT/nb-170d4c47-8a39-47ad-9425-d231de44fc92-857677f648-2qn8f/science/checkpoints/q3_phobert_pragmatic_finetune_32_20260521/immutable_boundaries/12D6C6AFBA8E/epoch_001.pt,1613240874,2034506f25900fed7564adc6d13a4aa8d10422fb,12d6c6afba8e8c2abdcf611b5bd7f2fc9a557ad7bb8b1772838def3831bba9f8,1613240874,135,718cf11b63d442dbff0884257626a0b37abc8ae10ae9ff2c197f5e5582f80183,6c0d4d2fc37ba8fa135ea7c0323a7467df71f1fe,2026-08-23T03:45:28.000Z,Q3
all_weight_entries,Thundergod2007/vipragsent-phobert-checkpoints,model,campaigns/vipragsent-v7-compact-20260820-190bb0f24a7e75a8/SHARD_H100_MIG20_COMPACT/nb-170d4c47-8a39-47ad-9425-d231de44fc92-857677f648-2qn8f/science/checkpoints/q3_phobert_pragmatic_finetune_32_20260521/immutable_boundaries/54D12D5BFE6B/epoch_006.pt,1613241386,2c010d63268c290a7fc9af8ad829e40806828780,54d12d5bfe6b9d9e12184c301d4b0b65b9f952ec74563abb4974d656c7a88490,1613241386,135,405d7c113825cdfb35c29950a7d5fe3268d65d1309958b71fa40400b912507c2,3f823df95abc94ccd25800f17a3e294955b579f3,2026-08-23T03:50:18.000Z,Q3
all_weight_entries,Thundergod2007/vipragsent-phobert-checkpoints,model,campaigns/vipragsent-v7-compact-20260820-190bb0f24a7e75a8/SHARD_H100_MIG20_COMPACT/nb-170d4c47-8a39-47ad-9425-d231de44fc92-857677f648-2qn8f/science/checkpoints/q3_phobert_pragmatic_finetune_32_20260521/immutable_boundaries/5B5C3B726051/epoch_007.pt,1613241514,219ff2e08b7681f4641688f2a963c197ce776d43,5b5c3b726051154c102667b1eb6c95ff388d4c767d5cc65b2754914a907fac45,1613241514,135,7b31d1338c3c238410a11eba92b9efb743f56588df8aaca747722980b49e2d8b,e6247d7f38fb2fc384218ae9105177912f9feafe,2026-08-23T03:51:16.000Z,Q3
all_weight_entries,Thundergod2007/vipragsent-phobert-checkpoints,model,campaigns/vipragsent-v7-compact-20260820-190bb0f24a7e75a8/SHARD_H100_MIG20_COMPACT/nb-170d4c47-8a39-47ad-9425-d231de44fc92-857677f648-2qn8f/science/checkpoints/q3_phobert_pragmatic_finetune_32_20260521/immutable_boundaries/7D79033D4D49/epoch_003.pt,1613241066,7d1e494be5de66970905779c810b47c7cb8b9762,7d79033d4d49e92fdaca84b41997b28a4cedd3bb8dad41724d8fb5bad2aee919,1613241066,135,986d065b636a1b7a9427d9eb12f11a70d95d3ce326547b2070156a1aef0d8dd9,2446ee04097059e41684425bcf73f40aca134bf4,2026-08-23T03:47:25.000Z,Q3
all_weight_entries,Thundergod2007/vipragsent-phobert-checkpoints,model,campaigns/vipragsent-v7-compact-20260820-190bb0f24a7e75a8/SHARD_H100_MIG20_COMPACT/nb-170d4c47-8a39-47ad-9425-d231de44fc92-857677f648-2qn8f/science/checkpoints/q3_phobert_pragmatic_finetune_32_20260521/immutable_boundaries/F9A00713672D/epoch_002.pt,1613241002,a495da153d2783e6af741df1c29cbde81847f69b,f9a00713672d19c706222fe179e1ad25991b05643626896bc07e9521e13b5a16,1613241002,135,3fc8217de108a276fb1b843fae05813f16c339e383a53c9bdd9e09fbd17302c6,908ee6b067db5d4f455065428e79f7c1f9d25ce9,2026-08-23T03:46:26.000Z,Q3
all_weight_entries,Thundergod2007/vipragsent-phobert-checkpoints,model,campaigns/vipragsent-v7-compact-20260820-190bb0f24a7e75a8/SHARD_H100_MIG20_COMPACT/nb-170d4c47-8a39-47ad-9425-d231de44fc92-857677f648-2qn8f/science/checkpoints/q3_phobert_pragmatic_finetune_32_20260522/immutable_boundaries/13B689987973/epoch_001.pt,1613241002,fef0c7d864c739b6de93b9eec95483149a001768,13b689987973c077bc2a23390c84ede24aaef7be2953906ae4b82fff999a69cc,1613241002,135,6683ac20fb16dd99dfaa10ee900d7e102c5c8645121b25497f92b6ea9bbfe413,e99cf6cab4b077e5a3a27f298ba539155a9606eb,2026-08-23T03:53:43.000Z,Q3
all_weight_entries,Thundergod2007/vipragsent-phobert-checkpoints,model,campaigns/vipragsent-v7-compact-20260820-190bb0f24a7e75a8/SHARD_H100_MIG20_COMPACT/nb-170d4c47-8a39-47ad-9425-d231de44fc92-857677f648-2qn8f/science/checkpoints/q3_phobert_pragmatic_finetune_32_20260522/immutable_boundaries/1A7BBB6E5400/epoch_005.pt,1613241450,d245c2dc467a614ae9118353830bdc879367974e,1a7bbb6e54009d4a76c265a39c3e8a5f88a6955b48b971d762484aa406cb05ea,1613241450,135,2761dd60f5f349dbbf2243c260481d379250a4eba075af6b56a51752e2053469,8e98ab3e8629968685c0be33d91fd56107251382,2026-08-23T03:57:34.000Z,Q3
all_weight_entries,Thundergod2007/vipragsent-phobert-checkpoints,model,campaigns/vipragsent-v7-compact-20260820-190bb0f24a7e75a8/SHARD_H100_MIG20_COMPACT/nb-170d4c47-8a39-47ad-9425-d231de44fc92-857677f648-2qn8f/science/checkpoints/q3_phobert_pragmatic_finetune_32_20260522/immutable_boundaries/22E601E2805A/epoch_007.pt,1613241642,4723a5ad66cb551c0078a64b5eee18c228a02ca3,22e601e2805a171734d0edad95e7f49b2878bbd11f3651c915237a4f92a177fa,1613241642,135,77249266f01dadde3c86ae293ce54732468068c24e4b88877070b804c97dd5d0,74f1c2aa89edc63542c0cbc0ad2e9e9b460794b6,2026-08-23T03:59:31.000Z,Q3
all_weight_entries,Thundergod2007/vipragsent-phobert-checkpoints,model,campaigns/vipragsent-v7-compact-20260820-190bb0f24a7e75a8/SHARD_H100_MIG20_COMPACT/nb-170d4c47-8a39-47ad-9425-d231de44fc92-857677f648-2qn8f/science/checkpoints/q3_phobert_pragmatic_finetune_32_20260522/immutable_boundaries/4C2B7F09B961/epoch_002.pt,1613241130,6b7f25644a9e8c69088b9cd6680b801366c180d1,4c2b7f09b961194bae34256ac09a64244e6261e1ab25999e99818de17e4e5dd4,1613241130,135,75082d5424122a7db11f7b39ad4f07568c844f2f4ea6188dabd91d1b7834780a,6b0b621c734364548f9b356ce9305b6700fd0568,2026-08-23T03:54:41.000Z,Q3
all_weight_entries,Thundergod2007/vipragsent-phobert-checkpoints,model,campaigns/vipragsent-v7-compact-20260820-190bb0f24a7e75a8/SHARD_H100_MIG20_COMPACT/nb-170d4c47-8a39-47ad-9425-d231de44fc92-857677f648-2qn8f/science/checkpoints/q3_phobert_pragmatic_finetune_32_20260522/immutable_boundaries/870B1FC2F762/epoch_004.pt,1613241322,182404f868a277f7255f3b2a8bf696f73e447887,870b1fc2f7626554933e2ac73982251b37ae64f6c7827b625e8498440c23a5a5,1613241322,135,f74ac53e3e706cdf3ae6e359df87a25ae26ad3e9f9a8930840e545062e82b8e4,50adddfd55297f1916dc5f80d955ab8b098653c4,2026-08-23T03:56:36.000Z,Q3
all_weight_entries,Thundergod2007/vipragsent-phobert-checkpoints,model,campaigns/vipragsent-v7-compact-20260820-190bb0f24a7e75a8/SHARD_H100_MIG20_COMPACT/nb-170d4c47-8a39-47ad-9425-d231de44fc92-857677f648-2qn8f/science/checkpoints/q3_phobert_pragmatic_finetune_32_20260522/immutable_boundaries/9C88EA6608CE/epoch_006.pt,1613241514,ef3102d0ca631c7aeb644691b044fd6c005a140c,9c88ea6608ce6632ee4a3783fd0af205a7fcd3907cdaae011b5bb96be4b16a34,1613241514,135,5b68f4ef8febf59691baf245cf484be0ba7e925eaa9ca2e9e58caa49ae79958e,686512229c1db23fc57d08990c8ea9e328b29f27,2026-08-23T03:58:34.000Z,Q3
all_weight_entries,Thundergod2007/vipragsent-phobert-checkpoints,model,campaigns/vipragsent-v7-compact-20260820-190bb0f24a7e75a8/SHARD_H100_MIG20_COMPACT/nb-170d4c47-8a39-47ad-9425-d231de44fc92-857677f648-2qn8f/science/checkpoints/q3_phobert_pragmatic_finetune_32_20260522/immutable_boundaries/B227057F2616/epoch_010.pt,1613241962,b77f217ab564cc498ab48e12a2532d6b891daea1,b227057f26167b5813441eb5f3fe28ace90b43fb884a36a9e0e66b64e99f940c,1613241962,135,6332266e34d9d16b1ae06a4c6f023d53cfb3f2e3e794f841af82797afbcb806e,7216bbd28ff1dab486f58cffdb28122f2a93fabf,2026-08-23T04:02:24.000Z,Q3
all_weight_entries,Thundergod2007/vipragsent-phobert-checkpoints,model,campaigns/vipragsent-v7-compact-20260820-190bb0f24a7e75a8/SHARD_H100_MIG20_COMPACT/nb-170d4c47-8a39-47ad-9425-d231de44fc92-857677f648-2qn8f/science/checkpoints/q3_phobert_pragmatic_finetune_32_20260522/immutable_boundaries/B6A91F69A352/epoch_008.pt,1613241770,454a7bfd29632e37ab99088e6be7281440d4af80,b6a91f69a3529acec7905d703bf9d4a3e43e90112e38e3297834a8add0a8c19e,1613241770,135,dc6fa15de3aeb8b22edf6fd0e18947e65ea2438612511cf9666a4690596e41a9,554ba56e7d6342952877e99a21e0e77b634c1112,2026-08-23T04:00:29.000Z,Q3
all_weight_entries,Thundergod2007/vipragsent-phobert-checkpoints,model,campaigns/vipragsent-v7-compact-20260820-190bb0f24a7e75a8/SHARD_H100_MIG20_COMPACT/nb-170d4c47-8a39-47ad-9425-d231de44fc92-857677f648-2qn8f/science/checkpoints/q3_phobert_pragmatic_finetune_32_20260522/immutable_boundaries/B9CBADFB6739/epoch_003.pt,1613241194,17f7ac0e8ec5aa18d6dd62a9addf72ed014d2fd9,b9cbadfb6739788c01908c9d661ca2b4da1a71f2971e203705e21ac7fc103997,1613241194,135,9c1ca5218ac4ca9cf643c495a3cadf7634b520d0b8c22253971f85c1700fef39,07daddedc02fca7287864fa343de685731e4b304,2026-08-23T03:55:38.000Z,Q3
all_weight_entries,Thundergod2007/vipragsent-phobert-checkpoints,model,campaigns/vipragsent-v7-compact-20260820-190bb0f24a7e75a8/SHARD_H100_MIG20_COMPACT/nb-170d4c47-8a39-47ad-9425-d231de44fc92-857677f648-2qn8f/science/checkpoints/q3_phobert_pragmatic_finetune_32_20260522/immutable_boundaries/E181465E8E35/epoch_009.pt,1613241834,5eac58a6b68a4fb82ec6dbf4bc7b52bb7f56afe6,e181465e8e35d5ecd15b3fdf82522a294f7adccda044462a8cfc0908e1d9e4af,1613241834,135,74267e40624fe357c2756a37dbb2fdebd71d43bb21c4d09144ad5ed5807aaa6e,e1b6e3e841a828da5d767d544c2be4e6d341aa98,2026-08-23T04:01:26.000Z,Q3
all_weight_entries,Thundergod2007/vipragsent-phobert-checkpoints,model,campaigns/vipragsent-v7-compact-20260820-190bb0f24a7e75a8/SHARD_H100_MIG20_COMPACT/nb-170d4c47-8a39-47ad-9425-d231de44fc92-857677f648-2qn8f/science/checkpoints/q3_phobert_pragmatic_finetune_32_20260523/immutable_boundaries/717B7AC81326/epoch_003.pt,1613241194,379d14d44a33b6ce34e7ffd1f8d79128589ca0e9,717b7ac81326abd5f51a5d981177f41145f960cce8c7d7abe37192c76470f2d5,1613241194,135,1e247b3b6f72af093ca66934a437cc722cf73b211363c59bbcdf5b73b471a162,7bc6abe69e148aaaf26e45a540a508d12d9f22bd,2026-08-23T05:17:12.000Z,Q3
all_weight_entries,Thundergod2007/vipragsent-phobert-checkpoints,model,campaigns/vipragsent-v7-compact-20260820-190bb0f24a7e75a8/SHARD_H100_MIG20_COMPACT/nb-170d4c47-8a39-47ad-9425-d231de44fc92-857677f648-2qn8f/science/checkpoints/q3_phobert_pragmatic_finetune_32_20260523/immutable_boundaries/ABAE513670FE/epoch_002.pt,1613241130,da0010f40a116442da4fd4b626fb1e19d167f220,abae513670fea683e019a75babeebf878c99a488dfc7a2cae4831874f22c62da,1613241130,135,0097860236521795524984e0d23d528a9cbcc05abde901b4f9f2cf74d07c5f29,85e9a398c862a096367be8d69bcf652f9f3e97ab,2026-08-23T05:15:30.000Z,Q3
all_weight_entries,Thundergod2007/vipragsent-phobert-checkpoints,model,campaigns/vipragsent-v7-compact-20260820-190bb0f24a7e75a8/SHARD_H100_MIG20_COMPACT/nb-170d4c47-8a39-47ad-9425-d231de44fc92-857677f648-2qn8f/science/checkpoints/q3_phobert_pragmatic_finetune_32_20260523/immutable_boundaries/FA70F39D76E6/epoch_001.pt,1613241002,94eb228c6a275c97d06c8db5784fa92c55da4ad5,fa70f39d76e65e1d7883a352e487575b254663c9bb4305d2a691fa186921629f,1613241002,135,50291b43d0caac1e89ecc1101666a24a9641a087baa9f642759ebe25a09f125f,b7c175a0d47df6636fd62e5ad7e8f6d8c6ed2fc7,2026-08-23T05:13:48.000Z,Q3
all_weight_entries,Thundergod2007/vipragsent-phobert-checkpoints,model,campaigns/vipragsent-v7-compact-20260820-190bb0f24a7e75a8/SHARD_H100_MIG20_COMPACT/nb-170d4c47-8a39-47ad-9425-d231de44fc92-857677f648-2qn8f/science/checkpoints/q3_phobert_pragmatic_finetune_512_20260521/immutable_boundaries/0DD90D7148E0/epoch_003.pt,1613241066,810f6f394cc793e924b9deeb9f204ebcfdd66568,0dd90d7148e058b73bd6fb62065b8c142765b70594ca82c3f3c9508fe0b16c89,1613241066,135,8c076ac940bab7f1fdfbd5fbf66455d61b8afe92d0060aa2d7d2b967231b2265,7f4f58d8fcef816436ae2afff57f34059016e58f,2026-08-23T05:23:20.000Z,Q3
all_weight_entries,Thundergod2007/vipragsent-phobert-checkpoints,model,campaigns/vipragsent-v7-compact-20260820-190bb0f24a7e75a8/SHARD_H100_MIG20_COMPACT/nb-170d4c47-8a39-47ad-9425-d231de44fc92-857677f648-2qn8f/science/checkpoints/q3_phobert_pragmatic_finetune_512_20260521/immutable_boundaries/24A5DBB9B316/epoch_006.pt,1613241386,ea54e4ceaaa2ff02102094431c6bfdae9cd1f24a,24a5dbb9b3165f1ced8ea2dc5e01eaa4fe201b22bc1a5711245d8de03a5f9baa,1613241386,135,bf9da7e4da08ac1b88dd775a33a07bc742bf78e29aeee28581d5e27b8e440b48,718d33dd6515b4bfd0ed808e86dcf8f6082df739,2026-08-23T05:28:32.000Z,Q3
all_weight_entries,Thundergod2007/vipragsent-phobert-checkpoints,model,campaigns/vipragsent-v7-compact-20260820-190bb0f24a7e75a8/SHARD_H100_MIG20_COMPACT/nb-170d4c47-8a39-47ad-9425-d231de44fc92-857677f648-2qn8f/science/checkpoints/q3_phobert_pragmatic_finetune_512_20260521/immutable_boundaries/59F7FB0A57F1/epoch_008.pt,1613241642,4173cd2ccbeabbefa08c81e3dd35811831e9f57e,59f7fb0a57f160336eb309b8e1c2a5cf9de0eb136ddce9aaea66a896d50b911b,1613241642,135,8ee6ef04f9d9c08f0d9fdb3b0bebf8ad06241dcf0058b1b72dc4c4f900cd9d54,7094f14fd1136f7f73f78f8ab16f8215fab69b3e,2026-08-23T05:31:56.000Z,Q3
all_weight_entries,Thundergod2007/vipragsent-phobert-checkpoints,model,campaigns/vipragsent-v7-compact-20260820-190bb0f24a7e75a8/SHARD_H100_MIG20_COMPACT/nb-170d4c47-8a39-47ad-9425-d231de44fc92-857677f648-2qn8f/science/checkpoints/q3_phobert_pragmatic_finetune_512_20260521/immutable_boundaries/6F50BB1B07C2/epoch_002.pt,1613241002,4d7e0a8c9b1c328e7669523fc829596ab74c9fb3,6f50bb1b07c2795a210736da04e557f0bb0b4ba6424f516adecafab6d5fb32fe,1613241002,135,0536b05144b8a64b6325b9d557ab2f5f2957562d3ef456e58f4febd27c0a5d96,e573c244323f79d462bd70bb50c4ad76120434f2,2026-08-23T05:21:41.000Z,Q3
all_weight_entries,Thundergod2007/vipragsent-phobert-checkpoints,model,campaigns/vipragsent-v7-compact-20260820-190bb0f24a7e75a8/SHARD_H100_MIG20_COMPACT/nb-170d4c47-8a39-47ad-9425-d231de44fc92-857677f648-2qn8f/science/checkpoints/q3_phobert_pragmatic_finetune_512_20260521/immutable_boundaries/7BBC7517683F/epoch_007.pt,1613241514,e5c5353f9c723f9d785c17bd576420633b458e0f,7bbc7517683fe4862a7f67e59ba050251b7adb793ec697128c5ed8547d2a4261,1613241514,135,b8b12b34d98e81eb601a311012b014678295eb5f198f6e1432ac07c579bce03b,9aefd81f5661ed813511bdaef87306e80d3262d2,2026-08-23T05:30:16.000Z,Q3
all_weight_entries,Thundergod2007/vipragsent-phobert-checkpoints,model,campaigns/vipragsent-v7-compact-20260820-190bb0f24a7e75a8/SHARD_H100_MIG20_COMPACT/nb-170d4c47-8a39-47ad-9425-d231de44fc92-857677f648-2qn8f/science/checkpoints/q3_phobert_pragmatic_finetune_512_20260521/immutable_boundaries/7ECC0C5074B7/epoch_001.pt,1613240874,4cf746e60380386ff9d018c252a9d042279e38b9,7ecc0c5074b7a24977906e7e5222d61838b03f1315f72d0f3a29ead0e6ce197b,1613240874,135,3b72f57d12650bc6c680f16a08b7a3789a2ace4481f99068b72f35a72ec92b1e,36ed34e3070339687f27d1e58ced7dd10491b2f6,2026-08-23T05:20:01.000Z,Q3
all_weight_entries,Thundergod2007/vipragsent-phobert-checkpoints,model,campaigns/vipragsent-v7-compact-20260820-190bb0f24a7e75a8/SHARD_H100_MIG20_COMPACT/nb-170d4c47-8a39-47ad-9425-d231de44fc92-857677f648-2qn8f/science/checkpoints/q3_phobert_pragmatic_finetune_512_20260521/immutable_boundaries/810A522EAD8F/epoch_005.pt,1613241322,e5b1a562978f16a86b6e0b9a5a8ce268fd76d689,810a522ead8f3d9cfd4953c891eb50181be4c570b187a874c66ec8fd7534f22d,1613241322,135,b6f23e219ed3ee4aea94a17c4497c84789d0d3860d7a8f4691f93a3277863795,1f9c97898e0f84430ccd0911b2b222942a018645,2026-08-23T05:26:50.000Z,Q3
all_weight_entries,Thundergod2007/vipragsent-phobert-checkpoints,model,campaigns/vipragsent-v7-compact-20260820-190bb0f24a7e75a8/SHARD_H100_MIG20_COMPACT/nb-170d4c47-8a39-47ad-9425-d231de44fc92-857677f648-2qn8f/science/checkpoints/q3_phobert_pragmatic_finetune_512_20260521/immutable_boundaries/A6A70428060D/epoch_009.pt,1613241706,3383615fe7107fc3b22838f7ae91bdb44b8f59c5,a6a70428060db7ba89d7c020756fe89ad5258b8bd3ee349c0ac6842861483675,1613241706,135,2b782c3b90e1ee4ab89f24e7a170dcb49c21c68dc9042d73acc83f4553a2f553,16547c541e14633e13eb4c21f54a0dfd01e9a7a2,2026-08-23T05:33:38.000Z,Q3
all_weight_entries,Thundergod2007/vipragsent-phobert-checkpoints,model,campaigns/vipragsent-v7-compact-20260820-190bb0f24a7e75a8/SHARD_H100_MIG20_COMPACT/nb-170d4c47-8a39-47ad-9425-d231de44fc92-857677f648-2qn8f/science/checkpoints/q3_phobert_pragmatic_finetune_512_20260521/immutable_boundaries/D1B8E5EF42B2/epoch_004.pt,1613241194,5b273d5c4a7b9daf1fb6cac26f33ea68c9ea4501,d1b8e5ef42b2bded867c4d5fdfc1d3a116b125deea49a38cc9c567f70d9517b0,1613241194,135,3b672b9977a6964b6586af0b9674f9c8cace53f04c888ec5c041047ef23d20f6,6f3b3bf4a93f31a2bb43e206e88ba16e356e0664,2026-08-23T05:25:02.000Z,Q3
all_weight_entries,Thundergod2007/vipragsent-phobert-checkpoints,model,campaigns/vipragsent-v7-compact-20260820-190bb0f24a7e75a8/SHARD_H100_MIG20_COMPACT/nb-170d4c47-8a39-47ad-9425-d231de44fc92-857677f648-2qn8f/science/checkpoints/q3_phobert_pragmatic_finetune_512_20260522/immutable_boundaries/02AFD46AC7B7/epoch_001.pt,1613241002,e562d43018251fb48451df77151e741128bee19b,02afd46ac7b73163e496d84fb3da586ac161f3030e0b9ebb9378a6bc2b1b6438,1613241002,135,220b5da89dd3261b2c28ab38228f443a56878f4941ca246c0c3a130b43065ccd,62b585f1a09926cc75705f67a6a48a5fd72db6d0,2026-08-23T05:36:50.000Z,Q3
all_weight_entries,Thundergod2007/vipragsent-phobert-checkpoints,model,campaigns/vipragsent-v7-compact-20260820-190bb0f24a7e75a8/SHARD_H100_MIG20_COMPACT/nb-170d4c47-8a39-47ad-9425-d231de44fc92-857677f648-2qn8f/science/checkpoints/q3_phobert_pragmatic_finetune_512_20260522/immutable_boundaries/1B1724B29B0A/epoch_002.pt,1613241130,f66046106c90810e16849249e409f6949470caf0,1b1724b29b0ae61906ed12dbd1cb05ccef50d39484fd3d0d4d0ecdaebee79d86,1613241130,135,c647b08809f6c960fd7a3cab0eb2fac1754a9c17789d539dc21a6923f6c022ed,8ead8fda99e4b9d061a5305d27ccb6266712c65e,2026-08-23T05:38:30.000Z,Q3
all_weight_entries,Thundergod2007/vipragsent-phobert-checkpoints,model,campaigns/vipragsent-v7-compact-20260820-190bb0f24a7e75a8/SHARD_H100_MIG20_COMPACT/nb-170d4c47-8a39-47ad-9425-d231de44fc92-857677f648-2qn8f/science/checkpoints/q3_phobert_pragmatic_finetune_512_20260522/immutable_boundaries/43B9A411E3F3/epoch_003.pt,1613241194,afb71286cc1b85084b969d7fea8e2e53d0981d4c,43b9a411e3f35642df0c83479ba7d5e27108995c2a5f30cb44f3374c36d72aae,1613241194,135,5c62c8c409d84b1ed0b99c1912fdb3af2fba2b5e00f939da52c4e696d4dbbdaa,6ba0fd15e77bea8bb8218a9e7b0425da02aa1492,2026-08-23T05:40:11.000Z,Q3
all_weight_entries,Thundergod2007/vipragsent-phobert-checkpoints,model,campaigns/vipragsent-v7-compact-20260820-190bb0f24a7e75a8/SHARD_H100_MIG20_COMPACT/nb-170d4c47-8a39-47ad-9425-d231de44fc92-857677f648-2qn8f/science/checkpoints/q3_phobert_pragmatic_finetune_512_20260523/immutable_boundaries/20C76C859BD2/epoch_005.pt,1613241450,3ccdc05b15e1ccbafa70742a88d6e224a70ce74e,20c76c859bd2d3bacf6aa347a847b0abe6ec0c19533fd02bda8eca84b4dd8f54,1613241450,135,3033a023003dff8d1202e6f258618bec73ec5109be41bd3af9c998b69aa52a21,3c6decfdc76fa89d86cdf2b92503e2de45b46678,2026-08-23T05:49:44.000Z,Q3
all_weight_entries,Thundergod2007/vipragsent-phobert-checkpoints,model,campaigns/vipragsent-v7-compact-20260820-190bb0f24a7e75a8/SHARD_H100_MIG20_COMPACT/nb-170d4c47-8a39-47ad-9425-d231de44fc92-857677f648-2qn8f/science/checkpoints/q3_phobert_pragmatic_finetune_512_20260523/immutable_boundaries/85326E4C4CA5/epoch_002.pt,1613241130,c099bf21fc5035c6f4d38143ebb8692b068d9013,85326e4c4ca523d3e0e2486af5719337fe0f9e19f374521c8bb73ac58626d79c,1613241130,135,018bbbc42dc9f8c310b110f7e6575867ec2a7145f0c069e2ee69b84a12312e04,6e81c2aaa58a899325c1af8c81933cb1742c37b7,2026-08-23T05:44:41.000Z,Q3
all_weight_entries,Thundergod2007/vipragsent-phobert-checkpoints,model,campaigns/vipragsent-v7-compact-20260820-190bb0f24a7e75a8/SHARD_H100_MIG20_COMPACT/nb-170d4c47-8a39-47ad-9425-d231de44fc92-857677f648-2qn8f/science/checkpoints/q3_phobert_pragmatic_finetune_512_20260523/immutable_boundaries/87E8F1A93030/epoch_001.pt,1613241002,4988c00438f0f4fdea63d3a5628be5588b470c0b,87e8f1a93030fc7535566cafd0d25ef14dd977b20eedc8114b0826f5d18fb0d4,1613241002,135,54ce9151946fc362db280c0bc9c7dd2c702bd6da653d232fc77682c007dde942,a4b5ae6691d58335018442da7de124a5f04ef6cc,2026-08-23T05:43:00.000Z,Q3
all_weight_entries,Thundergod2007/vipragsent-phobert-checkpoints,model,campaigns/vipragsent-v7-compact-20260820-190bb0f24a7e75a8/SHARD_H100_MIG20_COMPACT/nb-170d4c47-8a39-47ad-9425-d231de44fc92-857677f648-2qn8f/science/checkpoints/q3_phobert_pragmatic_finetune_512_20260523/immutable_boundaries/C981A08138DD/epoch_004.pt,1613241322,f713ce3d5798927b0e0838095e99de8d9ab8091c,c981a08138dd2d35720f53308ebdac902993cda5f919794245ae56def73341fc,1613241322,135,edbdf12d269e4b4cc6673f5e81162f337c810a779a3e743ac70f166b435d0809,f8fb21a6df974a0beb73c85ad6c86c44b317312f,2026-08-23T05:48:03.000Z,Q3
all_weight_entries,Thundergod2007/vipragsent-phobert-checkpoints,model,campaigns/vipragsent-v7-compact-20260820-190bb0f24a7e75a8/SHARD_H100_MIG20_COMPACT/nb-170d4c47-8a39-47ad-9425-d231de44fc92-857677f648-2qn8f/science/checkpoints/q3_phobert_pragmatic_finetune_512_20260523/immutable_boundaries/DBDD69A41E24/epoch_006.pt,1613241514,e80e37ce42f324eb0d162b71e62cb65a5de2999a,dbdd69a41e24b30ab741e991c439eeb8f37eb2ad3810fe037f550ee327373a08,1613241514,135,9bbcb6a380e98eab9380e9d8b5aaa281a9c0b515c4486bbab0dd2a3d69ff36ba,43c32792052296ec8038a08c5d21746d0bc26dd5,2026-08-23T05:51:25.000Z,Q3
all_weight_entries,Thundergod2007/vipragsent-phobert-checkpoints,model,campaigns/vipragsent-v7-compact-20260820-190bb0f24a7e75a8/SHARD_H100_MIG20_COMPACT/nb-170d4c47-8a39-47ad-9425-d231de44fc92-857677f648-2qn8f/science/checkpoints/q3_phobert_pragmatic_finetune_512_20260523/immutable_boundaries/E79510179762/epoch_003.pt,1613241194,a03056235203c33bd759fd28e8a7f6ce70c2698a,e795101797625bf258bd5b3da71ab0376d62ba77ad36655077526dd2e96b8052,1613241194,135,cf114642219ec937f7e318139cc11015a53de55b159589bc921b3a71952925b0,fe8b7aec861a0f18ceab50750b6876c095fa1a05,2026-08-23T05:46:23.000Z,Q3
all_weight_entries,Thundergod2007/vipragsent-phobert-checkpoints,model,campaigns/vipragsent-v7-compact-20260820-190bb0f24a7e75a8/SHARD_H100_MIG20_COMPACT/nb-170d4c47-8a39-47ad-9425-d231de44fc92-857677f648-2qn8f/science/checkpoints/q3_phobert_pragmatic_finetune_full_20260521/immutable_boundaries/0CDB202346C7/epoch_006.pt,1613241386,a1f9c6d395db001725d21e8ccc1306f35a591fac,0cdb202346c7d2234d9a14b0ca08a343f7d9401e11ca6330ecf9d9466730be09,1613241386,135,40c2dd00427f7b4e76d6555e5d8222b58786bc23d43654d6f9aeaa92206a0777,05570f8470d1747c54ff6217f56264566a5e93d1,2026-08-23T06:02:54.000Z,Q3
all_weight_entries,Thundergod2007/vipragsent-phobert-checkpoints,model,campaigns/vipragsent-v7-compact-20260820-190bb0f24a7e75a8/SHARD_H100_MIG20_COMPACT/nb-170d4c47-8a39-47ad-9425-d231de44fc92-857677f648-2qn8f/science/checkpoints/q3_phobert_pragmatic_finetune_full_20260521/immutable_boundaries/3B0F6D41130D/epoch_005.pt,1613241322,486fa6cb7aaba5f881d527fab5631c13b8c3ec07,3b0f6d41130de5be99de69f98dd349799a700ba45b64ec44e45cf663c4de1332,1613241322,135,775de149859879e6a709f88e4e1f59980179e54d5dfd26298d02fc5e4cad259b,313b9dac536836c1a3a6f1d900635ace8fcc01d7,2026-08-23T06:01:13.000Z,Q3
all_weight_entries,Thundergod2007/vipragsent-phobert-checkpoints,model,campaigns/vipragsent-v7-compact-20260820-190bb0f24a7e75a8/SHARD_H100_MIG20_COMPACT/nb-170d4c47-8a39-47ad-9425-d231de44fc92-857677f648-2qn8f/science/checkpoints/q3_phobert_pragmatic_finetune_full_20260521/immutable_boundaries/52D998F97CFE/epoch_007.pt,1613241514,c3a052d2b8827b0b8c40ad90adca7c34d8b355a5,52d998f97cfe404cae7795278eb07120a575f8494bcd50be4911328355337a72,1613241514,135,2ebf4136a80bc7cc12bb4e7de6c6dc8a150770d17dead7c7ad5245d6e0067198,cf13f7c7acc71a98c8fba5ee6eef86a658815b13,2026-08-23T06:04:36.000Z,Q3
all_weight_entries,Thundergod2007/vipragsent-phobert-checkpoints,model,campaigns/vipragsent-v7-compact-20260820-190bb0f24a7e75a8/SHARD_H100_MIG20_COMPACT/nb-170d4c47-8a39-47ad-9425-d231de44fc92-857677f648-2qn8f/science/checkpoints/q3_phobert_pragmatic_finetune_full_20260521/immutable_boundaries/5BEB28F3E40D/epoch_001.pt,1613240874,fd024651fb9cb1ac574acadef445bcda437d5ce2,5beb28f3e40de762b7e3f22a3abd8fe542704f4a0f622e12edf52d7ca0fdd8cb,1613240874,135,a9f23c1ed596025922b8dcb2e5793f227f5a751b1b87d661eb67864d40b5bf3a,3f6c086da9de323ced1aec9c11203a8993990449,2026-08-23T05:54:32.000Z,Q3
all_weight_entries,Thundergod2007/vipragsent-phobert-checkpoints,model,campaigns/vipragsent-v7-compact-20260820-190bb0f24a7e75a8/SHARD_H100_MIG20_COMPACT/nb-170d4c47-8a39-47ad-9425-d231de44fc92-857677f648-2qn8f/science/checkpoints/q3_phobert_pragmatic_finetune_full_20260521/immutable_boundaries/83D294E68FBC/epoch_008.pt,1613241642,821568837a3563da8135379fc9b34e95deb70547,83d294e68fbca6f22d8b40ae67023b887f48b3e8124910b150eacf6d7c848f25,1613241642,135,e8b4227ba6ee95786fd97f0a4b81d42668c4af8b484d385c2d789a7564c4215b,3f2d7a260d8b76f42f76bd4d0822e278e6a342d3,2026-08-23T06:06:17.000Z,Q3
all_weight_entries,Thundergod2007/vipragsent-phobert-checkpoints,model,campaigns/vipragsent-v7-compact-20260820-190bb0f24a7e75a8/SHARD_H100_MIG20_COMPACT/nb-170d4c47-8a39-47ad-9425-d231de44fc92-857677f648-2qn8f/science/checkpoints/q3_phobert_pragmatic_finetune_full_20260521/immutable_boundaries/ADEFC1AF5B6E/epoch_009.pt,1613241706,7e1c029952655a20c2700a233ebfec5069b0fd1c,adefc1af5b6eb1df4a9f7506c5a1a823ae799ba194e0768f14e78aea2d01334e,1613241706,135,f6b693c5edc63f5c9ef8056fe694e21abe95a33a2b0cfe83d1fdb0a1547b43c6,2ba0b596c9a650e81cafc2a4ce520f6074f13c78,2026-08-23T06:07:58.000Z,Q3
all_weight_entries,Thundergod2007/vipragsent-phobert-checkpoints,model,campaigns/vipragsent-v7-compact-20260820-190bb0f24a7e75a8/SHARD_H100_MIG20_COMPACT/nb-170d4c47-8a39-47ad-9425-d231de44fc92-857677f648-2qn8f/science/checkpoints/q3_phobert_pragmatic_finetune_full_20260521/immutable_boundaries/D11ABBA56C3D/epoch_004.pt,1613241194,b25959a80313e5997836ceec7d16d1ea5dfbaf03,d11abba56c3de92a15fe90bf770265d420a9edcba440987e53edece086528f6b,1613241194,135,b1f34b6f31bb9ba602347fc0eac4b40b04b4ed4928d618df275f30b3407d9dae,91f0820deb694415dea3941c66da5be404d6c44c,2026-08-23T05:59:33.000Z,Q3
all_weight_entries,Thundergod2007/vipragsent-phobert-checkpoints,model,campaigns/vipragsent-v7-compact-20260820-190bb0f24a7e75a8/SHARD_H100_MIG20_COMPACT/nb-170d4c47-8a39-47ad-9425-d231de44fc92-857677f648-2qn8f/science/checkpoints/q3_phobert_pragmatic_finetune_full_20260521/immutable_boundaries/D2E2CF1A5C24/epoch_002.pt,1613241002,93aca7a7476cd88ca48d77bd73cb6e175ab82b02,d2e2cf1a5c24457ccc7449cc237d79b93f355d6adda77408939f765d2e41e100,1613241002,135,0de4bfdd2e4fbdcfb81adc0d67121e483783a3f3955319d0b3257e8bf3870687,51819cfc4da4f272f2a2c425bcc067d5c2ec5753,2026-08-23T05:56:12.000Z,Q3
all_weight_entries,Thundergod2007/vipragsent-phobert-checkpoints,model,campaigns/vipragsent-v7-compact-20260820-190bb0f24a7e75a8/SHARD_H100_MIG20_COMPACT/nb-170d4c47-8a39-47ad-9425-d231de44fc92-857677f648-2qn8f/science/checkpoints/q3_phobert_pragmatic_finetune_full_20260521/immutable_boundaries/FC3F5FAF3BA1/epoch_003.pt,1613241066,8cc330cac47d4d74a4ec069fce31edbd8744a3ff,fc3f5faf3ba1a3deb5c14a60bc202be5388e8966df95b1e19ac9080f633477f8,1613241066,135,a5047e6a395ac90ef651ae596d965f4a55b5109fd8f1e41fde1b355c8ac3e908,3cad44f84257602f4fdb1c4684584bcde7c366aa,2026-08-23T05:57:51.000Z,Q3
all_weight_entries,Thundergod2007/vipragsent-phobert-checkpoints,model,campaigns/vipragsent-v7-compact-20260820-190bb0f24a7e75a8/SHARD_H100_MIG20_COMPACT/nb-170d4c47-8a39-47ad-9425-d231de44fc92-857677f648-2qn8f/science/checkpoints/q3_phobert_pragmatic_finetune_full_20260522/immutable_boundaries/550640D14B83/epoch_004.pt,1613241322,7a29096af7214df49edb463abf3fab95aefb1ba9,550640d14b8306ceece56a6edee94eb4715d9e588c3d0f1ccf65c70e8e826111,1613241322,135,087b7125c044b06b1dfcc04c5453929fa1d1e718b5889ff93875025c04034293,869938489c5fd2fee31f206b7d49c5c8e8998429,2026-08-23T06:16:32.000Z,Q3
all_weight_entries,Thundergod2007/vipragsent-phobert-checkpoints,model,campaigns/vipragsent-v7-compact-20260820-190bb0f24a7e75a8/SHARD_H100_MIG20_COMPACT/nb-170d4c47-8a39-47ad-9425-d231de44fc92-857677f648-2qn8f/science/checkpoints/q3_phobert_pragmatic_finetune_full_20260522/immutable_boundaries/5A5049006D47/epoch_007.pt,1613241642,53a1b8d5fc4ef133c08a5c3ab0a8aa0b77585144,5a5049006d477ea4b1cf4886c35438d75f7b7e6228fc9d35d6e9383b20ff01fe,1613241642,135,450601b34739e525e8692083cd24b394a0e3b4a2b8e5845013b52f9cb1f81b57,e620fc5425b5c57bc0df4e4d43193b5963ee3f8c,2026-08-23T06:21:35.000Z,Q3
all_weight_entries,Thundergod2007/vipragsent-phobert-checkpoints,model,campaigns/vipragsent-v7-compact-20260820-190bb0f24a7e75a8/SHARD_H100_MIG20_COMPACT/nb-170d4c47-8a39-47ad-9425-d231de44fc92-857677f648-2qn8f/science/checkpoints/q3_phobert_pragmatic_finetune_full_20260522/immutable_boundaries/816E0483AA4A/epoch_001.pt,1613241002,443336be1024b70d811912134cde3b9c9d3370de,816e0483aa4aa410fe8b40abcb4088604a2e3bdfe2cc341b1b96956b62351043,1613241002,135,d7f9e5e3066f82c41d6f7c8d257c9c29acbbc725a9024255880bedc0ca625ae4,1b7c070ebc57a9cfcfc7d3c450971d0ad41379d5,2026-08-23T06:11:29.000Z,Q3
all_weight_entries,Thundergod2007/vipragsent-phobert-checkpoints,model,campaigns/vipragsent-v7-compact-20260820-190bb0f24a7e75a8/SHARD_H100_MIG20_COMPACT/nb-170d4c47-8a39-47ad-9425-d231de44fc92-857677f648-2qn8f/science/checkpoints/q3_phobert_pragmatic_finetune_full_20260522/immutable_boundaries/951DB55CD993/epoch_002.pt,1613241130,9a0e409fdf82124c92f50e85fc686b7f46ac741d,951db55cd993aa2ec9732b933e45abf2e58568fec172271b4e8acf98a43713de,1613241130,135,89ebb7c88b3fe30df8691b50a6e271f9d2f790aea5b79f8f8f4058787ad7a9f7,413da1e6bfe724f16697a94c34caa539e29b5ca8,2026-08-23T06:13:10.000Z,Q3
all_weight_entries,Thundergod2007/vipragsent-phobert-checkpoints,model,campaigns/vipragsent-v7-compact-20260820-190bb0f24a7e75a8/SHARD_H100_MIG20_COMPACT/nb-170d4c47-8a39-47ad-9425-d231de44fc92-857677f648-2qn8f/science/checkpoints/q3_phobert_pragmatic_finetune_full_20260522/immutable_boundaries/98E9112D0C22/epoch_008.pt,1613241770,b3708a290a9fed25fc01accdaba781daa4e71794,98e9112d0c227e926fe9ae2bcc5a6313d7c8caeca59a5c8a51ac5858db838448,1613241770,135,37e17ce27f12da0c161f840930fa8b9bb48b55b9293182b8f4a30294f9bfc28e,22ec9403c5e5d55c5e63997538e5064f0ca7ef86,2026-08-23T06:23:18.000Z,Q3
all_weight_entries,Thundergod2007/vipragsent-phobert-checkpoints,model,campaigns/vipragsent-v7-compact-20260820-190bb0f24a7e75a8/SHARD_H100_MIG20_COMPACT/nb-170d4c47-8a39-47ad-9425-d231de44fc92-857677f648-2qn8f/science/checkpoints/q3_phobert_pragmatic_finetune_full_20260522/immutable_boundaries/9F635E551EA1/epoch_006.pt,1613241514,68b045de530dcc1ca5be7e50ebb18123775d5541,9f635e551ea1be06c0f652c04efcbd2a71b654435ec8b5307ec4e1bec2b10542,1613241514,135,54d14824d051921a77503e9ddd576cbf43f709c00d3574f261a24f8430ee20b1,e0a20e5fb81903ad7553d122c6cad95b5eefc460,2026-08-23T06:19:55.000Z,Q3
all_weight_entries,Thundergod2007/vipragsent-phobert-checkpoints,model,campaigns/vipragsent-v7-compact-20260820-190bb0f24a7e75a8/SHARD_H100_MIG20_COMPACT/nb-170d4c47-8a39-47ad-9425-d231de44fc92-857677f648-2qn8f/science/checkpoints/q3_phobert_pragmatic_finetune_full_20260522/immutable_boundaries/D0FFCE7051D1/epoch_003.pt,1613241194,2dd12971c4211666eee2b3f260243dd351211f01,d0ffce7051d1e2ef92cc5096ebf91a992b1feb0ebf587ebc4903394c6449bbde,1613241194,135,8b4f4cc6cb69e3e757b4be47fd7d0051a2960471e601056dedd39ac99d317c08,41dd76a044b665ce3f630d77e6eb0d343493f283,2026-08-23T06:14:50.000Z,Q3
all_weight_entries,Thundergod2007/vipragsent-phobert-checkpoints,model,campaigns/vipragsent-v7-compact-20260820-190bb0f24a7e75a8/SHARD_H100_MIG20_COMPACT/nb-170d4c47-8a39-47ad-9425-d231de44fc92-857677f648-2qn8f/science/checkpoints/q3_phobert_pragmatic_finetune_full_20260522/immutable_boundaries/D40D9375C6CE/epoch_005.pt,1613241450,df3c4994cf69c051d2ad244d80c0d7749996d3af,d40d9375c6ce19ee20fb20dbb052abd9438819576b789b4687cd33a9f344016d,1613241450,135,063a12af60f08a8ce1e1002b3d9469f32c5958cb1da30588eb2329d8c853e951,78994f0d887371047c55d9351f4d5ff006e6da03,2026-08-23T06:18:13.000Z,Q3
all_weight_entries,Thundergod2007/vipragsent-phobert-checkpoints,model,campaigns/vipragsent-v7-compact-20260820-190bb0f24a7e75a8/SHARD_H100_MIG20_COMPACT/nb-170d4c47-8a39-47ad-9425-d231de44fc92-857677f648-2qn8f/science/checkpoints/q3_phobert_pragmatic_finetune_full_20260523/immutable_boundaries/290DE1331926/epoch_008.pt,1613241770,770ceade3e448421550d6cf22e5b996431096699,290de1331926a477024e6425d27af6264b50078d70c1213afaa86f6713c4b827,1613241770,135,d84413d804bc7d8a26609dbe5c6960f3f3b851fea716a8fea9d40a960b52d73d,41a8ef31cfabccefb9009fa5962464b8ee8d4bf8,2026-08-23T06:38:07.000Z,Q3
all_weight_entries,Thundergod2007/vipragsent-phobert-checkpoints,model,campaigns/vipragsent-v7-compact-20260820-190bb0f24a7e75a8/SHARD_H100_MIG20_COMPACT/nb-170d4c47-8a39-47ad-9425-d231de44fc92-857677f648-2qn8f/science/checkpoints/q3_phobert_pragmatic_finetune_full_20260523/immutable_boundaries/2E9A2EF5B0BC/epoch_004.pt,1613241322,ad74c92efd4e5c831c62991387f1bca801930e2a,2e9a2ef5b0bc1d3babd675246e8f594f0ab0865e89884f0add50df3bc256405d,1613241322,135,4604dc51c348a1ff5d030ea742628e1e5a5541b673dfb2465c94194d40631b11,a20c11a054fc79216114c49cec830c14235350d1,2026-08-23T06:31:35.000Z,Q3
all_weight_entries,Thundergod2007/vipragsent-phobert-checkpoints,model,campaigns/vipragsent-v7-compact-20260820-190bb0f24a7e75a8/SHARD_H100_MIG20_COMPACT/nb-170d4c47-8a39-47ad-9425-d231de44fc92-857677f648-2qn8f/science/checkpoints/q3_phobert_pragmatic_finetune_full_20260523/immutable_boundaries/3635960E80F5/epoch_005.pt,1613241450,080a3d38ae1da699dc3d6041f076e849c48af01a,3635960e80f5f0a01d44d0974e7a857a1aa5805ced0705c5193d99e424fac8ca,1613241450,135,278cd632496c1874c54c9e82b943d0bf8822f03fb69a0b3cafdff9147f966884,2181698a0546d04b13932e85aee34eb605fea633,2026-08-23T06:33:17.000Z,Q3
all_weight_entries,Thundergod2007/vipragsent-phobert-checkpoints,model,campaigns/vipragsent-v7-compact-20260820-190bb0f24a7e75a8/SHARD_H100_MIG20_COMPACT/nb-170d4c47-8a39-47ad-9425-d231de44fc92-857677f648-2qn8f/science/checkpoints/q3_phobert_pragmatic_finetune_full_20260523/immutable_boundaries/4742670BCA30/epoch_006.pt,1613241514,d9d8cf176ef6210c26586699ae845ae82ee34a3d,4742670bca30321a70780c454901c7c4e04684f1d4a9b1c665c230f1590bf921,1613241514,135,969a37183416896fb766072e8e7b8bed7bf4bd0ddf2a5247e909bf803618c896,3fda600ccb499f5b46b1b669f82153e973b69449,2026-08-23T06:34:55.000Z,Q3
all_weight_entries,Thundergod2007/vipragsent-phobert-checkpoints,model,campaigns/vipragsent-v7-compact-20260820-190bb0f24a7e75a8/SHARD_H100_MIG20_COMPACT/nb-170d4c47-8a39-47ad-9425-d231de44fc92-857677f648-2qn8f/science/checkpoints/q3_phobert_pragmatic_finetune_full_20260523/immutable_boundaries/6F2F16AC290C/epoch_003.pt,1613241194,4a75c90fac48ded4233b05328a468acb494cc1a6,6f2f16ac290cc06c26648cbbefc793208f9c4778034b8b3f7e35530be75ac5d3,1613241194,135,3620aeb41007eb4d4f76ac578d5f913cfd91072bafe4962874e0906330fd703d,3dac2f1f81349830f35ebb3b992380f9dccb6acf,2026-08-23T06:29:56.000Z,Q3
all_weight_entries,Thundergod2007/vipragsent-phobert-checkpoints,model,campaigns/vipragsent-v7-compact-20260820-190bb0f24a7e75a8/SHARD_H100_MIG20_COMPACT/nb-170d4c47-8a39-47ad-9425-d231de44fc92-857677f648-2qn8f/science/checkpoints/q3_phobert_pragmatic_finetune_full_20260523/immutable_boundaries/BF4012D3D76F/epoch_001.pt,1613241002,791ed55ed832cbe610ff8dc284425521d39d7afa,bf4012d3d76f3d2ddc6acaed1b5d202e81f3c379b42f13bc4796af50417d897f,1613241002,135,a26d1c489bd5f9092fe11874ff47f8fe798172c79c6e983a4afd0f84f5c49da9,6901220f49c39576263ec41af2cd615bef865a99,2026-08-23T06:26:36.000Z,Q3
all_weight_entries,Thundergod2007/vipragsent-phobert-checkpoints,model,campaigns/vipragsent-v7-compact-20260820-190bb0f24a7e75a8/SHARD_H100_MIG20_COMPACT/nb-170d4c47-8a39-47ad-9425-d231de44fc92-857677f648-2qn8f/science/checkpoints/q3_phobert_pragmatic_finetune_full_20260523/immutable_boundaries/F3401BFEB5CB/epoch_007.pt,1613241642,ae1251f5b2754f54b534e13fde83b0aab287ea66,f3401bfeb5cbc17cbca1cec38ee8a4ab1a2db9d21773b18958bb4f33c0b9ee36,1613241642,135,432cc959c2aa2769f1ef4f1fa00c354e5bd9f918d46db242bf169c0e04ea8534,68b756bb34085cf0fafec8fae853145645c4ff6e,2026-08-23T06:36:31.000Z,Q3
all_weight_entries,Thundergod2007/vipragsent-phobert-checkpoints,model,campaigns/vipragsent-v7-compact-20260820-190bb0f24a7e75a8/SHARD_H100_MIG20_COMPACT/nb-170d4c47-8a39-47ad-9425-d231de44fc92-857677f648-2qn8f/science/checkpoints/q3_phobert_pragmatic_finetune_full_20260523/immutable_boundaries/F89875D04028/epoch_002.pt,1613241130,bf9ba8e2cc06e6bcfa18e2e17888f4ed73389070,f89875d040284d6d8d99c29bb160d5358fa9e061ad407fa0ea0bbe376a3b3b42,1613241130,135,0b2d77e13b9743eabced8d6f83b7b77deb125baba78445fe823b137c09f57b78,3fe94811dfeb99b887e66620c1e37023e2d31880,2026-08-23T06:28:17.000Z,Q3
all_weight_entries,Thundergod2007/vipragsent-phobert-checkpoints,model,q1a_phobert_pragmatic_finetune_20260521/checkpoints/best/model.pt,1613241834,2cc4afadd5bb567ebbcb1b4043bd05706bc04b35,03f9a5a028578b54b9af792ae2d137693ee015a67db301114b397e9b8bd0cbdc,1613241834,135,ca3aa13a41b88ac820ec58117e4c484d29d32c5cc3e2ea64a5052cc3ee49fc02,1eed026444783fa8f81312061765a80eceb3788f,2026-08-08T15:43:22.000Z,Q1a
all_weight_entries,Thundergod2007/vipragsent-phobert-checkpoints,model,q1a_phobert_pragmatic_finetune_20260522/checkpoints/best/model.pt,1613241962,e633a8fd7433fa71d79d075c158596277bce09da,7824eb4f042a14429925ad86f35802c96b58e90c05ee336171044eea27dee9d1,1613241962,135,a604e2b3df8edbe367d8ce3249b2ef7ca020b88c883d30f0f70c5e85900aba65,8de066b8ac6184e4fa2f818b048ca1d6b678d4c2,2026-08-08T15:59:40.000Z,Q1a
all_weight_entries,Thundergod2007/vipragsent-phobert-checkpoints,model,q1a_phobert_pragmatic_finetune_20260523/checkpoints/best/model.pt,1613241962,b85a3e3788535af671feecde253b63172e6733ed,3267cc2799fe2bce1adec8632da0a2ae3f1426cc0ff2a0102f203232af53d39a,1613241962,135,559a8c289f0415541e75753b486528b63130c5f0887b011230ac69d9df256123,7ece70c761612cd412adb4576facf403d1828eb6,2026-08-08T16:22:26.000Z,Q1a
all_weight_entries,Thundergod2007/vipragsent-phobert-checkpoints,model,q1a_phobert_pragmatic_single_task_20260521/components/code_switching/checkpoints/best/model.pt,1613111701,cb4ff70466b4c7b19287dbb258fb18e2410540df,ed32a57eb03722bc1aaaaf0100db434e43ea1f9ec5dba3601a25b1a804af932b,1613111701,135,57957d4e840939689135438f0a8651197d2ba1eb38ced7af78567246a069c193,fbb7e8431d70b36af9ff8feaf388b462491b5927,2026-08-08T15:50:56.000Z,Q1a
all_weight_entries,Thundergod2007/vipragsent-phobert-checkpoints,model,q1a_phobert_pragmatic_single_task_20260521/components/idiom_figurative/checkpoints/best/model.pt,1613111701,f3595799c0d7b8e3d044ab2d5cf62806ea49c2b9,c9a71d9a6b01a0d4e26ec9747a32d1297b9e8c87f342c192d6dd01891b60834a,1613111701,135,84370a4fb05bc0d160ed6abf7a2d86c80ddaa18e125d402b27c51cd4afe4bed0,fab0b776bda7a055cfc09323229b74a92d34cbad,2026-08-08T15:53:23.000Z,Q1a
all_weight_entries,Thundergod2007/vipragsent-phobert-checkpoints,model,q1a_phobert_pragmatic_single_task_20260521/components/implicit_sentiment/checkpoints/best/model.pt,1613111701,d8a013a18a57e2114c00bb1a03818bc747768467,b5783e62daf6b542cc8959426a14e46b17bf8dec3615e930f00385341bae5003,1613111701,135,dfc561d70ee977edc041c9dfdffe4a90ed43400c42f28a2d2c79b3a9760d6c82,1f09d158f5ab09f15dfa7da9d435e09e8dce7481,2026-08-08T15:53:49.000Z,Q1a
all_weight_entries,Thundergod2007/vipragsent-phobert-checkpoints,model,q1a_phobert_pragmatic_single_task_20260521/components/irony/checkpoints/best/model.pt,1613111701,4d30dd3dce0b8f0d4cf13cb545921722e2a7deaa,ccd46fafe7b5adda5f6dcf203e46ac726c636a3422ef849517799dc8dc200ffb,1613111701,135,02e5424bc1c395b3c4bad7994b29bf5e03935e44a65bf2d5c969b270b87565d9,36ed1241eb634510c6ab891e2fde7efabc5f7a84,2026-08-08T15:54:15.000Z,Q1a
all_weight_entries,Thundergod2007/vipragsent-phobert-checkpoints,model,q1a_phobert_pragmatic_single_task_20260521/components/mocking/checkpoints/best/model.pt,1613111701,d0c4b41dc0000867d67bcab252c579014983c5be,736dbf6b11534b8320018b0900c824b2d74e0720533958aa05fed43e2ac6ed56,1613111701,135,70bda65c4c630eb4aa450f9b9524486ad3137b96fbed17378edc25c516d9aa9c,cbc86ded8bf51c3c76b526f6f5668ac12de1fd1c,2026-08-08T15:56:43.000Z,Q1a
all_weight_entries,Thundergod2007/vipragsent-phobert-checkpoints,model,q1a_phobert_pragmatic_single_task_20260521/components/sarcasm/checkpoints/best/model.pt,1613111701,405c97bf081dbab91060a2870231fac3fcf1898f,7fc537a3d984bd2dc70f8e9b352733420749cf4bd21bd47221b06d040135c6a4,1613111701,135,3be5286693eb5b89377a6202ec0369131a90c91c73f95ae6445e3af2ba60d8d1,8bd6d262bd055db4ff100dd909621b1c5987797f,2026-08-08T15:57:10.000Z,Q1a
all_weight_entries,Thundergod2007/vipragsent-phobert-checkpoints,model,q1a_phobert_pragmatic_single_task_20260522/components/code_switching/checkpoints/best/model.pt,1613111701,db685c7ed7684c944487b5467da397c5b0632fd4,a28c992e05df01548ed912d72e8aecf0c885487f2df1be06ccc02c2df43957bb,1613111701,135,873f65108697ee04d94d828e627f2a0865b858f6391b25a13102401a6529fc33,6e191a32a2b71309a10b40585c6b6acfc0e664d1,2026-08-08T16:06:40.000Z,Q1a
all_weight_entries,Thundergod2007/vipragsent-phobert-checkpoints,model,q1a_phobert_pragmatic_single_task_20260522/components/idiom_figurative/checkpoints/best/model.pt,1613111701,a872f7d191e3b4b23eee50bb8b1c2f08499f81a5,e3a18b7f81e39ba8aa366d7d9f5979f96eb378180b61b48c960fc8f9d097f012,1613111701,135,ee7ca7494c1abe5902591fded0ff93f395be515d2b95edbd69db577b6fa6612a,47d2706df42cdef4156526f4e214dbbfee594537,2026-08-08T16:07:05.000Z,Q1a
all_weight_entries,Thundergod2007/vipragsent-phobert-checkpoints,model,q1a_phobert_pragmatic_single_task_20260522/components/implicit_sentiment/checkpoints/best/model.pt,1613111701,315857bc5276c027455122cbd49bd2c121cc0e87,227b3fb8c019fa77c0817249932f4564188e7ae59e91d65b708f1ddfd5c71105,1613111701,135,d6cd0fa2659765159dcc9cef76143f6b8483869749c5e6d662d7c154b0f93fdf,6c82ced7292f5fb2f1d1f43230bd5a1b9d5c4ef9,2026-08-08T16:09:36.000Z,Q1a
all_weight_entries,Thundergod2007/vipragsent-phobert-checkpoints,model,q1a_phobert_pragmatic_single_task_20260522/components/irony/checkpoints/best/model.pt,1613111701,b6f1282d40b40b7ba0de5613f47ce4ffaeee1fa7,c3e7a3f4e056ebc768a69a15908089202fd1ea6f45bf68f336ddafbf5ce223ef,1613111701,135,9c0c9957897a421dffbf53760fe040b36cb59da81dc10fc3d5a14827ef892352,902ca707c5fd348a63226ff6a6db6b363a5d7d8b,2026-08-08T16:12:05.000Z,Q1a
all_weight_entries,Thundergod2007/vipragsent-phobert-checkpoints,model,q1a_phobert_pragmatic_single_task_20260522/components/mocking/checkpoints/best/model.pt,1613111701,aff49eec764efec0f9d80e2d4aa0a408b544a35b,22a807ab6d5c8a7929c094145f736227c911869f922da2fa8add762b636aaaed,1613111701,135,433f522135854a5135f5da620dc246087e7d0b863f8e46f6b9ac78d2fb5553bb,b94f07f262c1b253268761459e0486e7676534be,2026-08-08T16:12:32.000Z,Q1a
all_weight_entries,Thundergod2007/vipragsent-phobert-checkpoints,model,q1a_phobert_pragmatic_single_task_20260522/components/sarcasm/checkpoints/best/model.pt,1613111701,e67a40fbf3d60916a89ed5adec54168fd061bde3,30cab74daaab9f1fed8856b92553f492cc59905a5bf2f73c092aa80343533d98,1613111701,135,8ff4991717b4ea221798ee7c94e0d50d5b8680a2f683b3005223e92269959c35,055ac5fa21b6fcda177ee2c98b0f00038f53b19d,2026-08-08T16:15:03.000Z,Q1a
all_weight_entries,Thundergod2007/vipragsent-phobert-checkpoints,model,q1a_phobert_pragmatic_single_task_20260523/components/code_switching/checkpoints/best/model.pt,1613111701,31d094c9faadb2ea2a3bb4eb3f11accf81052639,ea7f68097a4a916d22410e57eaeca6fafcd93e4b8abc7040c4ae86c81ac4bda4,1613111701,135,d50e20e136dff70f365b9184be4ff775ed08a0229e1f9f9157fe61db8e6916c0,c13b87d7b826bda7741e06358cd681e562681191,2026-08-08T16:38:16.000Z,Q1a
all_weight_entries,Thundergod2007/vipragsent-phobert-checkpoints,model,q1a_phobert_pragmatic_single_task_20260523/components/idiom_figurative/checkpoints/best/model.pt,1613111701,14926eec55cbcb732f1662d63a8c377ad48c1a07,94d8dbff6c98b9098fd4d4380761815e8f1fc4b61425d097d8f25d337ddb6a95,1613111701,135,bd465c3ee3d77fc07cfd02b95adfda0514ec3a1ab955d4e3372d904ef3ec58c4,5161a6cb8540f7c3a91652230fda644c5c4bfd8f,2026-08-08T16:38:40.000Z,Q1a
all_weight_entries,Thundergod2007/vipragsent-phobert-checkpoints,model,q1a_phobert_pragmatic_single_task_20260523/components/implicit_sentiment/checkpoints/best/model.pt,1613111701,54d49c57c704e390760d46de2a180fd76ddb06d8,cbd120a1d22963a1b06057bf36683d1bf773c4b1501934702406a2ebdba84672,1613111701,135,109496af377ad55cc70e5a40b50da92b5e0dc876cbe580707b5c405ccb0066db,adc92ef1a06a1a995938f49c9462dff32792bdef,2026-08-08T16:42:52.000Z,Q1a
all_weight_entries,Thundergod2007/vipragsent-phobert-checkpoints,model,q1a_phobert_pragmatic_single_task_20260523/components/irony/checkpoints/best/model.pt,1613111701,a538db089d077e967dacc8e28da668c1748ca5fd,13a36a164fe6444cb019c9a4914969ee687eff784d8d989a8d93976c8c4291fa,1613111701,135,e81a4c5f9b1202f2456cb32d92dfc42074bd5b6b3283d80f6c77d4dbfec237af,e9b9e0436f0bd6f901bf7ad27c4b3dfdd182e910,2026-08-08T16:43:22.000Z,Q1a
all_weight_entries,Thundergod2007/vipragsent-phobert-checkpoints,model,q1a_phobert_pragmatic_single_task_20260523/components/mocking/checkpoints/best/model.pt,1613111701,987d7e68ab91ad40b1e027934771758317a14182,ba07ca84617079a4df6a0f7d4b3ee4d6b72682da01e4a5388810ed05d68cc143,1613111701,135,f5bb404b28d79928963366a52e96fef02d26b2d7e5197d1f4ed459fafbbccdfa,d83794be63425f893bb4b63fee33d1f6508f142c,2026-08-08T17:34:02.000Z,Q1a
all_weight_entries,Thundergod2007/vipragsent-phobert-checkpoints,model,q1a_phobert_pragmatic_single_task_20260523/components/sarcasm/checkpoints/best/model.pt,1613111701,94765428d5d9c1029521d140eab49d4fc502fe6c,8d521d5a02a3466f7604d3befda067adebf3369ba862a5023310dac7314b9125,1613111701,135,a1e6229db0559d6cb93ef009e6d8fc3e82ec966ebb399a5e61d1092343a87588,14097061c088f3deefe8ea6d9288d77755f36b5a,2026-08-08T17:34:31.000Z,Q1a
all_weight_entries,Thundergod2007/vipragsent-phobert-checkpoints,model,q3_phobert_pragmatic_finetune_256_20260523/_engine_checkpoints/model/best.pt,1613241450,67ce079e0950cc91c14dcddaf24400b15c139e5d,08121eb40e0f147cc2a13bad8ce294f2e34043b2e70c6d059a6793eb37051383,1613241450,135,da1fde6f3b80c978d57645484355664f643770abe4135c14d271f88391f70060,a4d9afa033fcf39abf45be916c480a962048fb62,2026-09-04T01:09:31.000Z,Q3
all_weight_entries,Thundergod2007/vipragsent-phobert-checkpoints,model,q3_phobert_pragmatic_finetune_256_20260523/_engine_checkpoints/model/epoch_001.pt,1613241002,9335eb2f3d4e3a34f71033bd3445647109efeb8a,14ded88a0c5d26a9274e88caa444f69c531e2d6270711f45f860f2cdbebee01e,1613241002,135,1c5b231e935573559af834c889b263ef24baceb2ae71620842b4d3a7b38b7550,1b588d629136a6bca3c8d0121e41ef59ccb4c305,2026-09-04T01:11:21.000Z,Q3
all_weight_entries,Thundergod2007/vipragsent-phobert-checkpoints,model,q3_phobert_pragmatic_finetune_256_20260523/_engine_checkpoints/model/epoch_002.pt,1613241130,6402ec70a474c3be274070471ad71741d7d3e65b,51c87838e8bbd29490447be2f4695d5ed7dec5d178c6e9c33a1c3c14a4fced38,1613241130,135,c3babe950d55c2cc353e14ae40fdb043481144354c3b8c4d0fcc5ada15f9599e,db3b0c8abf0864561230da0a1e89cabe71880c82,2026-09-04T01:13:10.000Z,Q3
all_weight_entries,Thundergod2007/vipragsent-phobert-checkpoints,model,q3_phobert_pragmatic_finetune_256_20260523/checkpoints/best/model.pt,1613241450,67ce079e0950cc91c14dcddaf24400b15c139e5d,08121eb40e0f147cc2a13bad8ce294f2e34043b2e70c6d059a6793eb37051383,1613241450,135,da1fde6f3b80c978d57645484355664f643770abe4135c14d271f88391f70060,c197b6400c902833534ccbcc96e10bf9dbb2408c,2026-09-04T01:15:03.000Z,Q3
all_weight_entries,Thundergod2007/vipragsent-sailor7b-checkpoints,model,campaigns/vipragsent-v7-6693e7e9eef08ef1/SHARD_GPU40_7B_INTEGRATION/q1a_sailor_pragmatic_sft_20260521/sailor_pragmatic_sft/checkpoints/boundary_0001_epoch_0001_838093F35A62/model.pt,5934727058,526e0944ae22fd2e46955c8ca53f293a7a251008,838093f35a62ec18afca7d48cc2bf57828a01a87abd4f57259cb6f24ac6b9fc3,5934727058,135,378a781904df30aee20d92728c9b37bf6e604b2982d37f1e6cae8ef3d0092b15,096cdb86b1f26755a477dc30096d5106f2614d80,2026-08-20T13:02:49.000Z,Q1a
all_weight_entries,Thundergod2007/vipragsent-sailor7b-checkpoints,model,campaigns/vipragsent-v7-6693e7e9eef08ef1/SHARD_GPU40_7B_INTEGRATION/q1a_sailor_pragmatic_sft_20260521/sailor_pragmatic_sft/checkpoints/boundary_0002_epoch_0002_4A4B4C08D401/model.pt,5934727186,f176a1c5bd3cd797057987021782fc12b461516c,4a4b4c08d4010619253940773aa4c964eec4c26161a3833eb7fc8e91124922ba,5934727186,135,b3aa2fb5ad1e7565df52fc2893a60def5a729c301e466e387468cf1fbed5a0d8,cdc36794c51146940b5dbd673c3bb2a7a140b04d,2026-08-20T13:22:51.000Z,Q1a
all_weight_entries,Thundergod2007/vipragsent-sailor7b-checkpoints,model,campaigns/vipragsent-v7-6693e7e9eef08ef1/SHARD_GPU40_7B_INTEGRATION/q1a_sailor_pragmatic_sft_20260521/sailor_pragmatic_sft/checkpoints/boundary_0003_epoch_0003_B2B5D964FE8E/model.pt,5934727314,b9f3d9fca16f674e01a442af1db316601923b527,b2b5d964fe8ebddcc91b59b526eaee18da00029d409becdff1836474202e4212,5934727314,135,e5095000d251197890533da0594012404ec7f9487a8247b1b4f94928e85396c8,d600355ff893322a02e0135d8d7dfb33b759141c,2026-08-20T13:42:39.000Z,Q1a
all_weight_entries,Thundergod2007/vipragsent-sailor7b-checkpoints,model,campaigns/vipragsent-v7-6693e7e9eef08ef1/SHARD_GPU40_7B_INTEGRATION/q1a_sailor_pragmatic_sft_20260521/sailor_pragmatic_sft/checkpoints/boundary_selected_best_B2B5D964FE8E/model.pt,5934727314,b9f3d9fca16f674e01a442af1db316601923b527,b2b5d964fe8ebddcc91b59b526eaee18da00029d409becdff1836474202e4212,5934727314,135,e5095000d251197890533da0594012404ec7f9487a8247b1b4f94928e85396c8,b0cb0f3ebac58ceeb59216b1f0fbead72771db7b,2026-08-20T13:51:15.000Z,Q1a
all_weight_entries,Thundergod2007/vipragsent-sailor7b-checkpoints,model,campaigns/vipragsent-v7-6693e7e9eef08ef1/SHARD_GPU40_7B_INTEGRATION/q1a_sailor_pragmatic_sft_20260522/sailor_pragmatic_sft/checkpoints/boundary_0001_epoch_0001_E385970F39DB/model.pt,5934727186,aa8c6381e4d2b5ce9c38ae5737ee97351d84a62c,e385970f39db881fbb2ca999f4d0f8ac25817a38473f7b4be0488e90ef0d305f,5934727186,135,503a3aba7efb637d240db5ddfe67277b47d0a71f5e3cbb4ebcb584b706341e81,8a928a3d673e00c9dd3b19c3ab0deb9d9c14e4df,2026-08-20T14:17:01.000Z,Q1a
all_weight_entries,Thundergod2007/vipragsent-sailor7b-checkpoints,model,campaigns/vipragsent-v7-6693e7e9eef08ef1/SHARD_GPU40_7B_INTEGRATION/q1a_sailor_pragmatic_sft_20260522/sailor_pragmatic_sft/checkpoints/boundary_0002_epoch_0002_31ED85F8EE02/model.pt,5934727314,825d77b72c6563f0113559d12da56b0d5f7de580,31ed85f8ee02cdd7bb5e29d4906715ccd1f6c57a63b2a75f0f0721617e0c3a7d,5934727314,135,d02019a81a725f644177bc9d9766778e1ae93d0f67e3357e1f2abeff053aa9ba,3253561c5257ba26a17931d973fab83d8a207ba5,2026-08-20T14:39:08.000Z,Q1a
all_weight_entries,Thundergod2007/vipragsent-sailor7b-checkpoints,model,campaigns/vipragsent-v7-6693e7e9eef08ef1/SHARD_GPU40_7B_INTEGRATION/q1a_sailor_pragmatic_sft_20260522/sailor_pragmatic_sft/checkpoints/boundary_0003_epoch_0003_D2EF9D8CF699/model.pt,5934727378,a195fb8822d51d23eb58c564bd1063e585fe48bf,d2ef9d8cf699f4dcf1a48c70431e5c3bff58e69e077d59d1d8d01c4644f2fd3f,5934727378,135,7da041783600dba2e623f90bf91e11cc6f6eb652c21098f21c54ff5e64f0f153,6ea5166e8df3e60e84b61bbf179561b08776ccc6,2026-08-20T15:01:40.000Z,Q1a
all_weight_entries,Thundergod2007/vipragsent-sailor7b-checkpoints,model,campaigns/vipragsent-v7-6693e7e9eef08ef1/SHARD_GPU40_7B_INTEGRATION/q1a_sailor_pragmatic_sft_20260522/sailor_pragmatic_sft/checkpoints/boundary_selected_best_31ED85F8EE02/model.pt,5934727314,825d77b72c6563f0113559d12da56b0d5f7de580,31ed85f8ee02cdd7bb5e29d4906715ccd1f6c57a63b2a75f0f0721617e0c3a7d,5934727314,135,d02019a81a725f644177bc9d9766778e1ae93d0f67e3357e1f2abeff053aa9ba,19ea2e7c5e73a7200b4b71315690123def037fba,2026-08-20T15:09:57.000Z,Q1a
all_weight_entries,Thundergod2007/vipragsent-sailor7b-checkpoints,model,campaigns/vipragsent-v7-6693e7e9eef08ef1/SHARD_GPU40_7B_INTEGRATION/q1a_sailor_pragmatic_sft_20260523/sailor_pragmatic_sft/checkpoints/boundary_0001_epoch_0001_C2A84EC6445A/model.pt,5934727186,6620827484751d5bd0332b8aa0761275c428944c,c2a84ec6445abebffcda73bd480f2d7732ff00ba8bbf0fc3a72e9edf37176729,5934727186,135,e227ca7b9fae8577d239d495ab396491e17ee072941764fb7e58e8213fe8b3ef,5dc74757bee5746172256145b9b1e9e157330dd4,2026-08-20T15:39:17.000Z,Q1a
all_weight_entries,Thundergod2007/vipragsent-sailor7b-checkpoints,model,campaigns/vipragsent-v7-6693e7e9eef08ef1/SHARD_GPU40_7B_INTEGRATION/q1a_sailor_pragmatic_sft_20260523/sailor_pragmatic_sft/checkpoints/boundary_0002_epoch_0002_0849856D7C36/model.pt,5934727314,ed94dfffd277f38feb00151346b029e7a93b506c,0849856d7c36bd6d4f824447e8bd7b38f60c986b66e9cf991a3b49d87cd254d1,5934727314,135,a76f0f85071993d06100dcb0ee7f4d9e250494c343fcb917acb07773a8c3a452,35c10cf96ebe48fca5ca9b7c9ba94612c9985fa1,2026-08-20T15:56:26.000Z,Q1a
all_weight_entries,Thundergod2007/vipragsent-sailor7b-checkpoints,model,campaigns/vipragsent-v7-6693e7e9eef08ef1/SHARD_GPU40_7B_INTEGRATION/q1a_sailor_pragmatic_sft_20260523/sailor_pragmatic_sft/checkpoints/boundary_0003_epoch_0003_FE3A8559DFA0/model.pt,5934727442,3b4d2535940f8e01833dac21e29c170921d64fb8,fe3a8559dfa08bdec83d772e4c97600ae813839651c967867d5835a26242468b,5934727442,135,60489fc482bb28d681b3aa10040b27006c0682bfc52fed1293ea973f72217b90,aabe2191fe4ee5bb106a368cddba5714cec6f6c4,2026-08-20T16:17:55.000Z,Q1a
all_weight_entries,Thundergod2007/vipragsent-sailor7b-checkpoints,model,campaigns/vipragsent-v7-6693e7e9eef08ef1/SHARD_GPU40_7B_INTEGRATION/q1a_sailor_pragmatic_sft_20260523/sailor_pragmatic_sft/checkpoints/boundary_selected_best_0849856D7C36/model.pt,5934727314,ed94dfffd277f38feb00151346b029e7a93b506c,0849856d7c36bd6d4f824447e8bd7b38f60c986b66e9cf991a3b49d87cd254d1,5934727314,135,a76f0f85071993d06100dcb0ee7f4d9e250494c343fcb917acb07773a8c3a452,f7ffc34a78180d0d56f0c37e91ede9e7b9c1b239,2026-08-20T16:26:13.000Z,Q1a
all_weight_entries,Thundergod2007/vipragsent-sailor7b-checkpoints,model,campaigns/vipragsent-v7-6693e7e9eef08ef1/SHARD_GPU40_7B_INTEGRATION/q1b_train_sailor_multitask_8head:20260521/_engine_checkpoints/model/best.pt,6058723673,00f15c299c92d0d23418a3101b80f7d3592c5f6f,33129e0387546ced1397cf9dd98cf67885e92f112b272bb3fc518e9524d35439,6058723673,135,6e456b97bd03c423745b6557b5da5e7668893da710cb30e3a099d3dff54bd643,dae8b8dc1672102065867e21bcdfe906be0a4ce6,2026-08-28T15:39:31.000Z,Q1b
all_weight_entries,Thundergod2007/vipragsent-sailor7b-checkpoints,model,campaigns/vipragsent-v7-6693e7e9eef08ef1/SHARD_GPU40_7B_INTEGRATION/q1b_train_sailor_multitask_8head:20260521/_engine_checkpoints/model/epoch_001.pt,6058723545,fd5bdff215363e96699f749322b00d3e726e33ec,6e3fdd900905f589f4003530c3f14faeea48f87e0b88d74aeba9128ac014b512,6058723545,135,3e8b7bcf9fa69724ff0d08f9f686d543138b09ab7687e97aa2bac8be3b168bb3,72c374faa5dad97f8ce527a0a18afd714ab1ca52,2026-08-28T15:39:53.000Z,Q1b
all_weight_entries,Thundergod2007/vipragsent-sailor7b-checkpoints,model,campaigns/vipragsent-v7-6693e7e9eef08ef1/SHARD_GPU40_7B_INTEGRATION/q1b_train_sailor_multitask_8head:20260521/_engine_checkpoints/model/epoch_002.pt,6058723673,00f15c299c92d0d23418a3101b80f7d3592c5f6f,33129e0387546ced1397cf9dd98cf67885e92f112b272bb3fc518e9524d35439,6058723673,135,6e456b97bd03c423745b6557b5da5e7668893da710cb30e3a099d3dff54bd643,376ab961a8eb5cd701d708abd8b5f104c0ca5334,2026-08-28T15:40:02.000Z,Q1b
all_weight_entries,Thundergod2007/vipragsent-sailor7b-checkpoints,model,campaigns/vipragsent-v7-6693e7e9eef08ef1/SHARD_GPU40_7B_INTEGRATION/q1b_train_sailor_multitask_8head:20260521/_engine_checkpoints/model/epoch_003.pt,6058723801,5a6f71c14bb007773f271bd549ab7a6d7a86235c,1f7699be84445ca47899cbaaed23d05dfef3de2a06b251134d10233bd04c2788,6058723801,135,a4f1d70e3116f980a4c59b4207702228b4bc4442b13b5deac932c79fc7415cc0,de004d7543070887c9a6ce533a20a4330162d337,2026-08-28T15:40:21.000Z,Q1b
all_weight_entries,Thundergod2007/vipragsent-sailor7b-checkpoints,model,campaigns/vipragsent-v7-6693e7e9eef08ef1/SHARD_GPU40_7B_INTEGRATION/q1b_train_sailor_multitask_8head:20260521/checkpoints/best/model.pt,6058723673,00f15c299c92d0d23418a3101b80f7d3592c5f6f,33129e0387546ced1397cf9dd98cf67885e92f112b272bb3fc518e9524d35439,6058723673,135,6e456b97bd03c423745b6557b5da5e7668893da710cb30e3a099d3dff54bd643,9b71fca71f895bbb8b5e351caa701b21d8913271,2026-08-28T15:40:30.000Z,Q1b
all_weight_entries,Thundergod2007/vipragsent-sailor7b-checkpoints,model,campaigns/vipragsent-v7-6693e7e9eef08ef1/SHARD_GPU40_7B_INTEGRATION/q1b_train_sailor_multitask_8head:20260521/checkpoints/latest/model.pt,6058723801,5a6f71c14bb007773f271bd549ab7a6d7a86235c,1f7699be84445ca47899cbaaed23d05dfef3de2a06b251134d10233bd04c2788,6058723801,135,a4f1d70e3116f980a4c59b4207702228b4bc4442b13b5deac932c79fc7415cc0,e0d47110425c49c963af4274ad11a1d60fa6e4f8,2026-08-28T15:40:39.000Z,Q1b
all_weight_entries,Thundergod2007/vipragsent-sailor7b-checkpoints,model,campaigns/vipragsent-v7-6693e7e9eef08ef1/SHARD_GPU40_7B_INTEGRATION/q1b_train_sailor_multitask_8head:20260522/_engine_checkpoints/model/best.pt,6058723801,4545f53c228f45de6ef3e8575b1989fb139c0b69,d921d037ce09e8884eea95688a7787455c3c45251dd5d766635115cdd1d74b7e,6058723801,135,891334cfb8953940b73bbd71dc47ae67c58c7e86ad8a2a2e3f0c4025b7a40009,095a48d103b372aa1a58cc281dbe9f86450768fb,2026-08-28T18:44:51.000Z,Q1b
all_weight_entries,Thundergod2007/vipragsent-sailor7b-checkpoints,model,campaigns/vipragsent-v7-6693e7e9eef08ef1/SHARD_GPU40_7B_INTEGRATION/q1b_train_sailor_multitask_8head:20260522/_engine_checkpoints/model/epoch_001.pt,6058723673,0dabbf43c1e246105efd7ff2a6c3ac630cda50a2,4091c69a2771838a53b9d3d1403fb478cb1a135a4d810a8d7f4d38eee8c5c836,6058723673,135,c6f039866e17f7160a38ae7fee672e870e3fe7610230a40c2a216916978c6664,a25cec2b15036a203181716537b9f0128d9b8af6,2026-08-28T18:45:08.000Z,Q1b
all_weight_entries,Thundergod2007/vipragsent-sailor7b-checkpoints,model,campaigns/vipragsent-v7-6693e7e9eef08ef1/SHARD_GPU40_7B_INTEGRATION/q1b_train_sailor_multitask_8head:20260522/_engine_checkpoints/model/epoch_002.pt,6058723801,4545f53c228f45de6ef3e8575b1989fb139c0b69,d921d037ce09e8884eea95688a7787455c3c45251dd5d766635115cdd1d74b7e,6058723801,135,891334cfb8953940b73bbd71dc47ae67c58c7e86ad8a2a2e3f0c4025b7a40009,e95fe036f13098cf75a8fff5fe83bbd59ea615d5,2026-08-28T18:45:17.000Z,Q1b
all_weight_entries,Thundergod2007/vipragsent-sailor7b-checkpoints,model,campaigns/vipragsent-v7-6693e7e9eef08ef1/SHARD_GPU40_7B_INTEGRATION/q1b_train_sailor_multitask_8head:20260522/_engine_checkpoints/model/epoch_003.pt,6058723865,67c81e4db15e19f7658b37c10567c73bea106b87,bc77e22617211f3c7b49e58fb4ca0ad2920e445d3b4a6a2e15f02e1543da057f,6058723865,135,c4c0bcd985ec1226d72d86d46fd48a93251475b68ebbf19c521cbeda8953b76f,dcee706f881056df389ce926beb022ce872fa01a,2026-08-28T18:45:35.000Z,Q1b
all_weight_entries,Thundergod2007/vipragsent-sailor7b-checkpoints,model,campaigns/vipragsent-v7-6693e7e9eef08ef1/SHARD_GPU40_7B_INTEGRATION/q1b_train_sailor_multitask_8head:20260522/checkpoints/best/model.pt,6058723801,4545f53c228f45de6ef3e8575b1989fb139c0b69,d921d037ce09e8884eea95688a7787455c3c45251dd5d766635115cdd1d74b7e,6058723801,135,891334cfb8953940b73bbd71dc47ae67c58c7e86ad8a2a2e3f0c4025b7a40009,4402724eab90649af9297b8a56f6c47211b79dd7,2026-08-28T18:45:45.000Z,Q1b
all_weight_entries,Thundergod2007/vipragsent-sailor7b-checkpoints,model,campaigns/vipragsent-v7-6693e7e9eef08ef1/SHARD_GPU40_7B_INTEGRATION/q1b_train_sailor_multitask_8head:20260522/checkpoints/latest/model.pt,6058723865,67c81e4db15e19f7658b37c10567c73bea106b87,bc77e22617211f3c7b49e58fb4ca0ad2920e445d3b4a6a2e15f02e1543da057f,6058723865,135,c4c0bcd985ec1226d72d86d46fd48a93251475b68ebbf19c521cbeda8953b76f,5203ca620705cadd2c6381914755dbed3b4b6a91,2026-08-28T18:45:55.000Z,Q1b
all_weight_entries,Thundergod2007/vipragsent-sailor7b-checkpoints,model,campaigns/vipragsent-v7-6693e7e9eef08ef1/SHARD_GPU40_7B_INTEGRATION/q1b_train_sailor_multitask_8head:20260523/_engine_checkpoints/model/best.pt,6058723673,09db1ac22d33cdcda27de2330bd9e420a1c82a66,adeef31679f2eaa80eb665bbedd2a219d424f5e8a2ec3a170ad1c8dc71912b1c,6058723673,135,207950fec92e09485024a6376133f8bd817e88b095b9392521d3184bcc5e928b,2d97dce3499934c757af1abd87db33f0d2c4daeb,2026-08-28T19:30:19.000Z,Q1b
all_weight_entries,Thundergod2007/vipragsent-sailor7b-checkpoints,model,campaigns/vipragsent-v7-6693e7e9eef08ef1/SHARD_GPU40_7B_INTEGRATION/q1b_train_sailor_multitask_8head:20260523/_engine_checkpoints/model/epoch_001.pt,6058723673,09db1ac22d33cdcda27de2330bd9e420a1c82a66,adeef31679f2eaa80eb665bbedd2a219d424f5e8a2ec3a170ad1c8dc71912b1c,6058723673,135,207950fec92e09485024a6376133f8bd817e88b095b9392521d3184bcc5e928b,0bf2138581a14f205401bdac37bedccdf46aef21,2026-08-28T19:31:10.000Z,Q1b
all_weight_entries,Thundergod2007/vipragsent-sailor7b-checkpoints,model,campaigns/vipragsent-v7-6693e7e9eef08ef1/SHARD_GPU40_7B_INTEGRATION/q1b_train_sailor_multitask_8head:20260523/_engine_checkpoints/model/epoch_002.pt,6058723801,fc441862c452f122f100510c1bd5bb97658fe3d3,88e400933e72ce27a0e0678cd8d045f2afd3e4ec61a7af4cbd7e0dd799df08db,6058723801,135,ebe646abbd00b4c11081cd76f4dd3234d5dd452c996642bed9d1ae0a4dd17d1d,6ca5d971244ee2f387eba527186c3550bf989023,2026-08-28T20:01:20.000Z,Q1b
all_weight_entries,Thundergod2007/vipragsent-sailor7b-checkpoints,model,campaigns/vipragsent-v7-6693e7e9eef08ef1/SHARD_GPU40_7B_INTEGRATION/q1b_train_sailor_multitask_8head:20260523/_engine_checkpoints/model/epoch_003.pt,6058723865,90d04a9acf9538ec2e35d5681ec3cb9c5e3699b5,8d57bff43c87e0cb040fc242a11f84d2555d59f6a1759fca1cf2f5996d6bd0c1,6058723865,135,8d20f777162d35e85b71aa91e08fe4c64fcf6e2c6104967f89247c1f0f30ede4,e8ac02d2b40ba1a4c8cc308ee8a0c781026f12ee,2026-08-28T20:42:45.000Z,Q1b
all_weight_entries,Thundergod2007/vipragsent-sailor7b-checkpoints,model,campaigns/vipragsent-v7-6693e7e9eef08ef1/SHARD_GPU40_7B_INTEGRATION/q1b_train_sailor_multitask_8head:20260523/checkpoints/best/model.pt,6058723865,90d04a9acf9538ec2e35d5681ec3cb9c5e3699b5,8d57bff43c87e0cb040fc242a11f84d2555d59f6a1759fca1cf2f5996d6bd0c1,6058723865,135,8d20f777162d35e85b71aa91e08fe4c64fcf6e2c6104967f89247c1f0f30ede4,8aad325e4cb16e886fc898b2849b5ed8e0e4116f,2026-08-28T20:44:50.000Z,Q1b
all_weight_entries,Thundergod2007/vipragsent-sailor7b-checkpoints,model,campaigns/vipragsent-v7-6693e7e9eef08ef1/SHARD_GPU40_7B_INTEGRATION/q1b_train_sailor_multitask_8head:20260523/checkpoints/latest/model.pt,6058723865,90d04a9acf9538ec2e35d5681ec3cb9c5e3699b5,8d57bff43c87e0cb040fc242a11f84d2555d59f6a1759fca1cf2f5996d6bd0c1,6058723865,135,8d20f777162d35e85b71aa91e08fe4c64fcf6e2c6104967f89247c1f0f30ede4,8169540be86e1e6134de7128e526d9152a2425e8,2026-08-28T20:45:42.000Z,Q1b
all_weight_entries,Thundergod2007/vipragsent-sailor7b-checkpoints,model,q1a_sailor_pragmatic_sft_20260521/checkpoints/best/model.pt,5934727186,4125d0c2260d7d4e5b68f036d291b9f51609c3d9,282d13dea3883b4b483f9845e2e2e675f2c54198f011f92efdfdbcfaee45804b,5934727186,135,1fa69082390bfd26ae040702156d682d6475048e22f05ff1de32feea04e769d9,72eb58bdc97db25914d977a4a8dbf37ee76bf5af,2026-08-08T15:48:31.000Z,Q1a
all_weight_entries,Thundergod2007/vipragsent-sailor7b-checkpoints,model,q1a_sailor_pragmatic_sft_20260522/checkpoints/best/model.pt,5934727314,cbd295efe8dba4df76802c41e7db518fcd5a0a03,248363853004584fbf944d60212760d61178299882c7a11c12426d920364e135,5934727314,135,6704c67249ef88788c52d604ec7050ab22e7f766edeed204b2130d2b66c54d76,6e804d8ef80834297bf848f6120c6f9bfbadaa91,2026-08-08T16:02:16.000Z,Q1a
all_weight_entries,Thundergod2007/vipragsent-sailor7b-checkpoints,model,q1a_sailor_pragmatic_sft_20260523/checkpoints/best/model.pt,5934727314,34a8506ea16d3095b42d0de722f3c158f5c5a16c,1c49ea2a60937d652e3136ab28b07f312b27696f71c786a1788ad7e328f5fdfd,5934727314,135,ef9a21eb81be5b439915330081d2ecd4af29c4473c749e14a13b2bf4f87bf399,6af58b4c754d08f9d6316aef58c239bca60397ed,2026-08-08T16:24:57.000Z,Q1a
all_weight_entries,Thundergod2007/vipragsent-vistral7b-checkpoints,model,campaigns/vipragsent-v7-6693e7e9eef08ef1/SHARD_GPU40_7B_INTEGRATION/q1a_cot_only_vistral_20260521/cot_only_vistral/checkpoints/boundary_0001_epoch_0001_734957DE1D45/model.pt,4942858233,75f37e5c40c7c43219b273d0fb82d2c1cdcff681,734957de1d450e872dce27d1fc102c7508c9472d4fb7429dc93746ce2140af83,4942858233,135,d6c24461105c295ad73bd7313e12981b99e3117f989e8715c1d0edc359fd0259,08586431dda89b11ce52463dfe59d066154ebfdd,2026-08-21T07:25:55.000Z,Q1a
all_weight_entries,Thundergod2007/vipragsent-vistral7b-checkpoints,model,campaigns/vipragsent-v7-6693e7e9eef08ef1/SHARD_GPU40_7B_INTEGRATION/q1a_cot_only_vistral_20260521/cot_only_vistral/checkpoints/boundary_0001_epoch_0001_C63DD9D7EC1C/model.pt,4942858105,1ac4438c246a14896e915146cc1bdc7dd4e870c2,c63dd9d7ec1c31186df864806a7e96aa5d33c203d720b9f8e9c067fabd5e9994,4942858105,135,a46af78f81d92d2bbb14817043aee2d23509ed71c3e01b99e23fa1786e861dbb,bdba023526ee090a98bbfe238ba22a8c31bdabdc,2026-08-21T00:39:29.000Z,Q1a
all_weight_entries,Thundergod2007/vipragsent-vistral7b-checkpoints,model,campaigns/vipragsent-v7-6693e7e9eef08ef1/SHARD_GPU40_7B_INTEGRATION/q1a_cot_only_vistral_20260521/cot_only_vistral/checkpoints/boundary_0001_epoch_0001_C8CE3B0F32B9/model.pt,4942858233,2d1e49437aedc2ae42e0f31361a4a697fb252d26,c8ce3b0f32b9920807a8317d5bf3c8adbf3f1618e831e11a985d90d08d64ec8d,4942858233,135,d647a987d8c7130f6b820a3653516c1fa30da874f6309d0f85440b332ee6f8f9,87583de06aadd0de582627be360119d0beac34fb,2026-08-21T03:47:43.000Z,Q1a
all_weight_entries,Thundergod2007/vipragsent-vistral7b-checkpoints,model,campaigns/vipragsent-v7-6693e7e9eef08ef1/SHARD_GPU40_7B_INTEGRATION/q1a_cot_only_vistral_20260521/cot_only_vistral/checkpoints/boundary_0001_epoch_0001_F12EA307804F/model.pt,4942858233,f35a58321a36128a5a18148518c6721c1de5719b,f12ea307804f71e3f88a8c57a5d09dd98adbfd54baf1a608bf72b3d05b8d6351,4942858233,135,888726349e4d0df4e8977159f36ef4a70c421e5017c425b1347aaec7fa491b2c,59d000300b309c3ee09d1a22a385d805c487ff48,2026-08-21T03:12:56.000Z,Q1a
all_weight_entries,Thundergod2007/vipragsent-vistral7b-checkpoints,model,campaigns/vipragsent-v7-6693e7e9eef08ef1/SHARD_GPU40_7B_INTEGRATION/q1a_cot_only_vistral_20260521/cot_only_vistral/checkpoints/boundary_0002_epoch_0002_A82FC45BEE01/model.pt,4942858233,ca8c78f86ae764a994e9b79a8b9bec6e871a40d5,a82fc45bee0113ded48689c96f93c7f69ec55ad22d724e42a2e16528568e4920,4942858233,135,748b204b6810bd6f151446c20ec951becb0a57bf28f43750794dad12de3362d2,96f1cf2914fe67d24e55d2b9d28b3a42ce14a9ae,2026-08-21T12:20:19.000Z,Q1a
all_weight_entries,Thundergod2007/vipragsent-vistral7b-checkpoints,model,campaigns/vipragsent-v7-6693e7e9eef08ef1/SHARD_GPU40_7B_INTEGRATION/q1a_cot_only_vistral_20260521/cot_only_vistral/checkpoints/boundary_0003_epoch_0003_F77A0212B043/model.pt,4942858233,7e19a2e795f9eafc46d0295c9cc9371f77c57635,f77a0212b04360924657c87f007dc708beffc44d886c3cafffffc240221fbd60,4942858233,135,bc169e75a67e0cfc92d79512861435fe009b4973051441a3e0ad08d312f649ba,9710ca84e90500935c3c40166df10df35ee087dd,2026-08-21T15:56:26.000Z,Q1a
all_weight_entries,Thundergod2007/vipragsent-vistral7b-checkpoints,model,campaigns/vipragsent-v7-6693e7e9eef08ef1/SHARD_GPU40_7B_INTEGRATION/q1a_cot_only_vistral_20260522/cot_only_vistral/checkpoints/boundary_0001_epoch_0001_65C1D0BAAF1D/model.pt,4942858297,086444aad74c58cfe3c7d606e5b90cec56f4cedc,65c1d0baaf1da2c90bdd440b1e9b8823d5187fb25906c48f38debb308880f65c,4942858297,135,9351b272a751d8d5704281c6ea1fab055e66b2f28bb4b97323139866d3a9a3a9,31bd4cf2314ede36b4ddefee1c61f0c4343d8283,2026-08-22T10:20:45.000Z,Q1a
all_weight_entries,Thundergod2007/vipragsent-vistral7b-checkpoints,model,campaigns/vipragsent-v7-6693e7e9eef08ef1/SHARD_GPU40_7B_INTEGRATION/q1a_cot_only_vistral_20260522/cot_only_vistral/checkpoints/boundary_0002_epoch_0002_F34A33BDDADB/model.pt,4942858361,befb7e15f76d23751201c80570f271ef9d547aec,f34a33bddadb974066c54f0e5946b0d946b297d2e6c2be2aa12aabd4801eaf98,4942858361,135,e7efcb0650f1842e25c07de3fa33cc764133f7b25e1cb37fa1b13c2900491dd6,d420ff70c55e1e55dffede4848230d63e7fb5f85,2026-08-22T14:46:12.000Z,Q1a
all_weight_entries,Thundergod2007/vipragsent-vistral7b-checkpoints,model,campaigns/vipragsent-v7-6693e7e9eef08ef1/SHARD_GPU40_7B_INTEGRATION/q1a_cot_only_vistral_20260522/cot_only_vistral/checkpoints/boundary_0003_epoch_0003_1D0A43F67758/model.pt,4942858297,03c4253c9b44a3eca3a83b016a888d54ce217bf2,1d0a43f6775838048b41666ff2cd1bfd4212328babaf9549d0e955cf432dd368,4942858297,135,d43753fb3701270ad789dd98fa1037b93a2eec0502719b85f14b8b4ebaab20a7,d420ff70c55e1e55dffede4848230d63e7fb5f85,2026-08-22T14:46:12.000Z,Q1a
all_weight_entries,Thundergod2007/vipragsent-vistral7b-checkpoints,model,campaigns/vipragsent-v7-6693e7e9eef08ef1/SHARD_GPU40_7B_INTEGRATION/q1a_cot_only_vistral_20260523/cot_only_vistral/checkpoints/boundary_0001_epoch_0001_109D7024E882/model.pt,4942858233,e8b42fd1349930c2696b9ccbd30e928df624d17e,109d7024e882ee629f514707f02d097341b9d4d6bb9eed76a309e41b76f3a8e4,4942858233,135,1b3f1f175fb01720f6c2a4c4cee93016570409fd09ef5c2aa331ab170d0ddbb6,f14f8ab1654174c419d2ce456b1396305ac1d74d,2026-08-23T03:37:12.000Z,Q1a
all_weight_entries,Thundergod2007/vipragsent-vistral7b-checkpoints,model,campaigns/vipragsent-v7-6693e7e9eef08ef1/SHARD_GPU40_7B_INTEGRATION/q1a_cot_only_vistral_20260523/cot_only_vistral/checkpoints/boundary_0002_epoch_0002_4B385227ABCA/model.pt,4942858233,ffd9d5c1ff653a542d2cc4f3a1339ed116269724,bf02a363b705e66882f47e34be8eb23d3783e6b0fdc76cca10ebdbf98fcf87ce,4942858233,135,ab886d19e6e2d7b728fc591e7b335dba83431b3fa1fdc7c5a5509bdb602df2a1,f14f8ab1654174c419d2ce456b1396305ac1d74d,2026-08-23T03:37:12.000Z,Q1a
all_weight_entries,Thundergod2007/vipragsent-vistral7b-checkpoints,model,campaigns/vipragsent-v7-6693e7e9eef08ef1/SHARD_GPU40_7B_INTEGRATION/q1a_cot_only_vistral_20260523/cot_only_vistral/checkpoints/boundary_0002_epoch_0002_BF02A363B705/model.pt,4942858233,ffd9d5c1ff653a542d2cc4f3a1339ed116269724,bf02a363b705e66882f47e34be8eb23d3783e6b0fdc76cca10ebdbf98fcf87ce,4942858233,135,ab886d19e6e2d7b728fc591e7b335dba83431b3fa1fdc7c5a5509bdb602df2a1,f14f8ab1654174c419d2ce456b1396305ac1d74d,2026-08-23T03:37:12.000Z,Q1a
all_weight_entries,Thundergod2007/vipragsent-vistral7b-checkpoints,model,campaigns/vipragsent-v7-6693e7e9eef08ef1/SHARD_GPU40_7B_INTEGRATION/q1a_cot_only_vistral_20260523/cot_only_vistral/checkpoints/boundary_0003_epoch_0003_429C0B607ED1/model.pt,4942858233,d18e4f63af99e95969aa4a3a914ff8a977442b37,429c0b607ed13312353de706f26e98c47c19353f83b57439966b28ce0d10c37b,4942858233,135,f29275d2d21d4dd674ec2d2fb9e494beb56d7b5dc2f77eccb8b6711dcac98675,a6e5608bab0b7977f10b79aea9b79d1140bd7c4c,2026-08-23T03:51:42.000Z,Q1a
all_weight_entries,Thundergod2007/vipragsent-vistral7b-checkpoints,model,campaigns/vipragsent-v7-6693e7e9eef08ef1/SHARD_GPU40_7B_INTEGRATION/q1a_cot_only_vistral_20260523/cot_only_vistral/checkpoints/boundary_0003_epoch_0003_6EA1418C65E7/model.pt,4943520763,360e32061bd3cd98fb016f87134c2337c547a7b3,6ea1418c65e7a255d74bdae05e2585ddabda95236d13e79165c743f0954b9f12,4943520763,135,80f3a55f52cc81752b719bbea6e10060a472b19204eb9bbce5998118445b73a8,05d01aa734fa9a91e23e135e47f95aba979225e7,2026-08-23T05:39:53.000Z,Q1a
all_weight_entries,Thundergod2007/vipragsent-vistral7b-checkpoints,model,campaigns/vipragsent-v7-6693e7e9eef08ef1/SHARD_GPU40_7B_INTEGRATION/q1a_cot_only_vistral_20260523/q1a_cot_only_vistral_20260523/checkpoints/boundary_0001_epoch_0001_109D7024E882/model.pt,4942858233,e8b42fd1349930c2696b9ccbd30e928df624d17e,109d7024e882ee629f514707f02d097341b9d4d6bb9eed76a309e41b76f3a8e4,4942858233,135,1b3f1f175fb01720f6c2a4c4cee93016570409fd09ef5c2aa331ab170d0ddbb6,f3c9db1bf189396cd50ad1e5a894376c5e935ac9,2026-08-23T05:20:00.000Z,Q1a
all_weight_entries,Thundergod2007/vipragsent-vistral7b-checkpoints,model,campaigns/vipragsent-v7-6693e7e9eef08ef1/SHARD_GPU40_7B_INTEGRATION/q1a_cot_only_vistral_20260523/q1a_cot_only_vistral_20260523/checkpoints/boundary_0002_epoch_0002_BF02A363B705/model.pt,4942858233,ffd9d5c1ff653a542d2cc4f3a1339ed116269724,bf02a363b705e66882f47e34be8eb23d3783e6b0fdc76cca10ebdbf98fcf87ce,4942858233,135,ab886d19e6e2d7b728fc591e7b335dba83431b3fa1fdc7c5a5509bdb602df2a1,ca56c78ac49e3fb87522a37e9715e1825ab6af93,2026-08-23T05:25:19.000Z,Q1a
all_weight_entries,Thundergod2007/vipragsent-vistral7b-checkpoints,model,campaigns/vipragsent-v7-6693e7e9eef08ef1/SHARD_GPU40_7B_INTEGRATION/q1a_cot_only_vistral_20260523/q1a_cot_only_vistral_20260523/checkpoints/boundary_0003_epoch_0003_6EA1418C65E7/model.pt,4943520763,360e32061bd3cd98fb016f87134c2337c547a7b3,6ea1418c65e7a255d74bdae05e2585ddabda95236d13e79165c743f0954b9f12,4943520763,135,80f3a55f52cc81752b719bbea6e10060a472b19204eb9bbce5998118445b73a8,ca56c78ac49e3fb87522a37e9715e1825ab6af93,2026-08-23T05:25:19.000Z,Q1a
all_weight_entries,Thundergod2007/vipragsent-vistral7b-checkpoints,model,campaigns/vipragsent-v7-6693e7e9eef08ef1/SHARD_GPU40_7B_INTEGRATION/q1a_cot_only_vistral_clean_rerun_003__seed_20260521/checkpoints/epoch_0001/model.pt,4942858233,34879bfd03d8921736683a14608d9d79df59d480,01059847a1cc10b1ea826924c35f98b1e63a2331f298e6effa37a5387e48697f,4942858233,135,7e8414ac47ce65be3318ef18570f3e99a62bae2fd0925b29600b6793a2883ace,6b632c6c157514a76440c32a19b0f13dfaabc382,2026-08-24T16:48:06.000Z,Q1a
all_weight_entries,Thundergod2007/vipragsent-vistral7b-checkpoints,model,campaigns/vipragsent-v7-6693e7e9eef08ef1/SHARD_GPU40_7B_INTEGRATION/q1a_cot_only_vistral_clean_rerun_003__seed_20260521/checkpoints/epoch_0002/model.pt,4943520699,29cf367a1a9571625ee30c75eb5354c1b1d42b7a,d63c6be2f47b5849d5c46f4e49059ee251ec9876b0969b86e7040433e63c629a,4943520699,135,aad5146f676e97cfe6dd8279a15c414d62786cbe466f7b95b21f46be05447bdf,912677dac931a48c6671358ea364fe47aef71c62,2026-08-25T04:56:34.000Z,Q1a
all_weight_entries,Thundergod2007/vipragsent-vistral7b-checkpoints,model,campaigns/vipragsent-v7-6693e7e9eef08ef1/SHARD_GPU40_7B_INTEGRATION/q1a_cot_only_vistral_clean_rerun_003__seed_20260521/checkpoints/epoch_0003/model.pt,4943520699,712524340879e37db187775d7084b32bb754abae,f4b61a3c747064b2e3a9e3433ff3548916c00356d3e24a3cfaf50b4fafac6573,4943520699,135,dd5c1c127d355008351ccd1c79c37d558178c4dab1df95261742ddde3a04c4bd,e62205a1c81be99d0c3f1a3e22e34c0ff4199bd7,2026-08-25T09:25:40.000Z,Q1a
all_weight_entries,Thundergod2007/vipragsent-vistral7b-checkpoints,model,campaigns/vipragsent-v7-6693e7e9eef08ef1/SHARD_GPU40_7B_INTEGRATION/q1a_cot_only_vistral_clean_rerun_003__seed_20260521/recovery_001/epoch_0001/checkpoints/epoch_0001/model.pt,4942858233,34879bfd03d8921736683a14608d9d79df59d480,01059847a1cc10b1ea826924c35f98b1e63a2331f298e6effa37a5387e48697f,4942858233,135,7e8414ac47ce65be3318ef18570f3e99a62bae2fd0925b29600b6793a2883ace,912677dac931a48c6671358ea364fe47aef71c62,2026-08-25T04:56:34.000Z,Q1a
all_weight_entries,Thundergod2007/vipragsent-vistral7b-checkpoints,model,campaigns/vipragsent-v7-6693e7e9eef08ef1/SHARD_GPU40_7B_INTEGRATION/q1a_cot_only_vistral_clean_rerun_003__seed_20260522/checkpoints/epoch_0001/model.pt,4942858233,81119505454d0a2a0146ff1a8b333fbbb7a3d2ab,2fa94abe26c2b45b0c4af9465f1d738de3957ae605835323cf3e84de2942a3a1,4942858233,135,fa53a82e5de5fcc71034d5876c5c740cbac112624101e295cf56d99f2a75dca9,0eef963f9cd9f9fb9fc3807ea1807d10465940d5,2026-08-25T23:05:23.000Z,Q1a
all_weight_entries,Thundergod2007/vipragsent-vistral7b-checkpoints,model,campaigns/vipragsent-v7-6693e7e9eef08ef1/SHARD_GPU40_7B_INTEGRATION/q1a_cot_only_vistral_clean_rerun_003__seed_20260522/checkpoints/epoch_0002/model.pt,4942858233,fb970dde8c63681961940206b98ae28d03b75829,e458a4bec9562b978e73ad28fded4fd06fe9369dd0b96e346c4c0e78ad03cd58,4942858233,135,6b11fd1cd2b36644f792037f812cc081b8c0cf63c8ec3a49c12f6c1a83f2d3b2,9f6f4131d6df2715d68401354b3bf0c563785048,2026-08-26T05:46:07.000Z,Q1a
all_weight_entries,Thundergod2007/vipragsent-vistral7b-checkpoints,model,campaigns/vipragsent-v7-6693e7e9eef08ef1/SHARD_GPU40_7B_INTEGRATION/q1a_cot_only_vistral_clean_rerun_003__seed_20260523/checkpoints/epoch_0001/model.pt,4942858233,06d0fd0e305081f29a5be4f260233516b5850b66,94119b0da6060fb0786a87d64cb94697df65ab35e48ff8c20570faba95c9bb2f,4942858233,135,15f838f616751d57de59d3b93f2caa4f498ae929f5d7d26f0c0a6fda200de368,963f8a6581be9455782ed50db09403c830b37025,2026-08-26T22:34:35.000Z,Q1a
all_weight_entries,Thundergod2007/vipragsent-vistral7b-checkpoints,model,campaigns/vipragsent-v7-6693e7e9eef08ef1/SHARD_GPU40_7B_INTEGRATION/q1a_cot_only_vistral_clean_rerun_003__seed_20260523/checkpoints/epoch_0002/model.pt,4943520763,59ac65d1157992a578a7f767996a21e49a7419a9,df7d2a8b27426d0b16ea17356de0d2e3f6352c5347d2f5d41298082b837f5fc6,4943520763,135,3c8099a06b5604009044da23bf5886fad6ab01e1720d63b303bde5ed661faea5,897d751c8cbb3163b13c504fead1eff72ee18c70,2026-08-27T12:27:03.000Z,Q1a
all_weight_entries,Thundergod2007/vipragsent-vistral7b-checkpoints,model,campaigns/vipragsent-v7-6693e7e9eef08ef1/SHARD_GPU40_7B_INTEGRATION/q1a_cot_only_vistral_clean_rerun_003__seed_20260523/checkpoints/epoch_0003/model.pt,4943520763,a3d2be1df5bae10d1c18c13c0e7825030767bf1f,b1c51087a6ad47fb4600405f8619d1fc603db9ed86af70fe7e18ecc1a9c26d4e,4943520763,135,52c7e7653b0cf8dfd9ea20b702c12ce700aef41301465efb90b254cb55278b7c,c516ef9b4371ed05367f3e1eb1dded89eeea716a,2026-08-27T15:05:43.000Z,Q1a
all_weight_entries,Thundergod2007/vipragsent-vistral7b-checkpoints,model,campaigns/vipragsent-v7-6693e7e9eef08ef1/SHARD_GPU40_7B_INTEGRATION/q1a_cot_only_vistral_clean_rerun_003__seed_20260523/recovery_001/epoch_0002/checkpoints/epoch_0002/model.pt,4943520763,59ac65d1157992a578a7f767996a21e49a7419a9,df7d2a8b27426d0b16ea17356de0d2e3f6352c5347d2f5d41298082b837f5fc6,4943520763,135,3c8099a06b5604009044da23bf5886fad6ab01e1720d63b303bde5ed661faea5,92c2590ad79ae0ba1d359989f373934040628a7e,2026-08-27T14:47:55.000Z,Q1a
all_weight_entries,Thundergod2007/vipragsent-vistral7b-checkpoints,model,campaigns/vipragsent-v7-6693e7e9eef08ef1/SHARD_GPU40_7B_INTEGRATION/q1a_vipragsent_no_auxiliary_vistral_20260521/vipragsent_no_auxiliary_vistral/checkpoints/boundary_0001_epoch_0001_BAAF435E6D70/model.pt,4313881160,dc8ed2baa2ad245103a69a795e9000bb191534ed,baaf435e6d7011009d975d2c9799893a937a9d6bcebe5aba272a1a4061d9378d,4313881160,135,d34f98b2ab82b81e1c3b70b8070bf323704c492ae8f36d671185b81cb21b1037,343505fd477c89a0f849b6b9c6ca91d3f634e6a7,2026-08-20T20:58:42.000Z,Q1a
all_weight_entries,Thundergod2007/vipragsent-vistral7b-checkpoints,model,campaigns/vipragsent-v7-6693e7e9eef08ef1/SHARD_GPU40_7B_INTEGRATION/q1a_vipragsent_no_auxiliary_vistral_20260521/vipragsent_no_auxiliary_vistral/checkpoints/boundary_0002_epoch_0002_61C67FDD1C22/model.pt,4313881224,aac0689042e3e65bbf16dd4e3a5f9e21028e80c7,61c67fdd1c22a28b964e9b1bb7fed465e703611a9fd5ff8369d8afbeec1b22fd,4313881224,135,19fd530ef9ac7d99a931fbc3cead7cb7f9a895969b99f5305d5ede008dafced5,4113c93b4e93f83eaa87be8178e5543eba84e92b,2026-08-20T21:22:31.000Z,Q1a
all_weight_entries,Thundergod2007/vipragsent-vistral7b-checkpoints,model,campaigns/vipragsent-v7-6693e7e9eef08ef1/SHARD_GPU40_7B_INTEGRATION/q1a_vipragsent_no_auxiliary_vistral_20260521/vipragsent_no_auxiliary_vistral/checkpoints/boundary_0003_epoch_0003_F0CB115B7C4B/model.pt,4313881352,cf98ca7f3525d2e66cee595e751fb63a45dc10bd,f0cb115b7c4bcb0240762b47df4e56641588663163818e55ac494980d556776c,4313881352,135,bbbe5e05d2aa33ecd7095cad14e7ff9ea7a79d56e9a03354da3d18e8d1d06df4,fa157b32d44640104dbb1947b3a6e723e1a72979,2026-08-20T21:46:35.000Z,Q1a
all_weight_entries,Thundergod2007/vipragsent-vistral7b-checkpoints,model,campaigns/vipragsent-v7-6693e7e9eef08ef1/SHARD_GPU40_7B_INTEGRATION/q1a_vipragsent_no_auxiliary_vistral_20260521/vipragsent_no_auxiliary_vistral/checkpoints/boundary_selected_best_61C67FDD1C22/model.pt,4313881224,aac0689042e3e65bbf16dd4e3a5f9e21028e80c7,61c67fdd1c22a28b964e9b1bb7fed465e703611a9fd5ff8369d8afbeec1b22fd,4313881224,135,19fd530ef9ac7d99a931fbc3cead7cb7f9a895969b99f5305d5ede008dafced5,3674ab5297a0b111cd2224f161c38a5a4642040d,2026-08-20T21:53:32.000Z,Q1a
all_weight_entries,Thundergod2007/vipragsent-vistral7b-checkpoints,model,campaigns/vipragsent-v7-6693e7e9eef08ef1/SHARD_GPU40_7B_INTEGRATION/q1a_vipragsent_no_auxiliary_vistral_20260522/vipragsent_no_auxiliary_vistral/checkpoints/boundary_0001_epoch_0001_3FD57DFDFAE0/model.pt,4313881288,edb9b0fef0153efc0e896275b972d94238376dbe,3fd57dfdfae0fca40a380c19d84f9c0531521a7a4d964089b4abed83777010fe,4313881288,135,efbafec01c9f432ff93b71fedc3c6f07677f45a491040cdce78ebf0fe119e5e8,958c0059fd4c7a72f1646da15e08cdf50daad518,2026-08-20T22:17:46.000Z,Q1a
all_weight_entries,Thundergod2007/vipragsent-vistral7b-checkpoints,model,campaigns/vipragsent-v7-6693e7e9eef08ef1/SHARD_GPU40_7B_INTEGRATION/q1a_vipragsent_no_auxiliary_vistral_20260522/vipragsent_no_auxiliary_vistral/checkpoints/boundary_0002_epoch_0002_A7051B048773/model.pt,4313881352,5b5deb13bd997179f3a5c3ad5761016eb3ddc560,a7051b048773ddd44fb4fe4654c41512976ef604dee21a4341ce7baf93790568,4313881352,135,e3b8b5a3f23d9cce452c8f4a6310e5bc866999740eb63b30095971b1bb540a2f,f536fe901bdb373b1a41e71aa008ab01faabc295,2026-08-20T22:38:24.000Z,Q1a
all_weight_entries,Thundergod2007/vipragsent-vistral7b-checkpoints,model,campaigns/vipragsent-v7-6693e7e9eef08ef1/SHARD_GPU40_7B_INTEGRATION/q1a_vipragsent_no_auxiliary_vistral_20260522/vipragsent_no_auxiliary_vistral/checkpoints/boundary_0003_epoch_0003_5F24DEA8458B/model.pt,4313881480,16907486191362ea892b698a173ac2adc2fa203b,5f24dea8458b36c4b3019efc80b9ef37d200a7db3ec26a110f265886bd23c937,4313881480,135,4d7f38ecd12c2fb88ed393395adb44cedfa3b5d3091775d7f772a538fa4ce356,45af122aa54adaa133b3b614957962f49fc019e6,2026-08-20T22:58:33.000Z,Q1a
all_weight_entries,Thundergod2007/vipragsent-vistral7b-checkpoints,model,campaigns/vipragsent-v7-6693e7e9eef08ef1/SHARD_GPU40_7B_INTEGRATION/q1a_vipragsent_no_auxiliary_vistral_20260522/vipragsent_no_auxiliary_vistral/checkpoints/boundary_selected_best_A7051B048773/model.pt,4313881352,5b5deb13bd997179f3a5c3ad5761016eb3ddc560,a7051b048773ddd44fb4fe4654c41512976ef604dee21a4341ce7baf93790568,4313881352,135,e3b8b5a3f23d9cce452c8f4a6310e5bc866999740eb63b30095971b1bb540a2f,5b32c8004dda075565e72d413e6adece08d0e329,2026-08-20T23:05:39.000Z,Q1a
all_weight_entries,Thundergod2007/vipragsent-vistral7b-checkpoints,model,campaigns/vipragsent-v7-6693e7e9eef08ef1/SHARD_GPU40_7B_INTEGRATION/q1a_vipragsent_no_auxiliary_vistral_20260523/vipragsent_no_auxiliary_vistral/checkpoints/boundary_0001_epoch_0001_F52EC0391F57/model.pt,4313881288,509e15e14df8392d6cd553e6df9a35cd5fa8c36e,f52ec0391f5712e80d423c8b01e91c075e3d19940ec25125919e7a4f761f8652,4313881288,135,a369ec3a20915449c934f9b6ab39af1c7dba960188acf622fdca90bb3eb43043,2d169afadb3716db4bafb9797e77cc359120db16,2026-08-20T23:27:11.000Z,Q1a
all_weight_entries,Thundergod2007/vipragsent-vistral7b-checkpoints,model,campaigns/vipragsent-v7-6693e7e9eef08ef1/SHARD_GPU40_7B_INTEGRATION/q1a_vipragsent_no_auxiliary_vistral_20260523/vipragsent_no_auxiliary_vistral/checkpoints/boundary_0002_epoch_0002_6DB4989BA53F/model.pt,4313881352,5210caed89ef87d918fbe78e3ac000e0a50b4bd7,6db4989ba53f60c74b1709ed5b5d17e1162a67f954c17a3e47c905738bf96627,4313881352,135,a689839a378bdafdb892a3cb668f359097628183f53c628e87bcf83c3227799b,427f70d41227776f9e67a442e54610abf34c070c,2026-08-20T23:46:31.000Z,Q1a
all_weight_entries,Thundergod2007/vipragsent-vistral7b-checkpoints,model,campaigns/vipragsent-v7-6693e7e9eef08ef1/SHARD_GPU40_7B_INTEGRATION/q1a_vipragsent_no_auxiliary_vistral_20260523/vipragsent_no_auxiliary_vistral/checkpoints/boundary_0003_epoch_0003_AEB411C4C369/model.pt,4313881480,a021fb0594c832f1f76051055fa2a988a4bdf4ed,aeb411c4c369e9dda73c15ea982197e8afdde8dea97b5f8f3e893fc274e26c8b,4313881480,135,301123b6063eb02a43690754df6d852efcd774c7b592d51f13ed2346b9161e50,7ff86a14fcc68b9c77c37c0f081c334f7ff7b7c3,2026-08-21T00:06:19.000Z,Q1a
all_weight_entries,Thundergod2007/vipragsent-vistral7b-checkpoints,model,campaigns/vipragsent-v7-6693e7e9eef08ef1/SHARD_GPU40_7B_INTEGRATION/q1a_vipragsent_no_auxiliary_vistral_20260523/vipragsent_no_auxiliary_vistral/checkpoints/boundary_selected_best_6DB4989BA53F/model.pt,4313881352,5210caed89ef87d918fbe78e3ac000e0a50b4bd7,6db4989ba53f60c74b1709ed5b5d17e1162a67f954c17a3e47c905738bf96627,4313881352,135,a689839a378bdafdb892a3cb668f359097628183f53c628e87bcf83c3227799b,7cddb3cf3b764561d08252f84eedf05757cffab4,2026-08-21T00:12:59.000Z,Q1a
all_weight_entries,Thundergod2007/vipragsent-vistral7b-checkpoints,model,campaigns/vipragsent-v7-6693e7e9eef08ef1/SHARD_GPU40_7B_INTEGRATION/q1a_vistral_pragmatic_sft_20260521/vistral_pragmatic_sft/checkpoints/boundary_0001_epoch_0001_675E34E0AD64/model.pt,4313875482,83f91129a0a35911f1acfae3d566e0275d0206fa,675e34e0ad640a114553d6caf8f6f3eeaa72f2ef87d1d49b053b7ee51099968f,4313875482,135,848b7fe3125fedd8ce8c860348b75147cbba80ac72e5bcfec5797017f5d06f97,31539a7a9b04d611f0aa1ce2f71092d7b137953a,2026-08-20T16:49:41.000Z,Q1a
all_weight_entries,Thundergod2007/vipragsent-vistral7b-checkpoints,model,campaigns/vipragsent-v7-6693e7e9eef08ef1/SHARD_GPU40_7B_INTEGRATION/q1a_vistral_pragmatic_sft_20260521/vistral_pragmatic_sft/checkpoints/boundary_0002_epoch_0002_078305070732/model.pt,4313875610,5ae77097ea086fe27ec3038e40c4ad3d4b3c5d15,0783050707326e45d4e9f53d8c6465990d3df4c86d4e72b8628c13cc6591e2d4,4313875610,135,574a5e2965b05ba34cae63dd54d00bbfa06a8c5a0595b835a3cdf1a771910665,5db44ef90032899cfaeca9a9647c20563f974bc0,2026-08-20T17:15:14.000Z,Q1a
all_weight_entries,Thundergod2007/vipragsent-vistral7b-checkpoints,model,campaigns/vipragsent-v7-6693e7e9eef08ef1/SHARD_GPU40_7B_INTEGRATION/q1a_vistral_pragmatic_sft_20260521/vistral_pragmatic_sft/checkpoints/boundary_0003_epoch_0003_3DFE6EA3AF68/model.pt,4313875674,44fede80209e8c684b941834136702823c38e676,3dfe6ea3af689dcfeca43421f1419f639ba9ea1b55fe17913be9d0291ed80601,4313875674,135,fd5859ebf2ab8bd6a93a86f4e5b6d115b7a50293eb176cdaa665d634c769c8be,481842d603d93045e47bf47fadb46cd23923e71f,2026-08-20T17:40:51.000Z,Q1a
all_weight_entries,Thundergod2007/vipragsent-vistral7b-checkpoints,model,campaigns/vipragsent-v7-6693e7e9eef08ef1/SHARD_GPU40_7B_INTEGRATION/q1a_vistral_pragmatic_sft_20260521/vistral_pragmatic_sft/checkpoints/boundary_selected_best_078305070732/model.pt,4313875610,5ae77097ea086fe27ec3038e40c4ad3d4b3c5d15,0783050707326e45d4e9f53d8c6465990d3df4c86d4e72b8628c13cc6591e2d4,4313875610,135,574a5e2965b05ba34cae63dd54d00bbfa06a8c5a0595b835a3cdf1a771910665,f773c624fa7c258b97cfce6df868234f59d1f74a,2026-08-20T17:47:44.000Z,Q1a
all_weight_entries,Thundergod2007/vipragsent-vistral7b-checkpoints,model,campaigns/vipragsent-v7-6693e7e9eef08ef1/SHARD_GPU40_7B_INTEGRATION/q1a_vistral_pragmatic_sft_20260522/vistral_pragmatic_sft/checkpoints/boundary_0001_epoch_0001_A10E2DB3A9D1/model.pt,4313875610,8cc03496228a76fdb9e39219cb359d863abf046d,a10e2db3a9d10e218ce9d0a5375e091bc2525b70aa96a2c2be35ca87b7f8db09,4313875610,135,2436a1cbfca238659af832ee86eda440c16ea26f6a3215d5c3bfa57f2d7c1c03,4dc665a0db7a2060abda9e5fa01c5b381a8da76c,2026-08-20T18:13:20.000Z,Q1a
all_weight_entries,Thundergod2007/vipragsent-vistral7b-checkpoints,model,campaigns/vipragsent-v7-6693e7e9eef08ef1/SHARD_GPU40_7B_INTEGRATION/q1a_vistral_pragmatic_sft_20260522/vistral_pragmatic_sft/checkpoints/boundary_0002_epoch_0002_5E575AF100EC/model.pt,4313875674,57b3cc7241ea88afefc884cfd9b6a428f899356d,5e575af100ecaa2b3623bc6de3c821468c3dd646c73c59718276cb40874af247,4313875674,135,e3ec3c9767b2a3f6e83c104b77aa270f5f65fadc8e93547bdd10267aecb67175,03268e858a0abd2828305b80828bce755fc1535f,2026-08-20T18:37:45.000Z,Q1a
all_weight_entries,Thundergod2007/vipragsent-vistral7b-checkpoints,model,campaigns/vipragsent-v7-6693e7e9eef08ef1/SHARD_GPU40_7B_INTEGRATION/q1a_vistral_pragmatic_sft_20260522/vistral_pragmatic_sft/checkpoints/boundary_0003_epoch_0003_35165C87747F/model.pt,4313875802,3fc25bc7d71b870c4cd4d49f9b3395303bfdc714,35165c87747fde3a8b5cb97fdcaddb00ef9b76315f016f34cbd2d8939d05c91b,4313875802,135,cf23390814d3baf56692fcb22376fddf559a7acd074097367423e3eca6295208,6714e4f7699a707cc5cec555bdd394a3247b90a5,2026-08-20T19:02:51.000Z,Q1a
all_weight_entries,Thundergod2007/vipragsent-vistral7b-checkpoints,model,campaigns/vipragsent-v7-6693e7e9eef08ef1/SHARD_GPU40_7B_INTEGRATION/q1a_vistral_pragmatic_sft_20260522/vistral_pragmatic_sft/checkpoints/boundary_selected_best_5E575AF100EC/model.pt,4313875674,57b3cc7241ea88afefc884cfd9b6a428f899356d,5e575af100ecaa2b3623bc6de3c821468c3dd646c73c59718276cb40874af247,4313875674,135,e3ec3c9767b2a3f6e83c104b77aa270f5f65fadc8e93547bdd10267aecb67175,ff68e21a28cf5c5e7622191c97ad63508d8e8e34,2026-08-20T19:10:21.000Z,Q1a
all_weight_entries,Thundergod2007/vipragsent-vistral7b-checkpoints,model,campaigns/vipragsent-v7-6693e7e9eef08ef1/SHARD_GPU40_7B_INTEGRATION/q1a_vistral_pragmatic_sft_20260523/vistral_pragmatic_sft/checkpoints/boundary_0001_epoch_0001_FBCB01F10EDE/model.pt,4313875610,d3fafbdb4b1e8aaae9bf93f04452dd46fe8a95d1,fbcb01f10ede34e51aaa6bc73f3455b35a94c0001f42067550e2a6b453c9740c,4313875610,135,165052e6c3b27551e8767ddf5f0fbfcf029554c3ee4939a0e877b8a68a44c988,ce516989fc29ab033baedb8067cd5fe7e7768978,2026-08-20T19:35:42.000Z,Q1a
all_weight_entries,Thundergod2007/vipragsent-vistral7b-checkpoints,model,campaigns/vipragsent-v7-6693e7e9eef08ef1/SHARD_GPU40_7B_INTEGRATION/q1a_vistral_pragmatic_sft_20260523/vistral_pragmatic_sft/checkpoints/boundary_0002_epoch_0002_8B9E741F896E/model.pt,4313875738,f57c67bf2a1c504897f5870c5063bffafa62aa37,8b9e741f896e03b00f8bd685e300b6b54befb7d1cdbe71187f736a052551d891,4313875738,135,fefb691552bcebd457f7feb95d89b6184bb286328df30c1b3873d93d982b6013,fd474a378e528890300f5339a287a5d9ee865907,2026-08-20T19:59:46.000Z,Q1a
all_weight_entries,Thundergod2007/vipragsent-vistral7b-checkpoints,model,campaigns/vipragsent-v7-6693e7e9eef08ef1/SHARD_GPU40_7B_INTEGRATION/q1a_vistral_pragmatic_sft_20260523/vistral_pragmatic_sft/checkpoints/boundary_0003_epoch_0003_9368C6C56B7D/model.pt,4313875802,112a390b3d91ef18674ff7c3092785ffd7983195,9368c6c56b7d70dd767e1281544c4b6c0673aed6b60377d513e2893290f10c64,4313875802,135,11a639f541971a874c2b262f892b6983d98e411d0c905a4e306fdd7124858145,dc1f6566b67b74c724e52c6ae65533b5c8368472,2026-08-20T20:23:44.000Z,Q1a
all_weight_entries,Thundergod2007/vipragsent-vistral7b-checkpoints,model,campaigns/vipragsent-v7-6693e7e9eef08ef1/SHARD_GPU40_7B_INTEGRATION/q1a_vistral_pragmatic_sft_20260523/vistral_pragmatic_sft/checkpoints/boundary_selected_best_8B9E741F896E/model.pt,4313875738,f57c67bf2a1c504897f5870c5063bffafa62aa37,8b9e741f896e03b00f8bd685e300b6b54befb7d1cdbe71187f736a052551d891,4313875738,135,fefb691552bcebd457f7feb95d89b6184bb286328df30c1b3873d93d982b6013,a1bc3bdf39d121c7fa7f66539f3049c2d1a9aa96,2026-08-20T20:33:27.000Z,Q1a
all_weight_entries,Thundergod2007/vipragsent-vistral7b-checkpoints,model,campaigns/vipragsent-v7-6693e7e9eef08ef1/SHARD_GPU40_7B_INTEGRATION/q1b_train_vistral_multitask_8head:20260521/_engine_checkpoints/model/best.pt,4350190389,00cf9beaac3730c625e28cdcf6c0616749f07a64,390f7c7ca18e2134cdeaafd2de73401e447c6b72c5830075daa37d19b121a021,4350190389,135,ce974c77f3457a685ebf66a46ca6ace05790b4c31f0f05b002893fbd5ba044f2,97f8538111c814607abd7c36dc1f7a30644219c1,2026-08-28T21:21:37.000Z,Q1b
all_weight_entries,Thundergod2007/vipragsent-vistral7b-checkpoints,model,campaigns/vipragsent-v7-6693e7e9eef08ef1/SHARD_GPU40_7B_INTEGRATION/q1b_train_vistral_multitask_8head:20260521/_engine_checkpoints/model/epoch_001.pt,4350190389,00cf9beaac3730c625e28cdcf6c0616749f07a64,390f7c7ca18e2134cdeaafd2de73401e447c6b72c5830075daa37d19b121a021,4350190389,135,ce974c77f3457a685ebf66a46ca6ace05790b4c31f0f05b002893fbd5ba044f2,5a4f5302a5c0fef38fd1eb3467d1c835858fb4b5,2026-08-28T21:22:34.000Z,Q1b
all_weight_entries,Thundergod2007/vipragsent-vistral7b-checkpoints,model,campaigns/vipragsent-v7-6693e7e9eef08ef1/SHARD_GPU40_7B_INTEGRATION/q1b_train_vistral_multitask_8head:20260521/_engine_checkpoints/model/epoch_002.pt,4350190453,432e2a8f8adddd037a6554eb18311b539f763181,bf7a3a98abcd68f4959e3b86a515e4473dc6578edb1bddd10f197f092efbc419,4350190453,135,8ef2379c9c0a0756897dcc8a0078af6070b50e0901b58aeb2c4d783bcbe094e3,1df85c708b3d2b521e2a70dd1dc568f0bce250a1,2026-08-28T21:49:09.000Z,Q1b
all_weight_entries,Thundergod2007/vipragsent-vistral7b-checkpoints,model,campaigns/vipragsent-v7-6693e7e9eef08ef1/SHARD_GPU40_7B_INTEGRATION/q1b_train_vistral_multitask_8head:20260521/_engine_checkpoints/model/epoch_003.pt,4350190581,ed445bcac8d05123635a79f14979a0c77c53e46a,ecc3389b1b8a3944e141b5d73a16949f7fb63a6c6dfabfe48825201047b779af,4350190581,135,8dcc71ca77a169b010abfeb0cbfd887133fd1d9b628b2998c09fcbaa2cf59d05,020d1fadc38cdc3399f2c91de493428e5f360717,2026-08-28T22:18:49.000Z,Q1b
all_weight_entries,Thundergod2007/vipragsent-vistral7b-checkpoints,model,campaigns/vipragsent-v7-6693e7e9eef08ef1/SHARD_GPU40_7B_INTEGRATION/q1b_train_vistral_multitask_8head:20260521/checkpoints/best/model.pt,4350190453,432e2a8f8adddd037a6554eb18311b539f763181,bf7a3a98abcd68f4959e3b86a515e4473dc6578edb1bddd10f197f092efbc419,4350190453,135,8ef2379c9c0a0756897dcc8a0078af6070b50e0901b58aeb2c4d783bcbe094e3,aac4fcbca228dbaa3a48f71e0af25007fca4b88e,2026-08-28T22:21:25.000Z,Q1b
all_weight_entries,Thundergod2007/vipragsent-vistral7b-checkpoints,model,campaigns/vipragsent-v7-6693e7e9eef08ef1/SHARD_GPU40_7B_INTEGRATION/q1b_train_vistral_multitask_8head:20260521/checkpoints/latest/model.pt,4350190581,ed445bcac8d05123635a79f14979a0c77c53e46a,ecc3389b1b8a3944e141b5d73a16949f7fb63a6c6dfabfe48825201047b779af,4350190581,135,8dcc71ca77a169b010abfeb0cbfd887133fd1d9b628b2998c09fcbaa2cf59d05,84aa919ec2f8ab1a78ee229847ed4561fccf752d,2026-08-28T22:22:12.000Z,Q1b
all_weight_entries,Thundergod2007/vipragsent-vistral7b-checkpoints,model,campaigns/vipragsent-v7-6693e7e9eef08ef1/SHARD_GPU40_7B_INTEGRATION/q1b_train_vistral_multitask_8head:20260522/_engine_checkpoints/model/best.pt,4350190517,2c412e740e87aaad7adc0a2fabe6fe6c7db91569,b549bf8230e4b7c695319643a0d950daa3c990095efc4f985f8a15daf6876607,4350190517,135,1955c12db790a5d1a7d79119f8461fa779820b1eab9f202109356c040bc3febe,86abd13a2c7449341da56f89a1042363a1b7a024,2026-08-28T22:53:54.000Z,Q1b
all_weight_entries,Thundergod2007/vipragsent-vistral7b-checkpoints,model,campaigns/vipragsent-v7-6693e7e9eef08ef1/SHARD_GPU40_7B_INTEGRATION/q1b_train_vistral_multitask_8head:20260522/_engine_checkpoints/model/epoch_001.pt,4350190517,2c412e740e87aaad7adc0a2fabe6fe6c7db91569,b549bf8230e4b7c695319643a0d950daa3c990095efc4f985f8a15daf6876607,4350190517,135,1955c12db790a5d1a7d79119f8461fa779820b1eab9f202109356c040bc3febe,81657145922f6c135eef961e0714b0a6d9614910,2026-08-28T22:54:40.000Z,Q1b
all_weight_entries,Thundergod2007/vipragsent-vistral7b-checkpoints,model,campaigns/vipragsent-v7-6693e7e9eef08ef1/SHARD_GPU40_7B_INTEGRATION/q1b_train_vistral_multitask_8head:20260522/_engine_checkpoints/model/epoch_002.pt,4350190581,4be63ba6dc8f7c3bec35ffcabe6f5c946381f9b5,26d562db1d54f33da6a6c819ac545e4f54cecc5039cc3d408c4311c8ec749e35,4350190581,135,7999a140ef656eb1c6983c8ac708e01f25f87ea7e0eeb7d993212a4e97daba1e,3ae28974763954847932527a50ca9f001dbe91bc,2026-08-28T23:18:55.000Z,Q1b
all_weight_entries,Thundergod2007/vipragsent-vistral7b-checkpoints,model,campaigns/vipragsent-v7-6693e7e9eef08ef1/SHARD_GPU40_7B_INTEGRATION/q1b_train_vistral_multitask_8head:20260522/_engine_checkpoints/model/epoch_003.pt,4350190709,c71362991907fa3b48050bf6654fb19ca9805d61,6d3802af52c108c65769f7f36bc068196a083fab32c9907bf1f950ae19645bf5,4350190709,135,64ed11056ce98924ef56bce049c68c667d0293a66c6b25abe483b9a346375bf6,cbe62737a5a8a7c5704eb389f713fc9b43a6d3de,2026-08-29T00:28:24.000Z,Q1b
all_weight_entries,Thundergod2007/vipragsent-vistral7b-checkpoints,model,campaigns/vipragsent-v7-6693e7e9eef08ef1/SHARD_GPU40_7B_INTEGRATION/q1b_train_vistral_multitask_8head:20260522/checkpoints/best/model.pt,4350190581,4be63ba6dc8f7c3bec35ffcabe6f5c946381f9b5,26d562db1d54f33da6a6c819ac545e4f54cecc5039cc3d408c4311c8ec749e35,4350190581,135,7999a140ef656eb1c6983c8ac708e01f25f87ea7e0eeb7d993212a4e97daba1e,c60965fbfe7ec3a1cc5676029a73a92adcc1a04f,2026-08-29T00:28:32.000Z,Q1b
all_weight_entries,Thundergod2007/vipragsent-vistral7b-checkpoints,model,campaigns/vipragsent-v7-6693e7e9eef08ef1/SHARD_GPU40_7B_INTEGRATION/q1b_train_vistral_multitask_8head:20260522/checkpoints/latest/model.pt,4350190709,c71362991907fa3b48050bf6654fb19ca9805d61,6d3802af52c108c65769f7f36bc068196a083fab32c9907bf1f950ae19645bf5,4350190709,135,64ed11056ce98924ef56bce049c68c667d0293a66c6b25abe483b9a346375bf6,a8b53b79505a09146b58cc9ffa449a5e9e772160,2026-08-29T00:28:40.000Z,Q1b
all_weight_entries,Thundergod2007/vipragsent-vistral7b-checkpoints,model,campaigns/vipragsent-v7-6693e7e9eef08ef1/SHARD_GPU40_7B_INTEGRATION/q1b_train_vistral_multitask_8head:20260523/_engine_checkpoints/model/best.pt,4350190517,82889f91be8d28a5f35b14f43c96162cd77d7fa4,2b414d2e754bd1597aa81bc1a526aad396a8ef95925104313aa0dfe3dc1cab17,4350190517,135,77bbc921104dd0c8378ccc0cb56eefc4ee9b7458bf14fc781845a67e6cabbccb,91a75ff48ff79d5381e3656e39d0604d37bdc130,2026-08-29T00:30:37.000Z,Q1b
all_weight_entries,Thundergod2007/vipragsent-vistral7b-checkpoints,model,campaigns/vipragsent-v7-6693e7e9eef08ef1/SHARD_GPU40_7B_INTEGRATION/q1b_train_vistral_multitask_8head:20260523/_engine_checkpoints/model/epoch_001.pt,4350190517,82889f91be8d28a5f35b14f43c96162cd77d7fa4,2b414d2e754bd1597aa81bc1a526aad396a8ef95925104313aa0dfe3dc1cab17,4350190517,135,77bbc921104dd0c8378ccc0cb56eefc4ee9b7458bf14fc781845a67e6cabbccb,bd99e939e97c676e1dc507c624816aa40465bdec,2026-08-29T00:31:24.000Z,Q1b
all_weight_entries,Thundergod2007/vipragsent-vistral7b-checkpoints,model,campaigns/vipragsent-v7-6693e7e9eef08ef1/SHARD_GPU40_7B_INTEGRATION/q1b_train_vistral_multitask_8head:20260523/_engine_checkpoints/model/epoch_002.pt,4350190581,bba129ec77549b3986b18c7ffdbddac5a0558618,d299e5cda6da02a0bd625f261eb35e46c37fa2b68985f9d35af7e207ce01bc7f,4350190581,135,b431497357c0d55f22d751bb4741f055842aded4a792be313b66c5b02f0166fc,6f8feb22afeb1ecf657dd90cddf56110a6aaeb93,2026-08-29T00:48:08.000Z,Q1b
all_weight_entries,Thundergod2007/vipragsent-vistral7b-checkpoints,model,campaigns/vipragsent-v7-6693e7e9eef08ef1/SHARD_GPU40_7B_INTEGRATION/q1b_train_vistral_multitask_8head:20260523/_engine_checkpoints/model/epoch_003.pt,4350190709,3c7a155e52770431c7b616c34e9e68656b22c475,744483cb57b88cb3c029ea095bd53afa4cfa7b160b57e98d7a22e8788f78a47c,4350190709,135,2744ea99df6a5ca11f795232b2390254a6b1a45cd965d459922753ca484edf79,e5d43f5984105dac6629f6d3d7f5a2623b43cae2,2026-08-29T01:12:10.000Z,Q1b
all_weight_entries,Thundergod2007/vipragsent-vistral7b-checkpoints,model,campaigns/vipragsent-v7-6693e7e9eef08ef1/SHARD_GPU40_7B_INTEGRATION/q1b_train_vistral_multitask_8head:20260523/checkpoints/best/model.pt,4350190709,3c7a155e52770431c7b616c34e9e68656b22c475,744483cb57b88cb3c029ea095bd53afa4cfa7b160b57e98d7a22e8788f78a47c,4350190709,135,2744ea99df6a5ca11f795232b2390254a6b1a45cd965d459922753ca484edf79,9872e48e0a22be9dc9fb89cae30a2716d40d8fb5,2026-08-29T01:16:37.000Z,Q1b
all_weight_entries,Thundergod2007/vipragsent-vistral7b-checkpoints,model,campaigns/vipragsent-v7-6693e7e9eef08ef1/SHARD_GPU40_7B_INTEGRATION/q1b_train_vistral_multitask_8head:20260523/checkpoints/latest/model.pt,4350190709,3c7a155e52770431c7b616c34e9e68656b22c475,744483cb57b88cb3c029ea095bd53afa4cfa7b160b57e98d7a22e8788f78a47c,4350190709,135,2744ea99df6a5ca11f795232b2390254a6b1a45cd965d459922753ca484edf79,c9c0f3ac7c23f74a0427bb4381ab03acf5b546f0,2026-08-29T01:17:23.000Z,Q1b
all_weight_entries,Thundergod2007/vipragsent-vistral7b-checkpoints,model,campaigns/vipragsent-v7-6693e7e9eef08ef1/SHARD_GPU40_7B_INTEGRATION/q3_phobert_pragmatic_finetune_128_20260521/_engine_checkpoints/model/best.pt,1613241514,7949b332605a9bd0022ed8e69cbc90eb83c06a80,b118b7c5c283c298fc968807574dda5faf99a58f19f602912a4fb044fc2bc0e6,1613241514,135,534e2539b7c953205028bbb6d0b3ff1712764e49515259c79b2a15ccb9a33eb7,8361e1ec79093993de733310d3929829fb56bc19,2026-09-02T22:18:19.000Z,Q3
all_weight_entries,Thundergod2007/vipragsent-vistral7b-checkpoints,model,campaigns/vipragsent-v7-6693e7e9eef08ef1/SHARD_GPU40_7B_INTEGRATION/q3_phobert_pragmatic_finetune_128_20260521/_engine_checkpoints/model/epoch_001.pt,1613240874,39cd1278034e553ae430ddc0d8a4be33ac2612ab,4607f202abcf0dae40def4811fd51c5c5ca7d921210370695e06e3e839ee7497,1613240874,135,a6ac4b23c17c589809514cd2cc7fac8a7a78a99632beeac597c3d5af27a93dd7,b583a5a08719eefe70c18d276eee7e12cec7b018,2026-09-02T22:14:52.000Z,Q3
all_weight_entries,Thundergod2007/vipragsent-vistral7b-checkpoints,model,campaigns/vipragsent-v7-6693e7e9eef08ef1/SHARD_GPU40_7B_INTEGRATION/q3_phobert_pragmatic_finetune_128_20260521/_engine_checkpoints/model/epoch_002.pt,1613241002,8738e9d2d08f6e7d863a13917be0f75071987f4a,1767bb3e3690eb6a59aefb9329946b9058de1599991972549cc045432662f3fc,1613241002,135,8a8bd544f2bc8394f60fc448b609b8094d4c8d79b862f8f83fb1e0f74447a3a4,56d439842bbeb596adf6c25f7aa6fe04f879803b,2026-09-02T22:17:37.000Z,Q3
all_weight_entries,Thundergod2007/vipragsent-vistral7b-checkpoints,model,campaigns/vipragsent-v7-6693e7e9eef08ef1/SHARD_GPU40_7B_INTEGRATION/q3_phobert_pragmatic_finetune_128_20260521/_engine_checkpoints/model/epoch_003.pt,1613241066,b97b8b66dc5ecb22cafdcf9aad91bcd6e592c837,92806104218f339df0f0b2f7ccff1c0434b622df5ec08cbf6f3d2f403f0267c5,1613241066,135,b7c7efd97caf7e09bf333d15d435b922c81f23f6b72e23f0b72374631abcdbd3,81d91eca0447ac3515fa4909a29d90f591ba9941,2026-09-02T22:20:52.000Z,Q3
all_weight_entries,Thundergod2007/vipragsent-vistral7b-checkpoints,model,campaigns/vipragsent-v7-6693e7e9eef08ef1/SHARD_GPU40_7B_INTEGRATION/q3_phobert_pragmatic_finetune_128_20260521/_engine_checkpoints/model/epoch_004.pt,1613241194,9377c43707d70b5ab318a3be9d1d8ec809f3dcdb,206bc958763170116eafd6596f9da2292205e82b7e72e038467d99d054a5d53a,1613241194,135,331a6e0454fa3efb2d9531d9ece85a053bc361a74326d37ce3049cca57a19ace,40faae4347a57f14c548b438723b418c292f319f,2026-09-02T22:23:38.000Z,Q3
all_weight_entries,Thundergod2007/vipragsent-vistral7b-checkpoints,model,campaigns/vipragsent-v7-6693e7e9eef08ef1/SHARD_GPU40_7B_INTEGRATION/q3_phobert_pragmatic_finetune_128_20260521/_engine_checkpoints/model/epoch_005.pt,1613241322,4f6c23f47dc414cb1b9ce6737acf3de255ad327b,9822b64c5ffdbdf5945265f6363dfac36abec3de62c7d8d98fc82bc2b5eccc8e,1613241322,135,095a28f9a5c87956955bf96ea3c2bc4c7c5ca0ee90b8574aacadb6733e1fe0fe,8afa39425fbb15098d84b01dc35f29a431acde0e,2026-09-02T22:25:54.000Z,Q3
all_weight_entries,Thundergod2007/vipragsent-vistral7b-checkpoints,model,campaigns/vipragsent-v7-6693e7e9eef08ef1/SHARD_GPU40_7B_INTEGRATION/q3_phobert_pragmatic_finetune_128_20260521/_engine_checkpoints/model/epoch_006.pt,1613241386,16a26c4dec63a3b548dd8096cd1f2c473c38aa7e,08968f64beb15f6b6fae474383bf77dd7101afe2d34f1219ea65b54a82b9619b,1613241386,135,f9860cebc282e8dc565227eab03596a97eec1df6bfbc487a887346b1eec900aa,15a30a8f71ac5eee8806ec77ff5f0fae55c3a10c,2026-09-02T22:28:24.000Z,Q3
all_weight_entries,Thundergod2007/vipragsent-vistral7b-checkpoints,model,campaigns/vipragsent-v7-6693e7e9eef08ef1/SHARD_GPU40_7B_INTEGRATION/q3_phobert_pragmatic_finetune_128_20260521/_engine_checkpoints/model/epoch_007.pt,1613241514,7949b332605a9bd0022ed8e69cbc90eb83c06a80,b118b7c5c283c298fc968807574dda5faf99a58f19f602912a4fb044fc2bc0e6,1613241514,135,534e2539b7c953205028bbb6d0b3ff1712764e49515259c79b2a15ccb9a33eb7,e61e0ad8fe9fee1b11c270be237e6f182e7095cf,2026-09-02T22:28:32.000Z,Q3
all_weight_entries,Thundergod2007/vipragsent-vistral7b-checkpoints,model,campaigns/vipragsent-v7-6693e7e9eef08ef1/SHARD_GPU40_7B_INTEGRATION/q3_phobert_pragmatic_finetune_128_20260521/_engine_checkpoints/model/epoch_008.pt,1613241642,c69594f69add4a36702ef7e79fc30361a82bafdd,2a65be2771d301d56ef4fbde47c32ddd97f9b47d0f03bfe60684fbb50f87225c,1613241642,135,13f25e71ee6e987ba09a77518fe964436bf33e7ae219e67d2dc4f7b11fa72aba,02f3590921ede7bf8fcdd7ac0028ab61ca43cfa8,2026-09-02T22:28:57.000Z,Q3
all_weight_entries,Thundergod2007/vipragsent-vistral7b-checkpoints,model,campaigns/vipragsent-v7-6693e7e9eef08ef1/SHARD_GPU40_7B_INTEGRATION/q3_phobert_pragmatic_finetune_128_20260521/_engine_checkpoints/model/epoch_009.pt,1613241706,40fee3f54cc1252de83897b459b1153214f1f468,54b39262660a3d51009ed58b248bd4afcebca70f29f6d9e265bd48332034f8b2,1613241706,135,ca7cb677e6b342fdbe1576d73aad0ed32840ea1bc517926fa5d62c1dad8506d0,a14d7967fb58fc2da8bd5d33bda10e4b82f28fb8,2026-09-02T22:29:23.000Z,Q3
all_weight_entries,Thundergod2007/vipragsent-vistral7b-checkpoints,model,campaigns/vipragsent-v7-6693e7e9eef08ef1/SHARD_GPU40_7B_INTEGRATION/q3_phobert_pragmatic_finetune_128_20260521/checkpoints/best/model.pt,1613241514,7949b332605a9bd0022ed8e69cbc90eb83c06a80,b118b7c5c283c298fc968807574dda5faf99a58f19f602912a4fb044fc2bc0e6,1613241514,135,534e2539b7c953205028bbb6d0b3ff1712764e49515259c79b2a15ccb9a33eb7,6cc7bb854c403533f26c6e25e71fbd450eb4440c,2026-09-02T22:29:41.000Z,Q3
all_weight_entries,Thundergod2007/vipragsent-vistral7b-checkpoints,model,campaigns/vipragsent-v7-6693e7e9eef08ef1/SHARD_GPU40_7B_INTEGRATION/q3_phobert_pragmatic_finetune_128_20260521/checkpoints/latest/model.pt,1613241706,40fee3f54cc1252de83897b459b1153214f1f468,54b39262660a3d51009ed58b248bd4afcebca70f29f6d9e265bd48332034f8b2,1613241706,135,ca7cb677e6b342fdbe1576d73aad0ed32840ea1bc517926fa5d62c1dad8506d0,5e613cdf96cd58859ba6986fddaa0e6dccba5b9a,2026-09-02T22:29:49.000Z,Q3
all_weight_entries,Thundergod2007/vipragsent-vistral7b-checkpoints,model,campaigns/vipragsent-v7-6693e7e9eef08ef1/SHARD_GPU40_7B_INTEGRATION/q3_phobert_pragmatic_finetune_128_20260522/_engine_checkpoints/model/best.pt,1613241834,bf03dcca4a15b49a9fa84c072e05db90664a4904,d2073285f879089b42f9581b6b160f43f4eb066eb5b1de5f2391e5ab32f1abc8,1613241834,135,c425a82b76250d669adc67ccbdbe93c31e55a565e75c7d9859e837d9ddec4f9e,d105720e3ff7b7c37cf7925ce007d119e10166f7,2026-09-02T22:30:50.000Z,Q3
all_weight_entries,Thundergod2007/vipragsent-vistral7b-checkpoints,model,campaigns/vipragsent-v7-6693e7e9eef08ef1/SHARD_GPU40_7B_INTEGRATION/q3_phobert_pragmatic_finetune_128_20260522/_engine_checkpoints/model/epoch_001.pt,1613241002,91a5eaeb2c855e4c60b6dc696e1b87e7c8ddbe42,b89df0c288aba58792281a57d34524b77d3a46e185f257ec785f45df9a05545e,1613241002,135,472e012f62218b75d858fb343f63da69e267d180b1616aefa0d9da96d2e99daf,6cc7ebfc2a3a8bdd22fcb66eae0c4a4d9cf4d47b,2026-09-02T22:29:29.000Z,Q3
all_weight_entries,Thundergod2007/vipragsent-vistral7b-checkpoints,model,campaigns/vipragsent-v7-6693e7e9eef08ef1/SHARD_GPU40_7B_INTEGRATION/q3_phobert_pragmatic_finetune_128_20260522/_engine_checkpoints/model/epoch_002.pt,1613241130,cde25ca65be59de2723c24e153558d4b333ab564,82cb97ac0b054d0d33e9dc493535b53c5f3183e30a85525d09722fb01a1b6a70,1613241130,135,b77b369fea3b528ec3182793fed635d6ee540352234ae75ec66070ca15ee9f2c,89a0c826399f1b386dfdc3ea50a749f8632cff31,2026-09-02T22:30:10.000Z,Q3
all_weight_entries,Thundergod2007/vipragsent-vistral7b-checkpoints,model,campaigns/vipragsent-v7-6693e7e9eef08ef1/SHARD_GPU40_7B_INTEGRATION/q3_phobert_pragmatic_finetune_128_20260522/_engine_checkpoints/model/epoch_003.pt,1613241194,70d9a6c475c47978147771e0bc0fa0473a2318c2,cbb13b7fd6ad50f3ae6b7bd710cc2656824381fc31439da1953da0c6a73a0ded,1613241194,135,86dc86f971d72ce4a2df59b2f5c9398c766387c6d59e7065de5a0c5a8e8ade92,1ec24965130c6118493b6023a728f6c2643e0b4e,2026-09-02T22:33:18.000Z,Q3
all_weight_entries,Thundergod2007/vipragsent-vistral7b-checkpoints,model,campaigns/vipragsent-v7-6693e7e9eef08ef1/SHARD_GPU40_7B_INTEGRATION/q3_phobert_pragmatic_finetune_128_20260522/_engine_checkpoints/model/epoch_004.pt,1613241322,7ef054ac439223080d4b59e47e42224eb39d0992,ae9a1453ced3b7ddbef1743271caf5301e1847db3c327967bc0e5cd56e0be07c,1613241322,135,781ef1a0a8d91c51c00b764b477dfcbfb3fa95dbeb97e6694a6814967edd753c,b11c7bfc7f6dd3015a70159771fdd2b09567cda1,2026-09-02T22:35:47.000Z,Q3
all_weight_entries,Thundergod2007/vipragsent-vistral7b-checkpoints,model,campaigns/vipragsent-v7-6693e7e9eef08ef1/SHARD_GPU40_7B_INTEGRATION/q3_phobert_pragmatic_finetune_128_20260522/_engine_checkpoints/model/epoch_005.pt,1613241450,7f2bf39c968a9567a605b3f8ee8d4048b514be71,7ccfc11db96224a55a161fcc73083629635c7a69507d605aa5d06ff7e187bcc7,1613241450,135,766c9be88dcbe91e7f48bece09b1709531580e98f381282026e6e9ed0a1963b2,54ead01aa30d6189fc5cdf8a64ced97dc847d5d1,2026-09-02T23:40:32.000Z,Q3
all_weight_entries,Thundergod2007/vipragsent-vistral7b-checkpoints,model,campaigns/vipragsent-v7-6693e7e9eef08ef1/SHARD_GPU40_7B_INTEGRATION/q3_phobert_pragmatic_finetune_128_20260522/_engine_checkpoints/model/epoch_006.pt,1613241514,b1c66bdbfd591e7841e83bef07291ae142e22dd3,3ac403dfc50bd46811dfe9952916960b5d8c3990a9d265a98e7ea4831a00a4d7,1613241514,135,168e94d0e14b6c826bbd383a3e6f766f1ac9187a941608fef3839a21ad9af268,54ead01aa30d6189fc5cdf8a64ced97dc847d5d1,2026-09-02T23:40:32.000Z,Q3
all_weight_entries,Thundergod2007/vipragsent-vistral7b-checkpoints,model,campaigns/vipragsent-v7-6693e7e9eef08ef1/SHARD_GPU40_7B_INTEGRATION/q3_phobert_pragmatic_finetune_128_20260522/_engine_checkpoints/model/epoch_007.pt,1613241642,806583b4f9e9651ede01020baf0adc4705a23366,a89ddcca94a4a3da66399f0745dd546d673189d908a23769989c29b5de4493ec,1613241642,135,ca536c08407ff09b8076d5d28b535e9fa5beeee55ad97b00c7ccce4415c3e2a3,54ead01aa30d6189fc5cdf8a64ced97dc847d5d1,2026-09-02T23:40:32.000Z,Q3
all_weight_entries,Thundergod2007/vipragsent-vistral7b-checkpoints,model,campaigns/vipragsent-v7-6693e7e9eef08ef1/SHARD_GPU40_7B_INTEGRATION/q3_phobert_pragmatic_finetune_128_20260522/_engine_checkpoints/model/epoch_008.pt,1613241770,643fa153e230b541816cf72954dc8db9a99baffb,57599ea6c4f579cbf4200510d67501f407a36f0ad3132d86aeb8933bb4e3d0d4,1613241770,135,b5d00d2982d18e836281a540a5106092958f53bfd6a73dcbbf627f9ce1b2833f,54ead01aa30d6189fc5cdf8a64ced97dc847d5d1,2026-09-02T23:40:32.000Z,Q3
all_weight_entries,Thundergod2007/vipragsent-vistral7b-checkpoints,model,campaigns/vipragsent-v7-6693e7e9eef08ef1/SHARD_GPU40_7B_INTEGRATION/q3_phobert_pragmatic_finetune_128_20260522/_engine_checkpoints/model/epoch_009.pt,1613241834,bf03dcca4a15b49a9fa84c072e05db90664a4904,d2073285f879089b42f9581b6b160f43f4eb066eb5b1de5f2391e5ab32f1abc8,1613241834,135,c425a82b76250d669adc67ccbdbe93c31e55a565e75c7d9859e837d9ddec4f9e,54ead01aa30d6189fc5cdf8a64ced97dc847d5d1,2026-09-02T23:40:32.000Z,Q3
all_weight_entries,Thundergod2007/vipragsent-vistral7b-checkpoints,model,campaigns/vipragsent-v7-6693e7e9eef08ef1/SHARD_GPU40_7B_INTEGRATION/q3_phobert_pragmatic_finetune_128_20260522/_engine_checkpoints/model/epoch_010.pt,1613241962,f2a7d2885ef47e2dc7ac03b6fd0135ef9d77733d,576f16a3749c21becd59116fd81b2c966cbc3eae0cff18ef6d9d5f1307e04198,1613241962,135,0aca999b7cde7932e9d0653591da60c09cce095ffbe354ec63dd0a4e4f8f0203,54ead01aa30d6189fc5cdf8a64ced97dc847d5d1,2026-09-02T23:40:32.000Z,Q3
all_weight_entries,Thundergod2007/vipragsent-vistral7b-checkpoints,model,campaigns/vipragsent-v7-6693e7e9eef08ef1/SHARD_GPU40_7B_INTEGRATION/q3_phobert_pragmatic_finetune_128_20260522/checkpoints/best/model.pt,1613241834,bf03dcca4a15b49a9fa84c072e05db90664a4904,d2073285f879089b42f9581b6b160f43f4eb066eb5b1de5f2391e5ab32f1abc8,1613241834,135,c425a82b76250d669adc67ccbdbe93c31e55a565e75c7d9859e837d9ddec4f9e,54ead01aa30d6189fc5cdf8a64ced97dc847d5d1,2026-09-02T23:40:32.000Z,Q3
all_weight_entries,Thundergod2007/vipragsent-vistral7b-checkpoints,model,campaigns/vipragsent-v7-6693e7e9eef08ef1/SHARD_GPU40_7B_INTEGRATION/q3_phobert_pragmatic_finetune_128_20260522/checkpoints/latest/model.pt,1613241962,f2a7d2885ef47e2dc7ac03b6fd0135ef9d77733d,576f16a3749c21becd59116fd81b2c966cbc3eae0cff18ef6d9d5f1307e04198,1613241962,135,0aca999b7cde7932e9d0653591da60c09cce095ffbe354ec63dd0a4e4f8f0203,54ead01aa30d6189fc5cdf8a64ced97dc847d5d1,2026-09-02T23:40:32.000Z,Q3
all_weight_entries,Thundergod2007/vipragsent-vistral7b-checkpoints,model,campaigns/vipragsent-v7-6693e7e9eef08ef1/SHARD_GPU40_7B_INTEGRATION/q3_phobert_pragmatic_finetune_128_20260523/_engine_checkpoints/model/best.pt,1613241770,8318addb3a6ffdcff8d0fde215aad562dc3bb3f9,e3a776ce228a2ae4d9265fcd56095d4a9524c2a40c7de1452e962feb73e2bf58,1613241770,135,ee4317a73753d6dae99d4c78a010da2d5c4bbe36ae3697f16205ee58e498f448,9cd8e63307c113c0c6de4998b1a80ab95d213b19,2026-09-02T22:45:11.000Z,Q3
all_weight_entries,Thundergod2007/vipragsent-vistral7b-checkpoints,model,campaigns/vipragsent-v7-6693e7e9eef08ef1/SHARD_GPU40_7B_INTEGRATION/q3_phobert_pragmatic_finetune_128_20260523/_engine_checkpoints/model/epoch_001.pt,1613241002,897f1ce30befb928c63a82a5705819b0618d5217,427ea297cfe76bde82a1e0bcb3a5f631eb91beab1e7f5ef202a45751d6c280dd,1613241002,135,9bcddabcdbb42e2535b34e9850128a9ff76995d3b4f1e8ccd8b9fe25635f5335,72b6b9afb567128050125a36b891292f6c8b1c19,2026-09-02T22:40:30.000Z,Q3
all_weight_entries,Thundergod2007/vipragsent-vistral7b-checkpoints,model,campaigns/vipragsent-v7-6693e7e9eef08ef1/SHARD_GPU40_7B_INTEGRATION/q3_phobert_pragmatic_finetune_128_20260523/_engine_checkpoints/model/epoch_002.pt,1613241130,819aa026ac4a278df5428d118cac1a0749e03380,4071cdbb45cd541704762ce15d2a05e8b6e4a7322308a88c9bd14b8c22fe40cd,1613241130,135,69058c70e3dfd8fb1319fc801bb661f33b4bc7586b8e22fce43dd31e42843962,87d100c6f5a74584d0b18657847d9192531cd688,2026-09-02T22:41:02.000Z,Q3
all_weight_entries,Thundergod2007/vipragsent-vistral7b-checkpoints,model,campaigns/vipragsent-v7-6693e7e9eef08ef1/SHARD_GPU40_7B_INTEGRATION/q3_phobert_pragmatic_finetune_128_20260523/_engine_checkpoints/model/epoch_003.pt,1613241194,ced67aaa4f75da99659ed0a4e8d975bd73a1241b,8632fd4bcb6af6b333f9a1f6a7815aee5b772ff90e459fa9d80ce96482d7bd56,1613241194,135,543ffbe55adf2921a3d075a8e09a4fb10537ea380e9878a79ac9a58f25cb68d8,d20dc70d17795ac1c8c84867038ac7e7e1685b09,2026-09-02T22:43:31.000Z,Q3
all_weight_entries,Thundergod2007/vipragsent-vistral7b-checkpoints,model,campaigns/vipragsent-v7-6693e7e9eef08ef1/SHARD_GPU40_7B_INTEGRATION/q3_phobert_pragmatic_finetune_128_20260523/_engine_checkpoints/model/epoch_004.pt,1613241322,a333006c65a6b69f31cee3de20f58277757f475b,6f6ea92430ccb7fde4bb98439902a97870f5774cfd894fed69e9d243053dba76,1613241322,135,28b11733d63d88351d40226d63e019890d6de979a0cb99b41257615ebdec674d,df8dde5eea9ad1c308972e4ac87b800834d78045,2026-09-02T22:44:13.000Z,Q3
all_weight_entries,Thundergod2007/vipragsent-vistral7b-checkpoints,model,campaigns/vipragsent-v7-6693e7e9eef08ef1/SHARD_GPU40_7B_INTEGRATION/q3_phobert_pragmatic_finetune_128_20260523/_engine_checkpoints/model/epoch_005.pt,1613241450,cb8223a0f198c7f539dc02f14416db909051b67f,92f9e51cd30a9b23cb2c4c9dfa71851f651af43bccb8058dfa518a721a94de68,1613241450,135,86c5def9bf223d1295332d8bf36fb443139b3875fee817215b10369e4224d17e,fbc8f0a1ee7d609c78a99d8225973fd7106be6d7,2026-09-02T22:47:40.000Z,Q3
all_weight_entries,Thundergod2007/vipragsent-vistral7b-checkpoints,model,campaigns/vipragsent-v7-6693e7e9eef08ef1/SHARD_GPU40_7B_INTEGRATION/q3_phobert_pragmatic_finetune_128_20260523/_engine_checkpoints/model/epoch_006.pt,1613241514,9a87f9172d00ac26c4fef70179157c46645fa97b,42b196b5db0246934a2e74aba690607b18e0740b67895929da2d460e7da330c0,1613241514,135,058ade4226783a7d9c09c6fb78cc8e9b73fbf14b3d65441f603218ab70fbf05e,8c8b595f3e2815ee498ce3d8fbce3257716fcc2f,2026-09-02T22:48:08.000Z,Q3
all_weight_entries,Thundergod2007/vipragsent-vistral7b-checkpoints,model,campaigns/vipragsent-v7-6693e7e9eef08ef1/SHARD_GPU40_7B_INTEGRATION/q3_phobert_pragmatic_finetune_128_20260523/_engine_checkpoints/model/epoch_007.pt,1613241642,1241ff4b51540e8e63aaaae7341466cccc353a43,332eb4894d3b75ffbd6c1610f7941d77ae0b243a0b70c430c399c67b41d8831d,1613241642,135,a91a0284f4807c5e087de245af8791448e5380e062d6ff02e13106915c07d0a1,8159739b712014274c642709d6380ec6fb00b917,2026-09-02T22:52:46.000Z,Q3
all_weight_entries,Thundergod2007/vipragsent-vistral7b-checkpoints,model,campaigns/vipragsent-v7-6693e7e9eef08ef1/SHARD_GPU40_7B_INTEGRATION/q3_phobert_pragmatic_finetune_128_20260523/_engine_checkpoints/model/epoch_008.pt,1613241770,8318addb3a6ffdcff8d0fde215aad562dc3bb3f9,e3a776ce228a2ae4d9265fcd56095d4a9524c2a40c7de1452e962feb73e2bf58,1613241770,135,ee4317a73753d6dae99d4c78a010da2d5c4bbe36ae3697f16205ee58e498f448,5dd81a6e051b480802a497490e8a16420467e309,2026-09-02T22:52:54.000Z,Q3
all_weight_entries,Thundergod2007/vipragsent-vistral7b-checkpoints,model,campaigns/vipragsent-v7-6693e7e9eef08ef1/SHARD_GPU40_7B_INTEGRATION/q3_phobert_pragmatic_finetune_128_20260523/_engine_checkpoints/model/epoch_009.pt,1613241834,143699dadf57543672fffb764a1b090ea492293c,dc75acf80039d71073dcc1603e59c51ade9c998f159588556f6b27e11cb9f41d,1613241834,135,7f488c1987a047398b59c8a11ee7c724c9dd1732de877de47a376078925c9451,c904181f6ec8bc077c0e6a251b2dbc8bf4396f9a,2026-09-02T22:53:18.000Z,Q3
all_weight_entries,Thundergod2007/vipragsent-vistral7b-checkpoints,model,campaigns/vipragsent-v7-6693e7e9eef08ef1/SHARD_GPU40_7B_INTEGRATION/q3_phobert_pragmatic_finetune_128_20260523/_engine_checkpoints/model/epoch_010.pt,1613241962,e68af2272c6369b432e8a44d8f6d67efeea20a9e,e9a0dd7ad64935a070582cd9953113b600f3c820f4dc5e16572144b140cf85b8,1613241962,135,7f4c9c575a5d4980a1c148774f5f78f1565c0e14e144151f0c67c9e6aa69848b,7d6efa2c5adcd8ecbd6665850f2c3acbbf980732,2026-09-02T22:55:46.000Z,Q3
all_weight_entries,Thundergod2007/vipragsent-vistral7b-checkpoints,model,campaigns/vipragsent-v7-6693e7e9eef08ef1/SHARD_GPU40_7B_INTEGRATION/q3_phobert_pragmatic_finetune_128_20260523/checkpoints/best/model.pt,1613241770,8318addb3a6ffdcff8d0fde215aad562dc3bb3f9,e3a776ce228a2ae4d9265fcd56095d4a9524c2a40c7de1452e962feb73e2bf58,1613241770,135,ee4317a73753d6dae99d4c78a010da2d5c4bbe36ae3697f16205ee58e498f448,81472d2da8b352a3c9f04903d46c99081b0908d9,2026-09-02T22:56:22.000Z,Q3
all_weight_entries,Thundergod2007/vipragsent-vistral7b-checkpoints,model,campaigns/vipragsent-v7-6693e7e9eef08ef1/SHARD_GPU40_7B_INTEGRATION/q3_phobert_pragmatic_finetune_128_20260523/checkpoints/latest/model.pt,1613241962,e68af2272c6369b432e8a44d8f6d67efeea20a9e,e9a0dd7ad64935a070582cd9953113b600f3c820f4dc5e16572144b140cf85b8,1613241962,135,7f4c9c575a5d4980a1c148774f5f78f1565c0e14e144151f0c67c9e6aa69848b,d40710b0e44aba2fe09fe4764461696439635693,2026-09-02T22:56:32.000Z,Q3
all_weight_entries,Thundergod2007/vipragsent-vistral7b-checkpoints,model,campaigns/vipragsent-v7-6693e7e9eef08ef1/SHARD_GPU40_7B_INTEGRATION/q3_phobert_pragmatic_finetune_256_20260521/_engine_checkpoints/model/best.pt,1613241514,6dec5eb37be89322eb5ef42a6ff4d625feafcea1,ba9319345d1f6bb884389e12f29fdce9765604c99e0c9353ab2f946a5cb9f443,1613241514,135,703b8a323b9dc7780f1cc98faad177f0b11a19bfe9279ba3d169cdbdabbd324f,9ebe178beda18d12921fd0a37984154534a8e28b,2026-09-02T22:57:07.000Z,Q3
all_weight_entries,Thundergod2007/vipragsent-vistral7b-checkpoints,model,campaigns/vipragsent-v7-6693e7e9eef08ef1/SHARD_GPU40_7B_INTEGRATION/q3_phobert_pragmatic_finetune_256_20260521/_engine_checkpoints/model/epoch_001.pt,1613240874,9bebd219ba0eef7275e337354fd85d699c9b0834,ab1e78f532a26ab8870521a95da2dae1f8d9b4555900ca66dd3c991023b35d92,1613240874,135,4ee2c6695e8a3b8cad7749dcb378f37e5a9a48d82d28f0329f1a84eca2c10aff,ecaab34f18cc9b993db3370797f6af9505c06e2b,2026-09-02T22:50:28.000Z,Q3
all_weight_entries,Thundergod2007/vipragsent-vistral7b-checkpoints,model,campaigns/vipragsent-v7-6693e7e9eef08ef1/SHARD_GPU40_7B_INTEGRATION/q3_phobert_pragmatic_finetune_256_20260521/_engine_checkpoints/model/epoch_002.pt,1613241002,e672f205597b36719a3219fdde87a7a3e96c7bdd,9db5d080de0e0f6bb015aef85892342978aaf34aa0badd14475bfb77c289ca8e,1613241002,135,4ca634cc614ad457470531faa680a4b69f2f5952be0b914014daf9c7bb37aa60,9caee709a8cf88aa0643ec9885c965dc1af470be,2026-09-02T22:50:55.000Z,Q3
all_weight_entries,Thundergod2007/vipragsent-vistral7b-checkpoints,model,campaigns/vipragsent-v7-6693e7e9eef08ef1/SHARD_GPU40_7B_INTEGRATION/q3_phobert_pragmatic_finetune_256_20260521/_engine_checkpoints/model/epoch_003.pt,1613241066,7944dfe5f723c94f5913ea94b03eb7a81da907ea,6c193f57c821c53877b5b8510feae19def19f2e43fe7d79b9c492e08ba3d4e30,1613241066,135,b5154fa228a5272a1f3a5f93b56cd00054add8aebf9f5c214cd47d977c4f29a5,a1f009f56400cbb92c8c0dc4c96623b983823688,2026-09-02T22:51:35.000Z,Q3
all_weight_entries,Thundergod2007/vipragsent-vistral7b-checkpoints,model,campaigns/vipragsent-v7-6693e7e9eef08ef1/SHARD_GPU40_7B_INTEGRATION/q3_phobert_pragmatic_finetune_256_20260521/_engine_checkpoints/model/epoch_004.pt,1613241194,e88bded09cf99c5b43e6195e7ba42b1bf08e545d,2d8bb946ec3d1c5e88a303af438be5588836d0ff0f96dd5022b5abd7e50aa61d,1613241194,135,e4cd7ab027ed335194b575c680155c82360ce95d0b16696463b221c1cfa35920,a707ed3970f9a178e7a831279b15fafbcc301149,2026-09-02T22:52:01.000Z,Q3
all_weight_entries,Thundergod2007/vipragsent-vistral7b-checkpoints,model,campaigns/vipragsent-v7-6693e7e9eef08ef1/SHARD_GPU40_7B_INTEGRATION/q3_phobert_pragmatic_finetune_256_20260521/_engine_checkpoints/model/epoch_005.pt,1613241322,c991495a948f1dd0b76beae46b531ef98d29181e,b27228d42b6044555859efcb16dc5a8e479c4d11a51c95ec8db853cec2c3f55d,1613241322,135,adf5d5871c58191b4e3be3b9f7a8dc8095e2b51417badfde0577e8df692e4583,78e17b649caeecc7bb11bbd5080f2785ed2ca5f8,2026-09-02T22:57:39.000Z,Q3
all_weight_entries,Thundergod2007/vipragsent-vistral7b-checkpoints,model,campaigns/vipragsent-v7-6693e7e9eef08ef1/SHARD_GPU40_7B_INTEGRATION/q3_phobert_pragmatic_finetune_256_20260521/_engine_checkpoints/model/epoch_006.pt,1613241386,1e86e588396f8929517f572c1f2f2acb74474fdd,7768e76703281482c9d74b11dd7d74e87dad2b9723a72b3281938c766b337353,1613241386,135,ae6ddb3ac77d2474467765aea7aa77f96d44d02490dd32f6c737be6bafd2a900,61eda8400a6b52f271b4c7dd906cc466e6d457af,2026-09-02T22:58:06.000Z,Q3
all_weight_entries,Thundergod2007/vipragsent-vistral7b-checkpoints,model,campaigns/vipragsent-v7-6693e7e9eef08ef1/SHARD_GPU40_7B_INTEGRATION/q3_phobert_pragmatic_finetune_256_20260521/_engine_checkpoints/model/epoch_007.pt,1613241514,6dec5eb37be89322eb5ef42a6ff4d625feafcea1,ba9319345d1f6bb884389e12f29fdce9765604c99e0c9353ab2f946a5cb9f443,1613241514,135,703b8a323b9dc7780f1cc98faad177f0b11a19bfe9279ba3d169cdbdabbd324f,84b8953362503a052a2cc60400263a65b4cde38f,2026-09-02T22:58:14.000Z,Q3
all_weight_entries,Thundergod2007/vipragsent-vistral7b-checkpoints,model,campaigns/vipragsent-v7-6693e7e9eef08ef1/SHARD_GPU40_7B_INTEGRATION/q3_phobert_pragmatic_finetune_256_20260521/_engine_checkpoints/model/epoch_008.pt,1613241642,1f741dedb01404d7dbebc721fcae4ae843969e7b,a0bc0bedfe75706bd23c33009556f09b38a8bb9cf0371d681214a71fe7e56c1a,1613241642,135,8822c03fe3d70dd76d173f44a3e1f41789664a92014b625088920dc28a7d5e3b,8b00f8b73b885734fb25df287d7f5a5829de49c4,2026-09-02T23:00:46.000Z,Q3
all_weight_entries,Thundergod2007/vipragsent-vistral7b-checkpoints,model,campaigns/vipragsent-v7-6693e7e9eef08ef1/SHARD_GPU40_7B_INTEGRATION/q3_phobert_pragmatic_finetune_256_20260521/_engine_checkpoints/model/epoch_009.pt,1613241706,bdb2c678e5a7905c6886c75b61038a5f872b380a,af2d3a4a41f5d173291e14aa3438aa448d48c7a46ecc2203afe7ab8bdd4753d4,1613241706,135,325ec36180953aec1543748feb21b7f7f3a0d8dfea08a37fbb2530969a894bd1,3e79aac90b8709f7927f24f1a9dc43fb4f9d64f7,2026-09-02T23:03:18.000Z,Q3
all_weight_entries,Thundergod2007/vipragsent-vistral7b-checkpoints,model,campaigns/vipragsent-v7-6693e7e9eef08ef1/SHARD_GPU40_7B_INTEGRATION/q3_phobert_pragmatic_finetune_256_20260521/checkpoints/best/model.pt,1613241514,6dec5eb37be89322eb5ef42a6ff4d625feafcea1,ba9319345d1f6bb884389e12f29fdce9765604c99e0c9353ab2f946a5cb9f443,1613241514,135,703b8a323b9dc7780f1cc98faad177f0b11a19bfe9279ba3d169cdbdabbd324f,14ff7eb5aa299873448c5148c363e5573cd78fb9,2026-09-02T23:04:02.000Z,Q3
all_weight_entries,Thundergod2007/vipragsent-vistral7b-checkpoints,model,campaigns/vipragsent-v7-6693e7e9eef08ef1/SHARD_GPU40_7B_INTEGRATION/q3_phobert_pragmatic_finetune_256_20260521/checkpoints/latest/model.pt,1613241706,bdb2c678e5a7905c6886c75b61038a5f872b380a,af2d3a4a41f5d173291e14aa3438aa448d48c7a46ecc2203afe7ab8bdd4753d4,1613241706,135,325ec36180953aec1543748feb21b7f7f3a0d8dfea08a37fbb2530969a894bd1,068cf53a133612de65172864cfb0080701161758,2026-09-02T23:04:14.000Z,Q3
all_weight_entries,Thundergod2007/vipragsent-vistral7b-checkpoints,model,campaigns/vipragsent-v7-6693e7e9eef08ef1/SHARD_GPU40_7B_INTEGRATION/q3_phobert_pragmatic_finetune_256_20260522/_engine_checkpoints/model/best.pt,1613241770,eda72119350abdfb0659ef75525a2609db867ba2,9b563c1fdf59c7c3ef674ff7ce768297ba93b76d4afa5031855a38787714daeb,1613241770,135,1e04d0c4e02af1a606be655d1571d16a74fa647accbba8bd7f0023c3300aa638,d354c1fabac98e9cccecb9bdeeceef8f4135e1a4,2026-09-02T23:03:53.000Z,Q3
all_weight_entries,Thundergod2007/vipragsent-vistral7b-checkpoints,model,campaigns/vipragsent-v7-6693e7e9eef08ef1/SHARD_GPU40_7B_INTEGRATION/q3_phobert_pragmatic_finetune_256_20260522/_engine_checkpoints/model/epoch_001.pt,1613241002,ddf776350fd4beac93a1c8418ceedd99a3eabeeb,96589f31f76885f8c8a089073d1d86899411cd03f648b36940fc30536cc9c039,1613241002,135,0a622a60dd8b5448731091dc15d93a953c7f22a25345e0c78d9592b9e5719bce,62cadae99724c1a87522579dd040fa3648021cde,2026-09-02T22:59:55.000Z,Q3
all_weight_entries,Thundergod2007/vipragsent-vistral7b-checkpoints,model,campaigns/vipragsent-v7-6693e7e9eef08ef1/SHARD_GPU40_7B_INTEGRATION/q3_phobert_pragmatic_finetune_256_20260522/_engine_checkpoints/model/epoch_002.pt,1613241130,ff8b209cf43721aa29ea43bcf172f56e1af76d4a,127874f612793cb49f530ad8bfbe8517840c5d1dbdaf3469c964130ef088b465,1613241130,135,2eb506494b1781131c2f547beb02171a074cd20f164b211bd0e1572edda26d39,01cf8585c2ab363a2fb9a04f09e6ccf1379a4163,2026-09-02T23:00:23.000Z,Q3
all_weight_entries,Thundergod2007/vipragsent-vistral7b-checkpoints,model,campaigns/vipragsent-v7-6693e7e9eef08ef1/SHARD_GPU40_7B_INTEGRATION/q3_phobert_pragmatic_finetune_256_20260522/_engine_checkpoints/model/epoch_003.pt,1613241194,338c93eb62fcb9fe403aa4480962653ff56c92e3,74a7a3dc5f924d53538dc0f950c9b807ca2ebbabda8a2b48ec4d8ef07a3b8289,1613241194,135,313859ff1c16fd0cc64408affa659615627ccf6c47aa6851c9654f63f7e4ff2b,7a396ae27c65831560fb95adb9afca72d07d8b6b,2026-09-02T23:01:05.000Z,Q3
all_weight_entries,Thundergod2007/vipragsent-vistral7b-checkpoints,model,campaigns/vipragsent-v7-6693e7e9eef08ef1/SHARD_GPU40_7B_INTEGRATION/q3_phobert_pragmatic_finetune_256_20260522/_engine_checkpoints/model/epoch_004.pt,1613241322,82ddafdec4b656bcce078ce3502a13089706e07c,19dde5db0bfbf5e6faad5e7831e6d62756486c91c890e47e35c3adee58a0e566,1613241322,135,ed5441e0dea76286951b573fd5b18d83c61655ed71a778d6751c10c4baa2c219,2501abfcee390898248ed4d3cd26d07a3469262d,2026-09-02T23:06:20.000Z,Q3
all_weight_entries,Thundergod2007/vipragsent-vistral7b-checkpoints,model,campaigns/vipragsent-v7-6693e7e9eef08ef1/SHARD_GPU40_7B_INTEGRATION/q3_phobert_pragmatic_finetune_256_20260522/_engine_checkpoints/model/epoch_005.pt,1613241450,18c815a414ca671458aaa40f2a26e8dd0b596df3,b0784b2856a2f056857b4867c112cf70f5ae65c5232306bd32a2767174e4b70b,1613241450,135,8663e3d6db8caadfe3f9f671fa63c0108d9a7f1c9ed228dd19dbf05196f965e7,cc1862a6a7550e43abe74ce348d395913b0fd737,2026-09-02T23:08:54.000Z,Q3
all_weight_entries,Thundergod2007/vipragsent-vistral7b-checkpoints,model,campaigns/vipragsent-v7-6693e7e9eef08ef1/SHARD_GPU40_7B_INTEGRATION/q3_phobert_pragmatic_finetune_256_20260522/_engine_checkpoints/model/epoch_006.pt,1613241514,45e8bd6abfd161a64bd8c15b0f20f1db6fd3901d,7b15870efdb3e93240645a155145f30b4556294a741d65a758872ebf1bacd37b,1613241514,135,1c1ce46f2a68d41d6bc0f2ea51ac5154705819df5b34d6b80cd75d35ecc2fd15,dd65f8a0f1ba763c9f2f930c7e01e4a5ffba3741,2026-09-02T23:11:25.000Z,Q3
all_weight_entries,Thundergod2007/vipragsent-vistral7b-checkpoints,model,campaigns/vipragsent-v7-6693e7e9eef08ef1/SHARD_GPU40_7B_INTEGRATION/q3_phobert_pragmatic_finetune_256_20260522/_engine_checkpoints/model/epoch_007.pt,1613241642,d2d378b51732bd7702727381c4721e62e98a6ad6,a9ce2ca23132bd7449d6391d05cb3e8776f7dfd88e4d12176c244c2b81d4c75f,1613241642,135,d83389120ef464ddd740478e2fa13b01c1e21818562927d8c4f4560c655f3497,47e82adbdbd2ef5f81ea77c10765191513436a84,2026-09-02T23:11:58.000Z,Q3
all_weight_entries,Thundergod2007/vipragsent-vistral7b-checkpoints,model,campaigns/vipragsent-v7-6693e7e9eef08ef1/SHARD_GPU40_7B_INTEGRATION/q3_phobert_pragmatic_finetune_256_20260522/_engine_checkpoints/model/epoch_008.pt,1613241770,eda72119350abdfb0659ef75525a2609db867ba2,9b563c1fdf59c7c3ef674ff7ce768297ba93b76d4afa5031855a38787714daeb,1613241770,135,1e04d0c4e02af1a606be655d1571d16a74fa647accbba8bd7f0023c3300aa638,8f0efbaf6288ebae557483a47a5bb6d01d9c7b31,2026-09-02T23:12:06.000Z,Q3
all_weight_entries,Thundergod2007/vipragsent-vistral7b-checkpoints,model,campaigns/vipragsent-v7-6693e7e9eef08ef1/SHARD_GPU40_7B_INTEGRATION/q3_phobert_pragmatic_finetune_256_20260522/_engine_checkpoints/model/epoch_009.pt,1613241834,8135c62155f72b2be6b06274e0902b45db10f617,0bbddd29b4d81a8553ea1b048d35c9d4982c180a87c7c887ea5018517358ae10,1613241834,135,940334cafd327b3c6221b75edb31aa0ab4b46d72a7bd2da5d323b443152d43cb,84efc8e7fabb360784b27377a1f01b29689fe8fe,2026-09-02T23:14:34.000Z,Q3
all_weight_entries,Thundergod2007/vipragsent-vistral7b-checkpoints,model,campaigns/vipragsent-v7-6693e7e9eef08ef1/SHARD_GPU40_7B_INTEGRATION/q3_phobert_pragmatic_finetune_256_20260522/_engine_checkpoints/model/epoch_010.pt,1613241962,bef5dd0b27af1308459ec09808017a3b6b129a7a,327942becd42ad2568afa4cf267a542f0f4491e708493e552f1f463be5248062,1613241962,135,9d9cee43b1b6663df9b6392e2ef70ecb2031d834c7d0d3b5db2d03df3832adf2,22d2d532eb72c6fa2bef9c23cdb332f8140bbbc3,2026-09-02T23:15:07.000Z,Q3
all_weight_entries,Thundergod2007/vipragsent-vistral7b-checkpoints,model,campaigns/vipragsent-v7-6693e7e9eef08ef1/SHARD_GPU40_7B_INTEGRATION/q3_phobert_pragmatic_finetune_256_20260522/checkpoints/best/model.pt,1613241770,eda72119350abdfb0659ef75525a2609db867ba2,9b563c1fdf59c7c3ef674ff7ce768297ba93b76d4afa5031855a38787714daeb,1613241770,135,1e04d0c4e02af1a606be655d1571d16a74fa647accbba8bd7f0023c3300aa638,3641c57cd54c2c3664abc23ad5e3a4ce0058e060,2026-09-02T23:15:56.000Z,Q3
all_weight_entries,Thundergod2007/vipragsent-vistral7b-checkpoints,model,campaigns/vipragsent-v7-6693e7e9eef08ef1/SHARD_GPU40_7B_INTEGRATION/q3_phobert_pragmatic_finetune_256_20260522/checkpoints/latest/model.pt,1613241962,bef5dd0b27af1308459ec09808017a3b6b129a7a,327942becd42ad2568afa4cf267a542f0f4491e708493e552f1f463be5248062,1613241962,135,9d9cee43b1b6663df9b6392e2ef70ecb2031d834c7d0d3b5db2d03df3832adf2,52c3749e85873aadbb99e555f3448a57435f0b8b,2026-09-02T23:16:07.000Z,Q3
all_weight_entries,Thundergod2007/vipragsent-vistral7b-checkpoints,model,campaigns/vipragsent-v7-6693e7e9eef08ef1/SHARD_GPU40_7B_INTEGRATION/q3_phobert_pragmatic_finetune_32_20260521/_engine_checkpoints/model/best.pt,1613241642,a45f7efac542fb9ffde6d4428a19d5900ff3bfd3,82e4aa170689de4f0a6f68526baa2b8a3a8f960d5d5e4607d4736cce03c1b0a9,1613241642,135,7a56094ead3a5b6ea42a81f16b5d0d86c48133dce6912ecf1b02cd38b823c32a,940a78fc7b131ece29d987de9e001918c2432afe,2026-09-02T23:46:01.000Z,Q3
all_weight_entries,Thundergod2007/vipragsent-vistral7b-checkpoints,model,campaigns/vipragsent-v7-6693e7e9eef08ef1/SHARD_GPU40_7B_INTEGRATION/q3_phobert_pragmatic_finetune_32_20260521/_engine_checkpoints/model/epoch_001.pt,1613240874,b5411369307bfc82e612dad4bbf7282ac2c03f7b,3f9e4059bfef572c094bb9679f4b5f4ef1f4785532918544a64261b2ba878d0b,1613240874,135,0297222452397b12a7d299d23be97a46d6c69eadb6a56d1a13037c97b9298b55,7e03205d2a475ef54bf73e589a0c429f33263601,2026-09-02T21:26:45.000Z,Q3
all_weight_entries,Thundergod2007/vipragsent-vistral7b-checkpoints,model,campaigns/vipragsent-v7-6693e7e9eef08ef1/SHARD_GPU40_7B_INTEGRATION/q3_phobert_pragmatic_finetune_32_20260521/_engine_checkpoints/model/epoch_002.pt,1613241002,83e2dffe7268b8051aa950f7ce2c6efb491e5ee5,18191ddd56d0c290c84028267952195b752a3ee263210ad791be4970fee25c61,1613241002,135,bd53444619003a11c46599f3caa0dad3891609a5456a92ba2207d576a7449fe9,edeba1a13e02a996ec961810e14c29174973bd3e,2026-09-02T21:27:24.000Z,Q3
all_weight_entries,Thundergod2007/vipragsent-vistral7b-checkpoints,model,campaigns/vipragsent-v7-6693e7e9eef08ef1/SHARD_GPU40_7B_INTEGRATION/q3_phobert_pragmatic_finetune_32_20260521/_engine_checkpoints/model/epoch_003.pt,1613241066,2da312fa96666bb1fe1ad86f7ad554f728056e46,e78f29f197e8d2b979a800b9a1a3af31c90126ff0ba270ee18530a88e9c095cf,1613241066,135,80bab5ece38f683e8fcd56a284001669d2b7f718e9e8478d537fc08b9abba62a,a9269b31f9d484e0d9771f29bcc199f1efbb6c13,2026-09-02T21:28:06.000Z,Q3
all_weight_entries,Thundergod2007/vipragsent-vistral7b-checkpoints,model,campaigns/vipragsent-v7-6693e7e9eef08ef1/SHARD_GPU40_7B_INTEGRATION/q3_phobert_pragmatic_finetune_32_20260521/_engine_checkpoints/model/epoch_004.pt,1613241194,34c960b1b666678b43235208974befd769a29813,e6889889a4a4d057eac617b810344284b3c5d9fd1ecf9d8a17b0ad9607168c39,1613241194,135,cf6700e1b8c3431d606a48a21dd986f1eff6b6ecf3c17dfb855716e8081127c2,63fe4ff75b3ea225a8aefc98abb90606b6291a63,2026-09-02T21:30:37.000Z,Q3
all_weight_entries,Thundergod2007/vipragsent-vistral7b-checkpoints,model,campaigns/vipragsent-v7-6693e7e9eef08ef1/SHARD_GPU40_7B_INTEGRATION/q3_phobert_pragmatic_finetune_32_20260521/_engine_checkpoints/model/epoch_005.pt,1613241322,fddd81c5e7cb903605da16224136d6747c7a959d,cd2a45bbdfe42dc91f733ec10b5249113133d696559d757a4852a201b52e7de2,1613241322,135,db90ac3146c1d1b426f9cbd18d16dd3dfd249447f39619f669dfd0c929f0805e,ac24e8e40e1180dc0623bcf22f68b237082d12bf,2026-09-02T21:31:19.000Z,Q3
all_weight_entries,Thundergod2007/vipragsent-vistral7b-checkpoints,model,campaigns/vipragsent-v7-6693e7e9eef08ef1/SHARD_GPU40_7B_INTEGRATION/q3_phobert_pragmatic_finetune_32_20260521/_engine_checkpoints/model/epoch_006.pt,1613241386,6356252dad085403a89dc7fdb289d6206aa8ec32,c0fb9328c917329ba9b530b22b016b91e036a7f60638267c0c130e41201d44d7,1613241386,135,ddfa5d60cea8943d2e87c14bc473b90ce2f2bea306f9f7e68a113cf5b7b03c21,10ede331772a7f6832f60645e98f8734c88adace,2026-09-02T21:33:52.000Z,Q3
all_weight_entries,Thundergod2007/vipragsent-vistral7b-checkpoints,model,campaigns/vipragsent-v7-6693e7e9eef08ef1/SHARD_GPU40_7B_INTEGRATION/q3_phobert_pragmatic_finetune_32_20260521/_engine_checkpoints/model/epoch_007.pt,1613241514,73e521cd932c5ea74e9e025c3f2a468b7974cf41,43aab497f7002ca6ffa6be4001f1d324f72eff68b436e685dfc59b17afdb9939,1613241514,135,fe3460afee38f6d6b64f18af78d1a765379601571c7b2f53f05dff1a6695e647,940a78fc7b131ece29d987de9e001918c2432afe,2026-09-02T23:46:01.000Z,Q3
all_weight_entries,Thundergod2007/vipragsent-vistral7b-checkpoints,model,campaigns/vipragsent-v7-6693e7e9eef08ef1/SHARD_GPU40_7B_INTEGRATION/q3_phobert_pragmatic_finetune_32_20260521/_engine_checkpoints/model/epoch_008.pt,1613241642,a45f7efac542fb9ffde6d4428a19d5900ff3bfd3,82e4aa170689de4f0a6f68526baa2b8a3a8f960d5d5e4607d4736cce03c1b0a9,1613241642,135,7a56094ead3a5b6ea42a81f16b5d0d86c48133dce6912ecf1b02cd38b823c32a,940a78fc7b131ece29d987de9e001918c2432afe,2026-09-02T23:46:01.000Z,Q3
all_weight_entries,Thundergod2007/vipragsent-vistral7b-checkpoints,model,campaigns/vipragsent-v7-6693e7e9eef08ef1/SHARD_GPU40_7B_INTEGRATION/q3_phobert_pragmatic_finetune_32_20260521/_engine_checkpoints/model/epoch_009.pt,1613241706,89328396e261252ff3f3382dbd9790f28622f949,114f89162ea58497a7c3d5bc598276bafd03d5bc16fc2d6cf975a6e1f3047ff4,1613241706,135,daeee88925e9493ab08901107b35ca1510d699a910d224ec7041db3b0795bd87,940a78fc7b131ece29d987de9e001918c2432afe,2026-09-02T23:46:01.000Z,Q3
all_weight_entries,Thundergod2007/vipragsent-vistral7b-checkpoints,model,campaigns/vipragsent-v7-6693e7e9eef08ef1/SHARD_GPU40_7B_INTEGRATION/q3_phobert_pragmatic_finetune_32_20260521/_engine_checkpoints/model/epoch_010.pt,1613241834,7ba5023da20240be8a1199c42bcdd23b63fc67a1,42665f91ec495d5751d9876106cfb10b4c9d6a44425881de0b3860a1ed0267fd,1613241834,135,7aa664da6d06e6d5daddb0f11572b9a86bbec740b0f27ea7d11b3f2992c9cc96,940a78fc7b131ece29d987de9e001918c2432afe,2026-09-02T23:46:01.000Z,Q3
all_weight_entries,Thundergod2007/vipragsent-vistral7b-checkpoints,model,campaigns/vipragsent-v7-6693e7e9eef08ef1/SHARD_GPU40_7B_INTEGRATION/q3_phobert_pragmatic_finetune_32_20260521/checkpoints/best/model.pt,1613241642,a45f7efac542fb9ffde6d4428a19d5900ff3bfd3,82e4aa170689de4f0a6f68526baa2b8a3a8f960d5d5e4607d4736cce03c1b0a9,1613241642,135,7a56094ead3a5b6ea42a81f16b5d0d86c48133dce6912ecf1b02cd38b823c32a,940a78fc7b131ece29d987de9e001918c2432afe,2026-09-02T23:46:01.000Z,Q3
all_weight_entries,Thundergod2007/vipragsent-vistral7b-checkpoints,model,campaigns/vipragsent-v7-6693e7e9eef08ef1/SHARD_GPU40_7B_INTEGRATION/q3_phobert_pragmatic_finetune_32_20260521/checkpoints/latest/model.pt,1613241834,7ba5023da20240be8a1199c42bcdd23b63fc67a1,42665f91ec495d5751d9876106cfb10b4c9d6a44425881de0b3860a1ed0267fd,1613241834,135,7aa664da6d06e6d5daddb0f11572b9a86bbec740b0f27ea7d11b3f2992c9cc96,940a78fc7b131ece29d987de9e001918c2432afe,2026-09-02T23:46:01.000Z,Q3
all_weight_entries,Thundergod2007/vipragsent-vistral7b-checkpoints,model,campaigns/vipragsent-v7-6693e7e9eef08ef1/SHARD_GPU40_7B_INTEGRATION/q3_phobert_pragmatic_finetune_32_20260522/_engine_checkpoints/model/best.pt,1613241962,5d31221ae00d84423cb9023c9666ed514cb58a3b,edb7f5227c00ae4ca32f00536e14d3da3af52f7602614d0bc22d66870a19da7f,1613241962,135,dd17061b627c4c687e0770b19a0f38237608a8dab553192037ce93128a7148f1,69f933baf5c3816c32ce9eef504252162fed913e,2026-09-02T21:45:16.000Z,Q3
all_weight_entries,Thundergod2007/vipragsent-vistral7b-checkpoints,model,campaigns/vipragsent-v7-6693e7e9eef08ef1/SHARD_GPU40_7B_INTEGRATION/q3_phobert_pragmatic_finetune_32_20260522/_engine_checkpoints/model/epoch_001.pt,1613241002,f10b6e5e500e3a34464e45e2a19a7d4c492fe065,e8968ede467f4163c693e9990f6d64dd244bb7ff2631e5e909fafa79209a422a,1613241002,135,28e965f0f716af4e3e8ea10ca83cddeee979ad70cc51beb7f79fcbaa9d9c0a8b,8434ba7b95cfe0ebdffed66ea03ee17796c2cd7c,2026-09-02T21:39:15.000Z,Q3
all_weight_entries,Thundergod2007/vipragsent-vistral7b-checkpoints,model,campaigns/vipragsent-v7-6693e7e9eef08ef1/SHARD_GPU40_7B_INTEGRATION/q3_phobert_pragmatic_finetune_32_20260522/_engine_checkpoints/model/epoch_002.pt,1613241130,5d251e77952094d62f4f86d4632112f3387fcbad,17ea7cac7c093576d4ef89c5edf47233bb2a851a30af4b887f417422c1aa4b9c,1613241130,135,a6953c4ed48a8d64f1cbea7fdbb66e46aa9f09c9021e5480ecef5a18f1882251,b17d21e0f5e4ba8dcd15af6d3b2ace1889c0c683,2026-09-02T21:39:58.000Z,Q3
all_weight_entries,Thundergod2007/vipragsent-vistral7b-checkpoints,model,campaigns/vipragsent-v7-6693e7e9eef08ef1/SHARD_GPU40_7B_INTEGRATION/q3_phobert_pragmatic_finetune_32_20260522/_engine_checkpoints/model/epoch_003.pt,1613241194,8a7da87b490ee825541e20dc34d9fb5bfcfc7407,10d41b6af6b3dde9412c48c2fc61dee7e31a1c99fca312cc9cc138540b51fa6e,1613241194,135,2bf592936b64fa881a09828748f788dd034c1de4768f44abf34365ed97f8583a,28d639070e743e1b2593f9c829f084e16458df08,2026-09-02T21:44:36.000Z,Q3
all_weight_entries,Thundergod2007/vipragsent-vistral7b-checkpoints,model,campaigns/vipragsent-v7-6693e7e9eef08ef1/SHARD_GPU40_7B_INTEGRATION/q3_phobert_pragmatic_finetune_32_20260522/_engine_checkpoints/model/epoch_004.pt,1613241322,9072b60d478012ad56356343b6171fdf50bc6174,3f390d062429ca3daff24320ad569ea332b37ed397ce46cfde04011b011dd26a,1613241322,135,13d022649615ca2b707adb8e3314aad3a7159c277ca8f8426877f2fcb1930c8c,ac33816c5870c73ec0a14267b5ddf29f5a69ad62,2026-09-02T23:49:20.000Z,Q3
all_weight_entries,Thundergod2007/vipragsent-vistral7b-checkpoints,model,campaigns/vipragsent-v7-6693e7e9eef08ef1/SHARD_GPU40_7B_INTEGRATION/q3_phobert_pragmatic_finetune_32_20260522/_engine_checkpoints/model/epoch_005.pt,1613241450,4409043395dbba662cdc671839ad626b0c7b853c,ce91c47ae426fb1a4aeb6471568ba0befc3c5498e940bb392434717da7d52980,1613241450,135,dcb55b3dc79747473f5bb5355bb897cadec63fe608a265241287cbb064b8fd30,ac33816c5870c73ec0a14267b5ddf29f5a69ad62,2026-09-02T23:49:20.000Z,Q3
all_weight_entries,Thundergod2007/vipragsent-vistral7b-checkpoints,model,campaigns/vipragsent-v7-6693e7e9eef08ef1/SHARD_GPU40_7B_INTEGRATION/q3_phobert_pragmatic_finetune_32_20260522/_engine_checkpoints/model/epoch_006.pt,1613241514,080d1aad867539478986556de6eefeae95415fb7,e2740b4316838948144e279bee6916f2a7f91183edf867d821a49b9e9180d86d,1613241514,135,54fcf5ce10cb04b33070ee1304cfa2750f88d4b4d5d483e5e28d01c193fbc180,ac33816c5870c73ec0a14267b5ddf29f5a69ad62,2026-09-02T23:49:20.000Z,Q3
all_weight_entries,Thundergod2007/vipragsent-vistral7b-checkpoints,model,campaigns/vipragsent-v7-6693e7e9eef08ef1/SHARD_GPU40_7B_INTEGRATION/q3_phobert_pragmatic_finetune_32_20260522/_engine_checkpoints/model/epoch_007.pt,1613241642,c81d27ca9bbb2374144361ba0ba93db11d737f7f,56985526e389ed475f9e3b1f1af84e3d5f958f1be7e64ea0274969db0ceef892,1613241642,135,8f37f7902483433848d71e58d03edc6c41625bbd73c7ac6769207e1880e2bdc8,ac33816c5870c73ec0a14267b5ddf29f5a69ad62,2026-09-02T23:49:20.000Z,Q3
all_weight_entries,Thundergod2007/vipragsent-vistral7b-checkpoints,model,campaigns/vipragsent-v7-6693e7e9eef08ef1/SHARD_GPU40_7B_INTEGRATION/q3_phobert_pragmatic_finetune_32_20260522/_engine_checkpoints/model/epoch_008.pt,1613241770,d7eaba3cc3de81bf8c9f7ef87e3bbff4cbd7cd8d,bc0fc3c70d07da672006bf4de414f9aed7d8d2ee2302ffc37d9768c5778879f1,1613241770,135,243f36d9deda2229f8eec7d2afa91170a99bc4dbb99deb45d2d834943a07006d,ac33816c5870c73ec0a14267b5ddf29f5a69ad62,2026-09-02T23:49:20.000Z,Q3
all_weight_entries,Thundergod2007/vipragsent-vistral7b-checkpoints,model,campaigns/vipragsent-v7-6693e7e9eef08ef1/SHARD_GPU40_7B_INTEGRATION/q3_phobert_pragmatic_finetune_32_20260522/_engine_checkpoints/model/epoch_009.pt,1613241834,d90e959aba858025e9ebd2e679b1e3e2711acf6d,47fb3161772108caef19fe731a6ca0d692183fd7fe5ae803c43c64d2aaa0551a,1613241834,135,32ed63b0472585c982674921780646a1be723f3423a9fad1fc1880ceb56b31e3,ac33816c5870c73ec0a14267b5ddf29f5a69ad62,2026-09-02T23:49:20.000Z,Q3
all_weight_entries,Thundergod2007/vipragsent-vistral7b-checkpoints,model,campaigns/vipragsent-v7-6693e7e9eef08ef1/SHARD_GPU40_7B_INTEGRATION/q3_phobert_pragmatic_finetune_32_20260522/_engine_checkpoints/model/epoch_010.pt,1613241962,5d31221ae00d84423cb9023c9666ed514cb58a3b,edb7f5227c00ae4ca32f00536e14d3da3af52f7602614d0bc22d66870a19da7f,1613241962,135,dd17061b627c4c687e0770b19a0f38237608a8dab553192037ce93128a7148f1,ac33816c5870c73ec0a14267b5ddf29f5a69ad62,2026-09-02T23:49:20.000Z,Q3
all_weight_entries,Thundergod2007/vipragsent-vistral7b-checkpoints,model,campaigns/vipragsent-v7-6693e7e9eef08ef1/SHARD_GPU40_7B_INTEGRATION/q3_phobert_pragmatic_finetune_32_20260522/checkpoints/best/model.pt,1613241962,5d31221ae00d84423cb9023c9666ed514cb58a3b,edb7f5227c00ae4ca32f00536e14d3da3af52f7602614d0bc22d66870a19da7f,1613241962,135,dd17061b627c4c687e0770b19a0f38237608a8dab553192037ce93128a7148f1,ac33816c5870c73ec0a14267b5ddf29f5a69ad62,2026-09-02T23:49:20.000Z,Q3
all_weight_entries,Thundergod2007/vipragsent-vistral7b-checkpoints,model,campaigns/vipragsent-v7-6693e7e9eef08ef1/SHARD_GPU40_7B_INTEGRATION/q3_phobert_pragmatic_finetune_32_20260522/checkpoints/latest/model.pt,1613241962,5d31221ae00d84423cb9023c9666ed514cb58a3b,edb7f5227c00ae4ca32f00536e14d3da3af52f7602614d0bc22d66870a19da7f,1613241962,135,dd17061b627c4c687e0770b19a0f38237608a8dab553192037ce93128a7148f1,ac33816c5870c73ec0a14267b5ddf29f5a69ad62,2026-09-02T23:49:20.000Z,Q3
all_weight_entries,Thundergod2007/vipragsent-vistral7b-checkpoints,model,campaigns/vipragsent-v7-6693e7e9eef08ef1/SHARD_GPU40_7B_INTEGRATION/q3_phobert_pragmatic_finetune_32_20260523/_engine_checkpoints/model/best.pt,1613241770,a4d733f7dba16365083d308d86275e9df1e3a8cc,19346654ebef5433b53e611490bb9d14c1f1a533cd578933e0fafe2686154420,1613241770,135,a1d1335bd1a6e7874fcc465d35d8a31b688dced912fa9797c24283f4aedea59e,79c68bc3f407ab62e4d7659be2ca4414e832ef25,2026-09-02T21:45:48.000Z,Q3
all_weight_entries,Thundergod2007/vipragsent-vistral7b-checkpoints,model,campaigns/vipragsent-v7-6693e7e9eef08ef1/SHARD_GPU40_7B_INTEGRATION/q3_phobert_pragmatic_finetune_32_20260523/_engine_checkpoints/model/epoch_001.pt,1613241002,94eb228c6a275c97d06c8db5784fa92c55da4ad5,fa70f39d76e65e1d7883a352e487575b254663c9bb4305d2a691fa186921629f,1613241002,135,50291b43d0caac1e89ecc1101666a24a9641a087baa9f642759ebe25a09f125f,dbeb0d5a2f17ee99a657eadd7f53e27ab19c0b3b,2026-09-02T21:45:55.000Z,Q3
all_weight_entries,Thundergod2007/vipragsent-vistral7b-checkpoints,model,campaigns/vipragsent-v7-6693e7e9eef08ef1/SHARD_GPU40_7B_INTEGRATION/q3_phobert_pragmatic_finetune_32_20260523/_engine_checkpoints/model/epoch_002.pt,1613241130,da0010f40a116442da4fd4b626fb1e19d167f220,abae513670fea683e019a75babeebf878c99a488dfc7a2cae4831874f22c62da,1613241130,135,0097860236521795524984e0d23d528a9cbcc05abde901b4f9f2cf74d07c5f29,8cb6d17160d832f8f2de925d2c454ea0634f8355,2026-09-02T21:46:01.000Z,Q3
all_weight_entries,Thundergod2007/vipragsent-vistral7b-checkpoints,model,campaigns/vipragsent-v7-6693e7e9eef08ef1/SHARD_GPU40_7B_INTEGRATION/q3_phobert_pragmatic_finetune_32_20260523/_engine_checkpoints/model/epoch_003.pt,1613241194,379d14d44a33b6ce34e7ffd1f8d79128589ca0e9,717b7ac81326abd5f51a5d981177f41145f960cce8c7d7abe37192c76470f2d5,1613241194,135,1e247b3b6f72af093ca66934a437cc722cf73b211363c59bbcdf5b73b471a162,f337e7f7a0701a09ee6b2d0019f9d26bc785c738,2026-09-02T21:46:07.000Z,Q3
all_weight_entries,Thundergod2007/vipragsent-vistral7b-checkpoints,model,campaigns/vipragsent-v7-6693e7e9eef08ef1/SHARD_GPU40_7B_INTEGRATION/q3_phobert_pragmatic_finetune_32_20260523/_engine_checkpoints/model/epoch_004.pt,1613241450,0c760cd831d7602a065e0a3ef2adcf919e598203,6fda319f4a5cb240083aef89ffa6d1369909eac8cbe6666d26b043d0ca8e5634,1613241450,135,c4a682a06a016526f52945bb9b87397ae951a2a6d12eca48792d970f66861fd7,77eee794ad472298a2dfa0ac7d21c3799ec8f2e6,2026-09-02T21:46:15.000Z,Q3
all_weight_entries,Thundergod2007/vipragsent-vistral7b-checkpoints,model,campaigns/vipragsent-v7-6693e7e9eef08ef1/SHARD_GPU40_7B_INTEGRATION/q3_phobert_pragmatic_finetune_32_20260523/_engine_checkpoints/model/epoch_005.pt,1613241514,030762c4b677d5184c6732007c6af16b3647ea00,c278a9040f207129a8b3550e86bfb86a5610fa6fd4c67728f58ee7900319e74c,1613241514,135,da75ff4c57d1c702604068a29713b2590a36df61b8cf0c1b49eef9b922c13311,4bf9d219e3e645e5ebc1cd67c4c26920d348cb58,2026-09-02T21:46:22.000Z,Q3
all_weight_entries,Thundergod2007/vipragsent-vistral7b-checkpoints,model,campaigns/vipragsent-v7-6693e7e9eef08ef1/SHARD_GPU40_7B_INTEGRATION/q3_phobert_pragmatic_finetune_32_20260523/_engine_checkpoints/model/epoch_006.pt,1613241642,eb59543deae0a57d437cbb7cf204e04254668c20,4c2d9a6a2e0e6bafbe93b75e91a3b6d36dd1da65b31bd007cc5fc57ee39a4c2e,1613241642,135,bbc1ef90adbfaae1acfe40daa9061220fc8978569c8d7281033eb7de76f5c62f,9623c9273b15f24f6316fa3766bd9cb081bc84cd,2026-09-02T21:46:30.000Z,Q3
all_weight_entries,Thundergod2007/vipragsent-vistral7b-checkpoints,model,campaigns/vipragsent-v7-6693e7e9eef08ef1/SHARD_GPU40_7B_INTEGRATION/q3_phobert_pragmatic_finetune_32_20260523/_engine_checkpoints/model/epoch_007.pt,1613241770,a4d733f7dba16365083d308d86275e9df1e3a8cc,19346654ebef5433b53e611490bb9d14c1f1a533cd578933e0fafe2686154420,1613241770,135,a1d1335bd1a6e7874fcc465d35d8a31b688dced912fa9797c24283f4aedea59e,71be5b5bfcb4ef8dbf451f3deb8ebdab54b99f18,2026-09-02T21:46:37.000Z,Q3
all_weight_entries,Thundergod2007/vipragsent-vistral7b-checkpoints,model,campaigns/vipragsent-v7-6693e7e9eef08ef1/SHARD_GPU40_7B_INTEGRATION/q3_phobert_pragmatic_finetune_32_20260523/_engine_checkpoints/model/epoch_008.pt,1613241834,42c66b8f9201d4cf507f2787cb73e6641d0ed6ec,d8857b672924a61cc89b9f1e2750de7d81d50575128cfffb813853295525d93d,1613241834,135,461d6aa0458dc56bdc09cc8944ce5d7e4fb90a7e0b0a029b93ecf495bbf1ab92,5a725107d357c2ccc4507cee27b81da5f1ebf87b,2026-09-02T21:46:44.000Z,Q3
all_weight_entries,Thundergod2007/vipragsent-vistral7b-checkpoints,model,campaigns/vipragsent-v7-6693e7e9eef08ef1/SHARD_GPU40_7B_INTEGRATION/q3_phobert_pragmatic_finetune_32_20260523/_engine_checkpoints/model/epoch_009.pt,1613241962,5db8bc4516b894f720ffea5f8cbedce62ca2f0e3,844c4b59c49f70234e40eea981caac28288edba546766d40afbdaa1554023afd,1613241962,135,d1e044bda8647051bf84cb209e978b4dfe4c0d328ab6b78a28b377958146fa1f,8801abc3f09238da68ef60299f778983df019796,2026-09-02T21:46:53.000Z,Q3
all_weight_entries,Thundergod2007/vipragsent-vistral7b-checkpoints,model,campaigns/vipragsent-v7-6693e7e9eef08ef1/SHARD_GPU40_7B_INTEGRATION/q3_phobert_pragmatic_finetune_32_20260523/checkpoints/best/model.pt,1613241770,a4d733f7dba16365083d308d86275e9df1e3a8cc,19346654ebef5433b53e611490bb9d14c1f1a533cd578933e0fafe2686154420,1613241770,135,a1d1335bd1a6e7874fcc465d35d8a31b688dced912fa9797c24283f4aedea59e,c4f9edfbc7354a78eeb3b1306267b2637d667b2a,2026-09-02T21:47:21.000Z,Q3
all_weight_entries,Thundergod2007/vipragsent-vistral7b-checkpoints,model,campaigns/vipragsent-v7-6693e7e9eef08ef1/SHARD_GPU40_7B_INTEGRATION/q3_phobert_pragmatic_finetune_32_20260523/checkpoints/latest/model.pt,1613241962,5db8bc4516b894f720ffea5f8cbedce62ca2f0e3,844c4b59c49f70234e40eea981caac28288edba546766d40afbdaa1554023afd,1613241962,135,d1e044bda8647051bf84cb209e978b4dfe4c0d328ab6b78a28b377958146fa1f,41ad318dfa506e73eb1e678fc2a0d4bf523e9d55,2026-09-02T21:47:30.000Z,Q3
all_weight_entries,Thundergod2007/vipragsent-vistral7b-checkpoints,model,campaigns/vipragsent-v7-6693e7e9eef08ef1/SHARD_GPU40_7B_INTEGRATION/q3_phobert_pragmatic_finetune_64_20260521/_engine_checkpoints/model/best.pt,1613241706,019ff962fbf62713866eecf234e5213224e7e9a7,195f110c6deed085f7a4d18cc5952059331780773eb38db59b3c69b679da06a6,1613241706,135,5ce8beb28dbb2caae62545a77ae51b389060655064d53e2ea63e45f757671f69,8b5913bcd15b1c7916e144df2e6386c8d7536d62,2026-09-02T21:53:23.000Z,Q3
all_weight_entries,Thundergod2007/vipragsent-vistral7b-checkpoints,model,campaigns/vipragsent-v7-6693e7e9eef08ef1/SHARD_GPU40_7B_INTEGRATION/q3_phobert_pragmatic_finetune_64_20260521/_engine_checkpoints/model/epoch_001.pt,1613240874,eb7b787dfdafb3a7d0010bde8114b1746d8c8090,50ec740d3f6bb144ff296bef879d165a0861a254243374cce8af1deb9a0ef2e1,1613240874,135,c61035cb80d57fc02d0e958025926047de0a96f12453387891d258fbce9e284d,aea0fb5008ace1efc034564db597001a49beb856,2026-09-02T21:52:15.000Z,Q3
all_weight_entries,Thundergod2007/vipragsent-vistral7b-checkpoints,model,campaigns/vipragsent-v7-6693e7e9eef08ef1/SHARD_GPU40_7B_INTEGRATION/q3_phobert_pragmatic_finetune_64_20260521/_engine_checkpoints/model/epoch_002.pt,1613241066,3610b5ae4dee38d8714b5b9bb4da6173ee8f853d,610380dd0d79171b50a25d7dfd3cfe8fd5c13ef7ff492b85a07c5ef03e1060bd,1613241066,135,006af6916c9e2dd51900f45e3260a922697579a856000b778d02cc8edf128991,f1b924994ed6d5956b8f14640173befcee5bad48,2026-09-02T21:55:54.000Z,Q3
all_weight_entries,Thundergod2007/vipragsent-vistral7b-checkpoints,model,campaigns/vipragsent-v7-6693e7e9eef08ef1/SHARD_GPU40_7B_INTEGRATION/q3_phobert_pragmatic_finetune_64_20260521/_engine_checkpoints/model/epoch_003.pt,1613241194,cf8294a49542eaeb3323b6d2c88b3e3d1ccc671f,156fea3851b367d73f28b0ce430ad3b210605cb2cd69f4badfeb4821a2a3f583,1613241194,135,1ba6a799cbe0cd970c16e1ddc29e836d549a27886176c8e1f8d96ccf0fbad665,7cb13d2f4029fd19d4423fa0705b1af994a2b9b4,2026-09-02T23:54:49.000Z,Q3
all_weight_entries,Thundergod2007/vipragsent-vistral7b-checkpoints,model,campaigns/vipragsent-v7-6693e7e9eef08ef1/SHARD_GPU40_7B_INTEGRATION/q3_phobert_pragmatic_finetune_64_20260521/_engine_checkpoints/model/epoch_004.pt,1613241322,d07d6a9c3a40a4e0bed6fa68f2849b07c5447079,cf7d2a44509eed77a67a8c239b35e8fd39fe7a7a26d46cf811dd226e7f54418c,1613241322,135,4cb7fb044a097962c043c84b16e79a6546c0e1ed19a49201bb6a82cfec30b5d5,7cb13d2f4029fd19d4423fa0705b1af994a2b9b4,2026-09-02T23:54:49.000Z,Q3
all_weight_entries,Thundergod2007/vipragsent-vistral7b-checkpoints,model,campaigns/vipragsent-v7-6693e7e9eef08ef1/SHARD_GPU40_7B_INTEGRATION/q3_phobert_pragmatic_finetune_64_20260521/_engine_checkpoints/model/epoch_005.pt,1613241386,3c3e3595d4e33ddbd857c5227b13e1041c82885a,fd0b2113c30a40844e429880e05a82a3b871dc57b78f36e50c42ef761232e3ee,1613241386,135,44917781657cdfa96b3e5eb8a579a3b5b14be2ee4f4f84e2ad37099a0b115cab,7cb13d2f4029fd19d4423fa0705b1af994a2b9b4,2026-09-02T23:54:49.000Z,Q3
all_weight_entries,Thundergod2007/vipragsent-vistral7b-checkpoints,model,campaigns/vipragsent-v7-6693e7e9eef08ef1/SHARD_GPU40_7B_INTEGRATION/q3_phobert_pragmatic_finetune_64_20260521/_engine_checkpoints/model/epoch_006.pt,1613241514,8e4229eb18863499bdabf3f25f11c98cb07f3e6e,bf6a4d0c238333614725314988488df5adfa7886f44a017257cb9a2263e932a7,1613241514,135,679ef4bef105e3729ab9a1a4122afc2c19fa3e843e49cb5ed718dda800448ad5,7cb13d2f4029fd19d4423fa0705b1af994a2b9b4,2026-09-02T23:54:49.000Z,Q3
all_weight_entries,Thundergod2007/vipragsent-vistral7b-checkpoints,model,campaigns/vipragsent-v7-6693e7e9eef08ef1/SHARD_GPU40_7B_INTEGRATION/q3_phobert_pragmatic_finetune_64_20260521/_engine_checkpoints/model/epoch_007.pt,1613241642,daf09311ed6604a8f01d507eebfee337482872bd,43c4ee8780f730cb89da99f494dc81a8e32407e0adc82b79d610003a407588ba,1613241642,135,20006a25d763773acb20f738abf5803e7ab9b279027992bdf1c7a1ea95142e11,7cb13d2f4029fd19d4423fa0705b1af994a2b9b4,2026-09-02T23:54:49.000Z,Q3
all_weight_entries,Thundergod2007/vipragsent-vistral7b-checkpoints,model,campaigns/vipragsent-v7-6693e7e9eef08ef1/SHARD_GPU40_7B_INTEGRATION/q3_phobert_pragmatic_finetune_64_20260521/_engine_checkpoints/model/epoch_008.pt,1613241706,019ff962fbf62713866eecf234e5213224e7e9a7,195f110c6deed085f7a4d18cc5952059331780773eb38db59b3c69b679da06a6,1613241706,135,5ce8beb28dbb2caae62545a77ae51b389060655064d53e2ea63e45f757671f69,7cb13d2f4029fd19d4423fa0705b1af994a2b9b4,2026-09-02T23:54:49.000Z,Q3
all_weight_entries,Thundergod2007/vipragsent-vistral7b-checkpoints,model,campaigns/vipragsent-v7-6693e7e9eef08ef1/SHARD_GPU40_7B_INTEGRATION/q3_phobert_pragmatic_finetune_64_20260521/_engine_checkpoints/model/epoch_009.pt,1613241834,e267ea8fe5e1af3da04380541e8f45e37e780cbb,6f6e1dcecf37f42b2ffb12f7a57d02d34c1b9a3f7a3fe8c40779e15ef87733bd,1613241834,135,602ff87d261bf046e36722fbd7315fd3db1af3cb53288a0f721c7bd12c5269b2,7cb13d2f4029fd19d4423fa0705b1af994a2b9b4,2026-09-02T23:54:49.000Z,Q3
all_weight_entries,Thundergod2007/vipragsent-vistral7b-checkpoints,model,campaigns/vipragsent-v7-6693e7e9eef08ef1/SHARD_GPU40_7B_INTEGRATION/q3_phobert_pragmatic_finetune_64_20260521/_engine_checkpoints/model/epoch_010.pt,1613241962,2e693b01a1d3c3b664bc1a7c670d55fa04f24406,4379b3c6024ee8b259a9ac1e510115f3673e4ca544f3410cd8325c3e2208121b,1613241962,135,1276aae84a80c470fc205573ccfccca350cc1535324654987d0f9e0e050264b2,7cb13d2f4029fd19d4423fa0705b1af994a2b9b4,2026-09-02T23:54:49.000Z,Q3
all_weight_entries,Thundergod2007/vipragsent-vistral7b-checkpoints,model,campaigns/vipragsent-v7-6693e7e9eef08ef1/SHARD_GPU40_7B_INTEGRATION/q3_phobert_pragmatic_finetune_64_20260521/checkpoints/best/model.pt,1613241706,019ff962fbf62713866eecf234e5213224e7e9a7,195f110c6deed085f7a4d18cc5952059331780773eb38db59b3c69b679da06a6,1613241706,135,5ce8beb28dbb2caae62545a77ae51b389060655064d53e2ea63e45f757671f69,7cb13d2f4029fd19d4423fa0705b1af994a2b9b4,2026-09-02T23:54:49.000Z,Q3
all_weight_entries,Thundergod2007/vipragsent-vistral7b-checkpoints,model,campaigns/vipragsent-v7-6693e7e9eef08ef1/SHARD_GPU40_7B_INTEGRATION/q3_phobert_pragmatic_finetune_64_20260521/checkpoints/latest/model.pt,1613241962,2e693b01a1d3c3b664bc1a7c670d55fa04f24406,4379b3c6024ee8b259a9ac1e510115f3673e4ca544f3410cd8325c3e2208121b,1613241962,135,1276aae84a80c470fc205573ccfccca350cc1535324654987d0f9e0e050264b2,7cb13d2f4029fd19d4423fa0705b1af994a2b9b4,2026-09-02T23:54:49.000Z,Q3
all_weight_entries,Thundergod2007/vipragsent-vistral7b-checkpoints,model,campaigns/vipragsent-v7-6693e7e9eef08ef1/SHARD_GPU40_7B_INTEGRATION/q3_phobert_pragmatic_finetune_64_20260522/_engine_checkpoints/model/best.pt,1613241770,10c7dce2233d15fe763627178d2e153f4f09b64b,4533647354fe1aecffb2f9c460d52f20fe82611c05e78a589e45b255d3a22278,1613241770,135,85a849db53fd5a2f44ef5a75a653ff246ea665ce621dd92330f17ddebf546733,a5c36585198df7548a73a7e336cfa847c72a395d,2026-09-02T22:04:14.000Z,Q3
all_weight_entries,Thundergod2007/vipragsent-vistral7b-checkpoints,model,campaigns/vipragsent-v7-6693e7e9eef08ef1/SHARD_GPU40_7B_INTEGRATION/q3_phobert_pragmatic_finetune_64_20260522/_engine_checkpoints/model/epoch_001.pt,1613241002,bca527ab333ccc549fb006c7023afbbe24276cc2,2548f540ef3795377b0ad0c6e369a21e7640a347abb879670d0f535f1a30201e,1613241002,135,21bfea512f06fe2d05be7f170506cad2eaa7b899c414ef43823efecd109c0f52,25c98800f8b3303d2c0c0992dfbd2fee31eb85b4,2026-09-02T22:00:44.000Z,Q3
all_weight_entries,Thundergod2007/vipragsent-vistral7b-checkpoints,model,campaigns/vipragsent-v7-6693e7e9eef08ef1/SHARD_GPU40_7B_INTEGRATION/q3_phobert_pragmatic_finetune_64_20260522/_engine_checkpoints/model/epoch_002.pt,1613241130,780f33ad865caafec8139ad6a331024cc026afc3,fafea38d33a37be7cf00bbafe072ad07f70ee0750f466d647170288dd7843bec,1613241130,135,9344a2d41c461a069bf8e8c8f83a8f22063fdae16e98fbe51894dea0b499cf63,497982ee4020af6715727e387b65c681c6c32215,2026-09-02T22:03:28.000Z,Q3
all_weight_entries,Thundergod2007/vipragsent-vistral7b-checkpoints,model,campaigns/vipragsent-v7-6693e7e9eef08ef1/SHARD_GPU40_7B_INTEGRATION/q3_phobert_pragmatic_finetune_64_20260522/_engine_checkpoints/model/epoch_003.pt,1613241194,d373b74b076e645bba34415c6c16b54f04d0c09b,bb0b4a2d8149b9ea2b4b06a65f6b8ed3a870b599e70e169d35b152277b28730b,1613241194,135,ed4b2f32a9350a1f07e91f1d08f3795750e743a2dc58da5334e2fb1d9e9b6a48,6c4055ef7f80b51fd2e671a4e8e5d52e51af3337,2026-09-02T23:58:58.000Z,Q3
all_weight_entries,Thundergod2007/vipragsent-vistral7b-checkpoints,model,campaigns/vipragsent-v7-6693e7e9eef08ef1/SHARD_GPU40_7B_INTEGRATION/q3_phobert_pragmatic_finetune_64_20260522/_engine_checkpoints/model/epoch_004.pt,1613241322,2bb88fbb4f76f1488799819243fd89958d49c3fc,706f0e7cf2cc6e1d56644a0bd2cd2adacab22d31fc766c5db25e78b87ccc992a,1613241322,135,73551f212980ad606363860e2c9c7b6035867918d8a92cac60bcb45d98778707,6c4055ef7f80b51fd2e671a4e8e5d52e51af3337,2026-09-02T23:58:58.000Z,Q3
all_weight_entries,Thundergod2007/vipragsent-vistral7b-checkpoints,model,campaigns/vipragsent-v7-6693e7e9eef08ef1/SHARD_GPU40_7B_INTEGRATION/q3_phobert_pragmatic_finetune_64_20260522/_engine_checkpoints/model/epoch_005.pt,1613241450,86685b32afdd6a1504935fbc94b5d668837ecf94,6409fcdb44127e7431782739eebc1fc0d822b00a9aaf79eaa8d7d627bcac444c,1613241450,135,71a03779a29a1c9526d9104fb93289ddb5cfc2511eaafb17550446ece1aa284c,6c4055ef7f80b51fd2e671a4e8e5d52e51af3337,2026-09-02T23:58:58.000Z,Q3
all_weight_entries,Thundergod2007/vipragsent-vistral7b-checkpoints,model,campaigns/vipragsent-v7-6693e7e9eef08ef1/SHARD_GPU40_7B_INTEGRATION/q3_phobert_pragmatic_finetune_64_20260522/_engine_checkpoints/model/epoch_006.pt,1613241514,c63453529d4c1823afe97e1c503c18ab9c88bf13,c96a576e57dfe40c6d929be94fa7a8b78ca2cbb7173bc2a3e5b5f80fe22c708e,1613241514,135,a2c9f8cc718e850b9c3e3838fec6f18eb6a68b8cef85114ca7213f9ecbf8704e,6c4055ef7f80b51fd2e671a4e8e5d52e51af3337,2026-09-02T23:58:58.000Z,Q3
all_weight_entries,Thundergod2007/vipragsent-vistral7b-checkpoints,model,campaigns/vipragsent-v7-6693e7e9eef08ef1/SHARD_GPU40_7B_INTEGRATION/q3_phobert_pragmatic_finetune_64_20260522/_engine_checkpoints/model/epoch_007.pt,1613241642,32f9306cdbd68ffec66f6aab3768ead2f4037102,44cb6240a55cbae0b7facc2764baa343f9c32d828cc33a314c1bdddc9bdc3684,1613241642,135,433fb70c2b743e835b50d51e8edbfcd418c61b76055560117e564c2e97972b2e,6c4055ef7f80b51fd2e671a4e8e5d52e51af3337,2026-09-02T23:58:58.000Z,Q3
all_weight_entries,Thundergod2007/vipragsent-vistral7b-checkpoints,model,campaigns/vipragsent-v7-6693e7e9eef08ef1/SHARD_GPU40_7B_INTEGRATION/q3_phobert_pragmatic_finetune_64_20260522/_engine_checkpoints/model/epoch_008.pt,1613241770,10c7dce2233d15fe763627178d2e153f4f09b64b,4533647354fe1aecffb2f9c460d52f20fe82611c05e78a589e45b255d3a22278,1613241770,135,85a849db53fd5a2f44ef5a75a653ff246ea665ce621dd92330f17ddebf546733,6c4055ef7f80b51fd2e671a4e8e5d52e51af3337,2026-09-02T23:58:58.000Z,Q3
all_weight_entries,Thundergod2007/vipragsent-vistral7b-checkpoints,model,campaigns/vipragsent-v7-6693e7e9eef08ef1/SHARD_GPU40_7B_INTEGRATION/q3_phobert_pragmatic_finetune_64_20260522/_engine_checkpoints/model/epoch_009.pt,1613241834,dc0641b1936cebe847a663f6d0e93dd6a7803d12,fd1be470cee1f6365b4602289de08cb0fab821e81a6f0259e47c2eb951d1d694,1613241834,135,2f651cd19df442cba7ea0856f12ef98276eb3c7c29cf4a2033571ed97347f2b6,6c4055ef7f80b51fd2e671a4e8e5d52e51af3337,2026-09-02T23:58:58.000Z,Q3
all_weight_entries,Thundergod2007/vipragsent-vistral7b-checkpoints,model,campaigns/vipragsent-v7-6693e7e9eef08ef1/SHARD_GPU40_7B_INTEGRATION/q3_phobert_pragmatic_finetune_64_20260522/_engine_checkpoints/model/epoch_010.pt,1613241962,dd7974f4bd83243446c86f4abc3bb491fe6032b4,69bb401ce717516cafc013e22b92b3d807877f63214256c6d78ca7c89c9593b5,1613241962,135,f48dcc012278a6654aab037558cc020d7e2a8e2746464954b6bdaccda160bb2b,6c4055ef7f80b51fd2e671a4e8e5d52e51af3337,2026-09-02T23:58:58.000Z,Q3
all_weight_entries,Thundergod2007/vipragsent-vistral7b-checkpoints,model,campaigns/vipragsent-v7-6693e7e9eef08ef1/SHARD_GPU40_7B_INTEGRATION/q3_phobert_pragmatic_finetune_64_20260522/checkpoints/best/model.pt,1613241770,10c7dce2233d15fe763627178d2e153f4f09b64b,4533647354fe1aecffb2f9c460d52f20fe82611c05e78a589e45b255d3a22278,1613241770,135,85a849db53fd5a2f44ef5a75a653ff246ea665ce621dd92330f17ddebf546733,6c4055ef7f80b51fd2e671a4e8e5d52e51af3337,2026-09-02T23:58:58.000Z,Q3
all_weight_entries,Thundergod2007/vipragsent-vistral7b-checkpoints,model,campaigns/vipragsent-v7-6693e7e9eef08ef1/SHARD_GPU40_7B_INTEGRATION/q3_phobert_pragmatic_finetune_64_20260522/checkpoints/latest/model.pt,1613241962,dd7974f4bd83243446c86f4abc3bb491fe6032b4,69bb401ce717516cafc013e22b92b3d807877f63214256c6d78ca7c89c9593b5,1613241962,135,f48dcc012278a6654aab037558cc020d7e2a8e2746464954b6bdaccda160bb2b,6c4055ef7f80b51fd2e671a4e8e5d52e51af3337,2026-09-02T23:58:58.000Z,Q3
all_weight_entries,Thundergod2007/vipragsent-vistral7b-checkpoints,model,campaigns/vipragsent-v7-6693e7e9eef08ef1/SHARD_GPU40_7B_INTEGRATION/q3_phobert_pragmatic_finetune_64_20260523/_engine_checkpoints/model/best.pt,1613241002,bd01a4e83612173843f784172d754761cf9d8310,1d74919beb651faf3c172da99cd6494a8660232d20e84111cc51711bd1f945e4,1613241002,135,58d5a2ebf8740788e97f2f467ccfbf3877fac744b027df9b81d66a65110c0ba6,14df0b079cc4f8d5512be1adae3103b09a02e521,2026-09-02T22:07:23.000Z,Q3
all_weight_entries,Thundergod2007/vipragsent-vistral7b-checkpoints,model,campaigns/vipragsent-v7-6693e7e9eef08ef1/SHARD_GPU40_7B_INTEGRATION/q3_phobert_pragmatic_finetune_64_20260523/_engine_checkpoints/model/epoch_001.pt,1613241002,bd01a4e83612173843f784172d754761cf9d8310,1d74919beb651faf3c172da99cd6494a8660232d20e84111cc51711bd1f945e4,1613241002,135,58d5a2ebf8740788e97f2f467ccfbf3877fac744b027df9b81d66a65110c0ba6,5dbb04440dc301e5bec9d77e16700dfba9a7dd31,2026-09-02T22:07:30.000Z,Q3
all_weight_entries,Thundergod2007/vipragsent-vistral7b-checkpoints,model,campaigns/vipragsent-v7-6693e7e9eef08ef1/SHARD_GPU40_7B_INTEGRATION/q3_phobert_pragmatic_finetune_64_20260523/_engine_checkpoints/model/epoch_002.pt,1613241130,17cc72627d8cc340569106d1f03c5c5ae1d41ddf,c0d245b1611e554e0e623cc304898d80ab1163b9250d82805369788d96605ebc,1613241130,135,ae9e9114e8890ab0ba835e54bfe1ef59df5d136481ee0324813b5b39821062fd,553c57b5a1ad8dc7080bf18ad2c5a2ef90671c9c,2026-09-02T22:08:08.000Z,Q3
all_weight_entries,Thundergod2007/vipragsent-vistral7b-checkpoints,model,campaigns/vipragsent-v7-6693e7e9eef08ef1/SHARD_GPU40_7B_INTEGRATION/q3_phobert_pragmatic_finetune_64_20260523/_engine_checkpoints/model/epoch_003.pt,1613241194,3b8df61ecd43211a44b1b0b82c783d16c098dd62,1ad8c521ed22fba64ee193c284ecbfb537926f098db6622c7ad43adfdb09886d,1613241194,135,c0c41e6ecfe91dd1cd16c03e24038bc08bf893b41d4a0b04926d2ef46d8ef1ed,af2b329ad6e13caac3d2a62ac459ba95cb1df0fb,2026-09-02T22:08:49.000Z,Q3
all_weight_entries,Thundergod2007/vipragsent-vistral7b-checkpoints,model,campaigns/vipragsent-v7-6693e7e9eef08ef1/SHARD_GPU40_7B_INTEGRATION/q3_phobert_pragmatic_finetune_64_20260523/checkpoints/best/model.pt,1613241002,bd01a4e83612173843f784172d754761cf9d8310,1d74919beb651faf3c172da99cd6494a8660232d20e84111cc51711bd1f945e4,1613241002,135,58d5a2ebf8740788e97f2f467ccfbf3877fac744b027df9b81d66a65110c0ba6,b9351436d45aefa00c1e4b5243dfcf6561682e43,2026-09-02T22:11:12.000Z,Q3
all_weight_entries,Thundergod2007/vipragsent-vistral7b-checkpoints,model,campaigns/vipragsent-v7-6693e7e9eef08ef1/SHARD_GPU40_7B_INTEGRATION/q3_phobert_pragmatic_finetune_64_20260523/checkpoints/latest/model.pt,1613241194,3b8df61ecd43211a44b1b0b82c783d16c098dd62,1ad8c521ed22fba64ee193c284ecbfb537926f098db6622c7ad43adfdb09886d,1613241194,135,c0c41e6ecfe91dd1cd16c03e24038bc08bf893b41d4a0b04926d2ef46d8ef1ed,0160097a6a0da674d570cb2834fbff7d6bd70e07,2026-09-02T22:11:21.000Z,Q3
all_weight_entries,Thundergod2007/vipragsent-vistral7b-checkpoints,model,campaigns/vipragsent-v7-6693e7e9eef08ef1/SHARD_GPU40_7B_INTEGRATION/q3_vistral_pragmatic_sft_128_20260521/_engine_checkpoints/model/best.pt,4313875610,e3c5dfb5cd330d1d1a2efa5f5bb452caf0f5b0c3,d4f59812c265c173e6c957fc4b2873582fa097bfffc80988f29ae3f5f7284357,4313875610,135,2904e2bd7230c8000cea219ebc7ed589b53faefc11ab451da8b164c95420bd90,4c5545e56ce1f318b5e35a542c0da472e30662d0,2026-09-02T10:00:35.000Z,Q3
all_weight_entries,Thundergod2007/vipragsent-vistral7b-checkpoints,model,campaigns/vipragsent-v7-6693e7e9eef08ef1/SHARD_GPU40_7B_INTEGRATION/q3_vistral_pragmatic_sft_128_20260521/_engine_checkpoints/model/epoch_001.pt,4313875482,1d415ebf6d95700feed487c9d92a8e6b5e619965,ae9e7e4c550e86de552c86f82640ea21d81a148174c90f3bef9aeb4edf7a0b04,4313875482,135,7a98c4118fc598976a866dab762d0dca3ed3c44eda9b7700e9f557001584fd31,edd63ce2e96e746bf39554c795a9248952049d1d,2026-09-02T09:32:29.000Z,Q3
all_weight_entries,Thundergod2007/vipragsent-vistral7b-checkpoints,model,campaigns/vipragsent-v7-6693e7e9eef08ef1/SHARD_GPU40_7B_INTEGRATION/q3_vistral_pragmatic_sft_128_20260521/_engine_checkpoints/model/epoch_002.pt,4313875610,e3c5dfb5cd330d1d1a2efa5f5bb452caf0f5b0c3,d4f59812c265c173e6c957fc4b2873582fa097bfffc80988f29ae3f5f7284357,4313875610,135,2904e2bd7230c8000cea219ebc7ed589b53faefc11ab451da8b164c95420bd90,011c0a2d81d783b7dec084050ce41d644dad4c2f,2026-09-02T10:00:47.000Z,Q3
all_weight_entries,Thundergod2007/vipragsent-vistral7b-checkpoints,model,campaigns/vipragsent-v7-6693e7e9eef08ef1/SHARD_GPU40_7B_INTEGRATION/q3_vistral_pragmatic_sft_128_20260521/_engine_checkpoints/model/epoch_003.pt,4313875674,89a1a82d6c2b114dfef3800fc38903dbdcd01ff6,875973a96d019d5f71f145bb6af0bf60deb92b95d1b7f4d694ee1eebd225ccb3,4313875674,135,9ee267723e5ce7b8a2573290e3561816aaebf743572b17b34c66693826ec0abe,1ecbfc8f1847bd9f61efe7c06581c8161eabf3fd,2026-09-02T10:25:07.000Z,Q3
all_weight_entries,Thundergod2007/vipragsent-vistral7b-checkpoints,model,campaigns/vipragsent-v7-6693e7e9eef08ef1/SHARD_GPU40_7B_INTEGRATION/q3_vistral_pragmatic_sft_128_20260521/checkpoints/best/model.pt,4313875610,e3c5dfb5cd330d1d1a2efa5f5bb452caf0f5b0c3,d4f59812c265c173e6c957fc4b2873582fa097bfffc80988f29ae3f5f7284357,4313875610,135,2904e2bd7230c8000cea219ebc7ed589b53faefc11ab451da8b164c95420bd90,1edfd2b634cf8da6213e7814a1ddb0fc1c7089d2,2026-09-02T10:29:06.000Z,Q3
all_weight_entries,Thundergod2007/vipragsent-vistral7b-checkpoints,model,campaigns/vipragsent-v7-6693e7e9eef08ef1/SHARD_GPU40_7B_INTEGRATION/q3_vistral_pragmatic_sft_128_20260521/checkpoints/latest/model.pt,4313875674,89a1a82d6c2b114dfef3800fc38903dbdcd01ff6,875973a96d019d5f71f145bb6af0bf60deb92b95d1b7f4d694ee1eebd225ccb3,4313875674,135,9ee267723e5ce7b8a2573290e3561816aaebf743572b17b34c66693826ec0abe,425c833545b02b96621cd2eadb16b8b0eb678bbf,2026-09-02T10:29:17.000Z,Q3
all_weight_entries,Thundergod2007/vipragsent-vistral7b-checkpoints,model,campaigns/vipragsent-v7-6693e7e9eef08ef1/SHARD_GPU40_7B_INTEGRATION/q3_vistral_pragmatic_sft_128_20260522/_engine_checkpoints/model/best.pt,4313875674,e2d8d244925726da06ac6123fb41bb5f42ae4e9b,06bac83f03b63f03e87d781701dd043ef9909a864d250327422c0ea6dadd5abe,4313875674,135,9b0adf899fec218aa064c634c92f76d4e15ba1cbed2c6a003b58266b9dfdbeee,d6a6daf9f88d8b23fe5e192d934435a2bb54fde5,2026-09-02T11:20:44.000Z,Q3
all_weight_entries,Thundergod2007/vipragsent-vistral7b-checkpoints,model,campaigns/vipragsent-v7-6693e7e9eef08ef1/SHARD_GPU40_7B_INTEGRATION/q3_vistral_pragmatic_sft_128_20260522/_engine_checkpoints/model/epoch_001.pt,4313875610,e9a0a97a993c24d1d32cbda23b1e9159b0361f32,50fc0069a273f0524ed996089c579725e9a2ac9c47ab234864b4fcf4d2c7861a,4313875610,135,b7d6bb8f1e10bcfcdc3604d638966a9abe67a17411cdd374f9d08abea9335810,24106436f8de3a3e1a554db7d858ea2a7bfe9e91,2026-09-02T10:58:55.000Z,Q3
all_weight_entries,Thundergod2007/vipragsent-vistral7b-checkpoints,model,campaigns/vipragsent-v7-6693e7e9eef08ef1/SHARD_GPU40_7B_INTEGRATION/q3_vistral_pragmatic_sft_128_20260522/_engine_checkpoints/model/epoch_002.pt,4313875674,e2d8d244925726da06ac6123fb41bb5f42ae4e9b,06bac83f03b63f03e87d781701dd043ef9909a864d250327422c0ea6dadd5abe,4313875674,135,9b0adf899fec218aa064c634c92f76d4e15ba1cbed2c6a003b58266b9dfdbeee,a1e48a160fbfa60015467324d4d9e8109b5f04f1,2026-09-02T11:20:57.000Z,Q3
all_weight_entries,Thundergod2007/vipragsent-vistral7b-checkpoints,model,campaigns/vipragsent-v7-6693e7e9eef08ef1/SHARD_GPU40_7B_INTEGRATION/q3_vistral_pragmatic_sft_128_20260522/_engine_checkpoints/model/epoch_003.pt,4313875802,3f159a91e0f688cbc3a5ef2595d69b541c14f1d3,75bcdb799850c5c84fd4196298283ffaae326251e91ce1d3460a6716fe302e6f,4313875802,135,de41e8249f6575ac8f7dd738a5027142f0f9edc476b3a958ce990c4118788799,fd485e9c1206a3bc4409d74148d9677b33f3a809,2026-09-02T11:44:03.000Z,Q3
all_weight_entries,Thundergod2007/vipragsent-vistral7b-checkpoints,model,campaigns/vipragsent-v7-6693e7e9eef08ef1/SHARD_GPU40_7B_INTEGRATION/q3_vistral_pragmatic_sft_128_20260522/checkpoints/best/model.pt,4313875674,e2d8d244925726da06ac6123fb41bb5f42ae4e9b,06bac83f03b63f03e87d781701dd043ef9909a864d250327422c0ea6dadd5abe,4313875674,135,9b0adf899fec218aa064c634c92f76d4e15ba1cbed2c6a003b58266b9dfdbeee,2da48ab1a1045072c790b35ca0665344c9dd406f,2026-09-02T11:47:59.000Z,Q3
all_weight_entries,Thundergod2007/vipragsent-vistral7b-checkpoints,model,campaigns/vipragsent-v7-6693e7e9eef08ef1/SHARD_GPU40_7B_INTEGRATION/q3_vistral_pragmatic_sft_128_20260522/checkpoints/latest/model.pt,4313875802,3f159a91e0f688cbc3a5ef2595d69b541c14f1d3,75bcdb799850c5c84fd4196298283ffaae326251e91ce1d3460a6716fe302e6f,4313875802,135,de41e8249f6575ac8f7dd738a5027142f0f9edc476b3a958ce990c4118788799,5534b69ee7cf4dc3dd1c72149a8f54463499d302,2026-09-02T11:48:11.000Z,Q3
all_weight_entries,Thundergod2007/vipragsent-vistral7b-checkpoints,model,campaigns/vipragsent-v7-6693e7e9eef08ef1/SHARD_GPU40_7B_INTEGRATION/q3_vistral_pragmatic_sft_128_20260523/_engine_checkpoints/model/best.pt,4313875738,7c0956def81d289bcffc357811081f4a70758624,869f8607d03ac0cc768e82cb9c5683183f232a8802fb374cc1ed1c3395b44da0,4313875738,135,c9e119da8ebb18cb6b8a405b38873736f21c7342207bc6ebb2a6452835c81c20,e842d19bc4e15d2955472997c8b1d53efdfe73c0,2026-09-02T12:40:06.000Z,Q3
all_weight_entries,Thundergod2007/vipragsent-vistral7b-checkpoints,model,campaigns/vipragsent-v7-6693e7e9eef08ef1/SHARD_GPU40_7B_INTEGRATION/q3_vistral_pragmatic_sft_128_20260523/_engine_checkpoints/model/epoch_001.pt,4313875610,0978dfe3bcd10bbc70aadd7878d72873cd40ab4d,571bb157a8a887a1c14531ddba542a4391f435a2f4ef390089be57e185349b1a,4313875610,135,6469fee626461477241d6a9eef18cfb9ba5504cb031fb50a63c1bc350bfee914,02094bf5af2cf9f5cbfd797aefe8009aa8d1f720,2026-09-02T12:17:32.000Z,Q3
all_weight_entries,Thundergod2007/vipragsent-vistral7b-checkpoints,model,campaigns/vipragsent-v7-6693e7e9eef08ef1/SHARD_GPU40_7B_INTEGRATION/q3_vistral_pragmatic_sft_128_20260523/_engine_checkpoints/model/epoch_002.pt,4313875738,7c0956def81d289bcffc357811081f4a70758624,869f8607d03ac0cc768e82cb9c5683183f232a8802fb374cc1ed1c3395b44da0,4313875738,135,c9e119da8ebb18cb6b8a405b38873736f21c7342207bc6ebb2a6452835c81c20,d67ab0c00ba91be401771381a981d92b264ba4c6,2026-09-02T12:40:17.000Z,Q3
all_weight_entries,Thundergod2007/vipragsent-vistral7b-checkpoints,model,campaigns/vipragsent-v7-6693e7e9eef08ef1/SHARD_GPU40_7B_INTEGRATION/q3_vistral_pragmatic_sft_128_20260523/_engine_checkpoints/model/epoch_003.pt,4313875802,3b441e07fad0975dda3cacc8611deda18a8bd22d,05c5ef84f3bc912218c7e6db84a4c205fb8a86e95d79767819c5e7b9c0bbfc56,4313875802,135,a05c4b3849bb0701afbfba632a6fd86568e9163e9346a1f0ff6877d9d5e8c2c2,56ace215824848da8f5a8ba575af9eb62f21ac57,2026-09-02T13:03:23.000Z,Q3
all_weight_entries,Thundergod2007/vipragsent-vistral7b-checkpoints,model,campaigns/vipragsent-v7-6693e7e9eef08ef1/SHARD_GPU40_7B_INTEGRATION/q3_vistral_pragmatic_sft_128_20260523/checkpoints/best/model.pt,4313875738,7c0956def81d289bcffc357811081f4a70758624,869f8607d03ac0cc768e82cb9c5683183f232a8802fb374cc1ed1c3395b44da0,4313875738,135,c9e119da8ebb18cb6b8a405b38873736f21c7342207bc6ebb2a6452835c81c20,d4e53d1ce1d92e6d23ea21b6baf2b1ee5b363a98,2026-09-02T13:07:15.000Z,Q3
all_weight_entries,Thundergod2007/vipragsent-vistral7b-checkpoints,model,campaigns/vipragsent-v7-6693e7e9eef08ef1/SHARD_GPU40_7B_INTEGRATION/q3_vistral_pragmatic_sft_128_20260523/checkpoints/latest/model.pt,4313875802,3b441e07fad0975dda3cacc8611deda18a8bd22d,05c5ef84f3bc912218c7e6db84a4c205fb8a86e95d79767819c5e7b9c0bbfc56,4313875802,135,a05c4b3849bb0701afbfba632a6fd86568e9163e9346a1f0ff6877d9d5e8c2c2,34346c371048edba1f47742850b8a60717a2130c,2026-09-02T13:08:04.000Z,Q3
all_weight_entries,Thundergod2007/vipragsent-vistral7b-checkpoints,model,campaigns/vipragsent-v7-6693e7e9eef08ef1/SHARD_GPU40_7B_INTEGRATION/q3_vistral_pragmatic_sft_256_20260521/_engine_checkpoints/model/best.pt,4313875674,e64bcd22798f6e1ff506b036367ece5b1dd7ec69,2fff522f68b88d95abe99f453bd46837f26c74ab3443822c10766af11d3fee32,4313875674,135,6fae71b2a85b2233df130af94f8fc47a38b08f4065c3c6009ebb275dd136fd79,11114a2aa98079bd63973cf05319f2ab2a206cbd,2026-09-02T14:30:12.000Z,Q3
all_weight_entries,Thundergod2007/vipragsent-vistral7b-checkpoints,model,campaigns/vipragsent-v7-6693e7e9eef08ef1/SHARD_GPU40_7B_INTEGRATION/q3_vistral_pragmatic_sft_256_20260521/_engine_checkpoints/model/epoch_001.pt,4313875482,f10f18bc4c95077bd013a09bfcc1aafb5f5098b3,a96d9311fa42a859c159599eb1897d9462142e7e19bdb4caf17ec53097330dda,4313875482,135,91661c410e2174cf5554c45fdce048896c1e45cbd7b0ee8e71f3d05b48cd7dba,27803c02b9155d427074fab3ddcc62bd6ef74ef1,2026-09-02T13:38:03.000Z,Q3
all_weight_entries,Thundergod2007/vipragsent-vistral7b-checkpoints,model,campaigns/vipragsent-v7-6693e7e9eef08ef1/SHARD_GPU40_7B_INTEGRATION/q3_vistral_pragmatic_sft_256_20260521/_engine_checkpoints/model/epoch_002.pt,4313875610,11c7326e77fedbf12821d7c9f28ab6e9c64c9325,25292e9bdea1d6dc5d1ce86fee45071d3a6ec9f8ce3eedb5d581b0f51749898f,4313875610,135,4a7e0fb060894c12f4a80496e95eba686d2902fdedd4ed705f568095430f4962,87576e7a3f105119fc5274e4e9d214e481958aaf,2026-09-02T14:03:21.000Z,Q3
all_weight_entries,Thundergod2007/vipragsent-vistral7b-checkpoints,model,campaigns/vipragsent-v7-6693e7e9eef08ef1/SHARD_GPU40_7B_INTEGRATION/q3_vistral_pragmatic_sft_256_20260521/_engine_checkpoints/model/epoch_003.pt,4313875674,e64bcd22798f6e1ff506b036367ece5b1dd7ec69,2fff522f68b88d95abe99f453bd46837f26c74ab3443822c10766af11d3fee32,4313875674,135,6fae71b2a85b2233df130af94f8fc47a38b08f4065c3c6009ebb275dd136fd79,fa580558103723d709c8620f4826c679bc995d40,2026-09-02T14:30:39.000Z,Q3
all_weight_entries,Thundergod2007/vipragsent-vistral7b-checkpoints,model,campaigns/vipragsent-v7-6693e7e9eef08ef1/SHARD_GPU40_7B_INTEGRATION/q3_vistral_pragmatic_sft_256_20260521/checkpoints/best/model.pt,4313875674,e64bcd22798f6e1ff506b036367ece5b1dd7ec69,2fff522f68b88d95abe99f453bd46837f26c74ab3443822c10766af11d3fee32,4313875674,135,6fae71b2a85b2233df130af94f8fc47a38b08f4065c3c6009ebb275dd136fd79,ac2a1520fe1ff6ab03fd851ed3492754c2e3a4dd,2026-09-02T14:34:33.000Z,Q3
all_weight_entries,Thundergod2007/vipragsent-vistral7b-checkpoints,model,campaigns/vipragsent-v7-6693e7e9eef08ef1/SHARD_GPU40_7B_INTEGRATION/q3_vistral_pragmatic_sft_256_20260521/checkpoints/latest/model.pt,4313875674,e64bcd22798f6e1ff506b036367ece5b1dd7ec69,2fff522f68b88d95abe99f453bd46837f26c74ab3443822c10766af11d3fee32,4313875674,135,6fae71b2a85b2233df130af94f8fc47a38b08f4065c3c6009ebb275dd136fd79,13a93d64365bcf3b65d24e6b43a3abcdad02886b,2026-09-02T14:34:45.000Z,Q3
all_weight_entries,Thundergod2007/vipragsent-vistral7b-checkpoints,model,campaigns/vipragsent-v7-6693e7e9eef08ef1/SHARD_GPU40_7B_INTEGRATION/q3_vistral_pragmatic_sft_256_20260522/_engine_checkpoints/model/best.pt,4313875674,708a0012b062dfad40632d8e2b806110df41d55b,63aee3d3591ef8a007b6f92601f5c76d969ffa2fe40695ea7a2a532844793e3a,4313875674,135,d48823d1cea7316d043adacd80f34e70cf871faff5a9e2330a141155321fde8c,eed69865297352f1cd519fc1753d297e349b3961,2026-09-02T15:26:50.000Z,Q3
all_weight_entries,Thundergod2007/vipragsent-vistral7b-checkpoints,model,campaigns/vipragsent-v7-6693e7e9eef08ef1/SHARD_GPU40_7B_INTEGRATION/q3_vistral_pragmatic_sft_256_20260522/_engine_checkpoints/model/epoch_001.pt,4313875610,618fac4148af93936c0404ea0ccda1f0b006e66b,4570166145014310f36c36cda66eacdcd0d7b4e725f2de869e1df95c1def86a0,4313875610,135,0c1b3f04483771a8df14d7e64e33b6d494416e0c37701e6e7fac28e7fc48732b,18c93ca93b49244de217505ba7a5f861e0b52d5e,2026-09-02T15:05:15.000Z,Q3
all_weight_entries,Thundergod2007/vipragsent-vistral7b-checkpoints,model,campaigns/vipragsent-v7-6693e7e9eef08ef1/SHARD_GPU40_7B_INTEGRATION/q3_vistral_pragmatic_sft_256_20260522/_engine_checkpoints/model/epoch_002.pt,4313875674,708a0012b062dfad40632d8e2b806110df41d55b,63aee3d3591ef8a007b6f92601f5c76d969ffa2fe40695ea7a2a532844793e3a,4313875674,135,d48823d1cea7316d043adacd80f34e70cf871faff5a9e2330a141155321fde8c,0bcb36816b6924dc3e46250e7ee548c8719dfb4a,2026-09-02T15:27:03.000Z,Q3
all_weight_entries,Thundergod2007/vipragsent-vistral7b-checkpoints,model,campaigns/vipragsent-v7-6693e7e9eef08ef1/SHARD_GPU40_7B_INTEGRATION/q3_vistral_pragmatic_sft_256_20260522/_engine_checkpoints/model/epoch_003.pt,4313875802,683b4696cf3ffdc8da805a77bd36fda4b55d02a5,3ac0c6f8d1ca80bc64da8d560d6bd9a7583fdf493863e04146c78fdfb82102f1,4313875802,135,0c8804d6570469c7b397a9b675c45e3e43f7b9ccf92355325abc2f9dfc0688fb,78e11f3eaba3929cf3b46389da913ab410f6462b,2026-09-02T15:49:52.000Z,Q3
all_weight_entries,Thundergod2007/vipragsent-vistral7b-checkpoints,model,campaigns/vipragsent-v7-6693e7e9eef08ef1/SHARD_GPU40_7B_INTEGRATION/q3_vistral_pragmatic_sft_256_20260522/checkpoints/best/model.pt,4313875674,708a0012b062dfad40632d8e2b806110df41d55b,63aee3d3591ef8a007b6f92601f5c76d969ffa2fe40695ea7a2a532844793e3a,4313875674,135,d48823d1cea7316d043adacd80f34e70cf871faff5a9e2330a141155321fde8c,68b36e98102a9d15f10eec040fdb4688024d69ef,2026-09-02T15:53:49.000Z,Q3
all_weight_entries,Thundergod2007/vipragsent-vistral7b-checkpoints,model,campaigns/vipragsent-v7-6693e7e9eef08ef1/SHARD_GPU40_7B_INTEGRATION/q3_vistral_pragmatic_sft_256_20260522/checkpoints/latest/model.pt,4313875802,683b4696cf3ffdc8da805a77bd36fda4b55d02a5,3ac0c6f8d1ca80bc64da8d560d6bd9a7583fdf493863e04146c78fdfb82102f1,4313875802,135,0c8804d6570469c7b397a9b675c45e3e43f7b9ccf92355325abc2f9dfc0688fb,5f003d6e108cb35f649d9c6b315e83f4d0205faf,2026-09-02T15:54:00.000Z,Q3
all_weight_entries,Thundergod2007/vipragsent-vistral7b-checkpoints,model,campaigns/vipragsent-v7-6693e7e9eef08ef1/SHARD_GPU40_7B_INTEGRATION/q3_vistral_pragmatic_sft_256_20260523/_engine_checkpoints/model/best.pt,4313875802,fbbb23f1a50e1fc94dcc745b0286ff74aeafaf2a,7f866fef2ceb53796976bd3f4bc6dbf4e9127604945df0f42f9542d8a9288084,4313875802,135,d14f63625397d681b2c76d38363c3418141527ac085748bbe663a9b477540e4a,f9ad32cf12d8331b7c3aeae90de59a4d14e230ab,2026-09-02T17:08:15.000Z,Q3
all_weight_entries,Thundergod2007/vipragsent-vistral7b-checkpoints,model,campaigns/vipragsent-v7-6693e7e9eef08ef1/SHARD_GPU40_7B_INTEGRATION/q3_vistral_pragmatic_sft_256_20260523/_engine_checkpoints/model/epoch_001.pt,4313875610,6a45309a9339f72a70bfd97dc949bfd80f063d92,304da2d478f05529a24a33e80754c3b6a6c6ac769a0ad7bdc046ff2d5558f02d,4313875610,135,28bec851ae18f227274a19a16ad3d2ad1ad3e3528fa165b2d860091f33b419a4,3ca7dc4609dc2aef4b5f4dc67b53b84119a51ab7,2026-09-02T16:21:08.000Z,Q3
all_weight_entries,Thundergod2007/vipragsent-vistral7b-checkpoints,model,campaigns/vipragsent-v7-6693e7e9eef08ef1/SHARD_GPU40_7B_INTEGRATION/q3_vistral_pragmatic_sft_256_20260523/_engine_checkpoints/model/epoch_002.pt,4313875738,8b4813bec803481af191351ba9f356d1824dba85,f7aeb284c3995b3278aa9cf27301e4e21c64d5d4bff67375b4e34b31b5c3a631,4313875738,135,fc539ef8ff79468e6f17ab89f95a849216fcca6199781e7ed08dc4d31a630df2,f89b2eb4a6bb98c090f20f01cb686f4a754bfc5c,2026-09-02T16:44:13.000Z,Q3
all_weight_entries,Thundergod2007/vipragsent-vistral7b-checkpoints,model,campaigns/vipragsent-v7-6693e7e9eef08ef1/SHARD_GPU40_7B_INTEGRATION/q3_vistral_pragmatic_sft_256_20260523/_engine_checkpoints/model/epoch_003.pt,4313875802,fbbb23f1a50e1fc94dcc745b0286ff74aeafaf2a,7f866fef2ceb53796976bd3f4bc6dbf4e9127604945df0f42f9542d8a9288084,4313875802,135,d14f63625397d681b2c76d38363c3418141527ac085748bbe663a9b477540e4a,0d12cdae6b7753b1397c721e05419ef7e7fdd4d1,2026-09-02T17:08:44.000Z,Q3
all_weight_entries,Thundergod2007/vipragsent-vistral7b-checkpoints,model,campaigns/vipragsent-v7-6693e7e9eef08ef1/SHARD_GPU40_7B_INTEGRATION/q3_vistral_pragmatic_sft_256_20260523/checkpoints/best/model.pt,4313875802,fbbb23f1a50e1fc94dcc745b0286ff74aeafaf2a,7f866fef2ceb53796976bd3f4bc6dbf4e9127604945df0f42f9542d8a9288084,4313875802,135,d14f63625397d681b2c76d38363c3418141527ac085748bbe663a9b477540e4a,7c736265bcc39de4b6886fc7f807491571febf33,2026-09-02T17:12:33.000Z,Q3
all_weight_entries,Thundergod2007/vipragsent-vistral7b-checkpoints,model,campaigns/vipragsent-v7-6693e7e9eef08ef1/SHARD_GPU40_7B_INTEGRATION/q3_vistral_pragmatic_sft_256_20260523/checkpoints/latest/model.pt,4313875802,fbbb23f1a50e1fc94dcc745b0286ff74aeafaf2a,7f866fef2ceb53796976bd3f4bc6dbf4e9127604945df0f42f9542d8a9288084,4313875802,135,d14f63625397d681b2c76d38363c3418141527ac085748bbe663a9b477540e4a,3e6305c000808f484932305821e1e6f04370bded,2026-09-02T17:13:20.000Z,Q3
all_weight_entries,Thundergod2007/vipragsent-vistral7b-checkpoints,model,campaigns/vipragsent-v7-6693e7e9eef08ef1/SHARD_GPU40_7B_INTEGRATION/q3_vistral_pragmatic_sft_32_20260521/_engine_checkpoints/model/best.pt,4313875610,1e27487e1b603b799b2ce8f65aac98bdf6c2d069,3b75e6e4d304a39bc168601c32ee0936b2a29460eea7bdf575a2df02133a0e8c,4313875610,135,5f93258ed250e8997df4e59835b3887ec4950df291665f177d9b060660bd2153,2cbde272352a0bb7eaec8d884759929374978f84,2026-08-29T03:16:33.000Z,Q3
all_weight_entries,Thundergod2007/vipragsent-vistral7b-checkpoints,model,campaigns/vipragsent-v7-6693e7e9eef08ef1/SHARD_GPU40_7B_INTEGRATION/q3_vistral_pragmatic_sft_32_20260521/_engine_checkpoints/model/epoch_001.pt,4313875482,b39c6ae172e3de99811bc4003777215cd604dae8,3e7aa98e372b1d785337b3eac6f4536cac85a4859dcc74f1a78550e73b7ad80a,4313875482,135,11aaab4deb4fd51d442e796893a634458dde530d44917052f9193cdee84ac380,4942a7bd90fcdf6a1aeb7aa39306fb097d63642c,2026-08-29T03:16:41.000Z,Q3
all_weight_entries,Thundergod2007/vipragsent-vistral7b-checkpoints,model,campaigns/vipragsent-v7-6693e7e9eef08ef1/SHARD_GPU40_7B_INTEGRATION/q3_vistral_pragmatic_sft_32_20260521/_engine_checkpoints/model/epoch_002.pt,4313875610,1e27487e1b603b799b2ce8f65aac98bdf6c2d069,3b75e6e4d304a39bc168601c32ee0936b2a29460eea7bdf575a2df02133a0e8c,4313875610,135,5f93258ed250e8997df4e59835b3887ec4950df291665f177d9b060660bd2153,a0c106364c80444ca1c7a6e2fe3a1bc4944ce1ea,2026-08-29T03:16:49.000Z,Q3
all_weight_entries,Thundergod2007/vipragsent-vistral7b-checkpoints,model,campaigns/vipragsent-v7-6693e7e9eef08ef1/SHARD_GPU40_7B_INTEGRATION/q3_vistral_pragmatic_sft_32_20260521/_engine_checkpoints/model/epoch_003.pt,4313875674,948b2e97c209559da8e868a4e4c39e7826217db8,61bd6073a6530fb37b80f368ba9cb7f71237f53927b7f29dafa07a83e72a2750,4313875674,135,75030dd89f0b3ac2acbc57ca06155dafa5d8c31efbb430da41805a9bc640817f,5d8aebc8d1f53159d74c834e34b6be956bc45ee3,2026-08-29T03:17:03.000Z,Q3
all_weight_entries,Thundergod2007/vipragsent-vistral7b-checkpoints,model,campaigns/vipragsent-v7-6693e7e9eef08ef1/SHARD_GPU40_7B_INTEGRATION/q3_vistral_pragmatic_sft_32_20260521/checkpoints/best/model.pt,4313875610,1e27487e1b603b799b2ce8f65aac98bdf6c2d069,3b75e6e4d304a39bc168601c32ee0936b2a29460eea7bdf575a2df02133a0e8c,4313875610,135,5f93258ed250e8997df4e59835b3887ec4950df291665f177d9b060660bd2153,baa03f7e6d5ebdc6ab72abfacd3744fdf7aab73d,2026-08-29T03:17:10.000Z,Q3
all_weight_entries,Thundergod2007/vipragsent-vistral7b-checkpoints,model,campaigns/vipragsent-v7-6693e7e9eef08ef1/SHARD_GPU40_7B_INTEGRATION/q3_vistral_pragmatic_sft_32_20260521/checkpoints/latest/model.pt,4313875674,948b2e97c209559da8e868a4e4c39e7826217db8,61bd6073a6530fb37b80f368ba9cb7f71237f53927b7f29dafa07a83e72a2750,4313875674,135,75030dd89f0b3ac2acbc57ca06155dafa5d8c31efbb430da41805a9bc640817f,4ba950a23302e639845e8579fba2757cd41a2e0a,2026-08-29T03:17:18.000Z,Q3
all_weight_entries,Thundergod2007/vipragsent-vistral7b-checkpoints,model,campaigns/vipragsent-v7-6693e7e9eef08ef1/SHARD_GPU40_7B_INTEGRATION/q3_vistral_pragmatic_sft_32_20260522/_engine_checkpoints/model/best.pt,4313875674,f0b929fe1ec8ddb97465c09ca14e2d0111479a4c,f7068753a9b9fbc1eb9c47dbee4f72f9c32dae399147cbbf11249aa557fb5085,4313875674,135,e2b2ef9ff8d9bf778f8f572c2ae5079387fff570a6199b46441bc79742cf8ebf,645e3cb9d630270605ef071347afb5dc007105fb,2026-09-02T01:49:44.000Z,Q3
all_weight_entries,Thundergod2007/vipragsent-vistral7b-checkpoints,model,campaigns/vipragsent-v7-6693e7e9eef08ef1/SHARD_GPU40_7B_INTEGRATION/q3_vistral_pragmatic_sft_32_20260522/_engine_checkpoints/model/epoch_001.pt,4313875610,ff3d2627ebbfade14e67b39249a44ad09623c032,7711a0db9f653b0079c7d4820777f4190ab223fdc0f8bd78954856861334392e,4313875610,135,558c79ef4fed3d80bc240b7c22e52d63584931b1bd5fb402d19dd300f93ce5b9,0bb60cd0ccd3b8a4cd406b0f7c73dcb472eef36a,2026-09-02T01:28:29.000Z,Q3
all_weight_entries,Thundergod2007/vipragsent-vistral7b-checkpoints,model,campaigns/vipragsent-v7-6693e7e9eef08ef1/SHARD_GPU40_7B_INTEGRATION/q3_vistral_pragmatic_sft_32_20260522/_engine_checkpoints/model/epoch_002.pt,4313875674,f0b929fe1ec8ddb97465c09ca14e2d0111479a4c,f7068753a9b9fbc1eb9c47dbee4f72f9c32dae399147cbbf11249aa557fb5085,4313875674,135,e2b2ef9ff8d9bf778f8f572c2ae5079387fff570a6199b46441bc79742cf8ebf,142c2425fd517f6d6274199338dd2905418df5cd,2026-09-02T01:49:58.000Z,Q3
all_weight_entries,Thundergod2007/vipragsent-vistral7b-checkpoints,model,campaigns/vipragsent-v7-6693e7e9eef08ef1/SHARD_GPU40_7B_INTEGRATION/q3_vistral_pragmatic_sft_32_20260522/_engine_checkpoints/model/epoch_003.pt,4313875802,6ebf55a891adeff7c6b1b98b4f9356502faf55c1,f78202d73a399a38cc071a95a6b8214e6f32250511c0912ad868f0b4ed86acde,4313875802,135,e1beeb6979e4bcedf106f2705e4b1da3b4278d9c8b091c0d8dfe64712ed1743d,4b8e63cd3d3d5ce1cfecbb8462ea48acbccf7397,2026-09-02T02:18:45.000Z,Q3
all_weight_entries,Thundergod2007/vipragsent-vistral7b-checkpoints,model,campaigns/vipragsent-v7-6693e7e9eef08ef1/SHARD_GPU40_7B_INTEGRATION/q3_vistral_pragmatic_sft_32_20260522/checkpoints/best/model.pt,4313875674,f0b929fe1ec8ddb97465c09ca14e2d0111479a4c,f7068753a9b9fbc1eb9c47dbee4f72f9c32dae399147cbbf11249aa557fb5085,4313875674,135,e2b2ef9ff8d9bf778f8f572c2ae5079387fff570a6199b46441bc79742cf8ebf,7ad29ba7f61ae25a10586fc0b274f5f32941eac4,2026-09-02T02:22:53.000Z,Q3
all_weight_entries,Thundergod2007/vipragsent-vistral7b-checkpoints,model,campaigns/vipragsent-v7-6693e7e9eef08ef1/SHARD_GPU40_7B_INTEGRATION/q3_vistral_pragmatic_sft_32_20260522/checkpoints/latest/model.pt,4313875802,6ebf55a891adeff7c6b1b98b4f9356502faf55c1,f78202d73a399a38cc071a95a6b8214e6f32250511c0912ad868f0b4ed86acde,4313875802,135,e1beeb6979e4bcedf106f2705e4b1da3b4278d9c8b091c0d8dfe64712ed1743d,7b195ec6292cd8e032cb55f525ccbc7c663fc39d,2026-09-02T02:23:46.000Z,Q3
all_weight_entries,Thundergod2007/vipragsent-vistral7b-checkpoints,model,campaigns/vipragsent-v7-6693e7e9eef08ef1/SHARD_GPU40_7B_INTEGRATION/q3_vistral_pragmatic_sft_32_20260523/_engine_checkpoints/model/best.pt,4313875738,58ca47bb32174747550edc276da539a9c7ba59aa,9dc68ab7f4792d91a05a09c9312d5d9cc157426a27735502341c62b2939b46da,4313875738,135,e09f268a17c3c46ff839e906c8b43e4aad273692cb895d680d1382d2a2acecea,7ab61debcaeadcd2bedf1e076226dbe5954d471f,2026-09-02T03:42:53.000Z,Q3
all_weight_entries,Thundergod2007/vipragsent-vistral7b-checkpoints,model,campaigns/vipragsent-v7-6693e7e9eef08ef1/SHARD_GPU40_7B_INTEGRATION/q3_vistral_pragmatic_sft_32_20260523/_engine_checkpoints/model/epoch_001.pt,4313875610,7c78c52f3f30228e17947af718661776738f0c96,470ae0f9bdf053a2a471b67322d69fd07c014a964b3e081a4997944699a1d35f,4313875610,135,46c11aacf906b78dbe3e5e08c2ba5bc40c4506331115f58f9ca0835fac783924,380a6a487232925e8489bc7dcf8b123fd4a4f645,2026-09-02T03:13:56.000Z,Q3
all_weight_entries,Thundergod2007/vipragsent-vistral7b-checkpoints,model,campaigns/vipragsent-v7-6693e7e9eef08ef1/SHARD_GPU40_7B_INTEGRATION/q3_vistral_pragmatic_sft_32_20260523/_engine_checkpoints/model/epoch_002.pt,4313875738,58ca47bb32174747550edc276da539a9c7ba59aa,9dc68ab7f4792d91a05a09c9312d5d9cc157426a27735502341c62b2939b46da,4313875738,135,e09f268a17c3c46ff839e906c8b43e4aad273692cb895d680d1382d2a2acecea,e982fcd581c75f85d7b0e46ad0e775f6367a0922,2026-09-02T03:43:08.000Z,Q3
all_weight_entries,Thundergod2007/vipragsent-vistral7b-checkpoints,model,campaigns/vipragsent-v7-6693e7e9eef08ef1/SHARD_GPU40_7B_INTEGRATION/q3_vistral_pragmatic_sft_32_20260523/_engine_checkpoints/model/epoch_003.pt,4313875802,d5285af23ecdb375f129516ea7f4c4fccc1e0a49,0d5b3f3c7d488b64437a68fcdf69b44c73fe3ea0d4bb916d496a7fbacf10b543,4313875802,135,cbb957bc638a74aaf6fee7d1a1ecbe04733051deb533df930a0bcb46dadd1c1f,2e5e75273a69a80af34d3acc9c0c0d492529f467,2026-09-02T04:10:50.000Z,Q3
all_weight_entries,Thundergod2007/vipragsent-vistral7b-checkpoints,model,campaigns/vipragsent-v7-6693e7e9eef08ef1/SHARD_GPU40_7B_INTEGRATION/q3_vistral_pragmatic_sft_32_20260523/checkpoints/best/model.pt,4313875738,58ca47bb32174747550edc276da539a9c7ba59aa,9dc68ab7f4792d91a05a09c9312d5d9cc157426a27735502341c62b2939b46da,4313875738,135,e09f268a17c3c46ff839e906c8b43e4aad273692cb895d680d1382d2a2acecea,3559e400136084b65fc20747a56eb2aa1710878e,2026-09-02T04:15:00.000Z,Q3
all_weight_entries,Thundergod2007/vipragsent-vistral7b-checkpoints,model,campaigns/vipragsent-v7-6693e7e9eef08ef1/SHARD_GPU40_7B_INTEGRATION/q3_vistral_pragmatic_sft_32_20260523/checkpoints/latest/model.pt,4313875802,d5285af23ecdb375f129516ea7f4c4fccc1e0a49,0d5b3f3c7d488b64437a68fcdf69b44c73fe3ea0d4bb916d496a7fbacf10b543,4313875802,135,cbb957bc638a74aaf6fee7d1a1ecbe04733051deb533df930a0bcb46dadd1c1f,097b986995f72ea381b399f4dc820b49d7c75474,2026-09-02T04:15:13.000Z,Q3
all_weight_entries,Thundergod2007/vipragsent-vistral7b-checkpoints,model,campaigns/vipragsent-v7-6693e7e9eef08ef1/SHARD_GPU40_7B_INTEGRATION/q3_vistral_pragmatic_sft_512_20260521/_engine_checkpoints/model/best.pt,4313875674,08e7a2f110dd4dabafa7511c9ada58dae6e0465f,1d9a7deac46cba7f191897af82bce7ae68c77c0808f435a7c15caeb492c82fb5,4313875674,135,bb440f3e84822755ddb62f9ea0427359d71ed1d58f5f8be2bcd7b1633f27e480,6a247a92cc5fb1e91137b84c913cfe856fdf8dd3,2026-09-02T18:28:56.000Z,Q3
all_weight_entries,Thundergod2007/vipragsent-vistral7b-checkpoints,model,campaigns/vipragsent-v7-6693e7e9eef08ef1/SHARD_GPU40_7B_INTEGRATION/q3_vistral_pragmatic_sft_512_20260521/_engine_checkpoints/model/epoch_001.pt,4313875482,6b7cb3f159ea745bfd99e9cc822e75a61b7f65a7,6510aabb1771f49acc82d8a491b52f7cb434351d1b7cc479bdfd445f83a56de7,4313875482,135,0e6bdfb58aaa10162f2cead02a46e238dbbfd15c8e58b670eda66e941da55f60,396c987d752a03d8b8be8370d7fbf1a9704d1945,2026-09-02T17:43:05.000Z,Q3
all_weight_entries,Thundergod2007/vipragsent-vistral7b-checkpoints,model,campaigns/vipragsent-v7-6693e7e9eef08ef1/SHARD_GPU40_7B_INTEGRATION/q3_vistral_pragmatic_sft_512_20260521/_engine_checkpoints/model/epoch_002.pt,4313875610,54acdde7031cb647f4744eea279a3e7b02300028,d4bbc37fd0745c6d2ff9c746690f4a10f7b406e4449cc4e430db416b7040803a,4313875610,135,b6e375e959399cf28cedefe129dbd68563146d6e2509ffce6c1af7c9d2838992,d45ddaf004095ced521ff996ad9aa1918f56fde9,2026-09-02T18:06:08.000Z,Q3
all_weight_entries,Thundergod2007/vipragsent-vistral7b-checkpoints,model,campaigns/vipragsent-v7-6693e7e9eef08ef1/SHARD_GPU40_7B_INTEGRATION/q3_vistral_pragmatic_sft_512_20260521/_engine_checkpoints/model/epoch_003.pt,4313875674,08e7a2f110dd4dabafa7511c9ada58dae6e0465f,1d9a7deac46cba7f191897af82bce7ae68c77c0808f435a7c15caeb492c82fb5,4313875674,135,bb440f3e84822755ddb62f9ea0427359d71ed1d58f5f8be2bcd7b1633f27e480,a87f050f7799e470f22ffa4aab4b5ad5762a827e,2026-09-02T18:29:09.000Z,Q3
all_weight_entries,Thundergod2007/vipragsent-vistral7b-checkpoints,model,campaigns/vipragsent-v7-6693e7e9eef08ef1/SHARD_GPU40_7B_INTEGRATION/q3_vistral_pragmatic_sft_512_20260521/checkpoints/best/model.pt,4313875674,08e7a2f110dd4dabafa7511c9ada58dae6e0465f,1d9a7deac46cba7f191897af82bce7ae68c77c0808f435a7c15caeb492c82fb5,4313875674,135,bb440f3e84822755ddb62f9ea0427359d71ed1d58f5f8be2bcd7b1633f27e480,b6a9706fc5b9404e4ff15ab716e7d746a583c266,2026-09-02T18:32:51.000Z,Q3
all_weight_entries,Thundergod2007/vipragsent-vistral7b-checkpoints,model,campaigns/vipragsent-v7-6693e7e9eef08ef1/SHARD_GPU40_7B_INTEGRATION/q3_vistral_pragmatic_sft_512_20260521/checkpoints/latest/model.pt,4313875674,08e7a2f110dd4dabafa7511c9ada58dae6e0465f,1d9a7deac46cba7f191897af82bce7ae68c77c0808f435a7c15caeb492c82fb5,4313875674,135,bb440f3e84822755ddb62f9ea0427359d71ed1d58f5f8be2bcd7b1633f27e480,bae70688f79b9326d7af0c91c584cdb517add67a,2026-09-02T18:33:07.000Z,Q3
all_weight_entries,Thundergod2007/vipragsent-vistral7b-checkpoints,model,campaigns/vipragsent-v7-6693e7e9eef08ef1/SHARD_GPU40_7B_INTEGRATION/q3_vistral_pragmatic_sft_512_20260522/_engine_checkpoints/model/best.pt,4313875674,56723b9dccffe0fbd9a35b2b9c735f62b3822cda,8a9d2055cbd0c00ba22639e189c7b818b86f9502149472d2e3f6872ca5c2c9fe,4313875674,135,4330f709878d004aa48ae2034c633ed984f76ec107f6c7d592ef21d0a0598c44,e475275e4b789339813f779d92cbe0452cae2eab,2026-09-02T19:27:33.000Z,Q3
all_weight_entries,Thundergod2007/vipragsent-vistral7b-checkpoints,model,campaigns/vipragsent-v7-6693e7e9eef08ef1/SHARD_GPU40_7B_INTEGRATION/q3_vistral_pragmatic_sft_512_20260522/_engine_checkpoints/model/epoch_001.pt,4313875610,3ca4f7bfa95931138431836f58a4ed6ad907e326,4ecd382bc8e8b4c8ac243de74945687f7c49adad50e9dd560bbced535cbcfe73,4313875610,135,8cc057fd43003b7de3ddda4de48a995e0d14abecce9a7e2969f59a97242bc175,0984d76ce948e6ca5cf3b393515d22ec5eab0d32,2026-09-02T19:04:10.000Z,Q3
all_weight_entries,Thundergod2007/vipragsent-vistral7b-checkpoints,model,campaigns/vipragsent-v7-6693e7e9eef08ef1/SHARD_GPU40_7B_INTEGRATION/q3_vistral_pragmatic_sft_512_20260522/_engine_checkpoints/model/epoch_002.pt,4313875674,56723b9dccffe0fbd9a35b2b9c735f62b3822cda,8a9d2055cbd0c00ba22639e189c7b818b86f9502149472d2e3f6872ca5c2c9fe,4313875674,135,4330f709878d004aa48ae2034c633ed984f76ec107f6c7d592ef21d0a0598c44,14406763215b70aa77f124fb83bf53a7fc5f961e,2026-09-02T19:27:48.000Z,Q3
all_weight_entries,Thundergod2007/vipragsent-vistral7b-checkpoints,model,campaigns/vipragsent-v7-6693e7e9eef08ef1/SHARD_GPU40_7B_INTEGRATION/q3_vistral_pragmatic_sft_512_20260522/_engine_checkpoints/model/epoch_003.pt,4313875802,cc84e6745a48e119951690c477f658c4194c49ef,0d00c8fcd72b3091f97606b907ed7149f4be553c85c0b0b41c0b622b49ac1b63,4313875802,135,77b4b762f7b6f843ef5e803407ea44db56e70f89f5d09ee25f8592cbae911523,740c147322a3ec7fa9b648190ccb63536138e53c,2026-09-02T19:50:22.000Z,Q3
all_weight_entries,Thundergod2007/vipragsent-vistral7b-checkpoints,model,campaigns/vipragsent-v7-6693e7e9eef08ef1/SHARD_GPU40_7B_INTEGRATION/q3_vistral_pragmatic_sft_512_20260522/checkpoints/best/model.pt,4313875674,56723b9dccffe0fbd9a35b2b9c735f62b3822cda,8a9d2055cbd0c00ba22639e189c7b818b86f9502149472d2e3f6872ca5c2c9fe,4313875674,135,4330f709878d004aa48ae2034c633ed984f76ec107f6c7d592ef21d0a0598c44,27ecd2e67b9953af11b50a4a29e362d272ad05bb,2026-09-02T19:54:00.000Z,Q3
all_weight_entries,Thundergod2007/vipragsent-vistral7b-checkpoints,model,campaigns/vipragsent-v7-6693e7e9eef08ef1/SHARD_GPU40_7B_INTEGRATION/q3_vistral_pragmatic_sft_512_20260522/checkpoints/latest/model.pt,4313875802,cc84e6745a48e119951690c477f658c4194c49ef,0d00c8fcd72b3091f97606b907ed7149f4be553c85c0b0b41c0b622b49ac1b63,4313875802,135,77b4b762f7b6f843ef5e803407ea44db56e70f89f5d09ee25f8592cbae911523,84360523323d15ed1910027cc590d5f749cb19b2,2026-09-02T19:54:11.000Z,Q3
all_weight_entries,Thundergod2007/vipragsent-vistral7b-checkpoints,model,campaigns/vipragsent-v7-6693e7e9eef08ef1/SHARD_GPU40_7B_INTEGRATION/q3_vistral_pragmatic_sft_512_20260523/_engine_checkpoints/model/best.pt,4313875738,f2505ca3b50818062749fe2ef8499b1b56a88f6b,c3083a8c7e25f7df956f33163e0d1e33fd494945d037105e0b97cb777b69498b,4313875738,135,8bd1be807da401e3757bd77f7e7e4a9c79616ba0d12c856d0a86a7e01e126b7b,339213f5ca850425c9e00595e8726be931cefee0,2026-09-02T20:47:09.000Z,Q3
all_weight_entries,Thundergod2007/vipragsent-vistral7b-checkpoints,model,campaigns/vipragsent-v7-6693e7e9eef08ef1/SHARD_GPU40_7B_INTEGRATION/q3_vistral_pragmatic_sft_512_20260523/_engine_checkpoints/model/epoch_001.pt,4313875610,83b2828841fc1a78127cde42cb6077e37106285e,06a3c881c34183d5404e875907b00bcfd45fc856a810ae1f10f48ff0d6d629bd,4313875610,135,9d0748c00e2c8d3131e182d59a9ca5d2773729757f59455640248333db9340e6,5a91913ab55505f2cf22b69b06f7d9a1989862f7,2026-09-02T20:23:47.000Z,Q3
all_weight_entries,Thundergod2007/vipragsent-vistral7b-checkpoints,model,campaigns/vipragsent-v7-6693e7e9eef08ef1/SHARD_GPU40_7B_INTEGRATION/q3_vistral_pragmatic_sft_512_20260523/_engine_checkpoints/model/epoch_002.pt,4313875738,f2505ca3b50818062749fe2ef8499b1b56a88f6b,c3083a8c7e25f7df956f33163e0d1e33fd494945d037105e0b97cb777b69498b,4313875738,135,8bd1be807da401e3757bd77f7e7e4a9c79616ba0d12c856d0a86a7e01e126b7b,28578a69e3a2784634fc3788334a1250488eb04f,2026-09-02T20:47:36.000Z,Q3
all_weight_entries,Thundergod2007/vipragsent-vistral7b-checkpoints,model,campaigns/vipragsent-v7-6693e7e9eef08ef1/SHARD_GPU40_7B_INTEGRATION/q3_vistral_pragmatic_sft_512_20260523/_engine_checkpoints/model/epoch_003.pt,4313875802,61096907c43ceb47eef15bf6daf694a02a81810c,98e0a46d8313d63e37dcdfc9f8f4a46afefbf5b268f4253382fc83c195566339,4313875802,135,78d10b3643fde9780205b390067d6774521ebc0c62a2ce597ca6219cf8132551,40b23612219e72f350a200c8ffde7864ada23026,2026-09-02T21:11:25.000Z,Q3
all_weight_entries,Thundergod2007/vipragsent-vistral7b-checkpoints,model,campaigns/vipragsent-v7-6693e7e9eef08ef1/SHARD_GPU40_7B_INTEGRATION/q3_vistral_pragmatic_sft_512_20260523/checkpoints/best/model.pt,4313875738,f2505ca3b50818062749fe2ef8499b1b56a88f6b,c3083a8c7e25f7df956f33163e0d1e33fd494945d037105e0b97cb777b69498b,4313875738,135,8bd1be807da401e3757bd77f7e7e4a9c79616ba0d12c856d0a86a7e01e126b7b,34eac0059c3e0f82f886834008e57db633238cfa,2026-09-02T21:15:17.000Z,Q3
all_weight_entries,Thundergod2007/vipragsent-vistral7b-checkpoints,model,campaigns/vipragsent-v7-6693e7e9eef08ef1/SHARD_GPU40_7B_INTEGRATION/q3_vistral_pragmatic_sft_512_20260523/checkpoints/latest/model.pt,4313875802,61096907c43ceb47eef15bf6daf694a02a81810c,98e0a46d8313d63e37dcdfc9f8f4a46afefbf5b268f4253382fc83c195566339,4313875802,135,78d10b3643fde9780205b390067d6774521ebc0c62a2ce597ca6219cf8132551,6d9ac2c27a3c29aa32d693db50f8cbba63b3f998,2026-09-02T21:16:07.000Z,Q3
all_weight_entries,Thundergod2007/vipragsent-vistral7b-checkpoints,model,campaigns/vipragsent-v7-6693e7e9eef08ef1/SHARD_GPU40_7B_INTEGRATION/q3_vistral_pragmatic_sft_64_20260521/_engine_checkpoints/model/best.pt,4313875610,3216b88a7942a7341c17c8ec8d7e266a9d862128,190fb21712e30021994bbc616f9f2e1f411171dd8a1a50f80ccc99559c7c908e,4313875610,135,62cef56ce8219b1fce2f6bc5da8ee1048d31071bed80d2c9eb55572d1334cc7c,a02915284b49ce949cbfbc8053c3be88422c273b,2026-09-02T05:26:43.000Z,Q3
all_weight_entries,Thundergod2007/vipragsent-vistral7b-checkpoints,model,campaigns/vipragsent-v7-6693e7e9eef08ef1/SHARD_GPU40_7B_INTEGRATION/q3_vistral_pragmatic_sft_64_20260521/_engine_checkpoints/model/epoch_001.pt,4313875482,90ea469827ae983f5d8a42c1e29a796dc64975da,16a8e9a8934981f56410207d8b14e13fec089a806124c27e042b4a101a89371b,4313875482,135,b1dd3ae602c522b0011bef09c0a0cee12c7302c0672ee7707d56fcffa9cc855f,c9875dfba027bfb8610e24d0c664bced17a8fbde,2026-09-02T04:55:50.000Z,Q3
all_weight_entries,Thundergod2007/vipragsent-vistral7b-checkpoints,model,campaigns/vipragsent-v7-6693e7e9eef08ef1/SHARD_GPU40_7B_INTEGRATION/q3_vistral_pragmatic_sft_64_20260521/_engine_checkpoints/model/epoch_002.pt,4313875610,3216b88a7942a7341c17c8ec8d7e266a9d862128,190fb21712e30021994bbc616f9f2e1f411171dd8a1a50f80ccc99559c7c908e,4313875610,135,62cef56ce8219b1fce2f6bc5da8ee1048d31071bed80d2c9eb55572d1334cc7c,5b2e3bc34a1588ff4912dd344899acea1773094e,2026-09-02T05:26:59.000Z,Q3
all_weight_entries,Thundergod2007/vipragsent-vistral7b-checkpoints,model,campaigns/vipragsent-v7-6693e7e9eef08ef1/SHARD_GPU40_7B_INTEGRATION/q3_vistral_pragmatic_sft_64_20260521/_engine_checkpoints/model/epoch_003.pt,4313875674,9f3f0818516a8ae55c8c1f7766046f052102623f,f89181bb7a19b16d8bf37828aede8ea270110d99b7e3add0c2f7ce6a27522c3d,4313875674,135,d5dcbbbaf1dbc3b6f685769e2845a0b5c8436ae6de6c6a15c09038d9405f2b01,7e005f81a7222cd23c65f70ab8f48635d1302100,2026-09-02T05:58:27.000Z,Q3
all_weight_entries,Thundergod2007/vipragsent-vistral7b-checkpoints,model,campaigns/vipragsent-v7-6693e7e9eef08ef1/SHARD_GPU40_7B_INTEGRATION/q3_vistral_pragmatic_sft_64_20260521/checkpoints/best/model.pt,4313875610,3216b88a7942a7341c17c8ec8d7e266a9d862128,190fb21712e30021994bbc616f9f2e1f411171dd8a1a50f80ccc99559c7c908e,4313875610,135,62cef56ce8219b1fce2f6bc5da8ee1048d31071bed80d2c9eb55572d1334cc7c,dd8f09cd020696c6a604f9214510b2eadd8ddb5c,2026-09-02T06:03:09.000Z,Q3
all_weight_entries,Thundergod2007/vipragsent-vistral7b-checkpoints,model,campaigns/vipragsent-v7-6693e7e9eef08ef1/SHARD_GPU40_7B_INTEGRATION/q3_vistral_pragmatic_sft_64_20260521/checkpoints/latest/model.pt,4313875674,9f3f0818516a8ae55c8c1f7766046f052102623f,f89181bb7a19b16d8bf37828aede8ea270110d99b7e3add0c2f7ce6a27522c3d,4313875674,135,d5dcbbbaf1dbc3b6f685769e2845a0b5c8436ae6de6c6a15c09038d9405f2b01,064a8ee825a37da0e2188f46ff5464f5aa037da2,2026-09-02T06:03:21.000Z,Q3
all_weight_entries,Thundergod2007/vipragsent-vistral7b-checkpoints,model,campaigns/vipragsent-v7-6693e7e9eef08ef1/SHARD_GPU40_7B_INTEGRATION/q3_vistral_pragmatic_sft_64_20260522/_engine_checkpoints/model/best.pt,4313875674,b09b9eafa6b5a39eb24fe5b47711dfcebc6347e9,94adf26ee79ee4af57390f2e14177666cbfc627e47852c015cabdc335a2bf974,4313875674,135,059b52bb589bb592a5ed38eb68c0314bcb006c8d442ecc14bd5bdfd657bcac59,2bde0e22af09c978fbe759074b13d33118197518,2026-09-02T07:00:21.000Z,Q3
all_weight_entries,Thundergod2007/vipragsent-vistral7b-checkpoints,model,campaigns/vipragsent-v7-6693e7e9eef08ef1/SHARD_GPU40_7B_INTEGRATION/q3_vistral_pragmatic_sft_64_20260522/_engine_checkpoints/model/epoch_001.pt,4313875610,5c99591b2e0887d429b1b1c88ffc5fe8ea82ed6a,3bf0cfa225a7319330fa192fac8981298e9f74bd07f02ddb6005dbf8c812a74b,4313875610,135,64f152967f9bc22545c80463e6c30965b946d40f6abddada3806de925f47d534,b5b80de9dd5142cc5dda5497e17c211f9a3515ea,2026-09-02T06:36:45.000Z,Q3
all_weight_entries,Thundergod2007/vipragsent-vistral7b-checkpoints,model,campaigns/vipragsent-v7-6693e7e9eef08ef1/SHARD_GPU40_7B_INTEGRATION/q3_vistral_pragmatic_sft_64_20260522/_engine_checkpoints/model/epoch_002.pt,4313875674,b09b9eafa6b5a39eb24fe5b47711dfcebc6347e9,94adf26ee79ee4af57390f2e14177666cbfc627e47852c015cabdc335a2bf974,4313875674,135,059b52bb589bb592a5ed38eb68c0314bcb006c8d442ecc14bd5bdfd657bcac59,d4edd92bf2530b1e1ff2d670ae9af76712a53251,2026-09-02T07:00:50.000Z,Q3
all_weight_entries,Thundergod2007/vipragsent-vistral7b-checkpoints,model,campaigns/vipragsent-v7-6693e7e9eef08ef1/SHARD_GPU40_7B_INTEGRATION/q3_vistral_pragmatic_sft_64_20260522/_engine_checkpoints/model/epoch_003.pt,4313875802,5be2126ae10bfa003e2b5d883a0ecb8c58ecfa14,41c1cb55edb2cd4141e2c87a60d8a6bbf3831cfde63e450bd9ce641d8df190e1,4313875802,135,faca24645d44fe5078f331a2a030437efb2e803c47825f2c6cd8a649adf1af81,fb3b525ff36182ac6ac449b931720ee0b158f793,2026-09-02T07:25:13.000Z,Q3
all_weight_entries,Thundergod2007/vipragsent-vistral7b-checkpoints,model,campaigns/vipragsent-v7-6693e7e9eef08ef1/SHARD_GPU40_7B_INTEGRATION/q3_vistral_pragmatic_sft_64_20260522/checkpoints/best/model.pt,4313875674,b09b9eafa6b5a39eb24fe5b47711dfcebc6347e9,94adf26ee79ee4af57390f2e14177666cbfc627e47852c015cabdc335a2bf974,4313875674,135,059b52bb589bb592a5ed38eb68c0314bcb006c8d442ecc14bd5bdfd657bcac59,edf39f48d14bcc492dda98d5ce16404f40649d04,2026-09-02T07:29:06.000Z,Q3
all_weight_entries,Thundergod2007/vipragsent-vistral7b-checkpoints,model,campaigns/vipragsent-v7-6693e7e9eef08ef1/SHARD_GPU40_7B_INTEGRATION/q3_vistral_pragmatic_sft_64_20260522/checkpoints/latest/model.pt,4313875802,5be2126ae10bfa003e2b5d883a0ecb8c58ecfa14,41c1cb55edb2cd4141e2c87a60d8a6bbf3831cfde63e450bd9ce641d8df190e1,4313875802,135,faca24645d44fe5078f331a2a030437efb2e803c47825f2c6cd8a649adf1af81,201823fe42af7f60948ba4cd492438fb9f5365f9,2026-09-02T07:29:16.000Z,Q3
all_weight_entries,Thundergod2007/vipragsent-vistral7b-checkpoints,model,campaigns/vipragsent-v7-6693e7e9eef08ef1/SHARD_GPU40_7B_INTEGRATION/q3_vistral_pragmatic_sft_64_20260523/_engine_checkpoints/model/best.pt,4313875738,845ebf2ce5d0ee952143997648d1bd73a43f03dc,866f0f8558ff15db291f5eeee9aa203420e2a3de519e34dd1be00ba839773731,4313875738,135,c435ea42395744b30bf1c4beab58e6eb836033610fad6e7d13ea91039564259d,c51234cd43c4a3e79fe8f2046c1751458d5ec334,2026-09-02T08:26:22.000Z,Q3
all_weight_entries,Thundergod2007/vipragsent-vistral7b-checkpoints,model,campaigns/vipragsent-v7-6693e7e9eef08ef1/SHARD_GPU40_7B_INTEGRATION/q3_vistral_pragmatic_sft_64_20260523/_engine_checkpoints/model/epoch_001.pt,4313875610,4b2f0d3390b6389ffbfacb23bc337670f98198a4,80058afb789749434875c072df437f4076c5afc39a810a9e52051d2b94a4076b,4313875610,135,cf95992fc963dce4cf5a96b4dadc598238dba52a58d1a0487135b9b569cbbbb0,ed55b89b1033a1b67d9947e2db98537965acb128,2026-09-02T08:02:15.000Z,Q3
all_weight_entries,Thundergod2007/vipragsent-vistral7b-checkpoints,model,campaigns/vipragsent-v7-6693e7e9eef08ef1/SHARD_GPU40_7B_INTEGRATION/q3_vistral_pragmatic_sft_64_20260523/_engine_checkpoints/model/epoch_002.pt,4313875738,845ebf2ce5d0ee952143997648d1bd73a43f03dc,866f0f8558ff15db291f5eeee9aa203420e2a3de519e34dd1be00ba839773731,4313875738,135,c435ea42395744b30bf1c4beab58e6eb836033610fad6e7d13ea91039564259d,1065b85ae8a56ec87752cee27c60f00d64fab608,2026-09-02T08:26:34.000Z,Q3
all_weight_entries,Thundergod2007/vipragsent-vistral7b-checkpoints,model,campaigns/vipragsent-v7-6693e7e9eef08ef1/SHARD_GPU40_7B_INTEGRATION/q3_vistral_pragmatic_sft_64_20260523/_engine_checkpoints/model/epoch_003.pt,4313875802,c1a1c9daa0ffe1c56ff55cbe3b5c5a5272a7dbbb,a37230e37fbc3de4e97f56cb20cc4d66be0dbc44b346216e20f16b0613991989,4313875802,135,fc792e7769b790b13c2b1d0a969bf839aa15bf8fecdb408a0d70d219fb717710,d9040c68fc7c6165f9664ba783cb280cae1cc8cc,2026-09-02T08:50:23.000Z,Q3
all_weight_entries,Thundergod2007/vipragsent-vistral7b-checkpoints,model,campaigns/vipragsent-v7-6693e7e9eef08ef1/SHARD_GPU40_7B_INTEGRATION/q3_vistral_pragmatic_sft_64_20260523/checkpoints/best/model.pt,4313875738,845ebf2ce5d0ee952143997648d1bd73a43f03dc,866f0f8558ff15db291f5eeee9aa203420e2a3de519e34dd1be00ba839773731,4313875738,135,c435ea42395744b30bf1c4beab58e6eb836033610fad6e7d13ea91039564259d,b5eb2220293fbd38a96b30830250907c267c48cf,2026-09-02T08:54:24.000Z,Q3
all_weight_entries,Thundergod2007/vipragsent-vistral7b-checkpoints,model,campaigns/vipragsent-v7-6693e7e9eef08ef1/SHARD_GPU40_7B_INTEGRATION/q3_vistral_pragmatic_sft_64_20260523/checkpoints/latest/model.pt,4313875802,c1a1c9daa0ffe1c56ff55cbe3b5c5a5272a7dbbb,a37230e37fbc3de4e97f56cb20cc4d66be0dbc44b346216e20f16b0613991989,4313875802,135,fc792e7769b790b13c2b1d0a969bf839aa15bf8fecdb408a0d70d219fb717710,f2b92f58c30d7b54f711c0eac4c5587b1b313298,2026-09-02T08:55:07.000Z,Q3
all_weight_entries,Thundergod2007/vipragsent-vistral7b-checkpoints,model,q1a_cot_only_vistral_20260521/checkpoints/best/model.pt,4942159972,293586abd7cc76973a4e4d4117d3e581a84cadff,27f81249de067555827099334acb999f009d0d5970df333e855be231f36fc7c0,4942159972,135,eab75227803dc07c1e592bddf16ab57601c3382090ced8ba01f224780c29fe62,e418a56b52341cce3dd13b2f6de6c7b3c03c3bea,2026-08-08T15:42:51.000Z,Q1a
all_weight_entries,Thundergod2007/vipragsent-vistral7b-checkpoints,model,q1a_cot_only_vistral_20260521/checkpoints/epoch_0001/model.pt,4942159972,293586abd7cc76973a4e4d4117d3e581a84cadff,27f81249de067555827099334acb999f009d0d5970df333e855be231f36fc7c0,4942159972,135,eab75227803dc07c1e592bddf16ab57601c3382090ced8ba01f224780c29fe62,aef4d00cdceaf579245acd328f413a46eaec6537,2026-09-04T00:39:05.000Z,Q1a
all_weight_entries,Thundergod2007/vipragsent-vistral7b-checkpoints,model,q1a_cot_only_vistral_20260521/checkpoints/epoch_1/model.pt,4942159972,293586abd7cc76973a4e4d4117d3e581a84cadff,27f81249de067555827099334acb999f009d0d5970df333e855be231f36fc7c0,4942159972,135,eab75227803dc07c1e592bddf16ab57601c3382090ced8ba01f224780c29fe62,b615cea578c9514ea13d44c69e001907750b0733,2026-08-08T15:41:44.000Z,Q1a
all_weight_entries,Thundergod2007/vipragsent-vistral7b-checkpoints,model,q1a_cot_only_vistral_20260521/checkpoints/epoch_2/model.pt,4942818023,730503295eb06e8b92717082efd20a629c76054b,d3fe7e99bb0758e527c4967fe2a8502c722fce8d86cd7664ea776440a3b41a77,4942818023,135,406b1c2fa214999bfdd1baafeb5bf40ea6b88bbec5ba273075c3be167aa95562,1aadf557a77853cf19946a747f9fe5c40a8288b0,2026-08-16T10:44:08.000Z,Q1a
all_weight_entries,Thundergod2007/vipragsent-vistral7b-checkpoints,model,q1a_vipragsent_no_auxiliary_vistral_20260521/checkpoints/best/model.pt,4313881224,06fcee01a5ae5b2c0d07537a63c1c69185c1e6fd,78360dda9efb2a925da616047b25c2dc9852af93436c9bd5c0988e6df39f89ba,4313881224,135,77bfa8f83b01ae58a6c56efa8e31d329721c3c329c0845b0d21709c472f56572,2874ce150ad845f5decd851c2bf18196fd36778e,2026-08-08T15:50:10.000Z,Q1a
all_weight_entries,Thundergod2007/vipragsent-vistral7b-checkpoints,model,q1a_vipragsent_no_auxiliary_vistral_20260522/checkpoints/best/model.pt,4313881288,f364c0ddb93735d86ce2740e9aebf2582105c79d,608e88704983b7c2291e933a7b85ba1a79b457803797828c38bba57466291f74,4313881288,135,94192b23e647a9a6235fb1f19e17fec029e9ed213b28b7f6675c61ff03455d15,a558228ce14d3b01bf024aa49d1b7c7864537cec,2026-08-08T16:03:51.000Z,Q1a
all_weight_entries,Thundergod2007/vipragsent-vistral7b-checkpoints,model,q1a_vipragsent_no_auxiliary_vistral_20260523/checkpoints/best/model.pt,4313881352,0c11198d868cce96215843eef5385fae45a718b1,64958cff3a21210dcdb0e3084cbd25541d22dcd56de35b9416bd3735e04f0fac,4313881352,135,c9289099f5f625a7beeab7827d025bb28777e8f821d1b41d241b1fd9162193c3,709d36c698c15a70f894e6429486055f423c7eb5,2026-08-08T16:35:20.000Z,Q1a
all_weight_entries,Thundergod2007/vipragsent-vistral7b-checkpoints,model,q1a_vistral_pragmatic_sft_20260521/checkpoints/best/model.pt,4313875610,1f6ae6bb17d5728469d9db01a319ff7485fe1d8f,5129514951b1d137256ef60b09b11c9f283e73cc35f376af0b5271b2c9478a70,4313875610,135,166eca20232a30a84207cf3544d0740fe5711fca7fcb482659bfe41d0e9371d1,a3e760b06ed75ab993b489873dc28f6d11ef5341,2026-08-08T15:50:31.000Z,Q1a
all_weight_entries,Thundergod2007/vipragsent-vistral7b-checkpoints,model,q1a_vistral_pragmatic_sft_20260522/checkpoints/best/model.pt,4313875674,2f52d2b58a095549751d5a0b650eccc393daa8eb,c341b4ec539ed4340d3194a88c2aab048e3232805dd74ce51695487bb8affcd4,4313875674,135,67e26cc320b0863c2e5455f3c4b525a262320e87b9cc2ba7f496f6dee65e10bc,2556aa7f7130d23bd8a9e415b3b05486fa807108,2026-08-08T16:04:10.000Z,Q1a
all_weight_entries,Thundergod2007/vipragsent-vistral7b-checkpoints,model,q1a_vistral_pragmatic_sft_20260523/checkpoints/best/model.pt,4313875802,ab908f50285fafd042432286036e5a102ca3c273,f528e18fc8da1bf9a3c9b3d35073936bd7d21f39884a53f686f5571a326f5f72,4313875802,135,cf6c492a32140f954bca4d61a4d3e3d3b8e53a8acc1f33f1894a93a646ce64c9,77df04ee8d69ec8e9eba89136040ec1b3e6152ce,2026-08-08T16:35:44.000Z,Q1a
all_weight_entries,Thundergod2007/vipragsent-xlmr-checkpoints,model,campaigns/vipragsent-v8-local-mig2g20gb/q1a_vipragsent_full_XLM_R_large_optimization_pragmatic_warmup020_irony105_implicit101_sarcasm101_code104_v37_20260521/checkpoints/best/model.pt,7098835498,550ad0245845ac75ff3bb12e5dab9d67c7bd83e6,afb6cb6db2fd8e7f78e07b01c0300c348baf7a036351b97bd0c8ad22b4d28845,7098835498,135,0699cd8850585314f1d73e47d8e7233fb47957f72cc5a9193cc7ab44d2c543fe,cb941e07ecafb430f05b1dd6df3be6d98b506a1f,2026-09-11T18:31:18.000Z,Q1a
all_weight_entries,Thundergod2007/vipragsent-xlmr-checkpoints,model,campaigns/vipragsent-v8-local-mig2g20gb/q1a_vipragsent_full_XLM_R_large_optimization_pragmatic_warmup020_irony105_implicit101_sarcasm101_code104_v37_20260521/checkpoints/epochs/epoch_001/model.pt,7098834346,ef9d49a5f2061a9cc082d89c341f4af4d665db2f,60c7b226ae7783c879e4a069fe9a6cef8e8d7473e5c3f522ff79093c2c583a3b,7098834346,135,52dfbf506e2077a61bafde131ca9616c22c4300d96b9d2c92f69dec6785b3c40,cb941e07ecafb430f05b1dd6df3be6d98b506a1f,2026-09-11T18:31:18.000Z,Q1a
all_weight_entries,Thundergod2007/vipragsent-xlmr-checkpoints,model,campaigns/vipragsent-v8-local-mig2g20gb/q1a_vipragsent_full_XLM_R_large_optimization_pragmatic_warmup020_irony105_implicit101_sarcasm101_code104_v37_20260521/checkpoints/epochs/epoch_002/model.pt,7098834666,39b9bf1118ab89d5f10ceb83c7d139ea3dd3e86c,72857be12b918e93d967e4e6f201a3e3fe9dd3e781afb6ee58c3a4b877e531dc,7098834666,135,d1d6edadda0a29d23e32f3222f3e2ebd01e48f45419b31c7da585f1ca09e2ec7,cb941e07ecafb430f05b1dd6df3be6d98b506a1f,2026-09-11T18:31:18.000Z,Q1a
all_weight_entries,Thundergod2007/vipragsent-xlmr-checkpoints,model,campaigns/vipragsent-v8-local-mig2g20gb/q1a_vipragsent_full_XLM_R_large_optimization_pragmatic_warmup020_irony105_implicit101_sarcasm101_code104_v37_20260521/checkpoints/epochs/epoch_003/model.pt,7098834794,ed442ed890a580b0602675c583748cc1118d3eda,af5db6f0a3ef691c37781ecb648e5fe9c6f1f0307752d27185b7c4c24a933057,7098834794,135,24e47de4d4aa0efbfc2e1fb9fb2bba25648b843ce38c88474a8cb11337877c46,cb941e07ecafb430f05b1dd6df3be6d98b506a1f,2026-09-11T18:31:18.000Z,Q1a
all_weight_entries,Thundergod2007/vipragsent-xlmr-checkpoints,model,campaigns/vipragsent-v8-local-mig2g20gb/q1a_vipragsent_full_XLM_R_large_optimization_pragmatic_warmup020_irony105_implicit101_sarcasm101_code104_v37_20260521/checkpoints/epochs/epoch_004/model.pt,7098834922,b689966fc01ad406f2cc571529589bfafe73e8b7,34fc063f77c44365199b288024670a05f4c4b2fe1117febacdd7ba85ccfe1df6,7098834922,135,5d45db84b7e05de21bc400cd0848a63bbbf49ccd0ec55be2eb0be7e7d61bd62b,cb941e07ecafb430f05b1dd6df3be6d98b506a1f,2026-09-11T18:31:18.000Z,Q1a
all_weight_entries,Thundergod2007/vipragsent-xlmr-checkpoints,model,campaigns/vipragsent-v8-local-mig2g20gb/q1a_vipragsent_full_XLM_R_large_optimization_pragmatic_warmup020_irony105_implicit101_sarcasm101_code104_v37_20260521/checkpoints/epochs/epoch_005/model.pt,7098834986,24bcd418cd1b0d7ebb9b72eb573291e4c8009c14,905dd23a3b72f7b42db094d43aed50f65aa715459934e239ac0410aadddebcfb,7098834986,135,317bcfebb3637458d85251868dc32ea63433317b84aa5ea3c7cd752d806a7481,cb941e07ecafb430f05b1dd6df3be6d98b506a1f,2026-09-11T18:31:18.000Z,Q1a
all_weight_entries,Thundergod2007/vipragsent-xlmr-checkpoints,model,campaigns/vipragsent-v8-local-mig2g20gb/q1a_vipragsent_full_XLM_R_large_optimization_pragmatic_warmup020_irony105_implicit101_sarcasm101_code104_v37_20260521/checkpoints/epochs/epoch_006/model.pt,7098835114,a2ad210ae9e161ab473eb155aaf2146d454296f2,6625fd34a75a88a8f26f4a2993b11db4360bd362e8fe6493ed96403e78d2633f,7098835114,135,5d0c4f0eb5531199bc7d2a9d2dd8153f9e166bdf27fd1a1f2743d184dc1e0726,cb941e07ecafb430f05b1dd6df3be6d98b506a1f,2026-09-11T18:31:18.000Z,Q1a
all_weight_entries,Thundergod2007/vipragsent-xlmr-checkpoints,model,campaigns/vipragsent-v8-local-mig2g20gb/q1a_vipragsent_full_XLM_R_large_optimization_pragmatic_warmup020_irony105_implicit101_sarcasm101_code104_v37_20260521/checkpoints/epochs/epoch_007/model.pt,7098835242,6396600476383abb50279b04a35bb098fdde3f72,b17545bbb91e2c4bf16bfd2a85f4242c025a003460d46a5246005e24b111af42,7098835242,135,53ef95324039ebb439ab23973f4f7074b8003c88d4a3751a73935234f5e7b0d5,cb941e07ecafb430f05b1dd6df3be6d98b506a1f,2026-09-11T18:31:18.000Z,Q1a
all_weight_entries,Thundergod2007/vipragsent-xlmr-checkpoints,model,campaigns/vipragsent-v8-local-mig2g20gb/q1a_vipragsent_full_XLM_R_large_optimization_pragmatic_warmup020_irony105_implicit101_sarcasm101_code104_v37_20260521/checkpoints/epochs/epoch_008/model.pt,7098835306,26971e1541791d23ed4a0827cea9dfb37fd4e4a7,98b7e502bbd7bf0c886f46393e5d3193fc73f478482856559d629a2361bd6fac,7098835306,135,097170be78b67bb94527f344372bfcb98de39bad0897c1c6a8d14367fc24b239,cb941e07ecafb430f05b1dd6df3be6d98b506a1f,2026-09-11T18:31:18.000Z,Q1a
all_weight_entries,Thundergod2007/vipragsent-xlmr-checkpoints,model,campaigns/vipragsent-v8-local-mig2g20gb/q1a_vipragsent_full_XLM_R_large_optimization_pragmatic_warmup020_irony105_implicit101_sarcasm101_code104_v37_20260521/checkpoints/epochs/epoch_009/model.pt,7098835434,fbcb9abe3f0d3382b520449d1ce46afc1a9d05b7,fb505494c245ca27f145df4e56152cde21cfe20496f40b82bb30d64223e5685f,7098835434,135,7ae2e37e655cb9b86d2d6813ac9a4ab58a8cda9c9b13607af7f2ce754c9c6f48,cb941e07ecafb430f05b1dd6df3be6d98b506a1f,2026-09-11T18:31:18.000Z,Q1a
all_weight_entries,Thundergod2007/vipragsent-xlmr-checkpoints,model,campaigns/vipragsent-v8-local-mig2g20gb/q1a_vipragsent_full_XLM_R_large_optimization_pragmatic_warmup020_irony105_implicit101_sarcasm101_code104_v37_20260521/checkpoints/epochs/epoch_010/model.pt,7098835498,550ad0245845ac75ff3bb12e5dab9d67c7bd83e6,afb6cb6db2fd8e7f78e07b01c0300c348baf7a036351b97bd0c8ad22b4d28845,7098835498,135,0699cd8850585314f1d73e47d8e7233fb47957f72cc5a9193cc7ab44d2c543fe,cb941e07ecafb430f05b1dd6df3be6d98b506a1f,2026-09-11T18:31:18.000Z,Q1a
all_weight_entries,Thundergod2007/vipragsent-xlmr-checkpoints,model,campaigns/vipragsent-v8-local-mig2g20gb/q1a_vipragsent_full_XLM_R_large_optimization_pragmatic_warmup020_irony105_implicit101_sarcasm101_code104_v37_20260521/checkpoints/latest/model.pt,7098835498,550ad0245845ac75ff3bb12e5dab9d67c7bd83e6,afb6cb6db2fd8e7f78e07b01c0300c348baf7a036351b97bd0c8ad22b4d28845,7098835498,135,0699cd8850585314f1d73e47d8e7233fb47957f72cc5a9193cc7ab44d2c543fe,cb941e07ecafb430f05b1dd6df3be6d98b506a1f,2026-09-11T18:31:18.000Z,Q1a
all_weight_entries,Thundergod2007/vipragsent-xlmr-checkpoints,model,campaigns/vipragsent-v8-local-mig2g20gb/q1a_vipragsent_full_XLM_R_large_optimization_pragmatic_warmup020_irony105_implicit101_sarcasm101_code104_v37_20260522/checkpoints/best/model.pt,7098835626,1024d1a08cde7c0361ed19c3e80676c130395cad,8217f4f6c5850456e3394c75b74df30fb46b39628183e4e1cf5629019ed223b9,7098835626,135,d81f3f70cb14d39e1651103af45f0dbba41d69766766c456be1810f606a3d43c,45461c42c7286d9216911a5d2bd4aabf2cd9084e,2026-09-11T18:43:13.000Z,Q1a
all_weight_entries,Thundergod2007/vipragsent-xlmr-checkpoints,model,campaigns/vipragsent-v8-local-mig2g20gb/q1a_vipragsent_full_XLM_R_large_optimization_pragmatic_warmup020_irony105_implicit101_sarcasm101_code104_v37_20260522/checkpoints/epochs/epoch_001/model.pt,7098834474,23010747fe1a4527db2a96ca2e0a236193587d05,ee15665599cba7da07504b951bcb1d92737d4a440bd0fd3549fe2207b9bd9621,7098834474,135,ccd011b47770c8626da831cdcbd96cc87a22865b7cdf7be5e8cccab775742c99,45461c42c7286d9216911a5d2bd4aabf2cd9084e,2026-09-11T18:43:13.000Z,Q1a
all_weight_entries,Thundergod2007/vipragsent-xlmr-checkpoints,model,campaigns/vipragsent-v8-local-mig2g20gb/q1a_vipragsent_full_XLM_R_large_optimization_pragmatic_warmup020_irony105_implicit101_sarcasm101_code104_v37_20260522/checkpoints/epochs/epoch_002/model.pt,7098834794,daf8fc3dea92cbd886d7560cd5da561e38f7d09e,13fec95ca33ca98cf178ed54215691bad56c06bdfc6626d93f1e168de63d6c9c,7098834794,135,cf2bd56503761f7df2ffdcb881de957574d01d00c917c92d50ba7af089eea091,45461c42c7286d9216911a5d2bd4aabf2cd9084e,2026-09-11T18:43:13.000Z,Q1a
all_weight_entries,Thundergod2007/vipragsent-xlmr-checkpoints,model,campaigns/vipragsent-v8-local-mig2g20gb/q1a_vipragsent_full_XLM_R_large_optimization_pragmatic_warmup020_irony105_implicit101_sarcasm101_code104_v37_20260522/checkpoints/epochs/epoch_003/model.pt,7098834922,14c4d86b36422e0f05c4b20b9cd96a353a3462fa,cf06a290f57d5964b0bbfdffc6bdd88b7a08ea5ca13f710ce575c7a54aea8bc6,7098834922,135,9068dc5c250d20eb5742567cd382e21247572d715014518c3054e6e184d6f2c0,45461c42c7286d9216911a5d2bd4aabf2cd9084e,2026-09-11T18:43:13.000Z,Q1a
all_weight_entries,Thundergod2007/vipragsent-xlmr-checkpoints,model,campaigns/vipragsent-v8-local-mig2g20gb/q1a_vipragsent_full_XLM_R_large_optimization_pragmatic_warmup020_irony105_implicit101_sarcasm101_code104_v37_20260522/checkpoints/epochs/epoch_004/model.pt,7098835050,b59bac3bfaaa8809eb2015f247d536853a51b9d3,108a99c799ef16b189f6d7ea27a21c30ac0d892bab7fc1a7bed12f029f40d58d,7098835050,135,47f41b72a924512fae34485169968b2c0c3fd8acd1202e3c0d80c3285887374e,45461c42c7286d9216911a5d2bd4aabf2cd9084e,2026-09-11T18:43:13.000Z,Q1a
all_weight_entries,Thundergod2007/vipragsent-xlmr-checkpoints,model,campaigns/vipragsent-v8-local-mig2g20gb/q1a_vipragsent_full_XLM_R_large_optimization_pragmatic_warmup020_irony105_implicit101_sarcasm101_code104_v37_20260522/checkpoints/epochs/epoch_005/model.pt,7098835114,0fec300bd7aff3e9b8fed6dc559512e0f395cf77,63fa8f5bf399f14e123f96f79efc9eae321f3a022d4613eeb91adce566ca3ac3,7098835114,135,886b8867d849ae1680941b32324bd04c0b27aa680e35e2c69df23e10ebe86463,45461c42c7286d9216911a5d2bd4aabf2cd9084e,2026-09-11T18:43:13.000Z,Q1a
all_weight_entries,Thundergod2007/vipragsent-xlmr-checkpoints,model,campaigns/vipragsent-v8-local-mig2g20gb/q1a_vipragsent_full_XLM_R_large_optimization_pragmatic_warmup020_irony105_implicit101_sarcasm101_code104_v37_20260522/checkpoints/epochs/epoch_006/model.pt,7098835242,626c61a7291e35cd89236dd23dc96fc4f93e0fbf,d89e0535ab7cbba5ac3f33e23298e3ef425cf788417e8746a9fdb1f25d7795e2,7098835242,135,f868005532e6b816572fb27312f7849718f9a07b1881abcc54cf0ab245292ea0,45461c42c7286d9216911a5d2bd4aabf2cd9084e,2026-09-11T18:43:13.000Z,Q1a
all_weight_entries,Thundergod2007/vipragsent-xlmr-checkpoints,model,campaigns/vipragsent-v8-local-mig2g20gb/q1a_vipragsent_full_XLM_R_large_optimization_pragmatic_warmup020_irony105_implicit101_sarcasm101_code104_v37_20260522/checkpoints/epochs/epoch_007/model.pt,7098835370,c0a92d2a13c310ae9acf073e9f30465005131b54,448a209a2edc2020952fb29c6541b25ee4fe8c817d9b0c5e787116d2c8ba23ce,7098835370,135,ad4e6365fabe00bb570ad01bcc3166d14ff96a45aa960797e6765a3e5a180931,45461c42c7286d9216911a5d2bd4aabf2cd9084e,2026-09-11T18:43:13.000Z,Q1a
all_weight_entries,Thundergod2007/vipragsent-xlmr-checkpoints,model,campaigns/vipragsent-v8-local-mig2g20gb/q1a_vipragsent_full_XLM_R_large_optimization_pragmatic_warmup020_irony105_implicit101_sarcasm101_code104_v37_20260522/checkpoints/epochs/epoch_008/model.pt,7098835434,a06a58b1d608132d5a95443354b69ca9acf253aa,b9a003e530a9d71a69a0ca902c6e7be99353d60af1fff4ad8a1ef340fe1ccba9,7098835434,135,bd724ab72a3943204e1a78ac35d395566d93c90a27db1f708e1e102b45684bdc,45461c42c7286d9216911a5d2bd4aabf2cd9084e,2026-09-11T18:43:13.000Z,Q1a
all_weight_entries,Thundergod2007/vipragsent-xlmr-checkpoints,model,campaigns/vipragsent-v8-local-mig2g20gb/q1a_vipragsent_full_XLM_R_large_optimization_pragmatic_warmup020_irony105_implicit101_sarcasm101_code104_v37_20260522/checkpoints/epochs/epoch_009/model.pt,7098835562,82f0c162a4277443631711dd36e3934bbbf43588,01337e9209d90818a8eee344e9c8d5f205dbde0d5c74ebc8493404e6a68661f1,7098835562,135,ab2b1a797d4c15f521673d794cc244efdde9751e9f2b0a7afa92025bb7d991c2,45461c42c7286d9216911a5d2bd4aabf2cd9084e,2026-09-11T18:43:13.000Z,Q1a
all_weight_entries,Thundergod2007/vipragsent-xlmr-checkpoints,model,campaigns/vipragsent-v8-local-mig2g20gb/q1a_vipragsent_full_XLM_R_large_optimization_pragmatic_warmup020_irony105_implicit101_sarcasm101_code104_v37_20260522/checkpoints/epochs/epoch_010/model.pt,7098835626,1024d1a08cde7c0361ed19c3e80676c130395cad,8217f4f6c5850456e3394c75b74df30fb46b39628183e4e1cf5629019ed223b9,7098835626,135,d81f3f70cb14d39e1651103af45f0dbba41d69766766c456be1810f606a3d43c,45461c42c7286d9216911a5d2bd4aabf2cd9084e,2026-09-11T18:43:13.000Z,Q1a
all_weight_entries,Thundergod2007/vipragsent-xlmr-checkpoints,model,campaigns/vipragsent-v8-local-mig2g20gb/q1a_vipragsent_full_XLM_R_large_optimization_pragmatic_warmup020_irony105_implicit101_sarcasm101_code104_v37_20260522/checkpoints/latest/model.pt,7098835626,1024d1a08cde7c0361ed19c3e80676c130395cad,8217f4f6c5850456e3394c75b74df30fb46b39628183e4e1cf5629019ed223b9,7098835626,135,d81f3f70cb14d39e1651103af45f0dbba41d69766766c456be1810f606a3d43c,45461c42c7286d9216911a5d2bd4aabf2cd9084e,2026-09-11T18:43:13.000Z,Q1a
all_weight_entries,Thundergod2007/vipragsent-xlmr-checkpoints,model,campaigns/vipragsent-v8-local-mig2g20gb/q1a_vipragsent_full_XLM_R_large_optimization_pragmatic_warmup020_irony105_implicit101_sarcasm101_code104_v37_20260523/checkpoints/best/model.pt,7098835370,61990bb3ec19eb5ff92986fc3fc7accaf3fd31f3,deff90245b4364f1abf3034e487fdfb7ccac31b0899cebe3a0a968149e9726c4,7098835370,135,e18b0df6070face92f17ff735603b9e691517f900af4f1fa0e34c7deaf438a98,9f3ca8caea21d01d8d4e2bf7fea941e01b31f3b4,2026-09-11T18:49:15.000Z,Q1a
all_weight_entries,Thundergod2007/vipragsent-xlmr-checkpoints,model,campaigns/vipragsent-v8-local-mig2g20gb/q1a_vipragsent_full_XLM_R_large_optimization_pragmatic_warmup020_irony105_implicit101_sarcasm101_code104_v37_20260523/checkpoints/epochs/epoch_001/model.pt,7098834474,358ed73856c390928e902993d659566429a15959,77ce045d8694963067ddb04c3125f294dd6b23a8c142ea6f9f115f46276caaad,7098834474,135,d979458c333f0dbdc2bf51890be4bfc5e749dd1a96fe929ab550722c3a849902,9f3ca8caea21d01d8d4e2bf7fea941e01b31f3b4,2026-09-11T18:49:15.000Z,Q1a
all_weight_entries,Thundergod2007/vipragsent-xlmr-checkpoints,model,campaigns/vipragsent-v8-local-mig2g20gb/q1a_vipragsent_full_XLM_R_large_optimization_pragmatic_warmup020_irony105_implicit101_sarcasm101_code104_v37_20260523/checkpoints/epochs/epoch_002/model.pt,7098834794,050e45b1bad62e7548ac99dcf0c7b21ae493ccab,8906f5f071a457c29a019d907fe1595137d27799f336294f0487b7523ffb50b8,7098834794,135,102fe991f8a81fdb745f42ee89414765fe1edd643d8b53f6b88abdd7f5f2b327,9f3ca8caea21d01d8d4e2bf7fea941e01b31f3b4,2026-09-11T18:49:15.000Z,Q1a
all_weight_entries,Thundergod2007/vipragsent-xlmr-checkpoints,model,campaigns/vipragsent-v8-local-mig2g20gb/q1a_vipragsent_full_XLM_R_large_optimization_pragmatic_warmup020_irony105_implicit101_sarcasm101_code104_v37_20260523/checkpoints/epochs/epoch_003/model.pt,7098834922,15b79117b39c4aa17a9655d65267bf3122497f27,2e15a8fe167a85511060503e57f804e055d32c1c6ae0421b870688fc179ba127,7098834922,135,4ddeff95eb54cd565e49803d781539243ec0d6f1a4429a40111395e564795896,9f3ca8caea21d01d8d4e2bf7fea941e01b31f3b4,2026-09-11T18:49:15.000Z,Q1a
all_weight_entries,Thundergod2007/vipragsent-xlmr-checkpoints,model,campaigns/vipragsent-v8-local-mig2g20gb/q1a_vipragsent_full_XLM_R_large_optimization_pragmatic_warmup020_irony105_implicit101_sarcasm101_code104_v37_20260523/checkpoints/epochs/epoch_004/model.pt,7098835050,44b62322e14e2a941c809970872541ce6169b7b9,ae9212fe879220eb2eafe82a78d5b8054984fcf7c473cfa2ccd272a9ab03d780,7098835050,135,0f392b1aa99b0e5d807554d6b2cf9c7e87b3c094de366becc208b12f4b7d14b7,9f3ca8caea21d01d8d4e2bf7fea941e01b31f3b4,2026-09-11T18:49:15.000Z,Q1a
all_weight_entries,Thundergod2007/vipragsent-xlmr-checkpoints,model,campaigns/vipragsent-v8-local-mig2g20gb/q1a_vipragsent_full_XLM_R_large_optimization_pragmatic_warmup020_irony105_implicit101_sarcasm101_code104_v37_20260523/checkpoints/epochs/epoch_005/model.pt,7098835114,cf4e655e772cf6f37970770b45987e7df3332e81,4177eed7e179db939c225d25a9ce985e970fd10be2061488947d50ae12e20069,7098835114,135,ac6af55a04ceb16e5dc2ed02f73ff1f19cef644048e01dd4b053629d0005d727,9f3ca8caea21d01d8d4e2bf7fea941e01b31f3b4,2026-09-11T18:49:15.000Z,Q1a
all_weight_entries,Thundergod2007/vipragsent-xlmr-checkpoints,model,campaigns/vipragsent-v8-local-mig2g20gb/q1a_vipragsent_full_XLM_R_large_optimization_pragmatic_warmup020_irony105_implicit101_sarcasm101_code104_v37_20260523/checkpoints/epochs/epoch_006/model.pt,7098835242,6b2d483e3848ade6aa960ed36731eae40e6eb35b,9e26ab35fbdc29ce50edae6ee94a228453b3af8f7663381dba186a09b7a6c56d,7098835242,135,dcd3729573c4004fd18a5f4a574434cc192c436397d4f246057f837c1fea55a3,9f3ca8caea21d01d8d4e2bf7fea941e01b31f3b4,2026-09-11T18:49:15.000Z,Q1a
all_weight_entries,Thundergod2007/vipragsent-xlmr-checkpoints,model,campaigns/vipragsent-v8-local-mig2g20gb/q1a_vipragsent_full_XLM_R_large_optimization_pragmatic_warmup020_irony105_implicit101_sarcasm101_code104_v37_20260523/checkpoints/epochs/epoch_007/model.pt,7098835370,61990bb3ec19eb5ff92986fc3fc7accaf3fd31f3,deff90245b4364f1abf3034e487fdfb7ccac31b0899cebe3a0a968149e9726c4,7098835370,135,e18b0df6070face92f17ff735603b9e691517f900af4f1fa0e34c7deaf438a98,9f3ca8caea21d01d8d4e2bf7fea941e01b31f3b4,2026-09-11T18:49:15.000Z,Q1a
all_weight_entries,Thundergod2007/vipragsent-xlmr-checkpoints,model,campaigns/vipragsent-v8-local-mig2g20gb/q1a_vipragsent_full_XLM_R_large_optimization_pragmatic_warmup020_irony105_implicit101_sarcasm101_code104_v37_20260523/checkpoints/epochs/epoch_008/model.pt,7098835434,60f4e9c8c65e4db82f7bd0a0334207ad01b9c9ea,6a26db2f38393e4ff57d33801adff609755380bfe64eeb88af86f018ce77f361,7098835434,135,3cc193e469d086f468375415cad421b2e077c590b586905964cc4501a2c33b3c,9f3ca8caea21d01d8d4e2bf7fea941e01b31f3b4,2026-09-11T18:49:15.000Z,Q1a
all_weight_entries,Thundergod2007/vipragsent-xlmr-checkpoints,model,campaigns/vipragsent-v8-local-mig2g20gb/q1a_vipragsent_full_XLM_R_large_optimization_pragmatic_warmup020_irony105_implicit101_sarcasm101_code104_v37_20260523/checkpoints/epochs/epoch_009/model.pt,7098835562,64c8cc0aa1a128389d485685abc297b03745b733,ac7d4e1c515a387dd899786f49eb2be8cd352c6a49488619ec07aa465ddc4a7c,7098835562,135,76b611fce652962721b62d89231387dbb5c9fd69f394034dc49e419f81e5a32e,9f3ca8caea21d01d8d4e2bf7fea941e01b31f3b4,2026-09-11T18:49:15.000Z,Q1a
all_weight_entries,Thundergod2007/vipragsent-xlmr-checkpoints,model,campaigns/vipragsent-v8-local-mig2g20gb/q1a_vipragsent_full_XLM_R_large_optimization_pragmatic_warmup020_irony105_implicit101_sarcasm101_code104_v37_20260523/checkpoints/epochs/epoch_010/model.pt,7098835626,25d77f2dbb1704e766dcb5f301b65f11be8a3edb,f1bcc696ecf9909b6565aa832171ae0220d01048ffcd93fa881c1a3cfc96f7ac,7098835626,135,d22820b3c6e00f4e3e5af63f21de4d9a6d8b167c5fefcb3b1b40d0dcc106a0f2,9f3ca8caea21d01d8d4e2bf7fea941e01b31f3b4,2026-09-11T18:49:15.000Z,Q1a
all_weight_entries,Thundergod2007/vipragsent-xlmr-checkpoints,model,campaigns/vipragsent-v8-local-mig2g20gb/q1a_vipragsent_full_XLM_R_large_optimization_pragmatic_warmup020_irony105_implicit101_sarcasm101_code104_v37_20260523/checkpoints/latest/model.pt,7098835626,25d77f2dbb1704e766dcb5f301b65f11be8a3edb,f1bcc696ecf9909b6565aa832171ae0220d01048ffcd93fa881c1a3cfc96f7ac,7098835626,135,d22820b3c6e00f4e3e5af63f21de4d9a6d8b167c5fefcb3b1b40d0dcc106a0f2,9f3ca8caea21d01d8d4e2bf7fea941e01b31f3b4,2026-09-11T18:49:15.000Z,Q1a
all_weight_entries,Thundergod2007/vipragsent-xlmr-checkpoints,model,campaigns/vipragsent-xlmr-q1b-q4-followup-v1/xlmr_followup_q1b_vipragsent_full_20260521/checkpoints/best/model.pt,7098834986,df13eb751ac61e4ba6221397931f64cd29abbea0,a82fee6195c375957c54431f9c11d8c6114cf851e20d77487bfc948e1a1e1cba,7098834986,135,ab9c98ed9d7fe0a424724bab8e84b34522e1fab77ec6ecbb4121d397a673354e,36698df18700a54c16ab8ed78e5230c4e73d6cf0,2026-09-12T00:55:10.000Z,Q1b
all_weight_entries,Thundergod2007/vipragsent-xlmr-checkpoints,model,campaigns/vipragsent-xlmr-q1b-q4-followup-v1/xlmr_followup_q1b_vipragsent_full_20260521/checkpoints/latest/model.pt,7098835178,6279c72cc3e770ae83defe53d2c6fb9eec4c54ca,84774918d998546d28fadebcec31df826b4d43f75ed5e189140f8e31c4fa1523,7098835178,135,b6e3e3096e691ce83e10c9976d762f56f00a8cd478f8e3e77d9767cce3478c24,138a45ace9a048095deb9a072fd2ae41070eb7b5,2026-09-12T00:56:25.000Z,Q1b
all_weight_entries,Thundergod2007/vipragsent-xlmr-checkpoints,model,campaigns/vipragsent-xlmr-q1b-q4-followup-v1/xlmr_followup_q1b_vipragsent_full_20260522/checkpoints/best/model.pt,7098835434,51855af8fbcbf28519aad7cf8cdd8655de4688f2,989e24f53fb29f3a18267b93bca0720ccf1faf6b3f1ff4a5b75103b7eee7fec1,7098835434,135,6055fd950e4ccd37e7bd373ddab6b6673eeca5fd8314fafe007528c8dceef95c,a3dd40fc8f23738d6b50a30a6c1c5a29a3ad487b,2026-09-12T04:05:52.000Z,Q1b
all_weight_entries,Thundergod2007/vipragsent-xlmr-checkpoints,model,campaigns/vipragsent-xlmr-q1b-q4-followup-v1/xlmr_followup_q1b_vipragsent_full_20260522/checkpoints/latest/model.pt,7098835434,51855af8fbcbf28519aad7cf8cdd8655de4688f2,989e24f53fb29f3a18267b93bca0720ccf1faf6b3f1ff4a5b75103b7eee7fec1,7098835434,135,6055fd950e4ccd37e7bd373ddab6b6673eeca5fd8314fafe007528c8dceef95c,8ce576bf690500c0699a07f444fa65493a3a1a93,2026-09-12T04:07:07.000Z,Q1b
all_weight_entries,Thundergod2007/vipragsent-xlmr-checkpoints,model,campaigns/vipragsent-xlmr-q1b-q4-followup-v1/xlmr_followup_q1b_vipragsent_full_20260523/checkpoints/best/model.pt,7098835306,800143501f480dc2a419fe4d4680976887c5f9bf,5f9c80eb322ed10014229cc0cfe4978d71c4233cdcbc9befa51b8d6c568dffb5,7098835306,135,ec229f1c347a3a4f71942976a6b4a10d81f5a4be84568aa97036e0cd865e9a5d,71605954067c1db4009b3aa5470ebe4ce7cadd1c,2026-09-12T06:14:46.000Z,Q1b
all_weight_entries,Thundergod2007/vipragsent-xlmr-checkpoints,model,campaigns/vipragsent-xlmr-q1b-q4-followup-v1/xlmr_followup_q1b_vipragsent_full_20260523/checkpoints/latest/model.pt,7098835434,86cfcc35e6baaab0a005141ce61d88e5d2021081,6ed6e2eb9ff7b6dbfd6e38732afb446286c4fe715ba4fb88886295aa1275ed1c,7098835434,135,1de9f09b91d5358ba6d5883e724452330325d1cd9f4727d3d7779dd96b9e69d6,7489f2cda8aaf5ccdcc2f0bbf311e2e01fdfa121,2026-09-12T06:15:49.000Z,Q1b
all_weight_entries,Thundergod2007/vipragsent-xlmr-checkpoints,model,campaigns/vipragsent-xlmr-q1b-q4-followup-v1/xlmr_followup_q2_full_20260521/checkpoints/best/model.pt,7098834986,6dc528e3d0fb7c3c79b03d9cfb15945e5e66a35c,625e46021516c48788debe779e5fb18eaf15a8f6ab3a690b20bbc87dbcb62bd2,7098834986,135,33cbc6090de828d7c49af2df74f36c1af74e05115b9b8a3b6c6a1a2707b37492,9106a68637f7df5404bc8c33f688bc499bd8b61b,2026-09-12T09:29:14.000Z,Q2
all_weight_entries,Thundergod2007/vipragsent-xlmr-checkpoints,model,campaigns/vipragsent-xlmr-q1b-q4-followup-v1/xlmr_followup_q2_full_20260521/checkpoints/latest/model.pt,7098835178,3d1d445ff246f6d5deb7d40d90770015210cf3ff,73220d6d722e5477198e37d80721e25d71664616b6642199e2e186c26fc4dd5b,7098835178,135,50ee5f0f5db5c9886077bed85d808488757996c90be8f43af9c655bfac4ff711,91484da71b12d96542270b08969b48c5c9dbee88,2026-09-12T09:29:43.000Z,Q2
all_weight_entries,Thundergod2007/vipragsent-xlmr-checkpoints,model,campaigns/vipragsent-xlmr-q1b-q4-followup-v1/xlmr_followup_q2_full_20260522/checkpoints/best/model.pt,7098835434,fab812cb0207897ceb6e121302e9d63892d136b4,b21842f3218c23792a6ecb4d7b16761bb0fe4e79c05a1415ed500f4cede2a275,7098835434,135,af87effd9112265eb36bb9994aa2023a333275466d8fbd9fb9b8f31b698d834b,482d6ac0d63415fafcbdbe9c9f92f1a961f46952,2026-09-12T11:35:52.000Z,Q2
all_weight_entries,Thundergod2007/vipragsent-xlmr-checkpoints,model,campaigns/vipragsent-xlmr-q1b-q4-followup-v1/xlmr_followup_q2_full_20260522/checkpoints/latest/model.pt,7098835434,fab812cb0207897ceb6e121302e9d63892d136b4,b21842f3218c23792a6ecb4d7b16761bb0fe4e79c05a1415ed500f4cede2a275,7098835434,135,af87effd9112265eb36bb9994aa2023a333275466d8fbd9fb9b8f31b698d834b,a7332f3d8e9a6936a0803a1ec175fbd6d946d5b4,2026-09-12T11:36:58.000Z,Q2
all_weight_entries,Thundergod2007/vipragsent-xlmr-checkpoints,model,campaigns/vipragsent-xlmr-q1b-q4-followup-v1/xlmr_followup_q2_full_20260523/checkpoints/best/model.pt,7098835306,c3b46a6144a1ef65f8c87c4bac81bbd888de0392,63e96c0f7fda1978a38fa979ccea6e1456651a89dc828305704d137ffa20052b,7098835306,135,8938e6299bc5e790339073269b504c7c9dd132bd14ab8b81e02a38061330c226,752b602b501eff40d649b5569dce800700d1468f,2026-09-12T13:45:33.000Z,Q2
all_weight_entries,Thundergod2007/vipragsent-xlmr-checkpoints,model,campaigns/vipragsent-xlmr-q1b-q4-followup-v1/xlmr_followup_q2_full_20260523/checkpoints/latest/model.pt,7098835434,dae75ec32e58c000dfc5d7055f7e929c6c7e728c,4b9a322e68a26f1d27aa0823b920075bdc24fc9096ecfba170cf1fec1b30b8a9,7098835434,135,e9ccaf2141a691049a72ff0b7ce4fd5729ba20eee94bc1dba6bbc5381b754f35,776839bfde96a28dfef71ca3ed7109a357003418,2026-09-12T13:47:50.000Z,Q2
all_weight_entries,Thundergod2007/vipragsent-xlmr-checkpoints,model,campaigns/vipragsent-xlmr-q1b-q4-followup-v1/xlmr_followup_q2_no_emotion_auxiliary_20260521/checkpoints/best/model.pt,7098745230,422c29e89a94c4390bdd57b5599efac5b8a8a528,52ad81041279e4fc01c31ca177830808f8a8ebed2567eac4cb4d137844c81970,7098745230,135,4b933fa4fada122f7856935466ccfec30f420947f1fcd5e89655b0ecd76938d5,8006473f38cd7a76abc43d9e27951914f0a0dc32,2026-09-12T15:27:19.000Z,Q2
all_weight_entries,Thundergod2007/vipragsent-xlmr-checkpoints,model,campaigns/vipragsent-xlmr-q1b-q4-followup-v1/xlmr_followup_q2_no_emotion_auxiliary_20260521/checkpoints/latest/model.pt,7098745422,b088ef45cc072bca5d941d7e5b64dd58d84272b2,617f322d6f02794a92014c13f36a03eb2232823299d37fea5739b21fe9ef0c52,7098745422,135,374c728bf854063dac42918ea6f5bf7f2a250809cc44af64044cafcec709bbed,412dc969ef1b9fb1b5f3c5a2022ed3ae50502d33,2026-09-12T15:31:15.000Z,Q2
all_weight_entries,Thundergod2007/vipragsent-xlmr-checkpoints,model,campaigns/vipragsent-xlmr-q1b-q4-followup-v1/xlmr_followup_q2_no_emotion_auxiliary_20260522/checkpoints/best/model.pt,7098745678,0e0fee074a92cd8c2821e3953e2b313742c9f462,3a5b442042cb78032e4a3f02c2d0a2971a5e18f51cdd7b941d18d3152f511a57,7098745678,135,d4fdb26175ea6dcf1a3e21a1f1dc29582e56dfc0b0aa8703c62af7c8d6cc930c,a8f617b48492ef26aa02c76ce9e07b925c46cee6,2026-09-12T17:28:23.000Z,Q2
all_weight_entries,Thundergod2007/vipragsent-xlmr-checkpoints,model,campaigns/vipragsent-xlmr-q1b-q4-followup-v1/xlmr_followup_q2_no_emotion_auxiliary_20260522/checkpoints/latest/model.pt,7098745870,138b5fb95f49b9e9ac578ab2e9f0dd958cde4055,5f8cede1eb2d1b68516862dd31012dc920753ad181ab49e3714137cd85973cb6,7098745870,135,394e09faae0d21b28d930c7945b1d4fd49521d86251838e54aa8bb60e9713597,567051c18e721a337773ea59412d4214c3ee45b7,2026-09-12T17:29:33.000Z,Q2
all_weight_entries,Thundergod2007/vipragsent-xlmr-checkpoints,model,campaigns/vipragsent-xlmr-q1b-q4-followup-v1/xlmr_followup_q2_no_emotion_auxiliary_20260523/checkpoints/best/model.pt,7098745358,80b29ba70d7754afb9e959abe2022517fbe84cc3,9031aa6362c8d79a17cdb3d3b9b7ec755cc666dc33ce30d77c87fc33b9ea253a,7098745358,135,fc7ee5ee86ccb76c6822b7ee23e0f221d0fb17e4fef2239d6339ca061c02662f,7e474f0aba3028b976fb73810b141e01d69562b3,2026-09-12T18:59:57.000Z,Q2
all_weight_entries,Thundergod2007/vipragsent-xlmr-checkpoints,model,campaigns/vipragsent-xlmr-q1b-q4-followup-v1/xlmr_followup_q2_no_emotion_auxiliary_20260523/checkpoints/latest/model.pt,7098745550,c3082cb1c74e0eeb9bc8cb82b1f8a02eae652440,276a7abbcf04da55455a275fa4d82741087fef68502afd5471329219c2404e1f,7098745550,135,f7d07244fb24cd282fd4a14345a3fba9c51bcaabc49e427a92fa3cf8a137e5d2,1a2167c2440344fe7d947d3a4b44ba3d30e22bee,2026-09-12T19:01:08.000Z,Q2
all_weight_entries,Thundergod2007/vipragsent-xlmr-checkpoints,model,campaigns/vipragsent-xlmr-q1b-q4-followup-v1/xlmr_followup_q2_no_polarity_auxiliary_20260521/checkpoints/best/model.pt,7098794830,789a0b3357d7f52ea7c7edc06879d68fc0c0f564,eaafe462924d4e5d9c5cc9dc402786f84243f104ccc2cf31e23dc23aadc7d561,7098794830,135,9da5dce55d3b5724eeaa0c8399b9edef7bd972beeb3ebab0e07592432e018c24,52e354df291be24220e684a0433100ef993581b0,2026-09-12T21:00:26.000Z,Q2
all_weight_entries,Thundergod2007/vipragsent-xlmr-checkpoints,model,campaigns/vipragsent-xlmr-q1b-q4-followup-v1/xlmr_followup_q2_no_polarity_auxiliary_20260521/checkpoints/latest/model.pt,7098794894,426cdb91e10629765f28455c6e44a9dd41510b0f,e65e2ad52ea656a84ddeccaef031bc51666c1b6fce71c25e48470073cf74b159,7098794894,135,6be3007a50b213598a1a7228b5d4e4b14994c3741b63e373fa8ae383bb0dc25f,4ff882a8e0143b0f080d570d618bd74c8f672c9d,2026-09-12T21:09:46.000Z,Q2
all_weight_entries,Thundergod2007/vipragsent-xlmr-checkpoints,model,campaigns/vipragsent-xlmr-q1b-q4-followup-v1/xlmr_followup_q2_no_polarity_auxiliary_20260522/checkpoints/best/model.pt,7098795022,c210110bbfc51620d0c799dfeea1e53ce9bff54c,a4d482366ab11d6325507723f4b9272fd3fe400943e5784951027476928ed873,7098795022,135,942a1bf5e5ed9eaad0c9960843b2a14b5cf7bd0ec15bdca6af016c237d3bb977,fdd002b1a82207475767c33b68918bfd27795cc0,2026-09-12T23:05:05.000Z,Q2
all_weight_entries,Thundergod2007/vipragsent-xlmr-checkpoints,model,campaigns/vipragsent-xlmr-q1b-q4-followup-v1/xlmr_followup_q2_no_polarity_auxiliary_20260522/checkpoints/latest/model.pt,7098795022,c210110bbfc51620d0c799dfeea1e53ce9bff54c,a4d482366ab11d6325507723f4b9272fd3fe400943e5784951027476928ed873,7098795022,135,942a1bf5e5ed9eaad0c9960843b2a14b5cf7bd0ec15bdca6af016c237d3bb977,116d7154f5160644f039f9a87f144707b8b1368e,2026-09-12T23:14:15.000Z,Q2
all_weight_entries,Thundergod2007/vipragsent-xlmr-checkpoints,model,campaigns/vipragsent-xlmr-q1b-q4-followup-v1/xlmr_followup_q2_no_polarity_auxiliary_20260523/checkpoints/best/model.pt,7098795022,c3e3d9d3a9807c937a3c19510b3134daeeb372ff,fe7883c970d60bc633667e0729ab4d7759e86a4c634e520fc2fcdffa11206b0f,7098795022,135,29648f26a871b1f9c71fef6a9cc6922e90c4ecb7b1b78975c734b46f8c9d6508,65f3cb8c4cd1b68261a25d7bdeef59bc2e2765b8,2026-09-13T01:11:56.000Z,Q2
all_weight_entries,Thundergod2007/vipragsent-xlmr-checkpoints,model,campaigns/vipragsent-xlmr-q1b-q4-followup-v1/xlmr_followup_q2_no_polarity_auxiliary_20260523/checkpoints/latest/model.pt,7098795022,c3e3d9d3a9807c937a3c19510b3134daeeb372ff,fe7883c970d60bc633667e0729ab4d7759e86a4c634e520fc2fcdffa11206b0f,7098795022,135,29648f26a871b1f9c71fef6a9cc6922e90c4ecb7b1b78975c734b46f8c9d6508,1df78a1b69ff98f89a437bc9d28099773de96589,2026-09-13T01:20:27.000Z,Q2
all_weight_entries,Thundergod2007/vipragsent-xlmr-checkpoints,model,campaigns/vipragsent-xlmr-q1b-q4-followup-v1/xlmr_followup_q2_no_rationale_20260521/checkpoints/best/model.pt,6706856554,b2f2fe8db585bb806b0ac206ff48d04dd7be2c5c,ce2d65f62770358bd489d3fcf6f0ab3d119bfa0938cdebe270da9f468f4793aa,6706856554,135,f2be3fb37ddc0dbb2ce8eb6b17245e52b1f564d241bdcb4474414ff17a0642cc,7793b10e2cc2afc02c715a92d8382f5ad2913fce,2026-09-13T01:56:38.000Z,Q2
all_weight_entries,Thundergod2007/vipragsent-xlmr-checkpoints,model,campaigns/vipragsent-xlmr-q1b-q4-followup-v1/xlmr_followup_q2_no_rationale_20260521/checkpoints/latest/model.pt,6706856746,e0a41eddc7e3694c689294c587e767ae0c2dbf2b,0aadb6f77edaf146ea137401ee7739f10a8c05baf6db8ead6fc2065a166e4594,6706856746,135,953493810d6a066e4242713d6534d2a88f8994e497944748e99d3edf511be860,a4012d3af40b0d1b03c7ce3d4339b340cea202dd,2026-09-13T01:57:42.000Z,Q2
all_weight_entries,Thundergod2007/vipragsent-xlmr-checkpoints,model,campaigns/vipragsent-xlmr-q1b-q4-followup-v1/xlmr_followup_q2_no_rationale_20260522/checkpoints/best/model.pt,6706857258,9eee6806938a488616310bc780544fdd0ccc7638,2300c738ea8f08050e6752a4b3393ab74d157acb2eca34a261afe65d47db6ac6,6706857258,135,b419029986ac01501ecf0e890c64a4f152cf1410926552866ca92d44277e867e,c7e3f9d42a941cdbfeb7e11aa87c50c88c933749,2026-09-13T02:47:35.000Z,Q2
all_weight_entries,Thundergod2007/vipragsent-xlmr-checkpoints,model,campaigns/vipragsent-xlmr-q1b-q4-followup-v1/xlmr_followup_q2_no_rationale_20260522/checkpoints/latest/model.pt,6706857258,9eee6806938a488616310bc780544fdd0ccc7638,2300c738ea8f08050e6752a4b3393ab74d157acb2eca34a261afe65d47db6ac6,6706857258,135,b419029986ac01501ecf0e890c64a4f152cf1410926552866ca92d44277e867e,230ed141aac02374a7fa2e935d97ff09a96995e1,2026-09-13T02:48:04.000Z,Q2
all_weight_entries,Thundergod2007/vipragsent-xlmr-checkpoints,model,campaigns/vipragsent-xlmr-q1b-q4-followup-v1/xlmr_followup_q2_no_rationale_20260523/checkpoints/best/model.pt,6706857258,d94fbe4f977dd5dc99963b41363c9bebdbfa9b4a,e2d8d22ef8ea1267e14d9f305c4f5cdb1a9f1e3c8f371a9954e3b53e27d01585,6706857258,135,258fcea4db44b70606e222b6434a7cd4e243c0c65feb3ded90f4c7d7aaf86b9d,538bc3f6ec62e53ac8dae545bfaad00ea6c20d66,2026-09-13T03:42:55.000Z,Q2
all_weight_entries,Thundergod2007/vipragsent-xlmr-checkpoints,model,campaigns/vipragsent-xlmr-q1b-q4-followup-v1/xlmr_followup_q2_no_rationale_20260523/checkpoints/latest/model.pt,6706857258,d94fbe4f977dd5dc99963b41363c9bebdbfa9b4a,e2d8d22ef8ea1267e14d9f305c4f5cdb1a9f1e3c8f371a9954e3b53e27d01585,6706857258,135,258fcea4db44b70606e222b6434a7cd4e243c0c65feb3ded90f4c7d7aaf86b9d,e0bcbbdb241ce84ae8b08045565435558c6ca763,2026-09-13T03:44:01.000Z,Q2
all_weight_entries,Thundergod2007/vipragsent-xlmr-checkpoints,model,campaigns/vipragsent-xlmr-q1b-q4-followup-v1/xlmr_followup_q2_no_uncertainty_weighting_20260521/checkpoints/best/model.pt,7098825994,8d1c85b2a600ed35a38eb441985e3690a0c6bb02,fa75f1c6a3eaa92056af1b8d20bdfecc72ab65bb6fc0dc0806bf5c0d63d8b04f,7098825994,135,088abb52317a35439f7be3df79100e2e9b436d8aeae8637f51600e84f9387a51,343185463b426dd1a871bbef36b8d04bc4689189,2026-09-13T06:28:51.000Z,Q2
all_weight_entries,Thundergod2007/vipragsent-xlmr-checkpoints,model,campaigns/vipragsent-xlmr-q1b-q4-followup-v1/xlmr_followup_q2_no_uncertainty_weighting_20260521/checkpoints/latest/model.pt,7098825994,8d1c85b2a600ed35a38eb441985e3690a0c6bb02,fa75f1c6a3eaa92056af1b8d20bdfecc72ab65bb6fc0dc0806bf5c0d63d8b04f,7098825994,135,088abb52317a35439f7be3df79100e2e9b436d8aeae8637f51600e84f9387a51,3636f293818d3f03f5413b16e0ebf7ac297cdf67,2026-09-13T06:31:56.000Z,Q2
all_weight_entries,Thundergod2007/vipragsent-xlmr-checkpoints,model,campaigns/vipragsent-xlmr-q1b-q4-followup-v1/xlmr_followup_q2_no_uncertainty_weighting_20260522/checkpoints/best/model.pt,7098825994,4eb75dd9107e74a031c51ac65ac632cf3fd1e3bd,5a0db4b82eec2d544315234d7da7ee47d036be4a4b735e04921ba7b8338a013f,7098825994,135,9a97b2402df477a07d075ff2e3a57d702afb1351588092a899ffd488c3c9b32e,9fa6e90ad125772b0c4980c2fc77392c247c5af4,2026-09-13T07:58:07.000Z,Q2
all_weight_entries,Thundergod2007/vipragsent-xlmr-checkpoints,model,campaigns/vipragsent-xlmr-q1b-q4-followup-v1/xlmr_followup_q2_no_uncertainty_weighting_20260522/checkpoints/latest/model.pt,7098826122,da3c7695c1a610943ee046f58890a7b8fad4dc2d,d8f8faf0eaf358a02b7a089226a2c04773ff9a655043161ad98fb85fde7502ce,7098826122,135,8b9d19b3f530269bc4854a54ae3c3b1b6bc610a0449ee3a968a6d729ba7be3fe,47f56a8e5529e657c9c66d5734e3ec52182b1ffd,2026-09-13T07:59:05.000Z,Q2
all_weight_entries,Thundergod2007/vipragsent-xlmr-checkpoints,model,campaigns/vipragsent-xlmr-q1b-q4-followup-v1/xlmr_followup_q2_no_uncertainty_weighting_20260523/checkpoints/best/model.pt,7098825994,61315ecedd187ce5ee329581198cf7473bb588f1,2a5dc6058e16f6164aaa172487943313a7798980fe41a7cca47192e1439f483c,7098825994,135,f4bfde98a09951a80b2b7ccca6eb96636f38942666e6f77de5f973a6cf08c26c,8cdd6776014d9ce076587f400f767803d8f1894d,2026-09-13T10:06:13.000Z,Q2
all_weight_entries,Thundergod2007/vipragsent-xlmr-checkpoints,model,campaigns/vipragsent-xlmr-q1b-q4-followup-v1/xlmr_followup_q2_no_uncertainty_weighting_20260523/checkpoints/latest/model.pt,7098826122,3bc38a884d86cf2e9bbf5fb6ed5653e2790dcbbe,8dd82ff12064e5c383d4e0782f98b30252074422a6e8ff02b56b0c5656045e29,7098826122,135,18ed8018ba55affd1d698584d207a133e800349f8f4ac0715ca287f9a3d4811e,2ccccb60f5c95bce028e0642b9b558c67345ae0c,2026-09-13T10:09:33.000Z,Q2
all_weight_entries,Thundergod2007/vipragsent-xlmr-checkpoints,model,campaigns/vipragsent-xlmr-q1b-q4-followup-v1/xlmr_followup_q3_full_128_20260521/checkpoints/best/model.pt,7098834986,8d6e97ef91ac2e45fe8f2b5bbc7f176cf874b58c,6f4e15826d6582b6da46f38d09984fc2facb8bd8c2f43e53a1ce33aec49b9f9b,7098834986,135,145c7a68cede9ee1b4911596f2cd73c81a26d272e91693eb4f90fb8c461186d7,b73c1b1cc794da62fa7ef9621d45c1df68329f92,2026-09-14T05:16:26.000Z,Q3
all_weight_entries,Thundergod2007/vipragsent-xlmr-checkpoints,model,campaigns/vipragsent-xlmr-q1b-q4-followup-v1/xlmr_followup_q3_full_128_20260521/checkpoints/latest/model.pt,7098835178,8a18c1e205863cb642e56d7251c3d7fec6a21714,1da120f3c9e70cc13e08ed67aa2debb4f473f9259a65f21100327d32d4e55e41,7098835178,135,6cef6eab5f494283216ccce5ee0c97edd4f3e94ccce544ad48b9d3f3987c1298,b73c1b1cc794da62fa7ef9621d45c1df68329f92,2026-09-14T05:16:26.000Z,Q3
all_weight_entries,Thundergod2007/vipragsent-xlmr-checkpoints,model,campaigns/vipragsent-xlmr-q1b-q4-followup-v1/xlmr_followup_q3_full_128_20260522/checkpoints/best/model.pt,7098834986,6c0a3c718794f616f0195a9e2fc62b0785f80507,4843776b3c690b5b3e7a52444d63a1fe985b18821398294f69337842cf507440,7098834986,135,1fcdc3269037011714e6782298fcd47e3475f3e0c42de69a43f7ea319076bd8b,26105a057165be4f3b496c6ed7be19c6c3c4065b,2026-09-14T06:39:54.000Z,Q3
all_weight_entries,Thundergod2007/vipragsent-xlmr-checkpoints,model,campaigns/vipragsent-xlmr-q1b-q4-followup-v1/xlmr_followup_q3_full_128_20260522/checkpoints/latest/model.pt,7098835178,d5b9a65b32c894ec6772aac8634fb36f547f30f9,5a2bc5209ec211467f6f5b9a0bf099ba76440f620da4d2d8cfce75a9c8e748fe,7098835178,135,55bb751ad2ddb9b8a0fb596ca3a1057a2fc913932c0e0746336ae43d7510bde2,26105a057165be4f3b496c6ed7be19c6c3c4065b,2026-09-14T06:39:54.000Z,Q3
all_weight_entries,Thundergod2007/vipragsent-xlmr-checkpoints,model,campaigns/vipragsent-xlmr-q1b-q4-followup-v1/xlmr_followup_q3_full_128_20260523/checkpoints/best/model.pt,7098835306,f221c7c56553aa3ca56dbcf2573f77f39f57e428,a1bfba1e49aaf9800636bca5562b2395b8fb579624a28135eec33913819baff7,7098835306,135,4f9482b2b271874e590d5379c8d5bc05026777889378e57c4624e718517a9554,437818b6466961da56bd029180ce37964206d550,2026-09-14T08:21:27.000Z,Q3
all_weight_entries,Thundergod2007/vipragsent-xlmr-checkpoints,model,campaigns/vipragsent-xlmr-q1b-q4-followup-v1/xlmr_followup_q3_full_128_20260523/checkpoints/latest/model.pt,7098835434,a31a0303e96bfafe9e40acf3a42b8e3722af2ab4,d8c3dcb6b905baafd72fa4762e8b9530c54cfdb7e7a260e992288d79919e3b72,7098835434,135,6da9e5faf9c27e513e4d2885d99baa3614055aca1147e2ad43379254cc77008f,416f986f8401fd63c12b6f54112c62228a982d42,2026-09-14T08:25:39.000Z,Q3
all_weight_entries,Thundergod2007/vipragsent-xlmr-checkpoints,model,campaigns/vipragsent-xlmr-q1b-q4-followup-v1/xlmr_followup_q3_full_256_20260521/checkpoints/best/model.pt,7098835050,c48578496f8c9789ddb02da62bfabede67717cc8,ab0ef00aff6d0e59fd42cd4e483019730597863c10535034cb061bdacce3ad71,7098835050,135,e3a05dfe35271e4049d6033bede758c79f4133161aebd13fa719b218d96299f8,58a6ddd5db1ce5b10366dbc02007af4eaad09104,2026-09-14T10:04:19.000Z,Q3
all_weight_entries,Thundergod2007/vipragsent-xlmr-checkpoints,model,campaigns/vipragsent-xlmr-q1b-q4-followup-v1/xlmr_followup_q3_full_256_20260521/checkpoints/latest/model.pt,7098835306,638b5292f743e03a77c9e35eac6ad4bef9a19203,8a26b8f1f014442ef7734783e4ce0d0b76581c0b9cca4ed1fb1b2d26f06bcfa1,7098835306,135,fe9c8f1e7968ef8624842487ce5f702525a41923fc33818cbddd075805f61683,bbcda2e44b5166b9a0ada61f80dcbbc789139ef9,2026-09-14T10:08:29.000Z,Q3
all_weight_entries,Thundergod2007/vipragsent-xlmr-checkpoints,model,campaigns/vipragsent-xlmr-q1b-q4-followup-v1/xlmr_followup_q3_full_256_20260522/checkpoints/best/model.pt,7098834858,3261c16a4d84d612aa9d540abe6141b1d676e358,4165f5ab747e04d9f4ac21aa0d913663563c4805ac43dec7537edfb638684c17,7098834858,135,4fac43d5532ebef59149d3fb43a03d404ae105ce7bf45b0f9b322954f8147aaa,41098f5d3d17f8dbf3a3c9f21f09a3e1f020115b,2026-09-14T11:18:23.000Z,Q3
all_weight_entries,Thundergod2007/vipragsent-xlmr-checkpoints,model,campaigns/vipragsent-xlmr-q1b-q4-followup-v1/xlmr_followup_q3_full_256_20260522/checkpoints/latest/model.pt,7098835114,1d82b1585502fd12c8ba112b76e002a2258127c3,5667c84500b3be6cfc0bb92f810b49f8747f8604154e4eddfba806eaae76925c,7098835114,135,4f9974cdbdf06b646a813a4e1c03aeda27e2b5ba1dacb047f489dac1e87d3bf1,41098f5d3d17f8dbf3a3c9f21f09a3e1f020115b,2026-09-14T11:18:23.000Z,Q3
all_weight_entries,Thundergod2007/vipragsent-xlmr-checkpoints,model,campaigns/vipragsent-xlmr-q1b-q4-followup-v1/xlmr_followup_q3_full_256_20260523/checkpoints/best/model.pt,7098835306,4e1e06ff9c94c805e765b62c7781e4efa7162813,abd9509ff51187052f4849e11b28f092d9a53be5d76f818d8b60c2afd84b6375,7098835306,135,1bacfa99b7b75ef1d674350692f83aabf838bcfeeb1f57b605bd96fc98d5f778,ee58aba12ecdcf27415b78658ac65e250e2969b5,2026-09-14T13:00:16.000Z,Q3
all_weight_entries,Thundergod2007/vipragsent-xlmr-checkpoints,model,campaigns/vipragsent-xlmr-q1b-q4-followup-v1/xlmr_followup_q3_full_256_20260523/checkpoints/latest/model.pt,7098835434,1cb8f1981ee966d4bcbea01204b27eeefdb319ad,33e4ed6c0471158e8b3be825124c2198eca6188fdfa0c7dc4aaa6de4b8cd7db4,7098835434,135,7da59721194b3323dbee6bdd7b772b0b76363f0b0b0a4dd0aebee46164fc02d4,c55d94a59b720231066e951004ecee846a3b2811,2026-09-14T13:04:23.000Z,Q3
all_weight_entries,Thundergod2007/vipragsent-xlmr-checkpoints,model,campaigns/vipragsent-xlmr-q1b-q4-followup-v1/xlmr_followup_q3_full_32_20260521/checkpoints/best/model.pt,7098834858,86041e898bbd025e267921edb825bd21204abd02,1de25128465b725c47554d863d9a1a15015f1121fd7e8ccaf2bbdec5502e9d3d,7098834858,135,f3a4f8d6a390bb85d983308f4ffe86f6a309b105cbe8074073f4b222f8c271f0,c1444d7fa8f031a1e792c016a714bdafb5879f3d,2026-09-13T19:37:34.000Z,Q3
all_weight_entries,Thundergod2007/vipragsent-xlmr-checkpoints,model,campaigns/vipragsent-xlmr-q1b-q4-followup-v1/xlmr_followup_q3_full_32_20260521/checkpoints/latest/model.pt,7098835050,3fe678639be31f9d765c6e84bc17f2a3a92f2fb9,93e25c16d7c5514442cb3c5d3aaa669cd0a1ebd0491f1e66fd9288f31254f318,7098835050,135,b1fe4d21d8eebf9766f6a5d84604264cf3aee4f0c2394ceb6f7f8583ed1e47fc,c1444d7fa8f031a1e792c016a714bdafb5879f3d,2026-09-13T19:37:34.000Z,Q3
all_weight_entries,Thundergod2007/vipragsent-xlmr-checkpoints,model,campaigns/vipragsent-xlmr-q1b-q4-followup-v1/xlmr_followup_q3_full_32_20260522/checkpoints/best/model.pt,7098835114,04f40fbe32a0269f129e8fd6e59b869eee2e8286,e34b54bedb6e299d415130c8d461c614540b081c2276ba15ad12c72a7aa9eb8d,7098835114,135,07ee808e23b97e9f2b3e05d537ad767dcac9fd11732ab9443ae14495470f7683,ab80e5b2b7ada0274c6ecb859dd219658609411c,2026-09-13T21:14:04.000Z,Q3
all_weight_entries,Thundergod2007/vipragsent-xlmr-checkpoints,model,campaigns/vipragsent-xlmr-q1b-q4-followup-v1/xlmr_followup_q3_full_32_20260522/checkpoints/latest/model.pt,7098835306,61c8ae9907a63702a6dc95e23240787c52f1217a,26025c059a21099856996f3ce8b068e30646b1e9dfecdc422fd84f4ce53ce524,7098835306,135,810b922985f283b4924df4868859afbe7f30523a025901a3a12978ae2b0bde26,ab80e5b2b7ada0274c6ecb859dd219658609411c,2026-09-13T21:14:04.000Z,Q3
all_weight_entries,Thundergod2007/vipragsent-xlmr-checkpoints,model,campaigns/vipragsent-xlmr-q1b-q4-followup-v1/xlmr_followup_q3_full_32_20260523/checkpoints/best/model.pt,7098835178,3afa4ef1af3717e4bce21313a003e166ef74b8f7,9123c848ddc25153ece64c931793db4b9a847bb4e20a69e8e9f9c04695c197b7,7098835178,135,f9d34b3a081f4d10c3247f2b8e637e2d2fae0fc5cd31b0be467bfdb6fe018af7,3270037a4d0df0164cb285dc3a56202772b3e5fb,2026-09-13T23:00:15.000Z,Q3
all_weight_entries,Thundergod2007/vipragsent-xlmr-checkpoints,model,campaigns/vipragsent-xlmr-q1b-q4-followup-v1/xlmr_followup_q3_full_32_20260523/checkpoints/latest/model.pt,7098835434,2ac3c80caf4c2b206e4ed057fa562abdc3f29969,a1bda1e1c036c78da9b9f212e63008720fceef1d88ec162ba6cc006a298d305e,7098835434,135,dcd006c1c36aa55e26328ea182b0330de347db0b3a3abca649558cbd84a192f5,3270037a4d0df0164cb285dc3a56202772b3e5fb,2026-09-13T23:00:15.000Z,Q3
all_weight_entries,Thundergod2007/vipragsent-xlmr-checkpoints,model,campaigns/vipragsent-xlmr-q1b-q4-followup-v1/xlmr_followup_q3_full_512_20260521/checkpoints/best/model.pt,7098835178,e4f23269ffc25fea75adcded16bba84ace16854b,85d6699519af3774116341fea4ca0a6e5a87204694dac138365f4af85d78513f,7098835178,135,a2453d95ad74ec706aca962dfdea3eb225a203e735846f31bd05ffb2cc07d9a3,0bcdcef00a1808f296045ca62c98496f96084498,2026-09-14T14:43:06.000Z,Q3
all_weight_entries,Thundergod2007/vipragsent-xlmr-checkpoints,model,campaigns/vipragsent-xlmr-q1b-q4-followup-v1/xlmr_followup_q3_full_512_20260521/checkpoints/latest/model.pt,7098835306,e9996403889e9ba4b987c87991f7ec22703e3564,056e8d1546c4321602d58c3d85929dca6b703fbbe354c4c247ec0011fab2b866,7098835306,135,4200bce7da7ebdd4aff928495b37e10a4593ec09e80d613462f88873a1d68d39,3e6a714e54e7aa1706cacfc6c79c58329919ca74,2026-09-14T14:47:28.000Z,Q3
all_weight_entries,Thundergod2007/vipragsent-xlmr-checkpoints,model,campaigns/vipragsent-xlmr-q1b-q4-followup-v1/xlmr_followup_q3_full_512_20260522/checkpoints/best/model.pt,7098834986,1659e3f48c0f6fd15950118667d108509153ff41,d3a701486993e06a1339332aeb662fa19a766de7a4c8c945a85d969c01091481,7098834986,135,5695f9e5256b59a3fbe21e8c7648df4f762ad76cbc248790704cb878ae9e41f1,a671cc7a9a766e638b3a25b9490a73b024baaa76,2026-09-14T16:06:59.000Z,Q3
all_weight_entries,Thundergod2007/vipragsent-xlmr-checkpoints,model,campaigns/vipragsent-xlmr-q1b-q4-followup-v1/xlmr_followup_q3_full_512_20260522/checkpoints/latest/model.pt,7098835178,701e9e6acbbc0c0974c9166898945be58511725b,c918bf9452df59a81c924b6ae64f6b9db10d2bf3ad339a5be22264a5840ee098,7098835178,135,f0aca32bf5fa54deca27ddae5a3885e97cd710d0eea235c1d25f118f87499c35,a671cc7a9a766e638b3a25b9490a73b024baaa76,2026-09-14T16:06:59.000Z,Q3
all_weight_entries,Thundergod2007/vipragsent-xlmr-checkpoints,model,campaigns/vipragsent-xlmr-q1b-q4-followup-v1/xlmr_followup_q3_full_512_20260523/checkpoints/best/model.pt,7098835114,c7ae3ed09ecec6c85bf41f7d618a4badf53e3db7,76c18302a67ed47a780b96f267d04b4989f6859b577d7e284b7551a276abdd64,7098835114,135,3558c1bce28cf1f7974f4c5e6f9897544817e1643db6e95137e52478099939f0,d18554a9825544b467007094cd633a0275f55770,2026-09-14T17:39:22.000Z,Q3
all_weight_entries,Thundergod2007/vipragsent-xlmr-checkpoints,model,campaigns/vipragsent-xlmr-q1b-q4-followup-v1/xlmr_followup_q3_full_512_20260523/checkpoints/latest/model.pt,7098835306,45ba4b6e4ed592be2ca283bca0e6ffccface7aff,ff45b8431421300cdff3f271aef003555a98602c5c0b90271ced731af0ac7735,7098835306,135,70d14bd5cf0c7cd3eb2c6fbdc9b629e6994ac7c30ebf514863f770fe0af980a7,d18554a9825544b467007094cd633a0275f55770,2026-09-14T17:39:22.000Z,Q3
all_weight_entries,Thundergod2007/vipragsent-xlmr-checkpoints,model,campaigns/vipragsent-xlmr-q1b-q4-followup-v1/xlmr_followup_q3_full_64_20260521/checkpoints/best/model.pt,7098834986,523e0c18d225c6039894a030edaff4617d2b3a49,5b9c774362719b0c37cbb6f6778ecb8f754f8ce22a957f46d09e787d7af9651d,7098834986,135,8359802502c5c8100a79da7bed144732feae903ec853bc900a612d7830cc5579,81673a1d5546fe3ba821053dd13966baf60f104b,2026-09-14T00:35:29.000Z,Q3
all_weight_entries,Thundergod2007/vipragsent-xlmr-checkpoints,model,campaigns/vipragsent-xlmr-q1b-q4-followup-v1/xlmr_followup_q3_full_64_20260521/checkpoints/latest/model.pt,7098835178,1dff3aca32c82f6ee38e30dabc3af4d6ac89deac,5ee09390449f01b0e7e739142bb47952900e05229d779a0602c6c21ed51bd58c,7098835178,135,6f56afe8f9aa37a66712bdb82ec6588841cf1b04d02e5dd8fd6c6a7f2b0d2ada,81673a1d5546fe3ba821053dd13966baf60f104b,2026-09-14T00:35:29.000Z,Q3
all_weight_entries,Thundergod2007/vipragsent-xlmr-checkpoints,model,campaigns/vipragsent-xlmr-q1b-q4-followup-v1/xlmr_followup_q3_full_64_20260522/checkpoints/best/model.pt,7098834986,72bcdc6d89ef9e6f1cb9349b1d57be81e36d6370,fe7b50bf6e284185c7801215e6331007612befdc73f3f792ce1468f6830322ae,7098834986,135,1c1a1a7a5f20d9fbc6a123ef553ecbf7b13090768e6bb09b997226b45230fe5a,bb0cb0d61536339df5a654d694369e474e788f7e,2026-09-14T01:59:40.000Z,Q3
all_weight_entries,Thundergod2007/vipragsent-xlmr-checkpoints,model,campaigns/vipragsent-xlmr-q1b-q4-followup-v1/xlmr_followup_q3_full_64_20260522/checkpoints/latest/model.pt,7098835178,5b1f3f4aeb3bc6cab07ae85c2297f174ea1cfd2d,87933bbb2bacf54e14a829b8e98478d4d7b4d19e419c249e6f20210af076534f,7098835178,135,f2f9a4451acdfc5384f99aaf36f47a323375ac9935735685be9c683d31a49ab9,bb0cb0d61536339df5a654d694369e474e788f7e,2026-09-14T01:59:40.000Z,Q3
all_weight_entries,Thundergod2007/vipragsent-xlmr-checkpoints,model,campaigns/vipragsent-xlmr-q1b-q4-followup-v1/xlmr_followup_q3_full_64_20260523/checkpoints/best/model.pt,7098835306,bb9e5313dc9fa37a9427ece98cf24c4cde4783e1,3eb5e3d0f26ee547a84e57abda39e253364dd1525a09bb3ef1ad90a81c7e8c9f,7098835306,135,ca06d2b9bdcfc57986c4e38ec892862a6d62d1cc09795d7222ad5c37258e8bd2,2bccf1f489b97e94bd0c4bf2c27f334bc67f63d4,2026-09-14T03:42:51.000Z,Q3
all_weight_entries,Thundergod2007/vipragsent-xlmr-checkpoints,model,campaigns/vipragsent-xlmr-q1b-q4-followup-v1/xlmr_followup_q3_full_64_20260523/checkpoints/latest/model.pt,7098835434,0d3db8cb087d81b79ac77ca0f58fbaab31712701,7a7ea777172b4d3e6db80d657668f4a2855fcad2a07c5dfe026fd159ee1c2af8,7098835434,135,3ded68c8ac56dd669a89894301d4d1c19da58cb17f1a64573b6dfb05cd6c6e3a,2bccf1f489b97e94bd0c4bf2c27f334bc67f63d4,2026-09-14T03:42:51.000Z,Q3
all_weight_entries,Thundergod2007/vipragsent-xlmr-checkpoints,model,campaigns/vipragsent-xlmr-q1b-q4-followup-v1/xlmr_followup_q3_full_full_20260521/checkpoints/best/model.pt,7098834666,605e3ca6030090fecc88dd6091811b67bbd4c4a3,2327c2a48f4d04580e5e229ff63402598255ef2c6576c574117d0cc96e527a24,7098834666,135,08f66c1b2d3ed4f541279200220729c66aa06f2a470110f6244317a11d48d56c,8b61c044fe304bd3847460242817539086aec6bd,2026-09-14T18:43:43.000Z,Q3
all_weight_entries,Thundergod2007/vipragsent-xlmr-checkpoints,model,campaigns/vipragsent-xlmr-q1b-q4-followup-v1/xlmr_followup_q3_full_full_20260521/checkpoints/latest/model.pt,7098834858,489e81188f89c8c8b9e6bc5b4ce9bcd7ded7d825,e72c2c1bd9a414123de4e00ab48f96f7cf493d75d9976b185cdf32fff6e7bbc1,7098834858,135,c1e0a3bb492b34a680cd3b64e2d97a53f46b95ee22eba6efbebd0810f5782621,8b61c044fe304bd3847460242817539086aec6bd,2026-09-14T18:43:43.000Z,Q3
all_weight_entries,Thundergod2007/vipragsent-xlmr-checkpoints,model,campaigns/vipragsent-xlmr-q1b-q4-followup-v1/xlmr_followup_q3_full_full_20260522/checkpoints/best/model.pt,7098835306,b968b0248618eddbc482a1d3b67041b6d44f8343,d683a5036ea049eeb8469eb9829215787650d8e128c9613e5c03ff4df3be60fc,7098835306,135,6ee04d48296601edee9107fca396a07e31b074c01c9638e164c2033191d6c089,385b565bccf267f5e7e4b2e067e1eaa3f6426961,2026-09-14T20:24:18.000Z,Q3
all_weight_entries,Thundergod2007/vipragsent-xlmr-checkpoints,model,campaigns/vipragsent-xlmr-q1b-q4-followup-v1/xlmr_followup_q3_full_full_20260522/checkpoints/latest/model.pt,7098835434,4f67988c1c2b79e4b6591a4f5688d4da3f5ff1ef,c8d3ccbc1d895431d46e875b58d8be7747fa0883113b0070410e2d655c8f101c,7098835434,135,33f366836604080c22c3a985c610e2351b848959fa797ac5bcd97606e077d5f7,29e0950e7571cf4e5aa7b681147c94b512e448da,2026-09-14T20:28:39.000Z,Q3
all_weight_entries,Thundergod2007/vipragsent-xlmr-checkpoints,model,campaigns/vipragsent-xlmr-q1b-q4-followup-v1/xlmr_followup_q3_full_full_20260523/checkpoints/best/model.pt,7098834794,c390994a5e823dcea3819a6b9c0bff813a10d362,bbba82de30b86d7744177119e89704585e83a602e2d0d3b4f3a626629ad9aeae,7098834794,135,bc8c99df2cdf39695881ab4d87d31de4d0e53264c1f844de0f2747596c41b076,79162901e214eb2551ebe8c82fcff32c987b7743,2026-09-14T21:28:19.000Z,Q3
all_weight_entries,Thundergod2007/vipragsent-xlmr-checkpoints,model,campaigns/vipragsent-xlmr-q1b-q4-followup-v1/xlmr_followup_q3_full_full_20260523/checkpoints/latest/model.pt,7098834986,2e509d64392a70a71679f6251af18623066b0e23,ab7f21a0a382e3fb3b422988b10ee11570328116decdd60d90411f0ec7bb9f75,7098834986,135,bede076cdcb109027cf9fb36d8d4a73a5216cafb6db4e52aff96e4f7b3cfc185,545ce74ea5a69d86541b631c409015ef07d3f30f,2026-09-14T21:32:39.000Z,Q3
all_weight_entries,Thundergod2007/vipragsent-xlmr-checkpoints,model,q1a_xlmr_pragmatic_finetune_20260521/checkpoints/best/model.pt,6706720214,bc7f705acc9a1505d985fb110f87d767d4e8dfa6,743d0df325f6313f038fa53ab0f5be03a94f496a2b2d30caa1f7b09087c9aabb,6706720214,135,8a8fcac865b4d84516c630d02e0c79a3b4c62bae52803b3391c1f46f7bd20ecb,287d5555ec0802811a16062dc3b0afc6a4ce71a7,2026-08-08T15:49:45.000Z,Q1a
all_weight_entries,Thundergod2007/vipragsent-xlmr-checkpoints,model,q1a_xlmr_pragmatic_finetune_20260522/checkpoints/best/model.pt,6706720342,80a28546e19b356a09086e0b2a24ac493e889fa4,324f416164096fda9e095c63810153667a480a21499816a7d159d7b6d434be92,6706720342,135,26328a5fc39cda323db07a142d7455070609319fe2afebb15d20c0e567476c69,5f8a0ef32ffea05cdd45601b30923a54e7b0edf0,2026-08-08T16:03:31.000Z,Q1a
all_weight_entries,Thundergod2007/vipragsent-xlmr-checkpoints,model,q1a_xlmr_pragmatic_finetune_20260523/checkpoints/best/model.pt,6706720342,daad6919cdd46d77ebdd60a3d58b74e93d81a899,680662efae10721c217d9de12b635ad523e34960c7aa6fe02d41ad8d95e5a5e4,6706720342,135,662667dc03e2d4dbfa0bf591a04229f2b64ceb7ff6d25066614833db3cf7d880,d004da4621be813a1f3ce8ef3d171dce6102fbe2,2026-08-08T16:32:50.000Z,Q1a
