sample_id,text,implicit_sentiment,sarcasm,irony,idiom_figurative,code_switching,mocking,polarity,emotion,split,source_dataset
fresh_visobert_10072,mua Tab S8 dùng đi thui,0,0,0,0,0,0,neutral,other,train,SEACrowd/ViSoBERT
fresh_visobert_00448,thầy tết ghé coi,0,0,0,0,0,0,negative,sadness,train,SEACrowd/ViSoBERT
fresh_visobert_08823,"Nguyễn Anh Phước t chửn bị nửa lít axit, chặt 1 cái t tạt dô tay liềnnnn",0,0,0,0,0,0,neutral,other,train,SEACrowd/ViSoBERT
fresh_visobert_03624,thanh niên phân biệt vùng miền bàn phím vãi lồng giỏi hà nội kêu bắc kỳ đường sài gòn cặc kêu nam kỳ coi thử răng hàm mặt chỉnh hình đkm lũ phân biệt vùng miền đkm lũ phản động,0,0,0,1,0,0,neutral,surprise,train,SEACrowd/ViSoBERT
fresh_visobert_10563,"Đào nhà t nở đc có 4-5 bông, cháu t vặt cả nụ lẫn hoa :))",1,0,0,0,0,0,neutral,other,train,SEACrowd/ViSoBERT
fresh_visobert_08400,Chúc bé Thiên từ mau ăn chóng lớn học giỏi chăm ngoan và vâng lời cha mẹ,0,0,0,0,0,0,neutral,other,train,SEACrowd/ViSoBERT
fresh_visobert_06858,Hay những người không nhớ nổi một cái tên,0,0,0,0,0,0,positive,enjoyment,train,SEACrowd/ViSoBERT
fresh_visobert_01866,post quảng cáo 😂 😂,0,0,0,0,0,0,positive,enjoyment,train,SEACrowd/ViSoBERT
fresh_visobert_05220,hợp má sâm wtf,0,0,0,0,0,0,neutral,other,train,SEACrowd/ViSoBERT
fresh_visobert_09664,Sẹo thâm bao nhiêu vậy,0,0,0,0,0,0,neutral,other,train,SEACrowd/ViSoBERT
fresh_visobert_11127,"Mình ko nói các bạn diễn , nhưng nếu là mẹ mình, chỉ nhìn thoáng đôi mắt thoi cunhx nhận ra ngay",1,1,1,0,0,1,neutral,disgust,train,SEACrowd/ViSoBERT
fresh_visobert_10588,Haha trend mới mà,1,0,1,0,1,0,neutral,enjoyment,train,SEACrowd/ViSoBERT
fresh_visobert_09027,Mặc vào bỗng thấy mình quá ma gaming,0,0,0,0,1,0,negative,sadness,train,SEACrowd/ViSoBERT
fresh_visobert_03524,amber thơ vần còn vần =)),1,0,0,0,0,0,neutral,other,train,SEACrowd/ViSoBERT
fresh_visobert_08183,Da sẽ trắng sáng dần và khỏe mạnh lên em nhé (ad Thúy),0,0,0,0,0,0,neutral,other,train,SEACrowd/ViSoBERT
fresh_visobert_01229,mồ tổ cha mày đăng lược chi tiết cty hổ trợ thùng number one bình đựng cặc nước đá tham chút đòi thùng number one đừg ngu tỏ nguy hiểm nha ad,1,0,0,0,0,1,negative,fear,train,SEACrowd/ViSoBERT
fresh_visobert_11308,"Thơ hay quá, bài gì vậy gđth ❤",1,1,0,0,0,0,positive,enjoyment,train,SEACrowd/ViSoBERT
fresh_visobert_09934,Thuoc ho uong ngay may vien duong,0,0,0,0,0,0,neutral,other,train,SEACrowd/ViSoBERT
fresh_visobert_09268,"Ngô Diệu Linh thuỳ linh ,Nguyễn Thị Hồng Ngọc minh Nguyễn Thị Hồng Ngọc",0,0,0,0,0,0,neutral,other,train,SEACrowd/ViSoBERT
fresh_visobert_03741,địa điểm ăn nhậu họp cách diễn kakaa,1,0,0,0,0,1,neutral,disgust,train,SEACrowd/ViSoBERT
fresh_visobert_08979,Em đổi đôi kia nấy rắn đen được ko ak mai em qua quán nấy,0,0,0,0,0,0,neutral,other,train,SEACrowd/ViSoBERT
fresh_visobert_00656,cương đặng bảo palu lưu 😂 😂,0,0,0,0,0,0,positive,enjoyment,train,SEACrowd/ViSoBERT
fresh_visobert_06226,"Bàn phím đẹp, chất lượng, giao hàng nhanh",1,0,0,0,0,0,positive,enjoyment,train,SEACrowd/ViSoBERT
fresh_visobert_11503,kênh hay mà ra video chậm nhỉ quá là buồn,0,0,1,0,1,0,neutral,sadness,train,SEACrowd/ViSoBERT
fresh_visobert_03267,buồn lắm )),0,0,0,0,0,0,negative,sadness,train,SEACrowd/ViSoBERT
fresh_visobert_07813,E sợ t gian lm giàu rồi mà tuổi tác già yếu mẹ rồi,1,0,1,0,0,0,negative,fear,train,SEACrowd/ViSoBERT
fresh_visobert_07053,Vẫn thích TNS của ngày trước hơn,0,0,0,0,0,0,positive,enjoyment,train,SEACrowd/ViSoBERT
fresh_visobert_02425,bùi tiến dũng nhá,0,0,0,0,0,0,neutral,sadness,train,SEACrowd/ViSoBERT
fresh_visobert_03237,jiang jiang 👉 👉 liên hệ even show chụp ảnh pr call quản lý 9 8 9 😀 😙 ❤ ❤ 👈 👈,0,0,0,0,1,0,positive,enjoyment,train,SEACrowd/ViSoBERT
fresh_visobert_11672,Hôm nay VN nối đá thua thái nhất hàng thủ giỏi nhất đông nam á😆,0,0,0,0,0,0,neutral,enjoyment,train,SEACrowd/ViSoBERT
fresh_visobert_10144,Sắp phải jk hok rồi chán ghê😞,0,0,0,0,0,0,negative,sadness,train,SEACrowd/ViSoBERT
fresh_visobert_11720,son môi 9948869,0,0,0,0,0,0,positive,sadness,train,SEACrowd/ViSoBERT
fresh_visobert_10914,"Chắc chị sắp thất nghiệp rồi Gấu, 5 này bên công ty cho nghỉ toàn bộ luôn rồi.",0,0,0,0,0,0,neutral,other,train,SEACrowd/ViSoBERT
fresh_visobert_07408,"Chơi mà lòng tự nhủ ""game là để giải trí, để giải trí, để giải trí, để giải trí, nhưng đell phải con game loèn này, con game loèn này ứ phải để giải trí"" 🤣🤣🤣",1,1,1,0,1,1,neutral,enjoyment,train,SEACrowd/ViSoBERT
fresh_visobert_04789,xịt lốp oto vs xịt lốp xe máy tiền phạt oto vs xe máy,0,0,0,0,0,0,neutral,other,train,SEACrowd/ViSoBERT
fresh_visobert_06828,Kkk. Để đi sắm cái,0,0,0,0,0,0,neutral,enjoyment,train,SEACrowd/ViSoBERT
fresh_visobert_10213,Flash thua theo chiến thuật làm anh tưởng đánh yếu lo vãi,1,0,1,1,0,1,negative,fear,train,SEACrowd/ViSoBERT
fresh_visobert_00822,bảo virus corona sống máu thua )),0,0,0,0,0,0,neutral,other,train,SEACrowd/ViSoBERT
fresh_visobert_11699,lần tuần :)),1,0,0,0,0,0,neutral,other,train,SEACrowd/ViSoBERT
fresh_visobert_07919,"Ớ, rớt tym rồi💓",0,0,0,0,0,0,positive,enjoyment,train,SEACrowd/ViSoBERT
fresh_visobert_10818,Chúc blog của chị sẽ phát triển hơn nữa nè :,0,0,0,0,0,0,neutral,other,train,SEACrowd/ViSoBERT
fresh_visobert_09325,Mới đi tè vào cái - 😕,0,0,0,0,0,0,neutral,other,train,SEACrowd/ViSoBERT
fresh_visobert_01274,tùng sói tutu hoy,0,0,0,0,0,0,positive,enjoyment,train,SEACrowd/ViSoBERT
fresh_visobert_10810,Ad cho xin thông tin lightning show trong công viên Bạch Đằng đê,0,0,0,0,1,0,neutral,other,train,SEACrowd/ViSoBERT
fresh_visobert_07983,Diệp Đình Huy rất thuyết phục,0,0,0,0,0,0,neutral,other,train,SEACrowd/ViSoBERT
fresh_visobert_10375,"Ánh đèn vàng, làn sương mù, cỏ cây ven đường phố bên đồi",0,0,0,0,0,0,neutral,other,train,SEACrowd/ViSoBERT
fresh_visobert_11727,"Bàn thì chả ngồi mấy nhưng mà ae siêu nhân thì bày cho kín bàn , chả thấy sổ sách giấy tờ gì ở bàn 😅😅",1,0,1,1,0,0,neutral,surprise,train,SEACrowd/ViSoBERT
fresh_visobert_02463,cỗ bàn chén dc ae nhể gấu bốn mắt phạm phương cặc nga độc muỗi bọn cứt nát lá xoan,0,0,0,0,0,0,neutral,other,train,SEACrowd/ViSoBERT
fresh_visobert_10163,Nhà thương - tiếng Sài Gòn xưa kêu tên bịnh viện,0,0,0,0,0,0,neutral,sadness,train,SEACrowd/ViSoBERT
fresh_visobert_06416,Hải Phòng tôi bán gà Ngon hơn ny cũ các ông. Thank ad 💓,1,0,0,0,1,1,neutral,disgust,train,SEACrowd/ViSoBERT
fresh_visobert_06778,"Ánh TuyếtThuỳ TrangPhuongg Anhh cuộc chiến của các nhà bđs tài ba, người thắng thì có tất còn người thua thì ăn l:)))))))",1,0,0,0,0,0,neutral,other,train,SEACrowd/ViSoBERT
fresh_visobert_05505,dầu tẩy trang nhật hàng xách,0,0,0,0,0,0,neutral,other,train,SEACrowd/ViSoBERT
fresh_visobert_10076,Nguyễn Thu Hà mình đợi,0,0,0,0,0,0,negative,disgust,train,SEACrowd/ViSoBERT
fresh_visobert_11657,Chó để con linh cá lóc,0,0,0,0,0,0,neutral,other,train,SEACrowd/ViSoBERT
fresh_visobert_00076,Tới luôn bạn. Nhà mình ở Tân Bình đường Cộng Hoà :)),1,1,0,0,0,1,neutral,disgust,train,SEACrowd/ViSoBERT
fresh_visobert_09684,CT này chán như con zán,1,0,0,1,0,1,negative,disgust,train,SEACrowd/ViSoBERT
fresh_visobert_11358,"♨Uống HIGHLAND COFFEE Ít tốn tiền, nhiều ưu đãi",0,0,0,0,0,0,neutral,other,train,SEACrowd/ViSoBERT
fresh_visobert_09890,Mồ chôn một lũ ngủ quên,0,0,0,0,0,0,neutral,other,train,SEACrowd/ViSoBERT
fresh_visobert_02255,nhập code đc huy hiệu,0,0,0,0,0,0,neutral,other,train,SEACrowd/ViSoBERT
fresh_visobert_09156,Góc chụp thần thánh 💖💖💖 đẹp xứt xắt 💓💓💓,1,0,0,1,0,0,positive,enjoyment,train,SEACrowd/ViSoBERT
fresh_visobert_08300,"trên quả người cáo có quà tặng, mà giao hàng không có. không hài lòng chút nào .dù là quà không không dùng được cũng phải tăng như quả người cáo chứ 😡😡😡😡",1,0,1,1,0,0,neutral,anger,train,SEACrowd/ViSoBERT
fresh_visobert_05624,chẳng dân ngu dốt học luật má giao thông bố làm bậy dm,1,0,0,0,0,1,negative,anger,train,SEACrowd/ViSoBERT
fresh_visobert_02979,cà khịa sơn =)),1,0,0,0,0,0,neutral,other,train,SEACrowd/ViSoBERT
fresh_visobert_03679,hì hi hí hì hi hí hì bồ lằng nhằg,0,0,0,0,0,0,neutral,other,train,SEACrowd/ViSoBERT
fresh_visobert_04555,a di đà phật mong dịch đập tắc,0,0,0,0,0,0,neutral,other,train,SEACrowd/ViSoBERT
fresh_visobert_02196,lâm đỗ hoàng thông panba,0,0,0,0,0,0,neutral,enjoyment,train,SEACrowd/ViSoBERT
fresh_visobert_11785,địa chỉ ở đâu vậy b,0,0,0,0,0,0,neutral,other,train,SEACrowd/ViSoBERT
fresh_visobert_04910,hiếu bến tre tụi haha đạo đức thả haha cmt,0,0,0,0,0,0,neutral,enjoyment,train,SEACrowd/ViSoBERT
fresh_visobert_00378,góp vui một tí,0,0,0,0,0,0,positive,enjoyment,train,SEACrowd/ViSoBERT
fresh_visobert_08192,Có cảm giác thất tình r nè 😂😂,0,0,0,0,0,0,positive,enjoyment,train,SEACrowd/ViSoBERT
fresh_visobert_08185,Hồng Ngọc challenge làm một bộ ảnh các bé cún bên đừn đi Hònk Ngók,0,0,0,0,1,0,neutral,other,train,SEACrowd/ViSoBERT
fresh_visobert_10672,rạp nào có rồi vậy,0,0,0,0,0,0,neutral,other,train,SEACrowd/ViSoBERT
fresh_visobert_04619,hi độ tỷ tỷ,0,0,0,0,0,0,negative,sadness,train,SEACrowd/ViSoBERT
fresh_visobert_06294,thg nào nhập a tôi vậy,0,0,0,0,0,0,neutral,other,train,SEACrowd/ViSoBERT
fresh_visobert_03333,má chán vãi lồng,0,0,0,1,0,0,negative,sadness,train,SEACrowd/ViSoBERT
fresh_visobert_06842,Đàn ông thực dụng vứt 😎,0,0,0,0,0,0,positive,enjoyment,train,SEACrowd/ViSoBERT
fresh_visobert_07977,Tết nay sếp chơi lớn thế,0,0,0,0,0,0,neutral,other,train,SEACrowd/ViSoBERT
fresh_visobert_06657,Có thi với đan dám ăn híp e nè :((,0,0,0,0,0,0,neutral,other,train,SEACrowd/ViSoBERT
fresh_visobert_00230,đồng nhung máy bay phalcon tỷ belike,0,0,0,0,0,0,neutral,other,train,SEACrowd/ViSoBERT
fresh_visobert_10331,mình thích cún bụi đời hị hị,0,0,0,0,0,0,positive,enjoyment,train,SEACrowd/ViSoBERT
fresh_visobert_06745,Nguyễn Hừng Haha. Cm con Nhung rồi.,0,0,0,0,0,0,neutral,enjoyment,train,SEACrowd/ViSoBERT
fresh_visobert_10139,khó bỏ lắm nerf nữa nép mãi vẫn chuến😂😂,0,0,0,0,0,0,positive,enjoyment,train,SEACrowd/ViSoBERT
fresh_visobert_06606,Bách lên mây = mây bách 😂😂😂,1,0,0,1,0,0,positive,enjoyment,train,SEACrowd/ViSoBERT
fresh_visobert_11810,Rồi có có th@i không ạ???,1,0,0,0,0,0,neutral,surprise,train,SEACrowd/ViSoBERT
fresh_visobert_06333,Hằng Thị Lê dm con lòn nào v,1,0,0,0,0,1,neutral,anger,train,SEACrowd/ViSoBERT
fresh_visobert_03735,em gái xinh ước gì chi nước da,0,0,0,0,0,0,neutral,other,train,SEACrowd/ViSoBERT
fresh_visobert_04410,bọn cặc lính,0,0,0,0,0,0,negative,anger,train,SEACrowd/ViSoBERT
fresh_visobert_05057,nắng đẹp tranh thủ chụp ảnh >>,0,0,0,0,0,0,positive,enjoyment,train,SEACrowd/ViSoBERT
fresh_visobert_11510,"Cuối game k kẹp lux để lấy mê hoặc, đánh 5 đấu sĩ? Bảo sao vẫn ở rank kc🙄",1,0,0,0,1,1,positive,disgust,train,SEACrowd/ViSoBERT
fresh_visobert_09816,đậu phộng hahhahah may hềy,0,0,0,0,0,0,neutral,other,train,SEACrowd/ViSoBERT
fresh_visobert_00592,gửi thầy )),0,0,0,0,0,0,neutral,other,train,SEACrowd/ViSoBERT
fresh_visobert_03530,gửi ml cặc nhung7 =))),1,0,0,0,0,0,neutral,other,train,SEACrowd/ViSoBERT
fresh_visobert_06025,Xin phật gật đầu rồi mà sự k biết,1,0,1,0,0,0,neutral,surprise,train,SEACrowd/ViSoBERT
fresh_visobert_01622,nhắn chữ địt má mày chất vlon êiiiii,1,0,0,0,0,0,positive,enjoyment,train,SEACrowd/ViSoBERT
fresh_visobert_00748,lạc quan toàn dân ý thức,0,0,0,0,0,0,neutral,other,train,SEACrowd/ViSoBERT
fresh_visobert_00869,tào hưng đm khô máu ))),1,0,0,0,0,1,negative,anger,train,SEACrowd/ViSoBERT
fresh_visobert_03609,đề văn mai a chj nêu cảm nhận phân tích hiện tg streamer phùng thanh độ độ mixi hiện dk giới trẻ yêu thích câu,0,0,0,0,1,0,positive,enjoyment,train,SEACrowd/ViSoBERT
fresh_visobert_11880,&Tùng Lê Thanh triệu hồi cào cào,0,0,0,0,0,0,neutral,other,train,SEACrowd/ViSoBERT
fresh_visobert_07590,ơ thế giờ ở lương thế vinh không cắt nữa ạ,0,0,0,0,0,0,neutral,other,train,SEACrowd/ViSoBERT
fresh_visobert_02874,giáo án hả,1,1,0,0,0,0,negative,surprise,train,SEACrowd/ViSoBERT
fresh_visobert_03126,tiền ngoan nằm im chỗ,0,0,0,0,0,0,neutral,other,train,SEACrowd/ViSoBERT
fresh_visobert_09017,tổng thống Power cơ 👉👈,0,0,0,0,0,0,neutral,other,train,SEACrowd/ViSoBERT
fresh_visobert_00149,chán chế cặc độ quản lý dân sinh,0,0,0,0,0,0,negative,sadness,train,SEACrowd/ViSoBERT
fresh_visobert_05559,tham tù trách trách thp thỏa thuận đền bù ruồi nhẹ,0,0,0,0,0,0,neutral,other,train,SEACrowd/ViSoBERT
fresh_visobert_00621,phục vụ cộng sản lợi cặc kì vọng mong nhân miếng xương,0,0,0,0,0,0,neutral,other,train,SEACrowd/ViSoBERT
fresh_visobert_01926,yêu anh em ❤,0,0,0,0,0,0,positive,enjoyment,train,SEACrowd/ViSoBERT
fresh_visobert_07722,68kg cao m57 994695,0,0,0,0,0,0,neutral,enjoyment,train,SEACrowd/ViSoBERT
fresh_visobert_06380,quần đẹp giao nhanh chất lượng tốt <3,0,0,0,0,0,0,positive,enjoyment,train,SEACrowd/ViSoBERT
fresh_visobert_11834,hehe hôm nay là sinh nhật mìnhh,0,0,0,0,0,0,neutral,enjoyment,train,SEACrowd/ViSoBERT
fresh_visobert_06254,Thu tuc ntn ca giay to gi,0,0,0,0,0,0,neutral,other,train,SEACrowd/ViSoBERT
fresh_visobert_05765,linh oi mày vn luon nhe,0,0,0,0,0,0,neutral,other,train,SEACrowd/ViSoBERT
fresh_visobert_00982,hàn quốc phiên bản việt,0,0,0,0,0,0,positive,enjoyment,train,SEACrowd/ViSoBERT
fresh_visobert_03602,yêu thầy dấu bé )),0,0,0,0,0,0,positive,enjoyment,train,SEACrowd/ViSoBERT
fresh_visobert_08879,tháng viên là quá hại,0,0,0,0,0,0,positive,sadness,train,SEACrowd/ViSoBERT
fresh_visobert_01915,phúc báo kiểu ta giàu má du lịch mấy dịch,0,0,0,0,0,0,neutral,other,train,SEACrowd/ViSoBERT
fresh_visobert_01816,huế đêm trung thu má xách lồn,0,0,0,0,0,0,neutral,other,train,SEACrowd/ViSoBERT
fresh_visobert_02089,tạ trần yến nhi đc,0,0,0,0,0,0,negative,other,train,SEACrowd/ViSoBERT
fresh_visobert_07157,điều ước nhỏ nhoi thoii tiền hongg bao giờ hết :,0,0,0,0,0,0,neutral,other,train,SEACrowd/ViSoBERT
fresh_visobert_01434,qc cl cặc đm yến,1,0,0,0,0,1,negative,anger,train,SEACrowd/ViSoBERT
fresh_visobert_08571,Xime Guadalupe abueno 💖😻,0,0,0,0,1,0,neutral,other,train,SEACrowd/ViSoBERT
fresh_visobert_07061,Yê mập cái lồn,0,0,0,0,0,0,negative,enjoyment,train,SEACrowd/ViSoBERT
fresh_visobert_01119,minh thông 😂 😂 kiêng bú má cu ko thể bớt cười đc,0,0,0,0,0,0,neutral,enjoyment,train,SEACrowd/ViSoBERT
fresh_visobert_05683,nc hồ hơi thúi,0,0,0,0,0,0,negative,sadness,train,SEACrowd/ViSoBERT
fresh_visobert_11869,Không hiểu đổi bố đánh con mà mẹ ko can ngăn để sẩy ra vụ việc này,1,0,1,0,0,1,neutral,disgust,train,SEACrowd/ViSoBERT
fresh_visobert_04367,mớ để ý kỉ mc đẹp trai cười rụng tim ❤,1,0,0,1,0,0,positive,enjoyment,train,SEACrowd/ViSoBERT
fresh_visobert_03039,dm ho cặc chi minh,1,0,0,0,0,1,neutral,anger,train,SEACrowd/ViSoBERT
fresh_visobert_02584,phạm văn công căng,0,0,0,0,0,0,negative,sadness,train,SEACrowd/ViSoBERT
fresh_visobert_01821,trần dần vui,0,0,0,0,0,0,positive,enjoyment,train,SEACrowd/ViSoBERT
fresh_visobert_07306,Danh hài hải ngoại được yêu thích nhất tại VN.,0,0,0,0,0,0,positive,enjoyment,train,SEACrowd/ViSoBERT
fresh_visobert_03300,thảo rùa loan đỗ khánh huyền trần thu trang team lương tết,0,0,0,0,1,0,neutral,other,train,SEACrowd/ViSoBERT
fresh_visobert_05466,ngta lắm mặt cặc đằng tận mặt,0,0,0,0,0,0,neutral,other,train,SEACrowd/ViSoBERT
fresh_visobert_06177,màu đẹp nhưng sản xuất tại trung quốc quốc nên chỉ make đăng chân để mặc váy.,0,0,1,0,0,0,positive,surprise,train,SEACrowd/ViSoBERT
fresh_visobert_08977,"hàng cực chất lượng luôn, dùng được 5 ngày thấy nó mờ thâm đi hẳn, giao hàng nhanh cực, cảm ơn cửa hàng nhiều :3",1,0,0,1,0,0,positive,enjoyment,train,SEACrowd/ViSoBERT
fresh_visobert_11882,"Mỗi người sinh ra là một bản thể riêng biệt. chẳng ai giống ai, nên đừng đem ra so sánh với một ai cả.",0,0,0,0,0,0,positive,sadness,train,SEACrowd/ViSoBERT
fresh_visobert_05051,trung tâm thuy nga mời diễn viên hài,1,0,0,0,0,1,neutral,disgust,train,SEACrowd/ViSoBERT
fresh_visobert_07907,"Dùng ok, mạch ngoại hình xấu hơn đợt trước",0,0,0,0,1,0,negative,sadness,train,SEACrowd/ViSoBERT
fresh_visobert_11929,Cj mít Cute quá,0,0,0,0,1,0,positive,enjoyment,train,SEACrowd/ViSoBERT
fresh_visobert_11324,Phí Quỳnh e hèm,0,0,0,0,0,0,positive,other,train,SEACrowd/ViSoBERT
fresh_visobert_11126,A ơi tí phổ biển giải ao làng nha a,0,0,0,0,0,0,neutral,other,train,SEACrowd/ViSoBERT
fresh_visobert_10069,Con trai hưởng phúc mẹ,0,0,0,0,0,0,positive,enjoyment,train,SEACrowd/ViSoBERT
fresh_visobert_04602,lương chúng mày,0,0,0,0,0,0,negative,anger,train,SEACrowd/ViSoBERT
fresh_visobert_07692,Táo live bài nào cũng đỉnh ❤❤,1,0,0,1,1,0,positive,enjoyment,train,SEACrowd/ViSoBERT
fresh_visobert_08768,toàn 5k vs 6k điểm,0,0,0,0,0,0,neutral,other,train,SEACrowd/ViSoBERT
fresh_visobert_06159,"Chuyện xưa nhất mình nhớ được là hồi khoảng tầm tuổi, mẹ đem gửi ở chỗ bà giữ trẻ, bị con chó nhà bà rượt chạy văng dép =)))",1,1,0,0,0,1,neutral,disgust,train,SEACrowd/ViSoBERT
fresh_visobert_02056,vô lý thuyết phục,0,0,0,0,0,0,neutral,other,train,SEACrowd/ViSoBERT
fresh_visobert_01567,trịnh hoàng nguyên,0,0,0,0,0,0,neutral,other,train,SEACrowd/ViSoBERT
fresh_visobert_03379,bút chất vd,1,0,0,0,0,0,positive,enjoyment,train,SEACrowd/ViSoBERT
fresh_visobert_04959,già chủ mười mấy cửa hàng bánh mì sài gòn,0,0,0,0,0,0,neutral,other,train,SEACrowd/ViSoBERT
fresh_visobert_01203,nguyễn hữu đạt câu en )),0,0,0,0,0,0,neutral,other,train,SEACrowd/ViSoBERT
fresh_visobert_03186,mai koo dc lam fan cung,0,0,0,0,1,0,neutral,other,train,SEACrowd/ViSoBERT
fresh_visobert_06767,Chị ơi. Có tác phẩm lớp học kì ko chị,0,0,0,0,0,0,neutral,other,train,SEACrowd/ViSoBERT
fresh_visobert_02787,toang má x,1,0,0,1,0,0,negative,sadness,train,SEACrowd/ViSoBERT
fresh_visobert_10684,Ngay đoạn nhà mình 🤧 cảm ơn bác nhiều nhé,0,0,0,0,0,0,positive,enjoyment,train,SEACrowd/ViSoBERT
fresh_visobert_04167,nx ngon )),0,0,0,0,0,0,negative,sadness,train,SEACrowd/ViSoBERT
fresh_visobert_06932,"Dịch từ riot : tụi t sẽ làm chủ đề tiếp theo là về rồng. Nhưng trong bản .9 tụi teo sẽ cho ra cái trứng xịn vcl nở sớm (búa rèn🐧). Tụi bây sẽ bắt đầu với cái trứng và nở cùng lúc, phần thưởng là như nhau",1,1,1,1,0,1,neutral,anger,train,SEACrowd/ViSoBERT
fresh_visobert_09474,"Ơ lần đầu à? Lần đầu thì xác định đi nhé, nó không thơm ngon như mọi người kể đâu =))) chỉ có sau quen thì mới như vậy được thôi.",1,1,0,1,0,1,positive,disgust,train,SEACrowd/ViSoBERT
fresh_visobert_11476,Cảm ơn shop!,0,0,0,0,1,0,positive,enjoyment,train,SEACrowd/ViSoBERT
fresh_visobert_10374,"Thương ghê, nhìn na ná con gái tui. Mong con gái cũng làm được sự nghiệp lừng lẫy như anh chị nó",0,0,0,1,0,0,negative,disgust,train,SEACrowd/ViSoBERT
fresh_visobert_02970,trông cặc điên hãm,1,0,0,0,0,1,neutral,disgust,train,SEACrowd/ViSoBERT
fresh_visobert_02466,tranh biếm họa,0,0,0,0,0,0,neutral,other,train,SEACrowd/ViSoBERT
fresh_visobert_01478,xã hội má bồng bềnh,0,0,0,0,0,0,negative,sadness,train,SEACrowd/ViSoBERT
fresh_visobert_05438,dung la linh dien dien vua thoi chang nt goi cặc de choc my dien thoi ng nhu linh dien thi them,0,0,0,0,1,0,neutral,other,train,SEACrowd/ViSoBERT
fresh_visobert_07958,Cao Vân vui hông. Về báo c Thảo ngay =)))),1,0,0,0,0,0,positive,enjoyment,train,SEACrowd/ViSoBERT
fresh_visobert_08446,"Khác giới thì dell bao giờ tồn tại khái niệm bạn thân. Tông môn, trước nyc thứ 5 của t cũng thế. Hoãn đi chơi noel với t để đi với thằng bạn thân của em ý. Chúng nó đi chơi đến h đêm mới mo về, t đứng đợi ở đường lạnh lẽo vl. Chúng nó cãi bay bay là k làm gì cả. Bố tổ",0,0,0,1,0,1,neutral,surprise,train,SEACrowd/ViSoBERT
fresh_visobert_02854,khỏe mạnh tui an tâm,0,0,0,0,0,0,positive,sadness,train,SEACrowd/ViSoBERT
fresh_visobert_06931,Chào chị bảo my xinh gái,0,0,0,0,1,0,neutral,other,train,SEACrowd/ViSoBERT
fresh_visobert_07128,Cả sân khấu cùng chill ^^,1,0,0,0,1,0,neutral,enjoyment,train,SEACrowd/ViSoBERT
fresh_visobert_02721,dương má hiếu dcm,0,0,0,0,0,0,negative,sadness,train,SEACrowd/ViSoBERT
fresh_visobert_01358,loài sinh vật cặc lạ dư luận viên,0,0,0,0,0,0,neutral,other,train,SEACrowd/ViSoBERT
fresh_visobert_04441,đình quang chồng tương lai xấu,0,0,0,0,0,0,negative,sadness,train,SEACrowd/ViSoBERT
fresh_visobert_09184,trời trở đông rồi nên giữ gìn sức khỏe nha ❤,0,0,0,0,0,0,positive,enjoyment,train,SEACrowd/ViSoBERT
fresh_visobert_05363,định ce trend ☺ ☺ 🤣,0,0,0,0,1,0,neutral,enjoyment,train,SEACrowd/ViSoBERT
fresh_visobert_04101,bi béo ú công nhận ha,0,0,0,0,0,0,neutral,other,train,SEACrowd/ViSoBERT
fresh_visobert_11536,nuôi kiểu gì mà để bé vậy đây :((((,1,0,1,0,0,0,neutral,surprise,train,SEACrowd/ViSoBERT
fresh_visobert_11031,"Dù sao đi chăng nữa, thì cái ác phải bị lên án..cho dù có bị chìm xuồng vẫn vui. .. vì chí ít cũng còn một chút nhân tính.. . trong xã hội dã nhân... Kkk..",1,0,0,0,0,0,positive,enjoyment,train,SEACrowd/ViSoBERT
fresh_visobert_02138,sống chậm thui ae,0,0,0,0,1,0,neutral,enjoyment,train,SEACrowd/ViSoBERT
fresh_visobert_09237,Hổ vồ gặp bén sư tử 🦁,0,0,0,0,0,0,neutral,other,train,SEACrowd/ViSoBERT
fresh_visobert_06501,Ơ sao kc lại gặp thằg bk IV vị bn ưi,0,0,0,0,0,0,neutral,other,train,SEACrowd/ViSoBERT
fresh_visobert_01260,vãi ruột tao văn 🤣 😂 🤣 😂 🤣 😂,1,1,0,1,0,1,positive,enjoyment,train,SEACrowd/ViSoBERT
fresh_visobert_08611,Lan Ngô ủa Lan Ngơ cũng cần xin ak kk,1,1,0,0,0,0,neutral,surprise,train,SEACrowd/ViSoBERT
fresh_visobert_08163,Chi hiếu chị đất nhiều quá cho em xinh một cái nên nhà đi chị em nghèo lắm chị ơi,0,0,0,0,0,0,neutral,other,train,SEACrowd/ViSoBERT
fresh_visobert_08268,Chị cx mua ah,0,0,0,0,1,0,positive,other,train,SEACrowd/ViSoBERT
fresh_visobert_07303,Tui đang xem cái j đây,0,0,0,0,0,0,neutral,other,train,SEACrowd/ViSoBERT
fresh_visobert_04119,khùng cặc buồn nôn,1,0,0,0,0,1,negative,sadness,train,SEACrowd/ViSoBERT
fresh_visobert_00681,đéo m vàng noc đéo láo phét o ke t m ti dân trung quc chôn sng n bây gi đây đéo m dân nail cặc sõ lá lo la mng sng mãn đi nhung la đéo dân chó đéo sng ga to thì có,0,0,0,0,0,0,negative,anger,train,SEACrowd/ViSoBERT
fresh_visobert_00247,goodnow tran lo tiết diên mày mắc bệnh tui cam đoan dị,0,0,0,0,0,0,negative,fear,train,SEACrowd/ViSoBERT
fresh_visobert_07749,Lữ Văn Thánh đó là ý do tôi bảo ông trẩu,0,0,0,0,0,0,neutral,other,train,SEACrowd/ViSoBERT
fresh_visobert_05920,"Đồ của shop ok, giá cung khá tốt nữa se. Quay lai nếu có thiếu gì nưa nha",0,0,0,0,1,0,positive,enjoyment,train,SEACrowd/ViSoBERT
fresh_visobert_04064,cocc cặc thể ccccc,0,0,0,0,0,0,negative,anger,train,SEACrowd/ViSoBERT
fresh_visobert_11826,Thân thương quá.chuc anh và gia đình sức khỏe và hạnh phúc,0,0,0,0,0,0,positive,sadness,train,SEACrowd/ViSoBERT
fresh_visobert_09955,Thời buổi bây giờ đã thoáng hơn nhưng ko phải phụ huynh nào cũng có cảm tình vs những bạn người đầy mực.,1,1,1,0,0,1,neutral,disgust,train,SEACrowd/ViSoBERT
fresh_visobert_03531,ák tùy địa phương tùy,0,0,0,0,0,0,neutral,other,train,SEACrowd/ViSoBERT
fresh_visobert_05131,linh hồn team cười )),0,0,0,0,1,0,neutral,other,train,SEACrowd/ViSoBERT
fresh_visobert_09301,dc rồi bạn nhé,0,0,0,0,0,0,neutral,other,train,SEACrowd/ViSoBERT
fresh_visobert_03521,phát nguyễn đánh dằn mặt nè cđ chừa ))))),0,0,0,0,0,0,neutral,other,train,SEACrowd/ViSoBERT
fresh_visobert_09976,Ngan Tran thay đep k,0,0,0,0,1,0,positive,enjoyment,train,SEACrowd/ViSoBERT
fresh_visobert_06890,Lo gì chứ 😰 khi đã có tui bên cạnh 😔,0,0,0,0,0,0,negative,fear,train,SEACrowd/ViSoBERT
fresh_visobert_08897,Cảm ơn anh đã liên hệ sẽ có nhân viên phụ trách trực tiếp phản hồi với anh.,0,0,0,0,0,0,neutral,other,train,SEACrowd/ViSoBERT
fresh_visobert_09138,"Dạ em cám ơn chị, em chốt chị hồng xanh ạ",0,0,0,0,0,0,neutral,other,train,SEACrowd/ViSoBERT
fresh_visobert_00578,nguyễn hoàng,0,0,0,0,0,0,neutral,other,train,SEACrowd/ViSoBERT
fresh_visobert_11415,Thân Hoài Thương chưa nghe mà thấy bạn nói vậy thôi vào lm 1 cái dislike chơi vậy :)),1,1,1,0,0,1,neutral,sadness,train,SEACrowd/ViSoBERT
fresh_visobert_01856,nhơn trạch đồng nai,0,0,0,0,0,0,negative,sadness,train,SEACrowd/ViSoBERT
fresh_visobert_04220,thiệt quỹ hàng dõm tui mua xài thử lạnh nt má chặn cũg tưởng uy tín nge dậy live vô chặn ln lừa đảo,0,0,0,0,1,0,negative,sadness,train,SEACrowd/ViSoBERT
fresh_visobert_04202,phương minn mãi đồng quan điểm nhai nổi,0,0,0,0,0,0,neutral,other,train,SEACrowd/ViSoBERT
fresh_visobert_01971,hành kinh vn cặc cứu quốc,0,0,0,0,0,0,negative,disgust,train,SEACrowd/ViSoBERT
fresh_visobert_05411,bít đầu đuôi câu chuyện hùa chưởi má ta bây h cắn khẩu nghiệp tạo nghiệp,0,0,0,0,0,0,neutral,other,train,SEACrowd/ViSoBERT
fresh_visobert_02574,trân trọng dám hi sinh thân mình bảo vệ,0,0,0,0,0,0,neutral,other,train,SEACrowd/ViSoBERT
fresh_visobert_04462,lân giải trí mùa corona,0,0,0,0,0,0,neutral,other,train,SEACrowd/ViSoBERT
fresh_visobert_01627,lãnh đạo so sánh giá xăng giá điện phát triển so sánh thu nhập dân phát triển,0,0,0,0,0,0,neutral,other,train,SEACrowd/ViSoBERT
fresh_visobert_01491,chết đỉ cặc thầy long cua,0,0,0,0,0,0,neutral,other,train,SEACrowd/ViSoBERT
fresh_visobert_01446,watched this video and felt motivated,0,0,0,0,1,0,neutral,other,train,SEACrowd/ViSoBERT
fresh_visobert_00718,mi rose thiệt,0,0,0,0,0,0,positive,sadness,train,SEACrowd/ViSoBERT
fresh_visobert_10706,Hình ảnh mang tc nhận xu. Hàng ok. Chất lượng ok. Tuy nhiên shop rep tin chậm quá dù đang online. Chưa nhận hàng nhưng vận chuyển đã xác nhận giao hàng thành công. Mất time thêm mấy ngày,1,1,1,0,1,1,positive,disgust,train,SEACrowd/ViSoBERT
fresh_visobert_09567,"Canh thằng nhỏ kỹ vào, nó chôm cup đem cho cr7 đó 😗",0,0,0,0,0,0,neutral,other,train,SEACrowd/ViSoBERT
fresh_visobert_07115,Mỹ NgọcNgọc tim ảnh trên cmt á ngọc,0,0,0,0,0,0,neutral,other,train,SEACrowd/ViSoBERT
fresh_visobert_01401,vlol má ))),0,0,0,0,1,0,negative,anger,train,SEACrowd/ViSoBERT
fresh_visobert_07499,quá tuyệt vời cho anh,0,0,0,0,0,0,positive,enjoyment,train,SEACrowd/ViSoBERT
fresh_visobert_09603,ad chs sever home đi,0,0,0,0,0,0,neutral,other,train,SEACrowd/ViSoBERT
fresh_visobert_00759,vòng thầy hiệu trưởng hơi )),0,0,0,0,0,0,neutral,other,train,SEACrowd/ViSoBERT
fresh_visobert_03746,nói sai văn phạm câu cú,0,0,0,0,0,0,neutral,other,train,SEACrowd/ViSoBERT
fresh_visobert_09653,tuần sau thi tư tưởng mà vẫn chơi này,1,0,1,0,0,0,neutral,surprise,train,SEACrowd/ViSoBERT
fresh_visobert_03400,hà nội đc đổi thành tp mao trạch đông đg biên giới vn đc mở rộng tây tạng giải phóng đài loan nhiệm cặc vụ hàng đầu nhân dân xhcn đế quốc mỹ bọn tay sai cút biển đông biển nam hải thượng hải bắc,0,0,0,0,0,0,neutral,other,train,SEACrowd/ViSoBERT
fresh_visobert_00445,tiên tri đấy phiếu vn,0,0,0,0,0,0,neutral,other,train,SEACrowd/ViSoBERT
fresh_visobert_08984,Biết sống sao đây 😞,0,0,0,0,0,0,negative,sadness,train,SEACrowd/ViSoBERT
fresh_visobert_01151,dcm chông đứt xích lốp,0,0,0,0,0,0,neutral,other,train,SEACrowd/ViSoBERT
fresh_visobert_10834,Nhưng mà cây kim no to muốn xỉu,1,0,1,1,1,0,neutral,surprise,train,SEACrowd/ViSoBERT
fresh_visobert_01266,im cặc mồm )),0,0,0,0,0,0,negative,other,train,SEACrowd/ViSoBERT
fresh_visobert_00946,gầm giường cặc ta ad nói chuyện ngu vđ,1,0,0,0,0,1,negative,disgust,train,SEACrowd/ViSoBERT
fresh_visobert_02928,cà má khịa vl,0,0,0,1,0,0,negative,surprise,train,SEACrowd/ViSoBERT
fresh_visobert_02014,nguyễn liêm nhầm lẫn tai hại,0,0,0,0,0,0,neutral,other,train,SEACrowd/ViSoBERT
fresh_visobert_11665,Chúc các bạn vui vẻ,0,0,0,0,0,0,positive,enjoyment,train,SEACrowd/ViSoBERT
fresh_visobert_11697,"Giàu thì nói cứt cũng thành cơm,nói gì chả đúng",0,0,0,0,0,0,neutral,other,train,SEACrowd/ViSoBERT
fresh_visobert_01256,chúc mừng trần đần đản csvn csvn quy tiên,0,0,0,0,0,0,neutral,other,train,SEACrowd/ViSoBERT
fresh_visobert_05468,quốc thắng cố tình bày tỏ ý kiến chứ mắc mớ động não,0,0,0,0,0,0,neutral,other,train,SEACrowd/ViSoBERT
fresh_visobert_06571,Chi mis cute ghê🥰🥰,0,0,0,0,1,0,positive,enjoyment,train,SEACrowd/ViSoBERT
fresh_visobert_09947,Tam Vo Dang Duc có fai Hoàng Bảo Sơn k?,0,0,0,0,0,0,neutral,other,train,SEACrowd/ViSoBERT
fresh_visobert_06237,"Kim Phụng Luan Pham Tu Anh Phan, bé Nguyễn Đông Lưu tham gia thử thách này đc ko mọi người 🤣🤣🤣",1,1,0,0,0,1,neutral,enjoyment,train,SEACrowd/ViSoBERT
fresh_visobert_10748,Giờ tao thấy hối hận khi vừa nc với 1 con bò,0,0,0,0,0,0,neutral,other,train,SEACrowd/ViSoBERT
fresh_visobert_09083,Có chuyện gì đang xảy ra với Vietcetera vậy? @_@,0,0,0,0,0,0,neutral,other,train,SEACrowd/ViSoBERT
fresh_visobert_11043,Tem này không cắn được nên em thả tim,0,0,0,0,0,0,neutral,other,train,SEACrowd/ViSoBERT
fresh_visobert_10269,Tú còn đàng đi chạy xe ôm mà🥱🥱,1,0,1,0,0,0,neutral,surprise,train,SEACrowd/ViSoBERT
fresh_visobert_11356,"Minh Phi Nguyễn Vâng, em cảm ơn Thầy ah.",0,0,0,0,0,0,neutral,other,train,SEACrowd/ViSoBERT
fresh_visobert_07732,Em thấy cũng ổn mà nhỉ 🙄,1,0,1,0,0,0,neutral,disgust,train,SEACrowd/ViSoBERT
fresh_visobert_10948,Phap - Đan Mạch Đỗ Chiến Thắng Nguyễn Thanh Hải Nguyễn Văn Thắng,0,0,0,0,0,0,neutral,other,train,SEACrowd/ViSoBERT
fresh_visobert_06301,Box thắng r cj,0,0,0,0,0,0,positive,other,train,SEACrowd/ViSoBERT
fresh_visobert_10244,Chị em chọn lẻ thoải mái.!,0,0,0,0,0,0,neutral,other,train,SEACrowd/ViSoBERT
fresh_visobert_02484,thầy tui đóng phim mờ ))),0,0,0,0,0,0,neutral,other,train,SEACrowd/ViSoBERT
fresh_visobert_10220,"Cấp mới bắt đầu học word, excel, 🐧",0,0,0,0,0,0,neutral,other,train,SEACrowd/ViSoBERT
fresh_visobert_11521,"Dì, ơi coi dì mà cười chết luôn á =)))))",1,1,1,1,0,1,neutral,enjoyment,train,SEACrowd/ViSoBERT
fresh_visobert_09283,Chúc ông Trần Dần luôn khỏe mạnh để nói chuyện cho bà con nghe .,0,0,0,0,0,0,neutral,other,train,SEACrowd/ViSoBERT
fresh_visobert_04504,minh hiếu đẹp,0,0,0,0,0,0,positive,enjoyment,train,SEACrowd/ViSoBERT
fresh_visobert_02174,cọp đo buồn lắm,0,0,0,0,0,0,negative,sadness,train,SEACrowd/ViSoBERT
fresh_visobert_02064,gọi taxi khéo mấy bảo xử phạt vi phạm nồng độ cồn,0,0,0,0,0,0,neutral,other,train,SEACrowd/ViSoBERT
fresh_visobert_11549,Thỏ hất cùn hay sao dzậy,0,0,0,0,0,0,positive,enjoyment,train,SEACrowd/ViSoBERT
fresh_visobert_06726,Võ Văn Tùng vì vk vì tương lai nên đừg khóc ck nhé,0,0,0,0,0,0,neutral,other,train,SEACrowd/ViSoBERT
fresh_visobert_11303,Màu nào cũng xinh hết đó nàng.,0,0,0,0,0,0,neutral,other,train,SEACrowd/ViSoBERT
fresh_visobert_09952,Chào chú gấu 😅😅,0,0,0,0,0,0,positive,enjoyment,train,SEACrowd/ViSoBERT
fresh_visobert_08276,Giống một cái di động nhỏ và nhiều chức năng nên trẻ con rất thích. Sim dùng gọi điện như điện thoại thông thường. Dễ cài đặt và không nhất thiết cần trợ giúp của chủ shop. Chỉ chờ thời gian đánh giá hiệu năng pin.,0,0,0,1,1,1,positive,enjoyment,train,SEACrowd/ViSoBERT
fresh_visobert_02807,nứng nứng nứng,0,0,0,0,0,0,positive,enjoyment,train,SEACrowd/ViSoBERT
fresh_visobert_10388,Em xem đỏ treo sau chi,0,0,0,0,0,0,neutral,other,train,SEACrowd/ViSoBERT
fresh_visobert_03371,cap bình thường đọc chữ bé )),0,0,0,0,0,0,neutral,other,train,SEACrowd/ViSoBERT
fresh_visobert_07568,dậy sớm để thànhh côngg,0,0,0,0,0,0,positive,enjoyment,train,SEACrowd/ViSoBERT
fresh_visobert_01592,8 cười chết 😂 😂,1,0,0,1,0,0,positive,enjoyment,train,SEACrowd/ViSoBERT
fresh_visobert_06977,"vẫn chưa tin lắm, nhưng dù sao cũng hi vọng, vì đang hóng Cầu Chi Kiếm Pháp :v",1,0,1,0,0,0,neutral,surprise,train,SEACrowd/ViSoBERT
fresh_visobert_00752,sói uống sữa,0,0,0,0,0,0,neutral,other,train,SEACrowd/ViSoBERT
fresh_visobert_10300,xứ thiên đường cái lol gì cũng hơi tí là phạt,0,0,0,0,1,0,neutral,other,train,SEACrowd/ViSoBERT
fresh_visobert_09491,Như 1 con bò động đực clm =))),1,1,0,1,0,1,neutral,anger,train,SEACrowd/ViSoBERT
fresh_visobert_02234,duy khánh khuôn mặt tiệp,0,0,0,0,0,0,neutral,other,train,SEACrowd/ViSoBERT
fresh_visobert_06935,Co con gà ko Shop,1,0,0,0,1,1,neutral,disgust,train,SEACrowd/ViSoBERT
fresh_visobert_02205,nguyễn chó bn thức ăn 😂 😂,0,0,0,0,0,0,neutral,enjoyment,train,SEACrowd/ViSoBERT
fresh_visobert_04549,đéo má trình bày ))),0,0,0,0,0,0,negative,anger,train,SEACrowd/ViSoBERT
fresh_visobert_09446,6c dc miễn ship k ạ,0,0,0,0,1,0,neutral,other,train,SEACrowd/ViSoBERT
fresh_visobert_03777,ido khỏe mừng,0,0,0,0,1,0,positive,other,train,SEACrowd/ViSoBERT
fresh_visobert_09986,chúng ta Mèo HEn Nguyễn Thu Thủy Linh Em,0,0,0,0,0,0,neutral,other,train,SEACrowd/ViSoBERT
fresh_visobert_01211,đứa con gái chấp nhận má yêu kia giàu vailou,0,0,0,0,0,0,positive,enjoyment,train,SEACrowd/ViSoBERT
fresh_visobert_07872,nhìn ghét thế chứ lị ❤,0,0,0,0,0,0,neutral,enjoyment,train,SEACrowd/ViSoBERT
fresh_visobert_03831,hà nhật đi đi ))),0,0,0,0,0,0,neutral,other,train,SEACrowd/ViSoBERT
fresh_visobert_06386,Amber Heard phiên bản Việt Nam à :v,0,0,0,0,0,0,neutral,other,train,SEACrowd/ViSoBERT
fresh_visobert_07673,"thiếu nhé, dòng RTX nữa nhé",0,0,0,0,0,0,neutral,other,train,SEACrowd/ViSoBERT
fresh_visobert_11977,"Thương thế, mà cậu mất thì có lan quyên éo gì đến t nhỉ? À nói cho cậu tin vui là t có một cuốn này đấy 😜",1,0,1,0,0,0,positive,enjoyment,train,SEACrowd/ViSoBERT
fresh_visobert_06683,Xin giá và địa chỉ mua đi Ad,0,0,0,0,0,0,neutral,other,train,SEACrowd/ViSoBERT
fresh_visobert_05113,thay cặc ngu,1,0,0,0,0,1,negative,disgust,train,SEACrowd/ViSoBERT
fresh_visobert_08974,có là cái chắc,0,0,0,0,0,0,negative,enjoyment,train,SEACrowd/ViSoBERT
fresh_visobert_06896,Làm sao để coi live của ảnh vậy,1,0,0,0,1,0,neutral,other,train,SEACrowd/ViSoBERT
fresh_visobert_02661,nguoi dan dai loan dau co hoi han gi vua dut nghiep phan to quoc xong lai di khau chien tren hoi tinh nao tat dung rac cặc cua hoi nhin cai mo chui cua co ta nhu cai dit vit ghe tom nguoi dan dai loan dung nen lay quoc tich vn nua,0,0,0,0,0,0,neutral,other,train,SEACrowd/ViSoBERT
fresh_visobert_05502,phụng mỹ lai má lon,0,0,0,0,0,0,negative,fear,train,SEACrowd/ViSoBERT
fresh_visobert_06937,Linh Nhi giả thuyết cứt xả từ bầu trời xuống của m thành hiện thực rồi nè,0,0,0,0,0,0,neutral,other,train,SEACrowd/ViSoBERT
fresh_visobert_03966,chúc team refund gaming ảnh ấm áp gia đình thương 🥰 🥰,0,0,0,0,1,0,positive,enjoyment,train,SEACrowd/ViSoBERT
fresh_visobert_02492,nghèo má vàng vàng nghèo,0,0,0,0,0,0,neutral,other,train,SEACrowd/ViSoBERT
fresh_visobert_08489,Bình Nhii e này lại còn cùng huyện mới cay chứ :v,0,0,0,0,0,0,neutral,other,train,SEACrowd/ViSoBERT
fresh_visobert_05288,địt vj chon lon sủa câu ngu ngục vcl =))) mục đích ca sĩ cặc khán giả thưởng thức và khán giả quyền nhân xét sản phẩm mấy fans hâm mộ trẩu tre,1,1,0,0,0,1,negative,anger,train,SEACrowd/ViSoBERT
fresh_visobert_09672,Nguyễn Hoàng Minh đọc đi 🤣🤣,0,0,0,0,0,0,neutral,enjoyment,train,SEACrowd/ViSoBERT
fresh_visobert_03182,nguyễn minh phương mua,0,0,0,0,0,0,neutral,other,train,SEACrowd/ViSoBERT
fresh_visobert_05755,mất cắp sân bay sân bay quá cảnh vì mấy chỗ soi hành lý kiểm tra nội bài hành lý đc bốc hành khách đc vali móc chả nhẽ móc toàn bộ chuyến bay )),0,0,0,0,0,0,neutral,other,train,SEACrowd/ViSoBERT
fresh_visobert_02067,khánh băng chán bt,0,0,0,0,0,0,negative,sadness,train,SEACrowd/ViSoBERT
fresh_visobert_08326,"Hello C7 nha, c vô trễ",0,0,0,0,1,0,neutral,other,train,SEACrowd/ViSoBERT
fresh_visobert_09865,"Bình Thới ở q, Bình Quới ở Bình Thạnh, và t nghe bị nhầm địa điểm. km, ko nhiều 🤣🤣🤣",0,0,0,0,0,0,neutral,enjoyment,train,SEACrowd/ViSoBERT
fresh_visobert_04627,dũng trần việt mỹ xong bay dìa thành 4,0,0,0,0,0,0,neutral,other,train,SEACrowd/ViSoBERT
fresh_visobert_06716,Hii Myy Myy nhanh Vl mời đây đã thay áo r :))),1,1,0,1,0,1,positive,disgust,train,SEACrowd/ViSoBERT
fresh_visobert_11184,trước khi lấy vợ boss có một thân hình hoàn mĩ thế này đây,0,0,0,0,0,0,neutral,other,train,SEACrowd/ViSoBERT
fresh_visobert_06522,Rất đáng tiền,0,0,0,0,0,0,positive,enjoyment,train,SEACrowd/ViSoBERT
fresh_visobert_06344,style bà ngày xưa còn xịn hơn style bây giờ,1,0,0,0,1,0,positive,enjoyment,train,SEACrowd/ViSoBERT
fresh_visobert_08999,hi vọng buổi tập huấn diễn ra thành công mặc dù có sự xuất hiện của thầy !,1,0,0,0,0,1,neutral,disgust,train,SEACrowd/ViSoBERT
fresh_visobert_08673,Clan Vip gắt lém :(,0,0,0,0,1,0,neutral,enjoyment,train,SEACrowd/ViSoBERT
fresh_visobert_07736,hên quá đang nằm nhà bấm đt 🙂,1,1,0,0,0,0,neutral,surprise,train,SEACrowd/ViSoBERT
fresh_visobert_08943,Tầm này mới là xui gia nha Kkk,0,0,0,0,0,0,neutral,enjoyment,train,SEACrowd/ViSoBERT
fresh_visobert_06116,"Sản phẩm xài tốt, đơn giản không cần cài driver.",0,0,0,0,0,0,positive,enjoyment,train,SEACrowd/ViSoBERT
fresh_visobert_07355,Ta đây khờ dại ở nhà ôm chăn.🤣🤣🤣,0,0,0,0,0,0,neutral,enjoyment,train,SEACrowd/ViSoBERT
fresh_visobert_02198,bắc kỳ con trai cặc mâm có mặt @ @,0,0,0,0,0,0,neutral,other,train,SEACrowd/ViSoBERT
fresh_visobert_05513,sống chậm ae,0,0,0,0,1,0,neutral,other,train,SEACrowd/ViSoBERT
fresh_visobert_11708,"fdp zew gjg. ppo ycr kzi, srh kbw uig xlb png een sqf jyx rmnn mff. okd ylj uca lxs bwo zjf aez xlu flb wqs . wxx cja dqo ciz tga, jtx uas had jys gbn , w]gl bxv jps wvs jvg hfx tmf hsx xlv jqr .",0,0,0,0,1,0,positive,enjoyment,train,SEACrowd/ViSoBERT
fresh_visobert_08450,"chào bạn, cám ơn bạn đã quan tâm đến dịch vụ làm đẹp của mỹ viện, phí phun chân mày tán bột đối với mày chưa làm qua là ,5, giảm 5% còn 75,, nếu miều mày 6d với phí là ,5, giảm 5% còn ,5,, nếu bạn điêu khắc chân mày 8d phí là 4,, giảm 5% còn ,, bạn nhé",0,0,0,0,0,0,positive,enjoyment,train,SEACrowd/ViSoBERT
fresh_visobert_01471,mãnh thú )),0,0,0,0,0,0,negative,enjoyment,train,SEACrowd/ViSoBERT
fresh_visobert_11403,"E chưa bao giờ là người may mắn,rất mong lần may mắn❤❤❤",0,0,0,0,0,0,positive,enjoyment,train,SEACrowd/ViSoBERT
fresh_visobert_09339,Nam chính phốt quá trời luôn 🤦🏼♀,0,0,0,0,0,0,neutral,other,train,SEACrowd/ViSoBERT
fresh_visobert_03491,nguyễn hồng phi cập nhật ttin cũg chíh xác 😂,0,0,0,0,0,0,neutral,enjoyment,train,SEACrowd/ViSoBERT
fresh_visobert_08356,An Nhiên Uh e mỗi người mỗi hoàn cảnh ak,0,0,0,0,0,0,neutral,other,train,SEACrowd/ViSoBERT
fresh_visobert_05865,Tương tác tốt 49,0,0,0,0,0,0,positive,enjoyment,train,SEACrowd/ViSoBERT
fresh_visobert_00128,fan cứng nè ❤ reaction cute coi mấy hợp lí = ] ] ],0,0,0,0,1,0,positive,enjoyment,train,SEACrowd/ViSoBERT
fresh_visobert_10355,Chuc chi nhieu cut khoe,0,0,0,0,1,0,positive,enjoyment,train,SEACrowd/ViSoBERT
fresh_visobert_11153,Trò rắn này gọi là gì ạ anh Gấp,0,0,0,0,0,0,neutral,other,train,SEACrowd/ViSoBERT
fresh_visobert_08104,Hẳn ông tích xanh vào xem str đây này,0,0,0,0,1,0,positive,enjoyment,train,SEACrowd/ViSoBERT
fresh_visobert_05111,cặc thần kinh,0,0,0,1,0,0,negative,disgust,train,SEACrowd/ViSoBERT
fresh_visobert_04795,thanh tú mũ tôm trông yêu vl =))))))),1,1,0,1,0,1,positive,enjoyment,train,SEACrowd/ViSoBERT
fresh_visobert_03940,đổi cờ kỳ không đổi cặc rẻ rách nha,0,0,0,0,0,0,neutral,other,train,SEACrowd/ViSoBERT
fresh_visobert_08378,Taylor Tran Trường mnh có ma hả chị,1,1,0,0,0,0,neutral,surprise,train,SEACrowd/ViSoBERT
fresh_visobert_01422,sếp người ta động viên đẹp trai đạo lý yêu,0,0,0,0,0,0,positive,enjoyment,train,SEACrowd/ViSoBERT
fresh_visobert_04470,like hộ ảnh bìa,0,0,0,0,1,0,neutral,other,train,SEACrowd/ViSoBERT
fresh_visobert_06019,đúng là thằng admin khùng,1,1,1,0,1,1,neutral,disgust,train,SEACrowd/ViSoBERT
fresh_visobert_08991,"có sạc, ốp nhưng không có tai nghe.",1,0,1,0,0,0,neutral,surprise,train,SEACrowd/ViSoBERT
fresh_visobert_11155,Cau mong cho con se tim ra thu pham de lay lai cong bang cho con thuong con qua,0,0,0,0,0,0,neutral,other,train,SEACrowd/ViSoBERT
fresh_visobert_03953,chửi qá đầu clip chửi nghệ thuật chửi qá trời 😂 👍,0,0,0,0,1,0,positive,enjoyment,train,SEACrowd/ViSoBERT
fresh_visobert_07055,E. Lọt phát xuống khe.,0,0,0,0,0,0,neutral,other,train,SEACrowd/ViSoBERT
fresh_visobert_08951,Thanh xuân như 1 cái ôm,0,0,0,0,0,0,neutral,other,train,SEACrowd/ViSoBERT
fresh_visobert_05562,linh lê kkk,0,0,0,0,0,0,neutral,enjoyment,train,SEACrowd/ViSoBERT
fresh_visobert_07016,cái này thì có hơi quá m ạ,0,0,0,0,0,0,neutral,other,train,SEACrowd/ViSoBERT
fresh_visobert_03789,đấy ông già xạo * n cặc tắm bồn thái lan đấy =))),1,1,0,0,0,1,neutral,disgust,train,SEACrowd/ViSoBERT
fresh_visobert_01863,thu ha chó bưởi bố )))))))),0,0,0,0,0,0,neutral,other,train,SEACrowd/ViSoBERT
fresh_visobert_01033,bọn sờ trym saoooooooo 🤣 🤣 🤣,1,0,0,0,0,0,neutral,enjoyment,train,SEACrowd/ViSoBERT
fresh_visobert_06272,She’s very cute,0,0,0,0,1,0,positive,enjoyment,train,SEACrowd/ViSoBERT
fresh_visobert_01916,mấy đứa sợ đừng đú trang chủ liên minh sợ mấy link ngu,1,0,0,0,1,1,negative,fear,train,SEACrowd/ViSoBERT
fresh_visobert_07508,"Khánh Nhi Mọi người có thể chặn đường bạn này nha, bạn này có nhu cầu kím ny nha, xinh đáng iu, dáng y chị trong ảnh nha. Nhma xin rút kinh nghiệm từ anh trai trong bài",0,0,0,0,0,0,negative,disgust,train,SEACrowd/ViSoBERT
fresh_visobert_00618,trần dần việt nam tỉnh tq trần dần,0,0,0,0,0,0,neutral,other,train,SEACrowd/ViSoBERT
fresh_visobert_10229,"dạ, áo k cổ của người lớn là 9k, áo bé -5k chị nhé. Chị nhắn em chiều cao, cân nặng từng thành viên ạ?",0,0,0,0,0,0,neutral,other,train,SEACrowd/ViSoBERT
fresh_visobert_11952,Chả bù thủy quân lục túi 😆,0,0,0,0,0,0,neutral,enjoyment,train,SEACrowd/ViSoBERT
fresh_visobert_03025,quang nguyễn đún vậy burn chair hà lội ngon kkk,0,0,0,0,0,0,neutral,enjoyment,train,SEACrowd/ViSoBERT
fresh_visobert_09187,Có gối cho trẻ sơ sinh k,0,0,0,0,0,0,neutral,other,train,SEACrowd/ViSoBERT
fresh_visobert_05658,key atm cao lãnh,0,0,0,0,0,0,positive,enjoyment,train,SEACrowd/ViSoBERT
fresh_visobert_02784,bi nhiu sông tô lịch sạch mũi dùi dư luận hướng,0,0,0,0,0,0,neutral,other,train,SEACrowd/ViSoBERT
fresh_visobert_04395,balight liên minh susan,0,0,0,0,1,0,neutral,other,train,SEACrowd/ViSoBERT
fresh_visobert_08678,Nó mút cả tủy đớp xong nhả vàng nhả đồ đội bạn 😆😆😆,1,1,0,0,0,1,negative,disgust,train,SEACrowd/ViSoBERT
fresh_visobert_02451,)) tòi súng giơ ngón kia,0,0,0,0,0,0,neutral,other,train,SEACrowd/ViSoBERT
fresh_visobert_02612,đm may cặc thay gê qá,1,0,0,0,0,1,negative,anger,train,SEACrowd/ViSoBERT
fresh_visobert_01584,tùng sói said ông già quê mấy hôm,1,0,0,0,0,1,negative,disgust,train,SEACrowd/ViSoBERT
fresh_visobert_10398,Trần Tường thanh kiềuuuu sô mệt sssssss =,0,0,0,0,0,0,neutral,other,train,SEACrowd/ViSoBERT
fresh_visobert_07389,Bá Kiến đằng sau chứ ai,0,0,0,0,0,0,neutral,other,train,SEACrowd/ViSoBERT
fresh_visobert_07059,"MÁY CHÍNH HÃNG ! Mọi người mới mua, khi mở máy , không biết dùng thì nhìn SĐT dán trên bọc chống sốc bên ngoài sản phẩm , gọi cho người ta hướng dẫn. Khá dễ dàng. Mình đã dùng thử máy, sạch, thoải mái, dễ dùng . Chỉ hơi lo vụ bảo hành máy nếu máy lỗi .",0,0,0,0,0,0,negative,fear,train,SEACrowd/ViSoBERT
fresh_visobert_08006,"giây phút chị Linh lại gần con Nhã dằn mặt mà mình tưởng chị định ăn tươi nuốt sống con Nhã luôn đấy. Dằn mặt đỉnh vc, động gì thì động, động đến bạn thân tao thì mày ăn cám. Huhu best diễn xuất chị ơi",1,0,1,1,1,1,positive,enjoyment,train,SEACrowd/ViSoBERT
fresh_visobert_06732,"Nhìn tên trang tưởng hoa mắt, phải nhỏ mắt xong xem lại. Vẫn là VTV4 :)))",1,1,1,0,0,0,neutral,surprise,train,SEACrowd/ViSoBERT
fresh_visobert_11932,Nam Mô a di đà phật 🙏🙏🙏,0,0,0,0,0,0,neutral,other,train,SEACrowd/ViSoBERT
fresh_visobert_00842,dâm loạn viên tui cặc mõm chó mấy,0,0,0,0,0,0,neutral,other,train,SEACrowd/ViSoBERT
fresh_visobert_09898,Where are u from,0,0,0,0,1,0,positive,enjoyment,train,SEACrowd/ViSoBERT
fresh_visobert_09834,Gờ đờ ra gon đấy anh em ạ,0,0,0,0,0,0,neutral,other,train,SEACrowd/ViSoBERT
fresh_visobert_11048,apple xưa này làm imac con nào viền dưới cũng dày hi vọng trong tương lai gần em nó sẻ sexy hơn.,0,0,0,0,0,0,neutral,other,train,SEACrowd/ViSoBERT
fresh_visobert_07955,Lễ /9 được nghĩ 4 ngày Võ Thanh Tường,0,0,0,0,0,0,neutral,other,train,SEACrowd/ViSoBERT
fresh_visobert_09735,"Ủa lạ lẫm gì với trường hợp này??? Ý thức nó gặm sâu mấy đời rồi, cải tổ lại thành ra bất lực. Toàn thánh miệng kêu bảo vệ, chung tay môi trường các kiểu nhưng được s :)))",1,1,1,0,0,1,neutral,surprise,train,SEACrowd/ViSoBERT
fresh_visobert_01304,sói chụp thêa nhở,0,0,0,0,0,0,positive,sadness,train,SEACrowd/ViSoBERT
fresh_visobert_02653,huy nguyễn thảo sillylovely thùy dương haha,0,0,0,0,0,0,neutral,enjoyment,train,SEACrowd/ViSoBERT
fresh_visobert_05198,vẻ lý mạc sầu mộ dung phục,0,0,0,0,0,0,neutral,other,train,SEACrowd/ViSoBERT
fresh_visobert_10856,Có ốp lưng Mobistar k,0,0,0,0,0,0,neutral,other,train,SEACrowd/ViSoBERT
fresh_visobert_06406,"Chào bạn, Viên uống trắng da toàn Womansure sử dụng được cho lứa tuổi từ 8 trở lên, vậy năm nay bạn 7 tuổi hoàn toàn có thể sử dụng được nhé.",0,0,0,0,0,0,neutral,other,train,SEACrowd/ViSoBERT
fresh_visobert_00645,thùy promise hư trúc mộ dung phục emmm,0,0,0,0,0,0,neutral,other,train,SEACrowd/ViSoBERT
fresh_visobert_02580,vô lý hết sức thuyết phục,0,0,0,0,0,0,neutral,other,train,SEACrowd/ViSoBERT
fresh_visobert_10243,Người giàu có khác. Muốn đẹp là đẹp liền 😎,0,0,0,0,0,0,positive,enjoyment,train,SEACrowd/ViSoBERT
fresh_visobert_03916,minh đặngg chúng nó bắt chước,0,0,0,0,0,0,neutral,other,train,SEACrowd/ViSoBERT
fresh_visobert_07426,Tao với mầy sl,0,0,0,0,0,0,positive,sadness,train,SEACrowd/ViSoBERT
fresh_visobert_02776,lâm khah chi hoi duyen ne,0,0,0,0,0,0,neutral,other,train,SEACrowd/ViSoBERT
fresh_visobert_04291,vũ thanh huyền đừng dạy ng giàu xài tiền,0,0,0,0,0,0,neutral,other,train,SEACrowd/ViSoBERT
fresh_visobert_06426,Thà nói xấu trước mặt còn hơn đối xử với mình tốt lắm nhưng sau lưng lại nói xấu mình 🥺,0,1,1,0,0,0,neutral,surprise,train,SEACrowd/ViSoBERT
fresh_visobert_04292,toàn bị phòng dịch phết đùa,0,0,0,0,0,0,neutral,other,train,SEACrowd/ViSoBERT
fresh_visobert_06374,"Xin nhắc cho các bạn biết ngưòi nhật đa phần họ sẽ đứng ngoài cuộc vì họ sống sợ bị liên lụy đó là sự thật,người việt nam sang đây đa phần sợ chính người việt nam chứ không sợ người nước khác. Bây giờ phán xét hay chửi bới gì cũng không cứu được người chỉ có tòa án lương tâm thôi 😤😤😤 buồn thay một kiếp ngưòi mà bỏ mạng nơi xứ người",1,1,1,0,0,1,negative,anger,train,SEACrowd/ViSoBERT
fresh_visobert_07802,Huu Nghia học kiểu marketing này đi. biết đâu giàu thì sau. Phạm Trần Minh Khôi,0,0,0,0,0,0,neutral,other,train,SEACrowd/ViSoBERT
fresh_visobert_03835,bọn áo xanh chúng nó,0,0,0,0,0,0,neutral,other,train,SEACrowd/ViSoBERT
fresh_visobert_02352,truyền thái y mấy đứa < thầy bệnh nè,0,0,0,0,0,0,neutral,other,train,SEACrowd/ViSoBERT
fresh_visobert_07599,"Hộp đựng nhỏ nhỏ xinh xinh nha mọi người, nên mua ạ",0,0,0,0,0,0,neutral,other,train,SEACrowd/ViSoBERT
fresh_visobert_03578,dung mot goc ma noi thay chi mat chi phuc hau chi chi noi gi cung,0,0,0,0,0,0,neutral,other,train,SEACrowd/ViSoBERT
fresh_visobert_03950,hằng grin mk cố gắng thôiiii,0,0,0,0,0,0,neutral,other,train,SEACrowd/ViSoBERT
fresh_visobert_01614,tai nạn giong thong chet nguoi,0,0,0,0,0,0,neutral,other,train,SEACrowd/ViSoBERT
fresh_visobert_10888,Ủng hộ là khác tăng sao là khác,0,0,0,0,0,0,positive,enjoyment,train,SEACrowd/ViSoBERT
fresh_visobert_00849,hề diễn trò mấy lợn mặt nọng cười,1,0,0,0,0,1,neutral,disgust,train,SEACrowd/ViSoBERT
fresh_visobert_01298,lỗ đít má nè,0,0,0,0,0,0,negative,other,train,SEACrowd/ViSoBERT
fresh_visobert_01185,dẹp lũ sư quốc doanh phá hoại đạo cặc pháp cơ sở bọn nằm vùng phá nát văn hóa vn,0,0,0,0,0,0,neutral,other,train,SEACrowd/ViSoBERT
fresh_visobert_03669,nguyễn hậu diệu diệu linh lê bíchh phượngg phúc hồng đú trend lẹ mđ,0,0,0,0,1,0,neutral,other,train,SEACrowd/ViSoBERT
fresh_visobert_04763,kkk clip cuoi nhieu ne minh hieu oi hieu dep cuoi muon dau bubg minh hieu noi chui da lo tai luon,1,0,0,0,1,0,negative,enjoyment,train,SEACrowd/ViSoBERT
fresh_visobert_01681,chúc panda thầy bò viên nữ lớp / vui vẻ <,0,0,0,0,0,0,positive,enjoyment,train,SEACrowd/ViSoBERT
fresh_visobert_03245,kèo thầy ))),0,0,0,0,0,0,neutral,other,train,SEACrowd/ViSoBERT
fresh_visobert_08959,"Hưng trố đến câu đùa cũng ko biết, lại giỏi bưng bô, kĩ năng cano đạt đỉnh, thì chịu sao nổi vài câu Mạnh bựa nó thả ra",1,0,0,1,0,0,positive,enjoyment,train,SEACrowd/ViSoBERT
fresh_visobert_02280,diệp đình huy phục cặc địt mẹ mày,0,0,0,0,0,0,neutral,other,train,SEACrowd/ViSoBERT
fresh_visobert_11119,Ngọc Tú ck ck,0,0,0,0,0,0,positive,other,train,SEACrowd/ViSoBERT
fresh_visobert_00900,co fb cua minh hoi nha,0,0,0,0,0,0,neutral,other,train,SEACrowd/ViSoBERT
fresh_visobert_03487,tập cj lâm khánh chi đẹp hiền dễ thương ghê,0,0,0,0,0,0,positive,disgust,train,SEACrowd/ViSoBERT
fresh_visobert_11336,Nguyễn Thị Xuân Quỳnh NhậtHạ sau này nhớ nuôi t nha a 😂😂😂😂,0,0,0,0,0,0,neutral,enjoyment,train,SEACrowd/ViSoBERT
fresh_visobert_08635,Bắt cá nha 😃 kkk,0,0,0,0,0,0,neutral,enjoyment,train,SEACrowd/ViSoBERT
fresh_visobert_03988,đù má thùng má rỗng kêu to,0,0,0,0,0,0,neutral,other,train,SEACrowd/ViSoBERT
fresh_visobert_07887,"khi xưa bị rượt 1 lần mà nhớ đời , còn mổ tao nữa chứ 😨😨😨",1,0,1,0,0,0,negative,fear,train,SEACrowd/ViSoBERT
fresh_visobert_06180,Cs Lương Nguyệt Anh à?,0,0,0,0,0,0,neutral,other,train,SEACrowd/ViSoBERT
fresh_visobert_08963,Thương bé quá. Mong con sớm khỏi bệnh.,0,0,0,0,0,0,neutral,sadness,train,SEACrowd/ViSoBERT
fresh_visobert_08198,những người đồng cảm :>,0,0,0,0,0,0,positive,sadness,train,SEACrowd/ViSoBERT
fresh_visobert_06860,chai nuoc hoa hồng/967677,0,0,0,0,0,0,neutral,other,train,SEACrowd/ViSoBERT
fresh_visobert_01718,combo mù mắt độ tày akm x6 🤣,0,0,0,0,0,0,neutral,enjoyment,train,SEACrowd/ViSoBERT
fresh_visobert_03528,chết cười pha jjleo hiến thân rambo =))),1,0,0,1,0,0,neutral,enjoyment,train,SEACrowd/ViSoBERT
fresh_visobert_10636,Bến này bình thường văn minh mà☺,1,0,1,0,0,0,neutral,surprise,train,SEACrowd/ViSoBERT
fresh_visobert_10746,Hnay HN có k xxxx ca f. Hn vẫn tiếp tục giãn cách,0,0,0,0,0,0,neutral,other,train,SEACrowd/ViSoBERT
fresh_visobert_11967,Hương Nhang Tinh Khiết,0,0,0,0,0,0,neutral,sadness,train,SEACrowd/ViSoBERT
fresh_visobert_08144,vượt sông vượt lụt lội nước đi làm tối về sửa xe hết 6tr,0,0,0,0,0,0,neutral,other,train,SEACrowd/ViSoBERT
fresh_visobert_06277,Lấy chim ở âu v,0,0,0,0,0,0,neutral,enjoyment,train,SEACrowd/ViSoBERT
fresh_visobert_02228,chúc mau chữa trị quỳnh đừng buồn đừng lo lắng chúc hai sức khỏe,0,0,0,0,0,0,negative,fear,train,SEACrowd/ViSoBERT
fresh_visobert_07522,Qua lắc tay đi chị,0,0,0,0,0,0,positive,enjoyment,train,SEACrowd/ViSoBERT
fresh_visobert_05509,dmie trung thu nhà nghỉ cháy cụ phòng )),0,0,0,0,0,0,neutral,other,train,SEACrowd/ViSoBERT
fresh_visobert_00778,nghĩa bóp dái cặc team thầy đánh ntn lủng,0,0,0,0,1,0,neutral,other,train,SEACrowd/ViSoBERT
fresh_visobert_04894,gội đầu clear thầy nè,0,0,0,0,0,0,neutral,other,train,SEACrowd/ViSoBERT
fresh_visobert_03057,huy hoàng xàm cặc lồn,1,0,0,0,0,1,neutral,disgust,train,SEACrowd/ViSoBERT
fresh_visobert_01858,viết chính tả rành cặc đòi bàn chính trị ngu dốt thất học,1,0,0,0,0,1,negative,disgust,train,SEACrowd/ViSoBERT
fresh_visobert_11426,"Bộ lọc , tinh thể bạc 6467596 Hải Dương Hạnh's Phúc'ss Ảo'ss Hai Yen Tran",0,0,0,0,0,0,neutral,other,train,SEACrowd/ViSoBERT
fresh_visobert_10084,Hàng giao nhanh hơn dự kiến và đã mở ngay để nấu thử. Gạo thơm dẻo và nấu ít nước hơn bình thường.,0,0,0,0,0,0,neutral,other,train,SEACrowd/ViSoBERT
fresh_visobert_03168,người ta kiếm mày chửi thèm mày,0,0,0,0,0,0,negative,disgust,train,SEACrowd/ViSoBERT
fresh_visobert_02860,kiểu sở trường jack có lẽ màn comeback mở đầu nốt đom đóm duyệt rồiiiiiiii,0,0,0,0,1,0,neutral,other,train,SEACrowd/ViSoBERT
fresh_visobert_09009,"đăng nhập được , lướt được nhưng không hiện hình ảnh và video , gif nhỉ? mặc dù đã thử tắt wifi và xoá đi tải lại nhưng vẫn không ổn. mong mau sửa chữa ạ :< trai nhà em sắp cán bộ đến nơi mà vẫn không thể tia được tin tức gì hết . please~~!",0,0,1,0,1,0,negative,anger,train,SEACrowd/ViSoBERT
fresh_visobert_03651,phú nguyễn kế hoạch 😂 😂 😂,0,0,0,0,0,0,neutral,enjoyment,train,SEACrowd/ViSoBERT
fresh_visobert_09500,Sao ngày càng đi sát vào trong thế nhỉ?,0,0,0,0,0,0,neutral,other,train,SEACrowd/ViSoBERT
fresh_visobert_05461,hoàng thảo nhi boss nhầm tý boss đi lại,0,0,0,0,0,0,neutral,other,train,SEACrowd/ViSoBERT
fresh_visobert_10655,Ai cho t biết nhạc n ntn k 🤦‍♀️,0,0,0,0,0,0,neutral,other,train,SEACrowd/ViSoBERT
fresh_visobert_09862,Ốp đẹp nhưng thời gian lấy hàng chậm mn nên ủng hộ shop ————————-,0,0,1,1,1,1,positive,enjoyment,train,SEACrowd/ViSoBERT
fresh_visobert_02862,chụp màn hình thua game = ],0,0,0,0,1,0,neutral,other,train,SEACrowd/ViSoBERT
fresh_visobert_07242,Cố lên miền trung ơi.,0,0,0,0,0,0,neutral,fear,train,SEACrowd/ViSoBERT
fresh_visobert_09099,"O day cug co bo cuon pho mai do Phượng Mỹ Nguyễn, Amy Nguyen",0,0,0,0,0,0,neutral,other,train,SEACrowd/ViSoBERT
fresh_visobert_02340,)) mày tưởng mày ngon mày ngon,0,0,0,0,0,0,negative,anger,train,SEACrowd/ViSoBERT
fresh_visobert_04133,phong cách thần má kinh mong manh lắm,0,0,0,1,0,0,negative,disgust,train,SEACrowd/ViSoBERT
fresh_visobert_10148,Gia bao nhieu minh dat mot cai 944968,0,0,0,0,0,0,neutral,other,train,SEACrowd/ViSoBERT
fresh_visobert_07341,Hưng Thấy sao nhờ,0,0,0,0,0,0,positive,enjoyment,train,SEACrowd/ViSoBERT
fresh_visobert_04663,nguyễn kim buff cực mạnh nam nguyen,0,0,0,1,0,0,neutral,other,train,SEACrowd/ViSoBERT
fresh_visobert_00283,học kiểm soát bộ não tiến ghét bỏ qua,0,0,0,0,0,0,negative,sadness,train,SEACrowd/ViSoBERT
fresh_visobert_05494,vincent nguyen kế toán,0,0,0,0,0,0,negative,disgust,train,SEACrowd/ViSoBERT
fresh_visobert_09823,"Le Dinh Phong Cám ơn bạn, BTC đã nhận được bài dự thi",0,0,0,0,0,0,neutral,other,train,SEACrowd/ViSoBERT
fresh_visobert_07559,Tôi thì có mỗi món chặt gà học mấy năm nay rồi,1,0,0,0,0,1,neutral,disgust,train,SEACrowd/ViSoBERT
fresh_visobert_07957,Đang dùng thử. Đã từng mua pử ngoài vs giá gần trăm hay hơn trăm cơ. Gioè thấy rẻ cũng hơi sợ nhưng thấy fb toand kêu hàng real nên cũng manhh dạn mua 2lọ. Mong là dc mua đúng hàng chuẩn. Dùng đc lại mua tiếp ạ. Ship hàng nhah. Lười chụp ảnh lấy tạm ảnh lt để lấy xu ạ,0,0,1,0,1,0,neutral,fear,train,SEACrowd/ViSoBERT
fresh_visobert_04600,969779 gọi hằg đêm kiếm ẻm nha,0,0,0,0,0,0,neutral,other,train,SEACrowd/ViSoBERT
fresh_visobert_08821,Bá Nhật này thì đá lưỡi,0,0,0,0,0,0,neutral,other,train,SEACrowd/ViSoBERT
fresh_visobert_08332,Dung co hq k chi.,0,0,0,0,1,0,neutral,other,train,SEACrowd/ViSoBERT
fresh_visobert_08174,tự nhiên nhớ cái cảnh con bánh bèo bị ngỗng dí quá 😅😅 per,0,0,0,0,0,0,neutral,other,train,SEACrowd/ViSoBERT
fresh_visobert_02503,dm assmin phản động bố thông minh tài giỏi lãnh đạo gen di truyền thông minh tài giỏi lãnh cặc đạo bố không lẽ mày phụ bếp tủ lạnh thiến heo tbt dm hố nút đất nước ah dm,1,0,0,0,0,1,neutral,anger,train,SEACrowd/ViSoBERT
fresh_visobert_09155,Thật ý nghĩa Thầy ạ.,0,0,0,0,0,0,neutral,other,train,SEACrowd/ViSoBERT
fresh_visobert_01255,rat xinh dep tuyet voi,0,0,0,0,1,0,positive,other,train,SEACrowd/ViSoBERT
fresh_visobert_11268,Cày cmt là cày cmt,0,0,0,0,1,0,positive,enjoyment,train,SEACrowd/ViSoBERT
fresh_visobert_10174,Toàn quốc b nhé,0,0,0,0,0,0,neutral,other,train,SEACrowd/ViSoBERT
fresh_visobert_06856,Muốn gớt nước mắt,0,0,0,0,0,0,negative,sadness,train,SEACrowd/ViSoBERT
fresh_visobert_09146,Đừng bỏ anh đi mà chim nhỏ,1,0,1,0,0,1,neutral,disgust,train,SEACrowd/ViSoBERT
fresh_visobert_04460,ngu nha bả nam nữ )),1,0,0,0,0,1,negative,disgust,train,SEACrowd/ViSoBERT
fresh_visobert_08760,Hóa ra mình già r,1,0,1,0,0,0,neutral,surprise,train,SEACrowd/ViSoBERT
fresh_visobert_10447,6 kg ao va quan mat s nao em?,0,0,0,0,0,0,neutral,other,train,SEACrowd/ViSoBERT
fresh_visobert_05006,ong chuan bi co dua thu roi,0,0,0,0,0,0,neutral,other,train,SEACrowd/ViSoBERT
fresh_visobert_08308,Xinh đẹp từ ngoại hình đến tính nết,0,0,0,0,0,0,positive,enjoyment,train,SEACrowd/ViSoBERT
fresh_visobert_04433,phúc du rap vc,0,0,0,0,1,0,neutral,other,train,SEACrowd/ViSoBERT
fresh_visobert_01153,bay bay video =)),1,0,0,0,1,0,neutral,other,train,SEACrowd/ViSoBERT
fresh_visobert_08148,Sao Hạt Dẻ dễ thương quá đỗi. Thật nhìn cái gật đầu mà cưng muốn xỉu. Cô cũng có bé Bông nhưng hư lắm. Hạt Dẻ ngoan mà đáng yêu nhất trên đời❤,1,1,1,1,0,0,positive,enjoyment,train,SEACrowd/ViSoBERT
fresh_visobert_02054,ad mày ráng nhá bọn tao ủng hộ hết mình yên tâm mày tự tử bọn tao lập page like hồi sinh mày lo,0,0,0,0,1,0,neutral,fear,train,SEACrowd/ViSoBERT
fresh_visobert_07834,trong hình có quà tặng. nhưng khi gửi lại không có. chỉ có sữa rửa mặt thôi,1,0,1,0,0,0,neutral,surprise,train,SEACrowd/ViSoBERT
fresh_visobert_07571,Today 6 years ago,0,0,0,0,1,0,positive,other,train,SEACrowd/ViSoBERT
fresh_visobert_01386,tấu hài thầy,0,0,0,1,0,0,neutral,other,train,SEACrowd/ViSoBERT
fresh_visobert_11552,À thì ra trc lúc ly dị là hoạ mi ngừng hót à 😂,1,0,0,0,0,0,positive,enjoyment,train,SEACrowd/ViSoBERT
fresh_visobert_00153,chương trình quảng cáo đc,0,0,0,0,0,0,neutral,other,train,SEACrowd/ViSoBERT
fresh_visobert_07671,rôi con diên bai nao khac ko ta,0,0,0,0,0,0,neutral,other,train,SEACrowd/ViSoBERT
fresh_visobert_03500,chôn sống cặc,0,0,0,0,0,0,negative,anger,train,SEACrowd/ViSoBERT
fresh_visobert_02434,nhạc vàng bất hủ,0,0,0,0,0,0,positive,other,train,SEACrowd/ViSoBERT
fresh_visobert_10796,Thôi xài mod skin 😘,0,0,0,0,1,0,positive,enjoyment,train,SEACrowd/ViSoBERT
fresh_visobert_00893,ui toàn lũ tham ô cặc tham nhũng hốc cứt dân,0,0,0,0,0,0,neutral,other,train,SEACrowd/ViSoBERT
fresh_visobert_05491,facebook chi za mn,0,0,0,0,1,0,neutral,other,train,SEACrowd/ViSoBERT
fresh_visobert_11104,"Xem chị bắn ko scop nhiều quá, e chơi lại cũng ko dùng scop",0,0,0,0,0,0,neutral,other,train,SEACrowd/ViSoBERT
fresh_visobert_03659,ăn bẩn chừa má bê tông,0,0,0,0,0,0,neutral,other,train,SEACrowd/ViSoBERT
fresh_visobert_05152,stress châu âu du lịch tiếp ez,0,0,0,0,0,0,neutral,other,train,SEACrowd/ViSoBERT
fresh_visobert_06507,Chế ơiiiii chàoooo e đi huhu,0,0,0,0,0,0,neutral,other,train,SEACrowd/ViSoBERT
fresh_visobert_06923,"Có ca ngoài cộng đồng bệnh nhân số 5 và số 7, bệnh nhân quản lí chợ thì ko biết sẽ lây sang bao nhiêu người khác????",1,0,0,0,0,0,neutral,surprise,train,SEACrowd/ViSoBERT
fresh_visobert_00542,mặc dù rtx 8 rx58,0,0,0,0,0,0,positive,enjoyment,train,SEACrowd/ViSoBERT
fresh_visobert_09124,Hoàng Quỳnh Trang chúc bạn có ngày được như Công Trí =))),1,1,0,1,0,1,neutral,disgust,train,SEACrowd/ViSoBERT
fresh_visobert_00693,xi men tiếng pháp tuần lễ các thiếu nữ phá đel vòng nầy cặc chiếc tượng trưng chl tuần lễ còn dân nầy mắc ngu đeo 7,1,0,0,0,0,1,negative,disgust,train,SEACrowd/ViSoBERT
fresh_visobert_04183,giàu giúp đừng chửi n nv,0,0,0,0,0,0,neutral,other,train,SEACrowd/ViSoBERT
fresh_visobert_07550,Với ng nước ngoài khi nhìn vào thì đúng là đây là món khá ghê,1,0,1,0,0,0,negative,disgust,train,SEACrowd/ViSoBERT
fresh_visobert_05450,bean bụng bự gớt dòng lệ,0,0,0,0,0,0,neutral,other,train,SEACrowd/ViSoBERT
fresh_visobert_00348,kịch bản hợp lý hóa xây sân bay long thành,0,0,0,0,0,0,neutral,other,train,SEACrowd/ViSoBERT
fresh_visobert_05996,khâu đóng gói sản phẩm và cách bảo quả nó gói hàng còn chưa tốt thật sự,0,0,0,0,0,0,positive,enjoyment,train,SEACrowd/ViSoBERT
fresh_visobert_04946,ngô kỷ mấy hôm nay lân,0,0,0,0,0,0,neutral,other,train,SEACrowd/ViSoBERT
fresh_visobert_10552,Đỡ đau hơn bị hỏi còn mấy centimet 😂,0,0,0,0,0,0,neutral,enjoyment,train,SEACrowd/ViSoBERT
fresh_visobert_01680,ôi vchhhh chị em,0,0,0,0,0,0,neutral,surprise,train,SEACrowd/ViSoBERT
fresh_visobert_03354,quyền petland phú yên,0,0,0,0,0,0,negative,enjoyment,train,SEACrowd/ViSoBERT
fresh_visobert_06056,Moi lan dieu tri la bao nhieu t day ha e ?,0,0,0,0,0,0,neutral,other,train,SEACrowd/ViSoBERT
fresh_visobert_07214,Con Meo nhà e sắp thành lợn rồi chị ơi =))),1,1,0,0,0,1,neutral,disgust,train,SEACrowd/ViSoBERT
fresh_visobert_06151,Rất đáng đồng tiền bát gạo,0,0,0,0,0,0,neutral,other,train,SEACrowd/ViSoBERT
fresh_visobert_05676,phan trung hiếu nhạc sáng tác giai điệu,0,0,0,0,0,0,positive,sadness,train,SEACrowd/ViSoBERT
fresh_visobert_10648,Nguyễn Trung Hiếu dây 5k ko là t cũng đủ tiền trả m lâu rồi 😭😭😭😭,0,0,0,0,0,0,negative,sadness,train,SEACrowd/ViSoBERT
fresh_visobert_02347,phú đại gmtv mày vô cặc sủa cc tml,0,0,0,0,0,0,neutral,other,train,SEACrowd/ViSoBERT
fresh_visobert_09513,Nút bấm lên và bấm trai rất cứng,0,0,0,0,0,0,neutral,other,train,SEACrowd/ViSoBERT
fresh_visobert_10270,Đang nói m đó Chương,0,0,0,0,0,0,positive,sadness,train,SEACrowd/ViSoBERT
fresh_visobert_02290,tao vui chết sướng lỗ tai 👂 👂 👂,0,0,0,0,0,0,positive,enjoyment,train,SEACrowd/ViSoBERT
fresh_visobert_06037,Coi chừng có rắn,0,0,0,0,0,0,neutral,other,train,SEACrowd/ViSoBERT
fresh_visobert_00926,phố bô sa danh hài hải ngoại thầy,0,0,0,0,0,0,neutral,other,train,SEACrowd/ViSoBERT
fresh_visobert_02515,con gái thiệt,0,0,0,0,0,0,positive,enjoyment,train,SEACrowd/ViSoBERT
fresh_visobert_03932,chúng nó mò ta,0,0,0,0,0,0,negative,disgust,train,SEACrowd/ViSoBERT
fresh_visobert_10260,mời các bác đi trc 🤣,0,0,0,0,0,0,neutral,enjoyment,train,SEACrowd/ViSoBERT
fresh_visobert_05481,ăn trộm chim giám đốc sở tù cặc thảm sát thế hệ sờ,0,0,0,0,0,0,neutral,other,train,SEACrowd/ViSoBERT
fresh_visobert_04044,rượu táo mèo xong tối đá phò stream thầy,0,0,0,0,1,0,neutral,other,train,SEACrowd/ViSoBERT
fresh_visobert_07580,Dồn đơn đã nha e,0,0,0,0,0,0,positive,sadness,train,SEACrowd/ViSoBERT
fresh_visobert_00935,tii đô vn cánh hoa má kiểu clck 😂 😂 😂,0,0,0,0,0,0,positive,enjoyment,train,SEACrowd/ViSoBERT
fresh_visobert_08669,"Xài tốt, hiệu quả, gió máy lạnh không còn trực tiếp vào người.",0,0,0,0,0,0,positive,enjoyment,train,SEACrowd/ViSoBERT
fresh_visobert_01026,mắc cười ghê 😂 😂 😂,0,0,0,0,0,0,neutral,enjoyment,train,SEACrowd/ViSoBERT
fresh_visobert_00239,refund top tối xin phép ea blabla,0,0,0,0,1,0,neutral,other,train,SEACrowd/ViSoBERT
fresh_visobert_02060,giải quyết dùm má má đời,0,0,0,0,0,0,neutral,other,train,SEACrowd/ViSoBERT
fresh_visobert_04087,fan cứng dạo cặc hả thầy lol,1,1,0,0,1,0,neutral,surprise,train,SEACrowd/ViSoBERT
fresh_visobert_11895,đại đế toàn dạo chơi vòng bảng rồi về😂,0,0,0,0,0,0,positive,enjoyment,train,SEACrowd/ViSoBERT
fresh_visobert_09751,nohu_naga 💚,0,0,0,0,0,0,neutral,enjoyment,train,SEACrowd/ViSoBERT
fresh_visobert_05979,Bạn ở HN hay đâu vậy,0,0,0,0,0,0,positive,enjoyment,train,SEACrowd/ViSoBERT
fresh_visobert_00324,đồng lòng thi,0,0,0,0,0,0,positive,sadness,train,SEACrowd/ViSoBERT
fresh_visobert_02978,phạm nguyễn cát vy,0,0,0,0,0,0,neutral,other,train,SEACrowd/ViSoBERT
fresh_visobert_01598,biển kkkkk hài vl,1,1,0,1,0,1,neutral,enjoyment,train,SEACrowd/ViSoBERT
fresh_visobert_00152,sống chậm mày,0,0,0,0,0,0,negative,other,train,SEACrowd/ViSoBERT
fresh_visobert_03636,tây tưởng má điên trốn trại,1,0,0,0,0,1,neutral,disgust,train,SEACrowd/ViSoBERT
fresh_visobert_02450,dm luật việt nam sửa sửa chúng nó rút đc kinh nghiệm cặc tốt cắt chức tử hình đéo quan chức tụi tiền chạy án lắm,0,0,0,0,0,1,negative,anger,train,SEACrowd/ViSoBERT
fresh_visobert_00945,yo cặc min cc,0,0,0,0,1,0,negative,anger,train,SEACrowd/ViSoBERT
fresh_visobert_05035,đc điểm danh phát,0,0,0,0,0,0,neutral,other,train,SEACrowd/ViSoBERT
fresh_visobert_03686,suti hồng cẩn thận nè,0,0,0,0,0,0,positive,enjoyment,train,SEACrowd/ViSoBERT
fresh_visobert_09368,Sáng mới thấy bên Sao dãy chính,0,0,0,0,0,0,neutral,other,train,SEACrowd/ViSoBERT
fresh_visobert_11340,Uujjnvvbnnnnnn hjnbvc. Vcv. Hbvnhgcvjjbnhjbnnnkjhbbnnk,0,0,0,0,0,0,neutral,other,train,SEACrowd/ViSoBERT
fresh_visobert_02185,chửi bậy văn hóa má page giải trí vĩ lòn thích,0,0,0,0,1,0,positive,enjoyment,train,SEACrowd/ViSoBERT
fresh_visobert_05031,nói bậy hi sinh hên,0,0,0,0,0,0,negative,enjoyment,train,SEACrowd/ViSoBERT
fresh_visobert_08189,Ngọc Mai thằng nhóc mặt giống thiệt,0,0,0,0,0,0,neutral,other,train,SEACrowd/ViSoBERT
fresh_visobert_08462,Trung đầu Bùi,0,0,0,0,0,0,neutral,sadness,train,SEACrowd/ViSoBERT
fresh_visobert_06011,sdt thuê bao nhe em,0,0,0,0,0,0,neutral,other,train,SEACrowd/ViSoBERT
fresh_visobert_10785,Mai Anh Trần có phải chúng ta khi về già đây ko? 😂😂,1,1,0,0,0,1,neutral,enjoyment,train,SEACrowd/ViSoBERT
fresh_visobert_03060,thầy kiếm thầy nè )),0,0,0,0,0,0,neutral,other,train,SEACrowd/ViSoBERT
fresh_visobert_09479,Camera chạy bằng cơm phải khác chớ🤣,0,0,0,0,1,0,neutral,enjoyment,train,SEACrowd/ViSoBERT
fresh_visobert_10639,Thì GATO với Hoài Linh và các nghệ sĩ hải ngoại đó,0,0,0,0,0,0,neutral,other,train,SEACrowd/ViSoBERT
fresh_visobert_04543,combo bất hạnh,0,0,0,0,0,0,positive,enjoyment,train,SEACrowd/ViSoBERT
fresh_visobert_05112,bình nguyễn tao đéo đc má tiền mày ức điên,1,0,0,0,0,1,negative,anger,train,SEACrowd/ViSoBERT
fresh_visobert_10191,"Khách hàng là thượng đế bởi vì không có khách thì bạn cạp đất mà ăn í. Chừng nào bạn là chủ cửa hàng hay bạn tự kinh doanh cái gì bạn mới hiểu nụ cười và chịu đựng nó quan trọng thế nào. Còn bạn làm công cho người ta, có khách hay không có cũng chả ảnh hưởng mịe gì đến lương của bạn nên bạn mới không biết nói câu xin lỗi đúng không :)",1,1,1,0,0,1,negative,enjoyment,train,SEACrowd/ViSoBERT
fresh_visobert_09069,Có khùng quá thì chết đi,1,0,0,1,0,1,neutral,disgust,train,SEACrowd/ViSoBERT
fresh_visobert_01212,dag lm 🐱 🐱,0,0,0,0,0,0,negative,sadness,train,SEACrowd/ViSoBERT
fresh_visobert_11658,"Mong các bạn đọc thấy thông tin, về báo cho gia đình, người thân và bạn bè biết để tránh bị lừa",0,0,0,0,0,0,neutral,other,train,SEACrowd/ViSoBERT
fresh_visobert_03469,cón may day đk may cặc ak ma co van hoa ak,0,0,0,0,0,0,neutral,other,train,SEACrowd/ViSoBERT
fresh_visobert_06346,"Cái này là 6-7h sáng hoặc ảnh từ chục năm về trc chứ bh m- từ trưa đến chiều đông vcđ, đường đ' nào cũng tắc í chứ 😆",0,0,0,0,0,0,negative,sadness,train,SEACrowd/ViSoBERT
fresh_visobert_08687,Chó là bạn không gì đâu phải thức ăn ..,0,0,0,0,0,1,neutral,disgust,train,SEACrowd/ViSoBERT
fresh_visobert_05355,giọng hát thiệt,0,0,0,0,1,0,positive,other,train,SEACrowd/ViSoBERT
fresh_visobert_08895,"cô đơn vl ,ở nhà còn nch với con chó",0,0,0,1,0,1,neutral,sadness,train,SEACrowd/ViSoBERT
fresh_visobert_00457,lộc đéo cmt đc yên lộc cmt má bắt gà bãi đéo dấu )),1,0,0,0,0,1,negative,anger,train,SEACrowd/ViSoBERT
fresh_visobert_09403,cô giúp cho tụi em xác định được mục tiêu và mong muốn đạt được khi học môn học này .,0,0,0,0,0,0,neutral,other,train,SEACrowd/ViSoBERT
fresh_visobert_10031,Lên 5 chục đi khổ,0,0,0,0,0,0,neutral,other,train,SEACrowd/ViSoBERT
fresh_visobert_04968,diệp đình huy thuyết phục,0,0,0,0,0,0,neutral,other,train,SEACrowd/ViSoBERT
fresh_visobert_02939,hoàng thị bé con thầy,0,0,0,0,0,0,neutral,enjoyment,train,SEACrowd/ViSoBERT
fresh_visobert_07439,Tâm Vãn chúc bé thức suốt đêm 😢,0,0,0,0,0,0,negative,sadness,train,SEACrowd/ViSoBERT
fresh_visobert_05930,+ Stk MBBank: ..7777 ( ...7777 = 7777 ),0,0,0,0,0,0,neutral,other,train,SEACrowd/ViSoBERT
fresh_visobert_07932,Này thì lộc với chả phát 🙂,1,1,0,0,0,1,neutral,disgust,train,SEACrowd/ViSoBERT
fresh_visobert_08063,Được anh êi :>,0,0,0,0,0,0,neutral,enjoyment,train,SEACrowd/ViSoBERT
fresh_visobert_01800,cố gắng 💪 🏻,0,0,0,0,0,0,positive,other,train,SEACrowd/ViSoBERT
fresh_visobert_05767,méo coi má phim vn chán vl,0,0,0,1,0,0,negative,sadness,train,SEACrowd/ViSoBERT
fresh_visobert_10281,Tuấn Nguyễn e ngây thơ nhé,0,0,0,0,0,0,neutral,other,train,SEACrowd/ViSoBERT
fresh_visobert_04904,trần thị ngọc anh thực hư đừng cào phím cặc cmt vui động mồ mả dựng lông,0,0,0,0,0,0,positive,enjoyment,train,SEACrowd/ViSoBERT
fresh_visobert_09053,Hóng bộ phim mới quá,0,0,0,0,0,0,positive,sadness,train,SEACrowd/ViSoBERT
fresh_visobert_01612,tối cơm ship nha kk,0,0,0,0,1,0,neutral,enjoyment,train,SEACrowd/ViSoBERT
fresh_visobert_01443,việt chờ xả đầu truyền thông hoan nghênh cặc việt anh em dùm việt hẳn cơ,0,0,0,0,0,0,neutral,other,train,SEACrowd/ViSoBERT
fresh_visobert_09501,Nếu trị námcos đượcko e,0,0,0,0,0,0,neutral,sadness,train,SEACrowd/ViSoBERT
fresh_visobert_02805,nghèo khổ giàu có,0,0,0,0,0,0,neutral,sadness,train,SEACrowd/ViSoBERT
fresh_visobert_08789,🙂 nhưng đĩ Linh có nhen,1,1,1,0,0,1,neutral,disgust,train,SEACrowd/ViSoBERT
fresh_visobert_03206,phan tấn trung,0,0,0,0,0,0,negative,fear,train,SEACrowd/ViSoBERT
fresh_visobert_04260,đồ uyển đình ngọc dcm =)) cặc chai sting vô đầu nha,1,0,0,0,0,0,neutral,other,train,SEACrowd/ViSoBERT
fresh_visobert_03565,chén kiểu vitel,0,0,0,0,0,0,neutral,enjoyment,train,SEACrowd/ViSoBERT
fresh_visobert_06295,Helo anh Tùng chơi hay quá,0,0,0,0,0,0,positive,enjoyment,train,SEACrowd/ViSoBERT
fresh_visobert_04267,mặt chán mà còn má nhiệm kì chán con mẹ rui,1,0,1,0,0,1,negative,disgust,train,SEACrowd/ViSoBERT
fresh_visobert_07653,"Đã chuẩn bị sẵn sách vở , giấy bút",0,0,0,0,0,0,positive,enjoyment,train,SEACrowd/ViSoBERT
fresh_visobert_05120,ám má ảnh vl,0,0,0,1,0,0,negative,fear,train,SEACrowd/ViSoBERT
fresh_visobert_07149,Hy vong nhân đươc qua ma hông tư chi 😍,0,0,0,0,0,0,positive,enjoyment,train,SEACrowd/ViSoBERT
fresh_visobert_05907,"bây giờ càng ngày càng nhiều video quả người cáo. lướt được 3 tin lại quả người cáo, đang xem video cũng có quả người cáo. trước đây quả người cáo được trình bày như một bài viết thì bây giờ quả người cáo nhảy bật ra một cách bất ngờ gây cản trở bài viết cực kì khó chịu.",1,0,1,1,1,0,negative,surprise,train,SEACrowd/ViSoBERT
fresh_visobert_05649,người ta tình nguyện hiến máu ak ao đầu suy nghĩ trẻ con,0,0,0,0,0,0,neutral,other,train,SEACrowd/ViSoBERT
fresh_visobert_08427,Chơi game thì không đông nhưng anh reactione view lại lên ngay,1,1,1,0,1,1,neutral,disgust,train,SEACrowd/ViSoBERT
fresh_visobert_05703,love trung phan tấn )),0,0,0,0,1,0,positive,enjoyment,train,SEACrowd/ViSoBERT
fresh_visobert_02824,đường sắc bắc cặc bắc gánh,0,0,0,0,0,0,neutral,other,train,SEACrowd/ViSoBERT
fresh_visobert_00967,thảo tròn đồng bọn qá cơ 🤧 cố gắng,0,0,0,0,0,0,neutral,other,train,SEACrowd/ViSoBERT
fresh_visobert_09220,Chỉ mong mọi thành viên trong gđ khoẻ mạnh là điều tuyệt vời nhất,0,0,0,0,0,0,positive,enjoyment,train,SEACrowd/ViSoBERT
fresh_visobert_03485,tiến độ công việc làm việc đồng,0,0,0,0,0,0,neutral,other,train,SEACrowd/ViSoBERT
fresh_visobert_06404,"Thư Di noi gương quàng thượng, ăn hết bịch bắp rang rồi đi gập bụng vài cái cho bớt tội lũi hế hế",0,0,0,0,0,0,neutral,other,train,SEACrowd/ViSoBERT
fresh_visobert_02483,mặt trần cọp hài hhhh,0,0,0,0,0,0,positive,enjoyment,train,SEACrowd/ViSoBERT
fresh_visobert_02931,tiền game bình thường thẳng níck bao uy tín game nhu cầu lh 9689765 gd cung đuoc cầu giấy ❤,0,0,0,0,1,0,positive,enjoyment,train,SEACrowd/ViSoBERT
fresh_visobert_06494,Được luôn a,0,0,0,0,0,0,negative,enjoyment,train,SEACrowd/ViSoBERT
fresh_visobert_09896,Hạt dẻ 🌰 dễ thương nè,0,0,0,0,0,0,positive,enjoyment,train,SEACrowd/ViSoBERT
fresh_visobert_01122,ảnh hưởng ảnh hưởng thần kinh mấy não chó suốt mồm cặc đmcs khj hạt gạo uống giọt cs ngu chó,1,0,0,1,0,1,negative,disgust,train,SEACrowd/ViSoBERT
fresh_visobert_08058,cho xin vé giao lưu ạ đồng 5,0,0,0,0,0,0,neutral,other,train,SEACrowd/ViSoBERT
fresh_visobert_10251,Làm L gì có đường Trần Hưng vs Ngô Quyền vậy ad?,0,0,0,0,0,0,neutral,other,train,SEACrowd/ViSoBERT
fresh_visobert_09559,Chuyển giới hả hay gì😆,1,0,0,0,0,0,positive,enjoyment,train,SEACrowd/ViSoBERT
fresh_visobert_05322,nhãthi lê ui xời cà ria cà ria ))),0,0,0,0,0,0,neutral,other,train,SEACrowd/ViSoBERT
fresh_visobert_07689,I believe we just found the next candidate for the Nobel prize in literature 😂😂😂😂,0,0,0,0,1,0,positive,enjoyment,train,SEACrowd/ViSoBERT
fresh_visobert_00932,áo quần đẹp nè thầy =)),0,0,0,0,0,0,positive,enjoyment,train,SEACrowd/ViSoBERT
fresh_visobert_09348,. Essance Veil Fit Cushion,0,0,0,0,1,0,positive,enjoyment,train,SEACrowd/ViSoBERT
fresh_visobert_04195,đọc cmt má tức vl,0,0,0,1,0,0,negative,anger,train,SEACrowd/ViSoBERT
fresh_visobert_06602,T tự hỏi B52 nghĩa gì ? Phải là B89 chứ ?,0,0,0,0,0,0,neutral,sadness,train,SEACrowd/ViSoBERT
fresh_visobert_04503,ngạn ưi 🙄 🙄,0,0,0,0,0,0,neutral,disgust,train,SEACrowd/ViSoBERT
fresh_visobert_09035,Cap khá là hợp lý. Hình rất chi thuyết phục,0,0,0,0,0,0,neutral,other,train,SEACrowd/ViSoBERT
fresh_visobert_10019,Lay hai hu kem olay 7 trong 9658579,0,0,0,0,0,0,neutral,other,train,SEACrowd/ViSoBERT
fresh_visobert_07474,Mùa l comback rồi :((( sợ mùa này vc,0,0,0,0,0,0,negative,fear,train,SEACrowd/ViSoBERT
fresh_visobert_11007,Hsgshgahsggshshahahahahahgahahgahahahahdhdhshdhhdhsg,0,0,0,0,0,0,neutral,enjoyment,train,SEACrowd/ViSoBERT
fresh_visobert_05225,susan thầy,0,0,0,0,0,0,negative,other,train,SEACrowd/ViSoBERT
fresh_visobert_08367,lướt và ngắm thì k thể k rồi. Nhưng đâu phải cứ ngực to là add friend :> mà có chắc cũng để ngực treo lên new feed rồi ngắm thôi :,1,0,1,0,1,0,neutral,surprise,train,SEACrowd/ViSoBERT
fresh_visobert_05958,Vùng ngoai ô 9888,0,0,0,0,0,0,positive,enjoyment,train,SEACrowd/ViSoBERT
fresh_visobert_01126,thanh trà trương,0,0,0,0,0,0,neutral,sadness,train,SEACrowd/ViSoBERT
fresh_visobert_04750,)) chính quyền đu càg chạy cặc đấy chẳng côg sức lắm,0,0,0,0,0,0,neutral,other,train,SEACrowd/ViSoBERT
fresh_visobert_09266,Nhìn tên là thấy nghi dc r. Ttra cp cug fai cỡ ông anh ô chú r. Tên này thịnh hành mấy thằng đag đi học thôi,0,0,0,0,0,0,neutral,other,train,SEACrowd/ViSoBERT
fresh_visobert_10190,Nhà tôi ba đời học giỏi và tới đời tôi thì :),1,0,0,0,0,0,positive,enjoyment,train,SEACrowd/ViSoBERT
fresh_visobert_01507,hình như mỹ nợ tất cả nợ mỹ mỹ vô địch i love you,0,0,0,0,1,0,positive,enjoyment,train,SEACrowd/ViSoBERT
fresh_visobert_06741,Có kiểu này ko shop oi. Cho e xin giá lun nha,0,0,0,0,1,0,neutral,other,train,SEACrowd/ViSoBERT
fresh_visobert_08684,Đâu phải cứ là người nhật thì có nhân phẩm tốt đâu😀,0,0,0,0,0,0,positive,enjoyment,train,SEACrowd/ViSoBERT
fresh_visobert_08023,Hồng Hương hổng tìm đc FB 😞,0,0,0,0,0,0,negative,sadness,train,SEACrowd/ViSoBERT
fresh_visobert_02741,lo việt nam,0,0,0,0,0,0,negative,fear,train,SEACrowd/ViSoBERT
fresh_visobert_06493,Lần này = 3 hộp.,0,0,0,0,1,0,positive,enjoyment,train,SEACrowd/ViSoBERT
fresh_visobert_02448,mãi yêu thầy < / vui vẻ,0,0,0,0,0,0,positive,enjoyment,train,SEACrowd/ViSoBERT
fresh_visobert_07095,"Ừ chắc là khái niệm này dễ nhầm lẫn, tại chỉ có người nhắn mới rõ động cơ của việc nhắn nv là gì",0,0,0,0,0,0,neutral,other,train,SEACrowd/ViSoBERT
fresh_visobert_04586,quốc cường rửa tiền tỷ nga tiền tỷ tiền jack t quan điểm,0,0,0,0,0,0,neutral,other,train,SEACrowd/ViSoBERT
fresh_visobert_05723,sắm quanh năm tết sắm nhe nguyễn thị ngọc hợp 😂 😂 😂,0,0,0,0,0,0,neutral,enjoyment,train,SEACrowd/ViSoBERT
fresh_visobert_01384,kkk yêu hí hí,1,0,0,0,0,0,positive,enjoyment,train,SEACrowd/ViSoBERT
fresh_visobert_02286,phạm đức anh cười đc,0,0,0,0,0,0,negative,enjoyment,train,SEACrowd/ViSoBERT
fresh_visobert_04768,nguyễn phước đạt học,0,0,0,0,0,0,neutral,other,train,SEACrowd/ViSoBERT
fresh_visobert_10122,hát người yêu khóc á c,0,0,0,0,0,0,positive,sadness,train,SEACrowd/ViSoBERT
fresh_visobert_06317,Duyen dang xinh qua em oi,0,0,0,0,0,0,neutral,other,train,SEACrowd/ViSoBERT
fresh_visobert_11629,"✅ Da nám, tàn nhang",0,0,0,0,0,0,neutral,other,train,SEACrowd/ViSoBERT
fresh_visobert_04845,khai giảng thời hsinh mầm non ✌ 🏻,0,0,0,0,0,0,neutral,other,train,SEACrowd/ViSoBERT
fresh_visobert_07210,9gia bảo nhiều ban,0,0,0,0,0,0,negative,other,train,SEACrowd/ViSoBERT
fresh_visobert_01653,đụ đĩ cặc thầy nhá,0,0,0,0,0,0,negative,other,train,SEACrowd/ViSoBERT
fresh_visobert_06654,Size gì vậy chị,1,1,0,0,1,0,neutral,surprise,train,SEACrowd/ViSoBERT
fresh_visobert_09597,Thằng chó Ngọc đang bưng nồi cơm đã vở và ngồi khóc trong bịnh viện ung bướu vì hít thở không khí ô nhiễm!,0,0,0,0,0,1,neutral,disgust,train,SEACrowd/ViSoBERT
fresh_visobert_06920,nhàn quá chị ơi,0,0,0,0,0,0,positive,enjoyment,train,SEACrowd/ViSoBERT
fresh_visobert_10634,Kim Ngân ai đó cũng muốn dậy,0,0,0,0,0,0,neutral,other,train,SEACrowd/ViSoBERT
fresh_visobert_00955,đeo khẩu trang dân play nha,0,0,0,0,0,0,neutral,other,train,SEACrowd/ViSoBERT
fresh_visobert_09258,lại đến giờ giải trí rồi mềnh ơiiii per =))))),1,0,0,0,0,0,neutral,other,train,SEACrowd/ViSoBERT
fresh_visobert_08321,Hở cái là ma nó dòm 🥲,0,0,0,0,0,0,neutral,sadness,train,SEACrowd/ViSoBERT
fresh_visobert_05244,hoàng xuân tâm hài hước,0,0,0,0,0,0,positive,enjoyment,train,SEACrowd/ViSoBERT
fresh_visobert_09216,Một năm đầy trọn vẹn với Bayern!,0,0,0,0,0,0,neutral,other,train,SEACrowd/ViSoBERT
fresh_visobert_06093,"tôi đang buồn , ông ra bài này làm tôi buồn thêm mấy ngày nay 😞",0,0,0,0,0,0,negative,sadness,train,SEACrowd/ViSoBERT
fresh_visobert_09424,"Cậu ơi cậu bao nhiu tủi zợ, cậu có bít Ngân sát thủ khôgg",0,0,0,0,0,0,neutral,other,train,SEACrowd/ViSoBERT
fresh_visobert_00289,thánh chửi lãnh án,0,0,0,0,0,0,positive,enjoyment,train,SEACrowd/ViSoBERT
fresh_visobert_01522,maskeup giới thiệu đẹp vẽ,0,0,0,0,0,0,positive,enjoyment,train,SEACrowd/ViSoBERT
fresh_visobert_04902,bước đường cùng nguyễn công hoan,0,0,0,0,0,0,neutral,other,train,SEACrowd/ViSoBERT
fresh_visobert_05243,ngưng ngược đãi vacxin ha,0,0,0,0,0,0,positive,enjoyment,train,SEACrowd/ViSoBERT
fresh_visobert_07618,"Áo mát, nhưng có cảm giác hơi nhỏ so vs các size bth nhưng vs giá này thì ok hàu lòng",1,1,1,0,1,0,positive,surprise,train,SEACrowd/ViSoBERT
fresh_visobert_11538,"Shop rất tốt, giao hàng siêu nhanh cho lũ mèo dưới quê của mình 💜",1,0,0,1,1,1,positive,enjoyment,train,SEACrowd/ViSoBERT
fresh_visobert_08886,Ủa đáng lí con gà phải là Abe chứ :)),1,1,0,0,0,1,neutral,surprise,train,SEACrowd/ViSoBERT
fresh_visobert_06550,"Đói quá, Đi mua Cơm sườn về ăn vậy",0,0,0,0,0,0,neutral,other,train,SEACrowd/ViSoBERT
fresh_visobert_11118,Phobolsatv ơi. Lâu lắm chưa dc xem hài,0,0,0,0,0,0,neutral,other,train,SEACrowd/ViSoBERT
fresh_visobert_08848,Có khi t xoá mấy mạng xh để biết trái đất vẫn tươi đẹp🙂 sợ thật đấy,0,1,0,0,0,0,neutral,fear,train,SEACrowd/ViSoBERT
fresh_visobert_11074,"🌈Đầu mùa nên sa le thật sự, bt toàn 7-800ca thôi ấy, giờ sa le đậm giá chỉ #285k/set thôi ạ",0,0,0,0,0,0,neutral,other,train,SEACrowd/ViSoBERT
fresh_visobert_07285,Da cki >< giơ em đăt khi nao co a ?,0,0,0,0,0,0,neutral,other,train,SEACrowd/ViSoBERT
fresh_visobert_01589,ad thử cứu dm cmm lắm mày cặc cơm uống dí súng đầu trung đông hả sủa chó dại,1,1,0,0,0,1,neutral,surprise,train,SEACrowd/ViSoBERT
fresh_visobert_01888,gái hoàng thị loan nha thầy,0,0,0,0,0,0,neutral,other,train,SEACrowd/ViSoBERT
fresh_visobert_11726,mỗi lần chào cờ :)) đậu má dth vãi :v,1,1,0,1,0,1,neutral,disgust,train,SEACrowd/ViSoBERT
fresh_visobert_08054,Ly Phạm mọc chim đi r ns câu đấy vs t,0,0,0,0,0,0,neutral,other,train,SEACrowd/ViSoBERT
fresh_visobert_00865,chống giặc chống cướp ngày cướp trắng trợn,0,0,0,0,0,0,neutral,other,train,SEACrowd/ViSoBERT
fresh_visobert_07354,Cho áo 55kg 974855,0,0,0,0,0,0,neutral,other,train,SEACrowd/ViSoBERT
fresh_visobert_02200,thương mại tiger nude chút,0,0,0,0,0,0,neutral,sadness,train,SEACrowd/ViSoBERT
fresh_visobert_07218,Em mình Cách nhau 4 năm vẫn rất yêu thương nhau nha ❤,0,0,0,0,0,0,positive,enjoyment,train,SEACrowd/ViSoBERT
fresh_visobert_05379,quang luật vẻ ổn êiiiii,0,0,0,0,0,0,positive,enjoyment,train,SEACrowd/ViSoBERT
fresh_visobert_07903,có can thiệp photoshop mới ra hình dáng mong muốn,0,0,0,0,0,0,neutral,other,train,SEACrowd/ViSoBERT
fresh_visobert_07767,Cho mình xin công nghệ trồng rau với ạ 😘,0,0,0,0,0,0,positive,enjoyment,train,SEACrowd/ViSoBERT
fresh_visobert_00075,Nguyễn Văn Chung quá trời a C r 🤣,0,0,0,0,0,0,neutral,enjoyment,train,SEACrowd/ViSoBERT
fresh_visobert_03298,hơi thất vọng bóng sóng gió,0,0,0,0,0,0,negative,sadness,train,SEACrowd/ViSoBERT
fresh_visobert_00473,nguyễn hoàng hoài thương,0,0,0,0,0,0,neutral,sadness,train,SEACrowd/ViSoBERT
fresh_visobert_05040,linh hun tật,0,0,0,0,0,0,neutral,other,train,SEACrowd/ViSoBERT
fresh_visobert_03123,xét nghiệm xong ca said,0,0,0,0,0,0,negative,other,train,SEACrowd/ViSoBERT
fresh_visobert_02248,đm thua vcl )))) phim hài )))) troll vcl,1,0,0,0,0,1,negative,anger,train,SEACrowd/ViSoBERT
fresh_visobert_00918,bệnh thần cặc kinh hây,0,0,0,1,0,0,negative,disgust,train,SEACrowd/ViSoBERT
fresh_visobert_00116,Xuất sắc quá chất 😎,1,0,0,0,0,0,positive,enjoyment,train,SEACrowd/ViSoBERT
fresh_visobert_00832,bóng đá rường cột đất nước nhờ trận bóng đá giúp người dân việt nam quên nổi sầu việt nam vô địch địch vô,0,0,0,0,0,0,neutral,other,train,SEACrowd/ViSoBERT
fresh_visobert_02106,nghi việt nam đứng lắm 🙂 🙂,1,1,0,0,0,0,neutral,surprise,train,SEACrowd/ViSoBERT
fresh_visobert_10483,Nhà cái uy tín số Châu Âu,0,0,0,0,0,0,neutral,other,train,SEACrowd/ViSoBERT
fresh_visobert_02849,cập nhật tình hình úc,0,0,0,0,0,0,neutral,enjoyment,train,SEACrowd/ViSoBERT
fresh_visobert_01610,bài hát video,0,0,0,0,1,0,neutral,other,train,SEACrowd/ViSoBERT
fresh_visobert_05796,nhung máy bay chồng hà tăng,0,0,0,0,0,0,neutral,other,train,SEACrowd/ViSoBERT
fresh_visobert_03532,giang duy lu xu bu thik nao,0,0,0,0,0,0,negative,sadness,train,SEACrowd/ViSoBERT
fresh_visobert_04556,gato bảo ảnh ghép coi,0,0,0,0,1,0,negative,fear,train,SEACrowd/ViSoBERT
fresh_visobert_05801,hơi dơ thầy,0,0,0,0,0,0,negative,sadness,train,SEACrowd/ViSoBERT
fresh_visobert_11923,Xe còn mới ko ạ,0,0,0,0,0,0,neutral,sadness,train,SEACrowd/ViSoBERT
fresh_visobert_04153,dc / toàn đạo má lý chả đéo bổ ích,0,0,0,0,0,0,negative,anger,train,SEACrowd/ViSoBERT
fresh_visobert_02203,thất bại ngành giáo dục,0,0,0,0,0,0,neutral,other,train,SEACrowd/ViSoBERT
fresh_visobert_08207,Ko còn chữ nào trong đầu,0,0,0,0,0,0,neutral,other,train,SEACrowd/ViSoBERT
fresh_visobert_10905,Nước hoa giá bao nhiêu ngoc,0,0,0,0,0,0,neutral,other,train,SEACrowd/ViSoBERT
fresh_visobert_03253,kêu má chậm dmm,0,0,0,0,1,0,negative,anger,train,SEACrowd/ViSoBERT
fresh_visobert_07455,Thế Huân coi chục lần buồn chục lần huhu,0,0,0,0,0,0,negative,sadness,train,SEACrowd/ViSoBERT
fresh_visobert_02422,gậy quẩy biển cá tôm chết nghi án tôn ngộ hà tĩnh,0,0,0,0,0,0,neutral,other,train,SEACrowd/ViSoBERT
fresh_visobert_06038,Chia để trị =)),1,0,0,0,0,0,neutral,other,train,SEACrowd/ViSoBERT
fresh_visobert_03934,nói chuyện đeo khẩu trang zô ưiii,0,0,0,0,0,0,neutral,other,train,SEACrowd/ViSoBERT
fresh_visobert_10760,thật sự khó chịu mấy thành phận vô ý thức vcl. Ngày xưa củng có mấy lần mắc ỉa đi ra vs công cộng hay chờ tới lượt đc ỉa. Đụ cái lz má dô nhìn cái thôi quyết định nhịn ỉa tới khi về nhà và đến giờ có đi đâu mắc ỉa củng nhịn tới về nhà ỉa luôn á :),1,1,0,0,0,1,neutral,anger,train,SEACrowd/ViSoBERT
fresh_visobert_04163,khung linh oi cặc ma khung nua,0,0,0,0,0,0,neutral,other,train,SEACrowd/ViSoBERT
fresh_visobert_05195,lâm hải đăng con so @ @,0,0,0,0,0,0,neutral,other,train,SEACrowd/ViSoBERT
fresh_visobert_09402,Khinh nhất bọn cứ cmt donut . Joker nt thiểu năg,0,0,0,0,0,0,neutral,other,train,SEACrowd/ViSoBERT
fresh_visobert_08212,Hoài luôn - bất nản 😭😭😭😭,0,0,0,0,0,0,negative,sadness,train,SEACrowd/ViSoBERT
fresh_visobert_04687,kì năm học ba rọi béo,0,0,0,0,0,0,neutral,other,train,SEACrowd/ViSoBERT
fresh_visobert_11983,mình công nhận :)) bạn ns cx . mình ngoại bang nhưng công nhận rằng rmit toàn những người giỏi :) chí ít là cá nhân mình nghĩ vậy :)),1,1,1,0,0,1,positive,disgust,train,SEACrowd/ViSoBERT
fresh_visobert_02964,lói dối môi khóa ngey,0,0,0,0,0,0,neutral,sadness,train,SEACrowd/ViSoBERT
fresh_visobert_04980,thắng củi nhật linh laydy ta trung thu múa lân xưa hĩ )) tuổi thơ,0,0,0,0,0,0,neutral,other,train,SEACrowd/ViSoBERT
fresh_visobert_00602,tuyển dí cặc mạt ngkhac,0,0,0,0,0,0,negative,other,train,SEACrowd/ViSoBERT
fresh_visobert_02478,bo cặc truong,0,0,0,0,0,0,negative,disgust,train,SEACrowd/ViSoBERT
fresh_visobert_09656,Hỏi Taylor Swift ạ: chào chị- công chúa của Swities. Em biết chị rất rất nổi tiếng đồng thời chị cũng có rất nhiều fandom trên thế giới. Vậy chị có bao giờ nghe tới fandom của chị ở Việt Nam chưa ạ? Chị có nhắn gì cho tụi em- những fan hâm mộ của chị trên dải đất chữ S nhỏ bé này?,1,0,0,0,1,1,neutral,disgust,train,SEACrowd/ViSoBERT
fresh_visobert_07050,Theo mình thì Oppo reno 4 tuột pin khá nhanh.. còn lại thì chờ thời gian.. với tầm 8tr490 thì hơi mắc.. đẹp thì có đẹp.,0,0,0,0,0,0,positive,enjoyment,train,SEACrowd/ViSoBERT
fresh_visobert_06804,Minh Bao Tran có nha,0,0,0,0,0,0,positive,enjoyment,train,SEACrowd/ViSoBERT
fresh_visobert_03067,lũ cặc ăn cướp,0,0,0,0,0,0,negative,disgust,train,SEACrowd/ViSoBERT
fresh_visobert_08553,Mới nhìn còn tưởg đồ ngủ cơ🤣🤣🤣😚,1,0,0,0,0,0,neutral,enjoyment,train,SEACrowd/ViSoBERT
fresh_visobert_07409,:)))) RMIT còn nhiều cái nát lắm :)) ko có đẹp như phim đâu :)),1,0,0,1,0,0,positive,enjoyment,train,SEACrowd/ViSoBERT
fresh_visobert_03929,link beat đc,0,0,0,0,1,0,neutral,other,train,SEACrowd/ViSoBERT
fresh_visobert_00427,nguyễn thanh mai trúc cười nh làm việc chuyên môn ch =))),1,0,0,0,0,0,neutral,enjoyment,train,SEACrowd/ViSoBERT
fresh_visobert_02760,nguyễn khánh toàn hàng hai,0,0,0,0,0,0,neutral,other,train,SEACrowd/ViSoBERT
fresh_visobert_01603,chúng em học,0,0,0,0,0,0,negative,other,train,SEACrowd/ViSoBERT
fresh_visobert_10162,nhiều đường tăng ol thật sự,0,0,0,0,0,0,neutral,other,train,SEACrowd/ViSoBERT
fresh_visobert_02812,yêu minh hiếu,0,0,0,0,0,0,positive,enjoyment,train,SEACrowd/ViSoBERT
fresh_visobert_05335,nguyễn bảo trung t bt,0,0,0,0,0,0,neutral,other,train,SEACrowd/ViSoBERT
fresh_visobert_02122,mai ván team thăng hoa ơiiiiiiiii,0,0,0,0,1,0,neutral,other,train,SEACrowd/ViSoBERT
fresh_visobert_10609,Đã full ảo hình. :>>,0,0,0,0,1,0,neutral,other,train,SEACrowd/ViSoBERT
fresh_visobert_10493,"giảng viên tận tâm , nhiệt tình , giảng dạy rất chi tiết nội dung bài học .",0,0,0,0,0,0,positive,enjoyment,train,SEACrowd/ViSoBERT
fresh_visobert_05251,trần quốc hưng mi thầy tao cướp red )))) cướp đc người ta gọi levi thầy tao ))),0,0,0,0,0,0,neutral,other,train,SEACrowd/ViSoBERT
fresh_visobert_00989,thử thách ông già streamer chửi tục,0,0,0,0,1,0,neutral,other,train,SEACrowd/ViSoBERT
fresh_visobert_00357,tú blue kết )),0,0,0,0,0,0,neutral,other,train,SEACrowd/ViSoBERT
fresh_visobert_07007,Sản phẩm giống hình. Giao hàng nhanh. Đóng gói sản phẩm cẩn thận,0,0,0,0,1,0,positive,enjoyment,train,SEACrowd/ViSoBERT
fresh_visobert_10553,"1.cốt truyện không có tiếng việt. why? 2.tôi muốn nhà phát triển thêm chức năng để các anh hùng huyền thoại có thể lên cấp hoặc thăng thiên. tất nhiên nó sẽ không mạnh bằng các anh hùng thăng thiên nhưng sẽ giúp đa dạng chiến thuật vì ngoài dùng để thăng thiên anh hùng ra, các anh hùng này không có ... bài đánh giá đầy đủ",1,1,1,1,0,1,neutral,disgust,train,SEACrowd/ViSoBERT
fresh_visobert_07101,Nên làm cả dán Mỹ Diệu nữa 🤣🤣🤣,0,0,0,0,0,0,neutral,enjoyment,train,SEACrowd/ViSoBERT
fresh_visobert_01152,quy trình cmnr = ] ],0,0,0,0,0,0,neutral,other,train,SEACrowd/ViSoBERT
fresh_visobert_09277,Cái beat tr chứ còn gì nữa =)))),1,0,0,0,1,0,neutral,other,train,SEACrowd/ViSoBERT
fresh_visobert_04266,ưng ý chào đón page,0,0,0,0,1,0,positive,enjoyment,train,SEACrowd/ViSoBERT
fresh_visobert_06829,Lê Duyên làm cái áo đứa bận,0,0,0,0,0,0,neutral,other,train,SEACrowd/ViSoBERT
fresh_visobert_09535,Thôi lại được con oto mới,0,0,0,0,0,0,neutral,other,train,SEACrowd/ViSoBERT
fresh_visobert_03432,tú ngu suẩn mặt cặc thái độ sặc mùi âm hộ,1,0,0,0,0,1,negative,disgust,train,SEACrowd/ViSoBERT
fresh_visobert_00505,đéo game má giải trí 😂 😂 😂,0,0,0,0,1,0,negative,enjoyment,train,SEACrowd/ViSoBERT
fresh_visobert_02293,tiêu diệt cặc dân tộc tàu khựa,0,0,0,0,0,0,neutral,other,train,SEACrowd/ViSoBERT
fresh_visobert_03199,cười vô mặt mày cặn cặc bã biến,0,0,0,0,0,0,neutral,other,train,SEACrowd/ViSoBERT
fresh_visobert_11679,đội mũ vô q ơi,0,0,0,0,0,0,neutral,other,train,SEACrowd/ViSoBERT
fresh_visobert_08165,Co nhiêu viêc chi minh hiêu la đu r,0,0,0,0,0,0,neutral,other,train,SEACrowd/ViSoBERT
fresh_visobert_10324,hết nc chấm luôn có gold apple luôn kìa,0,0,0,0,0,0,neutral,other,train,SEACrowd/ViSoBERT
fresh_visobert_01333,mì xì mì xì gêm mìng nhạc thay nhạc donate,0,0,0,0,0,0,neutral,other,train,SEACrowd/ViSoBERT
fresh_visobert_07152,Nguyễn Duy Thịnh bão - thủ đức - bd e lw ghê,0,0,0,0,0,0,negative,disgust,train,SEACrowd/ViSoBERT
fresh_visobert_04956,đu đủ chiều ngang vừa mồm,0,0,0,0,0,0,neutral,other,train,SEACrowd/ViSoBERT
fresh_visobert_05514,my cặc )) kệ thg lozzzz gà )))),1,0,0,0,1,1,neutral,disgust,train,SEACrowd/ViSoBERT
fresh_visobert_06289,cần cho thêm chuyên ngành tiếp viên hàng không,0,0,0,0,0,0,neutral,other,train,SEACrowd/ViSoBERT
fresh_visobert_07595,Lý do hôm qua G2 bị sấp mặt Và cũng là dự báo cho vòng 16 tuần sau🙃,0,0,0,0,0,0,neutral,other,train,SEACrowd/ViSoBERT
fresh_visobert_02472,gượng đk ráng nha tụi chau mê game hài,0,0,0,0,1,0,positive,enjoyment,train,SEACrowd/ViSoBERT
fresh_visobert_07507,Ngon thế. Đang nuôi con sim bên mạng này 😀,0,0,0,0,0,0,neutral,other,train,SEACrowd/ViSoBERT
fresh_visobert_02918,thịt mèo ngon thịt mèo hồi viết văn tả mèo,0,0,0,0,0,0,neutral,other,train,SEACrowd/ViSoBERT
fresh_visobert_04430,thuyết phục hơi vô lý ngẫm ta vô lý thuyết phục mâu thuẫn thuyết phục đằng suy vô lý vô lý hợp lý dễ dàng thuyết phục ta vô lý thuyết phục thuyết phục vô lý hợp lý vô lý hợp lý hợp lý thuyết phục hợp lý hợp lý,0,0,0,0,0,0,neutral,other,train,SEACrowd/ViSoBERT
fresh_visobert_00581,minh nguyen sập tiệm mẩy thất nghiệp time,0,0,0,0,0,0,neutral,other,train,SEACrowd/ViSoBERT
fresh_visobert_11696,"Mình đã dùng được 3 tháng, hàng sử dụng tốt, chạy mượt, giá mua hợp lý lại được thêm khuyến mại",0,0,0,0,0,0,positive,enjoyment,train,SEACrowd/ViSoBERT
fresh_visobert_05274,cô giàu hà,0,0,0,0,0,0,positive,enjoyment,train,SEACrowd/ViSoBERT
fresh_visobert_11359,"Vnpt ncc, ở nhà còn phải xài 4g chơi liên quân :)",1,0,0,0,0,0,neutral,other,train,SEACrowd/ViSoBERT
fresh_visobert_08949,Heo heo là đang yêu mới kêu chư emnlaf công chúa của anh cơ,0,0,0,0,0,0,positive,enjoyment,train,SEACrowd/ViSoBERT
fresh_visobert_11518,Văn Ngọc Tú t vs b học ng ta á :))),1,0,0,0,0,0,neutral,other,train,SEACrowd/ViSoBERT
fresh_visobert_09789,Miba young,0,0,0,0,1,0,positive,enjoyment,train,SEACrowd/ViSoBERT
fresh_visobert_06895,chỉnh màu hơi quá 🤣,0,0,0,0,0,0,neutral,enjoyment,train,SEACrowd/ViSoBERT
fresh_visobert_04181,vô liêm sỉ dối trá tàn độc đòi chổ tựa cặc văn minh tìm câu đảng viên coi,0,0,0,0,0,0,neutral,other,train,SEACrowd/ViSoBERT
fresh_visobert_02490,nguyễn thịnh 6 múi kìa,0,0,0,0,0,0,neutral,other,train,SEACrowd/ViSoBERT
fresh_visobert_11302,Ừ đuma há há,0,0,0,0,0,0,positive,enjoyment,train,SEACrowd/ViSoBERT
fresh_visobert_02386,trần dần tổng thống nge hé hé tự do ngôn luận,0,0,0,0,0,0,neutral,other,train,SEACrowd/ViSoBERT
fresh_visobert_07182,Hỏi khí không phải cái đồng bằng sông cửu long thì đắp đập kiểu gì hả các thanh niên -_-,1,1,0,0,0,0,neutral,surprise,train,SEACrowd/ViSoBERT
fresh_visobert_00833,đm mặc sịp má chim to vcl =)))),1,1,0,0,0,1,negative,anger,train,SEACrowd/ViSoBERT
fresh_visobert_11627,Ối Hôm nay tớ cũng mặc bộ này đi đá bóng🤭,0,0,0,0,0,0,neutral,other,train,SEACrowd/ViSoBERT
fresh_visobert_06288,Ngọc Ngân cuối cùng cũng có bạn suy nghĩ giống mk . Lỡ có tai nạn thì ai dễ chết hơn. Xe may hay ô tô ?,0,0,0,0,0,0,positive,enjoyment,train,SEACrowd/ViSoBERT
fresh_visobert_05105,hài vcl buồn video cặc thầy tự tử )),1,0,0,0,1,1,negative,anger,train,SEACrowd/ViSoBERT
fresh_visobert_11709,VKL MƯỜI BA CA VIU,0,0,0,0,1,0,neutral,enjoyment,train,SEACrowd/ViSoBERT
fresh_visobert_07251,Thuộc full bài đợi mãi #schdtx lâu quá,0,0,0,0,1,0,neutral,other,train,SEACrowd/ViSoBERT
fresh_visobert_05199,hoa nở bặc bặc,0,0,0,0,0,0,neutral,other,train,SEACrowd/ViSoBERT
fresh_visobert_03282,dần 57 trương định nha xưa gò vấp bây chờ đòi trụ sở ubnn phường tân định tiên tri he he he,0,0,0,0,0,0,neutral,other,train,SEACrowd/ViSoBERT
fresh_visobert_06643,- TaoWORK điểm kém = lỗi của bạn nhưng TaoWORK điểm cao = công sức cả nhóm.,0,1,1,0,0,1,negative,disgust,train,SEACrowd/ViSoBERT
fresh_visobert_06644,Người đẹp mặc ji cũng xinh,0,0,0,0,0,0,positive,enjoyment,train,SEACrowd/ViSoBERT
fresh_visobert_08444,Nhìn mặt chị là hiểu rồi đẹp thắng tính ok,0,0,0,0,1,0,positive,enjoyment,train,SEACrowd/ViSoBERT
fresh_visobert_00201,sương mù thiên tai,0,0,0,0,0,0,negative,sadness,train,SEACrowd/ViSoBERT
fresh_visobert_00027,Hfkxjgxjgxjgxgjxgjxjgdjgdnvoxhxknkglnfxjfxtdt,0,0,0,0,0,0,neutral,enjoyment,train,SEACrowd/ViSoBERT
fresh_visobert_08081,"tại sao lại tức trường trong khi lỗi là hoàn toàn do bạn? bạn có còn là con nít nữa đâu mà có mỗi cái việc đi thi cũng không tự lo được? thiết nghĩ bước vào trường này thì bạn cũng đã 8 tuổi, chẳng lẽ đứa 8 tuổi không thể tự thân đi hỏi người khác (lecturer, classmates) về lịch thi? ủa chứ bạn nghĩ những anh chị đi trước có người chỉ dạy hay sao? giáo viên là giáo viên, không phải ba mẹ của bạn mà nhắc bạn làm cái này làm cái nọ, chỉ dẫn tận răng okay?",1,1,1,0,1,1,negative,anger,train,SEACrowd/ViSoBERT
fresh_visobert_07616,Duy Khánh cắt xong nhìn đẹp hơn tóc cũ mà nhỉ.,1,0,1,0,0,0,positive,surprise,train,SEACrowd/ViSoBERT
fresh_visobert_10039,Linh Tâm suốt bao lâu chưa được tuyệt vọng =)))))))))))))))),1,0,0,0,0,0,positive,enjoyment,train,SEACrowd/ViSoBERT
fresh_visobert_05648,tổ cha mấy quản lý bảo kê ngu lợn thể trạng cặc nước nôi cảnh giác củi lửa,1,0,0,0,0,1,negative,disgust,train,SEACrowd/ViSoBERT
fresh_visobert_04764,yêu tui kkk,1,0,0,0,0,0,positive,enjoyment,train,SEACrowd/ViSoBERT
fresh_visobert_08229,Khánh Linh t thấy hôm đó m hãm vãi,0,0,0,1,0,0,neutral,surprise,train,SEACrowd/ViSoBERT
fresh_visobert_05279,tối game phim,0,0,0,0,1,0,neutral,other,train,SEACrowd/ViSoBERT
fresh_visobert_09201,Áo ren ở trong bao nhiêu vậy,0,0,0,0,0,0,neutral,other,train,SEACrowd/ViSoBERT
fresh_visobert_07362,Chi ngoc co ve vung tau khong,0,0,0,0,0,0,neutral,other,train,SEACrowd/ViSoBERT
fresh_visobert_07725,Cho minh xin hinh vs,0,0,0,0,1,0,negative,enjoyment,train,SEACrowd/ViSoBERT
fresh_visobert_02950,jack bảo khôg kicm tao ổn đẳng cấp,0,0,0,0,0,0,neutral,other,train,SEACrowd/ViSoBERT
fresh_visobert_03716,ms gọi linh cá lóc,0,0,0,0,0,0,neutral,other,train,SEACrowd/ViSoBERT
fresh_visobert_05551,tiktok xem ra như thế này cặc co vệ sỹ fan bủa vây éo hỉu,1,0,0,1,1,0,neutral,other,train,SEACrowd/ViSoBERT
fresh_visobert_04727,đéo lol cặc xài giẻ rách hahaha,0,0,0,0,1,0,negative,anger,train,SEACrowd/ViSoBERT
fresh_visobert_06546,"vì trước khi mua tôi đã xem chi tiết sản phẩm nên chọn được nền phù hợp nhất với da mặt mình. kem mỏng,dùng một lượng nhỏ có thể dùng cả mặt. rất tốt 👍",0,0,0,0,0,0,positive,enjoyment,train,SEACrowd/ViSoBERT
fresh_visobert_07482,"Wow wow wow. Đã mua shop lần thứ 2 rồi mà vẫn ko tin đc đồng hồ shop đẹp thế. Có lẽ mình đã tìm được shop đồng hồ chân ái của mình rồi. đồng hồ bao đẹp như mẫu, đeo lên càng tăng độ đẹp trai xinh gái. Hàng lúc nào cũng tốt nữa. Thật perfect. 100đ.",0,1,1,1,1,1,positive,enjoyment,train,SEACrowd/ViSoBERT
fresh_visobert_01647,no van len đc,0,0,0,0,1,0,neutral,other,train,SEACrowd/ViSoBERT
fresh_visobert_05187,trần thanh trúc tr,0,0,0,0,1,0,negative,fear,train,SEACrowd/ViSoBERT
fresh_visobert_00726,vn má mau lol,0,0,0,0,1,0,neutral,other,train,SEACrowd/ViSoBERT
fresh_visobert_08588,"Mình dùng cho máy giặt 7kg, chân rất chắc không bị rung lắc, đỡ ồn nữa. Tốt.",0,0,0,0,0,0,positive,enjoyment,train,SEACrowd/ViSoBERT
fresh_visobert_07591,"Theo tui hiểu thì việc tìm reference và paraphrase chúng để nhét vào bài là nhằm mục đích xây dựng chiều sâu, độ tinh cậy, tính authentic cho luận điểm, lí lẽ đó á (Nó có thể là ý, biểu đồ, con số, hay hình ảnh, vv.) Như kiểu elaborate cụ thể tính chất của nó là j, xoay quanh nó còn vấn đề j nữa ko, vv.",1,0,0,1,0,0,positive,enjoyment,train,SEACrowd/ViSoBERT
fresh_visobert_05588,kinh tế vững vàng cao lãnh,0,0,0,0,0,0,negative,disgust,train,SEACrowd/ViSoBERT
fresh_visobert_09370,Nửa thổ nửa kinh 😂😂,1,0,0,0,0,0,neutral,disgust,train,SEACrowd/ViSoBERT
fresh_visobert_09391,Ăn trưa chưa c ơi?,0,0,0,0,0,0,neutral,other,train,SEACrowd/ViSoBERT
fresh_visobert_04562,phan mạnh cường xung phong mong chết,0,0,0,0,0,0,neutral,other,train,SEACrowd/ViSoBERT
fresh_visobert_04962,khẩu trang đeo,0,0,0,0,0,0,neutral,other,train,SEACrowd/ViSoBERT
fresh_visobert_00776,ah độ đẹp đôi trang,0,0,0,0,0,0,positive,enjoyment,train,SEACrowd/ViSoBERT
fresh_visobert_08550,Nam mô a Di Đà Phật mong các nhà hảo tâm dup cắt cho jia đinh ảnh can nha kien cô,0,0,0,0,0,0,neutral,other,train,SEACrowd/ViSoBERT
fresh_visobert_06369,"Trời ơiii quá đỉnh 😘 không biết dùng ổn không nhưng trước mắt giao hàng nhanh, săn được bill mua 1 tặng 1 ngày 7.7 ahihiiiiii. Đóng gói đẹp mắt nữa trời ơi. Giao hàng nhanh, gọn, lẹ. 10đ luôn =)))",1,1,1,1,0,1,positive,enjoyment,train,SEACrowd/ViSoBERT
fresh_visobert_09786,đấy cổ tích như thế có mà dân lại ngồi hết lên đầu pháp luật . tai nạn tăng không ngừng nghỉ ấy chứ .,1,0,1,1,0,0,neutral,surprise,train,SEACrowd/ViSoBERT
fresh_visobert_00479,tran dan tien bo moi gia nhap dcs,0,0,0,0,0,0,negative,other,train,SEACrowd/ViSoBERT
fresh_visobert_05733,dung hoàng lý đặng thị ngọc hà huỳnh thị hồng yến hứa tuyết nhi sẵn nghỉ rảnh kh nè,0,0,0,0,0,0,neutral,other,train,SEACrowd/ViSoBERT
fresh_visobert_01393,thành công đàn ông bóng dáng phụ nữ phụ nữ thành công,0,0,0,0,0,0,neutral,other,train,SEACrowd/ViSoBERT
fresh_visobert_00133,coronavirus is manmade,0,0,0,0,1,0,positive,enjoyment,train,SEACrowd/ViSoBERT
fresh_visobert_00097,Cứ tàn tàn đi bạn : Đến tầm sem là bạn sẽ có cái nhìn khác hẳn.,0,0,0,0,0,0,neutral,other,train,SEACrowd/ViSoBERT
fresh_visobert_04272,ơn giời trần dần chết dược hài miễn phí dài dài,0,0,0,0,0,0,neutral,other,train,SEACrowd/ViSoBERT
fresh_visobert_00540,mấy trại cặc tâm thần nghịch kiến,0,0,0,1,0,0,neutral,other,train,SEACrowd/ViSoBERT
fresh_visobert_04767,súc má sinh,0,0,0,0,0,0,negative,disgust,train,SEACrowd/ViSoBERT
fresh_visobert_08363,Ai có nhu cau lien he mình nhe 6986,0,0,0,0,0,0,neutral,other,train,SEACrowd/ViSoBERT
fresh_visobert_03411,coi bắt full lo la rf ♥,0,0,0,0,1,0,negative,fear,train,SEACrowd/ViSoBERT
fresh_visobert_09276,"Giao hàng nhanh, đóng gói ít dày dặn bằng chỗ khác Nhưng phí vận chuyển rẻ hơn nhiều so với chỗ khác",1,0,1,0,0,0,positive,surprise,train,SEACrowd/ViSoBERT
fresh_visobert_03770,việt nam can thiệp công việc nội bộ việt nam,0,0,0,0,0,0,neutral,other,train,SEACrowd/ViSoBERT
fresh_visobert_05504,cười mắc cười đến mắc cười,0,0,0,0,0,0,neutral,other,train,SEACrowd/ViSoBERT
fresh_visobert_00632,lê bảo trâm hả zậy bà con,1,1,0,0,0,0,neutral,surprise,train,SEACrowd/ViSoBERT
fresh_visobert_03506,hào nguyễn xin vid brooo,0,0,0,0,0,0,negative,disgust,train,SEACrowd/ViSoBERT
fresh_visobert_01407,nứng nứng má nứng,0,0,0,0,0,0,negative,other,train,SEACrowd/ViSoBERT
fresh_visobert_09001,Tui thấy bóng dáng tui đâu đây,0,0,0,0,0,0,neutral,other,train,SEACrowd/ViSoBERT
fresh_visobert_02086,dung sai koa ok,0,1,0,0,1,0,positive,surprise,train,SEACrowd/ViSoBERT
fresh_visobert_04415,lương chính quyền chính quyền sai hảy chửi chính quyền bộ đội lỗi đc trọng mc phan đc bình luận,0,0,0,0,0,0,negative,sadness,train,SEACrowd/ViSoBERT
fresh_visobert_03260,tư bản giãy chết dám cặc mõm đảng,0,0,0,0,0,0,neutral,other,train,SEACrowd/ViSoBERT
fresh_visobert_09455,Bên a toang lắm hay sao mà phải điều trị ngoại trú nghe oải.,1,0,1,1,0,0,positive,enjoyment,train,SEACrowd/ViSoBERT
fresh_visobert_10462,Ở đây thấy nhiều người không đủ cấu hình nên mình xin hướng dẫn: Tải iso rồi dùng wintohdd để cài nhá,0,0,0,0,0,0,neutral,other,train,SEACrowd/ViSoBERT
fresh_visobert_03715,duy nguyen night eat egg tea nha uncle,0,0,0,0,0,0,neutral,other,train,SEACrowd/ViSoBERT
fresh_visobert_09417,Ko bik khi nào mới hết dịch,0,0,0,0,0,0,neutral,other,train,SEACrowd/ViSoBERT
fresh_visobert_08655,🆘 GROUP BCR KISHO GROUP - VIP 🆘,0,0,0,0,1,0,neutral,other,train,SEACrowd/ViSoBERT
fresh_visobert_03595,thời chửi ng ta hết thời má vẻ tiếc vớ vẩn vl )),0,0,0,1,0,0,negative,sadness,train,SEACrowd/ViSoBERT
fresh_visobert_04559,hông tụi ❤,0,0,0,0,0,0,positive,enjoyment,train,SEACrowd/ViSoBERT
fresh_visobert_11376,Hồ Ca cẩn thận k ăn con sam biển nha,0,0,0,0,0,0,neutral,other,train,SEACrowd/ViSoBERT
fresh_visobert_01018,chua má rẽ,0,0,0,0,0,0,neutral,other,train,SEACrowd/ViSoBERT
fresh_visobert_11404,Ngươi ung hô +4,0,0,0,0,0,0,neutral,other,train,SEACrowd/ViSoBERT
fresh_visobert_03345,trùng hợp )),0,0,0,0,0,0,positive,enjoyment,train,SEACrowd/ViSoBERT
fresh_visobert_08889,Hanna Truong ủa offline ở VN hả :))(,1,1,0,0,1,0,neutral,surprise,train,SEACrowd/ViSoBERT
fresh_visobert_01357,bệnh thử bảo hiểm quý cỡ hồi bắt đội mũ bảo hiểm đội quyền ang đéo đội phạt xong mũ bảo hiểm quý cỡ,0,0,0,0,0,0,negative,anger,train,SEACrowd/ViSoBERT
fresh_visobert_06328,Hình như sắp có kirito thì phaie,0,0,0,0,0,0,neutral,other,train,SEACrowd/ViSoBERT
fresh_visobert_00738,nói chuyện bẻ lái mãi,0,0,0,0,0,0,positive,sadness,train,SEACrowd/ViSoBERT
fresh_visobert_00911,gay ấn tượng nổi bật,0,0,0,0,0,0,neutral,other,train,SEACrowd/ViSoBERT
fresh_visobert_04076,tú abe blu,0,0,0,0,0,0,neutral,other,train,SEACrowd/ViSoBERT
fresh_visobert_01078,cạnh codon yêu xaaa,0,0,0,0,0,0,positive,enjoyment,train,SEACrowd/ViSoBERT
fresh_visobert_10821,Ai share link thì cút :)),1,0,0,0,1,0,neutral,other,train,SEACrowd/ViSoBERT
fresh_visobert_11445,Em chào chị MisThy,0,0,0,0,0,0,neutral,enjoyment,train,SEACrowd/ViSoBERT
fresh_visobert_02314,mcvmedia đeo vàng nhg vàng thiệt đeo toàn vàng giả màu sắc sợi dây chuyền đồng cu,0,0,0,0,0,0,neutral,other,train,SEACrowd/ViSoBERT
fresh_visobert_10332,Như này là phá nhạc chứ hát cái qq gì,1,0,0,1,0,0,neutral,other,train,SEACrowd/ViSoBERT
fresh_visobert_00974,quá cảnh sân bay inchen hq sân bay quatar thành thật khai báo tuần hq thành cặc dịch khai báo vô ý thức chừa một độ hi vọng nhà nước share thông tin né,0,0,0,0,1,0,neutral,other,train,SEACrowd/ViSoBERT
fresh_visobert_07509,Giá sh mode hiện tại bn ạ,0,0,0,0,0,0,neutral,other,train,SEACrowd/ViSoBERT
fresh_visobert_01613,thoáng chút đau lòng,0,0,0,0,0,0,negative,sadness,train,SEACrowd/ViSoBERT
fresh_visobert_09374,m cũng là bạn thân của nó mà=))),1,1,1,0,0,1,neutral,disgust,train,SEACrowd/ViSoBERT
fresh_visobert_00596,hoàng tử vvv,0,0,0,0,0,0,positive,enjoyment,train,SEACrowd/ViSoBERT
fresh_visobert_07029,"Chị chào emTia nốt ruồi nhỏ cạn trên bề mặt da giá 5./nốt. Nốt ruồi to hoặc lồi trên bề mặt da giá . 5. VND/nốt tùy kích thước, em nhé",0,0,0,0,0,0,neutral,other,train,SEACrowd/ViSoBERT
fresh_visobert_05296,toanggggggggggg,1,0,0,1,0,0,neutral,other,train,SEACrowd/ViSoBERT
fresh_visobert_03908,hai anh em,0,0,0,0,0,0,neutral,other,train,SEACrowd/ViSoBERT
fresh_visobert_05927,Đéo lấy nữa :)),1,0,0,0,0,0,negative,anger,train,SEACrowd/ViSoBERT
fresh_visobert_07347,"Và ba của anh là lính, má anh từng là cán bộ",0,0,0,0,0,0,neutral,other,train,SEACrowd/ViSoBERT
fresh_visobert_10828,"cập nhật tình hình xuân diệu, âu cơ",0,0,0,0,0,0,neutral,other,train,SEACrowd/ViSoBERT
fresh_visobert_05806,cực kì thuyết phục ⚔,0,0,0,1,0,0,neutral,other,train,SEACrowd/ViSoBERT
fresh_visobert_02155,lý phục vô thuyết lí hợp =)),1,0,0,0,0,0,neutral,other,train,SEACrowd/ViSoBERT
fresh_visobert_06699,Rồi chừng nào tới nhớ B,0,0,0,0,0,0,neutral,other,train,SEACrowd/ViSoBERT
fresh_visobert_10043,Giờ cmt cày top được nhiều người để ý cmt quá thích quá được bú tí fame thướng gần chết 😂,0,0,0,0,1,0,positive,enjoyment,train,SEACrowd/ViSoBERT
fresh_visobert_08133,"Giao hàng nhanh, chưa sử dụng nên chưa biết chất lượng thế nào.Nếu tốt lần sau sẽ mua lại",1,0,0,0,0,0,positive,enjoyment,train,SEACrowd/ViSoBERT
fresh_visobert_06737,Su Bánh Bèo Nga nó ko hiểu,0,0,0,0,0,0,neutral,other,train,SEACrowd/ViSoBERT
fresh_visobert_10939,"Hôi minh hoc (sem B 4) thi bai co 6 phân: show don't tell, travel writing, editing, writing devices, pitching, reviews; k biêt bây h co thay đôi j k, ma gân thi thi cô Jade co cho lam practice exam nên chăc ban k cân lo qua đâu :)",0,0,0,0,1,0,neutral,fear,train,SEACrowd/ViSoBERT
fresh_visobert_06913,Cái khe hẹp xem ra cũng vẫn còn có ích.,0,0,0,0,0,0,neutral,other,train,SEACrowd/ViSoBERT
fresh_visobert_09436,"Máy lạnh chạy êm, làm lạnh cũng ổn, giá rẻ những chỗ khác. Hiện tại chưa thấy lỗi gì. Tks tiki",0,0,0,0,0,0,negative,sadness,train,SEACrowd/ViSoBERT
fresh_visobert_08767,H có lẽ đã quá muộn màng,0,0,0,0,0,0,neutral,other,train,SEACrowd/ViSoBERT
fresh_visobert_09462,Định hợp tác sản xuất âm nhạc hay gì v Thầy 😂,0,0,0,0,0,0,positive,enjoyment,train,SEACrowd/ViSoBERT
fresh_visobert_11192,Đất nước tao đáng sống nha,0,0,0,0,0,0,neutral,other,train,SEACrowd/ViSoBERT
fresh_visobert_05200,ga pro vc )),0,0,0,0,1,0,neutral,other,train,SEACrowd/ViSoBERT
fresh_visobert_01217,bận ỉa má gọi khét quất,0,0,0,0,0,0,neutral,other,train,SEACrowd/ViSoBERT
fresh_visobert_09244,"hang ok, cam on cửa hàng",0,0,0,0,1,0,positive,enjoyment,train,SEACrowd/ViSoBERT
fresh_visobert_00355,đấng nha gà 😎 😎,1,0,0,0,0,1,positive,enjoyment,train,SEACrowd/ViSoBERT
fresh_visobert_04730,sủa chó đc củ đ cơm bọn kia cặc đ đc định cư kiếp bò,0,0,0,0,0,0,neutral,other,train,SEACrowd/ViSoBERT
fresh_visobert_09168,Đây là đường phố chứ không phải đường làng các cháu ơi,0,0,0,0,0,0,neutral,other,train,SEACrowd/ViSoBERT
fresh_visobert_01059,xứ xở thiên đường,0,0,0,0,0,0,neutral,other,train,SEACrowd/ViSoBERT
fresh_visobert_08512,Ăn chậm p đc ko 😝 cả nhà ăn xong vẫn ngồi ăn từng miếng một,0,0,0,0,0,0,neutral,other,train,SEACrowd/ViSoBERT
fresh_visobert_04129,co vang ngọc noi cacmobi nha co,0,0,0,0,0,0,neutral,other,train,SEACrowd/ViSoBERT
fresh_visobert_10501,anh Độ độ quả đâu ` cho hai bố con đuok quá,0,0,0,0,0,0,neutral,other,train,SEACrowd/ViSoBERT
fresh_visobert_02581,neu la anh đội đầu,0,0,0,0,0,0,negative,other,train,SEACrowd/ViSoBERT
fresh_visobert_11405,Sip mình chai này nha,0,0,0,0,0,0,neutral,other,train,SEACrowd/ViSoBERT
fresh_visobert_08744,Ngưỡng mộ tình yêu thương của hai ông bà thật đấy ❤,0,0,0,0,0,0,positive,enjoyment,train,SEACrowd/ViSoBERT
fresh_visobert_02591,khen phim dỡ vkl,0,0,0,0,1,0,positive,enjoyment,train,SEACrowd/ViSoBERT
fresh_visobert_07233,Ngày nào mk cũng xem.,0,0,0,0,1,0,negative,sadness,train,SEACrowd/ViSoBERT
fresh_visobert_09912,Bn tien vậy ak,0,0,0,0,0,0,neutral,other,train,SEACrowd/ViSoBERT
fresh_visobert_09315,Khi nào IT có Tiêu Nại thì sẽ nổi như cồn thôi 🤔,0,0,0,0,0,0,neutral,other,train,SEACrowd/ViSoBERT
fresh_visobert_02525,thông đít má hàng,0,0,0,0,0,0,negative,other,train,SEACrowd/ViSoBERT
fresh_visobert_06862,Cừi gì ba ??? 😪😂,1,0,0,0,0,0,neutral,enjoyment,train,SEACrowd/ViSoBERT
fresh_visobert_00192,trương duy ko mvp đội mvp đội ))),0,0,0,0,0,0,neutral,other,train,SEACrowd/ViSoBERT
fresh_visobert_10832,Đáp án: 8 Id 65 Tony Kroos Ngay Ngât Bíck Nanô Art Tô Ny Niê,0,0,0,0,0,0,neutral,other,train,SEACrowd/ViSoBERT
fresh_visobert_05747,cộng sản cặc muôn đời,0,0,0,0,0,0,negative,other,train,SEACrowd/ViSoBERT
fresh_visobert_11513,Nhìn lịch này là biết tnao mình cũng đc nghỉ tới ngày 9 mới làm :v,0,0,0,0,0,0,neutral,other,train,SEACrowd/ViSoBERT
fresh_visobert_08242,"Lời nghe và hiểu đc 2 câu, chắc t phải học lại trình NGHE - HIỂU lớp 1 😨😨😨",0,0,0,0,0,0,positive,enjoyment,train,SEACrowd/ViSoBERT
fresh_visobert_10604,Chị chào e đi chị,0,0,0,0,0,0,neutral,other,train,SEACrowd/ViSoBERT
fresh_visobert_05593,thầy thầy hồi trẻ lỗi má thầy,0,0,0,0,0,0,negative,sadness,train,SEACrowd/ViSoBERT
fresh_visobert_00363,đu má tu biên má tu din luon,0,0,0,0,0,0,neutral,other,train,SEACrowd/ViSoBERT
fresh_visobert_09393,Chế ưiiiii chào e đi,0,0,0,0,0,0,neutral,other,train,SEACrowd/ViSoBERT
fresh_visobert_05134,nguyễn trang trà nguyễn chu thủy t 😶 😶 😶,0,0,0,0,0,0,neutral,other,train,SEACrowd/ViSoBERT
fresh_visobert_02338,coi zui chết,0,0,0,0,0,0,negative,enjoyment,train,SEACrowd/ViSoBERT
fresh_visobert_04050,lê thuần triệu official bóng dơ đồ giả nhe cặc khịa minh hiếu fan tag minh hiếu,0,0,0,0,1,0,neutral,other,train,SEACrowd/ViSoBERT
fresh_visobert_05371,bạo dâm thg pew trích tộc trưởng,0,0,0,0,0,0,neutral,other,train,SEACrowd/ViSoBERT
fresh_visobert_11701,"ko ủng hộ, thằng này cho vào tù vài năm cho nó bớt ngông rồi ra tù mới dùng đc",0,0,0,0,0,0,neutral,other,train,SEACrowd/ViSoBERT
fresh_visobert_08903,Về thôi. Về nhà thôi,0,0,0,0,0,0,positive,sadness,train,SEACrowd/ViSoBERT
fresh_visobert_10439,", Cố lên con nhé một chút xíu nữa thoii",0,0,0,0,0,0,neutral,other,train,SEACrowd/ViSoBERT
fresh_visobert_10454,Hôm nào có măng tô em?,0,0,0,0,0,0,neutral,other,train,SEACrowd/ViSoBERT
fresh_visobert_00187,nhẹ lương nhường thất nghiệp )),0,0,0,0,0,0,neutral,other,train,SEACrowd/ViSoBERT
fresh_visobert_03964,dang khoa nguyen bảo má mấy đứa nhục sủa,0,0,0,0,0,0,neutral,other,train,SEACrowd/ViSoBERT
fresh_visobert_00741,vu quynh huong cân bằng hoàn hảo vãilone tạo hóa =)))),0,0,0,0,0,0,positive,enjoyment,train,SEACrowd/ViSoBERT
fresh_visobert_03495,vứt liêm sỉ lai,0,0,0,0,0,0,neutral,other,train,SEACrowd/ViSoBERT
fresh_visobert_08620,Dăm cái khăn giấy mang bcs cho chắc,0,0,0,0,0,0,neutral,other,train,SEACrowd/ViSoBERT
fresh_visobert_02163,dũng khóa dc,0,0,0,0,0,0,negative,sadness,train,SEACrowd/ViSoBERT
fresh_visobert_09748,Bộ ăn dặm còn ko c ơi,0,0,0,0,0,0,neutral,other,train,SEACrowd/ViSoBERT
fresh_visobert_06796,Học trò ngoan,0,0,0,0,0,0,negative,other,train,SEACrowd/ViSoBERT
fresh_visobert_08750,Đụng là t cạo lông nách m :)),1,0,0,0,0,0,neutral,other,train,SEACrowd/ViSoBERT
fresh_visobert_08072,mình k biết cách thôi chắc k đc giải rồi,0,0,0,0,0,0,neutral,other,train,SEACrowd/ViSoBERT
fresh_visobert_11970,"Lịch thi đấu viết thì to, còn cái thời gian thì bé xíu",0,0,0,0,0,0,neutral,other,train,SEACrowd/ViSoBERT
fresh_visobert_06808,CyktKtrjsirHejsriJrtkkktktkktkttkTkKyxkyxkz.kxtjTTi,0,0,0,0,0,0,neutral,other,train,SEACrowd/ViSoBERT
fresh_visobert_04247,máy tỷ xai coi,0,0,0,0,0,0,negative,sadness,train,SEACrowd/ViSoBERT
fresh_visobert_04513,hợp lí vcl,1,0,0,0,0,1,negative,anger,train,SEACrowd/ViSoBERT
fresh_visobert_10341,Quậy Lạnh Lùng b gửi id game m kiểm tra nhé,0,0,0,0,1,0,neutral,other,train,SEACrowd/ViSoBERT
fresh_visobert_03162,mấy chục y chang,0,0,0,0,0,0,neutral,sadness,train,SEACrowd/ViSoBERT
fresh_visobert_02643,dương bé chết trời 7 lây loạn xạ,0,0,0,0,0,0,neutral,other,train,SEACrowd/ViSoBERT
fresh_visobert_02675,lớp du chu cà mo 🥰 🥰,0,0,0,0,0,0,positive,enjoyment,train,SEACrowd/ViSoBERT
fresh_visobert_00627,chẳng đẹp má chỗ,0,0,0,0,0,0,positive,enjoyment,train,SEACrowd/ViSoBERT
fresh_visobert_02848,dm má tao sói said,1,0,0,0,0,1,neutral,anger,train,SEACrowd/ViSoBERT
fresh_visobert_10715,"Nhiều khi nghĩ, bỏ cm nghề đi, 8 tết chưa thấy lương đâu",0,0,0,0,0,0,neutral,other,train,SEACrowd/ViSoBERT
fresh_visobert_04742,tù cặc thay vì xaolol,0,0,0,0,1,0,negative,enjoyment,train,SEACrowd/ViSoBERT
fresh_visobert_00978,liêm sĩ ji tầm abe ôi,0,0,0,0,0,0,neutral,other,train,SEACrowd/ViSoBERT
fresh_visobert_06919,Chị ơi khi quen ng ta mà ng ta cứ tỏ ra là còn thw Mik nhưng mik hỏi thì nói ko,1,1,1,0,0,1,neutral,disgust,train,SEACrowd/ViSoBERT
fresh_visobert_08182,Mong cha luôn khỏe mạnh và bình an ❤,0,0,0,0,0,0,positive,sadness,train,SEACrowd/ViSoBERT
fresh_visobert_11354,Em sợ mọi người thua rồi tự ái nên e xin phép ko tham gia để mọi người có tí niềm vui chiến thắng🤣,0,0,0,0,0,0,neutral,enjoyment,train,SEACrowd/ViSoBERT
fresh_visobert_11290,Lyly Nguyen sau có khóc thì đừng cào với cắn t nã. Đau điến i,0,0,0,0,0,0,negative,sadness,train,SEACrowd/ViSoBERT
fresh_visobert_09131,Mây chất như nước cất :)),1,0,0,1,0,0,positive,enjoyment,train,SEACrowd/ViSoBERT
fresh_visobert_04626,theo đuổi tình cảm thuiii vì con gái con trai vẫnn theo đuổi đừnng lệch sóng,0,0,0,0,0,0,neutral,other,train,SEACrowd/ViSoBERT
fresh_visobert_10701,Áo trắng đằng sau mình xem với My ơi,0,0,0,0,1,0,neutral,other,train,SEACrowd/ViSoBERT
fresh_visobert_06814,Có diana k lấy,0,0,0,0,0,0,neutral,other,train,SEACrowd/ViSoBERT
fresh_visobert_07674,Sao stream nào e cx xem mà vẫn chưa đc fan cứng nhỉ :((,1,1,1,0,1,1,neutral,disgust,train,SEACrowd/ViSoBERT
fresh_visobert_07670,Cái bài tôi thích suốt bao năm 😍😍,0,0,0,0,0,0,positive,enjoyment,train,SEACrowd/ViSoBERT
fresh_visobert_06542,Dau long qua sin chia buon cung gi dinh cac em,0,0,0,0,0,0,neutral,other,train,SEACrowd/ViSoBERT
fresh_visobert_05983,Chị ơi hát mưa rơi vào phòng đi ❤❤❤❤❤,0,0,0,0,0,0,positive,enjoyment,train,SEACrowd/ViSoBERT
fresh_visobert_04093,nhật trường giận bay màu,1,0,0,1,0,0,negative,anger,train,SEACrowd/ViSoBERT
fresh_visobert_00245,lê huyền sinh vật hạ cặc đẳng lam,0,0,0,0,0,0,neutral,other,train,SEACrowd/ViSoBERT
fresh_visobert_06790,Đã từng trãi wa cảm giác đó và có si nghỉ là cứ lm nũn vs ng mk iu là sẻ đc iu thw thật ra k f z đó chỉ là si nghỉ của những đứa trẻ con iu thì dể giữ nhau đc k ms là qtrong,0,0,0,0,0,0,neutral,other,train,SEACrowd/ViSoBERT
fresh_visobert_02462,hồ sơ đăng ký ad,0,0,0,0,0,0,neutral,other,train,SEACrowd/ViSoBERT
fresh_visobert_11837,Trang Bống cay dã man quá à. Tăng phát 5 bậc luôn làm mh bị tụt . huhu,0,0,0,0,0,0,neutral,other,train,SEACrowd/ViSoBERT
fresh_visobert_00103,Thanks...😊,0,0,0,0,1,0,neutral,other,train,SEACrowd/ViSoBERT
fresh_visobert_06168,Việt nam chiến thắng 859997,0,0,0,0,0,0,positive,sadness,train,SEACrowd/ViSoBERT
fresh_visobert_10679,Ba cát lạng,0,0,0,0,0,0,neutral,enjoyment,train,SEACrowd/ViSoBERT
fresh_visobert_03599,chỗ cute )),0,0,0,0,1,0,positive,enjoyment,train,SEACrowd/ViSoBERT
fresh_visobert_03748,nước hoa 5 nước lã thơm tho like trim chửi mắn cặc cha mẹ người ta khóc hả nhân quả bán hàng,1,0,0,0,1,0,neutral,surprise,train,SEACrowd/ViSoBERT
fresh_visobert_06043,6tháng c tính cho e cả lãi và goc len bao nhiêu a,0,0,0,0,0,0,neutral,other,train,SEACrowd/ViSoBERT
fresh_visobert_08586,Ngày càng phát triển bền lâu vững vàng 💪,0,0,0,0,0,0,neutral,other,train,SEACrowd/ViSoBERT
fresh_visobert_08704,mũ lưỡi trai bé trai chiếc,0,0,0,0,0,0,neutral,other,train,SEACrowd/ViSoBERT
fresh_visobert_04510,táo liên quân ad nhầm táo quân lèo trẻ con,0,0,0,0,0,0,neutral,other,train,SEACrowd/ViSoBERT
fresh_visobert_09134,Nhóm này dc nha Trương Hồng Nhung,0,0,0,0,0,0,neutral,other,train,SEACrowd/ViSoBERT
fresh_visobert_08178,Anh Ba giống Duke 2016 thời SKT. Đi top toàn chơi vs lính . 3 lane kia lo hết,0,0,0,0,1,0,negative,fear,train,SEACrowd/ViSoBERT
fresh_visobert_06995,Hôm đấy mua đc coa 3 bộ,0,0,0,0,0,0,neutral,other,train,SEACrowd/ViSoBERT
fresh_visobert_00996,vũ hoàng lân troll trần dần hoài hehe,0,0,0,0,0,0,neutral,enjoyment,train,SEACrowd/ViSoBERT
fresh_visobert_06528,E cs cho mười mấy nhóm zui á,0,0,0,0,0,0,neutral,other,train,SEACrowd/ViSoBERT
fresh_visobert_09498,A Di Đà Phật. Mong em sớm siêu thoát. Thương quá 😞,0,0,0,1,0,0,negative,sadness,train,SEACrowd/ViSoBERT
fresh_visobert_06353,Chị GDV ở chi nhánh nào mà xinh quá vậy ạ?,1,0,1,0,0,1,neutral,disgust,train,SEACrowd/ViSoBERT
fresh_visobert_05601,tao đệ ba gà )),1,0,0,0,0,1,neutral,disgust,train,SEACrowd/ViSoBERT
fresh_visobert_01168,gia nhập tpp,0,0,0,0,0,0,negative,sadness,train,SEACrowd/ViSoBERT
fresh_visobert_02246,giọng đừng thử vs nhạc dance,0,0,0,0,1,0,neutral,other,train,SEACrowd/ViSoBERT
fresh_visobert_03829,hồi thiếu nữ trăng tròn đấy,0,0,0,0,0,0,neutral,other,train,SEACrowd/ViSoBERT
fresh_visobert_11110,"Túi oke lắm.. form xinh xắn :v nên mua 1 cái nha các bạn.. mà phải khen shop đóng gói hàng rất nhanh, ship tỉnh cũng nhanh nữa. Mới đặt chiều hôm qua sáng hôm nay có rồi.. 5 saoooo",1,1,1,0,1,1,positive,disgust,train,SEACrowd/ViSoBERT
fresh_visobert_06989,"Mé bên Mỹ thì fast food là để vừa rẻ vừa no, trong khi ở VN muốn ăn no bằng fast food cũng hơn trăm ka coi như là - suất cơm nóng hổi thơm ngon rồi 🥲💔",0,0,0,0,1,0,negative,sadness,train,SEACrowd/ViSoBERT
fresh_visobert_03314,đồ khùng coi chừng con cháu pà pà cặc địa ngục chờ pà coi chừng xe pắt chó pắt,1,0,0,0,0,1,neutral,disgust,train,SEACrowd/ViSoBERT
fresh_visobert_02641,suốt chó mỹ má đá dập mu đái sợ nhức,0,0,0,0,0,0,negative,fear,train,SEACrowd/ViSoBERT
fresh_visobert_10716,Anh vẫn cho thôi,0,0,0,0,0,0,positive,sadness,train,SEACrowd/ViSoBERT
fresh_visobert_01947,ghi nhận sữ lỗ nực 🤣 🤣 🤣,0,0,0,0,0,0,neutral,enjoyment,train,SEACrowd/ViSoBERT
fresh_visobert_09186,Giá xe đầu kéo bao nhiêu ae,0,0,0,0,0,0,neutral,other,train,SEACrowd/ViSoBERT
fresh_visobert_07466,Vào bv công mà thập tử nhất sinh thì vẫn chữa chạy bình thường Qua cơn rồi tính,1,0,1,0,0,0,neutral,surprise,train,SEACrowd/ViSoBERT
fresh_visobert_03776,ngàn nè chục nè đường quyền hông,0,0,0,0,0,0,neutral,other,train,SEACrowd/ViSoBERT
fresh_visobert_10962,"Má.tếu thật ""lóc cóc len ken chè đậu đen"" vãi ông thật. Đang dịch cuốc sư sao k đi giúp ong trum nhỉ",0,0,0,1,0,1,neutral,disgust,train,SEACrowd/ViSoBERT
fresh_visobert_02475,nguyễn loan đừng bùn khoe nhìu quần thui,0,0,0,0,0,0,neutral,other,train,SEACrowd/ViSoBERT
fresh_visobert_08237,Màu Hồng nhìn đẹp,0,0,0,0,0,0,positive,enjoyment,train,SEACrowd/ViSoBERT
fresh_visobert_11537,#HuaweiY9Prime9 Không thể tả được,0,0,0,0,0,0,negative,disgust,train,SEACrowd/ViSoBERT
fresh_visobert_10669,Chất lượng sản phẩm ok giao hàng ngay ok ra chất lượng sản phẩm tốt chất lượng sản phẩm tốt,1,0,0,0,1,0,positive,enjoyment,train,SEACrowd/ViSoBERT
fresh_visobert_05781,xám má khí đú,0,0,0,0,0,0,negative,sadness,train,SEACrowd/ViSoBERT
fresh_visobert_06398,Cảm ơn cụ Nguyên nhé,0,0,0,0,0,0,neutral,other,train,SEACrowd/ViSoBERT
fresh_visobert_08138,Ui htrc cạnh nhà mình có bà đèo đứa bé đến mua hàng. Mà nó khóc kinh khủng. Bà ý còn đánh nó dã man luôn. Ai cũng ra can ý 😭,1,0,1,0,0,1,negative,sadness,train,SEACrowd/ViSoBERT
fresh_visobert_02648,quang nghĩa tiền,0,0,0,0,0,0,negative,sadness,train,SEACrowd/ViSoBERT
fresh_visobert_04989,mn review kiểu phim qtqd kiểu hi vọng,0,0,0,0,1,0,neutral,other,train,SEACrowd/ViSoBERT
fresh_visobert_11428,thầy đéo xoá kênh kêu gọi học trò report cho bay kênh thiệt luôn :)),1,0,0,0,0,0,negative,anger,train,SEACrowd/ViSoBERT
fresh_visobert_03699,ý nghĩa trend dịch bệnh lz,0,0,0,0,1,0,neutral,other,train,SEACrowd/ViSoBERT
fresh_visobert_10231,"Bao nhiều k quan trọng, quan trọng là có bao nhiêu",0,0,0,0,0,0,neutral,other,train,SEACrowd/ViSoBERT
fresh_visobert_03425,trần nhật uống milo im mồm )))))))))),0,0,0,0,0,0,neutral,other,train,SEACrowd/ViSoBERT
fresh_visobert_06321,✔ 2 loại : mũ bèo - nửa đầu,0,0,0,0,0,0,neutral,other,train,SEACrowd/ViSoBERT
fresh_visobert_01370,đầu tinh la gai hoàn hảo,0,0,0,0,0,0,neutral,other,train,SEACrowd/ViSoBERT
fresh_visobert_08724,E là e gato vs cị lắm rồi nha. Hết Sơn Tùng rồi đến cị My =))),1,0,0,0,1,0,neutral,other,train,SEACrowd/ViSoBERT
fresh_visobert_04482,lồn má sánh vai,0,0,0,0,0,0,negative,disgust,train,SEACrowd/ViSoBERT
fresh_visobert_11587,Em ở tp hcm cho e đi vs đc ko chị,0,0,0,0,0,0,neutral,other,train,SEACrowd/ViSoBERT
fresh_visobert_06943,"Đặt Tikinow 2h, charge 25k cho Tiki now, từ ngày 7/7 đến ngày 11/7 mới giao. Không hề xin lỗi, không hề bồi thường.",1,0,0,0,1,1,negative,disgust,train,SEACrowd/ViSoBERT
fresh_visobert_03396,xóa thuế nông dân lm thua lỗ,0,0,0,0,0,0,neutral,other,train,SEACrowd/ViSoBERT
fresh_visobert_01161,sức khỏe vn ❤,0,0,0,0,0,0,positive,enjoyment,train,SEACrowd/ViSoBERT
fresh_visobert_07790,Sản phẩm nhìn chất lượng. Sẽ ủng hộ shop nữa ạ 😊😊😊😊😊😊😊😊😊😊😊😊😊😊,1,0,0,0,1,0,positive,enjoyment,train,SEACrowd/ViSoBERT
fresh_visobert_10694,Phạm Mai Anh ợ,0,0,0,0,0,0,neutral,enjoyment,train,SEACrowd/ViSoBERT
fresh_visobert_06523,"[QC] Nhận 1GB tốc độ cao hoặc 5.000đ vào TKC khi soạn XNV gửi 9166 đk Amusic Star và duy trì 2 ngày. Miễn phí ngày đầu, sau KM 3.000đ/ngày. Liên hệ 9090. Từ chối QC, soạn TC NHAC gửi 9241",0,0,0,0,1,0,positive,other,train,SEACrowd/ViSoBERT
fresh_visobert_05020,huhu fan cứng đm 😥 😥 mừng vcl,1,0,0,0,1,1,negative,anger,train,SEACrowd/ViSoBERT
fresh_visobert_05173,đmn cá chết nửa má xét nghiệm bưng bít,0,0,0,0,0,0,neutral,other,train,SEACrowd/ViSoBERT
fresh_visobert_09631,chế bắn gì ạ haha,0,0,0,0,0,0,neutral,enjoyment,train,SEACrowd/ViSoBERT
fresh_visobert_07043,Duy Đông Nđ Hùng Hoàng Lợi trả heo cho tau,0,0,0,0,0,0,neutral,other,train,SEACrowd/ViSoBERT
fresh_visobert_04786,tẩy chay chó cặc bán toàn hàng giã,0,0,0,0,0,0,neutral,other,train,SEACrowd/ViSoBERT
fresh_visobert_08825,"Ông Tân chỉ ra một số dấu hiệu nhận biết cuộc gọi Deepfake như gương mặt hiển thị ít biểu cảm hơn, hình thể ít di chuyển, cách nói chuyện không giống được hoàn toàn với người thật. Đặc biệt hầu hết các video do Deepfake tạo ra chỉ có phần phía trên của cơ thể và hầu như không quay ngang, ngửa mặt, không có hành động đưa tay dụi mặt hoặc che mặt.",0,0,0,1,1,1,neutral,disgust,train,SEACrowd/ViSoBERT
fresh_visobert_08713,Quen lắm. Mà hình như chưa nghe bao giờ 😂,1,1,1,1,0,1,positive,enjoyment,train,SEACrowd/ViSoBERT
fresh_visobert_07458,chắc tại nó bị khùng,1,0,0,0,0,1,neutral,disgust,train,SEACrowd/ViSoBERT
fresh_visobert_00595,hôm nay đổi tiền chịu khó mai anh em bay,0,0,0,0,0,0,neutral,other,train,SEACrowd/ViSoBERT
fresh_visobert_11411,Nghe là thấy hay rồi đúng big bang bài nào cũng hay,0,0,0,0,0,0,positive,enjoyment,train,SEACrowd/ViSoBERT
fresh_visobert_00203,phù thủy nam,0,0,0,0,0,0,positive,enjoyment,train,SEACrowd/ViSoBERT
fresh_visobert_11490,"izizaatsyzix kv visak l odzub. Lizrv blhxuf,u gk. yxrbbv gxzgx. Phzhx bhciszoc. Loixlb",0,0,0,0,0,0,neutral,other,train,SEACrowd/ViSoBERT
fresh_visobert_10557,"5 bộ rồi chị, mai e ghé lấy",0,0,0,0,0,0,neutral,other,train,SEACrowd/ViSoBERT
fresh_visobert_07301,Chị My oi chị de tóc thẳng nhin Tre Trung hon ak chị yeu,0,0,0,0,1,0,neutral,other,train,SEACrowd/ViSoBERT
fresh_visobert_00487,động cơ quyên góp tiền,0,0,0,0,0,0,negative,enjoyment,train,SEACrowd/ViSoBERT
fresh_visobert_11089,Đụ cái bài t thik nghe nhất nó bị clm j v,0,0,0,0,0,0,negative,anger,train,SEACrowd/ViSoBERT
fresh_visobert_08876,Ship hang ve nha minh duoc khong shop? :v,0,0,0,0,1,0,neutral,other,train,SEACrowd/ViSoBERT
fresh_visobert_08274,Di 3 ơi.ai nói gì nói.mieng người ma.di 3 sống tốt vs lương tâm là dc rui.con thích cách NC của di 3.rat chân thật.,0,0,0,0,1,0,positive,enjoyment,train,SEACrowd/ViSoBERT
fresh_visobert_08422,ở quận 7 có phòng nào tầm tr đổ lại ở mình không ad?,0,0,0,0,0,0,neutral,other,train,SEACrowd/ViSoBERT
fresh_visobert_11078,"Đức bò mộng còn hay hơn, khoẻ hơn",0,0,0,0,0,0,positive,enjoyment,train,SEACrowd/ViSoBERT
fresh_visobert_03513,sỉ nc rửa khô 95 ml,0,0,0,0,0,0,neutral,other,train,SEACrowd/ViSoBERT
fresh_visobert_02915,đầu bảng ưii,0,0,0,0,0,0,positive,enjoyment,train,SEACrowd/ViSoBERT
fresh_visobert_10620,"đứng nhất tại trừ phí nhiều chứ khỉ gì . mới lãnh lương xong là trừ , không đki dịch vụ gì hết mà tháng nào cũng trừ , tới lúc cần giải quyết ra đợi cả buổi , rồi lại hẹn cả tuần .",1,0,1,0,0,0,neutral,surprise,train,SEACrowd/ViSoBERT
fresh_visobert_09240,Nhìn vinh râu k nhịn dc cười,0,0,0,0,0,0,neutral,other,train,SEACrowd/ViSoBERT
fresh_visobert_11041,quần rất đẹp.giá rẻ vô cùng .mn nên mua,0,0,0,0,0,0,positive,enjoyment,train,SEACrowd/ViSoBERT
fresh_visobert_03768,mua địa chỉ chồng yếu,0,0,0,0,0,0,neutral,sadness,train,SEACrowd/ViSoBERT
fresh_visobert_05415,di linh cặc ca loc di,0,0,0,0,0,0,neutral,other,train,SEACrowd/ViSoBERT
fresh_visobert_00746,phúc hưng má clm ))),1,0,0,0,0,1,neutral,anger,train,SEACrowd/ViSoBERT
fresh_visobert_04071,clm má =)),1,1,0,0,0,1,neutral,anger,train,SEACrowd/ViSoBERT
fresh_visobert_08014,Andy LE gặp lại đội hôm nọ thắng mình à a,0,0,0,0,0,0,neutral,other,train,SEACrowd/ViSoBERT
fresh_visobert_02025,thầy giáo ngta,0,0,0,0,0,0,negative,sadness,train,SEACrowd/ViSoBERT
fresh_visobert_04633,chịu khó đọc báo dùm tiền xây tượng dân địa phương đóng góp nguyên nhân tháo dở xây dựg xin phép cơ quan sở tại vải đag xây dựng ko lẻ mấy lủ ngu xây kiểu âu cặc mỹ xin phép cơ quan thẩm quyền tháo dở lủ ngu riêu rao xây kiểu tư bản chính quyền ngăn cấm àk mạng chi khôn ad page nảo,1,0,0,0,1,1,negative,disgust,train,SEACrowd/ViSoBERT
fresh_visobert_08451,Nhìn ẻm này nhớ Vi Yuki với Ngan Le 🤣🤣🤣,0,0,0,0,0,0,neutral,enjoyment,train,SEACrowd/ViSoBERT
fresh_visobert_02980,tuổi thơ vãi )),0,0,0,1,0,0,negative,surprise,train,SEACrowd/ViSoBERT
fresh_visobert_01259,mấy ý kiến văn hóa ông ta ông bà cha mẹ bắt coi chừng khẩu nghiệp,0,0,0,0,0,1,negative,disgust,train,SEACrowd/ViSoBERT
fresh_visobert_04944,người ta thay lòng tội,0,0,0,0,0,0,positive,sadness,train,SEACrowd/ViSoBERT
fresh_visobert_05944,Vân Nguyễn chồng chị lương tháng tr nữa. Là thu nhập tháng của chị là tr rồi còn gì 😞,0,0,0,0,0,0,negative,sadness,train,SEACrowd/ViSoBERT
fresh_visobert_07041,Trúc Ngọc như nuốt chửng,0,0,0,1,0,0,negative,enjoyment,train,SEACrowd/ViSoBERT
fresh_visobert_08177,"Mong điều kỳ diệu sẽ đến, Việt Nam sẽ chiến thắng đại dịch",0,0,0,0,0,0,neutral,other,train,SEACrowd/ViSoBERT
fresh_visobert_07047,Cáp to chắc chắn! Giao hàng nhanh!,0,0,0,0,0,0,positive,enjoyment,train,SEACrowd/ViSoBERT
fresh_visobert_00649,thiệt hại chủ xe chủ xe ý thức,0,0,0,0,0,0,neutral,other,train,SEACrowd/ViSoBERT
fresh_visobert_00637,lê thị huỳnh như cánh hoa,0,0,0,0,0,0,neutral,other,train,SEACrowd/ViSoBERT
fresh_visobert_03353,sơn tùng yên ổn ai nghi ngờ cách ly k bận lắm đỡ sợ,0,0,0,0,0,0,neutral,fear,train,SEACrowd/ViSoBERT
fresh_visobert_00956,chia buồn ad bốc xếp an ninh coi máy soi chiếu báo bốc sếp,0,0,0,0,0,0,negative,sadness,train,SEACrowd/ViSoBERT
fresh_visobert_03750,côca in bế )),0,0,0,0,0,0,neutral,sadness,train,SEACrowd/ViSoBERT
fresh_visobert_02367,mèo tôm bản quyền bay jeenh đấy,0,0,0,0,0,0,neutral,other,train,SEACrowd/ViSoBERT
fresh_visobert_00863,mus thầy nút space )))),0,0,0,0,0,0,neutral,other,train,SEACrowd/ViSoBERT
fresh_visobert_10512,Phương Đào Bi mong được tặng ạ 🤣,0,0,0,0,0,0,neutral,enjoyment,train,SEACrowd/ViSoBERT
fresh_visobert_01439,đóng thuế giải quyêt ngân sách kiểu xây tượng góp phần giàu đẹp đất nước haha,0,0,0,0,0,0,positive,enjoyment,train,SEACrowd/ViSoBERT
fresh_visobert_08893,"Uầy, nghe thuyết phục thật sự nhưng nó không hợp lí.",1,1,1,0,0,1,neutral,disgust,train,SEACrowd/ViSoBERT
fresh_visobert_11099,"Giao hàng nhanh, giao đủ đồ, còn được tặng quà nữa, cskh tốt 🥰, shop dễ thương lắm luônnn",0,0,0,0,1,0,positive,enjoyment,train,SEACrowd/ViSoBERT
fresh_visobert_00322,đéo đừng ng ta má nhắc vn gắn ăn cắp )),0,0,0,0,0,0,negative,anger,train,SEACrowd/ViSoBERT
fresh_visobert_09590,Lên top 🤣🤣🤣,0,0,0,0,1,0,neutral,enjoyment,train,SEACrowd/ViSoBERT
fresh_visobert_03280,vn vô địch sea games,0,0,0,0,1,0,neutral,other,train,SEACrowd/ViSoBERT
fresh_visobert_05595,gửi chúc ae hàn xẻng,0,0,0,0,0,0,neutral,other,train,SEACrowd/ViSoBERT
fresh_visobert_11203,Con cần chuộc tội thưa mẹ miss4,0,0,0,0,0,0,neutral,other,train,SEACrowd/ViSoBERT
fresh_visobert_11770,Review đề thi toán chiều nay : phòng thi nóng vcc đc cái giám thị xinh và đề cx dễ( hơn năm ngoái ) nên cx khá ok,0,0,0,0,1,0,positive,enjoyment,train,SEACrowd/ViSoBERT
fresh_visobert_01533,tối độ ngủ mèo,0,0,0,0,0,0,neutral,enjoyment,train,SEACrowd/ViSoBERT
fresh_visobert_00515,hahaha đĩ nl con cặc sinh cl sình,0,0,0,0,0,0,neutral,enjoyment,train,SEACrowd/ViSoBERT
fresh_visobert_06347,Lê Ngọc Bình Như xía nhìn đẹp đôi vcl haha 😆,1,1,0,1,0,1,negative,enjoyment,train,SEACrowd/ViSoBERT
fresh_visobert_03518,việt nam bệnh dịch đoàn kết nổ lực,0,0,0,0,0,0,neutral,other,train,SEACrowd/ViSoBERT
fresh_visobert_01547,đảng cặc dân cán bộ vcc,0,0,0,0,0,0,neutral,other,train,SEACrowd/ViSoBERT
fresh_visobert_10358,"bao bì đóng gói, sản phẩm tốt",0,0,0,0,0,0,positive,enjoyment,train,SEACrowd/ViSoBERT
fresh_visobert_10976,"Minh Hoa Do Nhung Hae Hy vọng bme, ace, cô dì, chú bác, hàng xóm láng giềng cũng đọc dc những bài ntn😥",0,0,0,0,1,0,positive,sadness,train,SEACrowd/ViSoBERT
fresh_visobert_02790,thời cưỡi ngựa bắn cung,0,0,0,0,0,0,neutral,other,train,SEACrowd/ViSoBERT
fresh_visobert_11057,Đã nhận hàng rất vừa ý . ❤❤❤❤❤❤❤❤❤❤❤❤❤❤❤❤❤❤❤❤❤❤❤❤❤❤❤❤❤❤❤❤,0,0,0,0,0,0,positive,enjoyment,train,SEACrowd/ViSoBERT
fresh_visobert_09648,Cũng có nek 😆,0,0,0,0,0,0,neutral,enjoyment,train,SEACrowd/ViSoBERT
fresh_visobert_10742,Màn hình 4k cũng đâu rẻ nhỉ? Nếu rẻ thì chắc samsung rẻ nhất,0,0,0,0,0,0,neutral,other,train,SEACrowd/ViSoBERT
fresh_visobert_05325,tất khủng long mắt lồi hân hạnh tài trợ ảnh,0,0,0,0,0,0,neutral,other,train,SEACrowd/ViSoBERT
fresh_visobert_01079,chuẩn vc >> >>,0,0,0,0,0,0,positive,enjoyment,train,SEACrowd/ViSoBERT
fresh_visobert_08358,Nhà anh không có chó em cũng không dám vào🥲🥲🥲,0,0,0,0,0,1,neutral,sadness,train,SEACrowd/ViSoBERT
fresh_visobert_04658,vũ hạnh dương hơi nóng hia hiaaaa,0,0,0,0,0,0,neutral,other,train,SEACrowd/ViSoBERT
fresh_visobert_09730,Bảo nhiêu tiền cai chị,0,0,0,0,0,0,neutral,other,train,SEACrowd/ViSoBERT
fresh_visobert_07370,Đặng Thế Sơn bất hạnh quá đừng tag mình vào mấy cái nhạt nhẽo nữa 🤦🏻♂,0,0,0,0,0,0,neutral,other,train,SEACrowd/ViSoBERT
fresh_visobert_02723,stream youtube huhu,0,0,0,0,1,0,neutral,other,train,SEACrowd/ViSoBERT
fresh_visobert_03111,mặc sáng láng ăn nói giáo dục than toàn đồ sài gia keu người ta thẩm mỹ quá trời kêu,0,0,0,0,0,0,neutral,other,train,SEACrowd/ViSoBERT
fresh_visobert_01828,cơm họp cao tuổi cà khịa,0,0,0,0,0,0,neutral,other,train,SEACrowd/ViSoBERT
fresh_visobert_01786,han vo đánh cđ kkkk,0,0,0,0,0,0,neutral,other,train,SEACrowd/ViSoBERT
fresh_visobert_03066,ho đờm hqua mệt,0,0,0,0,1,0,neutral,other,train,SEACrowd/ViSoBERT
fresh_visobert_06010,"Máy xinh xinh xịn xò, shop tư vấn và hỗ trợ cài đặt nhiệt tình và phút mốt nên yên tâm lắm! Thanks shop nhaa ❤️",1,1,0,0,1,1,positive,enjoyment,train,SEACrowd/ViSoBERT
fresh_visobert_01206,hép pi niu yeahhh,0,0,0,0,0,0,positive,enjoyment,train,SEACrowd/ViSoBERT
fresh_visobert_10314,Mới nhận được hàng như ngày hỏi vội nên chụp đỡ .,0,0,0,0,0,0,neutral,other,train,SEACrowd/ViSoBERT
fresh_visobert_10062,Deoooo nhaa thầy 😚😚,0,0,0,0,0,0,neutral,other,train,SEACrowd/ViSoBERT
fresh_visobert_00121,Thùy Trâm làm sát thủ quá 8ph,0,0,0,0,0,0,neutral,other,train,SEACrowd/ViSoBERT
fresh_visobert_01545,nguyễn chí hùngchú nha,0,0,0,0,0,0,neutral,other,train,SEACrowd/ViSoBERT
fresh_visobert_02471,ly ly kiểu ik ky,0,0,0,0,0,0,neutral,enjoyment,train,SEACrowd/ViSoBERT
fresh_visobert_08536,Văn Đức cũng nhiều chuyện ghê nhờ,0,0,0,0,0,0,negative,disgust,train,SEACrowd/ViSoBERT
fresh_visobert_01302,oker baybi oker baybi 🤣 🤣 🤣 🤣 🤣,0,0,0,0,0,0,positive,enjoyment,train,SEACrowd/ViSoBERT
fresh_visobert_06359,Cho e xem cái xanh đi chị. Hóng quá,0,0,0,0,0,0,neutral,other,train,SEACrowd/ViSoBERT
fresh_visobert_06297,Phương Annh má làm nhạc đỉnh dởm :)),1,0,0,1,0,0,positive,enjoyment,train,SEACrowd/ViSoBERT
fresh_visobert_05759,trang khánh đọc sst đy kiểu,0,0,0,0,0,0,neutral,other,train,SEACrowd/ViSoBERT
fresh_visobert_11470,Chau Duong Nguyễn Thị Kim Thành lâu r mà đọc cap vẫn nhớ tới mấy đứa :))),1,1,1,0,0,1,neutral,disgust,train,SEACrowd/ViSoBERT
fresh_visobert_11274,Jack có ước mơ cả đời cũng không bao giờ có thể nhiều lượt dislike và trơ trẽn như Khánh đâu 😏😏,1,1,0,1,0,1,neutral,disgust,train,SEACrowd/ViSoBERT
fresh_visobert_09188,tang len trieu @@,0,0,0,0,0,0,neutral,other,train,SEACrowd/ViSoBERT
fresh_visobert_02586,đồng lòng nhất trí dân nghèo,0,0,0,0,0,0,positive,sadness,train,SEACrowd/ViSoBERT
fresh_visobert_05528,hông đôi dép hãng,0,0,0,0,0,0,positive,enjoyment,train,SEACrowd/ViSoBERT
fresh_visobert_09840,946 vì pubg hay,0,0,0,0,0,0,positive,enjoyment,train,SEACrowd/ViSoBERT
fresh_visobert_00112,"Tôi rất thích máy sấy tóc này, nhỏ gọn, cầm chắc chắn, tôi đã mua 2 cái máy sấy tóc hiệu này trên tiki. Rất ưng",0,0,0,0,0,0,positive,enjoyment,train,SEACrowd/ViSoBERT
fresh_visobert_10595,Chú bee dạo này bắn hay dữ,0,0,0,0,0,0,positive,enjoyment,train,SEACrowd/ViSoBERT
fresh_visobert_01537,hang tran trg gia đình ngta góp phần kinh tế vn jonathan hạnh nguyễn chê vn nghèo vn pt )),0,0,0,0,0,0,negative,disgust,train,SEACrowd/ViSoBERT
fresh_visobert_02212,việt nam cố,0,0,0,0,0,0,positive,other,train,SEACrowd/ViSoBERT
fresh_visobert_08865,Panda thái đã thấy,0,0,0,0,0,0,positive,enjoyment,train,SEACrowd/ViSoBERT
fresh_visobert_04883,ôi câu chuyện con người tham lam dù nghèo khốn khó trong sạch phẩm chất quí nễ ông sẻ giúp đỡ,1,0,0,0,0,0,positive,enjoyment,train,SEACrowd/ViSoBERT
fresh_visobert_08610,Nhi TrầnThanh HuyenThuỳ DươngThảo MyLinh VuDuc Be Ti di poc dau cac c oiiiii 😚,0,0,0,0,1,0,neutral,other,train,SEACrowd/ViSoBERT
fresh_visobert_05144,nghệ sĩ hài hải ngoại gạo cội đừng ốm đức phật bảo vệ,0,0,0,0,0,0,neutral,other,train,SEACrowd/ViSoBERT
fresh_visobert_01955,trai dam dang hàu biển ob,0,0,0,0,0,0,neutral,other,train,SEACrowd/ViSoBERT
fresh_visobert_11076,"Các bạn thât duyên, rất hâm mộ các bạn",1,0,0,0,0,1,neutral,disgust,train,SEACrowd/ViSoBERT
fresh_visobert_04466,đanh vĩnh biệt má lôn,0,0,0,0,0,0,negative,enjoyment,train,SEACrowd/ViSoBERT
fresh_visobert_09666,Hoàng Ánh Linh đang tính đi làm quả xoăn sóng mà nhìn này hết ý định luôn r,1,0,1,0,0,0,neutral,surprise,train,SEACrowd/ViSoBERT
fresh_visobert_07502,mn ghé shop em chút nhé,0,0,0,0,1,0,neutral,other,train,SEACrowd/ViSoBERT
fresh_visobert_07787,Mật khẩu là gì z cj,0,0,0,0,0,0,neutral,other,train,SEACrowd/ViSoBERT
fresh_visobert_10408,"Gặp gỡ và chia ly, âu cũng là cái duyên. Mỗi người một phương một hướng 🤗",0,0,0,0,0,0,positive,enjoyment,train,SEACrowd/ViSoBERT
fresh_visobert_06418,Cuộc đời là cái bếp lớn,0,0,0,0,0,0,neutral,other,train,SEACrowd/ViSoBERT
fresh_visobert_01314,tui boác kính yêu 9 ngôn ngữ boác chữ hello bang 9 ngôn cặc ngữ hi bon jour hola nĩ hảo hallo ciao tụi bưng bô bốc phét boác 9 ngôn ngữ,0,0,0,0,1,0,positive,enjoyment,train,SEACrowd/ViSoBERT
fresh_visobert_08779,"Nghe theo tuyên truyền còn đảng còn mình, bọn chúng nghĩ như vậy nên ra sức phấn đấu làm trâu chó ngựa cho người ta sai bảo.",1,0,0,1,0,0,neutral,other,train,SEACrowd/ViSoBERT
fresh_visobert_09367,"Đầu mũi em cao sẵn rùi, muốn nâng thêm và dũa gồ thì bao nhiêu ạ?????",1,0,0,0,0,0,neutral,surprise,train,SEACrowd/ViSoBERT
fresh_visobert_08139,Cho xin giá ạ ?,0,0,0,0,0,0,neutral,other,train,SEACrowd/ViSoBERT
fresh_visobert_06079,Việt Nam vô địch❤️,0,0,0,0,0,0,neutral,sadness,train,SEACrowd/ViSoBERT
fresh_visobert_05226,ra rả phát biểu cương quyết bảo vệ môi trường lắm tau nhiệt má điện tụi bay éo đc =))) đừng,1,0,0,0,0,0,neutral,other,train,SEACrowd/ViSoBERT
fresh_visobert_03708,best nhạc )),0,0,0,0,1,0,positive,enjoyment,train,SEACrowd/ViSoBERT
fresh_visobert_04780,may liên tục phát hiện trường hợp dương tính chuyến bay vs nhung,0,0,0,0,0,0,neutral,other,train,SEACrowd/ViSoBERT
fresh_visobert_08299,Con cưng của Ngoại tui. Hễ đi đâu ko về là y như rằng Ngoại tui không ngủ được :(,0,0,0,1,0,1,neutral,disgust,train,SEACrowd/ViSoBERT
fresh_visobert_05560,anh minh cặc chậm cdmm,0,0,0,0,0,0,negative,disgust,train,SEACrowd/ViSoBERT
fresh_visobert_04303,ảnh thật mấy,0,0,0,0,1,0,positive,fear,train,SEACrowd/ViSoBERT
fresh_visobert_10894,Tất cả mọi thứ đều ổn,0,0,0,0,0,0,positive,enjoyment,train,SEACrowd/ViSoBERT
fresh_visobert_04397,minh khang câu,0,0,0,0,0,0,positive,enjoyment,train,SEACrowd/ViSoBERT
fresh_visobert_04822,gửi gái nhung,0,0,0,0,0,0,neutral,other,train,SEACrowd/ViSoBERT
fresh_visobert_06968,Nhà em có lục bình hương nam phi và xà cừ thôi a làm hương đỏ giá thành cao quá a,0,0,0,0,0,0,neutral,other,train,SEACrowd/ViSoBERT
fresh_visobert_03734,khấu mỹ ngọc er chen ngoc suong 🤣 🤣 🤣,0,0,0,0,0,0,neutral,enjoyment,train,SEACrowd/ViSoBERT
fresh_visobert_05785,cty vs sai chả an toàn thực phẩm con mẹ zi vì đem kiểm nghị chả làm giàu máy đơn gian điện thoại thẳng cty tui chai cty sản xuất ruồi tui,0,0,0,0,0,1,neutral,disgust,train,SEACrowd/ViSoBERT
fresh_visobert_09833,mày ko ăn thit cho thi mày ăn thit cây,0,0,0,0,0,0,neutral,other,train,SEACrowd/ViSoBERT
fresh_visobert_03158,buồi má thầy )),0,0,0,0,0,0,negative,sadness,train,SEACrowd/ViSoBERT
fresh_visobert_05123,mikaela hyakuya chủ tịch vẹo tầm đinh cặc la thăng hẹo dăm ba chủ tịch ghẻ,0,0,0,0,0,0,neutral,other,train,SEACrowd/ViSoBERT
fresh_visobert_08061,Cố lên nhé cậu bé,0,0,0,0,0,0,neutral,other,train,SEACrowd/ViSoBERT
fresh_visobert_10978,Nói mà líu lưỡi luôn,1,0,1,0,0,0,neutral,surprise,train,SEACrowd/ViSoBERT
fresh_visobert_05573,đem địch vn hoài dân chống nỗi,0,0,0,0,0,0,neutral,other,train,SEACrowd/ViSoBERT
fresh_visobert_09807,Ú thấy cưng quá Chừng nào Ú có sô ở BD dạy,0,0,0,0,0,0,neutral,other,train,SEACrowd/ViSoBERT
fresh_visobert_06476,Trần Văn Thu Nguyễn Thu Hường tối nay k,0,0,0,0,0,0,neutral,other,train,SEACrowd/ViSoBERT
fresh_visobert_08214,Mặc quần nhu sắp tụt :)),1,0,0,0,0,0,neutral,other,train,SEACrowd/ViSoBERT
fresh_visobert_08049,Giống thế đ nào dc,0,0,0,0,0,0,neutral,other,train,SEACrowd/ViSoBERT
fresh_visobert_05804,cực kì thuyết phục nha,0,0,0,1,0,0,neutral,other,train,SEACrowd/ViSoBERT
fresh_visobert_00669,trang moon cười đỏ lợi,0,0,0,0,0,0,neutral,enjoyment,train,SEACrowd/ViSoBERT
fresh_visobert_04157,đôi lúc tâm sự mong trôi mog chậm,0,0,0,0,0,0,neutral,other,train,SEACrowd/ViSoBERT
fresh_visobert_06903,Cam Nhung Nguyen lãng mạn gke,0,0,0,0,0,0,neutral,other,train,SEACrowd/ViSoBERT
fresh_visobert_09150,Ai gảnh quay lại,0,0,0,0,1,0,positive,enjoyment,train,SEACrowd/ViSoBERT
fresh_visobert_02803,chi oi chi dep,0,0,0,0,0,0,neutral,other,train,SEACrowd/ViSoBERT
fresh_visobert_00735,ngọc tâm tưởng coi huy đăng ký kênh luon éo coi,0,0,0,0,0,0,neutral,other,train,SEACrowd/ViSoBERT
fresh_visobert_08463,Gửi bà phương hằng ở đây nhé có gì tí quay lại,0,0,0,0,0,0,neutral,other,train,SEACrowd/ViSoBERT
fresh_visobert_09476,Nhờ chi kim kết bn zalo mh dc ko.[PHONE].cảm ơn nhe.,0,0,0,0,1,0,positive,enjoyment,train,SEACrowd/ViSoBERT
fresh_visobert_01579,thanh minh trần dần trần dần mắc covid 9 bác sĩ chuyên chữa bệnh thần kinh kết cặc luận trần dần mắc bệnh tâm thần bệnh ăn nói linh tinh bừa bãi bậy bạ lắm,0,0,0,1,0,0,negative,disgust,train,SEACrowd/ViSoBERT
fresh_visobert_00908,đthoaiii cơ 😂,0,0,0,0,0,0,positive,enjoyment,train,SEACrowd/ViSoBERT
fresh_visobert_10058,Đoàn Hải vc. Lam sinh nhật chung kaka,0,0,0,0,0,0,neutral,other,train,SEACrowd/ViSoBERT
fresh_visobert_00497,sam sam hậu hoàng,0,0,0,0,0,0,neutral,other,train,SEACrowd/ViSoBERT
fresh_visobert_01920,tiếc ziêng di trùng,0,0,0,0,0,0,negative,sadness,train,SEACrowd/ViSoBERT
fresh_visobert_05101,hy vọng chất lương âm thanh tậm tịt năm ngoái,1,0,0,0,0,0,positive,enjoyment,train,SEACrowd/ViSoBERT
fresh_visobert_03291,chiện 4 cặc đồng tn ad xl,0,0,0,0,0,0,neutral,other,train,SEACrowd/ViSoBERT
fresh_visobert_09159,E cưới nữa đu,0,0,0,0,0,0,neutral,enjoyment,train,SEACrowd/ViSoBERT
fresh_visobert_10970,7 co 68ky ko c,0,0,0,0,0,0,neutral,other,train,SEACrowd/ViSoBERT
fresh_visobert_03164,phép đc đấy )),0,0,0,0,0,0,neutral,enjoyment,train,SEACrowd/ViSoBERT
fresh_visobert_10073,Bẳo rằng mình cũng như em,0,0,0,0,0,0,neutral,other,train,SEACrowd/ViSoBERT
fresh_visobert_05570,độ khuyên mn ủng hộ sếp cặc view bọn chó bts,0,0,0,0,1,0,positive,enjoyment,train,SEACrowd/ViSoBERT
fresh_visobert_08527,Có can xi nguoi lớn k d,0,0,0,0,0,0,neutral,other,train,SEACrowd/ViSoBERT
fresh_visobert_07008,đại sảnh phòng 7-- ad ơi,0,0,0,0,0,0,neutral,other,train,SEACrowd/ViSoBERT
fresh_visobert_08727,Ngọc Thảo Mấy nay hông dám ra đường luôn óh,0,0,0,0,0,0,neutral,other,train,SEACrowd/ViSoBERT
fresh_visobert_08070,Hoa Thanh suýt thì t ấn vô kkk,0,0,0,0,0,0,neutral,enjoyment,train,SEACrowd/ViSoBERT
fresh_visobert_04597,thay nhời loài tương tự zậy rỗi hơi sưu tầm tiếp,0,0,0,0,0,0,neutral,other,train,SEACrowd/ViSoBERT
fresh_visobert_00743,tèo tèo tú joker,0,0,0,0,0,0,positive,enjoyment,train,SEACrowd/ViSoBERT
fresh_visobert_03640,ước con gái đc vụ quân sự,0,0,0,0,0,0,neutral,other,train,SEACrowd/ViSoBERT
fresh_visobert_05630,chẳng nổi tiếng ý thức cộng đồng kém,0,0,0,0,0,0,negative,sadness,train,SEACrowd/ViSoBERT
fresh_visobert_01286,bệnh ngề nghiệp,0,0,0,0,0,0,negative,disgust,train,SEACrowd/ViSoBERT
fresh_visobert_04637,toàn chửi ông bà vô tội,0,0,0,0,0,0,neutral,other,train,SEACrowd/ViSoBERT
fresh_visobert_06930,Mấy chị sắm kem trộn chưa nè chăm bảy hủ,0,0,0,0,0,0,neutral,other,train,SEACrowd/ViSoBERT
fresh_visobert_01072,giác ngộ tp hcm cặc giết sg 😆 😆 😆 😆,0,0,0,0,0,0,neutral,enjoyment,train,SEACrowd/ViSoBERT
fresh_visobert_05408,lưu thị phương thảo nam sợ,0,0,0,0,0,0,negative,fear,train,SEACrowd/ViSoBERT
fresh_visobert_04352,họp kín thông báo formosa,0,0,0,0,0,0,neutral,other,train,SEACrowd/ViSoBERT
fresh_visobert_11273,Lương 8 chẹo tip chú chục chú kể lương chú chục chẹo tự nhiên thấy ngại ngang 🥲🥲🥲,0,0,0,0,0,0,neutral,sadness,train,SEACrowd/ViSoBERT
fresh_visobert_08220,Lê đức Lê Đức Chấn Hưng,0,0,0,0,0,0,neutral,other,train,SEACrowd/ViSoBERT
fresh_visobert_05066,tống tù tron,0,0,0,0,0,0,neutral,other,train,SEACrowd/ViSoBERT
fresh_visobert_06063,"Chúc mừng nhóm nhạc toàn cầu. BTS đến được Nhà Xanh, Nhà Trắng nhưng không bao giờ đến được nhà tôi =))) đừng quên BTS sẽ comeback vào h ngày /6 nhé",1,1,1,0,1,1,positive,disgust,train,SEACrowd/ViSoBERT
fresh_visobert_11185,Taqfm cao nhưng trường kao del cho gắn móng tay:))),1,1,1,0,0,1,neutral,disgust,train,SEACrowd/ViSoBERT
fresh_visobert_02088,tưởng vs vong gà,1,0,0,0,0,1,neutral,disgust,train,SEACrowd/ViSoBERT
fresh_visobert_03409,tường vs má ghế kiểu bạo dâm,0,0,0,0,0,0,neutral,other,train,SEACrowd/ViSoBERT
fresh_visobert_02529,mười mới lạ toàn hụt mấy phút anh em,0,0,0,0,0,0,neutral,other,train,SEACrowd/ViSoBERT
fresh_visobert_09169,cửa hàng giao hàng không đúng làm mất quy tính quá,0,0,0,0,0,0,neutral,other,train,SEACrowd/ViSoBERT
fresh_visobert_10133,"Bạn nào chặt hộ con ciu của mình với, dạo này hư quá rồi",0,0,0,0,0,0,neutral,other,train,SEACrowd/ViSoBERT
fresh_visobert_08622,Lê Hải Long thế sao dân VN k ăn chó trong mấy trang trại nuôi mà phải lén lút trộm chó thế hả bạn,1,1,1,0,0,1,neutral,disgust,train,SEACrowd/ViSoBERT
fresh_visobert_01417,haha khổ nhím,0,0,0,0,0,0,neutral,enjoyment,train,SEACrowd/ViSoBERT
fresh_visobert_04031,thuyết phục chúc nốt tiếp,0,0,0,0,0,0,neutral,other,train,SEACrowd/ViSoBERT
fresh_visobert_01878,dân chủ má bảo hiểm bắt buộc,0,0,0,0,0,0,neutral,other,train,SEACrowd/ViSoBERT
fresh_visobert_07965,Anh nay xau qua,0,0,0,0,0,0,positive,sadness,train,SEACrowd/ViSoBERT
fresh_visobert_10402,Luis Emigdio Pinoargote Briones pobre que me rechaces ni más,0,0,0,0,1,0,neutral,other,train,SEACrowd/ViSoBERT
fresh_visobert_04274,duyen huynh cty ))),0,0,0,0,0,0,neutral,other,train,SEACrowd/ViSoBERT
fresh_visobert_08533,Ủa gì zạy lát đi học 🙂,1,1,0,0,0,0,neutral,surprise,train,SEACrowd/ViSoBERT
fresh_visobert_11325,Cảm ơn người thầy vĩ đại đã làm rạng rỡ bóng đá Việt Nam,0,0,0,0,0,0,neutral,other,train,SEACrowd/ViSoBERT
fresh_visobert_01047,trịnh huế tỏ tình nhận lời đợi 🤣 🤣 🤣,0,0,0,0,0,0,neutral,enjoyment,train,SEACrowd/ViSoBERT
fresh_visobert_07013,Đào Minh ngán hông nà :)) . Năm nay chắc ăn ngon hơn mọi năm kkk,1,0,0,0,0,0,positive,enjoyment,train,SEACrowd/ViSoBERT
fresh_visobert_04276,sao băng 😂 😂,0,0,0,0,0,0,neutral,enjoyment,train,SEACrowd/ViSoBERT
fresh_visobert_02262,đu cớ xây sb long thành thôi đạp sb tsn xay long,0,0,0,0,0,0,neutral,other,train,SEACrowd/ViSoBERT
fresh_visobert_03854,mắt lé làm duyên nôn ghê )))))))))))) chốt đơn chốt đơn chốt đơn ))))))),0,0,0,0,0,0,negative,disgust,train,SEACrowd/ViSoBERT
fresh_visobert_05191,cà khịa má chém,0,0,0,0,0,0,neutral,enjoyment,train,SEACrowd/ViSoBERT
fresh_visobert_10991,Bảo Ngọc lại đúng vl :))),1,1,0,1,0,1,neutral,disgust,train,SEACrowd/ViSoBERT
fresh_visobert_06949,Vote tâp chay bô đê chay nhanh bơt hêt hôn 😂,0,0,0,0,0,0,positive,enjoyment,train,SEACrowd/ViSoBERT
fresh_visobert_06429,Trân châu thơm và ngon. Mình luộc bằng nồi áp suất nên khá nhanh chín. Đây là lần thứ 2 mua lại. Sẽ tiếp tục ủng hộ shop,0,0,0,0,1,0,positive,enjoyment,train,SEACrowd/ViSoBERT
fresh_visobert_03205,da chua oi,0,0,0,0,0,0,neutral,other,train,SEACrowd/ViSoBERT
fresh_visobert_09019,ĐÀN ÔNG HAY TÁM CHUYỆN ĐÀN BÀ.,0,0,0,0,0,0,positive,enjoyment,train,SEACrowd/ViSoBERT
fresh_visobert_06407,5 đen M dồn đơn,0,0,0,0,0,0,positive,sadness,train,SEACrowd/ViSoBERT
fresh_visobert_01747,vn thi deo no no cặc trung quốc bon dien,0,0,0,0,1,0,neutral,other,train,SEACrowd/ViSoBERT
fresh_visobert_10990,"Thôi thì chấp nhận của đi, bây h mấy em k nó ghê gớm lắm, k nai như 9x đâu :)))) thà mất tiền còn hơn ngồi bóc lịch chú ơi",1,1,0,1,0,1,negative,disgust,train,SEACrowd/ViSoBERT
fresh_visobert_06688,Nguyen Dang Thuy Duong nặng lòng quá=))))))))))))),1,0,0,0,0,0,neutral,other,train,SEACrowd/ViSoBERT
fresh_visobert_05964,Tao cừ tao ỉa chảy,0,0,0,0,0,0,negative,sadness,train,SEACrowd/ViSoBERT
fresh_visobert_09008,Rưa cai k nay đi anh ưi =))),1,1,0,0,0,1,neutral,disgust,train,SEACrowd/ViSoBERT
fresh_visobert_02454,tình hình anh em đánh,0,0,0,0,0,0,neutral,other,train,SEACrowd/ViSoBERT
fresh_visobert_02987,toàn dân đồng lòng chống dịch chiến thắng dịch bệnh covid 9 dân tộc việt nam chiến thắng cố cố vn,0,0,0,0,0,0,neutral,other,train,SEACrowd/ViSoBERT
fresh_visobert_03598,dạng háng bắt sele má buscu thầy,0,0,0,0,0,0,neutral,other,train,SEACrowd/ViSoBERT
fresh_visobert_10126,Got mine ❤ gaganda ng shades Matte tints nga LEGIT ❤ 💕,0,0,0,0,0,0,positive,enjoyment,train,SEACrowd/ViSoBERT
fresh_visobert_10988,"Hộp bị trầy xước nhìu nên cảm thấy k thích lắm, nắp đậy xuống chứ k có khớp dính chặt, bấm nút xay thấy cũng khá mạnh",0,0,0,0,0,0,neutral,enjoyment,train,SEACrowd/ViSoBERT
fresh_visobert_09554,Co em lay ca phan nua,0,0,0,0,0,0,neutral,other,train,SEACrowd/ViSoBERT
fresh_visobert_08345,Bọn mình không nói lời cáo buộc là sai. Nó có thể đúng và cũng có thể sai. Điều chúng ta cần bây giờ vẫn là sự thật. Việc chúng ta cần làm bây giờ là bình tĩnh và chờ Soop lên tiếng. Không ra page công cộng đọc những bình luận tiêu cực. Trên hết mong các bạn bình tĩnh. Bọn mình sẽ update nhanh nhất có thể. Cảm ơn mọi người đã tin tưởng.,1,1,1,1,1,1,positive,enjoyment,train,SEACrowd/ViSoBERT
fresh_visobert_11462,nhìn giống hacker đag theo dõi chúng ta,0,0,0,0,0,0,neutral,other,train,SEACrowd/ViSoBERT
fresh_visobert_10467,Khong co dang goi ha,0,0,0,0,0,0,neutral,other,train,SEACrowd/ViSoBERT
fresh_visobert_08113,Shipper đang xâm chiếm trái đất.,0,0,0,0,0,0,neutral,other,train,SEACrowd/ViSoBERT
fresh_visobert_01793,nghiệp ghê,0,0,0,0,0,0,negative,disgust,train,SEACrowd/ViSoBERT
fresh_visobert_03479,reaction mina,0,0,0,0,1,0,neutral,other,train,SEACrowd/ViSoBERT
fresh_visobert_09864,Bác sĩ VN giỏi vậy sao? Thật tự hào,0,0,0,0,0,0,neutral,other,train,SEACrowd/ViSoBERT
fresh_visobert_03841,má đụ má đụ vs vàng,0,0,0,0,0,0,neutral,other,train,SEACrowd/ViSoBERT
fresh_visobert_06228,Dẹp siêu xe đi ai thèm?,0,0,0,1,0,0,neutral,other,train,SEACrowd/ViSoBERT
fresh_visobert_10709,Nhiều quái ngày mô m kh chạy lên chợ trên nớ hộ trộm chó nhiều,0,0,0,0,0,0,neutral,other,train,SEACrowd/ViSoBERT
fresh_visobert_09173,:v Nokia 7 thi lam sao ha thim?,1,0,0,0,0,0,neutral,other,train,SEACrowd/ViSoBERT
fresh_visobert_10773,sản phẩm giao hàng nhanh . chất lượng,1,0,0,0,0,0,positive,enjoyment,train,SEACrowd/ViSoBERT
fresh_visobert_00185,quan va dan nhu phai ton phap luat khong thuen vi mot,0,0,0,0,0,0,neutral,other,train,SEACrowd/ViSoBERT
fresh_visobert_05074,5 báo số êm hôg,0,0,0,0,0,0,neutral,other,train,SEACrowd/ViSoBERT
fresh_visobert_06368,Chất lượng sản phẩm oke,1,0,0,0,0,0,positive,enjoyment,train,SEACrowd/ViSoBERT
fresh_visobert_00339,chu hoài tạo hình suốt trend,0,0,0,0,1,0,neutral,other,train,SEACrowd/ViSoBERT
fresh_visobert_07889,Hỏi vì lý do nghiên cứu.,0,0,0,0,0,0,neutral,other,train,SEACrowd/ViSoBERT
fresh_visobert_03099,việt nam độ tày độ phùng nhá,0,0,0,0,0,0,neutral,other,train,SEACrowd/ViSoBERT
fresh_visobert_11531,Hồng Nhung hoàn thành KPI chưa chị,0,0,0,0,0,0,neutral,other,train,SEACrowd/ViSoBERT
fresh_visobert_01834,toàn team cố gắng hết sức e bt ng áp lực tâm lí cta chút may mắn vui giải gắng tiếp phong độ nhất thời đẳng cấp mãi mãi forever,0,0,0,0,1,0,positive,enjoyment,train,SEACrowd/ViSoBERT
fresh_visobert_11960,Giao thừa bật youtube xem Tom&Jerry chăng:),1,0,0,0,1,0,neutral,other,train,SEACrowd/ViSoBERT
fresh_visobert_03843,dung vãi thắm mai t đổi fb đậu thắm )),0,0,0,1,0,0,neutral,surprise,train,SEACrowd/ViSoBERT
fresh_visobert_01111,moi chui nua ha chac tam than kg on chua gi,0,0,0,0,0,0,neutral,other,train,SEACrowd/ViSoBERT
fresh_visobert_08161,Quỳnh Liên tks e gái nha,0,0,0,0,0,0,neutral,other,train,SEACrowd/ViSoBERT
fresh_visobert_02082,like sướng tím,0,0,0,0,1,0,neutral,other,train,SEACrowd/ViSoBERT
fresh_visobert_11223,Hà Trúc nghe có vẻ vô phục nhưng lại rất thuyết lý :)),1,1,1,0,0,1,neutral,disgust,train,SEACrowd/ViSoBERT
fresh_visobert_10130,tội cho cô gái ;((,0,0,0,0,0,0,positive,sadness,train,SEACrowd/ViSoBERT
fresh_visobert_09473,Inb ch giá full combo nhé,0,0,0,0,1,0,neutral,other,train,SEACrowd/ViSoBERT
fresh_visobert_00462,loi kg hai văn,0,0,0,0,0,0,negative,fear,train,SEACrowd/ViSoBERT
fresh_visobert_11985,gái đĩ già mồm,0,0,0,0,0,0,neutral,enjoyment,train,SEACrowd/ViSoBERT
fresh_visobert_10013,Nguyễn Nam nguồn gốc của quàng thượng sticker,0,0,0,0,0,0,neutral,other,train,SEACrowd/ViSoBERT
fresh_visobert_00376,dạo mỹ dc an toàn sao súng 🔫 🔫 🔫 tien tri,0,0,0,0,0,0,neutral,other,train,SEACrowd/ViSoBERT
fresh_visobert_01483,giáo dục hôm nay học sinh nữ lột quần áo đánh đường học sinh nam đứng cổ vũ thầy giáo giao cấu học má trò thai đánh học sinh nhập viện cấp cứu học sinh đường du côn đánh phim kiếm hiệp đấy gọi là hạnh phúc hả,1,0,0,0,0,0,positive,surprise,train,SEACrowd/ViSoBERT
fresh_visobert_11355,quạo đập đt 🤣,0,0,0,0,0,0,neutral,enjoyment,train,SEACrowd/ViSoBERT
fresh_visobert_06482,Tại sao add lại post tút này lên thế hở😶🌫,0,0,0,0,0,0,neutral,other,train,SEACrowd/ViSoBERT
fresh_visobert_06714,An TấnTrung Quân cái dáng nằm này quen quá,0,0,0,0,0,0,neutral,other,train,SEACrowd/ViSoBERT
fresh_visobert_09826,Nguyễn Hoài Nam Sao a k nhấp -.-,0,0,0,0,0,0,neutral,other,train,SEACrowd/ViSoBERT
fresh_visobert_11206,Respect Hungary < Đá rất quả cảm nhưng Đức vẫn cho thấy bản lĩnh ở những thời điểm quyết định.,1,0,1,0,1,0,neutral,surprise,train,SEACrowd/ViSoBERT
fresh_visobert_06780,"- đúng chúng loại, mẫu mã đã đặt hàng và đầy đủ thành phần như đã đăng,",0,0,0,0,0,0,neutral,other,train,SEACrowd/ViSoBERT
fresh_visobert_06312,Giọng cute gương mặt hơi bị khiêm tốn đúng k ad 😂,0,0,0,0,1,0,positive,enjoyment,train,SEACrowd/ViSoBERT
fresh_visobert_08898,"Crushh vừa có ghệ hôm qua, chắc đổi tên bài rồi cho nó nghe quá chú. Em đếch cần anh 😢😢😢😢",0,0,0,0,0,0,negative,sadness,train,SEACrowd/ViSoBERT
fresh_visobert_03793,sản phẩm thầy,0,0,0,0,0,0,positive,enjoyment,train,SEACrowd/ViSoBERT
fresh_visobert_04937,neu chien tranh say yeu cau bac tran dan dung vo cong than quyen troi tap can binh dem ve trao bac nguyen phu trong,0,0,0,0,0,1,negative,disgust,train,SEACrowd/ViSoBERT
fresh_visobert_05318,thái dương nguyễn lúc gái trai hihi,0,0,0,0,0,0,neutral,enjoyment,train,SEACrowd/ViSoBERT
fresh_visobert_08325,Con c.u biết nói hả,1,1,0,0,0,0,neutral,surprise,train,SEACrowd/ViSoBERT
fresh_visobert_11818,Sully Hồ trend rồi kìa kkk,0,0,0,0,1,0,neutral,enjoyment,train,SEACrowd/ViSoBERT
fresh_visobert_02658,phạm văn linh tai dc ak,0,0,0,0,0,0,neutral,other,train,SEACrowd/ViSoBERT
fresh_visobert_05178,vui chi cung,0,0,0,0,0,0,positive,enjoyment,train,SEACrowd/ViSoBERT
fresh_visobert_10730,"Ai cũng nói ba mẹ li hôn con cái khổ nhưng mấy ai nghĩ đc rằng ng mẹ sống vs ng ck vũ phu gia trưởng gđ ko hp, đánh nhau cãi nhau triền miên thì khổ cỡ nào.",1,1,1,0,0,1,neutral,disgust,train,SEACrowd/ViSoBERT
fresh_visobert_09026,"Chanh miền Bắc bổ ngang, chanh miền Nam bổ dọc, chủ yếu để dễ vắt nước thoai",0,0,0,0,0,0,neutral,other,train,SEACrowd/ViSoBERT
fresh_visobert_07279,"Sản phẩm nguyên seal, hình ảnh đẹp",0,0,0,0,0,0,positive,enjoyment,train,SEACrowd/ViSoBERT
fresh_visobert_03814,lí lẽ thuyết phục ))),0,0,0,0,0,0,neutral,other,train,SEACrowd/ViSoBERT
fresh_visobert_09795,Ngân Lượng xin lỗi quý khách do trong thời gian nghỉ của công ty đã làm gián đoạn giao dịch. Ngân Lượng ghi nhận thông tin và xin lỗi khách hàng. Mong tiếp tục được sự ủng hộ của khách hàng.,0,0,0,0,0,0,negative,sadness,train,SEACrowd/ViSoBERT
fresh_visobert_01387,tấu hài gamming,1,0,0,1,0,1,neutral,disgust,train,SEACrowd/ViSoBERT
fresh_visobert_07245,Có tiền trong túi giữ như thế nào cũng là vấn đề to lớn,1,0,0,1,0,0,neutral,other,train,SEACrowd/ViSoBERT
fresh_visobert_09331,Mái tóc bổ luống huyền thoại thời đan trường :)),1,0,0,1,0,0,neutral,other,train,SEACrowd/ViSoBERT
fresh_visobert_08837,không có kiến thức cơ bản thì dễ mất mạng vì chơi ngu nè,1,0,0,0,0,1,negative,disgust,train,SEACrowd/ViSoBERT
fresh_visobert_03721,vk ny uống động dục,0,0,0,0,0,0,neutral,other,train,SEACrowd/ViSoBERT
fresh_visobert_07462,Số like cmt còn nhiều hơn số like avt của tui :( ae vô like cho tui đi,0,0,0,0,1,0,neutral,other,train,SEACrowd/ViSoBERT
fresh_visobert_10012,Có sớm quá khong =)),1,0,0,0,0,0,neutral,other,train,SEACrowd/ViSoBERT
fresh_visobert_05698,báo cáo tài chính hợp nhất cặc mày óc chó ntn lũ thổ dân mồm vẩu,1,0,0,0,0,1,neutral,disgust,train,SEACrowd/ViSoBERT
fresh_visobert_04773,trường tiến rút kinh nghiệm nhung 7,0,0,0,0,0,0,negative,disgust,train,SEACrowd/ViSoBERT
fresh_visobert_08448,T cứ mong ổng tét đít chị Bướm cơ,0,0,0,0,0,0,neutral,other,train,SEACrowd/ViSoBERT
fresh_visobert_08067,Rồi báo giật title ly hôn 🤣,0,0,0,0,0,0,neutral,enjoyment,train,SEACrowd/ViSoBERT
fresh_visobert_06615,Bai nay trong dau may ngay nay 😞,0,0,0,0,0,0,negative,sadness,train,SEACrowd/ViSoBERT
fresh_visobert_11909,Mẹ a k có à😒,0,0,0,0,0,0,neutral,disgust,train,SEACrowd/ViSoBERT
fresh_visobert_00429,trai người ta thất vọng )),0,0,0,0,0,0,negative,sadness,train,SEACrowd/ViSoBERT
fresh_visobert_07078,Công nhận trend này coi cuốn xiệt,1,0,0,0,1,0,positive,enjoyment,train,SEACrowd/ViSoBERT
fresh_visobert_02533,dầu gội clear auto toạch chuỗi nha mấy đứa điển hình thầy giáo,0,0,0,0,0,0,neutral,other,train,SEACrowd/ViSoBERT
fresh_visobert_04717,tien thinh cmt thể hiện,0,0,0,0,1,0,positive,enjoyment,train,SEACrowd/ViSoBERT
fresh_visobert_07361,Chưa sinh em bé có xử lý đc không?,0,0,0,0,0,0,neutral,other,train,SEACrowd/ViSoBERT
fresh_visobert_03727,edit video chán,0,0,0,0,1,0,negative,sadness,train,SEACrowd/ViSoBERT
fresh_visobert_07126,Mất mịa một năm sao không xin bố mẹ hơn tỷ để đi du học luôn đi nhỉ.,0,0,0,0,0,0,neutral,other,train,SEACrowd/ViSoBERT
fresh_visobert_04895,chúc bụi hihi thi,0,0,0,0,0,0,neutral,enjoyment,train,SEACrowd/ViSoBERT
fresh_visobert_01820,thuyết phục 😂 😂 😂 😂,0,0,0,0,0,0,neutral,enjoyment,train,SEACrowd/ViSoBERT
fresh_visobert_06266,tôi thấy cũng được cám ơn cửa hàng,0,0,0,0,0,0,neutral,other,train,SEACrowd/ViSoBERT
fresh_visobert_04213,cà khịa pew,0,0,0,0,0,0,positive,enjoyment,train,SEACrowd/ViSoBERT
fresh_visobert_11611,Mê giọng a tân quá,0,0,0,0,0,0,positive,enjoyment,train,SEACrowd/ViSoBERT
fresh_visobert_11997,có thì tốt nhất đừng có giận vì ngoài kia bất cứ thằng nào cũng sẵn sàng dỗ dành bạn gái của bạn 😋,0,0,0,0,0,0,positive,enjoyment,train,SEACrowd/ViSoBERT
fresh_visobert_05427,bac leroi nam tungson 5 ae gọi cao thủ võ lâm tương trợ miền trung,0,0,0,0,0,0,neutral,other,train,SEACrowd/ViSoBERT
fresh_visobert_01128,tưởng minh hiếu phụ nữ,0,0,0,0,0,0,neutral,other,train,SEACrowd/ViSoBERT
fresh_visobert_10577,Đúng rồi.Chứ k phải do mấy thằng bụng bầu rước giặc về diệt chủng đồng bào đâu,0,0,0,0,0,0,neutral,other,train,SEACrowd/ViSoBERT
fresh_visobert_02628,trường an xưởng cơ khí nè,0,0,0,0,0,0,neutral,other,train,SEACrowd/ViSoBERT
fresh_visobert_06641,Trắng ko tì vết 😂😂,0,0,0,0,0,0,neutral,enjoyment,train,SEACrowd/ViSoBERT
fresh_visobert_11253,Dương Thịnhh chị nói điêu hoài,0,0,0,0,0,0,neutral,other,train,SEACrowd/ViSoBERT
fresh_visobert_04048,nhốt thạ chạy lung tinh 😏 😏,1,1,0,0,0,0,neutral,surprise,train,SEACrowd/ViSoBERT
fresh_visobert_07094,Toàn vé kiểu bao nguyên rạp cho riêng tư 🤣,0,0,0,0,0,0,neutral,enjoyment,train,SEACrowd/ViSoBERT
fresh_visobert_11198,"Thương dân mình quá! Mong bà con sớm khắc gì đâu phục hậu quả của bão, ổn định cuộc sống!",0,0,0,0,0,0,positive,sadness,train,SEACrowd/ViSoBERT
fresh_visobert_10338,Haha dễ thương ghê,0,0,0,0,0,0,neutral,enjoyment,train,SEACrowd/ViSoBERT
fresh_visobert_03128,phuong trinh kệ má hihi,0,0,0,0,0,0,neutral,enjoyment,train,SEACrowd/ViSoBERT
fresh_visobert_01568,cố vn ơiiiii,0,0,0,0,0,0,positive,other,train,SEACrowd/ViSoBERT
fresh_visobert_00984,sống chậm tí,0,0,0,0,0,0,neutral,sadness,train,SEACrowd/ViSoBERT
fresh_visobert_09438,Trung tốc độ :)) Trung 6 dú :v,1,0,0,0,0,0,neutral,other,train,SEACrowd/ViSoBERT
fresh_visobert_07763,"giảng dạy nhiệt tình , hài hước .",0,0,0,0,0,0,neutral,enjoyment,train,SEACrowd/ViSoBERT
fresh_visobert_05164,lê văn quật video,0,0,0,0,1,0,neutral,other,train,SEACrowd/ViSoBERT
fresh_visobert_11860,Lũ l :)) im mỏ lại cho sang :)) gáy là giỏi,1,0,0,0,0,0,positive,enjoyment,train,SEACrowd/ViSoBERT
fresh_visobert_01531,nguyễn trọng thái đợi tán đứa bắt đợi tán đứa hông,0,0,0,0,0,0,neutral,other,train,SEACrowd/ViSoBERT
fresh_visobert_08004,cục súc vậy ai chơi,0,0,0,0,0,0,neutral,surprise,train,SEACrowd/ViSoBERT
fresh_visobert_09622,4. Yeah by Usher ft Lil Jon and Ludacris,0,0,0,0,0,0,neutral,other,train,SEACrowd/ViSoBERT
fresh_visobert_06402,Chị my đáng yêu q,0,0,0,0,1,0,positive,enjoyment,train,SEACrowd/ViSoBERT
fresh_visobert_07633,Vừa thông báo vào ngay,0,0,0,0,0,0,negative,sadness,train,SEACrowd/ViSoBERT
fresh_visobert_00519,mai quach ok hoa rơi cửa phật,0,0,0,0,1,0,positive,enjoyment,train,SEACrowd/ViSoBERT
fresh_visobert_02281,đẳng cấp <,0,0,0,0,1,0,neutral,enjoyment,train,SEACrowd/ViSoBERT
fresh_visobert_07435,Sài Gòn - Bến Tre 7 tiếng :>>>,0,0,0,0,0,0,neutral,other,train,SEACrowd/ViSoBERT
fresh_visobert_00117,"Áp lực gì,? Ai o phải mưu sinh,, biện hộ cho sự ác độc của mình,, o nuôi dạy con tử tế thì gửi vào chùa,, hy vọng cháu bé sẽ phục hồi sức khỏe,, và may mắn o bị bạo hành nữa,, sống trong gia đình thừờng xuyên bị bạo hành,, sẽ rất khó là người phụ nữ dịu dàng sau này,, và sẽ bạo hành con cái tương lai của cháu,, lấy vợ xem tông là vậy,, ý kiến cá nhân của mình,,",0,0,0,0,0,0,neutral,other,train,SEACrowd/ViSoBERT
fresh_visobert_03157,má ngu vcl ))),1,0,0,0,0,1,negative,anger,train,SEACrowd/ViSoBERT
fresh_visobert_01180,hài thách thức danh hài nhảm htv tiec ziên va tiec zien,1,0,0,0,0,1,neutral,disgust,train,SEACrowd/ViSoBERT
fresh_visobert_03374,vũ thanh huyền chán vl câu mấy câu đầu chửi câu thối kém tiền người ta kệ cặc người ta núp gầm giường người ta từ thiện mệt mỏi mấy từ thiện online,0,0,0,1,1,0,negative,sadness,train,SEACrowd/ViSoBERT
fresh_visobert_08616,Mình nhịn ngày k ăn đã ươn hết ng r huống chi bé t qa đc k khi ở đó. K khí ?? nước tràn vào??? Hút làm sao đc 🥺,1,0,0,0,0,0,neutral,surprise,train,SEACrowd/ViSoBERT
fresh_visobert_04531,cướp ngày đấy,0,0,0,0,0,0,positive,enjoyment,train,SEACrowd/ViSoBERT
fresh_visobert_03865,khùng má chết,1,0,0,0,0,1,neutral,disgust,train,SEACrowd/ViSoBERT
fresh_visobert_11991,Nguyễn Minh Hiếu Hoàng Thì sao m :))),1,0,0,0,0,0,neutral,other,train,SEACrowd/ViSoBERT
fresh_visobert_04991,7 quân rải khắp việt nam,0,0,0,0,0,0,neutral,other,train,SEACrowd/ViSoBERT
fresh_visobert_11776,Ryan Gamble too bad I do this constantly 😉🤣,1,0,0,0,1,0,neutral,enjoyment,train,SEACrowd/ViSoBERT
fresh_visobert_02318,giết quách phát miệng đại diện pháp luật cặc vn đạo đức trách nhiệm loài đv máu lạnh,0,0,0,0,0,0,neutral,other,train,SEACrowd/ViSoBERT
fresh_visobert_04178,phương minn hát sến súa ngán )),0,0,0,0,0,0,neutral,other,train,SEACrowd/ViSoBERT
fresh_visobert_07353,K phai thât chư??t thich a ây nhât BB,0,0,0,0,0,0,positive,enjoyment,train,SEACrowd/ViSoBERT
fresh_visobert_02268,thầy vinh quang má nghệ sĩ hài hước clm,1,0,0,0,0,1,neutral,anger,train,SEACrowd/ViSoBERT
fresh_visobert_02555,nguyễn hoàng cặc sâm lồnnn sâm,0,0,0,0,0,0,neutral,other,train,SEACrowd/ViSoBERT
fresh_visobert_07261,Đức Biên mình sinh ra từ đâu,0,0,0,0,0,0,neutral,other,train,SEACrowd/ViSoBERT
fresh_visobert_04683,nhi băng haha,0,0,0,0,0,0,neutral,enjoyment,train,SEACrowd/ViSoBERT
fresh_visobert_06936,Nhớ Tân quá ad ơi :((,0,0,0,0,0,0,neutral,sadness,train,SEACrowd/ViSoBERT
fresh_visobert_02940,nguyễn thư,0,0,0,0,0,0,neutral,other,train,SEACrowd/ViSoBERT
fresh_visobert_06137,"V ll thật các bác ạ, bọn c.hó cái gì tốt nó dành phần nó với chúa nhà nó, còn phần ko tốt thì đổi cộng sản, mà chó sủa còn dễ nghe chứ c. Hó này sủa sao cứ muốn nhét c u ứt vào mồm vậy",1,1,1,0,0,1,neutral,disgust,train,SEACrowd/ViSoBERT
fresh_visobert_08511,Khoe Le cái j rồi cũng tan biến hết thôi,0,0,0,0,0,0,neutral,other,train,SEACrowd/ViSoBERT
fresh_visobert_00881,trym chống dịch,0,0,0,0,0,0,neutral,enjoyment,train,SEACrowd/ViSoBERT
fresh_visobert_04972,hát đách cặc lồn dị abe,0,0,0,0,0,0,neutral,other,train,SEACrowd/ViSoBERT
fresh_visobert_07541,Ban e co thich dua nhung ko dam noi thi phai lam sao,0,0,0,0,0,0,neutral,other,train,SEACrowd/ViSoBERT
fresh_visobert_04670,ngập háng cặc tp hcm gọi sài gòn,0,0,0,0,0,0,neutral,other,train,SEACrowd/ViSoBERT
fresh_visobert_01096,cục xúc vl =)),1,1,0,1,0,1,neutral,disgust,train,SEACrowd/ViSoBERT
fresh_visobert_02792,phan tiến đạt akali chiều,0,0,0,0,0,0,negative,sadness,train,SEACrowd/ViSoBERT
fresh_visobert_03670,hnay sói thử thách 4 ông già quê,1,0,0,0,0,1,neutral,disgust,train,SEACrowd/ViSoBERT
fresh_visobert_08592,Cảm giác bé ngóng mẹ hihi,0,0,0,0,0,0,neutral,enjoyment,train,SEACrowd/ViSoBERT
fresh_visobert_06696,"Em gái cho anh hỏi thăm. Em gái ở huyện châu thành tỉnh bến tre phải ko,",0,0,0,0,0,0,neutral,other,train,SEACrowd/ViSoBERT
fresh_visobert_08766,Đồng đội đang chơi ở nét,0,0,0,0,0,0,neutral,other,train,SEACrowd/ViSoBERT
fresh_visobert_10171,phim này hay dã man luôn - có ai biết phim nào kiểu dạng này nữa o 😍😍😍,1,0,0,0,0,0,positive,enjoyment,train,SEACrowd/ViSoBERT
fresh_visobert_06915,"Oanh Nguyễn chào em, phí phun chân mày tán bột đối với mày chưa làm qua là ,5, giảm 5% còn 75,, phun mày tán bột thảo dược đối với chân mày chưa làm qua là ,5, giảm còn ,5,, nếu điêu khắc chân mày 8d phí là 4,, giảm 5% còn ,, nhé.",0,0,0,0,0,0,neutral,other,train,SEACrowd/ViSoBERT
fresh_visobert_01827,ngủ gọi dậy ven,0,0,0,0,0,0,neutral,other,train,SEACrowd/ViSoBERT
fresh_visobert_05695,chi khanh chi nhin it lam viec it hoi a tuan hoi ah,0,0,0,0,0,0,neutral,other,train,SEACrowd/ViSoBERT
fresh_visobert_05950,48kg sẽ chống lầy,0,0,0,0,0,0,negative,enjoyment,train,SEACrowd/ViSoBERT
fresh_visobert_05177,phạm văn đồng người ta chữa trị bảo cách ly chữa xét nghiệm dân bình thường tý kiến thức y học dám đùa mạng sống vn đội ngũ y bác sỹ chút niềm,0,0,0,0,0,0,neutral,other,train,SEACrowd/ViSoBERT
fresh_visobert_04801,hoàng phúc lê bik bik,0,0,0,0,0,0,positive,enjoyment,train,SEACrowd/ViSoBERT
fresh_visobert_10629,Nam mô A Di Đà Phật 🙏🏻,0,0,0,0,0,0,neutral,other,train,SEACrowd/ViSoBERT
fresh_visobert_03947,tiếng thoai haha,0,0,0,0,0,0,neutral,enjoyment,train,SEACrowd/ViSoBERT
fresh_visobert_00944,dễ thương chất phát chúc vui vẻ tươi trẻ hạnh phúc,0,0,0,0,0,0,positive,enjoyment,train,SEACrowd/ViSoBERT
fresh_visobert_06566,Ban lam tôt lăm. Luôn giư vưng năng lương tich cưc ban nhé . Chuc ban sơm găp đươc soulmate cua minh.,0,0,0,0,0,0,neutral,other,train,SEACrowd/ViSoBERT
fresh_visobert_06131,"Mua cái ổ cứng di động, thích vác đi đâu thì vác. Xưa giờ không tin mang của đi gửi nhà hàng xóm lắm.",0,0,0,0,0,0,positive,enjoyment,train,SEACrowd/ViSoBERT
fresh_visobert_00480,okay thả tim )),0,0,0,0,0,0,neutral,other,train,SEACrowd/ViSoBERT
fresh_visobert_08263,Trên nãy giờ C kìa,0,0,0,0,0,0,neutral,other,train,SEACrowd/ViSoBERT
fresh_visobert_11707,"giao bị lộn sai nhưng nói cửa hàng vẫn xử lý,uy tính nhé",1,0,1,0,0,0,neutral,surprise,train,SEACrowd/ViSoBERT
fresh_visobert_11593,ngon nên mua,0,0,0,0,1,0,positive,sadness,train,SEACrowd/ViSoBERT
fresh_visobert_07420,Được cái là khuôn viên của các bợn rất chi là đem tới tiếng cười cho khán giả.,0,0,0,0,0,0,neutral,other,train,SEACrowd/ViSoBERT
fresh_visobert_05269,môn thầy mong thầy khóa học tập,0,0,0,0,0,0,neutral,other,train,SEACrowd/ViSoBERT
fresh_visobert_03458,giết dk linh cặc cá lóc tui ủng hộ usd,0,0,0,0,1,0,positive,other,train,SEACrowd/ViSoBERT
fresh_visobert_10400,Trước đây m mới được thử mini size của serum ARN và thấy quá thích ấy ạ. Mình mới sinh em bé nên bẵng đi thời gian lười ko chăm sóc da khiến da vô cùng xuống cấp. Giờ đây mình đang quay lại routine cũ nên rất muốn dùng serum ARN để phục hồi da và chống não hóa. Mình rất mong nhận được món quà này của Love at st shine và Estee Lauder. Cảm ơn các bạn.,0,0,0,0,1,0,positive,enjoyment,train,SEACrowd/ViSoBERT
fresh_visobert_05499,anh em đọc sách dạy tuấn tặng ném cmn má ảnh viết sách tặng sách xong ảnh triệu đô la tội lắm,0,0,0,0,0,0,neutral,other,train,SEACrowd/ViSoBERT
fresh_visobert_02758,😭 😭 trời nghiệt ngã lắm bít 😓 😓 thw 😭 😭 út dc 😭 😭,0,0,0,0,0,0,negative,sadness,train,SEACrowd/ViSoBERT
fresh_visobert_02866,giấc mơ thiên đường,0,0,0,0,0,0,neutral,sadness,train,SEACrowd/ViSoBERT
fresh_visobert_05271,nhạc đổi vận êi )),0,0,0,0,0,0,neutral,other,train,SEACrowd/ViSoBERT
fresh_visobert_02405,an vao sống đc tuoi,0,0,0,0,0,0,negative,enjoyment,train,SEACrowd/ViSoBERT
fresh_visobert_02706,đơm cặc lỗ nhị thầy đêm giáng sinh,0,0,0,0,0,0,neutral,other,train,SEACrowd/ViSoBERT
fresh_visobert_02445,xã hội chó má cặc vốn công bằng,0,0,0,0,0,0,neutral,other,train,SEACrowd/ViSoBERT
fresh_visobert_11545,Bài căng quá đặc biệt là phần của chị phaod,0,0,0,0,0,0,neutral,other,train,SEACrowd/ViSoBERT
fresh_visobert_04350,8/ chủ nhật,0,0,0,0,0,0,neutral,enjoyment,train,SEACrowd/ViSoBERT
fresh_visobert_05576,giọng má lứng abe,0,0,0,0,0,0,neutral,enjoyment,train,SEACrowd/ViSoBERT
fresh_visobert_03240,bao tiền tao vất vả khổ sở,0,0,0,0,0,0,negative,enjoyment,train,SEACrowd/ViSoBERT
fresh_visobert_11757,Đất nước việt nam bây giờ giống như trung quốc hồi cách mạng văn hóa quá. Bệnh thành tích và gia đình trị con ông cháu cha đưa lên.bất tài vô dụng tham nhũng chảy máu chất xám lừa dân. Tức nước vỡ bờ sớm muộn chúng nó cũng bán rẻ đất nước này,1,0,0,1,0,0,negative,anger,train,SEACrowd/ViSoBERT
fresh_visobert_04302,con mẹ thợ ))),0,0,0,0,0,0,negative,disgust,train,SEACrowd/ViSoBERT
fresh_visobert_00051,Huy Văn trùm kín mặt xong đi hỏi,0,0,0,0,0,0,negative,sadness,train,SEACrowd/ViSoBERT
fresh_visobert_05791,bede lunnn,0,0,0,0,0,0,neutral,enjoyment,train,SEACrowd/ViSoBERT
fresh_visobert_09044,"Chất lượng tốt. Vải mát, nên mua nhé mọi người. Giao hàh nhah chứ ko lâu nhé",1,0,0,0,0,0,positive,enjoyment,train,SEACrowd/ViSoBERT
fresh_visobert_09372,Chú công an của tui đây rồi 😆😆,0,0,0,0,0,0,neutral,enjoyment,train,SEACrowd/ViSoBERT
fresh_visobert_11271,Đỏ đô 5 L/945778,0,0,0,0,0,0,neutral,other,train,SEACrowd/ViSoBERT
fresh_visobert_09182,Uyên Phương Mai Anh tag mai anh cho n do ty thoi :))),1,1,0,0,0,1,neutral,disgust,train,SEACrowd/ViSoBERT
fresh_visobert_06902,Người hứa thường không tự lượng sức mình. Người nghe thì thường lại hy vọng quá. Suy cho cùng lời nói của một số người sinh ra chỉ để cho có cái để nói vậy thôi đừng có tin 🤷🏻♂,0,0,0,0,0,0,neutral,other,train,SEACrowd/ViSoBERT
fresh_visobert_09329,"Đạt G và Du Uyên đã hát Bánh mì, không ủng hộ chương trình gây quỹ chống Covid-9 của UNICEF trong lễ hội âm nhạc One Love Asia",0,0,0,0,1,0,positive,enjoyment,train,SEACrowd/ViSoBERT
fresh_visobert_06094,ừa thì thích năm quen ngày =)),1,0,0,0,0,0,positive,enjoyment,train,SEACrowd/ViSoBERT
fresh_visobert_02070,đinh công thành haha,0,0,0,0,0,0,neutral,enjoyment,train,SEACrowd/ViSoBERT
fresh_visobert_06075,"Chỉ có điểm trừ là chai nhựa,hạn sử dụng xa",0,0,0,0,0,0,neutral,other,train,SEACrowd/ViSoBERT
fresh_visobert_08670,Làm lãng công bảo sao giãy chết đành đạch,1,0,0,0,0,1,neutral,disgust,train,SEACrowd/ViSoBERT
fresh_visobert_07869,"ứng dụng học monkey gì unior rất hay,hy vọng monkeys phát triển thêm tính năng thu âm giọng đọc của bé và đánh giá xem bé đã đọc đúng chưa,phát hiện ra nỗi sai và sửa nỗi sai cho bé thì phần mềm này càng tuyệt vời hơn nữa",0,1,1,0,0,0,positive,enjoyment,train,SEACrowd/ViSoBERT
fresh_visobert_10490,TUYỂN NV ĐI LÀM NGAY,0,0,0,0,0,0,positive,sadness,train,SEACrowd/ViSoBERT
fresh_visobert_01395,khổ thân cmt like top,0,0,0,0,1,0,neutral,other,train,SEACrowd/ViSoBERT
fresh_visobert_03088,hông tụi tui nghỉ má thắng thắng puồi,0,0,0,0,0,0,neutral,other,train,SEACrowd/ViSoBERT
fresh_visobert_06980,"Theo thông báo của Sở GD-ĐT Hà Nội, lịch nghỉ lễ giỗ Tổ Hùng Vương, ngày Giải phóng miền Nam, thống nhất đất nước -4 và ngày Quốc tế lao động -5 các đơn vị, trường học thực hiện lịch nghỉ cố định ngày/tuần vào thứ Bảy, Chủ nhật thì được nghỉ từ ngày 9-4 đến hết ngày -5-. Tổng số ngày nghỉ là 5 ngày.",0,0,0,0,0,0,neutral,other,train,SEACrowd/ViSoBERT
fresh_visobert_04252,đầu tóc mái hất hất cơ 😂 😂 😂,0,0,0,0,0,0,neutral,enjoyment,train,SEACrowd/ViSoBERT
fresh_visobert_02032,phố bolsa bịa đặt đồn thất thiệt phét lác cặc trần dần ngưu tầm mưu mã tầm mã,0,0,0,0,0,0,neutral,other,train,SEACrowd/ViSoBERT
fresh_visobert_05671,nhân viên hàng tiếp xúc gia đình gđ hàng xóm rừng 🤦 🏼 ♀,0,0,0,0,0,0,neutral,other,train,SEACrowd/ViSoBERT
fresh_visobert_06246,Lai Phương xg đi r hẹn kai nhẹ,0,0,0,0,0,0,neutral,other,train,SEACrowd/ViSoBERT
fresh_visobert_11257,ok em rất mong em sẽ ủng hộ Thanks,0,0,0,0,1,0,positive,enjoyment,train,SEACrowd/ViSoBERT
fresh_visobert_03805,quang nam nghĩa đấy vs ng,0,0,0,0,0,0,neutral,other,train,SEACrowd/ViSoBERT
fresh_visobert_10208,Còn trai bạn ơi,0,0,0,0,0,0,positive,enjoyment,train,SEACrowd/ViSoBERT
fresh_visobert_00124,Thy muốn giảm mỡ k,0,0,0,0,0,0,positive,sadness,train,SEACrowd/ViSoBERT
fresh_visobert_10534,"Xịn xò lắm nha, hóng mãi từ bữa đặt tới giờ shop gói hàng cũng chu đáo nữa ko bị méo đồ hihi",1,1,0,0,1,1,positive,enjoyment,train,SEACrowd/ViSoBERT
fresh_visobert_09456,Bạch Minh m cũng đang trẻ ra đó đa,0,0,0,0,0,0,neutral,other,train,SEACrowd/ViSoBERT
fresh_visobert_06183,"Về ở với con mẹ ơi, con mất mẹ rồi cần lắm một người như mẹ",1,0,0,1,0,0,negative,sadness,train,SEACrowd/ViSoBERT
fresh_visobert_11523,Ông Độ sắp có vê lóc mọi người ơi,0,0,0,0,0,0,neutral,other,train,SEACrowd/ViSoBERT
fresh_visobert_01883,giang hồ kêu thuốc lào thanh hóa bao phê,1,0,0,0,0,0,positive,enjoyment,train,SEACrowd/ViSoBERT
fresh_visobert_02799,buồn lo lắng dich bệnh trần dần tấu hài xong tinh thần phấn chấn danh hài đươc yêu thích,0,0,0,1,0,0,neutral,enjoyment,train,SEACrowd/ViSoBERT
fresh_visobert_10008,Thay khong mua khong đuoc duong,0,0,0,0,0,0,neutral,other,train,SEACrowd/ViSoBERT
fresh_visobert_07606,Tới quảng cáo coi cũng hay nữa quý dzị😌😌,0,0,0,0,0,0,positive,enjoyment,train,SEACrowd/ViSoBERT
fresh_visobert_08524,Nguyễn Thị Xuân Nhi tui k thấy j hết .k thấy j hết hihi,0,0,0,0,0,0,neutral,enjoyment,train,SEACrowd/ViSoBERT
fresh_visobert_05434,hoàng thiện tks,0,0,0,0,1,0,positive,enjoyment,train,SEACrowd/ViSoBERT
fresh_visobert_11060,"Bé hạt tiêu thật mọi người ạ, tay mình khá bé nhưng mà dùng chú này cũng hơi cấn cấn tay",1,0,1,0,0,0,neutral,surprise,train,SEACrowd/ViSoBERT
fresh_visobert_10169,Bú vừa thôi ông ạ,0,0,0,0,0,0,neutral,enjoyment,train,SEACrowd/ViSoBERT
fresh_visobert_00809,kenny you bảo gà abe,1,0,0,0,1,1,neutral,disgust,train,SEACrowd/ViSoBERT
fresh_visobert_08213,PI thủ tính thổi giá,0,0,0,0,0,0,positive,sadness,train,SEACrowd/ViSoBERT
fresh_visobert_01548,loáng thoáng buồn ngủ má mày đụ,0,0,0,0,0,0,negative,sadness,train,SEACrowd/ViSoBERT
fresh_visobert_01441,poppy is the best,0,0,0,0,1,0,positive,enjoyment,train,SEACrowd/ViSoBERT
fresh_visobert_10528,bộ phim đầu tiên làm tao khóc thành tiếng,0,0,0,0,0,0,neutral,other,train,SEACrowd/ViSoBERT
fresh_visobert_01743,tóc nè đẹp hơm mí,0,0,0,0,0,0,positive,enjoyment,train,SEACrowd/ViSoBERT
fresh_visobert_05792,thầy đổi thành 78,0,0,0,0,0,0,neutral,other,train,SEACrowd/ViSoBERT
fresh_visobert_01795,lạc trôi )),0,0,0,0,0,0,positive,enjoyment,train,SEACrowd/ViSoBERT
fresh_visobert_06751,Văn Tú vòng tuần hoàn của tui với bà,0,0,0,0,0,0,neutral,other,train,SEACrowd/ViSoBERT
fresh_visobert_06396,Hàng giao đúng hình.chất lượng tốt. M đã đặt rất nhìu khăn từ shop,1,0,0,0,1,0,positive,enjoyment,train,SEACrowd/ViSoBERT
fresh_visobert_11434,Rio said :bella ciao,0,0,0,0,0,0,neutral,other,train,SEACrowd/ViSoBERT
fresh_visobert_09066,Trùng sn mk luôn ạ :,0,0,0,0,0,0,neutral,other,train,SEACrowd/ViSoBERT
fresh_visobert_01352,tuan duong alo alo,0,0,0,0,0,0,negative,fear,train,SEACrowd/ViSoBERT
fresh_visobert_02558,hahaa cừi ỉa,0,0,0,0,0,0,neutral,other,train,SEACrowd/ViSoBERT
fresh_visobert_10267,góc nghiêng khá ổn nhỉ hehehe :D,0,0,0,0,0,0,positive,enjoyment,train,SEACrowd/ViSoBERT
fresh_visobert_08437,96565 mã tặng,0,0,0,0,0,0,neutral,other,train,SEACrowd/ViSoBERT
fresh_visobert_08871,I love you chi ❤💜❤💜❤💜,0,0,0,0,1,0,positive,enjoyment,train,SEACrowd/ViSoBERT
fresh_visobert_08706,"người ta hít keo, còn Tloo chỉ người ta hít cức :V",0,0,0,0,0,0,neutral,other,train,SEACrowd/ViSoBERT
fresh_visobert_03894,mù mắt thầy,0,0,0,0,0,0,negative,anger,train,SEACrowd/ViSoBERT
fresh_visobert_11783,May di wua dai loan kiem no o dau tp len mang noi cho dung len thanh pho kiem dau ra cao long ba noi,0,0,0,0,1,0,neutral,other,train,SEACrowd/ViSoBERT
fresh_visobert_00887,cao bằng bọn đu suốt a độ said,0,0,0,0,0,0,neutral,other,train,SEACrowd/ViSoBERT
fresh_visobert_00784,nàng cạnh tui,0,0,0,0,0,0,negative,sadness,train,SEACrowd/ViSoBERT
fresh_visobert_02697,nói tục lắm tu đỡ nghiệp,0,0,0,0,0,0,neutral,other,train,SEACrowd/ViSoBERT
fresh_visobert_06521,Quan trọng là học ở New Zealand. Đất lành sinh trái ngọt nè 🎉🎉,0,0,0,0,1,0,positive,enjoyment,train,SEACrowd/ViSoBERT
fresh_visobert_07351,Mấy chị này chắc đi từ Bình Dương,0,0,0,0,0,0,neutral,other,train,SEACrowd/ViSoBERT
fresh_visobert_02936,thầy quang game ghê chết đầu,0,0,0,0,1,0,negative,disgust,train,SEACrowd/ViSoBERT
fresh_visobert_01197,đánh chết cụ mấy tg nhà báo láo lz nta đéo cố hành cặc động dm mấy tg nhà báo tốt nghiệp ttgdtx quy củ đb đánh chết,1,0,0,0,0,1,neutral,anger,train,SEACrowd/ViSoBERT
fresh_visobert_11306,"Không biết thế nào nhưng ý kiến cá nhân thôi. Hồi đi học quân sự tôi cũng nhịn cả tuần vậy và hỏi thì cũng hầu như rất ít người đi, cuối tuần về nhà mới đi. Mà cũng ko thấy buồn mấy chứ nếu ở nhà hôm ko đi là khó chịu vl rồi. Có thể họ có bỏ thuốc đông giúp bạn chịu đựng vào thức ăn 😃 vì một đợt học như vậy tới cả nghìn người mà ai ngày nào cũng đi vô cái nhà VS đó thì chắc đc mấy hôm là tràn luôn nếu ko hút chứ chứa đâu cho nổi :V",0,1,1,1,0,1,negative,sadness,train,SEACrowd/ViSoBERT
fresh_visobert_11763,Có sao đâu mà xin cánh tay của anh em lội ở thái hà huỳnh thúc kháng nào,1,1,1,0,0,1,neutral,disgust,train,SEACrowd/ViSoBERT
fresh_visobert_09147,Quả tóc giống cái bà độc ác trong chú chó đốm :)),1,1,0,0,0,1,neutral,disgust,train,SEACrowd/ViSoBERT
fresh_visobert_11316,spa cá hồi 9449699,0,0,0,0,0,0,positive,enjoyment,train,SEACrowd/ViSoBERT
fresh_visobert_03387,cực kỳ thuyết phục )),0,0,0,1,0,0,neutral,other,train,SEACrowd/ViSoBERT
fresh_visobert_09414,Thỏ này giá bao nhiêu đấy cj💁❤,0,0,0,0,0,0,positive,enjoyment,train,SEACrowd/ViSoBERT
fresh_visobert_02593,mấy thằg cặc não cức,0,0,0,0,0,0,negative,disgust,train,SEACrowd/ViSoBERT
fresh_visobert_05137,bố cáu cặc bám váy đàn bà,0,0,0,0,0,0,neutral,other,train,SEACrowd/ViSoBERT
fresh_visobert_05670,ủng hộ án tử đc áp dụng tội luật hiến pháp quy định hây trở lại tội tham nhũng phản quốc dung túng ngoại xâm mua thiết bị quân sự,0,0,0,0,0,0,positive,enjoyment,train,SEACrowd/ViSoBERT
fresh_visobert_02810,toàna tế ))),0,0,0,0,0,0,negative,disgust,train,SEACrowd/ViSoBERT
fresh_visobert_05889,sau em này mà làm cô giáo ngồi kể chuyện hs lại há mồm ra nghe 😁,1,0,1,0,0,0,positive,enjoyment,train,SEACrowd/ViSoBERT
fresh_visobert_06729,Thuydung Do làm j cũng bị soi nói đó m,0,0,0,0,0,0,neutral,other,train,SEACrowd/ViSoBERT
fresh_visobert_10740,Nhìn giống hình thờ quá,0,0,0,0,0,0,positive,enjoyment,train,SEACrowd/ViSoBERT
fresh_visobert_07216,Dương Thị Quyên cuối tuần đi học là sợ lắm,0,0,0,0,0,0,negative,fear,train,SEACrowd/ViSoBERT
fresh_visobert_06417,Cảm ơn Lữ Thị Hoài Thu đã dành thời gian chia sẻ cảm nhận cùng TRESemmé. Mong bạn sẽ luôn ủng hộ và đồng hành cùng TRESemmé nhé <,0,0,0,0,0,0,neutral,other,train,SEACrowd/ViSoBERT
fresh_visobert_02126,đả cẩu bổng pháp tổng chủ triển khai vô cùng lợi hại,0,0,0,0,0,0,neutral,other,train,SEACrowd/ViSoBERT
fresh_visobert_10703,Ngụy Tử team mình làm bài ca biên phiên dịch hong :))))),1,1,0,0,1,1,neutral,disgust,train,SEACrowd/ViSoBERT
fresh_visobert_01790,hello mấy đứa thầy 🤣 🤣 🤣,0,0,0,0,1,0,neutral,enjoyment,train,SEACrowd/ViSoBERT
fresh_visobert_03147,edit vô coi cười sặc,0,0,0,0,1,0,neutral,other,train,SEACrowd/ViSoBERT
fresh_visobert_02128,bắt ta đứng dậy múa đường quyền 🤣 ❤ 💪,0,0,0,0,0,0,positive,enjoyment,train,SEACrowd/ViSoBERT
fresh_visobert_08852,"l=[i for i in range(t,t+) if i%==]",0,0,0,0,0,0,neutral,other,train,SEACrowd/ViSoBERT
fresh_visobert_06267,chất vải gỉ vây,1,0,0,0,0,0,positive,enjoyment,train,SEACrowd/ViSoBERT
fresh_visobert_04888,ngộ hồi xưa nghèo tiền vàng chết hết sức mâu thuẫn,0,0,0,0,0,0,neutral,other,train,SEACrowd/ViSoBERT
fresh_visobert_01378,hởi toàn thể 9 trịu dân vn truy tìm kẻ khốn nạn đây tiền thúê cặc chúg ta góp phục vụ đất nước trộm đậu móa nổi,0,0,0,0,0,0,neutral,other,train,SEACrowd/ViSoBERT
fresh_visobert_02493,câu cữa miệng má đụ má,0,0,0,0,0,0,neutral,other,train,SEACrowd/ViSoBERT
fresh_visobert_04887,lũ bán nước bận cặc lồn,0,0,0,0,0,0,neutral,other,train,SEACrowd/ViSoBERT
fresh_visobert_02575,thua án phí film,0,0,0,0,1,0,neutral,other,train,SEACrowd/ViSoBERT
fresh_visobert_08775,"Thật sự xinh lắm mọi người ạ. Mình đặt 2 em này , giao hàng nhanh và đóng gói cực kì cẩn thận. Cám ơn shop và sẽ ủng hộ nữa ạ.🥰🥰",0,0,0,1,1,0,positive,enjoyment,train,SEACrowd/ViSoBERT
fresh_visobert_06572,dạ em không có ý kiến về vấn đề này .,0,0,0,0,0,0,negative,disgust,train,SEACrowd/ViSoBERT
fresh_visobert_10157,"Nếu như môn nào thật sự không thể học online thì mình khá chắc giảng viên họ cũng tự thấy điều đó, họ không thể giảng online, họ cũng mạnh dạn huỷ môn.",0,0,0,1,1,0,neutral,other,train,SEACrowd/ViSoBERT
fresh_visobert_08421,Chuyện xui rủi chắc tui muốn pà ơi,0,0,0,0,0,0,neutral,other,train,SEACrowd/ViSoBERT
fresh_visobert_05381,dien nek 8556986,0,0,0,0,0,0,neutral,other,train,SEACrowd/ViSoBERT
fresh_visobert_02701,huy hoàng hà trang,0,0,0,0,0,0,neutral,enjoyment,train,SEACrowd/ViSoBERT
fresh_visobert_09907,Moi em dinh gì kia,0,0,0,0,0,0,neutral,other,train,SEACrowd/ViSoBERT
fresh_visobert_01528,kim tiêm hahahahaha,0,0,0,0,0,0,neutral,enjoyment,train,SEACrowd/ViSoBERT
fresh_visobert_04185,cười sặc cơm,0,0,0,0,0,0,positive,enjoyment,train,SEACrowd/ViSoBERT
fresh_visobert_07162,Phoenix: Bookmark vụ này. : Cùng lắm biểu tình đốt trường :v,0,0,0,0,0,0,neutral,other,train,SEACrowd/ViSoBERT
fresh_visobert_07675,Fio nhiệt huyết t chọt cho rụng trứng dái,0,0,0,0,0,0,neutral,other,train,SEACrowd/ViSoBERT
fresh_visobert_06921,Nó muốn dc show hàng đó mà,1,0,1,0,1,1,neutral,disgust,train,SEACrowd/ViSoBERT
fresh_visobert_04830,vn chửa free chính phủ lo nước ngoài chửa niềm ak chả nước ngoài chửa free dân,0,0,0,0,1,0,negative,fear,train,SEACrowd/ViSoBERT
fresh_visobert_07429,Em oi khpng gui cho chi a sao ma nau the ha em hay quen roi,0,0,0,0,1,0,positive,enjoyment,train,SEACrowd/ViSoBERT
fresh_visobert_11059,"Tui đã từng làm công nhân hết mấy năm trời ,tui chưa từng gặp cảnh này",0,0,0,0,0,0,neutral,other,train,SEACrowd/ViSoBERT
fresh_visobert_09047,Mặt bà nhìn giống muốn mắc ỉa nhưng vẫn phải ng live😁😁😁,1,1,1,0,1,1,positive,enjoyment,train,SEACrowd/ViSoBERT
fresh_visobert_10075,"aaaaaa, e cho chị, mạng hơi giật , mờ quá ạ",0,0,0,0,0,0,neutral,other,train,SEACrowd/ViSoBERT
fresh_visobert_08738,Đặt hàng liên hệ,0,0,0,0,1,0,positive,other,train,SEACrowd/ViSoBERT
fresh_visobert_02647,hoài thương khúc thik kìa,0,0,0,0,0,0,neutral,sadness,train,SEACrowd/ViSoBERT
fresh_visobert_11711,Kriknak đc mvp bại mà anh,1,0,1,0,0,1,neutral,disgust,train,SEACrowd/ViSoBERT
fresh_visobert_06341,A nghĩ sao về quan hệ đồng tính,0,0,0,0,0,0,neutral,other,train,SEACrowd/ViSoBERT
fresh_visobert_07111,Nguyen Nhung e kiu Hoa nôp hsơ ne. Co chi.nhanh ơ bphươc ne,0,0,0,0,0,0,neutral,other,train,SEACrowd/ViSoBERT
fresh_visobert_09876,Tạm biệt tuổi thơ của toi 😞,0,0,0,0,0,0,negative,sadness,train,SEACrowd/ViSoBERT
fresh_visobert_08964,Kèo nhẹ nhàng nhé. Ăn 5 mạng like + chia sẻ nhé a nhận k a,0,0,0,0,1,0,neutral,other,train,SEACrowd/ViSoBERT
fresh_visobert_07090,"Xe có bh hết xăng đâu, nên là 😔",0,0,0,0,0,0,negative,sadness,train,SEACrowd/ViSoBERT
fresh_visobert_01243,tham gia chống covid 9 nha <,0,0,0,0,0,0,neutral,other,train,SEACrowd/ViSoBERT
fresh_visobert_06578,Khăn đẹp đúng màu còn hơi ngắn chất lượng tốt khắn xinh xinh tốt,0,0,0,0,0,0,positive,enjoyment,train,SEACrowd/ViSoBERT
fresh_visobert_10666,Bộ nồi vàng bao nhiu ạ,0,0,0,0,0,0,neutral,other,train,SEACrowd/ViSoBERT
fresh_visobert_10242,Lê Phú Cường,0,0,0,0,0,0,neutral,other,train,SEACrowd/ViSoBERT
fresh_visobert_10247,rANG LÊN RẤT NGON,0,0,0,0,1,0,positive,sadness,train,SEACrowd/ViSoBERT
fresh_visobert_07986,Nón nào vịnh hạ,0,0,0,0,0,0,neutral,sadness,train,SEACrowd/ViSoBERT
fresh_visobert_08627,Đây quả là cuốn sách hay dù mk chưa có cơ hội đc đọc ^_^,1,0,0,0,0,0,positive,enjoyment,train,SEACrowd/ViSoBERT
fresh_visobert_03000,cứu nhân độ thế tụi quân bây tao ))))))),0,0,0,0,0,0,neutral,other,train,SEACrowd/ViSoBERT
fresh_visobert_05609,nguyễn bá quang mấy bò )) cặc tưởng hài hước,0,0,0,0,0,0,neutral,other,train,SEACrowd/ViSoBERT
fresh_visobert_11595,Cô Út ch noi dung roi lon tuoi roi con chau nuoi co sao dau .chi co tre an bam ba gia moi dang noi chu,0,0,0,0,0,0,neutral,other,train,SEACrowd/ViSoBERT
fresh_visobert_02350,ăn mặc riết má,0,0,0,0,0,0,negative,anger,train,SEACrowd/ViSoBERT
fresh_visobert_01320,idol khỏe mạnh mừng,0,0,0,0,1,0,neutral,other,train,SEACrowd/ViSoBERT
fresh_visobert_09814,Lo mà kím chồng ik Chị ơi,1,0,1,0,0,1,negative,fear,train,SEACrowd/ViSoBERT
fresh_visobert_01246,hoạc link vs,0,0,0,0,1,0,neutral,other,train,SEACrowd/ViSoBERT
fresh_visobert_01149,chi giau dep gai noi chi ke ho chi giau,0,0,0,0,0,0,neutral,other,train,SEACrowd/ViSoBERT
fresh_visobert_01600,bệnh nhân 7 nôi cặc lây bệnh,0,0,0,0,0,0,neutral,other,train,SEACrowd/ViSoBERT
fresh_visobert_11082,chị em mình giờ nói ít thôi haha,0,0,0,0,0,0,neutral,enjoyment,train,SEACrowd/ViSoBERT
fresh_visobert_07836,Trần Hà chị ơi Hình ảnh quen quá,0,0,0,0,0,0,neutral,other,train,SEACrowd/ViSoBERT
fresh_visobert_10632,Kệ đi mn cứ chửi ngta nv c My đọc đk sẽ buồn lắm đấy. Đừng qtam lời họ nói 😊,0,0,0,0,1,0,neutral,sadness,train,SEACrowd/ViSoBERT
fresh_visobert_01900,hùng ngô haha chuẩn đấy,0,0,0,0,0,0,neutral,enjoyment,train,SEACrowd/ViSoBERT
fresh_visobert_04544,non nguoi hue kg phai bac ky,0,0,0,0,0,0,neutral,other,train,SEACrowd/ViSoBERT
fresh_visobert_06738,"Nội chiến .. tạo cơ hội cho những kẻ xâm lược ""ngư ông đắc lợi"" Đoàn kết là sức mạnh.",0,0,0,0,0,0,neutral,other,train,SEACrowd/ViSoBERT
fresh_visobert_02600,thấm lắm biến cố phí phạm thanh xuân,0,0,0,0,0,0,neutral,other,train,SEACrowd/ViSoBERT
fresh_visobert_02705,ngoại tình thầy mẫu mực,0,0,0,0,0,0,positive,enjoyment,train,SEACrowd/ViSoBERT
fresh_visobert_09801,"Đoạn lương thấp thì mình hết sức thông cảm vs bạncòn nhàn thế thì sướng quá còn gì, tôi làm Nn lương thấp mà việc cả đống đây này 🤣🤣",1,1,1,0,0,1,neutral,enjoyment,train,SEACrowd/ViSoBERT
fresh_visobert_01742,khổ nè nga chất kho đạn,1,0,0,0,0,0,positive,enjoyment,train,SEACrowd/ViSoBERT
fresh_visobert_02639,tụi xoay chong chong hà sách vở tụi thua,0,0,0,0,0,0,neutral,other,train,SEACrowd/ViSoBERT
fresh_visobert_01322,nghi vu khống ))),0,0,0,0,0,0,neutral,enjoyment,train,SEACrowd/ViSoBERT
fresh_visobert_06951,Chỉ là tình cờ thôi mà,1,0,1,0,0,0,neutral,surprise,train,SEACrowd/ViSoBERT
fresh_visobert_02632,nói chuyện ngọt ngào dễ thương nói chuyện nhỏ nhẹ đanh đá,0,0,0,0,0,0,positive,enjoyment,train,SEACrowd/ViSoBERT
fresh_visobert_01833,trơi cưg mún chết chất phát quá trời,1,0,0,1,0,0,positive,enjoyment,train,SEACrowd/ViSoBERT
fresh_visobert_06631,Cứ nghe từ chúc chích là lại thấy dễ thương vl :)),1,1,0,1,0,1,positive,enjoyment,train,SEACrowd/ViSoBERT
fresh_visobert_00557,nguyễn quốc an giọt suối tinh khiết,0,0,0,0,0,0,neutral,other,train,SEACrowd/ViSoBERT
fresh_visobert_07757,Chị Na ơi hãy cho em lần trúng xổ xố < < < Mong được c Hanah tặng quà để được mãi xinh đẹp như c Naaaa,0,0,0,1,0,0,positive,enjoyment,train,SEACrowd/ViSoBERT
fresh_visobert_02090,dlv đòi link đòi xác minh,0,0,0,0,1,0,neutral,other,train,SEACrowd/ViSoBERT
fresh_visobert_09116,Thanh Nguyen Kien triệu hồi linh thú 🤣🤣,0,0,0,0,0,0,neutral,enjoyment,train,SEACrowd/ViSoBERT
fresh_visobert_08015,Hà tag đúng cái quá :>,0,0,0,0,0,0,neutral,other,train,SEACrowd/ViSoBERT
fresh_visobert_00920,co lon dau ma chui cặc lon mieng thang be de thui,0,0,0,0,0,0,neutral,other,train,SEACrowd/ViSoBERT
fresh_visobert_02456,vãi ui =)))))))))))))))))),1,1,0,1,0,1,neutral,disgust,train,SEACrowd/ViSoBERT
fresh_visobert_02177,đoạn sai sai ta tưởng mụ phù thủy hóa thành gái xinh đẹp sống chàng trai ai ngờ hóa thành trai to lực lưỡng,1,0,1,0,0,0,positive,surprise,train,SEACrowd/ViSoBERT
fresh_visobert_08127,Top những cô gái cần được bảo tồn:,0,0,0,0,1,0,neutral,other,train,SEACrowd/ViSoBERT
fresh_visobert_05457,mua chai ve sịt nhứ má quần què ngu ghê,1,0,0,0,0,1,negative,disgust,train,SEACrowd/ViSoBERT
fresh_visobert_00513,giáo án ma phi te thầy bổ ích,0,0,0,0,0,0,neutral,other,train,SEACrowd/ViSoBERT
fresh_visobert_10431,"Em này, k hay nhưng phá game giỏi :D",0,0,1,0,1,0,neutral,enjoyment,train,SEACrowd/ViSoBERT
fresh_visobert_01822,linh cần thơ,0,0,0,0,0,0,neutral,other,train,SEACrowd/ViSoBERT
fresh_visobert_05784,nói chuyện cưng,0,0,0,0,0,0,positive,enjoyment,train,SEACrowd/ViSoBERT
fresh_visobert_03187,tưởng tưởng cc tưởng nhớ má sống đm,1,0,0,0,0,1,negative,anger,train,SEACrowd/ViSoBERT
fresh_visobert_11898,Chi ba 🍌🍌🍌🍌🍌🦷🦷🦷,0,0,0,0,0,0,neutral,enjoyment,train,SEACrowd/ViSoBERT
fresh_visobert_01095,doanh nghiệp đề nghị chính quyền đề nghị,0,0,0,0,0,0,neutral,other,train,SEACrowd/ViSoBERT
fresh_visobert_11207,"Nhớ hình như có lần Đen bảo là xăm con mắt phía sau để nhắc nhở là sống phải biết nhìn trước ngó sau thì phải, không nhớ rõ lắm.",0,0,0,1,0,1,neutral,disgust,train,SEACrowd/ViSoBERT
fresh_visobert_06588,"mấy mẹ có bồ cũ thì cũng đòi ở chung, ôm ấp đồ. tới lượt bạn trai thì lại để tâm mấy cái đó. sao mà phi logic, tiêu chuẩn kép quá vậy",1,1,1,0,0,1,positive,disgust,train,SEACrowd/ViSoBERT
fresh_visobert_05212,tiêp xúc hơi,0,0,0,0,0,0,negative,sadness,train,SEACrowd/ViSoBERT
fresh_visobert_07521,Ngô Bảo sao mieu ta giong em qa 😅😅😅,1,0,0,0,0,1,neutral,disgust,train,SEACrowd/ViSoBERT
fresh_visobert_04423,đinh huyền trang ido hahaa,0,0,0,0,0,0,neutral,other,train,SEACrowd/ViSoBERT
fresh_visobert_08349,Hải Namm cơ hội để bức phá thu nhập nè e,0,0,0,0,0,0,neutral,other,train,SEACrowd/ViSoBERT
fresh_visobert_09010,"Không tặng hoa súng là dở rồi, tôi thì cứ mỗi dịp lễ là lại tặng vợ bông hoa súng",0,0,0,0,0,0,negative,sadness,train,SEACrowd/ViSoBERT
fresh_visobert_01983,lót dép hóng trọng tài,0,0,0,0,0,0,positive,enjoyment,train,SEACrowd/ViSoBERT
fresh_visobert_09939,Minh muon mua cai 7 plus voi cai samsung a7 6 nho shop tu van 978678,0,0,0,0,1,0,neutral,other,train,SEACrowd/ViSoBERT
fresh_visobert_09981,E nge noi chi cua e cua chi co hk chu chi co cai lon gi,0,0,0,0,0,0,neutral,other,train,SEACrowd/ViSoBERT
fresh_visobert_10256,Này đuổi luôn từ lúc chửi khách lần rồi chứ,0,0,0,0,0,0,neutral,other,train,SEACrowd/ViSoBERT
fresh_visobert_03192,like hiếu giới tính kinh tế làm ăn giàu có tử tế bản lĩnh tự do tài chính ok 💝 💝 💝 💝 💝,0,0,0,0,1,0,neutral,disgust,train,SEACrowd/ViSoBERT
fresh_visobert_07032,một cái ỉn mông xong hết 😂😂😂 dăm ba cái võ thuật 😂😂😂🤣🤣🤣,0,0,0,0,0,0,positive,enjoyment,train,SEACrowd/ViSoBERT
fresh_visobert_05714,học dối học giả kiến thức nông cạn phát biểu nông nỗi japan technology thương hiệu toàn cầu chê bai ảnh hưởng quan hệ hữu nghị hợp tác đối tác nhật bản cặc lý đằng nầy công nghệ thối made in hà nội lợi ích tiền thuế dân đổ hàng tỷ bạc thối thối,0,0,0,0,0,0,neutral,sadness,train,SEACrowd/ViSoBERT
fresh_visobert_03695,nhàn lê nghe nghiện giai điệu lạ vui tai cảm hẳn jack,0,0,0,0,0,0,positive,enjoyment,train,SEACrowd/ViSoBERT
fresh_visobert_02443,chủ tịch ghê,0,0,0,0,0,0,negative,disgust,train,SEACrowd/ViSoBERT
fresh_visobert_04593,a chip già,0,0,0,0,1,0,negative,enjoyment,train,SEACrowd/ViSoBERT
fresh_visobert_00318,nguyen ngoc tam gia phú,0,0,0,0,0,0,neutral,other,train,SEACrowd/ViSoBERT
fresh_visobert_01876,vân kiều oke,0,0,0,0,0,0,positive,enjoyment,train,SEACrowd/ViSoBERT
fresh_visobert_09521,"nói đúng lắm thầy. mấy người đó bỏ qua đi, hết thuốc rồi",0,0,0,0,0,0,neutral,other,train,SEACrowd/ViSoBERT
fresh_visobert_07608,"Có bạn nữ nào tình nguyện theo mình không, bây giờ mình cũng chưa có gì như anh ta nhưng sau vài năm nữa thì mình cũng chưa biết thế nào 🤣",1,1,1,1,0,1,neutral,enjoyment,train,SEACrowd/ViSoBERT
fresh_visobert_09475,eo ngày xưa tan học lôi nhau đi mua áo quầnf ở vincom suốt 😂,0,0,0,0,0,0,neutral,enjoyment,train,SEACrowd/ViSoBERT
fresh_visobert_09263,"giao hàng chậm, nhưng chất liệu thì được cho hop 5star",1,0,1,0,0,0,neutral,surprise,train,SEACrowd/ViSoBERT
fresh_visobert_11570,ngưỡng mộ tình yêu đẹp này,0,0,0,0,0,0,positive,enjoyment,train,SEACrowd/ViSoBERT
fresh_visobert_10217,Tâm Hoàng hay quá ne,0,0,0,0,0,0,positive,enjoyment,train,SEACrowd/ViSoBERT
fresh_visobert_07602,Nhấn đầu nó xuống chứ sao nữa,0,0,0,0,0,0,neutral,other,train,SEACrowd/ViSoBERT
fresh_visobert_10424,"Tôi không thích cũng không biết thưởng thức loại nhạc này , nhưng khi nghe giọng thanh nhẹ nhàng bay bổng nghe hay đến nỗi da gà luôn",0,0,1,0,0,1,positive,enjoyment,train,SEACrowd/ViSoBERT
fresh_visobert_01869,nguyễn viết thịnh,0,0,0,0,0,0,neutral,other,train,SEACrowd/ViSoBERT
fresh_visobert_06886,"Giá rất tốt, phục vụ khách hàng rất nhiệt tình. Tôi đã mua 2 lần và sẽ tiếp tục ủng hộ shop. Cảm ơn shop rất nhiều!!!",0,0,0,0,1,0,positive,enjoyment,train,SEACrowd/ViSoBERT
fresh_visobert_09708,Bê lén tùng eii kkkkkkkkkkkkkkkkkkkkkk,0,0,0,0,0,0,neutral,other,train,SEACrowd/ViSoBERT
fresh_visobert_11777,Hồng Oanh ok m để mai t đi mua,0,0,0,0,1,0,positive,enjoyment,train,SEACrowd/ViSoBERT
fresh_visobert_02785,bóng đá nữ ăn ké bóng đá nam đón tiếp,0,0,0,0,0,0,neutral,other,train,SEACrowd/ViSoBERT
fresh_visobert_09448,người nói xấu mình là người kh bằng mình 😀,0,0,0,0,0,0,negative,sadness,train,SEACrowd/ViSoBERT
fresh_visobert_05281,cayyy =))),1,0,0,0,0,0,neutral,other,train,SEACrowd/ViSoBERT
fresh_visobert_11947,VITAMIN E hu 79454885,0,0,0,0,0,0,neutral,other,train,SEACrowd/ViSoBERT
fresh_visobert_00565,hoài giang thành trend kìa,0,0,0,0,1,0,neutral,other,train,SEACrowd/ViSoBERT
fresh_visobert_11946,PT Ngọc Thi đừng gọi anh là chú,0,0,0,0,0,0,neutral,other,train,SEACrowd/ViSoBERT
fresh_visobert_02317,nhật người ta giỏi ní nuận nắm,0,0,0,0,0,0,neutral,other,train,SEACrowd/ViSoBERT
fresh_visobert_08604,"Máy đã mua. Dùng pin siêu khoẻ, wf 4G bắt siêu khỏe. Ai chơi game thì nên mua e C3 này. Chất. Đáng tiền",1,0,0,1,1,0,positive,enjoyment,train,SEACrowd/ViSoBERT
fresh_visobert_00963,sale má cc,0,0,0,0,1,0,neutral,other,train,SEACrowd/ViSoBERT
fresh_visobert_10166,"tinh chất vitamin chị nhưng có chiết xuất thảo đậu khấu và bổ sung thêm vitamin em nữa, thực sự dùng cải thiện da khoẻ và sáng lên rất ổn luôn",1,1,1,0,0,1,positive,disgust,train,SEACrowd/ViSoBERT
fresh_visobert_01292,ông già nuôi 😂 😂,1,1,0,0,0,1,positive,enjoyment,train,SEACrowd/ViSoBERT
fresh_visobert_05535,cà khịa xíu má thầy vô chửi cm,0,0,0,0,0,0,neutral,other,train,SEACrowd/ViSoBERT
fresh_visobert_08073,Nhắn xog nv là phắn ngay cho bà,0,0,0,0,0,0,neutral,other,train,SEACrowd/ViSoBERT
fresh_visobert_09615,"Dùng tốt, sẽ mua tiếp nếu cần",0,0,0,0,0,0,positive,enjoyment,train,SEACrowd/ViSoBERT
fresh_visobert_04122,hello than mến,0,0,0,0,1,0,neutral,other,train,SEACrowd/ViSoBERT
fresh_visobert_09349,Thoại Uyên Tuyết Mai Nguyễn Thị Nguyễn Quỳnh chắc lên kèo z quá,0,0,0,0,0,0,neutral,other,train,SEACrowd/ViSoBERT
fresh_visobert_07200,Vẫn chưa biết sai ở đâu làm hộc mặt trang giấy có 6đ,0,0,0,0,0,0,neutral,other,train,SEACrowd/ViSoBERT
fresh_visobert_01194,bảo khoe khoe cố tình,0,0,0,0,1,0,positive,other,train,SEACrowd/ViSoBERT
fresh_visobert_01207,hung vu khổ thân chủ thớt )),0,0,0,0,0,0,neutral,other,train,SEACrowd/ViSoBERT
fresh_visobert_05547,mạng đùa vui đính chánh,0,0,0,0,0,0,positive,enjoyment,train,SEACrowd/ViSoBERT
fresh_visobert_06760,"nó lừa t người ta vệ xây mộ tổ nó mà, mả mẹ chúng nó",1,0,1,0,0,1,neutral,disgust,train,SEACrowd/ViSoBERT
fresh_visobert_11295,Thùy Trần ra ngoài đi làm thì có nhiều cơ hội va chạm tiếp xúc hơn bn ạ kinh tế phụ thuộc thì k giám ngoại tình vì ngoại tình vì ngoại tình xong ck biết n li hôn thì còn cái nịt. Bây h thì kinh tế tự chủ rồi ra ngoài nhiều bạn hơn nhất là mấy bn bỏ ck bơm thêm vào là h mình có tiền có sắc thì phải chơi đề bù đắp lại thanh xuân nên chị chỉ cần sướng thôi chứ chưa nghĩ đến về sau lỡ có làm ăn thất bát a bồ trẻ a ý có theo mình nữa không không lấy ck thì sau này già xấu sức khỏe ốm yếu thì ai là ng ở bên bầu bạn không phải cứ tiền là đc đâu. Còn nếu lấy ck mới thì liệu ck mới có được như ck cũ k.,0,0,0,1,0,1,negative,disgust,train,SEACrowd/ViSoBERT
fresh_visobert_10403,Tuii cứ bị out ra hoài :((,0,0,0,0,0,0,neutral,other,train,SEACrowd/ViSoBERT
fresh_visobert_01619,học sinh bình thuận belike,0,0,0,0,1,0,negative,sadness,train,SEACrowd/ViSoBERT
fresh_visobert_07472,Đổi tình lấy tiền đó,0,0,0,0,0,0,neutral,other,train,SEACrowd/ViSoBERT
fresh_visobert_00631,giáo án ms tui idol thầy =)),1,1,0,0,1,1,neutral,disgust,train,SEACrowd/ViSoBERT
fresh_visobert_03501,mỹ linh đỗ,0,0,0,0,0,0,neutral,other,train,SEACrowd/ViSoBERT
fresh_visobert_00344,sam cặp chồng,0,0,0,0,0,0,negative,sadness,train,SEACrowd/ViSoBERT
fresh_visobert_01146,cụ khõe lắm chúc mừng cụ quyền gọi ngọc trãng quyền,0,0,0,0,0,0,neutral,other,train,SEACrowd/ViSoBERT
fresh_visobert_07027,Noi gi thi noi chư trôm căp hk tha dc,0,0,0,0,1,0,negative,other,train,SEACrowd/ViSoBERT
fresh_visobert_11149,Xuốt ngày quát e,0,0,0,0,0,0,positive,enjoyment,train,SEACrowd/ViSoBERT
fresh_visobert_05538,tương lai shopping giá thanh xuân,0,0,0,0,0,0,neutral,other,train,SEACrowd/ViSoBERT
fresh_visobert_06070,Thùy Trâm mua cặp đi kkkk,0,0,0,0,0,0,neutral,other,train,SEACrowd/ViSoBERT
fresh_visobert_05233,bọn cặc trả thù biểu tình,0,0,0,0,0,0,neutral,other,train,SEACrowd/ViSoBERT
fresh_visobert_11817,"Cảm thấy tò mò, gì mà đầu tư nhẹ như mây kkk, nghe thú vị á nghen",1,1,1,1,0,1,neutral,enjoyment,train,SEACrowd/ViSoBERT
fresh_visobert_08814,"Divide bài nào cũng xịn cả mà :)) nghe từ bài đầu Eraser đã đỉnh rồi, sau từ Perfect đến Galway girl đều làm MV rồi lên top Billboard hot , Pefect bản chỉnh thành Perfect Duet collab với Beyonce còn top BB :))) chưa kể Castle on the hill nổi sẵn rồi :)) Divide luôn là album xịn nhất trong lòng mình, cần Ed trở lại nghiêm túc với âm nhạc gấp 🥺",1,1,1,1,1,1,positive,enjoyment,train,SEACrowd/ViSoBERT
fresh_visobert_11221,Con muốn mẹ đọc tên quá đi,0,0,0,0,0,0,negative,sadness,train,SEACrowd/ViSoBERT
fresh_visobert_11996,Nhà vệ sinh của a thanh niên trong bài lặng lẽ sa pa ây sao,0,0,0,0,0,0,neutral,other,train,SEACrowd/ViSoBERT
fresh_visobert_01969,honda nhật bản =)),1,0,0,0,0,0,neutral,other,train,SEACrowd/ViSoBERT
fresh_visobert_09055,lừa đảo số tiền lớn như vậy thì khởi tối cả lũ chúng nó chứ,1,0,0,1,0,0,negative,sadness,train,SEACrowd/ViSoBERT
fresh_visobert_00695,kịp sự đời tử tử,0,0,0,0,0,0,neutral,enjoyment,train,SEACrowd/ViSoBERT
fresh_visobert_02208,đm quê cặc tham vọng sủa,1,0,0,0,0,1,negative,anger,train,SEACrowd/ViSoBERT
fresh_visobert_05987,là cắt bỏ khúc hay,0,0,0,0,0,0,positive,enjoyment,train,SEACrowd/ViSoBERT
fresh_visobert_07555,Joe Tee Cj Duo-ng tui bay cao bao nhiu?,0,0,0,0,0,0,neutral,other,train,SEACrowd/ViSoBERT
fresh_visobert_00573,đỉnh cao trí tuệ vn,1,0,0,1,0,0,positive,enjoyment,train,SEACrowd/ViSoBERT
fresh_visobert_05030,khả năng khóa quần hỏng ))),0,0,0,0,0,0,negative,sadness,train,SEACrowd/ViSoBERT
fresh_visobert_01290,lương 8 triệu,0,0,0,0,0,0,neutral,sadness,train,SEACrowd/ViSoBERT
fresh_visobert_08531,Co quan day bau ko shop,0,0,0,0,1,0,neutral,other,train,SEACrowd/ViSoBERT
fresh_visobert_09661,tại a sợ lạnh giống năm ấy,0,0,0,0,0,0,negative,fear,train,SEACrowd/ViSoBERT
fresh_visobert_11731,Cảm ơn bạn Anh Thư Trần đa tham gia va chuc ban may măn nhe 😉,0,0,0,0,0,0,neutral,other,train,SEACrowd/ViSoBERT
fresh_visobert_03463,trần trang bond trc thời đại,0,0,0,0,0,0,neutral,other,train,SEACrowd/ViSoBERT
fresh_visobert_07587,Mới ngầu lần hồi tháng 6 vừa r kết quả thất nghiệp mấy tháng sau đó :,0,0,0,0,0,0,neutral,other,train,SEACrowd/ViSoBERT
fresh_visobert_10184,"Hồi trước tôi hỏi mẹ tôi là trước khi yêu bố ra mẹ có người yêu cũ không, mẹ bảo bố là tình đầu của mẹ. Rồi tôi hỏi ngày xưa ông bà nội có cấm cản gì bố mẹ không thì mẹ bảo là có =))))",1,1,0,0,0,1,positive,enjoyment,train,SEACrowd/ViSoBERT
fresh_visobert_07492,"Tủ chạy êm, làm mát tốt. Nhân viên giao hàng nhiệt tình, vui vẻ",0,0,0,0,0,0,positive,enjoyment,train,SEACrowd/ViSoBERT
fresh_visobert_10404,Nhìn đứng cạnh nhau cái tướng phu thê vậy mà 😗,1,0,1,0,0,0,neutral,surprise,train,SEACrowd/ViSoBERT
fresh_visobert_10734,"Không có bồ cũng không sao, không đẹp mới có sao đó, mà hổng chừng không có bồ là do chưa đẹp chưa tự tin nha, vô đây để biết thiếu chỗ nào tân trang chỗ đó liền, không có bồ thì vẫn phải đẹp và tự tin đúng không mấy chế, link nè:",1,0,1,0,1,0,neutral,surprise,train,SEACrowd/ViSoBERT
fresh_visobert_03421,lê phát nguyen cao cuong khoai lang phan lương trường linh chang chang nha ))),0,0,0,0,0,0,neutral,other,train,SEACrowd/ViSoBERT
fresh_visobert_06315,Hạnh phú đó e hg có ă cj,0,0,0,0,0,0,neutral,other,train,SEACrowd/ViSoBERT
fresh_visobert_10030,Gán biến bằng xong dùng đệ quy hay gì gì ấy 🙂,1,1,0,0,0,0,positive,enjoyment,train,SEACrowd/ViSoBERT
fresh_visobert_06624,Sắp tự kỉ vì quá mệt mỏi thì gặp ngay quả ảnh đéo đỡ nổi 🙂,1,1,0,0,0,0,negative,anger,train,SEACrowd/ViSoBERT
fresh_visobert_00877,thắc mắc liệu cột điện cột cột điện thể ngắn,0,0,0,0,0,0,neutral,other,train,SEACrowd/ViSoBERT
fresh_visobert_00538,thầy ba sao tuần dùm dầu gội,0,0,0,0,0,0,neutral,other,train,SEACrowd/ViSoBERT
fresh_visobert_11321,Nam mô a di đa phât câu cho chau đươc binh an,0,0,0,0,0,0,neutral,other,train,SEACrowd/ViSoBERT
fresh_visobert_06434,"E làm ở vt dc ko c, vt có đảm bảo ko c ơi???",1,0,0,0,0,0,neutral,surprise,train,SEACrowd/ViSoBERT
fresh_visobert_01804,bật lửa cháy cọng,0,0,0,0,0,0,negative,sadness,train,SEACrowd/ViSoBERT
fresh_visobert_10456,cau troi cho me con song lai,0,0,0,0,1,0,neutral,other,train,SEACrowd/ViSoBERT
fresh_visobert_10241,Khăn quàng thắp sáng bình minh,0,0,0,0,0,0,neutral,other,train,SEACrowd/ViSoBERT
fresh_visobert_09770,Ko ngờ anh ấy hot thế,0,0,0,0,1,0,neutral,other,train,SEACrowd/ViSoBERT
fresh_visobert_02999,tai danh hài,0,0,0,0,0,0,positive,enjoyment,train,SEACrowd/ViSoBERT
fresh_visobert_09120,Xin cánh tay ae cùng chí hướng 😂,0,0,0,0,0,0,positive,enjoyment,train,SEACrowd/ViSoBERT
fresh_visobert_11058,Hoàng Thu Trang lại nữa,0,0,0,0,0,0,positive,enjoyment,train,SEACrowd/ViSoBERT
fresh_visobert_00785,trẻ má trâu,1,0,0,0,0,0,negative,disgust,train,SEACrowd/ViSoBERT
fresh_visobert_04920,đào đứcanh,0,0,0,0,0,0,neutral,enjoyment,train,SEACrowd/ViSoBERT
fresh_visobert_07424,E ơi a sợ lắm khj đông về,0,0,0,0,0,0,negative,fear,train,SEACrowd/ViSoBERT
fresh_visobert_06637,Chúc mừng mẹ mít giàh đc cúp,0,0,0,0,0,0,neutral,other,train,SEACrowd/ViSoBERT
fresh_visobert_00226,nghi vấn thầy chà trộn ttbl tu,0,0,0,0,0,0,neutral,other,train,SEACrowd/ViSoBERT
fresh_visobert_01210,tư nha hùng câu chuyện hư cấu kkk,0,0,0,0,0,0,neutral,enjoyment,train,SEACrowd/ViSoBERT
fresh_visobert_05728,đùa tui ng chửi ng tui hề khó chịu êm tai,1,0,0,0,0,1,negative,anger,train,SEACrowd/ViSoBERT
fresh_visobert_07766,"Sv RMIT bị các sv trg công tốt nghiệp ghen ăn tức ở đến như vậy sao a? /:) kiểu ko có tiền học RMIT xong quay ra ghét ra mặt Tiền bạc đâu phải là vấn đề, quan trọng là lối sống có đúng là người hay ko thôi /:))) Nghe cách nói nch thấy sặc mùi GATO",1,1,1,1,0,0,neutral,enjoyment,train,SEACrowd/ViSoBERT
fresh_visobert_01887,đồng chí dần hoàn thành xuất sắc nhiệm vụ đảng nhà nước giao tổ quốc ghi công đồng chí,0,0,0,0,0,0,negative,sadness,train,SEACrowd/ViSoBERT
fresh_visobert_10645,"Chào em, dịch vụ độn cằm bằng sụn Hàn quốc phí dao động từ 5,,-5,,, hiện tại mỹ viện đang có chương trình giảm % phí dịch vụ. Mỹ viện gửi em hình ảnh sau khi khách sử dụng dịch vụ tại mỹ viện để em tham khảo thêm nhé",0,0,0,0,0,0,neutral,other,train,SEACrowd/ViSoBERT
fresh_visobert_10567,Mai Nguyễn - Trùm Sỉ Vest Nam - Áo Dài e cho chị cái váy 8886764,0,0,0,0,0,0,neutral,other,train,SEACrowd/ViSoBERT
fresh_visobert_10337,Thuỳ Trang giờ có nè :>>,0,0,0,0,0,0,neutral,other,train,SEACrowd/ViSoBERT
fresh_visobert_00030,Mấy thằng chó ăn cứt lo chuyện bao đồng,0,0,0,0,0,0,negative,fear,train,SEACrowd/ViSoBERT
fresh_visobert_03472,fb chổ chi chi đẹp nha chi hieu,0,0,0,0,0,0,positive,enjoyment,train,SEACrowd/ViSoBERT
fresh_visobert_10879,Hình như người wen xã mình 😆😆😆,0,0,0,0,0,0,neutral,enjoyment,train,SEACrowd/ViSoBERT
fresh_visobert_06497,Linh Việt kiều đâu có ở Việt Nam đâu mà kiếm,1,0,1,0,0,0,neutral,surprise,train,SEACrowd/ViSoBERT
fresh_visobert_10654,Ôi mẹ ơi Heuning Kai đáng tuổi cháu ổng luôn á. Dù có ủng hộ LGBT nhưng tôi không ủng hộ cái kiểu quấy rối tình dục mà bảo là dục vọng bình thường này 🙂. Tôi đọc tôi còn tức chứ fan nhóm chắc tức xN lần quá,1,1,1,0,1,1,neutral,anger,train,SEACrowd/ViSoBERT
fresh_visobert_05904,Úm ba la con gấu hiện ra,0,0,0,0,0,0,neutral,other,train,SEACrowd/ViSoBERT
fresh_visobert_05294,nhân vật lò john wich ))),0,0,0,0,0,0,neutral,other,train,SEACrowd/ViSoBERT
fresh_visobert_04201,ae thất lạc abe ak,0,0,0,0,0,0,negative,sadness,train,SEACrowd/ViSoBERT
fresh_visobert_10265,❌KHÔNG HỖ TRỢ NỢ XẤU❌,0,0,0,0,0,0,negative,sadness,train,SEACrowd/ViSoBERT
fresh_visobert_11979,"Kệ đẹp, chắc chắn, giao hàng nhanh, đóng hàng cẩn thận sẽ tiếp tục ủng hộ shop",0,0,0,0,1,0,positive,enjoyment,train,SEACrowd/ViSoBERT
fresh_visobert_00716,khắc tiệp cặc việt tiệp khóa mõm,0,0,0,0,0,0,neutral,other,train,SEACrowd/ViSoBERT
fresh_visobert_01214,đm cặc chúng mày,1,0,0,0,0,1,negative,anger,train,SEACrowd/ViSoBERT
fresh_visobert_05776,dòng họ vs hồ xuân hương )) tỉ vải chùi âm đạo hả cặc tiên thay áo cở áo hình tượng,1,0,0,0,0,0,neutral,surprise,train,SEACrowd/ViSoBERT
fresh_visobert_07407,Mn nên mua jb của shop xinh lắm í ak mà rẻ hơn nhiều shop khác mk đã mua,1,1,1,0,1,1,neutral,disgust,train,SEACrowd/ViSoBERT
fresh_visobert_10845,Chú đẹp trai quá đấy,0,0,0,0,0,0,positive,enjoyment,train,SEACrowd/ViSoBERT
fresh_visobert_09271,trên điện thoại k được à bạn,0,0,0,0,0,0,neutral,other,train,SEACrowd/ViSoBERT
fresh_visobert_08416,Coi ả ta có ghét khônggg 😘,0,0,0,0,0,0,neutral,enjoyment,train,SEACrowd/ViSoBERT
fresh_visobert_00319,tình đồng chí kiên trung sách lịch sử dạy giặc tra cặc dã man mồm,0,0,0,0,0,0,neutral,other,train,SEACrowd/ViSoBERT
fresh_visobert_02919,tom nguyễn đà nẵng ổn,0,0,0,0,0,0,neutral,other,train,SEACrowd/ViSoBERT
fresh_visobert_11215,Yêu lâu nó vậy hả mn :>,1,1,0,0,0,0,positive,surprise,train,SEACrowd/ViSoBERT
fresh_visobert_06488,Samahí Ramírez eres mala como la carne de puerco jajaja 😂 me hiciste reír,0,0,0,0,1,0,positive,enjoyment,train,SEACrowd/ViSoBERT
fresh_visobert_08774,Đặng Hồng Duyên thấy gì chưa,0,0,0,0,0,0,neutral,other,train,SEACrowd/ViSoBERT
fresh_visobert_09483,Ủa sao mn cứ kiểu mỉa mai c vợ vậy ta???,1,0,1,0,0,0,neutral,surprise,train,SEACrowd/ViSoBERT
fresh_visobert_09324,"Trường học còn xem là bang nào, trường nằm ở khu nào, chả có cái trend nào như này đang xảy ra ở đây cả, một vài trường hợp cũng đưa báo là nhiều 😖",1,0,0,1,1,0,neutral,other,train,SEACrowd/ViSoBERT
fresh_visobert_03850,mong ước trẻ con vô tư vô âu vô lo thoải mái,0,0,0,1,0,0,negative,fear,train,SEACrowd/ViSoBERT
fresh_visobert_04305,trung đít bự,0,0,0,0,0,0,neutral,fear,train,SEACrowd/ViSoBERT
fresh_visobert_05490,khoái điệu cười ghê,0,0,0,0,0,0,negative,disgust,train,SEACrowd/ViSoBERT
fresh_visobert_02197,dần vẹt thoát covi9 dám vn hài ghê,0,0,0,0,0,0,negative,disgust,train,SEACrowd/ViSoBERT
fresh_visobert_08776,"Ông Trần là bậc thánh minh,",0,0,0,0,0,0,neutral,other,train,SEACrowd/ViSoBERT
fresh_visobert_03350,mv tuyệt mãi ủng hộ tùng tp 🥰,0,0,0,0,1,0,positive,enjoyment,train,SEACrowd/ViSoBERT
fresh_visobert_09793,Đang ơ bản home inside có cần lên bản chính thức ko nhỉ vì đang ngon chứ update cái lại chậm rì rì chán ngay,0,0,0,0,1,0,negative,sadness,train,SEACrowd/ViSoBERT
fresh_visobert_02858,đấng truyền thuyết,0,0,0,0,0,0,neutral,other,train,SEACrowd/ViSoBERT
fresh_visobert_10254,Đức Thắng cười cứt,0,0,0,0,0,0,positive,enjoyment,train,SEACrowd/ViSoBERT
fresh_visobert_05589,mixi tộc trưởng,0,0,0,0,0,0,neutral,other,train,SEACrowd/ViSoBERT
fresh_visobert_07176,Hơn năm roi đó,0,0,0,0,0,0,negative,sadness,train,SEACrowd/ViSoBERT
fresh_visobert_02638,ló mặt đối thủ giết,0,0,0,0,0,0,neutral,other,train,SEACrowd/ViSoBERT
fresh_visobert_01557,video vs ^ ^,0,0,0,0,1,0,neutral,other,train,SEACrowd/ViSoBERT
fresh_visobert_05918,rõ ràng :)),1,0,0,0,0,0,neutral,other,train,SEACrowd/ViSoBERT
fresh_visobert_09148,Long Hack cho con ghánh mẹ ah ạ.😄😄😄,0,0,0,0,1,0,positive,enjoyment,train,SEACrowd/ViSoBERT
fresh_visobert_09296,"Sản phẩm giống với trong hình minh họa, thời gian ship hàng khá nhanh. Sẽ còn quay lại mua ủng hộ shop thêm",0,0,0,0,1,0,positive,enjoyment,train,SEACrowd/ViSoBERT
fresh_visobert_06868,"lùn kiếm, đánh thì miss mà la thì to =]]",1,0,1,0,0,0,neutral,surprise,train,SEACrowd/ViSoBERT
fresh_visobert_11397,Nguyễn Hoa lm dì khó lắm chớ đâu phải chuyện đùa😅,0,0,0,0,0,0,neutral,other,train,SEACrowd/ViSoBERT
fresh_visobert_07181,Noo Mình hong có dẹo đou nka🌚,0,0,0,0,0,0,neutral,other,train,SEACrowd/ViSoBERT
fresh_visobert_09167,Nguyễn Tuyền nó quýnh bạc chi ngu dữ dằn để tên Dũng mang tiếng zậy chòi :))),1,1,1,0,0,1,negative,disgust,train,SEACrowd/ViSoBERT
fresh_visobert_08708,hãy nghe bài hát này khi cần được an ủi,0,0,0,0,0,0,neutral,other,train,SEACrowd/ViSoBERT
fresh_visobert_02842,nhạc thảm )),0,0,0,0,0,0,neutral,other,train,SEACrowd/ViSoBERT
fresh_visobert_02617,cv lê văn tám bãi đậu xe ngầm cao ốc trống hàm nghi hoặc chỗ chuyển đổi công năng bãi đỗ xe office thuê bãi đổ xe thuê,0,0,0,0,0,0,neutral,other,train,SEACrowd/ViSoBERT
fresh_visobert_11691,Qua lời Thầy e mới hiểu rõ qui luật nhân quả 👍,0,0,0,0,0,0,positive,enjoyment,train,SEACrowd/ViSoBERT
fresh_visobert_03467,stt ngu má cop đm,1,0,0,0,0,1,negative,anger,train,SEACrowd/ViSoBERT
fresh_visobert_05099,best toán học )),0,0,0,0,1,0,positive,enjoyment,train,SEACrowd/ViSoBERT
fresh_visobert_00411,nguyễn trọng hiệp hiệp bmw 🤣 🤣,0,0,0,0,0,0,neutral,enjoyment,train,SEACrowd/ViSoBERT
fresh_visobert_06256,E muon 8đ ntn a,0,0,0,0,0,0,neutral,other,train,SEACrowd/ViSoBERT
fresh_visobert_03031,góc nhân vật độ =)) game vợ vắng,1,0,0,0,1,0,neutral,other,train,SEACrowd/ViSoBERT
fresh_visobert_03828,abe sena ko thể ngang =)),1,0,0,0,0,0,neutral,other,train,SEACrowd/ViSoBERT
fresh_visobert_11891,bạn đẹp đôi quá.,0,0,0,0,0,0,positive,enjoyment,train,SEACrowd/ViSoBERT
fresh_visobert_05063,nguyễn tín,0,0,0,0,0,0,neutral,other,train,SEACrowd/ViSoBERT
fresh_visobert_06456,Jin Nguyen talkshow chất lượng cao 💞,1,0,0,0,0,0,positive,enjoyment,train,SEACrowd/ViSoBERT
fresh_visobert_08781,Việt Mỹ Hilda Trần zô zô ck ơi,0,0,0,0,0,0,neutral,other,train,SEACrowd/ViSoBERT
fresh_visobert_10011,"Mình mua điện thoại được 1 tuần, mình cũng khá thích. Nhìn chung máy khá đẹp, màn hình to, camera chụp đẹp có chụp góc rộng luôn. Pin cũng khá trâu ngày đầu tiên mình mua về mình sạc pin (nhưng sạc hơi lâu nha, tầm 2 tiếng 10 phút mới đầy á) nhưng sử dụng lâu lắm, mình sd đc 3 ngày luôn. Mấy hôm sau vì sd MXH cả ngày nên pin hao hụt xíu. Nhưng vẫn ok trong tầm giá .",0,1,1,0,1,0,positive,enjoyment,train,SEACrowd/ViSoBERT
fresh_visobert_05926,Khoá học tán gái nhé,0,0,0,0,0,0,neutral,other,train,SEACrowd/ViSoBERT
fresh_visobert_10463,Cuối tháng tui thi rồi. Ai chúc tui điểm cao đi,0,0,0,0,0,0,neutral,other,train,SEACrowd/ViSoBERT
fresh_visobert_06697,nhà ai có người làm trong sân bay thì nhục phụ cái,0,0,0,0,0,0,neutral,other,train,SEACrowd/ViSoBERT
fresh_visobert_00962,chụy tao hông,0,0,0,0,0,0,positive,enjoyment,train,SEACrowd/ViSoBERT
fresh_visobert_08442,Nhan Phúc Vinh rất vui khi đc a đẹp trai reply 🥰,0,0,0,0,0,0,positive,enjoyment,train,SEACrowd/ViSoBERT
fresh_visobert_07535,"Xịn vãiiii, lấy chồng đại za xây cái này thoai",1,0,0,0,0,0,positive,enjoyment,train,SEACrowd/ViSoBERT
fresh_visobert_03757,tết đầy đủ thiếu thốn vật chất quên cảm giác tết đem sum vầy,1,0,0,0,0,0,positive,enjoyment,train,SEACrowd/ViSoBERT
fresh_visobert_00036,yêu em mọa mọa 😘😘,0,0,0,0,0,0,positive,enjoyment,train,SEACrowd/ViSoBERT
fresh_visobert_10434,mùi thơm tạo bọt nhiều mịn,0,0,0,0,0,0,neutral,other,train,SEACrowd/ViSoBERT
fresh_visobert_07768,Ngày này năm trước tui không có tặng gì cho ai cả. Năm nay cứ tưởng sẽ có cơ hội tặng. Nhưng giờ người khác giúp tôi làm việc đó,1,0,1,0,0,0,neutral,surprise,train,SEACrowd/ViSoBERT
fresh_visobert_04471,nguoi giao duc nua lien si ko dao duc,0,0,0,0,0,0,neutral,other,train,SEACrowd/ViSoBERT
fresh_visobert_02358,đừng so sánh sống sống chậm sống đẹp thiên nga trai cốp sờ ki,0,0,0,0,0,0,positive,enjoyment,train,SEACrowd/ViSoBERT
fresh_visobert_07701,"Samsung đang cạn ý tưởng bắt đầu nhai đi nhai lại thiết kế , các dòng máy thiết kế lật ngược nhìn S7 với Note7 như nhau , lại thêm note5 , S6 . Fansam cú chế apple với sony cạn ý tưởng , nói thật bây giờ chỉ thấy LG là có thiết kế mới lạ còn hãng khác đều na ná như nhau",0,0,0,0,0,0,neutral,other,train,SEACrowd/ViSoBERT
fresh_visobert_01741,nghiệp vá đình chồng con hưỡng tiền nghiệp suốt đời ngiep răn hương,0,0,0,0,0,0,neutral,other,train,SEACrowd/ViSoBERT
fresh_visobert_03596,yes yes yes =))),1,0,0,0,1,0,neutral,other,train,SEACrowd/ViSoBERT
fresh_visobert_11497,Màu xanh công an bấy lâu nay vẫn gây điều tiếng nên giờ muốn bình mới rượu cũ?,0,0,0,0,0,0,neutral,other,train,SEACrowd/ViSoBERT
fresh_visobert_09809,Đốt nhiều dưới đó lạm phát cao. Thì chỉ khổ các cụ thôi 😂😂,0,0,0,0,0,0,neutral,enjoyment,train,SEACrowd/ViSoBERT
fresh_visobert_10744,Phò thì sao? Nó ko ăn trộm ăn cướp. Nó cũng ko lừa đảo của ai thì có gì đáng khinh?,0,0,0,0,0,0,negative,sadness,train,SEACrowd/ViSoBERT
fresh_visobert_06356,Vạn sự khởi đầu gian nan :)))),1,0,0,0,0,0,neutral,other,train,SEACrowd/ViSoBERT
fresh_visobert_09610,Phượng Trần đi mô ns a đưa đi,0,0,0,0,0,0,neutral,other,train,SEACrowd/ViSoBERT
fresh_visobert_10965,Hàng dùng tốt so vs giá tiền ak!phím hơi cứng so vs điều khiển zin,0,0,0,0,0,0,positive,enjoyment,train,SEACrowd/ViSoBERT
fresh_visobert_01950,tuân trinh mấy dạy bậy,0,0,0,0,0,0,negative,enjoyment,train,SEACrowd/ViSoBERT
fresh_visobert_11594,Phillip Georgiadis melted đi,0,0,0,0,0,0,negative,sadness,train,SEACrowd/ViSoBERT
fresh_visobert_11942,"Chất jean cotton mềm mịn, mặc thoải mái!!!",1,0,0,0,0,0,positive,enjoyment,train,SEACrowd/ViSoBERT
fresh_visobert_01953,hàng siêu thị tiếp xúc hi vọng mau chóng cách ly tiếp xúc toang,1,0,0,1,0,0,negative,sadness,train,SEACrowd/ViSoBERT
fresh_visobert_07488,Anh có hơp đồng tín dụng cũ không,0,0,0,0,0,1,neutral,disgust,train,SEACrowd/ViSoBERT
fresh_visobert_11573,Anh chs đến mấy giờ,0,0,0,0,0,0,neutral,other,train,SEACrowd/ViSoBERT
fresh_visobert_07936,Thực lực mình k có thì trách ai,0,0,0,0,0,0,neutral,other,train,SEACrowd/ViSoBERT
fresh_visobert_04982,đạo khổng sâu tiềm thức xã hội cặc bắt kịp văn minh nhân loại,0,0,0,0,0,0,neutral,other,train,SEACrowd/ViSoBERT
fresh_visobert_01911,đê nghi há mồm kiểm tra,0,0,0,0,0,0,neutral,other,train,SEACrowd/ViSoBERT
fresh_visobert_08277,"Hình ảnh mang tính chất lấy xu, súp thưởng có vẻ ngon, mèo rất thic ăn từ con to đến con bé",1,0,0,0,0,0,positive,enjoyment,train,SEACrowd/ViSoBERT
fresh_visobert_01284,thủy tạ uốn kiểu,0,0,0,0,0,0,positive,enjoyment,train,SEACrowd/ViSoBERT
fresh_visobert_11625,"cây móc có đèn, cây gắp thì lại ko có đèn. mà cũng ko có cục pin luôn",1,0,1,0,0,0,neutral,surprise,train,SEACrowd/ViSoBERT
fresh_visobert_01421,hình cảnh giác,0,0,0,0,0,0,positive,sadness,train,SEACrowd/ViSoBERT
fresh_visobert_08703,Lung linh thoii chế oi,0,0,0,0,0,0,neutral,other,train,SEACrowd/ViSoBERT
fresh_visobert_01014,đoàn đoàn văn vươn tiên lãng hải phòng pải vương,0,0,0,0,0,0,neutral,other,train,SEACrowd/ViSoBERT
fresh_visobert_08166,Thôi hẹn hôm khác vậy TC,0,0,0,0,0,0,neutral,other,train,SEACrowd/ViSoBERT
fresh_visobert_05117,phan kiệt kim thiên đăng minh ))))),0,0,0,0,0,0,neutral,other,train,SEACrowd/ViSoBERT
fresh_visobert_10296,Ui vào BIDV để cho chết ah,0,0,0,0,0,0,neutral,other,train,SEACrowd/ViSoBERT
fresh_visobert_01315,dm bọn cặc việt tân,1,0,0,0,0,1,neutral,anger,train,SEACrowd/ViSoBERT
fresh_visobert_11266,Nỗ lực từ cái xe đạp lren đk cái xe ba gác rồi.nói như đầu buồi,0,0,0,0,0,0,neutral,other,train,SEACrowd/ViSoBERT
fresh_visobert_06342,"Đúng chuẩn organic luôn, hạt đều màu, khô ráo, không bị ẩm mốc. Thử nhai sống vài hạt vị rất ngon, ngâm nấu được rất nhìu món màu rất đẹp luôn, hạn sử dụng còn dài . Rất hài lòng khi sử dụng sản phẩm của shop DK harvest này",0,0,0,0,1,1,positive,enjoyment,train,SEACrowd/ViSoBERT
fresh_visobert_01988,điệp còii hai độ 🤷 ♂,0,0,0,0,0,0,neutral,other,train,SEACrowd/ViSoBERT
fresh_visobert_08624,Hoàng Xuân Tâm Tùng đi ỉa lúc mấy giờ bạn biết ko sao mà ko biết nó dùng lồn đi cmt dạo,1,1,1,0,0,1,neutral,disgust,train,SEACrowd/ViSoBERT
fresh_visobert_06752,Chị my lai chim trục tiếp đi mà chị my,1,0,1,0,1,1,neutral,disgust,train,SEACrowd/ViSoBERT
fresh_visobert_00311,chào nhéee,0,0,0,0,0,0,neutral,enjoyment,train,SEACrowd/ViSoBERT
fresh_visobert_10323,Chi oi len dong ho nua ko,0,0,0,0,0,0,neutral,other,train,SEACrowd/ViSoBERT
fresh_visobert_04672,zơ phát biểu ý kiến,0,0,0,0,0,0,neutral,other,train,SEACrowd/ViSoBERT
fresh_visobert_03862,chống chế tiền thuế đóng phục vụ quan,0,0,0,0,0,0,neutral,other,train,SEACrowd/ViSoBERT
fresh_visobert_09051,FPTSHOP 6 NGUYỄN AN NINH ( NGÃ NGÂN HÀNG) 🌸,0,0,0,0,0,0,neutral,other,train,SEACrowd/ViSoBERT
fresh_visobert_11596,"Hàng giao chậm hơn 1 ngày so với dự kiến. Sản phẩm nguyên seal, chính hãng. Mình sắp đi nước ngoài nên cần 1 phần mềm diệt Virus và mình nhớ đến BKAV. Người Việt ưu tiên dùng hàng Việt. Hơn nữa còn được tặng cho thẻ nhớ 32GB chính hãng xịn xò",1,0,0,0,0,0,positive,enjoyment,train,SEACrowd/ViSoBERT
fresh_visobert_08286,T.he lưỡi gạt tàn ak,0,0,0,0,0,0,neutral,other,train,SEACrowd/ViSoBERT
fresh_visobert_03726,nghệ sĩ đánh đàn công ti,0,0,0,0,0,0,neutral,other,train,SEACrowd/ViSoBERT
fresh_visobert_05419,ngọc ún grab )),0,0,0,0,0,0,neutral,other,train,SEACrowd/ViSoBERT
fresh_visobert_02482,tuân ngy 😌 😌 mê ảnh,0,0,0,0,0,0,positive,enjoyment,train,SEACrowd/ViSoBERT
fresh_visobert_04805,lột va li kia,0,0,0,0,0,0,negative,other,train,SEACrowd/ViSoBERT
fresh_visobert_06718,Một ngày vui ơi là vui,0,0,0,0,0,0,positive,enjoyment,train,SEACrowd/ViSoBERT
fresh_visobert_10781,tao nghĩ ad mới hút cần xong làm câu stt thấm vcl 😅😅,1,0,0,0,0,1,negative,anger,train,SEACrowd/ViSoBERT
fresh_visobert_02489,nước hoa pháp 5 chai,0,0,0,0,0,0,neutral,other,train,SEACrowd/ViSoBERT
fresh_visobert_09432,Mẫu bán quanh năm,0,0,0,0,0,0,neutral,sadness,train,SEACrowd/ViSoBERT
fresh_visobert_05340,tiền trẻ người lớn hôm nay trả lời câu tiền mua khô gà thầy khô gà thầy ngon đc xé vừa miệng,1,0,0,0,0,1,neutral,disgust,train,SEACrowd/ViSoBERT
fresh_visobert_05998,Giao hàng nhanh. Hình ảnh video mang tính chất nhận xu. Có miếng dán phía sau rất chắc luôn. Cảm ơn shop nha,1,0,0,0,1,0,positive,enjoyment,train,SEACrowd/ViSoBERT
fresh_visobert_09425,chống dính thành chóng dính luôn ;))),0,0,0,0,0,0,neutral,other,train,SEACrowd/ViSoBERT
fresh_visobert_07113,dạ tấm cảm ơn chị nhiều ạ,0,0,0,0,0,0,neutral,other,train,SEACrowd/ViSoBERT
fresh_visobert_11182,camry nhập thường cán bộ . mà cán bộ anh em hiểu rồi,1,0,1,0,0,1,neutral,disgust,train,SEACrowd/ViSoBERT
fresh_visobert_00383,mặt độ trông buồn cười vl kiểu bố cầm ms kkk,1,1,0,1,0,1,negative,enjoyment,train,SEACrowd/ViSoBERT
fresh_visobert_09362,Nhìn mặt cô có phúc với có duyên quáaaaa😘😘😘😆😆,0,0,0,0,0,0,positive,enjoyment,train,SEACrowd/ViSoBERT
fresh_visobert_08547,"Tôi vê thâm my , thât su mà noi , sua qua nên không con gi la tu nhiên nua , ma co thê noi là qua xâu ! thâm my môi bi lôi nên gio , trên khuông mat hê ai nhin vào thi nhin cai môi truoc không phai vi dep mà vi thây no lo cai xâu ra, cung do và nhin không co gi la thâm my ca nên ban nào truoc khi muôn làm thâm my thi hay nhin nhung nguoi sua qua dà giong nhu nguoi trên dây rôi hay suy nghi nên làm hay không ? nêu trên mat co khuyêt diêm thi nên sua con thây minh cung không co gi qua tê thi nên dê tu nhiên thi se hay hon",0,0,0,0,1,1,negative,disgust,train,SEACrowd/ViSoBERT
fresh_visobert_08201,hii em iu chị < < <,0,0,0,0,0,0,neutral,other,train,SEACrowd/ViSoBERT
fresh_visobert_03251,nguyễn hữu thiện,0,0,0,0,0,0,neutral,other,train,SEACrowd/ViSoBERT
fresh_visobert_00441,vợ mấy )) lớp trưởng nè,0,0,0,0,0,0,neutral,other,train,SEACrowd/ViSoBERT
fresh_visobert_05032,bắn chết mấy đứa cặc hâm mộ hàn quốc,1,0,0,0,0,1,neutral,disgust,train,SEACrowd/ViSoBERT
fresh_visobert_03616,qq đem má clip kt liền,0,0,0,0,1,0,neutral,other,train,SEACrowd/ViSoBERT
fresh_visobert_08169,Xốp ở đâu vậy,0,0,0,0,0,0,neutral,surprise,train,SEACrowd/ViSoBERT
fresh_visobert_10414,Phương Thảo đừng có thằng boom ăn bậy bạ nha m,0,0,0,0,0,0,neutral,other,train,SEACrowd/ViSoBERT
fresh_visobert_02683,cơ quan nhà nước đứng thp troll đấy nhà nước vn vui tính lắm,0,0,0,0,0,0,positive,enjoyment,train,SEACrowd/ViSoBERT
fresh_visobert_08490,"Đóng gói cẩn thận, giao hàng nhanh. Được tặng kèm quà thẻ đen trắng.",0,0,0,0,0,0,neutral,other,train,SEACrowd/ViSoBERT
fresh_visobert_04847,mặt pv va đấm,0,0,0,0,0,0,neutral,other,train,SEACrowd/ViSoBERT
fresh_visobert_08574,haizzzz đó là 1 câu chuyện khá bùn,0,0,0,0,0,0,neutral,other,train,SEACrowd/ViSoBERT
fresh_visobert_02133,abe dạo nóng hoong quạo nha abe số abe zị chửi cc nè abe,0,0,0,0,0,0,neutral,other,train,SEACrowd/ViSoBERT
fresh_visobert_08804,Nghe cái tên rối nhể ^*,0,0,0,0,0,0,neutral,other,train,SEACrowd/ViSoBERT
fresh_visobert_01611,cạo lông lol há há há há 😂 😂 😂 😂,0,0,0,0,1,0,positive,enjoyment,train,SEACrowd/ViSoBERT
fresh_visobert_00899,độ đơ meu đống đồ chơi,0,0,0,0,0,0,neutral,other,train,SEACrowd/ViSoBERT
fresh_visobert_09553,"Ưu điểm: chất vải cotton mịn mát, màu đẹp.",1,0,0,0,0,0,positive,enjoyment,train,SEACrowd/ViSoBERT
fresh_visobert_07062,• Phỏng vấn 1 vòng,0,0,0,0,0,0,negative,sadness,train,SEACrowd/ViSoBERT
fresh_visobert_09433,Gia Han đéo cũng phải chịu :)) pố thấy chước,1,0,0,0,0,0,negative,anger,train,SEACrowd/ViSoBERT
fresh_visobert_05837,amanita phalloides,0,0,0,0,0,0,negative,fear,train,SEACrowd/ViSoBERT
fresh_visobert_06623,C ôi.nghe c nói cứ muốn mua luôn ý.,0,0,0,0,0,0,neutral,other,train,SEACrowd/ViSoBERT
fresh_visobert_08324,Mình về phía Vành đai phóng đi tìm đối tượng nhưng không được quay lại thì thấy Thủy thất thểu và hoảng sợ đi ra từ phía Big C.,0,0,1,0,0,0,negative,fear,train,SEACrowd/ViSoBERT
fresh_visobert_10997,Thế nào mà lại nói về mình thế này🤭,1,0,1,0,0,0,neutral,surprise,train,SEACrowd/ViSoBERT
fresh_visobert_11517,Vui vẻ hông quạo nha,0,0,0,0,0,0,positive,enjoyment,train,SEACrowd/ViSoBERT
fresh_visobert_05854,Nhà này vợ chồng rất đẹp đôi và dẫn rất có duyên. Chúc mừng bạn,0,0,0,0,0,0,positive,enjoyment,train,SEACrowd/ViSoBERT
fresh_visobert_02662,beat hôm livestream,0,0,0,0,1,0,neutral,other,train,SEACrowd/ViSoBERT
fresh_visobert_11567,"- Sản phẩm chạy tốt, chế độ ban đêm gần như không phát ra tiếng ồn.",0,0,0,1,0,0,positive,enjoyment,train,SEACrowd/ViSoBERT
fresh_visobert_06255,Ủa Sóc Trăng có k ta.,1,0,0,0,0,0,neutral,surprise,train,SEACrowd/ViSoBERT
fresh_visobert_08296,"đấy gọi là biết ngu mà vẫn đâm đầu vào , giống tao :)",1,1,1,0,0,1,negative,disgust,train,SEACrowd/ViSoBERT
fresh_visobert_05616,dần youtube zui đỡ buồn mùa dịch,0,0,0,0,1,0,negative,sadness,train,SEACrowd/ViSoBERT
fresh_visobert_07775,Hình như câu số là câu của mình được cải biên lại hay sao ấy nhỉ :)))) thấy giống giống hí hí :,1,0,0,0,0,0,positive,enjoyment,train,SEACrowd/ViSoBERT
fresh_visobert_01346,bờ kè cống sóm zầy,0,0,0,0,0,0,positive,enjoyment,train,SEACrowd/ViSoBERT
fresh_visobert_07951,54 kg z gi,0,0,0,0,0,0,neutral,other,train,SEACrowd/ViSoBERT
fresh_visobert_09320,Đang chờ cậu đó 😂😂,0,0,0,0,0,0,positive,enjoyment,train,SEACrowd/ViSoBERT
fresh_visobert_09545,Đóng bí mật nàng fangirl và,0,0,0,0,0,0,neutral,other,train,SEACrowd/ViSoBERT
fresh_visobert_05452,tiếp nối má truyền thống cụ,0,0,0,0,0,0,neutral,other,train,SEACrowd/ViSoBERT
fresh_visobert_03213,dỗi )) no no no,0,0,0,0,1,0,neutral,other,train,SEACrowd/ViSoBERT
fresh_visobert_11166,Thúy Hằng mày bớt đi mang bốt sang trả tao,0,0,0,0,0,0,neutral,other,train,SEACrowd/ViSoBERT
fresh_visobert_09566,Vo Võ Xuân Hường,0,0,0,0,0,0,neutral,other,train,SEACrowd/ViSoBERT
fresh_visobert_09366,bận rep tn của ng ta rồi,0,0,0,0,0,0,neutral,other,train,SEACrowd/ViSoBERT
fresh_visobert_04225,89969 catvitel,0,0,0,0,0,0,neutral,enjoyment,train,SEACrowd/ViSoBERT
fresh_visobert_06672,đến giờ đặc trưng của live rồi kk,0,0,0,0,1,0,neutral,enjoyment,train,SEACrowd/ViSoBERT
fresh_visobert_00168,việt tiến nghèo,0,0,0,0,0,0,negative,sadness,train,SEACrowd/ViSoBERT
fresh_visobert_09290,Phấn e lấy c tông sáng nhé,0,0,0,0,0,0,neutral,other,train,SEACrowd/ViSoBERT
fresh_visobert_11821,co keo vin kg chi,0,0,0,0,0,0,neutral,other,train,SEACrowd/ViSoBERT
fresh_visobert_03788,mông lung hỗn loạn )),0,0,0,0,0,0,neutral,other,train,SEACrowd/ViSoBERT
fresh_visobert_02023,thầy thể hiện susan allstar nha thầy,0,0,0,0,0,0,neutral,other,train,SEACrowd/ViSoBERT
fresh_visobert_07097,Thọ Tỉ Nam Sơn 84,0,0,0,0,0,0,neutral,other,train,SEACrowd/ViSoBERT
fresh_visobert_05898,Ko biết kịp quay up tiktok chưa,0,0,0,0,1,0,neutral,other,train,SEACrowd/ViSoBERT
fresh_visobert_11162,Thế đéo nào giờ lại bay được vào cái page này? Cơ mà Ad chửi hay tởm lợm luông. Méo liên quan đâu nhưng kết mịa ad rồi và e muốn bái sư.,1,0,1,0,1,0,negative,disgust,train,SEACrowd/ViSoBERT
fresh_visobert_09705,Nó cũng chỉ là thời gian thôi .,0,0,0,0,0,0,neutral,other,train,SEACrowd/ViSoBERT
fresh_visobert_09647,Nhỉ Huỳnh hồi nắng 4 độ ko cháy mấy hôm nay mát thế lại cháy khó hểu thậy,0,0,0,0,0,0,neutral,other,train,SEACrowd/ViSoBERT
fresh_visobert_09062,tương ngôi sao la to haphec phec,0,0,0,0,0,0,neutral,other,train,SEACrowd/ViSoBERT
fresh_visobert_07607,Trả chìa khoá cho t,0,0,0,0,0,0,neutral,enjoyment,train,SEACrowd/ViSoBERT
fresh_visobert_07131,Dậy Từ 5h đây 😪,0,0,0,0,0,0,neutral,other,train,SEACrowd/ViSoBERT
fresh_visobert_10594,Má học hỏi đi Đào Uyên Nhi để khỏi mang nghiệp,0,0,0,0,0,0,neutral,other,train,SEACrowd/ViSoBERT
fresh_visobert_01559,thủy deema ny công khai chỉ kiểu chính thức hẹn hò,0,0,0,0,0,0,neutral,other,train,SEACrowd/ViSoBERT
fresh_visobert_09326,Trần Thị Tuyết Trinh co kham tu cung co kham Bv luon e chac cu goy e oi kkkk,0,0,0,0,0,0,neutral,other,train,SEACrowd/ViSoBERT
fresh_visobert_00929,kiểu sbtc chả thắng )),0,0,0,0,0,0,neutral,enjoyment,train,SEACrowd/ViSoBERT
fresh_visobert_05460,mấy dlv đính chính thông tin,0,0,0,0,0,0,neutral,other,train,SEACrowd/ViSoBERT
fresh_visobert_08948,"người nấu , l người ăn :(((",0,0,0,0,0,0,neutral,other,train,SEACrowd/ViSoBERT
fresh_visobert_05679,phương trần hoàng theanh8 nha,0,0,0,0,0,0,neutral,enjoyment,train,SEACrowd/ViSoBERT
fresh_visobert_08733,Cho a địa chỉ a mang sách vở đến hk chứ ế quá 😆,0,0,0,0,0,0,neutral,enjoyment,train,SEACrowd/ViSoBERT
fresh_visobert_11519,Lữ bố trận này đi rừng thọt nên bị backdo r 🤣,0,0,0,0,0,0,neutral,enjoyment,train,SEACrowd/ViSoBERT
fresh_visobert_10047,Ba hai ve ba hai co qua nua kg,0,0,0,0,0,0,neutral,other,train,SEACrowd/ViSoBERT
fresh_visobert_00855,vn vs hồ xuân hương kìa,0,0,0,0,0,0,neutral,other,train,SEACrowd/ViSoBERT
fresh_visobert_10797,"CÙNG CỬU QUYỀN THẤT TỔ, VÀ BẢY ĐỜI PHỤ MẪU CỦA CON",0,0,0,0,0,0,negative,sadness,train,SEACrowd/ViSoBERT
fresh_visobert_10794,hồi trk mình ngồi chứ ko dk bế,0,0,0,0,0,0,neutral,other,train,SEACrowd/ViSoBERT
fresh_visobert_03898,đẹp trai abe,0,0,0,0,0,0,positive,enjoyment,train,SEACrowd/ViSoBERT
fresh_visobert_02374,phúc lũ súc cặc vật quê tui,1,0,0,0,0,1,neutral,disgust,train,SEACrowd/ViSoBERT
fresh_visobert_03550,kí đc trăm tỉ éo cặc tù tội bụng bự,0,0,0,0,0,0,neutral,other,train,SEACrowd/ViSoBERT
fresh_visobert_00729,cầu mong thần cá voi thần cá heo giúp nhật bản qua đc hoạn nạn,0,0,0,1,0,0,neutral,other,train,SEACrowd/ViSoBERT
fresh_visobert_07477,Nguyễn Linh Hảo dm 🤣,1,1,0,0,0,1,negative,enjoyment,train,SEACrowd/ViSoBERT
fresh_visobert_00417,vũ mai ly ui,0,0,0,0,0,0,negative,enjoyment,train,SEACrowd/ViSoBERT
fresh_visobert_06261,Chào thầy hôm nay em cũng mong chờ được ngay deo vat thinh cai van cua thầy em rất vui va hồi hộp ạ em tin tưởng sau khi deo vật thỉnh của thầy em sẽ được bước sang trang moi tốt đẹp hơn em chuc thầy sức khỏe va thầy Master Nam -Tướng Sư Bát Tự Huyền Không Phong Thủy Bí Truyền - ZenMi ngày càng có người hữu duyên biết đến thầy để mọi người bớt khổ và cải vận được tốt hơn,0,0,1,0,0,0,positive,enjoyment,train,SEACrowd/ViSoBERT
fresh_visobert_07302,Hằng Đào nè e Ngoan Bùi,0,0,0,0,0,0,neutral,other,train,SEACrowd/ViSoBERT
fresh_visobert_01666,ae đăng ký kênh ủng hộ,0,0,0,0,0,0,positive,enjoyment,train,SEACrowd/ViSoBERT
fresh_visobert_03498,quỳnh phạm đau buồn hoy,0,0,0,0,0,0,negative,sadness,train,SEACrowd/ViSoBERT
fresh_visobert_00089,Chốt em 6887,0,0,0,0,0,0,neutral,other,train,SEACrowd/ViSoBERT
fresh_visobert_11130,Trang Tran chả lẽ cũng cho quán bún đậu đầu ngõ lên vì quá ít:))),1,1,0,0,0,1,neutral,disgust,train,SEACrowd/ViSoBERT
fresh_visobert_03802,mong ủng hộ mv già mk mua sữa mk uống vã lắm,0,0,0,0,1,0,positive,enjoyment,train,SEACrowd/ViSoBERT
fresh_visobert_08307,Xin Cảm Ơn!!,0,0,0,0,0,0,positive,enjoyment,train,SEACrowd/ViSoBERT
fresh_visobert_02833,cười nhặt đc lồn á éo lồn nhể 😂 😂 😂 😂,0,0,0,0,0,0,positive,enjoyment,train,SEACrowd/ViSoBERT
fresh_visobert_10548,"Phim VN được cái làm màu, poster thì làm màu mè làm ghê lắm xem phim ma tấu hài cười ỉa 🙂",1,1,1,1,0,1,neutral,enjoyment,train,SEACrowd/ViSoBERT
fresh_visobert_10186,Mk mua 2 gói mà 4 ngày hết 1 gói rồi,1,0,1,0,0,0,neutral,surprise,train,SEACrowd/ViSoBERT
fresh_visobert_08792,"đến khi cuối kỳ , chỉ cần sinh viên mắc một sai sót nhỏ thì sẽ rớt môn .",0,0,0,0,1,0,positive,enjoyment,train,SEACrowd/ViSoBERT
fresh_visobert_06534,"Ê đúng nha😆 Toàn đi ngắm các bạn, mỗi ngày đi học đều ngắm outfit nhưng không dám nhìn lâu vì sợ các bạn bảo kì cục",0,0,1,0,1,1,negative,fear,train,SEACrowd/ViSoBERT
fresh_visobert_06999,Chất lượng khỏi phải bàn. Giao hàng tốc độ siêu cấp,1,0,0,1,0,0,positive,enjoyment,train,SEACrowd/ViSoBERT
fresh_visobert_04809,quan chuc nha nc lam gi co tien ung ho chj co cặc tien chon duoi dat thoi gjam gui ngan hang bj lô 😂 😂,0,0,0,0,0,0,positive,enjoyment,train,SEACrowd/ViSoBERT
fresh_visobert_01773,võ tuyền võ minh hiếu nha,0,0,0,0,0,0,neutral,other,train,SEACrowd/ViSoBERT
fresh_visobert_04250,vcl bôi má cứt mũi,1,0,0,0,0,1,negative,anger,train,SEACrowd/ViSoBERT
fresh_visobert_03963,du học sinh úc đâí 🤣 🤣,0,0,0,0,0,0,neutral,enjoyment,train,SEACrowd/ViSoBERT
fresh_visobert_01767,bản chất bọn cơm sườn công cặc khai lộ liễu dấu diếm,1,0,0,0,0,0,positive,enjoyment,train,SEACrowd/ViSoBERT
fresh_visobert_07705,lại cái trò đéo cho đỗ ???,1,0,0,0,0,0,negative,surprise,train,SEACrowd/ViSoBERT
fresh_visobert_10010,Nice to meet you,0,0,0,0,1,0,positive,enjoyment,train,SEACrowd/ViSoBERT
fresh_visobert_10959,"Tra Tran bạn thấy bh nhà tù đã khác xưa chưa 🤣, knao quay lại đê",1,1,0,0,0,1,neutral,enjoyment,train,SEACrowd/ViSoBERT
fresh_visobert_02538,trần dần kết câu chuyện ván cờ chúc,0,0,0,0,0,0,neutral,other,train,SEACrowd/ViSoBERT
fresh_visobert_05208,mong thi đấu ngày mai,0,0,0,0,1,0,negative,sadness,train,SEACrowd/ViSoBERT
fresh_visobert_11966,mình đang học sắp thọt law r :)),1,0,0,0,0,0,neutral,other,train,SEACrowd/ViSoBERT
fresh_visobert_06138,mua của shop ưng lắm nha,0,0,0,0,1,0,positive,enjoyment,train,SEACrowd/ViSoBERT
fresh_visobert_07446,Dù có đau khổ đến mức nào thì những người anh xin lỗi ở trên chắc hẳn họ vẫn là những người thân nhất và luôn luôn bên a mà. Lời xin lỗi bây giờ có làm cho những người còn lại hết buồn đâu😞,0,0,1,0,0,1,negative,sadness,train,SEACrowd/ViSoBERT
fresh_visobert_09101,Cái phòng tập này ở Đâu nhit,0,0,0,0,0,0,neutral,other,train,SEACrowd/ViSoBERT
fresh_visobert_05395,linh chứng tật cặc vì bản chất 😏,1,1,0,0,0,0,positive,surprise,train,SEACrowd/ViSoBERT
fresh_visobert_04457,buồn tỉnh cmnl,0,0,0,0,0,0,negative,sadness,train,SEACrowd/ViSoBERT
fresh_visobert_01090,quá trời đẹp 💗 💗 💗 💗,0,0,0,0,0,0,positive,enjoyment,train,SEACrowd/ViSoBERT
fresh_visobert_05845,Việt Nam - Indo 86,0,0,0,0,0,0,positive,other,train,SEACrowd/ViSoBERT
fresh_visobert_03690,độ hồi xưa chất )),1,0,0,0,0,0,positive,enjoyment,train,SEACrowd/ViSoBERT
fresh_visobert_04081,cười rrất đẹp nói chuyện duyên,0,0,0,0,0,0,positive,enjoyment,train,SEACrowd/ViSoBERT
fresh_visobert_03486,cầm đầu ad,0,0,0,0,1,0,positive,enjoyment,train,SEACrowd/ViSoBERT
fresh_visobert_03779,cay nhở ☹ ☹,0,0,0,0,0,0,positive,anger,train,SEACrowd/ViSoBERT
fresh_visobert_08560,Tâm hồn đẹp r,0,0,0,0,0,0,positive,enjoyment,train,SEACrowd/ViSoBERT
fresh_visobert_04321,haha xỉu haha cười ỉa bả,1,1,0,1,0,1,neutral,enjoyment,train,SEACrowd/ViSoBERT
fresh_visobert_06607,Sống chậm tí các bạn,0,0,0,0,1,1,negative,sadness,train,SEACrowd/ViSoBERT
fresh_visobert_05824,môi bad cặc tả chỉnh sửa ghê vl,0,0,0,1,1,0,negative,disgust,train,SEACrowd/ViSoBERT
fresh_visobert_11484,Mình tuong nham mí ko dùng dao kéo Nhìn đau thế ???,1,0,0,0,0,0,negative,surprise,train,SEACrowd/ViSoBERT
fresh_visobert_05742,video giải thích ba đời yt,0,0,0,0,1,0,positive,enjoyment,train,SEACrowd/ViSoBERT
fresh_visobert_01784,mỉa mai công nhận,1,0,1,0,0,0,neutral,surprise,train,SEACrowd/ViSoBERT
fresh_visobert_04289,abe huyền thoại,0,0,0,1,0,0,neutral,other,train,SEACrowd/ViSoBERT
fresh_visobert_11747,Nháy quá xinh 😝,0,0,0,0,0,0,positive,enjoyment,train,SEACrowd/ViSoBERT
fresh_visobert_02020,phan hoài nhân đm cmnt kk,1,0,0,0,0,1,negative,anger,train,SEACrowd/ViSoBERT
fresh_visobert_10511,Ông già suy dinh dưỡng quá nên mình dắt ông đi ăn cua hoàng đế các bạn ạ - tùng sói said,0,0,0,0,0,0,neutral,other,train,SEACrowd/ViSoBERT
fresh_visobert_02747,lựa đầu cặc buồi abe nè,0,0,0,0,0,0,neutral,other,train,SEACrowd/ViSoBERT
fresh_visobert_05638,tưởng nhật bổn ý thức lắm,0,0,0,0,0,0,neutral,other,train,SEACrowd/ViSoBERT
fresh_visobert_02714,việt nam vô địch,0,0,0,0,0,0,neutral,sadness,train,SEACrowd/ViSoBERT
fresh_visobert_08507,+ Trả góp -6- tháng,0,0,0,0,0,0,positive,sadness,train,SEACrowd/ViSoBERT
fresh_visobert_05215,dat gil thế này gil,0,0,0,0,0,0,neutral,other,train,SEACrowd/ViSoBERT
fresh_visobert_04226,lắc lắc lắc lắc mixi,0,0,0,0,0,0,neutral,enjoyment,train,SEACrowd/ViSoBERT
fresh_visobert_00471,tối học nha abe,0,0,0,0,0,0,neutral,other,train,SEACrowd/ViSoBERT
fresh_visobert_01086,thầy giáo đẹp trai vl ý tau góc,0,0,0,1,0,0,positive,enjoyment,train,SEACrowd/ViSoBERT
fresh_visobert_08074,"Yên tâm đi Beo, vì anti CR7 các Cules VN sẽ dùng cậu gì đâu làm tốt thí và săn sàng gom góp tèn trả lương cho cậu ^_^",0,0,0,0,1,0,positive,enjoyment,train,SEACrowd/ViSoBERT
fresh_visobert_02013,six belike,0,0,0,0,1,0,neutral,other,train,SEACrowd/ViSoBERT
fresh_visobert_00814,toàn ngu muội đi má đánh,1,0,0,0,0,1,negative,disgust,train,SEACrowd/ViSoBERT
fresh_visobert_11667,"Cái ông áo trắng là Vũ. kìa, lệch đi đâu được cái mặt sau kia",0,0,0,0,0,0,neutral,other,train,SEACrowd/ViSoBERT
fresh_visobert_11558,Huhu cmt miết mà k đc kêu tên :'(,1,0,1,0,0,0,neutral,surprise,train,SEACrowd/ViSoBERT
fresh_visobert_02576,vn tập xác cặc định đúng tha thứ,0,0,0,0,0,0,neutral,other,train,SEACrowd/ViSoBERT
fresh_visobert_05204,5 4 4 chân lý mắc sai lầm quá khứ già ta chúc dần phố bolsatv bà con hải ngoại sức khỏe mùa dịch,0,0,0,0,0,1,neutral,disgust,train,SEACrowd/ViSoBERT
fresh_visobert_10955,"Đây là con dao hai lưỡi của mạng xã hội đấy. K chịu đc áp lực dư luận, sợ tội nên tự sát/bị ép tự sát. Giờ thì chết k đối chứng rồi, ai đòi lại công bằng, chịu trách nhiệm bồi thường cho e gái kia đây. Mn cũng chỉ biết chửi rủa gián tiếp giết ng thôi",1,0,0,1,0,1,negative,fear,train,SEACrowd/ViSoBERT
fresh_visobert_08929,Vừa xem trên YT xong,0,0,0,0,1,0,negative,sadness,train,SEACrowd/ViSoBERT
fresh_visobert_00432,chất vãi lìn ơiiiii,1,0,0,0,0,0,positive,enjoyment,train,SEACrowd/ViSoBERT
fresh_visobert_05245,chi sg đài loan trời,0,0,0,0,0,0,negative,fear,train,SEACrowd/ViSoBERT
fresh_visobert_04121,đình quang ụa giải vn đau ta,0,0,0,0,0,0,negative,sadness,train,SEACrowd/ViSoBERT
fresh_visobert_03817,tủn k àh àh nội nội con cái shop rành địa chỉ shop công an kinh tế làm việc xạo xạo = ] ],0,0,0,0,1,0,negative,disgust,train,SEACrowd/ViSoBERT
fresh_visobert_11827,Ngáo yêu đơn phương :>>>>,0,0,0,0,0,0,neutral,enjoyment,train,SEACrowd/ViSoBERT
fresh_visobert_04688,hazardous cực kỳ nguy hiểm giáo toang cặc nguyễn khắc ngọc vô sủa mấy câu tao coi,1,0,0,1,0,0,negative,fear,train,SEACrowd/ViSoBERT
fresh_visobert_04951,trúc ngân đứng view,0,0,0,0,1,0,neutral,other,train,SEACrowd/ViSoBERT
fresh_visobert_04936,hưng ngô ò kieu sep,0,0,0,0,0,0,positive,enjoyment,train,SEACrowd/ViSoBERT
fresh_visobert_00751,đức chu ok nha,0,0,0,0,1,0,positive,enjoyment,train,SEACrowd/ViSoBERT
fresh_visobert_02527,dth ghê gớm,0,0,0,0,0,0,negative,disgust,train,SEACrowd/ViSoBERT
fresh_visobert_10556,"Hồng Hạnh có lộn không, sao k có miếng nào giống ngừi ta hết vậy ?",0,0,0,0,0,0,neutral,other,train,SEACrowd/ViSoBERT
fresh_visobert_06675,SS làm mv đéo nào cũng flop lòi l ra,0,0,0,0,1,0,negative,anger,train,SEACrowd/ViSoBERT
fresh_visobert_05690,nguyễn minh thu covid biến án,0,0,0,0,0,0,neutral,other,train,SEACrowd/ViSoBERT
fresh_visobert_06004,Chẳng có ai vì bạn sinh con mà lo lắng rơi nước mắt 🥺🥺🥺,1,1,1,0,0,1,negative,fear,train,SEACrowd/ViSoBERT
fresh_visobert_02571,chó má ý thức,0,0,0,0,0,0,negative,sadness,train,SEACrowd/ViSoBERT
fresh_visobert_00025,"BB: cuộc sống vốn dĩ bất công mà em, page đang tập cho e trưởng thành hơn đó, get used to it :)",1,1,1,0,1,1,neutral,disgust,train,SEACrowd/ViSoBERT
fresh_visobert_01679,chi dep lam chi yeu oi,0,0,0,0,0,0,neutral,other,train,SEACrowd/ViSoBERT
fresh_visobert_09000,Ygvyfxrsxhbjgctdxtsxkgcctdzwzefuxycugugvjfvucydctdgf ugcxyxytcivkhvjgcnkvkhcugcgckhckgcigcugckhcihciyckhckhciyciyciyc e dxufvkhbu,0,0,0,0,0,0,neutral,other,train,SEACrowd/ViSoBERT
fresh_visobert_03567,đồn dự kiến vn đứng nc kt phát triển trc mắt vô bổ dân nợ bik bn tiền ăn ở rửa tiền ah,0,0,0,0,0,0,neutral,other,train,SEACrowd/ViSoBERT
fresh_visobert_07527,"Mặc kệ mấy đứa LN mangabu, t cũng có LN bộ này và đọc manga rồi, nhưng t vẫn thấy art thế này là tạm ổn nếu k muốn nói là khá đẹp nên yê hay thì ta cứ xem thôi",0,0,1,0,0,0,positive,enjoyment,train,SEACrowd/ViSoBERT
fresh_visobert_02384,nam mo a di da phat,0,0,0,0,0,0,neutral,other,train,SEACrowd/ViSoBERT
fresh_visobert_07129,cổ ao nhin dơ dơ sao ấy.hàng nhăn nheo,0,0,0,0,0,0,neutral,other,train,SEACrowd/ViSoBERT
fresh_visobert_08348,"Tùy nhà và cách sống của họ thôi năm đầu đến nếu người ta ko lại thì thôi ko đến nữa ạ, nhà gái nên đến trước năm đầu vì con mình ở đó với nhà người ta.",0,0,0,0,0,0,neutral,other,train,SEACrowd/ViSoBERT
fresh_visobert_01805,kiếm tiền bận bận gà,1,0,0,0,0,1,neutral,disgust,train,SEACrowd/ViSoBERT
fresh_visobert_10274,Văn Giáp Trà Mi vậy e dùng bột rửa mặt trà xanh rau má hợp em nha,0,0,0,0,0,0,neutral,other,train,SEACrowd/ViSoBERT
fresh_visobert_11026,Chị cho e biết tên chị đi.chị,0,0,0,0,0,0,neutral,other,train,SEACrowd/ViSoBERT
fresh_visobert_08589,Ôi hack bìu bảo lên đây đéo đứa nào dám lên,0,0,0,0,1,0,negative,anger,train,SEACrowd/ViSoBERT
fresh_visobert_03254,đc vãi má đái ưiii,0,0,0,1,0,0,neutral,surprise,train,SEACrowd/ViSoBERT
fresh_visobert_01245,quỳnh nga bút lẻ nha,0,0,0,0,0,0,positive,enjoyment,train,SEACrowd/ViSoBERT
fresh_visobert_11751,ủa mình thích thì mình đá nó đi thôi@@ ai muốn đánh giá thì về kêu nhà mở công ty đi rồi vô quánh zá nha :)))),1,1,0,0,0,1,positive,surprise,train,SEACrowd/ViSoBERT
fresh_visobert_08645,like rồi nha kkk,0,0,0,0,1,0,neutral,enjoyment,train,SEACrowd/ViSoBERT
fresh_visobert_03931,đỉnh cao trí tuệ cán bộ cặc đảng cộng sản việt nam,1,0,0,1,0,0,positive,enjoyment,train,SEACrowd/ViSoBERT
fresh_visobert_03233,má đọc vnexpress toàn lũ bợ đít cặc chúng nó chúc mừng đồ lạy mấy cô hồn,0,0,0,0,0,0,neutral,other,train,SEACrowd/ViSoBERT
fresh_visobert_09007,"Chị Tuyết Loan, đi công tác cthan á",0,0,0,0,0,0,neutral,other,train,SEACrowd/ViSoBERT
fresh_visobert_11844,"Thôi dẹp. Mấy bố tinhte nói thì tin % thôi. Tin sái cổ, ăn xg chết tươi 🤣",0,0,0,0,0,0,neutral,enjoyment,train,SEACrowd/ViSoBERT
fresh_visobert_00628,gu thời trang má gạ địt,0,0,0,0,0,0,neutral,other,train,SEACrowd/ViSoBERT
fresh_visobert_07318,Tr gill nạp cho chị thy kc ln,0,0,0,0,0,0,neutral,other,train,SEACrowd/ViSoBERT
fresh_visobert_03941,nước ngoài đại sứ quán,0,0,0,0,0,0,negative,fear,train,SEACrowd/ViSoBERT
fresh_visobert_02809,atm cao lãnh belike,0,0,0,0,1,0,positive,enjoyment,train,SEACrowd/ViSoBERT
fresh_visobert_06556,"giày xinh nhé, mình mua 2 đôi 2 màu đều đẹp, êm lắm. Lại còn được tặng cà sticker nữa.",0,0,0,0,0,0,positive,enjoyment,train,SEACrowd/ViSoBERT
fresh_visobert_11217,Cô dâu chú rể sẽ rút kinh nghiệm cho những lần sau ạ 🤭🤭🤭,0,0,0,0,0,0,negative,disgust,train,SEACrowd/ViSoBERT
fresh_visobert_03234,tấu hài vcl,1,0,0,1,0,1,negative,anger,train,SEACrowd/ViSoBERT
fresh_visobert_06042,mình góp ý thật nhé.. đừng bắt phải đăng nhập zalo nữa mình muốn tải nhạc mà không được lấy lại tôi không zalo thì gửi tin nhắn mất tiền được mã kích hoạt lại không chính xác.. mình thấy 10 ngưòi thì họ khó chịu cả 10.. lập trình viên viết ra ứng dụng ngày càng dễ sử dụng đằng này càng ngày lại càng phức tạp và... bài đánh giá đầy đủ,1,0,1,0,0,0,negative,anger,train,SEACrowd/ViSoBERT
fresh_visobert_09679,Hưng lên Hêt thoi toc dai đoi -nua ta lai de,0,0,0,0,0,0,neutral,other,train,SEACrowd/ViSoBERT
fresh_visobert_03563,quang minh diễn hơi sâu đấy,1,0,0,0,0,1,neutral,disgust,train,SEACrowd/ViSoBERT
fresh_visobert_06058,Zui zẻ ko quạo nha chị,0,0,0,0,0,0,neutral,other,train,SEACrowd/ViSoBERT
fresh_visobert_06178,Và anh có sợ khi ra mv mn sẽ nói lợi dụng 8+hay + để câu View k ạ? 😆,0,0,0,0,1,0,neutral,fear,train,SEACrowd/ViSoBERT
fresh_visobert_11083,Vâng mẹ sông xênh r đấy,0,0,0,0,0,0,neutral,other,train,SEACrowd/ViSoBERT
fresh_visobert_09675,Chao chi khoi mi nha,0,0,0,0,0,0,neutral,other,train,SEACrowd/ViSoBERT
fresh_visobert_07604,Trần Thuý Hồng xem phim nàyy đi 🤧 dv đtr vl,0,0,0,1,0,0,neutral,surprise,train,SEACrowd/ViSoBERT
fresh_visobert_03309,mc cười bọn 😂 😂 😂,1,0,0,0,0,0,positive,enjoyment,train,SEACrowd/ViSoBERT
fresh_visobert_04476,thuế dân dân chống mọe cặc nói cán dọng ngu,1,0,0,0,0,1,negative,disgust,train,SEACrowd/ViSoBERT
fresh_visobert_07632,Rạp xiếc nay ko gắn link sọp pe à,0,0,0,0,1,0,neutral,other,train,SEACrowd/ViSoBERT
fresh_visobert_00274,tóm lại con gái trai má 😶 😶 😶 bực mình vl hoài 😑 😑,0,0,0,1,0,1,negative,anger,train,SEACrowd/ViSoBERT
fresh_visobert_02039,chào từ bi giúp nghèo khổ,0,0,0,0,0,0,neutral,other,train,SEACrowd/ViSoBERT
fresh_visobert_06743,Kêu mặc áo đi đám cưới nhưng thật ra là đi đám ma thì best nhất cái hãng phim giồi,1,0,1,0,1,0,positive,surprise,train,SEACrowd/ViSoBERT
fresh_visobert_05906,tup chống nắng 99789,0,0,0,0,0,0,positive,enjoyment,train,SEACrowd/ViSoBERT
fresh_visobert_03547,uống tan mỡ bụng vàng ngọc giàu hóa đồng hùi hụi tám,0,0,0,0,0,0,neutral,other,train,SEACrowd/ViSoBERT
fresh_visobert_01216,ghét giang,0,0,0,0,0,0,negative,sadness,train,SEACrowd/ViSoBERT
fresh_visobert_04785,phạm hồng minh giấy hộ nghèo xuất trình,0,0,0,0,0,0,neutral,other,train,SEACrowd/ViSoBERT
fresh_visobert_07137,Em đang nói sản phẩm nào nhỉ?,0,0,0,0,0,0,neutral,other,train,SEACrowd/ViSoBERT
fresh_visobert_08239,Dc cái trắng nhất hội sau ông chủ tịch fifa =))),1,1,0,0,0,1,neutral,disgust,train,SEACrowd/ViSoBERT
fresh_visobert_11139,chế ngân còn bị nghiệp quật k cả nhà iu =))),1,0,0,0,0,0,neutral,other,train,SEACrowd/ViSoBERT
fresh_visobert_09868,Nhin tiem mui thich qua . Nhung tren minh chua ai tiem . Ko biet co tac dung phu gi ko,0,0,0,0,0,0,neutral,other,train,SEACrowd/ViSoBERT
fresh_visobert_11678,Khi nào chị Đi Hàn ạ ?,0,0,0,0,0,0,neutral,other,train,SEACrowd/ViSoBERT
fresh_visobert_04854,tan levan ăn bám phá hoại mỹ cặc sấu mặt nước mỹ 5 nên mỹ chán,0,0,0,0,0,0,negative,sadness,train,SEACrowd/ViSoBERT
fresh_visobert_00690,chào ngài may xuất hiẹn trở lại ngài thuyên giảm bệnh trĩ,0,0,0,0,0,0,neutral,other,train,SEACrowd/ViSoBERT
fresh_visobert_10499,chị ơi chị có khó khăn ko ạ,0,0,0,0,0,0,neutral,other,train,SEACrowd/ViSoBERT
fresh_visobert_02825,ngu cặc cmm,1,0,0,0,0,1,negative,disgust,train,SEACrowd/ViSoBERT
fresh_visobert_02679,vl hazz 😂 😂 😂,1,1,0,1,0,1,positive,enjoyment,train,SEACrowd/ViSoBERT
fresh_visobert_10635,"Chất lượng sản phẩm tốt, đóng gói chắc chắn, shop hướng dẫn chi tiết nhiệt tình. Ủng hộ dài hạn cho shop",1,0,0,0,1,0,positive,enjoyment,train,SEACrowd/ViSoBERT
fresh_visobert_07386,Cái này bạn phải tự cảm nhận thôi chứ sao người khác biết đc @@,0,0,0,0,0,0,neutral,other,train,SEACrowd/ViSoBERT
fresh_visobert_01615,gom dòng họ mày tiền thợ hồ cất khách sạn,0,0,0,0,0,0,neutral,other,train,SEACrowd/ViSoBERT
fresh_visobert_00123,"Con đó e có xanh đen rồi, form siêu đỉnh",1,0,0,1,0,0,positive,enjoyment,train,SEACrowd/ViSoBERT
fresh_visobert_02564,hùng ngô dần đc 😂 😂,0,0,0,0,0,0,neutral,enjoyment,train,SEACrowd/ViSoBERT
fresh_visobert_00912,dần tui nằm vùng kk ♥ ♥ ♥ ♥,0,0,0,0,0,0,neutral,enjoyment,train,SEACrowd/ViSoBERT
fresh_visobert_04566,paula lưu chó thức ăn thịt chó thức ăn,0,0,0,0,0,0,neutral,other,train,SEACrowd/ViSoBERT
fresh_visobert_06458,Tiện đây em cũng xin tìm bố cho con trai em ạ. Nhìn nó thế thôi chứ nó hiền khô à. Đi ị cũng không đòi phải cát đậu nành đâu. Nhưng nó ăn bò cười hơi nhiều mn cân nhắc ạ,1,1,1,0,0,1,neutral,disgust,train,SEACrowd/ViSoBERT
fresh_visobert_08794,Chúc chị năm mới đc nhju thah công,0,0,0,0,0,0,neutral,other,train,SEACrowd/ViSoBERT
fresh_visobert_07847,Bộ này nopt canon nên mình khum xem 😔,0,0,0,0,0,0,negative,sadness,train,SEACrowd/ViSoBERT
fresh_visobert_00009,"Có khi nào một trong những ng con bị đuổi đi đã thuê sát thủ tới giết cả nhà để hưởng trọn mảnh đất ko mn? triệu đô thời đó mà chia cho 7 người thì nó ít, mà chia cho người thì nhiều. Thậm chí đến nay triệu đô vẫn là nhiều vãi, và mảnh đất đó tới nay chắc cũng ko còn giá đó đâu 🤷🏻♀",1,1,1,1,0,1,neutral,disgust,train,SEACrowd/ViSoBERT
fresh_visobert_07795,"Ngân Nguyễn còn con trai tốt chị ơi,ít nhất còn em với anh này 😀",0,0,0,0,0,0,positive,enjoyment,train,SEACrowd/ViSoBERT
fresh_visobert_03834,hơi tiếc ny,0,0,0,0,0,0,negative,sadness,train,SEACrowd/ViSoBERT
fresh_visobert_02031,hợp lý @ @,0,0,0,0,0,0,neutral,enjoyment,train,SEACrowd/ViSoBERT
fresh_visobert_03926,trai đất la cua bố mày,0,0,0,0,0,0,neutral,other,train,SEACrowd/ViSoBERT
fresh_visobert_07380,Người hùng hay siêu nhân rồi cũng rơi lệ.,0,0,0,1,0,0,positive,enjoyment,train,SEACrowd/ViSoBERT
fresh_visobert_00885,trông đéo shipper cô độc =))))),1,0,0,0,0,0,negative,anger,train,SEACrowd/ViSoBERT
fresh_visobert_07844,Trà My tuyển các em k6 vào cmt cho đầy đủ:)),1,0,0,0,1,0,neutral,other,train,SEACrowd/ViSoBERT
fresh_visobert_11804,Dép đẹp nhưng mọi ng lên lấy lên sz thì sẽ mang đẹp hơn jkkkkkkkk,1,1,1,1,0,1,positive,enjoyment,train,SEACrowd/ViSoBERT
fresh_visobert_06032,Ko lẽ chụp up lên đây cho mọi người coi thì nó kì há Nguyễn Hạnh,0,0,0,0,0,0,neutral,other,train,SEACrowd/ViSoBERT
fresh_visobert_02010,oder iphone,0,0,0,0,1,0,positive,enjoyment,train,SEACrowd/ViSoBERT
fresh_visobert_08520,Bạch Mẫu Đơn cao lãnh ❤❤,0,0,0,0,0,0,positive,enjoyment,train,SEACrowd/ViSoBERT
fresh_visobert_09327,"Có thất bại đâu, duy luân vẫn khen kìa",0,0,0,0,0,0,neutral,other,train,SEACrowd/ViSoBERT
fresh_visobert_08352,Xin Chúa cho con phần thật nhỏ như lời Chúa dạy .Amen,0,0,0,1,0,0,neutral,other,train,SEACrowd/ViSoBERT
fresh_visobert_07195,xem mà rơi nói chuyện mắt khi ăn luôn 😭😭😢,1,0,1,0,0,0,negative,surprise,train,SEACrowd/ViSoBERT
fresh_visobert_08154,hát như cái đách lồn dị đó Abe:),1,0,0,1,0,0,neutral,other,train,SEACrowd/ViSoBERT
fresh_visobert_07173,Tộc trưởng quê gốc ở Nam Phi thì phải,1,0,0,0,0,1,neutral,disgust,train,SEACrowd/ViSoBERT
fresh_visobert_00587,❤ đợi nãy cười xĩu,0,0,0,0,0,0,positive,enjoyment,train,SEACrowd/ViSoBERT
fresh_visobert_07237,Cá Cơm Spring Anh,0,0,0,0,0,0,neutral,enjoyment,train,SEACrowd/ViSoBERT
fresh_visobert_07155,Đi làm đi Phan Nana,0,0,0,0,0,0,negative,sadness,train,SEACrowd/ViSoBERT
fresh_visobert_08176,"Masta - Quỷ Zàng : - ,46",0,0,0,0,0,0,neutral,other,train,SEACrowd/ViSoBERT
fresh_visobert_06953,"Máy ổn, thông số đáng mua, pin cũng ok, hình chụp thì khỏi nói mượt nhất định mua một cái.",0,0,0,0,1,0,positive,enjoyment,train,SEACrowd/ViSoBERT
fresh_visobert_01623,chi ma khói xao ui kkk chi e e ma chửi ta ninh bo ma,0,0,0,0,0,0,neutral,enjoyment,train,SEACrowd/ViSoBERT
fresh_visobert_08695,56 kg mặc size gì vừa,0,0,0,0,1,0,neutral,other,train,SEACrowd/ViSoBERT
fresh_visobert_06834,xung quanh tôi có nhiều tài xế đang chờ nhưng không hiểu sao lại chọn tài xế có vị trí cách tôi 10 dãy nhà. máy tôi không có chức năng chất với tài xế để nhắn vị trí đón. không hiện ảnh tài xế trong khi ứng dụng của tài xế thì có. nên có chức năng tích điểm như grab. chọn vị trí đón thì không hiện r... bài đánh giá đầy đủ,1,0,1,1,0,0,positive,surprise,train,SEACrowd/ViSoBERT
fresh_visobert_11191,Biết TH là bảo chứng phòng vé nhưng dân mạng VN cũng ba phải vl :)),1,1,1,1,0,1,neutral,disgust,train,SEACrowd/ViSoBERT
fresh_visobert_08672,Hoàng Tuyết ok b,0,0,0,0,1,0,neutral,other,train,SEACrowd/ViSoBERT
fresh_visobert_08913,Anh không muốn chương trình kết thúc sau 9s,0,0,0,0,0,1,neutral,disgust,train,SEACrowd/ViSoBERT
fresh_visobert_06843,Thầy ông nội phiên bản động vật🙂,1,1,0,0,0,1,neutral,disgust,train,SEACrowd/ViSoBERT
fresh_visobert_04863,mua sịp cute mặc mấy ae meiii 😝 😝,0,0,0,0,1,0,positive,enjoyment,train,SEACrowd/ViSoBERT
fresh_visobert_08783,Có gen bẹc giê là các chị e bị thao túng tâm lý ngay:v,0,0,0,0,0,0,neutral,other,train,SEACrowd/ViSoBERT
fresh_visobert_07160,Bích Ngọc Đỗ làm sao vậy bạn,1,0,0,0,0,0,neutral,other,train,SEACrowd/ViSoBERT
fresh_visobert_04657,chi minh hieu noi chuyen vui rat chan that yeu chi nhieu lam love you,0,0,0,0,1,0,positive,enjoyment,train,SEACrowd/ViSoBERT
fresh_visobert_06076,-Thi thoảng có gái xinh add facebook đừng vội mừng : ))),0,0,0,0,1,0,neutral,other,train,SEACrowd/ViSoBERT
fresh_visobert_02924,nguyễn loan thể hiện giàu có,0,0,0,0,0,0,neutral,other,train,SEACrowd/ViSoBERT
fresh_visobert_06934,Đừng để bản thân bị ràng buộc bởi tờ giấy kết hôn.,0,0,0,0,0,0,neutral,other,train,SEACrowd/ViSoBERT
fresh_visobert_04474,nguyễn ngọc trinh đọc não nó qt vn vn tq vn cấm nhập cảnh chửi lên tiếng lo chuỵen bao đồng cái người ta à johnathan hạnh nguyễn la,0,0,0,0,0,0,negative,fear,train,SEACrowd/ViSoBERT
fresh_visobert_09028,Mạg ng rẻ vậy s?,0,0,0,0,0,0,neutral,other,train,SEACrowd/ViSoBERT
fresh_visobert_09975,Trời ơi thương em quá. 😞,0,0,0,0,0,0,negative,sadness,train,SEACrowd/ViSoBERT
fresh_visobert_09843,Nguyễn Thị Mỹ Linh cmt ủng hộ chị mẹ đi haha gì,0,0,0,0,0,0,neutral,enjoyment,train,SEACrowd/ViSoBERT
fresh_visobert_04030,con trai cưng độ cắn kẹo hương cam,0,0,0,0,0,0,neutral,other,train,SEACrowd/ViSoBERT
fresh_visobert_02692,cư sĩ lê tuấn nghĩa dân ăn chay tập thể dục môi trường nguyên sơ chả sống,0,0,0,0,0,0,neutral,other,train,SEACrowd/ViSoBERT
fresh_visobert_00653,dm giọng cười abe khốn nạn vl cặc )) cười =)),1,1,0,1,0,1,neutral,anger,train,SEACrowd/ViSoBERT
fresh_visobert_00146,bamtp chạy ddi )),0,0,0,0,0,0,neutral,other,train,SEACrowd/ViSoBERT
fresh_visobert_08855,Anh chị đi đâu thế ạ. Chúc ac cuối tuần vui vẻ 😀😀😀😀,0,0,0,0,0,0,positive,enjoyment,train,SEACrowd/ViSoBERT
fresh_visobert_04811,chân dung chủ tịch hội đồng quản trị mixigroup,0,0,0,0,0,0,neutral,other,train,SEACrowd/ViSoBERT
fresh_visobert_03681,ảnh trái độ phẫu thuật thẩm mĩ,0,0,0,0,0,0,neutral,other,train,SEACrowd/ViSoBERT
fresh_visobert_01997,be tất hàiiii,0,0,0,0,0,0,positive,enjoyment,train,SEACrowd/ViSoBERT
fresh_visobert_01855,ngưa niê kdăm người ta đăng hôm qua hôm nay vô phán zz,0,0,0,0,0,0,neutral,other,train,SEACrowd/ViSoBERT
fresh_visobert_11619,có linh cảm là MC sẽ vô địch,0,0,0,0,0,0,neutral,other,train,SEACrowd/ViSoBERT
fresh_visobert_09575,Bạn nên bổ sung nước nha.,0,0,0,0,0,0,neutral,other,train,SEACrowd/ViSoBERT
fresh_visobert_01506,vô lý vô cùng thuyết phục,0,0,0,0,0,0,neutral,other,train,SEACrowd/ViSoBERT
fresh_visobert_03548,trần sinh đức phiền,0,0,0,0,0,0,negative,other,train,SEACrowd/ViSoBERT
fresh_visobert_04123,cưng tr ơiii,0,0,0,0,0,0,positive,enjoyment,train,SEACrowd/ViSoBERT
fresh_visobert_07917,Còn sz nhỏ nào xinh k ạ,0,0,0,0,0,0,neutral,other,train,SEACrowd/ViSoBERT
fresh_visobert_03450,ngọc đặng lắt léo sở trường bọn đau hiuhiu,0,0,0,0,0,0,negative,sadness,train,SEACrowd/ViSoBERT
fresh_visobert_00824,phân trường đh hn hcm,0,0,0,0,0,0,neutral,other,train,SEACrowd/ViSoBERT
fresh_visobert_09720,Ai làm z chị,0,0,0,0,0,0,positive,sadness,train,SEACrowd/ViSoBERT
fresh_visobert_07069,người con gái mạnh mẽ,0,0,0,0,0,0,neutral,other,train,SEACrowd/ViSoBERT
fresh_visobert_06765,My bao nhieu tuoi lam vk anh nhe,0,0,0,0,1,0,neutral,other,train,SEACrowd/ViSoBERT
fresh_visobert_09776,"người hướng nội đi quẩy, mình thấy được mình trong đây",0,0,0,0,0,0,neutral,other,train,SEACrowd/ViSoBERT
fresh_visobert_03542,oke thầy dạy dự án oi thầy vĩ đại vcl,1,0,0,0,0,1,negative,anger,train,SEACrowd/ViSoBERT
fresh_visobert_02160,đập má đth đm ))),1,0,0,0,0,1,negative,anger,train,SEACrowd/ViSoBERT
fresh_visobert_06638,"Nếu chồng bạn hoàn hảo như vậy. Thì bạn có thể tìm khuyết điểm từ mẹ chồng, chị chồng, họ hàng nhà chồng được khum?",1,0,0,1,0,0,neutral,other,train,SEACrowd/ViSoBERT
fresh_visobert_06846,Ô nhưng bạn gái CR7 có mất đâu,1,1,1,0,0,1,neutral,disgust,train,SEACrowd/ViSoBERT
fresh_visobert_04673,chử cứu nhân độ thế nha mấy đứa,0,0,0,0,0,0,neutral,other,train,SEACrowd/ViSoBERT
fresh_visobert_06653,Ủa cái đó cũng phải điều tra sao. Ra chợ hỏi mấy bà bán hàng còn biết ở đâu,1,1,0,0,0,0,neutral,surprise,train,SEACrowd/ViSoBERT
fresh_visobert_03211,thớt ăn nói mất dạy thớt cặc ngu thiệt gia ngu nà,1,0,0,0,0,1,negative,disgust,train,SEACrowd/ViSoBERT
fresh_visobert_00423,chúng mày thông cảm ước mơ hình sự dòng đời xô đẩy trật tự giao thông,0,0,0,0,0,0,neutral,other,train,SEACrowd/ViSoBERT
fresh_visobert_05484,giầu co vây chúc tiền học co trí thức hiể chyên nể ăn nói nầy lủ dậy no nhửnh hoc mà còn bì ta giàu có ăn nói mấy dây cớ hà huốn chi tui khố rách áo ôm,1,0,1,0,1,0,neutral,surprise,train,SEACrowd/ViSoBERT
fresh_visobert_05707,tiệp dép độn đế,0,0,0,0,0,0,neutral,enjoyment,train,SEACrowd/ViSoBERT
fresh_visobert_10173,Có chuyện gì vậy ? E mới từ dưới hang lên,1,0,0,0,0,0,neutral,surprise,train,SEACrowd/ViSoBERT
fresh_visobert_10177,"Giấy ok, mang em chân, chắc mình chọn hơn 1 sz nên hơi rộng, nhưng thoải mái nên k vấn đề gì hết, nhưng thời gian chuẩn bị hàng gì cả tuần🥴🥴🥴 🤷‍♀️🤷‍♀️🤷‍♀️🤷‍♀️🤷‍♀️🤷‍♀️🤷‍♀️🤷‍♀️🤷‍♀️",1,1,1,0,1,0,neutral,surprise,train,SEACrowd/ViSoBERT
fresh_visobert_05059,huỳnh vicky,0,0,0,0,0,0,neutral,enjoyment,train,SEACrowd/ViSoBERT
fresh_visobert_07929,Lên top chỉ qua được ng ta ủng hộ sau vụ việc thg KICM nhạc dell hay chổ nào,0,0,0,0,1,0,positive,enjoyment,train,SEACrowd/ViSoBERT
fresh_visobert_11075,Thanh Trúc OMG 😱😱,0,0,0,0,1,0,negative,fear,train,SEACrowd/ViSoBERT
fresh_visobert_06677,Hqua mình còn k có lộc :),1,0,0,0,0,0,neutral,other,train,SEACrowd/ViSoBERT
fresh_visobert_07885,Úc rất tự hào về anh,0,0,0,0,0,0,neutral,other,train,SEACrowd/ViSoBERT
fresh_visobert_10878,sản phẩm dùng được đúng như mô tả,0,0,0,0,0,0,neutral,other,train,SEACrowd/ViSoBERT
fresh_visobert_03671,sắm ik tộc trưởng,0,0,0,0,0,0,neutral,other,train,SEACrowd/ViSoBERT
fresh_visobert_01908,chế độ hiện thời tồn má dối trá mị dân,0,0,0,0,0,0,neutral,other,train,SEACrowd/ViSoBERT
fresh_visobert_06950,Thế nà vẫn bít được cr thả tym ảnh mình hay hong rùi :))),1,0,0,0,0,0,positive,enjoyment,train,SEACrowd/ViSoBERT
fresh_visobert_10316,cũng đỡ tắc hơn 1 tí,0,0,0,0,0,0,neutral,other,train,SEACrowd/ViSoBERT
fresh_visobert_06201,"Có t hiểu lầm rằng bố t không thương tôi. Thậm chí là ghét t vì hồi trc t rất nghịc, làm bố mẹ điên đầu rất nhiều, ko học hành ra hồn cả",1,0,0,0,0,1,negative,sadness,train,SEACrowd/ViSoBERT
fresh_visobert_08458,Út Mai Sắm tới đầy tháng vừa rồi 🤣,0,0,0,0,0,0,neutral,enjoyment,train,SEACrowd/ViSoBERT
fresh_visobert_02886,điểm danh đê,0,0,0,0,0,0,neutral,other,train,SEACrowd/ViSoBERT
fresh_visobert_07330,cố gắng đi gần người ta 1 xíu . rồi lướt qua nhau như 1 cơn gió,0,0,0,0,0,0,neutral,other,train,SEACrowd/ViSoBERT
fresh_visobert_11591,Lúc sỡn hơn một gan tay tóc . Cắt ngắn lên gần tận tai 😅,0,0,0,0,0,0,neutral,other,train,SEACrowd/ViSoBERT
fresh_visobert_06651,Chia buồn cùng gia đình hùng Dũng và hỏi thăm đồng chí klok bị tai biến mạch máu não,0,0,0,0,0,0,negative,sadness,train,SEACrowd/ViSoBERT
fresh_visobert_02110,tụi hq bắt trend trễ mấy chục vn trend ))),0,0,0,0,1,0,neutral,other,train,SEACrowd/ViSoBERT
fresh_visobert_00934,nam bắc việt thế giới đồng bào ta nổi da gà xấu hổ diễn tả cặc hiện tượng lãng đồng hương việt giao tiếp xã hội nước ngoài dính nhiễm virus thuốc chữa,1,0,0,0,0,1,negative,disgust,train,SEACrowd/ViSoBERT
fresh_visobert_03266,nứng qá má abe )),0,0,0,0,0,0,negative,other,train,SEACrowd/ViSoBERT
fresh_visobert_06405,😍 CÁC ANH CHị ƠI ! MỞ TÀI KHOẢN SỐ ĐẸP CỰC RẺ CHỈ TỪ GIÁ #299K thôi !!!,0,0,0,1,0,0,positive,enjoyment,train,SEACrowd/ViSoBERT
fresh_visobert_00412,lười chụp ảnh kiểu chụp trộm,0,0,0,0,0,0,neutral,other,train,SEACrowd/ViSoBERT
fresh_visobert_10680,"sản phẩm hợp với da, dùng có hiệu quả !!!",0,0,0,0,0,0,neutral,surprise,train,SEACrowd/ViSoBERT
fresh_visobert_10942,Có ốp OPPO A5 k ạ,0,0,0,0,0,0,neutral,other,train,SEACrowd/ViSoBERT
fresh_visobert_00894,thu thảoo # binsaid hơi đấy )))),0,0,0,0,0,0,neutral,other,train,SEACrowd/ViSoBERT
fresh_visobert_02364,đan độ =))) 🤣,1,0,0,0,0,0,neutral,enjoyment,train,SEACrowd/ViSoBERT
fresh_visobert_05687,đm mỏ mỏ vịt thề lề má thè lè ghê jk dừa ooke,1,0,0,0,0,1,negative,anger,train,SEACrowd/ViSoBERT
fresh_visobert_02083,ong tien tri oi ong coi thu co cat cua toi mot nung may lan,0,0,0,0,0,0,neutral,other,train,SEACrowd/ViSoBERT
fresh_visobert_07799,Pham Yen Nhi,0,0,0,0,1,0,positive,enjoyment,train,SEACrowd/ViSoBERT
fresh_visobert_01232,4 thần quyền môn súng bắn trúng nha mạ ngừ =)),1,0,0,1,0,0,neutral,other,train,SEACrowd/ViSoBERT
fresh_visobert_00670,giang hồ hải phòng giang hồ bắc ninh dạy dỗ đàn em kết,0,0,0,0,0,0,neutral,other,train,SEACrowd/ViSoBERT
fresh_visobert_03764,duy hưng lắm,0,0,0,0,0,0,positive,enjoyment,train,SEACrowd/ViSoBERT
fresh_visobert_09096,K giàu vật chất nhưng giàu tình cảm là được vật chất em có,1,0,1,0,0,0,positive,surprise,train,SEACrowd/ViSoBERT
fresh_visobert_05893,May mà bắt đc ko để chơi vào lại ảo lại gây án mạng,1,0,1,0,0,0,neutral,surprise,train,SEACrowd/ViSoBERT
fresh_visobert_00474,đỗ thủy trinh giông mạng,0,0,0,0,0,0,positive,enjoyment,train,SEACrowd/ViSoBERT
fresh_visobert_03465,mode gam sena auto win,0,0,0,0,1,0,neutral,other,train,SEACrowd/ViSoBERT
fresh_visobert_00910,nhà nước xây nhà nghỉ cách ly người ta đủn chờ kết,0,0,0,0,0,0,neutral,other,train,SEACrowd/ViSoBERT
fresh_visobert_01917,nguyễn văn nhạc thưởng nhạc nguyễn văn thạo,0,0,0,0,0,0,neutral,other,train,SEACrowd/ViSoBERT
fresh_visobert_02353,chúng tao tuyên giáo hân hạnh tài trợ nas cặc chương trình mị dân pew bưng bô said,0,0,0,0,0,0,neutral,other,train,SEACrowd/ViSoBERT
fresh_visobert_07552,nhé bạn gửi mình vs,0,0,0,0,1,0,neutral,other,train,SEACrowd/ViSoBERT
fresh_visobert_02518,vàng ngọc cặc mất dạy,0,0,0,0,0,0,negative,sadness,train,SEACrowd/ViSoBERT
fresh_visobert_06238,Thich phong cach nay. Chuc ban luon thanh cong.,0,0,0,0,0,0,neutral,other,train,SEACrowd/ViSoBERT
fresh_visobert_09375,!!Cần tuyển EDITOR - WFH gồng qua mùa dịch mùa dịch hết dịch về chung nhà👍,0,0,0,0,0,0,positive,enjoyment,train,SEACrowd/ViSoBERT
fresh_visobert_11084,Đám cưới không cần tốn tiền thuê ca sĩ hát :))),1,1,0,0,0,1,neutral,disgust,train,SEACrowd/ViSoBERT
fresh_visobert_02044,phạt phạt )),0,0,0,0,0,0,neutral,other,train,SEACrowd/ViSoBERT
fresh_visobert_06200,"Nghe cuốn vậy, chắc nên đi cem",1,0,0,0,0,0,positive,enjoyment,train,SEACrowd/ViSoBERT
fresh_visobert_02283,dlv ngu lol lắm đứa hùa thể hiện đầu óc cặc cặn bã lắm bảo việt tân tài trợ phan anh,1,0,0,0,1,1,negative,disgust,train,SEACrowd/ViSoBERT
fresh_visobert_03045,cười cười cười cười cười,1,0,0,1,0,0,positive,enjoyment,train,SEACrowd/ViSoBERT
fresh_visobert_08447,Sinh viên chạy deadline như chó chạy ngoài đồng á bạn 😔😔😔 bạn làm vậy mình lại chả cắn cho 🥺🥺🥺,0,0,0,1,1,1,negative,sadness,train,SEACrowd/ViSoBERT
fresh_visobert_08510,"Ngan Nguyen cô chaos mình mà, trc thi nói sẽ DI, thi xong HD =))))) chaosss lol",1,1,1,0,1,1,neutral,disgust,train,SEACrowd/ViSoBERT
fresh_visobert_02780,chương trình ln cặc d ))),0,0,0,0,0,0,neutral,other,train,SEACrowd/ViSoBERT
fresh_visobert_10411,Can tho co len,0,0,0,0,0,0,negative,other,train,SEACrowd/ViSoBERT
fresh_visobert_03062,phạm huyền trang =))) đừng đón =))),1,0,0,0,0,0,neutral,other,train,SEACrowd/ViSoBERT
fresh_visobert_00646,công đức vô lượng trời phù hộ,0,0,0,0,0,0,neutral,other,train,SEACrowd/ViSoBERT
fresh_visobert_08046,Trung bóng dơ,0,0,0,0,0,0,negative,disgust,train,SEACrowd/ViSoBERT
fresh_visobert_10907,Áo này đc ko bố Huy Thành,0,0,0,0,0,0,neutral,other,train,SEACrowd/ViSoBERT
fresh_visobert_05754,có lẽ cách mạng cặc cẩu gờ zờ,0,0,0,0,0,0,neutral,other,train,SEACrowd/ViSoBERT
fresh_visobert_00520,aba đem thế giới abe,0,0,0,0,0,0,neutral,other,train,SEACrowd/ViSoBERT
fresh_visobert_10029,Sớm nè thầy ưi,0,0,0,0,0,0,negative,sadness,train,SEACrowd/ViSoBERT
fresh_visobert_09165,khi ban hoc gioi văn nhưng bô me lai băt đi thi sư pham vât ly.,1,0,1,0,1,0,positive,enjoyment,train,SEACrowd/ViSoBERT
fresh_visobert_09014,ng xem hết vid này thì hết cmn máu🥴🤭,0,0,0,0,0,0,neutral,other,train,SEACrowd/ViSoBERT
fresh_visobert_10932,Thành ĐạiĐại chiến đi e,0,0,0,0,0,0,neutral,sadness,train,SEACrowd/ViSoBERT
fresh_visobert_03480,linda vs linda bây h khác biệt ))) chửi hơi kém tý bây h câu thấm mu lồn câu ))))),0,0,0,0,0,0,negative,sadness,train,SEACrowd/ViSoBERT
fresh_visobert_03755,thủy tiên cho dù tr lượt fan ghét,0,0,0,0,1,0,negative,sadness,train,SEACrowd/ViSoBERT
fresh_visobert_05850,cảm ơn em ui nhe,0,0,0,0,0,0,positive,enjoyment,train,SEACrowd/ViSoBERT
fresh_visobert_09048,Trong nhà chưa rõ - ngoài ngõ đã tường 😅😅😅,0,0,0,0,0,0,positive,sadness,train,SEACrowd/ViSoBERT
fresh_visobert_08966,Nguyễn Văn Tùng bảo nhuần xem qa cơ chế đặt bàn nha 🤣🤣,0,0,0,0,0,0,neutral,enjoyment,train,SEACrowd/ViSoBERT
fresh_visobert_03136,dạo đồn ca má trúng gió,0,0,0,0,0,0,neutral,other,train,SEACrowd/ViSoBERT
fresh_visobert_06906,Ok mai lay chi đôi màu trắng 9 nhé em,0,0,0,0,1,0,positive,enjoyment,train,SEACrowd/ViSoBERT
fresh_visobert_00258,nguyễn đào nguyên,0,0,0,0,0,0,neutral,other,train,SEACrowd/ViSoBERT
fresh_visobert_10135,Phương Yoga Thanh Hằng Hoàng Vân có khi nào chúng mình ntn ko?🤣,1,0,0,0,0,0,neutral,enjoyment,train,SEACrowd/ViSoBERT
fresh_visobert_00049,Juan Vasquez Id do this if we had our own place😂,1,0,0,0,1,0,neutral,enjoyment,train,SEACrowd/ViSoBERT
fresh_visobert_11651,mặc không vừa bộ nào hết 😔😔😔,0,0,0,0,0,0,negative,sadness,train,SEACrowd/ViSoBERT
fresh_visobert_10386,"chia sẻ đi bạn ơi, có gì mà phải xoắn lên thế chứ :)",1,1,1,0,0,1,neutral,disgust,train,SEACrowd/ViSoBERT
fresh_visobert_07901,"Tien Nguyen đợt ni chắc đông ng làm, đợt sau rồi làm 😁",0,0,0,0,0,0,positive,enjoyment,train,SEACrowd/ViSoBERT
fresh_visobert_10033,Khởi điểm như nào Bác,0,0,0,1,0,0,negative,other,train,SEACrowd/ViSoBERT
fresh_visobert_07777,Thủy Thanh nâng kính kiểu gì😂,0,0,0,0,0,0,positive,enjoyment,train,SEACrowd/ViSoBERT
fresh_visobert_06552,Mua tặng vợ đi,0,0,0,0,0,0,neutral,other,train,SEACrowd/ViSoBERT
fresh_visobert_05462,hihi minh cuoi be bung,0,0,0,0,0,0,neutral,enjoyment,train,SEACrowd/ViSoBERT
fresh_visobert_10037,Chống mọi tai nạn với chốt luôn,0,0,0,0,0,0,neutral,other,train,SEACrowd/ViSoBERT
fresh_visobert_05396,minh nguyen tứ quý ng mặt nghệt đếm lá,0,0,0,0,0,0,neutral,other,train,SEACrowd/ViSoBERT
fresh_visobert_02123,mày cặc trời đánh mày,0,0,0,0,0,1,negative,anger,train,SEACrowd/ViSoBERT
fresh_visobert_00685,hoan ho cai cad zạ ung ho ma,0,0,0,0,0,0,neutral,other,train,SEACrowd/ViSoBERT
fresh_visobert_08455,"mũi thì mũi vẫn dương tính bình thường, chẳng qua là nó sẽ không trở nặng thôi, không có loại vaccine nào mà hoàn toàn có thể ngăn không cho virus xâm nhập vào cơ thể cả, khi tiêm mũi vaccine và bạn dương tính thì cảm giác là mình đang bị cảm cúm, bị sốt vì mình đã có hệ miễn dịch rồi thì virus nó sẽ không làm tổn hại sâu tới mình nữa như lời của bác sỹ Trương Hữu Khanh chia sẻ đó.",1,1,1,1,0,1,neutral,disgust,train,SEACrowd/ViSoBERT
fresh_visobert_01460,tuyệt tác giác quan,0,0,0,0,0,0,positive,enjoyment,train,SEACrowd/ViSoBERT
fresh_visobert_10692,Số Ịn Cái Vướng Chân Móc Cái Lên N Mà Không Phải Số Thế Là Ụn Cái =)),1,1,1,0,0,1,neutral,disgust,train,SEACrowd/ViSoBERT
fresh_visobert_03586,mày ngu cặc ad )),1,0,0,0,0,1,negative,disgust,train,SEACrowd/ViSoBERT
fresh_visobert_08424,đg leen thjeen đường,0,0,0,0,0,0,neutral,other,train,SEACrowd/ViSoBERT
fresh_visobert_01580,thánh thông minh,0,0,0,0,0,0,positive,enjoyment,train,SEACrowd/ViSoBERT
fresh_visobert_01049,gáy đê thầy,0,0,0,0,0,0,positive,enjoyment,train,SEACrowd/ViSoBERT
fresh_visobert_04529,anh em miên bac,0,0,0,0,0,0,neutral,disgust,train,SEACrowd/ViSoBERT
fresh_visobert_04561,điên cặc ghê,1,0,0,0,0,1,negative,disgust,train,SEACrowd/ViSoBERT
fresh_visobert_08868,Trên đợi trai đẹp ít nay họ còn yêu nhau thế này có chết không 🤦🏻♀,0,0,0,0,0,0,positive,enjoyment,train,SEACrowd/ViSoBERT
fresh_visobert_05510,chúc khỏe mạnh việt nam chào đón quý mến mong mấy ae an ninh việt nam thông cảm dần ae,0,0,0,0,0,0,neutral,other,train,SEACrowd/ViSoBERT
fresh_visobert_01729,cang theo dõi trần dần t ngta gián điệp vc kkk ông biến thành trò lố vc ông biến chữ tất nhiên đỉnh cao ngôn ngữ giao tiếp kkkk,1,1,0,1,0,1,neutral,enjoyment,train,SEACrowd/ViSoBERT
fresh_visobert_04628,ace mún đầu tóc ưng ý tết lh nha,0,0,0,0,0,0,positive,enjoyment,train,SEACrowd/ViSoBERT
fresh_visobert_06583,Combo kẹt xe trời mưa đường ngập lụt đẩy bộ mới đáng sợ 🤣🤣,1,0,0,0,0,0,negative,enjoyment,train,SEACrowd/ViSoBERT
fresh_visobert_10477,"Quyên Quyên Ờ , chứ trẻ trâu quài ai chơi",1,0,0,0,0,1,neutral,disgust,train,SEACrowd/ViSoBERT
fresh_visobert_06709,"Đồ đẹp!! Sợ mua cho ck ông chê hàng xấu lại bảo cứ mua linh tinh. Nhưng nhận hàng thấy chất lượng lắm. Shop chuẩn bị hàng và giao hàng nhanh, sau sẽ tiếp tục ủng hộ, tặng shop 5 sao.",1,1,1,0,1,1,neutral,fear,train,SEACrowd/ViSoBERT
fresh_visobert_08712,ko biết nó có hiểu ko mà mỏi lần la nó là nó chạy mất dép 🤣,1,1,1,1,0,1,neutral,enjoyment,train,SEACrowd/ViSoBERT
fresh_visobert_00739,phương dung nguyễn năm cúng tiền mệt mỏi bây,0,0,0,0,0,0,neutral,other,train,SEACrowd/ViSoBERT
fresh_visobert_09879,đã đẹp trai lại còn ngọt ngào 🤭,0,0,0,0,0,0,positive,enjoyment,train,SEACrowd/ViSoBERT
fresh_visobert_06978,bọn con gái nó vô tâm lắm anh hề,1,0,0,0,0,1,neutral,disgust,train,SEACrowd/ViSoBERT
fresh_visobert_08197,"Giao hàng nhanh, giá ổn, sản phẩm lắp sử dụng ổn định bình thường",0,0,0,0,0,0,neutral,other,train,SEACrowd/ViSoBERT
fresh_visobert_02216,mèo tôm lăn lóc bò trườn đc,0,0,0,0,0,0,neutral,other,train,SEACrowd/ViSoBERT
fresh_visobert_08530,Chị mít đâu r 🤣🤣,1,1,0,0,0,1,neutral,enjoyment,train,SEACrowd/ViSoBERT
fresh_visobert_08805,Năm nay ko chun vừa đồ năm trc r,0,0,0,0,0,0,neutral,other,train,SEACrowd/ViSoBERT
fresh_visobert_03882,sinh ta chi la doi trang chet di ta chi la ke trang vang ngọc giao lam dung la co tien thi mua duoc moi thu nhung co thu dới nây ma co mua duoc,0,0,0,0,0,0,neutral,other,train,SEACrowd/ViSoBERT
fresh_visobert_00084,Táo này có ny ch mà múa khét vc,1,0,1,0,0,0,neutral,surprise,train,SEACrowd/ViSoBERT
fresh_visobert_05527,lê hà thư lưu hình gửi anh em,0,0,0,0,0,0,neutral,other,train,SEACrowd/ViSoBERT
fresh_visobert_01038,phạm tùng giang nuôi tóc mà còn học hát giọng haha,1,0,1,0,0,0,neutral,enjoyment,train,SEACrowd/ViSoBERT
fresh_visobert_03771,mia mêlanô đù đóng tập vs ông cha nè,0,0,0,0,0,0,neutral,other,train,SEACrowd/ViSoBERT
fresh_visobert_08209,"Kem mắt dùng tốt k ch, giá bn ạ",0,0,0,0,0,0,positive,enjoyment,train,SEACrowd/ViSoBERT
fresh_visobert_05106,tui dĩa cơm hợp lý bình thường cơm hải sản giá 7 toàn tôm mực cắt hạt lựu cơm tầm chén đằng dĩa cơm toàn mực tôm to giá người ta niêm yết sẵn ngầm ngầm chém tô bún riêu,0,0,0,0,0,0,neutral,other,train,SEACrowd/ViSoBERT
fresh_visobert_11742,Đọc comment của các bro thấy hoang mang quá nên k tự tin comment đành phải bật máy nên thử chước mới dám comment 😆😆 chọn D nhé điều kiện thỏa mãn hoặc gặp break thì kết thúc while😆😆,0,0,0,0,1,0,neutral,enjoyment,train,SEACrowd/ViSoBERT
fresh_visobert_09963,Bạn đó ở đâu vậy,0,0,0,0,0,0,neutral,other,train,SEACrowd/ViSoBERT
fresh_visobert_04909,chân thành dễ thương đúng chất miền tây tự hào thế giới tự hào dân miền tây thương ❤ mãi khỏe mạnh chất phác nha,1,0,0,0,0,0,positive,enjoyment,train,SEACrowd/ViSoBERT
fresh_visobert_08523,Đau cái mm mày ak cứ xong rồi mới nói .ko nghe còi thì gương xe để làm gì,1,0,0,0,0,0,negative,sadness,train,SEACrowd/ViSoBERT
fresh_visobert_10022,Đinh Thuỳ Trang Hương Xumi tuổi???,0,0,0,0,0,0,neutral,surprise,train,SEACrowd/ViSoBERT
fresh_visobert_07823,Lắm con nhỏ thế,0,0,0,0,0,0,positive,enjoyment,train,SEACrowd/ViSoBERT
fresh_visobert_02218,đêm chửi cười sản kkkkk,0,0,0,0,0,0,neutral,enjoyment,train,SEACrowd/ViSoBERT
fresh_visobert_04758,bn hàng chục rùi,0,0,0,0,0,0,neutral,sadness,train,SEACrowd/ViSoBERT
fresh_visobert_00708,nghi vấn nguyễn đắc tú đụ,0,0,0,0,0,0,neutral,other,train,SEACrowd/ViSoBERT
fresh_visobert_08085,"Chất vải mát,mặt thoải mái,size L cao m7 mặc rất vừa không quá ngắn chật💯💯",1,0,0,0,1,0,positive,enjoyment,train,SEACrowd/ViSoBERT
fresh_visobert_05963,nó joke mà sao mấy ông nhạt vl vậy,1,1,1,1,0,1,neutral,disgust,train,SEACrowd/ViSoBERT
fresh_visobert_11196,Bùi Anh Tú a đoán cũng có tý liên quan đấy 😅😅😅,0,0,0,0,0,0,neutral,other,train,SEACrowd/ViSoBERT
fresh_visobert_05529,ngại idol lắm đánh bờm đầu ổn đừng lo 🤣 🤣 🤣 🤣,1,1,0,0,1,1,neutral,fear,train,SEACrowd/ViSoBERT
fresh_visobert_05476,chàng trai người kinh,0,0,0,0,0,0,negative,disgust,train,SEACrowd/ViSoBERT
fresh_visobert_00986,người ta gọi má đú,0,0,0,0,0,0,negative,sadness,train,SEACrowd/ViSoBERT
fresh_visobert_04572,linh cá lóc hậu giang sài gòn,0,0,0,0,0,0,neutral,other,train,SEACrowd/ViSoBERT
fresh_visobert_04935,video phản cảm,0,0,0,0,1,0,neutral,other,train,SEACrowd/ViSoBERT
fresh_visobert_11557,Hơn 2 chục triệu chứ mấy,0,0,0,0,0,0,neutral,other,train,SEACrowd/ViSoBERT
fresh_visobert_10001,Sơn Tóc Đỏ uk thì là chết thêm tý nữa là lại màu hồng,0,0,0,0,0,0,neutral,other,train,SEACrowd/ViSoBERT
fresh_visobert_09591,Màu giày ưng lắm shop nha,0,0,0,0,1,0,positive,enjoyment,train,SEACrowd/ViSoBERT
fresh_visobert_10826,Chúc mừng các em chuẩn bị vào đại học nhé. Mà thời gian nghỉ các em ăn chơi cho đã vào nhé và chuẩn bị tinh thần vào đại học nha.,1,0,1,1,0,0,positive,surprise,train,SEACrowd/ViSoBERT
fresh_visobert_10380,Xuống trường THPT Nguyễn Chí Thanh ở Tây Ninh đi anh ơi 😭❤❤❤,0,0,0,0,0,0,neutral,sadness,train,SEACrowd/ViSoBERT
fresh_visobert_07762,Sao ko đưa ihiep lên làm CEO nhỉ,0,0,0,0,0,0,neutral,other,train,SEACrowd/ViSoBERT
fresh_visobert_05227,quê vlog thầy,1,0,0,0,0,1,neutral,disgust,train,SEACrowd/ViSoBERT
fresh_visobert_04665,vợ tương lai,0,0,0,0,0,0,negative,sadness,train,SEACrowd/ViSoBERT
fresh_visobert_06055,Sẽ không nói là chồng me cầm lon coca và chụp cho me đâu 😍,0,0,0,0,1,0,positive,enjoyment,train,SEACrowd/ViSoBERT
fresh_visobert_06570,"Dùng thuật ẩn thân thì sao mà thấy, có căn mới thấy đc😌",1,0,1,0,0,0,neutral,surprise,train,SEACrowd/ViSoBERT
fresh_visobert_08040,Lưu Cẩm Thúy nhưng bạn cũng định thi à,1,1,1,0,0,1,neutral,disgust,train,SEACrowd/ViSoBERT
fresh_visobert_06656,Tội mấy cô rửa dĩa 😌,0,0,0,0,0,0,neutral,other,train,SEACrowd/ViSoBERT
fresh_visobert_02195,binh vu ghi y chang thành,0,0,0,0,0,0,neutral,other,train,SEACrowd/ViSoBERT
fresh_visobert_11992,Xanh bao nhiêu tiền một áo ?,0,0,0,0,0,0,neutral,other,train,SEACrowd/ViSoBERT
fresh_visobert_05615,khôi rainy toang hn,1,0,0,1,0,0,negative,sadness,train,SEACrowd/ViSoBERT
fresh_visobert_06309,Ơ tinh anh quay trở lài à,0,0,0,0,0,0,neutral,other,train,SEACrowd/ViSoBERT
fresh_visobert_01369,đừng trẻ tiền ủ rũ,0,0,0,0,0,0,negative,fear,train,SEACrowd/ViSoBERT
fresh_visobert_09111,Nói xinh một cái thì êm chuyện rồi,0,0,0,0,0,0,neutral,other,train,SEACrowd/ViSoBERT
fresh_visobert_05989,Việt Nam Hồ Chí Minh,0,0,0,0,0,0,positive,sadness,train,SEACrowd/ViSoBERT
fresh_visobert_05080,hơi cẩm ly,0,0,0,0,0,0,negative,sadness,train,SEACrowd/ViSoBERT
fresh_visobert_09279,lên báo sớm thôi nhỉ,0,0,0,0,0,0,negative,sadness,train,SEACrowd/ViSoBERT
fresh_visobert_07470,má t cừi chết,0,0,0,0,0,0,negative,enjoyment,train,SEACrowd/ViSoBERT
fresh_visobert_01726,chửi thấm vcđ )))) ad update vụ tuyển ny ace bạn bè fb ))),0,0,0,0,1,0,neutral,other,train,SEACrowd/ViSoBERT
fresh_visobert_00335,giận méo mặt =)),0,0,0,0,0,0,neutral,anger,train,SEACrowd/ViSoBERT
fresh_visobert_09341,A Híp mạnh dữ,0,0,0,0,0,0,neutral,enjoyment,train,SEACrowd/ViSoBERT
fresh_visobert_06876,Thả tim tăng tương tác sml luôn )),0,0,0,1,0,0,neutral,other,train,SEACrowd/ViSoBERT
fresh_visobert_03016,quốc sư trần dần đổi màu cộng sản việt nam sự thật chính nghĩa cờ vàng ba que cặc quân cờ mỹ độc đảng mỹ xóa ván cờ bỏ rơi vnch ráng chuẩn kkkkkk,1,0,0,0,0,0,neutral,other,train,SEACrowd/ViSoBERT
fresh_visobert_02698,tai bã tai trâu mắt má mù mặc kệ,0,0,0,0,0,0,neutral,other,train,SEACrowd/ViSoBERT
fresh_visobert_02972,bọn kia đập cặc chết dân,0,0,0,0,0,0,neutral,other,train,SEACrowd/ViSoBERT
fresh_visobert_04151,ngầu k tộc trưởng ẻo lả,0,0,0,0,0,0,neutral,other,train,SEACrowd/ViSoBERT
fresh_visobert_03127,tự nhiên đẹp trai tội ae,0,0,0,0,0,0,positive,enjoyment,train,SEACrowd/ViSoBERT
fresh_visobert_10804,Chương trình chắc tìm mãi mới ra được đoạn thầy ko chửi thề😫,0,0,0,0,0,0,neutral,other,train,SEACrowd/ViSoBERT
fresh_visobert_04536,trần hùng bịt khẩu trang đb,0,0,0,0,0,0,neutral,other,train,SEACrowd/ViSoBERT
fresh_visobert_03112,thanks mixigaminh,0,0,0,0,1,0,neutral,other,train,SEACrowd/ViSoBERT
fresh_visobert_05811,bố lương triệu,0,0,0,0,0,0,negative,sadness,train,SEACrowd/ViSoBERT
fresh_visobert_02946,thay mặt toàn thể chị em cám ơn thầy chúc thầy sức khỏe xóa kênh thầy,0,0,0,0,0,0,positive,enjoyment,train,SEACrowd/ViSoBERT
fresh_visobert_11132,Cô Kim hát chế hài vãi 😂😂😂,1,1,0,1,0,1,positive,enjoyment,train,SEACrowd/ViSoBERT
fresh_visobert_05942,"Ủa một mình tui thích kiểu 7 năm sau hả mấy bà 😅??? vừa có mắt kính, vừa có bụng mỡ, tóc vẫn còn dày. Anh trong ảnh nhìn ngon giai mà.",1,1,1,0,0,1,positive,surprise,train,SEACrowd/ViSoBERT
fresh_visobert_02172,lê ngọc minh châu đóng học phí nonolive chổ,0,0,0,0,0,0,neutral,other,train,SEACrowd/ViSoBERT
fresh_visobert_03217,sửa mũi tiền báo giá số đt 74798,0,0,0,0,0,0,neutral,other,train,SEACrowd/ViSoBERT
fresh_visobert_10540,dép còn bao vớ tùm lum,0,0,0,0,0,0,neutral,other,train,SEACrowd/ViSoBERT
fresh_visobert_11692,🍎 Sắm SS S series giảm đến 7 triệu + T.Góp %,0,0,0,0,1,0,neutral,other,train,SEACrowd/ViSoBERT
fresh_visobert_00175,trở lại em tưởng biến mừng thiệt tình nội dung giải trí ko anti ghét,0,0,0,0,1,0,negative,sadness,train,SEACrowd/ViSoBERT
fresh_visobert_03830,bụng heo cặc thuốc cân uống chết,0,0,0,0,0,0,neutral,other,train,SEACrowd/ViSoBERT
fresh_visobert_06490,Tất cả vì mưu sinh thôi,0,0,0,0,0,0,neutral,other,train,SEACrowd/ViSoBERT
fresh_visobert_10430,nháp trận đầu thôi dkm,0,0,0,0,0,0,negative,sadness,train,SEACrowd/ViSoBERT
fresh_visobert_01928,yêu mh lắm love you chu cà mo )) ❤,0,0,0,0,1,0,positive,enjoyment,train,SEACrowd/ViSoBERT
fresh_visobert_00567,anh em cmt đéo ))),0,0,0,0,0,0,negative,anger,train,SEACrowd/ViSoBERT
fresh_visobert_06878,Tâm Tít Nguyễn Minh Huệ cố lên các em,0,0,0,0,0,0,neutral,other,train,SEACrowd/ViSoBERT
fresh_visobert_09687,"Máy rất đẹp,mượt.....chơi game rất mượtCamera chụp đẹpNhân viên rất nhiệt tình",0,0,0,0,1,0,positive,enjoyment,train,SEACrowd/ViSoBERT
fresh_visobert_01927,nguyễn kim gia như rộng trời chật,0,0,0,0,0,0,neutral,other,train,SEACrowd/ViSoBERT
fresh_visobert_06388,Thấy gớm.Nguyễn Thúy Quỳnh,0,0,0,0,0,0,neutral,other,train,SEACrowd/ViSoBERT
fresh_visobert_05665,tr 4 xạo ngu to mặt dạy đời cặc hàng dễ thương ))) mồm mày gai tre tối xộn lào ak,1,0,0,0,0,1,neutral,enjoyment,train,SEACrowd/ViSoBERT
fresh_visobert_01832,okei abe nè =))),1,0,0,0,0,0,neutral,other,train,SEACrowd/ViSoBERT
fresh_visobert_07756,Sau khi phóng viên biết bả chỉ là khách mời bình thường thì bả kiểu:,0,0,0,0,0,0,neutral,other,train,SEACrowd/ViSoBERT
fresh_visobert_03326,bảo hà bùn lém nma thui mong nè a comeback sức khỏe ổn định nv vui,0,0,0,0,1,0,positive,enjoyment,train,SEACrowd/ViSoBERT
fresh_visobert_05359,lộ clip bả giả liệu phut ae kỹ lien,0,0,0,0,1,0,neutral,other,train,SEACrowd/ViSoBERT
fresh_visobert_00374,đờ mờ má cuộc sống,0,0,0,0,0,0,neutral,other,train,SEACrowd/ViSoBERT
fresh_visobert_02473,thầy hướng nghiệp nghề hông zạ,0,0,0,0,0,0,neutral,other,train,SEACrowd/ViSoBERT
fresh_visobert_08410,Có cái đoạn Hey làm sao nhỏ ngủ 😂😂😂,1,0,0,0,0,0,positive,enjoyment,train,SEACrowd/ViSoBERT
fresh_visobert_08819,Trần Tú ngta hotgirl game Ló cái mặt ra thâu ^^,0,0,0,0,1,0,neutral,other,train,SEACrowd/ViSoBERT
fresh_visobert_04196,chipo tv cùng hình ảnh,0,0,0,0,0,0,neutral,enjoyment,train,SEACrowd/ViSoBERT
fresh_visobert_10574,9h5 tối nay ở vtv nhoaaa,0,0,0,0,0,0,neutral,other,train,SEACrowd/ViSoBERT
fresh_visobert_08493,Lo lăng qua thi kêt hôn đông giơi đi,0,0,0,0,0,0,negative,fear,train,SEACrowd/ViSoBERT
fresh_visobert_04400,no giàu ma dây chuyền nox,0,0,0,0,1,0,neutral,other,train,SEACrowd/ViSoBERT
fresh_visobert_03581,mặt nghệt sổ gạo,0,0,0,0,0,0,neutral,other,train,SEACrowd/ViSoBERT
fresh_visobert_05526,cởi má mặc ưa vc,0,0,0,0,0,0,neutral,other,train,SEACrowd/ViSoBERT
fresh_visobert_09964,Ai quen thế nhợ 😍,0,0,0,0,0,0,positive,enjoyment,train,SEACrowd/ViSoBERT
fresh_visobert_11648,5s gb gool bao nhiun,0,0,0,0,1,0,positive,other,train,SEACrowd/ViSoBERT
fresh_visobert_04218,tui đỉnh > <,1,0,0,1,0,0,positive,enjoyment,train,SEACrowd/ViSoBERT
fresh_visobert_00088,Kem trị nám Bao nhiêu một hộp e ơi,0,0,0,0,0,0,neutral,other,train,SEACrowd/ViSoBERT
fresh_visobert_06928,đổi cả cuộc đời giống người tàn tật để được cái video này .,0,0,0,0,1,0,neutral,other,train,SEACrowd/ViSoBERT
fresh_visobert_05500,sale cc cặc thầy,0,0,0,0,1,0,neutral,other,train,SEACrowd/ViSoBERT
fresh_visobert_03943,hỏng bồi thường tiền dân đm cặc bỏ tù lộng quyền,1,0,0,0,0,1,negative,anger,train,SEACrowd/ViSoBERT
fresh_visobert_03454,coronavirut chân ly cuộc sống,0,0,0,0,0,0,positive,sadness,train,SEACrowd/ViSoBERT
fresh_visobert_05657,đhs xong khóc bố chúc thi =))) love sói,0,0,0,0,1,0,positive,enjoyment,train,SEACrowd/ViSoBERT
fresh_visobert_11382,áo mặc đẹp,0,0,0,0,0,0,positive,enjoyment,train,SEACrowd/ViSoBERT
fresh_visobert_00337,thầy duo levi tú bơ vơ,0,0,0,0,0,0,neutral,other,train,SEACrowd/ViSoBERT
fresh_visobert_08863,Mà cái chất con ông mai nhà bà thúy ghê gớm thiệt. Dính xong biến hình thành tiên nữ như thầy Ba rồi đòi gả cho Anh Thám Tử nữa,1,0,1,1,0,1,neutral,disgust,train,SEACrowd/ViSoBERT
fresh_visobert_04671,hợp lý ah êu,0,0,0,0,0,0,positive,enjoyment,train,SEACrowd/ViSoBERT
fresh_visobert_01952,người ta live tream khóc lóc chấp lạy xin lỗi roi nan ni tha lỗi roi,0,0,0,0,1,0,negative,sadness,train,SEACrowd/ViSoBERT
fresh_visobert_08247,hàng đặt theo size tay ak địa chỉ: xưởng thiết kế trang sức DTJ số 4bta văn quán hà đông hà nội sdt ll 68865766 bạn,0,0,0,0,1,0,neutral,other,train,SEACrowd/ViSoBERT
fresh_visobert_00973,dân hà tĩnh công nhận cặc lắm đệ tử ducangter,0,0,0,0,0,0,neutral,other,train,SEACrowd/ViSoBERT
fresh_visobert_07431,Giang Giang chứ s trò này từ hồi t mới đẻ đã thấy r,0,0,0,0,0,0,neutral,other,train,SEACrowd/ViSoBERT
fresh_visobert_03433,tiết mục thư giãn tuần phobolsa tv zâng tâc ziêng,0,0,0,0,0,0,neutral,other,train,SEACrowd/ViSoBERT
fresh_visobert_09013,Giá hời quá mua thôi :D,0,0,0,0,0,0,neutral,other,train,SEACrowd/ViSoBERT
fresh_visobert_00119,Phạm Thanh Bình hôm nào hết tiền hẵng rủ nhé,0,0,0,0,0,0,neutral,other,train,SEACrowd/ViSoBERT
fresh_visobert_05232,chai 4 cỡ 5 cồn uỗn tiền lắm lun giờ livetream lước lẹ,0,0,0,0,0,0,neutral,other,train,SEACrowd/ViSoBERT
fresh_visobert_00532,mai thu hoàng chặn cmt kia kìa 😂 😂 sợ dịchhhh )))),1,0,0,0,0,0,neutral,fear,train,SEACrowd/ViSoBERT
fresh_visobert_11408,"co vẻ như mọi tứ đều ưng ý từ a-z .rất tốt nên tôi cho năm sao.pin trâu lắm,chơi chất lượng cao, rất mượt đã lắm :))",1,0,0,0,0,0,positive,enjoyment,train,SEACrowd/ViSoBERT
fresh_visobert_09579,Ra ngoài tụ tập đông công an lại gô cổ lên phường :)),1,0,0,0,0,0,neutral,other,train,SEACrowd/ViSoBERT
fresh_visobert_07562,chính quyền vn giải trí ngặc nỗi cặc độc ác giải trí tí,0,0,0,0,0,0,negative,sadness,train,SEACrowd/ViSoBERT
fresh_visobert_06650,Cứ ngồi yên Fap sẽ up phim cho mọi người xem 🥳,0,0,0,0,0,0,neutral,other,train,SEACrowd/ViSoBERT
fresh_visobert_01707,haha cười mún xĩu mua heo ngừ kh kg xong dực tiền heo lun haha,0,0,0,0,0,0,neutral,enjoyment,train,SEACrowd/ViSoBERT
fresh_visobert_05813,)) đấy đc cơm cháo ăn bám trợ cấp nail cặc culi đám đu thọt ra rả kêu gửi tiền to tát hihi,0,0,0,0,0,0,neutral,enjoyment,train,SEACrowd/ViSoBERT
fresh_visobert_11941,"Giao hàng sớm trước 1 ngày, đóng gói tương đối tốt, chưa khui hàng và lắp đặt nên không đánh giá thêm. Chờ lắp đặt và trải nghiệm rồi đánh giá sau.",0,0,0,0,0,0,positive,enjoyment,train,SEACrowd/ViSoBERT
fresh_visobert_01093,nhi lai hồi chiều ))))))),0,0,0,0,0,0,neutral,other,train,SEACrowd/ViSoBERT
fresh_visobert_06101,tôi rất bức xúc. tài khoản của tôi nhập vào và bấm nhớ mật khẩu rồi. mà bây giờ nó lại bắt tôi phải nhập mật khẩu. mà mật khẩu của tôi thì tôi nhớ mà nhập cả chục lần mà nó kêu là mật khẩu sai. mong admin xem lại lỗi này và khắc phục. cảm ơn ad.,1,1,1,0,1,1,negative,disgust,train,SEACrowd/ViSoBERT
fresh_visobert_03997,đừng suy nghĩ đẩy lùi bảo vệ chiens đập phá tài sản kiện ngược lại,0,0,0,0,0,0,neutral,other,train,SEACrowd/ViSoBERT
fresh_visobert_01291,khả năng sinh tồn hàng xóm vốn 😅 😅 😅,0,0,0,0,0,0,neutral,other,train,SEACrowd/ViSoBERT
fresh_visobert_09192,Nhận kèo mu với maloch,0,0,0,0,0,0,neutral,other,train,SEACrowd/ViSoBERT
fresh_visobert_10226,Mấy thằng xạo quần này nước tao đầy,0,0,0,0,0,0,neutral,other,train,SEACrowd/ViSoBERT
fresh_visobert_07184,Chúc mừng abe nhá,0,0,0,0,0,0,positive,other,train,SEACrowd/ViSoBERT
fresh_visobert_06051,Số mỡ của t lúc nào cũng hơn mong đợi của t .,0,0,0,0,0,0,neutral,other,train,SEACrowd/ViSoBERT
fresh_visobert_09522,Mẹ lúc nào chả xinh,0,0,0,0,0,0,negative,disgust,train,SEACrowd/ViSoBERT
fresh_visobert_01683,công đôi =)))),1,0,0,0,0,0,neutral,other,train,SEACrowd/ViSoBERT
fresh_visobert_09428,ấy không ngờ đoạn cuối luôn á má,0,0,0,0,0,0,neutral,other,train,SEACrowd/ViSoBERT
fresh_visobert_00522,cưng dễ thương iu,0,0,0,0,0,0,positive,enjoyment,train,SEACrowd/ViSoBERT
fresh_visobert_02176,phạm minh tuấn ảnh,0,0,0,0,0,0,positive,enjoyment,train,SEACrowd/ViSoBERT
fresh_visobert_08831,Chị ăn kẹo gì vậy chị,1,1,0,0,0,0,neutral,surprise,train,SEACrowd/ViSoBERT
fresh_visobert_08869,Adh bên kia bị bo hay sao ý nhỉ,0,0,0,0,0,0,positive,enjoyment,train,SEACrowd/ViSoBERT
fresh_visobert_01943,idol ai lớp du chu cờ mo 😍 😍 😍,0,0,0,0,1,0,positive,enjoyment,train,SEACrowd/ViSoBERT
fresh_visobert_11950,Cố lên c nhé. Con vẫn đang chờ c khoẻ mạnh để được mẹ bồng bế đấy,0,0,0,0,0,0,neutral,other,train,SEACrowd/ViSoBERT
fresh_visobert_11890,Ối ban đầu lướt qua mình tưởng của Color Show :,0,0,0,0,1,0,neutral,other,train,SEACrowd/ViSoBERT
fresh_visobert_10444,"Dung skill thư va may se dung đc cai kiêm cung luc,ko giông skill ,chi nhân đôi vu khi rôi dung,con cai nay may co thê dung vk khac nhau cung luc nêu trên đg nhăt thêm buff đô",0,0,0,0,0,0,neutral,other,train,SEACrowd/ViSoBERT
fresh_visobert_07241,dịu dàng từ bé ròii:,0,0,0,0,0,0,neutral,other,train,SEACrowd/ViSoBERT
fresh_visobert_03417,vui vẻ quạo,0,0,0,0,0,0,positive,enjoyment,train,SEACrowd/ViSoBERT
fresh_visobert_02778,òi nổ xong cháy )))),0,0,0,0,0,0,neutral,other,train,SEACrowd/ViSoBERT
fresh_visobert_01453,duy sao kì,0,0,0,0,0,0,neutral,enjoyment,train,SEACrowd/ViSoBERT
fresh_visobert_07004,Phương Thảo a đang còn lứa tuổi học sinh😌,0,0,0,0,0,0,neutral,other,train,SEACrowd/ViSoBERT
fresh_visobert_06006,Cho mình uốnh bạn,0,0,0,0,0,1,negative,sadness,train,SEACrowd/ViSoBERT
fresh_visobert_05778,đào nhật thành chào,0,0,0,0,0,0,neutral,enjoyment,train,SEACrowd/ViSoBERT
fresh_visobert_08394,Mé khịa miết luôn 🤣,0,0,0,0,0,0,neutral,enjoyment,train,SEACrowd/ViSoBERT
fresh_visobert_05858,"ngày xưa bắt đầu làm thì hội yêu cây, yêu môi trường vào chửi kinh lắm",0,0,0,0,0,0,neutral,disgust,train,SEACrowd/ViSoBERT
fresh_visobert_09330,Top 8 mới sợ chứ top gáy gì chả đúng =))),1,1,0,0,1,1,negative,fear,train,SEACrowd/ViSoBERT
fresh_visobert_04977,hợp lí thuyết phục )),0,0,0,0,0,0,neutral,enjoyment,train,SEACrowd/ViSoBERT
fresh_visobert_09068,. Phục vụ Pizza Hut.,0,0,0,0,0,0,neutral,enjoyment,train,SEACrowd/ViSoBERT
fresh_visobert_05558,đám cặc sạo lồn,0,0,0,0,0,0,negative,disgust,train,SEACrowd/ViSoBERT
fresh_visobert_04557,quốc sư sống thiên đàng địa nhục thành tro bụi trong trọn chúc toại nguyện,0,0,0,0,0,0,neutral,other,train,SEACrowd/ViSoBERT
fresh_visobert_05041,hả dạ ghê )))),1,0,0,0,0,0,negative,disgust,train,SEACrowd/ViSoBERT
fresh_visobert_05847,Po Lee Make Up màu gold nè,0,0,0,0,0,0,neutral,other,train,SEACrowd/ViSoBERT
fresh_visobert_10668,Suốt ngày thấy mua đồ ko à 👀,0,0,0,0,0,0,neutral,other,train,SEACrowd/ViSoBERT
fresh_visobert_11965,"Ngay sau khi nhận được thông tin, Đại sứ quán Việt Nam tại Pháp đã chủ động liên hệ với các cơ quan chức năng sở tại để tìm hiểu thông tin, danh tính và quốc tịch của các nạn nhân. Sau quá trình điều tra và xác minh, ngày 6//, cảnh sát Pháp thông báo một nạn nhân là công dân Việt Nam (sinh năm 99, nguyên quán Nghệ An).",0,0,0,0,0,0,neutral,other,train,SEACrowd/ViSoBERT
fresh_visobert_10944,Sếp nhà ngta kbh lm mình thất vọng 😇,0,0,0,0,0,0,negative,sadness,train,SEACrowd/ViSoBERT
fresh_visobert_11010,đang anti BIDV thì đọc dc tin này,0,0,0,0,1,0,neutral,other,train,SEACrowd/ViSoBERT
fresh_visobert_05368,vang ngoc cặc mac ao dam giong quy,0,0,0,0,0,0,neutral,other,train,SEACrowd/ViSoBERT
fresh_visobert_02737,hong rảnh drammar lôi )) hiền tụi tao hiền,0,0,0,0,0,0,neutral,other,train,SEACrowd/ViSoBERT
fresh_visobert_06450,Idol F làm cho các F khác cảm thấy căn bệnh nhẹ nhàng hẳn =)) Vu Thi Thanh Thuy My Ng,1,1,0,0,1,1,neutral,disgust,train,SEACrowd/ViSoBERT
fresh_visobert_01686,châu châu mắc cười thiệt đmm )),0,0,0,0,0,0,neutral,other,train,SEACrowd/ViSoBERT
fresh_visobert_06240,"ăn cướp thì tung hoành như chốn không người...chứ trên xe có chú nào dám giơ cái bảng "" Formosa cút "" thì đảm bảo xuống xe có người rước đi ngay ! an ninh xứ ta giỏi lắm... :)",1,1,1,1,0,1,positive,disgust,train,SEACrowd/ViSoBERT
fresh_visobert_01175,chuẩn cmn bao,0,0,0,0,0,0,positive,enjoyment,train,SEACrowd/ViSoBERT
fresh_visobert_08123,E cũng thấy thế vs a đấy 😻,0,0,0,0,0,0,neutral,other,train,SEACrowd/ViSoBERT
fresh_visobert_00722,đọc vai rớt vai rớt đọc tầm bậy,0,0,0,0,0,0,neutral,other,train,SEACrowd/ViSoBERT
fresh_visobert_06061,Trần Minh Nhân vetv xóa rồi lộ hàng nóng kk,0,0,0,0,0,0,neutral,enjoyment,train,SEACrowd/ViSoBERT
fresh_visobert_07543,"Mai mưa đó mấy bạn ,nhà ai gần núi phú sĩ là thấy cảnh này quài hà",0,0,0,0,0,0,neutral,other,train,SEACrowd/ViSoBERT
fresh_visobert_01555,nhân cách phụ nữ vân à văn ạ,0,0,0,0,0,0,neutral,other,train,SEACrowd/ViSoBERT
fresh_visobert_02474,trông độ khỏe phết đấy ae,0,0,0,0,0,0,neutral,other,train,SEACrowd/ViSoBERT
fresh_visobert_09576,Phạm Xuân Huy không có ý gì nhưng cái nào nhìn cũng trẩu vl 😆😂,1,1,1,1,0,1,positive,enjoyment,train,SEACrowd/ViSoBERT
fresh_visobert_09043,T thấy có mỗi nhỏ đó là đc,0,0,0,0,0,0,neutral,other,train,SEACrowd/ViSoBERT
fresh_visobert_07114,chot cho chi dc cai nao chua d,0,0,0,0,0,0,neutral,other,train,SEACrowd/ViSoBERT
fresh_visobert_04756,lẹ xóa kênh thầy ơii,0,0,0,0,0,0,negative,enjoyment,train,SEACrowd/ViSoBERT
fresh_visobert_01970,chu chang phóng viên chu cheng thường trú phú thọ,0,0,0,0,0,0,neutral,other,train,SEACrowd/ViSoBERT
fresh_visobert_10143,"Bạn Thảo thắc mắc nhiều quá, thôi để mình dẫn bạn vào trong đó rồi mình chỉ cho",0,0,0,0,0,0,positive,sadness,train,SEACrowd/ViSoBERT
fresh_visobert_02081,chừng đồng chí mua phẩm màu rải,0,0,0,0,0,0,neutral,other,train,SEACrowd/ViSoBERT
fresh_visobert_01084,họp thò thụt,0,0,0,0,0,0,neutral,other,train,SEACrowd/ViSoBERT
fresh_visobert_07968,Thùy Trang nghe chưa dc 15s tắt cmnr nhạc vs nhẽo,0,0,0,0,0,0,neutral,other,train,SEACrowd/ViSoBERT
fresh_visobert_08271,Biến tận dụng thách thức thành cơ hội sẽ thành công,0,0,0,0,0,0,neutral,other,train,SEACrowd/ViSoBERT
fresh_visobert_01488,kakaka khùng má khùng quá sức,1,0,0,0,0,1,neutral,disgust,train,SEACrowd/ViSoBERT
fresh_visobert_10335,Đỗ Duyên Là cái nào 😑,0,0,0,0,0,0,neutral,other,train,SEACrowd/ViSoBERT
fresh_visobert_03068,kêu vn 57 lê quang định 5 p45s lão cỗ máy doremon ak,0,0,0,0,0,0,neutral,other,train,SEACrowd/ViSoBERT
fresh_visobert_09431,Chuyến này anh Hải đầu tư quá. Chúc Lật mặt 6 đại thành công,0,0,0,0,0,0,neutral,other,train,SEACrowd/ViSoBERT
fresh_visobert_02831,chời tui cười chết,1,0,0,1,0,0,positive,enjoyment,train,SEACrowd/ViSoBERT
fresh_visobert_00511,thầy địt mẹ cặc giả tạo vl =)),1,1,0,1,0,1,neutral,disgust,train,SEACrowd/ViSoBERT
fresh_visobert_06827,Tuyệt vời tiki,0,0,0,0,0,0,positive,enjoyment,train,SEACrowd/ViSoBERT
fresh_visobert_05685,người ta sự thật bảo nói xấu quan chức cặc chế độ tốt đẹp đâu mà bảo người ta,0,0,1,0,0,0,positive,enjoyment,train,SEACrowd/ViSoBERT
fresh_visobert_04535,cắt bớt đất trung =)),1,0,0,0,0,0,neutral,other,train,SEACrowd/ViSoBERT
fresh_visobert_01588,lê minh nhất,0,0,0,0,0,0,positive,enjoyment,train,SEACrowd/ViSoBERT
fresh_visobert_04351,nana nguyễn cánh hoa nha,0,0,0,0,0,0,negative,disgust,train,SEACrowd/ViSoBERT
fresh_visobert_03952,bố yêu dz lắm tym tym ❤,0,0,0,0,0,0,positive,enjoyment,train,SEACrowd/ViSoBERT
fresh_visobert_10778,ShinhanBank hổ trợ khoản vay từ 25-900 triệu và tặng kèm thẻ tín dụng miễn phí.,0,0,0,0,0,0,neutral,other,train,SEACrowd/ViSoBERT
fresh_visobert_04782,đừng chửi minh hiếu ok,0,0,0,0,1,0,positive,enjoyment,train,SEACrowd/ViSoBERT
fresh_visobert_10565,"Show này ý nghĩa v, rất nhân văn và nên xem",0,0,0,0,1,0,neutral,other,train,SEACrowd/ViSoBERT
fresh_visobert_10752,Lê Văn Toán lon t lấy m,0,0,0,0,0,0,neutral,other,train,SEACrowd/ViSoBERT
fresh_visobert_08540,"Anh có phép thuật,nhưng không thể khiến nàng rung động -- doctor Trang",1,1,1,0,0,1,neutral,disgust,train,SEACrowd/ViSoBERT
fresh_visobert_11042,Nếu bán cho Trung Quốc tôi sẽ dùng cái khác,0,0,0,0,0,0,negative,sadness,train,SEACrowd/ViSoBERT
fresh_visobert_06062,Chúc gia đình thầy 1 ngày chủ nhật yên bình,0,0,0,0,0,0,neutral,other,train,SEACrowd/ViSoBERT
fresh_visobert_06812,Trên bài viết công ty đăng là Combo bao gồm vé máy bay khứ hồi + khách sạn bạn nhé,0,0,0,0,0,0,neutral,other,train,SEACrowd/ViSoBERT
fresh_visobert_01761,nguyễn đăng dự nhục cặc mặt fan mu,0,0,0,0,1,0,neutral,other,train,SEACrowd/ViSoBERT
fresh_visobert_04293,tết đương nghĩa là tết đương,0,0,0,0,0,0,neutral,other,train,SEACrowd/ViSoBERT
fresh_visobert_02917,hết hồn =)),1,0,0,1,0,0,neutral,fear,train,SEACrowd/ViSoBERT
fresh_visobert_02188,hẳn là tiên chồng hà tăng,0,0,0,0,0,0,neutral,other,train,SEACrowd/ViSoBERT
fresh_visobert_05161,ok tkay jao bar bezt daxau,0,0,0,0,1,0,neutral,other,train,SEACrowd/ViSoBERT
fresh_visobert_00839,mày mua hàng giá 5 đây hàng fake thưownc hiệu mua iphone nhái thay vì mua xiaomi hãng xịn iphone fake,0,0,0,0,1,0,positive,enjoyment,train,SEACrowd/ViSoBERT
fresh_visobert_08426,🔥🔥🔥🔥🔥🔥Xin các anh các chị chỉ dùm em làm cách nào để khiếu nại về tình trạng thầy cô ạ( đã ll với thầy HT nhưng vẫn im hơi lặng tiếng ạ🍎🍎🍎🍎🍎,1,1,1,0,0,1,neutral,disgust,train,SEACrowd/ViSoBERT
fresh_visobert_08715,sản phẩm chất lượng đúng mẫu 👏,1,0,0,0,0,0,positive,enjoyment,train,SEACrowd/ViSoBERT
fresh_visobert_03574,trần thảo chút đấy ))),0,0,0,0,0,0,negative,sadness,train,SEACrowd/ViSoBERT
fresh_visobert_11442,Chị tự chọn cho em nhé .rồi alo cho em nhé,0,0,0,0,0,0,neutral,other,train,SEACrowd/ViSoBERT
fresh_visobert_07863,rùng mình cái mất đô =))) ko biết các e ngon đến thế ko nhưng các a làm gì mà giàu vậy ạ? 🥲,1,1,1,0,0,1,neutral,sadness,train,SEACrowd/ViSoBERT
fresh_visobert_01156,hòa nguyễn đam mê nợ nần theo đuổi,0,0,0,0,0,0,neutral,other,train,SEACrowd/ViSoBERT
fresh_visobert_09317,"Hình ảnh và video mamg tính chất nhận xu. Hàng mall thì yên tâm rồi, giá thì phải nói là hời",1,0,0,0,1,0,positive,enjoyment,train,SEACrowd/ViSoBERT
fresh_visobert_06030,"Trần Hiền Hòa Tôn Đức Thắng đc ko bạn, mình lấy túi, với sữa các kiểu nữa, lát mình báo đơn",0,0,0,0,0,0,neutral,other,train,SEACrowd/ViSoBERT
fresh_visobert_06945,Còn check share không a ơi,0,0,0,0,1,0,neutral,other,train,SEACrowd/ViSoBERT
fresh_visobert_11872,"Messi Bình Dương đã ghi bàn, GOATTTTTTTTTTTTTTTTTTTTTTTTTT",0,0,0,0,0,0,neutral,other,train,SEACrowd/ViSoBERT
fresh_visobert_08765,"màu đẹp giá ổn sd đc khá lâu, nên mua nha ♥️♥️♥️♥️♥️♥️♥️♥️♥️♥️",0,0,0,0,0,0,positive,enjoyment,train,SEACrowd/ViSoBERT
fresh_visobert_10230,Chia sẽ theo giỏi lm hết rồi còn j nx iD 84646,0,0,0,0,0,0,neutral,other,train,SEACrowd/ViSoBERT
fresh_visobert_04290,buồn giúp hq,0,0,0,0,0,0,negative,sadness,train,SEACrowd/ViSoBERT
fresh_visobert_08552,"Cảm giác Erik hát tròn miệng hơn, âm thoát ra nghe đỡ nghẹt hơn hẳn. Cuối cùng cũng vì cái họng mà thay đổi :)))",1,1,1,0,0,1,neutral,disgust,train,SEACrowd/ViSoBERT
fresh_visobert_02408,hưng phạm trao ta,0,0,0,0,0,0,negative,enjoyment,train,SEACrowd/ViSoBERT
fresh_visobert_10545,Khăng khăng đòi mua iPad của hãng samsung. Sau khi giải thích khô họng thì khách : vậy lấy máy tính bảng Samsung có chữ iPad trên hộp là đc.,0,0,0,0,0,0,positive,enjoyment,train,SEACrowd/ViSoBERT
fresh_visobert_00916,sống cacban )))) chậm,0,0,0,0,1,0,negative,sadness,train,SEACrowd/ViSoBERT
fresh_visobert_09563,Van Pham m có ảnh thầy Huấn không??? Đăng đi 😍😍😍,1,0,0,0,0,0,positive,enjoyment,train,SEACrowd/ViSoBERT
fresh_visobert_10285,Chơi game này tốn kém Độ ra hàng hiếm thấp,0,0,0,0,1,0,negative,sadness,train,SEACrowd/ViSoBERT
fresh_visobert_10791,":))) hihi aB cũng đi à chị, để e rủ bạn Nguyễn Khương Duy cùng điii",1,1,0,0,0,1,neutral,enjoyment,train,SEACrowd/ViSoBERT
fresh_visobert_09933,"bé mèo dễ thương, cute quá đi 😍😘💖💖💖💖",0,0,0,0,1,0,positive,enjoyment,train,SEACrowd/ViSoBERT
fresh_visobert_04954,tưởng khôn,0,0,1,0,0,0,neutral,surprise,train,SEACrowd/ViSoBERT
fresh_visobert_04651,duy khánh chán đời vl =)),1,1,0,1,0,1,negative,disgust,train,SEACrowd/ViSoBERT
fresh_visobert_10468,Uhn hehe còn chứ ra khỏi chăn đây nè,0,0,0,0,0,0,neutral,enjoyment,train,SEACrowd/ViSoBERT
fresh_visobert_09815,Ko liên quan nhưng ảnh đẹp ghê 😍,1,1,1,0,0,0,positive,disgust,train,SEACrowd/ViSoBERT
fresh_visobert_06954,mưa gió tối đến chỉ muốn xem stream,0,0,0,0,1,0,neutral,other,train,SEACrowd/ViSoBERT
fresh_visobert_06148,bộ dụng cụ có đầy đủ,0,0,0,0,0,0,neutral,other,train,SEACrowd/ViSoBERT
fresh_visobert_03137,việt nam lèo lái trận dịch nầy mong việt bốn phương tám hướng đừng chia rẽ đấu đá xây dựng giàu mạnh,0,0,0,0,0,0,neutral,other,train,SEACrowd/ViSoBERT
fresh_visobert_09248,Nhung Cam Nhung Luu đọc và cảm nhận đi ey,0,0,0,0,0,0,neutral,other,train,SEACrowd/ViSoBERT
fresh_visobert_00299,hiếu bùi cặc sủa dơ,0,0,0,0,0,0,negative,disgust,train,SEACrowd/ViSoBERT
fresh_visobert_09888,Nam Do Van anh đi hành phố co mình hà,0,0,0,0,0,0,neutral,other,train,SEACrowd/ViSoBERT
fresh_visobert_01634,dịp tui bây lũ phản động hại dân hại trò củ đêm diễn hoài cặc trò hả dân sống yên hại,1,0,0,0,0,1,neutral,disgust,train,SEACrowd/ViSoBERT
fresh_visobert_09307,",6kg vua k c",0,0,0,0,0,0,positive,other,train,SEACrowd/ViSoBERT
fresh_visobert_00469,đàn ông cháu tưởng đàn ông,0,0,0,0,0,0,neutral,other,train,SEACrowd/ViSoBERT
fresh_visobert_08449,Dù ghi là thích hơp xps 13 mà ko dùng được,1,0,1,0,0,0,positive,enjoyment,train,SEACrowd/ViSoBERT
fresh_visobert_05306,từ bỏ tiền má cày view cc,0,0,0,0,1,0,neutral,other,train,SEACrowd/ViSoBERT
fresh_visobert_04722,trung cặc bú đá,0,0,0,0,0,0,negative,disgust,train,SEACrowd/ViSoBERT
fresh_visobert_09884,Bôk trắng bn ạ,0,0,0,0,0,0,neutral,other,train,SEACrowd/ViSoBERT
fresh_visobert_03847,tùng xhaka arsenal a tùng,0,0,0,0,0,0,positive,enjoyment,train,SEACrowd/ViSoBERT
fresh_visobert_09602,And we serve God Of Machine,0,0,0,0,1,0,neutral,other,train,SEACrowd/ViSoBERT
fresh_visobert_03519,huy phạm đề nghị xuất trình giấy tờ hợp tác làm việc,0,0,0,0,0,0,neutral,other,train,SEACrowd/ViSoBERT
fresh_visobert_08124,Chất lươngn sản phẩm tốt. Rất ưng ý. Lần sau sẽ ủng hộ tiếp:)))),1,0,0,0,0,0,positive,enjoyment,train,SEACrowd/ViSoBERT
fresh_visobert_02028,hôm sam 😣 😣,0,0,0,0,0,0,neutral,other,train,SEACrowd/ViSoBERT
fresh_visobert_11368,Vu Quynh Huong thế mà nó đéo chết đi. Giảm quá tải cho thế giới,1,1,1,1,0,1,negative,anger,train,SEACrowd/ViSoBERT
fresh_visobert_02095,chủ thẩm mỹ đẹp trai àk,0,0,0,0,0,0,positive,enjoyment,train,SEACrowd/ViSoBERT
fresh_visobert_01631,nc vs nc mất dạy,0,0,0,0,0,0,negative,sadness,train,SEACrowd/ViSoBERT
fresh_visobert_06022,Nước ngoài là nước nào? Có ai dán cái link của bạn ấy vào ko giúp mình với :))),1,1,0,0,1,1,neutral,disgust,train,SEACrowd/ViSoBERT
fresh_visobert_05991,89 Thànk Long Trân Phạm Trần Tú,0,0,0,0,0,0,neutral,other,train,SEACrowd/ViSoBERT
fresh_visobert_06035,toàn mấy con bán hàng online đăng để cau view thôi phạt nặng vào,0,0,0,0,1,0,neutral,other,train,SEACrowd/ViSoBERT
fresh_visobert_00964,sản phẩm cặc giáo dục thối nát,0,0,0,0,0,0,neutral,other,train,SEACrowd/ViSoBERT
fresh_visobert_07343,Trời xanh xanh xanh xanh,0,0,0,0,0,0,negative,other,train,SEACrowd/ViSoBERT
fresh_visobert_11194,Nguyễn Tính dạ bạn ob ạ,0,0,0,0,0,0,neutral,other,train,SEACrowd/ViSoBERT
fresh_visobert_07411,Lee Bee are you ready??,1,0,0,0,1,0,neutral,surprise,train,SEACrowd/ViSoBERT
fresh_visobert_09716,Các vợ em đi lạc. Mọi người tránh ra để em dắt về 👻👻,0,0,0,0,0,0,positive,sadness,train,SEACrowd/ViSoBERT
fresh_visobert_00788,sẵn lun hôm bữa nhặt cộng lông nhà nghỉ ac đánh rơi e e,0,0,0,0,0,0,neutral,other,train,SEACrowd/ViSoBERT
fresh_visobert_08362,tuy đặt full đen nhưng nhận có hàm răng nhưng mà nhìn cũng chất 🤣🤣🤣,1,1,1,0,1,1,positive,enjoyment,train,SEACrowd/ViSoBERT
fresh_visobert_11022,Gọi mấy thằng CA là phải dí thẳng tiền cho chúng nó.ko là đến già chúng nó cũng chả quan tâm,0,0,0,0,0,1,neutral,disgust,train,SEACrowd/ViSoBERT
fresh_visobert_01940,đời đỡ nhạt nhẽo ok ấn tượng sâu lắm,0,0,0,0,1,0,positive,enjoyment,train,SEACrowd/ViSoBERT
fresh_visobert_01226,tao vợ khuyên,0,0,0,0,0,0,positive,enjoyment,train,SEACrowd/ViSoBERT
fresh_visobert_11333,Cho em hỏi lập đến níc để dăng nhập vào youtobe xem thời gian lại k dc nữa,0,0,0,0,0,0,neutral,other,train,SEACrowd/ViSoBERT
fresh_visobert_08625,"Shop giao hàng nhanh thật,nhưng nếu cho ngta chọn mẫu thì phải giao cho đúng chứ,nếu hết hàng thì có thể nhắn cho 1 tin để ngta chọn cái khác chứ,giao sao lại còn bị bung cái hình dán nữa",1,1,1,0,1,1,positive,disgust,train,SEACrowd/ViSoBERT
fresh_visobert_08382,thầy dạy hay rất dễ hiểu .,0,0,0,0,0,0,positive,enjoyment,train,SEACrowd/ViSoBERT
fresh_visobert_11437,- Không còn quảng cáo làm gián đoạn.,0,0,0,0,0,0,neutral,other,train,SEACrowd/ViSoBERT
fresh_visobert_08842,Khô gà lá chanh/9778999,1,0,0,0,0,1,neutral,disgust,train,SEACrowd/ViSoBERT
fresh_visobert_00359,tuyệt vời độ,0,0,0,0,0,0,positive,enjoyment,train,SEACrowd/ViSoBERT
fresh_visobert_00650,lỗ má lồồn,0,0,0,0,0,0,negative,sadness,train,SEACrowd/ViSoBERT
fresh_visobert_09270,Bị UFO mượn dùng rồi 🤨,0,0,0,0,0,0,neutral,other,train,SEACrowd/ViSoBERT
fresh_visobert_11369,Nghe rất honda nhưng lại yamaha,1,0,1,0,0,0,neutral,surprise,train,SEACrowd/ViSoBERT
fresh_visobert_08381,Đm ad t mét ông huy NL,1,0,0,0,0,1,negative,anger,train,SEACrowd/ViSoBERT
fresh_visobert_00021,Tặng anh trái tin r lấy tim đâu em sống?,0,0,0,0,0,0,neutral,other,train,SEACrowd/ViSoBERT
fresh_visobert_03133,mặt co tí má gọi là phúc hậu ác khẩu,0,0,0,0,0,0,neutral,other,train,SEACrowd/ViSoBERT
fresh_visobert_11108,"phương chân của cụ là : \""CHẾT CẢ ĐỐNG CÒN HƠN SỐNG MỘT MÌNH \""",0,0,0,0,0,0,neutral,other,train,SEACrowd/ViSoBERT
fresh_visobert_06023,Tay cầm giấy. Xung quanh toàn bụi lùm. 🤣,0,0,0,0,0,0,neutral,enjoyment,train,SEACrowd/ViSoBERT
fresh_visobert_06984,Phải nói công an việt nam đẳng cấp thật sự.,0,0,0,0,1,0,positive,enjoyment,train,SEACrowd/ViSoBERT
fresh_visobert_04152,cá lặn mấy,0,0,0,0,0,0,neutral,other,train,SEACrowd/ViSoBERT
fresh_visobert_04770,mệt mỏi lắm thoát,0,0,0,0,0,0,negative,sadness,train,SEACrowd/ViSoBERT
fresh_visobert_06163,Like từ lầu rồi ba ơi,0,0,0,0,1,0,neutral,other,train,SEACrowd/ViSoBERT
fresh_visobert_05681,mai tiệm ngta đánh ))))),0,0,0,0,0,0,neutral,other,train,SEACrowd/ViSoBERT
fresh_visobert_05328,trần sang cặc óc vật,0,0,0,0,0,0,neutral,disgust,train,SEACrowd/ViSoBERT
fresh_visobert_11494,Còn the weeknd miền tây thì sao ạ kkk,0,0,0,0,1,0,neutral,enjoyment,train,SEACrowd/ViSoBERT
fresh_visobert_04227,trần sang bếp trưởng đấy,0,0,0,0,0,0,neutral,other,train,SEACrowd/ViSoBERT
fresh_visobert_03529,like ủng hộ chẳng,0,0,0,0,1,0,positive,enjoyment,train,SEACrowd/ViSoBERT
fresh_visobert_00481,ok zai ))),0,0,0,0,1,0,positive,enjoyment,train,SEACrowd/ViSoBERT
fresh_visobert_10529,em phải làm 7 ngụm haha,0,0,0,0,0,0,neutral,enjoyment,train,SEACrowd/ViSoBERT
fresh_visobert_06129,"Camera cố định nên chỉ xem đc 1 góc tổng quát, Săn sales nên mua dc giá 350k + thẻ nhớ 135k",0,0,0,0,1,0,neutral,other,train,SEACrowd/ViSoBERT
fresh_visobert_00937,lê bảo trâm mặt vcl ce sinh đôi liền,1,0,0,0,0,1,negative,anger,train,SEACrowd/ViSoBERT
fresh_visobert_10758,Em cũng yêu anh :,0,0,0,0,0,0,positive,enjoyment,train,SEACrowd/ViSoBERT
fresh_visobert_01837,đam mê trở nên mệt mỏi tiền bạc gánh,0,0,0,0,0,0,positive,enjoyment,train,SEACrowd/ViSoBERT
fresh_visobert_11420,Buồn lại lôi tóc ra cắt vài phát😢,0,0,0,0,0,0,negative,sadness,train,SEACrowd/ViSoBERT
fresh_visobert_10718,Lân Tú giốnng bạn đợt đá giải v bn thân chân gỗ 🤣🤣,1,1,0,0,0,1,neutral,enjoyment,train,SEACrowd/ViSoBERT
fresh_visobert_01962,tộc ca phúc du làng đấy ddd,0,0,0,0,0,0,neutral,other,train,SEACrowd/ViSoBERT
fresh_visobert_00449,lê văn tám hư cấu bacd,0,0,0,0,0,0,neutral,other,train,SEACrowd/ViSoBERT
fresh_visobert_07334,"Tôi vẫn thích dùng all night hơn, nghe cũng êm ái hơn. For example: We can do it all night",0,0,0,0,1,0,positive,enjoyment,train,SEACrowd/ViSoBERT
fresh_visobert_08143,pm trc ngày cho biết với nha,0,0,0,0,0,0,neutral,other,train,SEACrowd/ViSoBERT
fresh_visobert_01814,đeo huy hiệu ưu tiên chỗ bốc thăm,0,0,0,0,0,0,neutral,other,train,SEACrowd/ViSoBERT
fresh_visobert_08623,M4 lv là mấy uc đó chị,0,0,0,0,0,0,neutral,other,train,SEACrowd/ViSoBERT
fresh_visobert_00126,Trong qđ gil lun á cj,0,0,0,0,0,0,neutral,other,train,SEACrowd/ViSoBERT
fresh_visobert_05478,cảm mơn thầy giáo án tuyệt dời,0,0,0,0,0,0,positive,enjoyment,train,SEACrowd/ViSoBERT
fresh_visobert_09405,tuot long chan 69,0,0,0,0,0,0,negative,fear,train,SEACrowd/ViSoBERT
fresh_visobert_06947,Vậy mới gọi là cuộc sống 😌,0,0,0,0,0,0,neutral,other,train,SEACrowd/ViSoBERT
fresh_visobert_04002,win custom vui lòng screenshot lịch sử trận đấu inb fanpage thầy phát thẻ cào,0,0,0,0,1,0,positive,enjoyment,train,SEACrowd/ViSoBERT
fresh_visobert_07042,Nguyệt Quế facebook ảo coment chi cho xấu hổ vậy bạn.,0,0,0,0,1,1,negative,disgust,train,SEACrowd/ViSoBERT
fresh_visobert_07263,"Lần đầu mua hàng điện tử online cũng có chút lăn tăn. Nhưng nhận đc hàng nguyên seal, giá tốt nên mừng lắm. Mới dùng nên chưa phát hiện vấn đề gì. Hy vọng dịch vụ hậu mãi của tiki tốt để lần sau có nhu cầu gì lại vào tiki mua tiếp",0,0,1,0,1,0,positive,surprise,train,SEACrowd/ViSoBERT
fresh_visobert_00692,hải ngoại suốt,0,0,0,0,0,0,negative,sadness,train,SEACrowd/ViSoBERT
fresh_visobert_11637,Trương Thị Bé cứ kỷ luật đuổi một tuần ht hư càng mừng. Giờ ht hư thừa biết không bị án hình sự nên có sợ mô.,0,0,0,0,0,0,negative,fear,train,SEACrowd/ViSoBERT
fresh_visobert_03717,hóng dlv cặc liếm,0,0,0,0,0,0,negative,other,train,SEACrowd/ViSoBERT
fresh_visobert_08012,Chi lay quàn zin màu tôi . S6 .95857,0,0,0,0,0,0,neutral,other,train,SEACrowd/ViSoBERT
fresh_visobert_07665,Hải Bình chị mua srm giống em rồi 😌,0,0,0,0,0,0,neutral,other,train,SEACrowd/ViSoBERT
fresh_visobert_10049,Tôi đã khóc khi đọc bài này các ông ạ. Lần đầu tiên có bài viết mà không hỏi chúng tôi nên làm thế nào? Nên xử lý ra sao? Đến một câu vote lọ vote chai cũng không cần nói ra. Ấy là khi chúng tôi ngậm ngùi kháo nhau: chúng tôi ngồi đây và đợi thêm năm nữa 🤣,1,1,1,0,0,1,neutral,enjoyment,train,SEACrowd/ViSoBERT
fresh_visobert_06231,Lủ ngu ko nhận ra. Thế nếu như thằg chó ad bảo COCC gì đấy thì báo chí sao dám phản ánh? Mày có chắc 100% rằng ông đó dạo và dân đúng ko?,1,0,0,1,0,1,negative,disgust,train,SEACrowd/ViSoBERT
fresh_visobert_07468,"Lần đầu xem video dài gần tiếng k tua k tăng tốc độ, bánh cuốn thực sự😂",1,0,0,1,1,0,positive,enjoyment,train,SEACrowd/ViSoBERT
fresh_visobert_04147,fan cứng sống mấy vô ý thức hihi,1,1,0,0,1,1,neutral,enjoyment,train,SEACrowd/ViSoBERT
fresh_visobert_02210,ước giàu có tỷ cặc lệ thuận ý thức nhung,0,0,0,0,0,0,neutral,other,train,SEACrowd/ViSoBERT
fresh_visobert_06171,Nguyễn Dung Hạnh khôngg t thì cũng là m thôi 🙂,1,1,0,0,0,0,neutral,surprise,train,SEACrowd/ViSoBERT
fresh_visobert_02969,thánh hack tiền tiền mua đồ lạy sặc phát hiện lock acc,0,0,0,0,1,0,neutral,other,train,SEACrowd/ViSoBERT
fresh_visobert_08190,Nhớ đem cái chiếu dô Dương Quỳnh Như,0,0,0,0,0,0,neutral,other,train,SEACrowd/ViSoBERT
fresh_visobert_02823,sinh mang tiếng nghèo chờ nk sale mua sp dám,0,0,0,0,1,0,neutral,other,train,SEACrowd/ViSoBERT
fresh_visobert_01608,quốc vinh dịch học,0,0,0,0,0,0,neutral,other,train,SEACrowd/ViSoBERT
fresh_visobert_04707,mua vo ao tung chao,0,0,0,0,0,0,neutral,other,train,SEACrowd/ViSoBERT
fresh_visobert_10086,Nó ghen đấy nguuu,0,0,0,0,0,0,neutral,other,train,SEACrowd/ViSoBERT
fresh_visobert_11638,"Dùng máy 3 ngày thấy máy mượt,màn hình to sắc nét, mở khóa khuôn mặt nhanh, pin ổn tốc độ sạc tương đối nhanh. Tuy nhiên vân tay chưa nhạy lắm. Nhân viên TGDĐ rất nhiệt tình và chu đáo. Thanks you!",0,0,0,0,1,0,positive,enjoyment,train,SEACrowd/ViSoBERT
fresh_visobert_01628,cảnh tỉnh tg,0,0,0,0,0,0,positive,enjoyment,train,SEACrowd/ViSoBERT
fresh_visobert_07278,"Cả đều là loại chẳng ra gì, hợp vồn, nên chém hết cả cho đi nguyên cặp :v Giải thoát các nạn nhân kia :v",0,0,0,0,0,0,neutral,other,train,SEACrowd/ViSoBERT
fresh_visobert_03786,chúng mày đốt cặc kệ con mẹ chúng mày,0,0,0,0,0,0,neutral,other,train,SEACrowd/ViSoBERT
fresh_visobert_08515,Vui wa chu oi,0,0,0,0,0,0,positive,enjoyment,train,SEACrowd/ViSoBERT
fresh_visobert_05412,from hau giang with love,0,0,0,0,1,0,positive,enjoyment,train,SEACrowd/ViSoBERT
fresh_visobert_09004,phao bị sì chỗ nào cx hong bt luôn,0,0,0,0,0,0,neutral,other,train,SEACrowd/ViSoBERT
fresh_visobert_10078,Hi Khoi My why so late sleep 😴,0,0,0,0,1,0,neutral,other,train,SEACrowd/ViSoBERT
fresh_visobert_06589,Nguyễn Võ Hoài Thu,0,0,0,0,0,0,neutral,other,train,SEACrowd/ViSoBERT
fresh_visobert_07287,"mấy thằng con nào sủa câu "" công việc thì chịu đi than cái lol "" thì dume tụi bây sau này ráng làm giàu làm chủ nha con chứ nghèo thì con cái tụi bây phải đi làm thuê làm mướn gặp hoàn cảnh tương tự rồi tụi nó quay lại chửi vô mặt cha mẹ nó là chúng mày thì nhục lắm nha con .",0,0,0,0,1,0,neutral,other,train,SEACrowd/ViSoBERT
fresh_visobert_11238,khâm thiên phải k ah,0,0,0,0,0,0,positive,enjoyment,train,SEACrowd/ViSoBERT
fresh_visobert_05377,chụp ảnh má đéo phiền,0,0,0,0,0,0,negative,anger,train,SEACrowd/ViSoBERT
fresh_visobert_11097,Cam ơn người tình trong mơ của tui,0,0,0,0,0,0,neutral,other,train,SEACrowd/ViSoBERT
fresh_visobert_08052,Ko đi làm tóc ak cj,0,0,0,0,0,0,neutral,other,train,SEACrowd/ViSoBERT
fresh_visobert_00241,khả năng tối ngủ đường )) tu bi tờ niu,0,0,0,0,0,0,neutral,other,train,SEACrowd/ViSoBERT
fresh_visobert_10478,threecardo,0,0,0,0,0,0,neutral,enjoyment,train,SEACrowd/ViSoBERT
fresh_visobert_04264,hít keo chó hậu quả ngáo đá,0,0,0,0,0,1,neutral,disgust,train,SEACrowd/ViSoBERT
fresh_visobert_06952,Ai đời sỉ mà được freeship 🤫,1,0,1,0,0,0,neutral,surprise,train,SEACrowd/ViSoBERT
fresh_visobert_10187,"Máy đẹp, dễ dàng sử dụng, chụp hình xoá phong thì khỏi chê lun, nói chung rất ưng,",0,0,0,0,0,0,positive,enjoyment,train,SEACrowd/ViSoBERT
fresh_visobert_02278,nguyễn kiên que,0,0,0,0,0,0,neutral,other,train,SEACrowd/ViSoBERT
fresh_visobert_01159,chúc mừng đồng chí vinh danh kiếp sai nô vinh hiển,0,0,0,0,0,0,neutral,other,train,SEACrowd/ViSoBERT
fresh_visobert_08384,Nhơn Đình chơi với Huda nè,0,0,0,0,0,0,neutral,other,train,SEACrowd/ViSoBERT
fresh_visobert_10652,"Hôm nay e thi toán và tiếng anh,đề thi đáng sợ quá cj ạ,nhìn mà muốn rớt nước mắt",1,0,1,1,0,1,negative,fear,train,SEACrowd/ViSoBERT
fresh_visobert_03622,cực kì thuyết phục tiếp,0,0,0,1,0,0,neutral,other,train,SEACrowd/ViSoBERT
fresh_visobert_07972,Xin phép thả tấm hình này khoe với a xìn và chị ri 🥰,0,0,0,0,0,0,positive,enjoyment,train,SEACrowd/ViSoBERT
fresh_visobert_08411,"Dép có nhiều chỗ bị móp méo, hình thì dễ bị bong ra khi nhận hàng dép ko phải mùi cao su mà là mùi hắc của keo bình minh dán ống khá nồng",1,0,1,0,0,0,neutral,surprise,train,SEACrowd/ViSoBERT
fresh_visobert_11978,Lan Ngoc Cô Lan vô dắt bé Tuấn dìa kìa,0,0,0,0,0,0,neutral,other,train,SEACrowd/ViSoBERT
fresh_visobert_11279,Năm quý mão hay năm doraemon 😆,0,0,0,0,0,0,positive,enjoyment,train,SEACrowd/ViSoBERT
fresh_visobert_02190,ad ăn phân cặc ngu,1,0,0,0,0,1,negative,disgust,train,SEACrowd/ViSoBERT
fresh_visobert_10937,Giao đủ hàng đóng gói tạm ổn. Giá ok giấy 4 lớp lận có vẻ dày hơn loại spiao mình đang xài nhưng k mềm mịn bằng,0,1,1,0,1,0,positive,surprise,train,SEACrowd/ViSoBERT
fresh_visobert_08315,"Hạ nhục BD ngay trên sân Gò Đậu , why not ?",0,0,0,0,0,0,neutral,other,train,SEACrowd/ViSoBERT
fresh_visobert_09873,con trai mà thả thương thương comt ở đâu thì tâm vẫn còn đặt ở đó =)),1,1,1,0,0,1,neutral,sadness,train,SEACrowd/ViSoBERT
fresh_visobert_04356,xaolon má ưii 😆 😆 😆,0,0,0,0,0,0,neutral,enjoyment,train,SEACrowd/ViSoBERT
fresh_visobert_03646,quyết định cắt cm tóc sáng suốt cđ,0,0,0,0,0,0,neutral,other,train,SEACrowd/ViSoBERT
fresh_visobert_02270,phùng ánh nguyệt phùng như quỳnh ngọc ánh yến lê triệu minh toàn kòy hạ anh đc bờ,0,0,0,1,0,0,neutral,other,train,SEACrowd/ViSoBERT
fresh_visobert_08937,Shop giao hang linh tinh đặt 1 hộp sizeXXL 4 chiếc 4 cái kích cỡ khác nhau bấm trả hàng rồi nhưng có việc gấp. 0 ở nhà trả hàng đc nên đành lấy vậy shop tư vấn chậm 0 nhiệt tình,1,1,1,0,1,1,neutral,disgust,train,SEACrowd/ViSoBERT
fresh_visobert_09038,Em sẽ đổi thành nắng,0,0,0,0,0,0,positive,enjoyment,train,SEACrowd/ViSoBERT
fresh_visobert_06837,Nếu nói tới chú Nhật Cường là danh hài đầu tiên xem hài nhiều nhất luôn và ước gì có thêm chú Hoài Linh nữa là cười banh rạp thật sự và cháy vé luôn ❤💖❤,0,0,0,0,0,0,positive,enjoyment,train,SEACrowd/ViSoBERT
fresh_visobert_06746,"Bút nguyên seal, mình lấy ra là kết nối đc với Ipad ngay. Đã dùng được vài bữa và hiện vẫn chưa gặp vấn đề gì.",0,0,0,0,0,0,neutral,other,train,SEACrowd/ViSoBERT
fresh_visobert_03796,quên nhắc vàng mã ))),0,0,0,0,0,0,neutral,other,train,SEACrowd/ViSoBERT
fresh_visobert_05579,fan cứng thầy lồn tao fan cứng chúng mày yêu thầy dấu bé,0,0,0,0,1,0,positive,enjoyment,train,SEACrowd/ViSoBERT
fresh_visobert_06667,Lành Bing Boong nè má,0,0,0,0,0,0,negative,other,train,SEACrowd/ViSoBERT
fresh_visobert_03150,tiền góp từ thiện nha,0,0,0,0,1,0,positive,other,train,SEACrowd/ViSoBERT
fresh_visobert_05312,fufu nguyen hihi hk coi la hk đk,0,0,0,0,0,0,neutral,enjoyment,train,SEACrowd/ViSoBERT
fresh_visobert_03787,trang chủ tịch hình ảnh độ )),0,0,0,0,0,0,neutral,other,train,SEACrowd/ViSoBERT
fresh_visobert_03810,thay giang hồ cỏ,0,0,0,0,0,0,positive,enjoyment,train,SEACrowd/ViSoBERT
fresh_visobert_05436,đầu màu xanh chơi đc,0,0,0,0,0,0,neutral,other,train,SEACrowd/ViSoBERT
fresh_visobert_00988,nguyễn du truyện kiều,0,0,0,0,0,0,neutral,other,train,SEACrowd/ViSoBERT
fresh_visobert_03084,từ bi chửi má đụ má đụ mẹ,0,0,0,0,0,0,neutral,other,train,SEACrowd/ViSoBERT
fresh_visobert_01656,mỹ bệnh viện tâm thần,0,0,0,1,0,0,neutral,other,train,SEACrowd/ViSoBERT
fresh_visobert_07376,thật sự éo muốn tin,0,0,0,0,0,0,positive,sadness,train,SEACrowd/ViSoBERT
fresh_visobert_11328,Giao hàng nhanh hàng chất lượng tốt sẽ ủng hộ tiếp lần sau nha m,1,0,0,0,0,0,positive,enjoyment,train,SEACrowd/ViSoBERT
fresh_visobert_06394,Khi là bạn tri kỷ tôi không cần đối phương phải quá lễ phép hay nói năng lễ độ 🤔 sống với chính mình và có thể nói thẳng thắn với nhau có thể,0,0,0,0,0,1,positive,enjoyment,train,SEACrowd/ViSoBERT
fresh_visobert_08557,Nói chung được cái tấu hài với gáy khét thôi,1,0,0,1,0,1,neutral,disgust,train,SEACrowd/ViSoBERT
fresh_visobert_09259,Chị ơi kết bạn free fire với em đi 9597,0,0,0,0,1,0,neutral,other,train,SEACrowd/ViSoBERT
fresh_visobert_04796,hèn cố gắng đất ruộng trâu con em nhà nước,0,0,0,0,0,0,neutral,other,train,SEACrowd/ViSoBERT
fresh_visobert_03264,ông già xaolon cặc phết tùng sói said )),0,0,0,0,0,0,neutral,other,train,SEACrowd/ViSoBERT
fresh_visobert_01481,chúc hơi muộn abe )),0,0,0,0,0,0,neutral,other,train,SEACrowd/ViSoBERT
fresh_visobert_10982,ôi gu mình !! mà phim lâu quá rùi giờ mà đóng lại bản khác thì không biết sao haaa,1,1,1,0,0,1,neutral,surprise,train,SEACrowd/ViSoBERT
fresh_visobert_09930,Như Ngọc Trần 💖❤,0,0,0,0,0,0,positive,enjoyment,train,SEACrowd/ViSoBERT
fresh_visobert_04242,chửi đài nhá vác bản mặt bảo đảm mặt vs mũi size liền,0,0,0,0,1,0,neutral,other,train,SEACrowd/ViSoBERT
fresh_visobert_05098,thầy thể hiện,0,0,0,0,1,0,positive,other,train,SEACrowd/ViSoBERT
fresh_visobert_07340,"ai có đủ quyền hạn để bán, ko nói ai cũng hiểu",0,0,0,0,0,0,neutral,other,train,SEACrowd/ViSoBERT
fresh_visobert_07953,Ui. Học tầng 5 đây :(),0,0,0,0,0,0,neutral,other,train,SEACrowd/ViSoBERT
fresh_visobert_06170,"OK ban nha, ban lây ao size gi cho minh đia chi minh ship hang",0,0,0,0,1,0,positive,enjoyment,train,SEACrowd/ViSoBERT
fresh_visobert_10233,Cả nguồn sống bỗng chốc thu bé lại vừa bằng cô gái,0,0,0,0,0,0,neutral,other,train,SEACrowd/ViSoBERT
fresh_visobert_09322,vải không đẹp lắm nhưng củng được,0,1,1,0,0,0,neutral,surprise,train,SEACrowd/ViSoBERT
fresh_visobert_10660,Sợ mấy bố ý sang Việt Nam thì không có vodka cho mà uống,1,0,1,0,0,0,negative,fear,train,SEACrowd/ViSoBERT
fresh_visobert_07338,còn gì đau đớn hơn cảnh này :(((,0,0,0,0,0,0,negative,sadness,train,SEACrowd/ViSoBERT
fresh_visobert_03544,bao binh giúp cố gắng đc trái đất ng nghèo giàu cân giàu nghèo,0,0,0,0,0,0,neutral,other,train,SEACrowd/ViSoBERT
fresh_visobert_08022,Nguyễn Trần Kim Bình ò ó o ọ :)),1,0,0,0,0,0,neutral,other,train,SEACrowd/ViSoBERT
fresh_visobert_11995,Lâu có anh là ai☹,0,0,0,0,0,0,positive,enjoyment,train,SEACrowd/ViSoBERT
fresh_visobert_00793,ngộ má ghê ta,0,0,0,0,0,0,negative,disgust,train,SEACrowd/ViSoBERT
fresh_visobert_07240,Nói thật vợ của bạn lấy bạn quá là khổ. Thời nào rồi mà còn vợ con lo chưa xong còn đi ko cho em gái.,1,1,1,0,0,1,negative,fear,train,SEACrowd/ViSoBERT
fresh_visobert_02239,chi vàng ngọc từ bi,0,0,0,0,0,0,neutral,other,train,SEACrowd/ViSoBERT
fresh_visobert_02440,đánh kẻ chạy đánh kẻ chạy thôi thì việt nam showbiz,0,0,0,0,0,0,neutral,other,train,SEACrowd/ViSoBERT
fresh_visobert_08218,Cá hồi ạ ✌,0,0,0,0,0,0,neutral,other,train,SEACrowd/ViSoBERT
fresh_visobert_04819,rạch va li may,0,0,0,0,0,0,neutral,other,train,SEACrowd/ViSoBERT
fresh_visobert_03372,treo cổ má đừng nguyền rủa,0,0,0,0,0,0,neutral,other,train,SEACrowd/ViSoBERT
fresh_visobert_09920,Ê nma Ig bị lsao í:))),1,0,0,0,0,0,neutral,other,train,SEACrowd/ViSoBERT
fresh_visobert_00699,teen gif ad,0,0,0,0,1,0,neutral,other,train,SEACrowd/ViSoBERT
fresh_visobert_00732,vl khác mặt,1,1,0,1,0,1,negative,surprise,train,SEACrowd/ViSoBERT
fresh_visobert_01540,thèm lone ngọc trinh cặc ông văn,0,0,0,0,0,0,neutral,other,train,SEACrowd/ViSoBERT
fresh_visobert_07460,Gửi anti fan: Kiếm ra được ai có đủ 6 quả bóng vàng rồi nói chuyện.,0,0,0,0,1,0,neutral,other,train,SEACrowd/ViSoBERT
fresh_visobert_04378,nguyễn thành nhân lắm,0,0,0,0,0,0,negative,disgust,train,SEACrowd/ViSoBERT
fresh_visobert_04587,tu tuan hâhhaa bỏ qua tú,0,0,0,0,0,0,neutral,other,train,SEACrowd/ViSoBERT
fresh_visobert_03625,helo hôm nay cháu review ông già cháu )),0,0,0,0,1,0,neutral,other,train,SEACrowd/ViSoBERT
fresh_visobert_08341,Hồi ấy cũng trông cũng xinh? 😂😂😂,1,0,0,0,0,0,positive,enjoyment,train,SEACrowd/ViSoBERT
fresh_visobert_04885,iq cao bằng đấy,0,0,0,0,0,0,positive,enjoyment,train,SEACrowd/ViSoBERT
fresh_visobert_07375,c tien o co so may de hom nao e len,0,0,0,0,0,0,neutral,other,train,SEACrowd/ViSoBERT
fresh_visobert_11914,"Đi khám thì người lặng lẽ mà tới bệnh viện có chuyên môn, có ai bắt khoe hay kể đâu mà người ta biết 😅",1,0,1,0,0,0,positive,enjoyment,train,SEACrowd/ViSoBERT
fresh_visobert_07447,kinh vãi 😡,0,0,0,1,0,0,negative,disgust,train,SEACrowd/ViSoBERT
fresh_visobert_02594,đoàn văn ngọc sơn abe dám cà khịa sơn đậm sâu,0,0,0,0,0,0,neutral,other,train,SEACrowd/ViSoBERT
fresh_visobert_02100,cầm mua )),0,0,0,0,0,0,neutral,enjoyment,train,SEACrowd/ViSoBERT
fresh_visobert_10633,"dép màu trắng dính keo và xước , chùi mãi không ra , thật tệ , lần trước mua màu đen rất ổn , nên mới đặt thêm đôi màu trắng , cửa hàng nên kiểm tra hàng kỹ trước khi giao cho khách ,",0,0,0,0,0,0,negative,sadness,train,SEACrowd/ViSoBERT
fresh_visobert_05945,Quỳnh Như âu kê. Bỏ heo từ h đi con :))) triển sớm đi nào,1,1,0,1,0,1,neutral,disgust,train,SEACrowd/ViSoBERT
fresh_visobert_03418,tỉnh xinh gái ))),0,0,0,0,0,0,positive,other,train,SEACrowd/ViSoBERT
fresh_visobert_07463,Cái bi chốt chưa e,0,0,0,0,0,0,neutral,other,train,SEACrowd/ViSoBERT
fresh_visobert_00498,biết ơn lịch sử suốt thời đánh cặc nam hán sông bạch đằng đừng dám gọi chúc an toàn,0,0,0,0,0,0,neutral,other,train,SEACrowd/ViSoBERT
fresh_visobert_05856,Hà Dolly tai.boc. club ạ,0,0,0,0,0,0,neutral,other,train,SEACrowd/ViSoBERT
fresh_visobert_05905,Nhật chỉ sút pen mông là k trượt phát nào thôi,0,0,0,0,0,0,neutral,other,train,SEACrowd/ViSoBERT
fresh_visobert_04667,đậu xanh rau má dlv đỡ dùm chủ đề má giải thích định hướng xhcn lỗ,0,0,0,0,0,0,positive,enjoyment,train,SEACrowd/ViSoBERT
fresh_visobert_08719,Chợt hiểu ra và so sánh rằng.,0,0,0,0,0,0,neutral,other,train,SEACrowd/ViSoBERT
fresh_visobert_01847,mày người ta cầm phong bì ad ảnh clip cầm phong bì post tao phát,0,0,0,0,1,0,neutral,other,train,SEACrowd/ViSoBERT
fresh_visobert_05058,chi giau co nhat,0,0,0,0,0,0,neutral,other,train,SEACrowd/ViSoBERT
fresh_visobert_09860,[Thong bao khan],0,0,0,0,0,0,positive,enjoyment,train,SEACrowd/ViSoBERT
fresh_visobert_03416,kim hàng kèo thơm kkk,0,0,0,0,0,0,neutral,enjoyment,train,SEACrowd/ViSoBERT
fresh_visobert_03392,chốt đơn đừng,0,0,0,0,0,0,negative,sadness,train,SEACrowd/ViSoBERT
fresh_visobert_00710,chửi nguyễn sin ác cặc lắm hình như mũi hiếu hơi lệch,0,0,0,0,0,0,neutral,other,train,SEACrowd/ViSoBERT
fresh_visobert_00537,tâm trần ch dừng,0,0,0,0,0,0,positive,enjoyment,train,SEACrowd/ViSoBERT
fresh_visobert_06763,"5k, 7684744, bán cho e di chế, cmt quá trời luôn",0,0,0,0,0,0,neutral,other,train,SEACrowd/ViSoBERT
fresh_visobert_02389,maruko linh gấu tró,0,0,0,0,1,0,positive,other,train,SEACrowd/ViSoBERT
fresh_visobert_02901,cười thế này iz )),1,0,0,1,0,0,positive,enjoyment,train,SEACrowd/ViSoBERT
fresh_visobert_07205,Chưa đc ngủ vì còn phải học bài,0,0,0,0,0,0,neutral,other,train,SEACrowd/ViSoBERT
fresh_visobert_00073,hay quá chị uii,0,0,0,0,0,0,positive,enjoyment,train,SEACrowd/ViSoBERT
fresh_visobert_04662,bóng già cặc ckx nge xỉu,1,0,0,1,0,0,neutral,other,train,SEACrowd/ViSoBERT
fresh_visobert_04868,nguyễn cường dân trí coi thường bệnh đấy =)) xong bay màu nửa dân số há mồm,1,0,0,1,0,0,neutral,other,train,SEACrowd/ViSoBERT
fresh_visobert_00404,hoàng kiên chuẩn 🤣 🤣,0,0,0,0,0,0,positive,enjoyment,train,SEACrowd/ViSoBERT
fresh_visobert_08845,"Nghệ Tây, Nhị Bác. Cơ mà t cẫn còn lưu cái vid của anh Lộc Ha từ lần topic lâu lắc về trước ngắm đi các vị",1,1,1,0,0,1,neutral,disgust,train,SEACrowd/ViSoBERT
fresh_visobert_07699,Mong nhận quà từ chi Na ạ 😍,0,0,0,0,0,0,positive,enjoyment,train,SEACrowd/ViSoBERT
fresh_visobert_00045,Nước tưới có đạm mà :))),1,1,1,0,0,1,neutral,disgust,train,SEACrowd/ViSoBERT
fresh_visobert_02949,bã nói chuyện dễ thương quá trời đất,0,0,0,0,0,0,positive,enjoyment,train,SEACrowd/ViSoBERT
fresh_visobert_01209,ngèo bánh mì,0,0,0,0,0,0,neutral,other,train,SEACrowd/ViSoBERT
fresh_visobert_03554,dm đợt dịch sống cặc ích kỷ gia nhập juventuts,1,0,0,0,0,1,neutral,anger,train,SEACrowd/ViSoBERT
fresh_visobert_10769,"Các người quên hết những em bé đc đèo trong sọt gác trên xe đạp, đc ngồi trong thúng mà gánh rồi sao, à trên gùi mẹ gánh trên lưng lên nương nữa",1,0,1,0,0,0,neutral,surprise,train,SEACrowd/ViSoBERT
fresh_visobert_01108,bé chạm cầu trời chạm,0,0,0,0,0,0,positive,enjoyment,train,SEACrowd/ViSoBERT
fresh_visobert_10736,Adria Montero vaia crack,0,0,0,0,1,0,neutral,enjoyment,train,SEACrowd/ViSoBERT
fresh_visobert_08419,Uống nhầm ánh mắt cơn say theo cả đời :v,0,0,0,0,0,0,neutral,other,train,SEACrowd/ViSoBERT
fresh_visobert_01269,dương cao thắng hahaa,0,0,0,0,0,0,neutral,other,train,SEACrowd/ViSoBERT
fresh_visobert_08130,Nxnxxnxnnxnx djx xbx xjx xjx dlwisbsjheugwhsisnsbsnnnbxbxb,0,0,0,0,0,0,neutral,other,train,SEACrowd/ViSoBERT
fresh_visobert_10589,"chào e , GIVE aWay hôm nay mới Công bố nha e , Topic nhiều Comment quá hôm qua máy tính load k nổi :D yên tâm nha e những comment sau 6g ngày mai k dc tính nên e đừng lo nhé :D",0,0,0,0,1,0,negative,fear,train,SEACrowd/ViSoBERT
fresh_visobert_01350,ngô kỷ vn lánh nạn covid9,0,0,0,0,0,0,neutral,other,train,SEACrowd/ViSoBERT
fresh_visobert_02236,tùng ngoan lắm nha,0,0,0,0,0,0,positive,enjoyment,train,SEACrowd/ViSoBERT
fresh_visobert_10504,Lê Thái Bảo Long Sen tự há miệng zay cũng đỡ,0,0,0,0,0,0,neutral,other,train,SEACrowd/ViSoBERT
fresh_visobert_07696,cập nhật song chưa vào được game chờ ngày 28 đánh giá tổng quát 5star,0,0,0,0,1,0,neutral,other,train,SEACrowd/ViSoBERT
fresh_visobert_04923,lưu ý nhân vật biểu tượng cảm xúc pacman,0,0,0,0,0,0,neutral,other,train,SEACrowd/ViSoBERT
fresh_visobert_11760,"Giống kiểu làm bài soạn sách vở cho đã, tới lúc đi học lại vứt cặp ở nhà",0,0,0,0,0,0,neutral,other,train,SEACrowd/ViSoBERT
fresh_visobert_09805,Cho m hoi ao mở khuy thai co zai tầm 7ky k a,0,0,0,0,0,0,neutral,other,train,SEACrowd/ViSoBERT
fresh_visobert_01781,kim tiêm bảo tiến sỹ,0,0,0,0,0,0,negative,sadness,train,SEACrowd/ViSoBERT
fresh_visobert_10503,Phương Linh Nguyễn có m đập tay vào mặt t í 🙂,1,1,0,0,0,0,neutral,surprise,train,SEACrowd/ViSoBERT
fresh_visobert_00607,đc vái ưiii,0,0,0,0,0,0,neutral,other,train,SEACrowd/ViSoBERT
fresh_visobert_02838,tym and chia ❤,0,0,0,0,0,0,positive,enjoyment,train,SEACrowd/ViSoBERT
fresh_visobert_04509,tuấn nguyễn chúng tôi cao trình độ nấu ăn,0,0,0,0,0,0,neutral,other,train,SEACrowd/ViSoBERT
fresh_visobert_02890,5 5 đỏ vs vàng xúc phạm,0,0,0,0,0,0,neutral,other,train,SEACrowd/ViSoBERT
fresh_visobert_02660,chip kh cục nấm di động,0,0,0,0,0,0,neutral,other,train,SEACrowd/ViSoBERT
fresh_visobert_09202,"Dép đẹp, giá tốt, nên mua nha.",0,0,0,0,0,0,positive,enjoyment,train,SEACrowd/ViSoBERT
fresh_visobert_10687,"- bệnh nhân thuộc chùm Bùi Thị Xuân, Hai Bà Trưng:",0,0,0,0,0,0,neutral,other,train,SEACrowd/ViSoBERT
fresh_visobert_06091,Iu quá đi thôi Khổ thật sự,0,0,0,0,0,0,neutral,other,train,SEACrowd/ViSoBERT
fresh_visobert_05859,Nguyễn Trân nhớ em,0,0,0,0,0,0,neutral,other,train,SEACrowd/ViSoBERT
fresh_visobert_04829,con mụ thể chế pháp luật lỏng lẻo răn đe cặc tiền chạy án con người reo rắt chết hàng triệu,0,0,0,0,0,0,neutral,other,train,SEACrowd/ViSoBERT
fresh_visobert_11737,Đài Casset sony 7s,0,0,0,0,0,0,neutral,other,train,SEACrowd/ViSoBERT
fresh_visobert_06085,cụ nguyễn khuyến cũg phải bật dậy,0,0,0,0,0,0,neutral,other,train,SEACrowd/ViSoBERT
fresh_visobert_02996,stream buồn,0,0,0,0,1,0,negative,sadness,train,SEACrowd/ViSoBERT
fresh_visobert_02531,trường tiến nhung chửi đâm ra tuân thủ sợ chết =)))),0,0,0,0,0,0,negative,fear,train,SEACrowd/ViSoBERT
fresh_visobert_09486,"giảng viên tận tình , giảng dạy hay , chất lượng .",1,0,0,0,0,0,positive,enjoyment,train,SEACrowd/ViSoBERT
fresh_visobert_01775,giọng cac haha 😂 🤭,0,0,0,0,0,0,positive,enjoyment,train,SEACrowd/ViSoBERT
fresh_visobert_11193,"Chạy tốt thật, cho lên bờ hồ đua thì phải biết",0,0,0,0,0,0,positive,enjoyment,train,SEACrowd/ViSoBERT
fresh_visobert_01539,lê văn quật thời ffq )),0,0,0,0,0,0,neutral,other,train,SEACrowd/ViSoBERT
fresh_visobert_07890,"Anh Thu bạn mua giùm cái tai nghe dây đeo cho an toàn, cho nó khỏi rớt xuống đường ray train dùm",0,0,0,0,0,0,neutral,other,train,SEACrowd/ViSoBERT
fresh_visobert_04277,cháy ô tô bình,0,0,0,0,0,0,negative,sadness,train,SEACrowd/ViSoBERT
fresh_visobert_02084,sai lầm tuổi trẻ,0,0,0,0,0,0,negative,disgust,train,SEACrowd/ViSoBERT
fresh_visobert_01509,quê nè 😭 😭,1,0,0,0,0,1,negative,sadness,train,SEACrowd/ViSoBERT
fresh_visobert_04571,< < < hôm nay việt nam pikachu go ^ ^,0,0,0,0,0,0,neutral,other,train,SEACrowd/ViSoBERT
fresh_visobert_05696,ninh thị lĩnh bảo iu vốn kinh doan 🤣 🤣 🤣,1,0,0,0,0,0,negative,enjoyment,train,SEACrowd/ViSoBERT
fresh_visobert_03043,địt con mẹ cnó vẽ rađể ăn chia cặc làm cổng ti tế tổ cnó ah,0,0,0,0,0,0,neutral,other,train,SEACrowd/ViSoBERT
fresh_visobert_09490,em không muốn chúng ta già đi chút nào . điều đó đồng nghĩa với việc cta sắp xa nhau 😔# n,0,0,0,0,0,0,negative,sadness,train,SEACrowd/ViSoBERT
fresh_visobert_07897,4 : Dont you remember,0,0,0,0,1,0,neutral,other,train,SEACrowd/ViSoBERT
fresh_visobert_10339,Ủa anh bị sao vậy anhh🥺,1,1,0,0,0,0,neutral,surprise,train,SEACrowd/ViSoBERT
fresh_visobert_04903,cố tỏ ổn sâu nước mắt biển rộng,0,0,0,0,0,0,positive,enjoyment,train,SEACrowd/ViSoBERT
fresh_visobert_01661,tui mấy chống cộng chẳng cặc tỉnh táo hâm giáp,1,0,0,0,0,1,neutral,disgust,train,SEACrowd/ViSoBERT
fresh_visobert_10007,kiểu này trứng vỡ hết,0,0,0,0,0,0,negative,sadness,train,SEACrowd/ViSoBERT
fresh_visobert_09910,"Dạ mẫu giày bạn quan tâm có giá 5k/đôi bạn nha, hai bạn thường đi giày size bao nhiêu bạn nhỉ ^^",0,0,0,0,1,0,neutral,other,train,SEACrowd/ViSoBERT
fresh_visobert_07966,Đồng hồ bị xước màn hình,0,0,0,0,0,0,neutral,other,train,SEACrowd/ViSoBERT
fresh_visobert_09737,Cách làm giàu đây các bạn trẻ😆,0,0,0,0,0,0,neutral,enjoyment,train,SEACrowd/ViSoBERT
fresh_visobert_08967,Xịn nhé Jdjfjjffjfjjfjfjfjfjfjfjfjfjfjfjrjfjrjfjfjfjfjfjfjfjjf,1,0,0,0,0,0,positive,enjoyment,train,SEACrowd/ViSoBERT
fresh_visobert_10150,Riết rồi nhạc Việt nghe cái phải bật thêm cái Vietsub :))),1,0,0,0,0,0,neutral,other,train,SEACrowd/ViSoBERT
fresh_visobert_00212,độ tết chả vui,0,0,0,0,0,0,neutral,enjoyment,train,SEACrowd/ViSoBERT
fresh_visobert_01532,đẹp vui tính nói chuyện già cười,0,0,0,0,0,0,positive,enjoyment,train,SEACrowd/ViSoBERT
fresh_visobert_06531,Ủa mà cho hỏi là mù thì sao nấu ăn được vậy,1,1,1,0,0,0,neutral,surprise,train,SEACrowd/ViSoBERT
fresh_visobert_09736,Bế nó luôn đi mấy anh zai,0,0,0,0,0,0,neutral,other,train,SEACrowd/ViSoBERT
fresh_visobert_00332,thầy tấu hài tuyển thủ chuyên nghiệp,1,0,0,1,0,1,neutral,disgust,train,SEACrowd/ViSoBERT
fresh_visobert_05758,mày cc cặc tiên tri,0,0,0,0,0,0,negative,disgust,train,SEACrowd/ViSoBERT
fresh_visobert_02390,nguyễn bảo nguyen bao minh hứa xưa,0,0,0,0,0,0,neutral,other,train,SEACrowd/ViSoBERT
fresh_visobert_04679,dm tao buồn má vl )),1,0,0,1,0,1,negative,sadness,train,SEACrowd/ViSoBERT
fresh_visobert_01536,thuê bmw 5 đêm gđ gái gấp,0,0,0,0,0,0,neutral,other,train,SEACrowd/ViSoBERT
fresh_visobert_00907,giọng cười phu thuê,0,0,0,0,0,0,positive,enjoyment,train,SEACrowd/ViSoBERT
fresh_visobert_11320,Hàng e chị chốt chua ?,0,0,0,0,0,0,neutral,other,train,SEACrowd/ViSoBERT
fresh_visobert_06826,Đây la nha papa Choin ne <,0,0,0,0,0,0,neutral,other,train,SEACrowd/ViSoBERT
fresh_visobert_05594,trần huỳnh như buồn nha má busss cuuu tự nhiên buồn xong khóc ròng rã,1,0,0,1,0,0,negative,sadness,train,SEACrowd/ViSoBERT
fresh_visobert_08320,Hoàng Trâm y m :)),1,0,0,0,0,0,neutral,other,train,SEACrowd/ViSoBERT
fresh_visobert_02613,giàu lường gạt tiền người ta hổng cặc miểng văng tùm lum kìa,0,0,0,0,0,0,neutral,other,train,SEACrowd/ViSoBERT
fresh_visobert_03583,bỏ qua lạm phát mất giá vnd,0,0,0,0,0,0,neutral,other,train,SEACrowd/ViSoBERT
fresh_visobert_04979,chất miền tây dễ thương chân thật mong hạnh phúc,0,0,0,0,0,0,positive,enjoyment,train,SEACrowd/ViSoBERT
fresh_visobert_07280,Tích cực phơi nắng cho da khỏe khoắn ai ngờ mình Chân Ngắn nè 😘😘,1,0,1,1,0,0,positive,enjoyment,train,SEACrowd/ViSoBERT
fresh_visobert_09046,Aloo mới chơi hôm Ngân đã học được tiếng Trung =))),0,0,0,0,0,0,neutral,other,train,SEACrowd/ViSoBERT
fresh_visobert_03918,ưa dx cặc chưit ngta hài vcl bù củng đỡ 😂 😂,1,1,0,0,0,1,negative,enjoyment,train,SEACrowd/ViSoBERT
fresh_visobert_02337,đóng cặc cặc,0,0,0,0,0,0,negative,disgust,train,SEACrowd/ViSoBERT
fresh_visobert_02141,nhiễm tnay dc cf,0,0,0,0,0,0,negative,sadness,train,SEACrowd/ViSoBERT
fresh_visobert_05070,chụp kịp chỉnh style sói said =)),1,0,0,0,1,0,neutral,other,train,SEACrowd/ViSoBERT
fresh_visobert_01880,sống gà ak 😞 😞 😞,1,0,0,0,0,1,negative,sadness,train,SEACrowd/ViSoBERT
fresh_visobert_06866,Không có gì ngoài 2 chữ Tuyệt vời á các bạn!!!,1,1,1,0,0,1,positive,enjoyment,train,SEACrowd/ViSoBERT
fresh_visobert_00772,lan vi mưa rào )),0,0,0,0,0,0,negative,other,train,SEACrowd/ViSoBERT
fresh_visobert_10674,Nha gi ma so qua ?,0,0,0,0,0,0,neutral,other,train,SEACrowd/ViSoBERT
fresh_visobert_05430,trông mèo tôm,0,0,0,0,0,0,negative,enjoyment,train,SEACrowd/ViSoBERT
fresh_visobert_01882,mini tae dơ vcl,1,0,0,0,0,1,negative,anger,train,SEACrowd/ViSoBERT
fresh_visobert_05841,Chao chi hi hi,0,0,0,0,0,0,neutral,enjoyment,train,SEACrowd/ViSoBERT
fresh_visobert_00683,cô chú tụi nghỉ tuần an tâm lớp học,0,0,0,0,0,0,neutral,other,train,SEACrowd/ViSoBERT
fresh_visobert_11416,kẹo dâu 87 mỗi t r,0,0,0,0,0,0,neutral,other,train,SEACrowd/ViSoBERT
fresh_visobert_00640,khanh huyen vuu ok ảnh công nhận =))),1,1,0,0,1,0,neutral,surprise,train,SEACrowd/ViSoBERT
fresh_visobert_06898,rất hữu dụng,0,0,0,0,0,0,positive,enjoyment,train,SEACrowd/ViSoBERT
fresh_visobert_07058,Bùng có vấn đề gì ko nhỉ?,0,0,0,0,0,0,neutral,other,train,SEACrowd/ViSoBERT
fresh_visobert_08053,Nhac to wa gau,0,0,0,0,1,0,positive,other,train,SEACrowd/ViSoBERT
fresh_visobert_00994,quảng cáo thoi,0,0,0,0,0,0,positive,enjoyment,train,SEACrowd/ViSoBERT
fresh_visobert_10909,Tại hát nên note cao nên tiếng to tháo ra cho đỡ chói tai,0,0,0,0,0,0,neutral,other,train,SEACrowd/ViSoBERT
fresh_visobert_06252,Em thuộc luôn r,0,0,0,0,0,0,neutral,other,train,SEACrowd/ViSoBERT
fresh_visobert_00150,đời vô thường lắm sống tu tâm tích đức oi khẩu nghiệp,0,0,0,0,0,0,neutral,other,train,SEACrowd/ViSoBERT
fresh_visobert_09292,Tự nhiên nghĩ ngay đến thằng bé con chú Thợ hát,0,0,0,0,0,0,neutral,other,train,SEACrowd/ViSoBERT
fresh_visobert_01336,ngô tiệp chán tiệp,0,0,0,0,0,0,negative,sadness,train,SEACrowd/ViSoBERT
fresh_visobert_00186,chúc abe vui vẻ,0,0,0,0,0,0,positive,enjoyment,train,SEACrowd/ViSoBERT
fresh_visobert_10014,"Lần trước mình uống 2 hộp mà thấy giảm rõ rệt 7kg luôn. Thấy tốt lắm"" Ko hề mệt mỏi, nôn mửa gì cả"", vài ngày là thấy khát nước nhiều lắm.Mà lạ ghê nha Shop, càng uống nước nhiều hình nhue càng giảm cân nhanh với giảm tốt ấy😅.Nên vô tình da đẹp luôn.Giờ mua cho bà chị chung phòng truyền bí kiếp.",0,1,1,0,1,1,positive,disgust,train,SEACrowd/ViSoBERT
fresh_visobert_03917,đợi chết bệnh cúm đeo khẩu trang kỳ thị,0,0,0,0,0,0,neutral,other,train,SEACrowd/ViSoBERT
fresh_visobert_11693,Gửi các bác chút mát mẻ 😗,0,0,0,0,0,0,neutral,other,train,SEACrowd/ViSoBERT
fresh_visobert_10889,Cô bà vàng Ngọc cho con xin thẻ cào viettel 500k gửi về qua [EMAIL],0,0,0,0,0,0,neutral,other,train,SEACrowd/ViSoBERT
fresh_visobert_00472,bố lạy mày đừng hiếp dâm thị má giác bố ad 😂 😂 😂,1,1,0,0,0,1,positive,enjoyment,train,SEACrowd/ViSoBERT
fresh_visobert_03094,chỗ hạ long kiểu ảnh,0,0,0,0,0,0,negative,fear,train,SEACrowd/ViSoBERT
fresh_visobert_05623,võ trí chục hát ))),0,0,0,0,0,0,neutral,sadness,train,SEACrowd/ViSoBERT
fresh_visobert_10510,Thiết kế của đời 9 đang đẹp tự nhiên đổi.,0,0,0,0,0,0,positive,enjoyment,train,SEACrowd/ViSoBERT
fresh_visobert_02437,dơ dơ ớn lạnh cùng miền cặc tây ma ghê hot girl,0,0,0,0,1,0,negative,disgust,train,SEACrowd/ViSoBERT
fresh_visobert_04841,idol giữ gìn sức khỏe cẩn thận tấu hài coi,1,0,0,1,1,1,neutral,disgust,train,SEACrowd/ViSoBERT
fresh_visobert_06964,"Đm nói ko phải xúc phạm chứ mấy ông càng càng phát ngôn đéo ra cái j, não mấy ông chỉ có tiền thôi ah, mấy ông ""giúp"" dân nhìu wá nhỉ, nói như đúng rồi",1,0,0,1,0,1,negative,anger,train,SEACrowd/ViSoBERT
fresh_visobert_10949,Uý Thương Bùi) làm quả😐,0,0,0,0,0,0,neutral,sadness,train,SEACrowd/ViSoBERT
fresh_visobert_10956,Hamaha GẤU OANG OANG. Xin lỗi bác Vinh mau,0,0,0,0,0,0,negative,sadness,train,SEACrowd/ViSoBERT
fresh_visobert_00930,coi té sập mặt dan oi,0,0,0,0,0,0,neutral,other,train,SEACrowd/ViSoBERT
fresh_visobert_05241,co thi noi hong muong noi nha,0,0,0,0,0,0,neutral,other,train,SEACrowd/ViSoBERT
fresh_visobert_10671,về đây em mua cho chục cái xài dần :(,0,0,0,0,0,0,neutral,other,train,SEACrowd/ViSoBERT
fresh_visobert_07253,"Giao hàng nhanh, tối mình đặt là chiều hôm sau có luôn, sp dùng không bết da, k có mùi cồn, dưỡng ẩm da. Nói chung là khá ok!",0,1,0,0,1,0,positive,surprise,train,SEACrowd/ViSoBERT
fresh_visobert_02356,gel rửa khô mini 7 hàng chuẩn usa,0,0,0,0,0,0,positive,enjoyment,train,SEACrowd/ViSoBERT
fresh_visobert_03747,thay chua cai la kh ng chui ngt ha dam noi chi keu may chui thi chui dung thua ngt may la bao toi roi lam,0,0,0,0,0,0,neutral,other,train,SEACrowd/ViSoBERT
fresh_visobert_11087,"Đọc những bài viết của Chi rất nhiều thông tin bổ ích, cách viết mạch lạc rất dễ hiểu. Cám ơn Chi vì những bài biết hay ❤",0,0,0,0,0,0,positive,enjoyment,train,SEACrowd/ViSoBERT
fresh_visobert_02344,gia deo nhieu vo chet quan,0,0,0,0,1,0,negative,sadness,train,SEACrowd/ViSoBERT
fresh_visobert_06648,"K muốn game, k muốn phim, k nhạc và cũng không thể ngủ là cảm giác ức chế nhất mà t từng gặp",1,0,1,0,1,0,neutral,anger,train,SEACrowd/ViSoBERT
fresh_visobert_02457,quàooo đỉnh kao gheeee,1,0,0,1,0,0,positive,enjoyment,train,SEACrowd/ViSoBERT
fresh_visobert_05871,Đóng gói hàng rất đẹp 🥰,0,0,0,0,0,0,positive,enjoyment,train,SEACrowd/ViSoBERT
fresh_visobert_10898,Nguyễn Văn Dự đáng lẽ bữa trc m phải mời t như này =)))))))))))))))))),1,0,1,1,0,0,neutral,surprise,train,SEACrowd/ViSoBERT
fresh_visobert_07528,Yêu con quá hạt rẻ ơi ❤❤❤❤❤💓,0,0,0,0,0,0,positive,enjoyment,train,SEACrowd/ViSoBERT
fresh_visobert_03504,khu cách ly la lối tùm lum tùm la,0,0,0,0,0,0,neutral,other,train,SEACrowd/ViSoBERT
fresh_visobert_00715,báo hót hòn họt nhểy quên mấy kia )),0,0,0,0,0,0,neutral,other,train,SEACrowd/ViSoBERT
fresh_visobert_08086,Hello chế mòn mỏi,0,0,0,0,1,0,neutral,other,train,SEACrowd/ViSoBERT
fresh_visobert_11916,Hết content r phải ko??,0,0,0,0,1,0,neutral,other,train,SEACrowd/ViSoBERT
fresh_visobert_10363,ADH trung galaxy chào gấu nhé,0,0,0,0,0,0,neutral,other,train,SEACrowd/ViSoBERT
fresh_visobert_02644,sống chậm bồ tèo )),0,0,0,0,0,0,negative,sadness,train,SEACrowd/ViSoBERT
fresh_visobert_11508,Ko tập trung j cả,0,0,0,0,0,0,neutral,other,train,SEACrowd/ViSoBERT
fresh_visobert_01141,nguyễn ngọc trâm bả củng tội thui củng kệ,0,0,0,0,0,0,neutral,other,train,SEACrowd/ViSoBERT
fresh_visobert_00420,minh tran uh miền trung bả phân biệt,0,0,0,0,0,0,neutral,other,train,SEACrowd/ViSoBERT
fresh_visobert_06777,Mình mà là sếp thì mình kiếm files cỡ vài triệu dòng cho nhân viên làm để có gì họ đi truyền nước chứ mắc gì mình truyền. 🤣,1,1,1,0,0,1,neutral,enjoyment,train,SEACrowd/ViSoBERT
fresh_visobert_10002,Đẹp trai là thứ xa vời với 3 gar :)),1,0,0,0,0,0,positive,enjoyment,train,SEACrowd/ViSoBERT
fresh_visobert_10559,A robot thấy ú hơn hẳn🤣,0,0,0,0,0,0,neutral,enjoyment,train,SEACrowd/ViSoBERT
fresh_visobert_01865,đất nước cặc thối nát,0,0,0,0,0,0,negative,sadness,train,SEACrowd/ViSoBERT
fresh_visobert_08200,Nhìn như đubai ấy nhỉ kkk,0,0,0,0,0,0,neutral,enjoyment,train,SEACrowd/ViSoBERT
fresh_visobert_10825,Bảo Phan Homo Sapiens là giống loài dị tật =)),0,0,0,0,0,0,neutral,other,train,SEACrowd/ViSoBERT
fresh_visobert_02505,phạm văn đồng bớt cặc ngu đc,1,0,0,0,0,1,negative,disgust,train,SEACrowd/ViSoBERT
fresh_visobert_05022,vi la ng bac nen chuyen la binh thuong,0,0,0,0,0,0,neutral,other,train,SEACrowd/ViSoBERT
fresh_visobert_00701,lặng táo quân vi hành đổi lịch phát sóng táo quân chiếu tối tết,0,0,0,0,0,0,neutral,other,train,SEACrowd/ViSoBERT
fresh_visobert_08972,hình ảnh thầy giáo và các e học sinh khi có giáo viên khác dự giờ,0,0,0,0,0,0,neutral,other,train,SEACrowd/ViSoBERT
fresh_visobert_01914,sống má tận đc,0,0,0,0,0,0,negative,anger,train,SEACrowd/ViSoBERT
fresh_visobert_00731,đunga chíp chíp chíp cũa,0,0,0,0,0,0,neutral,other,train,SEACrowd/ViSoBERT
fresh_visobert_02366,phát âm chuẩn,0,0,0,0,0,0,positive,enjoyment,train,SEACrowd/ViSoBERT
fresh_visobert_07282,Đồng Thơ Cám ơn em nha.,0,0,0,0,0,0,neutral,other,train,SEACrowd/ViSoBERT
fresh_visobert_07570,Mình mua máy mới mà pin chai hết 7% mình đo bằng ứng dụng antutu chỉ có máy đã qua sử dụng mới có độ chai pin,1,0,1,0,0,0,neutral,surprise,train,SEACrowd/ViSoBERT
fresh_visobert_09517,hát như kiểu Pharrell Williams ấy,0,0,0,0,0,0,neutral,other,train,SEACrowd/ViSoBERT
fresh_visobert_05126,mua giải chip phù hộ sự thật )),0,0,0,0,0,0,neutral,other,train,SEACrowd/ViSoBERT
fresh_visobert_03613,🤣 🤣 dăm ba trái banh cầm súng thương trường chi bọn đánh giặc bik mấy,1,0,0,0,0,0,neutral,enjoyment,train,SEACrowd/ViSoBERT
fresh_visobert_05159,kiếm tiền xài tết hả thầy,1,0,0,0,0,0,neutral,surprise,train,SEACrowd/ViSoBERT
fresh_visobert_00630,hacker doi ten ^ ^,0,0,0,0,0,0,positive,other,train,SEACrowd/ViSoBERT
fresh_visobert_08210,Bảo chị em đi lại còn,0,0,0,0,0,0,neutral,other,train,SEACrowd/ViSoBERT
fresh_visobert_11222,Id em nè cj ơi 65774767,0,0,0,0,0,0,neutral,other,train,SEACrowd/ViSoBERT
fresh_visobert_11958,"hà hà,nhiều trò chơi lém",0,0,0,0,0,0,neutral,other,train,SEACrowd/ViSoBERT
fresh_visobert_04161,hanh viet giúp giúp cặc soi soi mã chúng mày )),0,0,0,0,0,0,neutral,other,train,SEACrowd/ViSoBERT
fresh_visobert_00273,giật mụn ruồi,0,0,0,0,0,0,neutral,fear,train,SEACrowd/ViSoBERT
fresh_visobert_06508,Ước gì nghe anh hát lần thay vì chơi sáo,0,0,0,0,0,0,neutral,other,train,SEACrowd/ViSoBERT
fresh_visobert_08867,Vấn đề mà giải quyết đc bằng tiền thì ko phải vấn đề. Còn có tiền mà cái tiệc nó lỗi lên lỗi xuống thì chắc vấn đề ở đây là m rồi,1,1,1,0,0,1,negative,disgust,train,SEACrowd/ViSoBERT
fresh_visobert_03173,thiệt tình ge từ thiện toàn mấy mấy ah,0,0,0,0,0,0,neutral,other,train,SEACrowd/ViSoBERT
fresh_visobert_01388,sông cửu long bọn cẩu ngăn đầu miền trung cặc xả chất độc chả bọn cẩu đc,0,0,0,0,0,0,negative,fear,train,SEACrowd/ViSoBERT
fresh_visobert_07647,Mẹ toyota bố toyota đẻ ra con KIA thì là con của ai🤣🤣🤣,1,1,0,0,0,1,neutral,enjoyment,train,SEACrowd/ViSoBERT
fresh_visobert_07764,Lâm Mỹ Phụng ai tấu hài mạnh bằng tau 🙂,1,1,0,1,0,1,neutral,enjoyment,train,SEACrowd/ViSoBERT
fresh_visobert_11632,Các chứ cứ bem nhau,0,0,0,0,1,0,negative,sadness,train,SEACrowd/ViSoBERT
fresh_visobert_02846,im lặng ng ta khinh bỉ thành thật chia buồn gia quyến,0,0,0,0,0,0,negative,sadness,train,SEACrowd/ViSoBERT
fresh_visobert_04882,tieu long nu đợi trường bùng cách li huyện,0,0,0,0,0,0,neutral,other,train,SEACrowd/ViSoBERT
fresh_visobert_06383,Sao các nước không thi nhau xem ai bị bệnh nhiều hơn như lúc đấu tranh ý nhỉ?,0,0,0,1,0,0,neutral,other,train,SEACrowd/ViSoBERT
fresh_visobert_02094,mỏ má làng hài khẩu nghiệp,0,0,0,0,0,0,neutral,other,train,SEACrowd/ViSoBERT
fresh_visobert_00564,tưởng quảng cáo thuốc sinh lực )),0,0,0,0,0,0,neutral,other,train,SEACrowd/ViSoBERT
fresh_visobert_11555,Huỳnh phương hợp thiệt,0,0,0,0,0,0,neutral,enjoyment,train,SEACrowd/ViSoBERT
fresh_visobert_08249,Ai mún học khoá lm y tá cứ bảo e nhá,0,0,0,0,0,0,neutral,other,train,SEACrowd/ViSoBERT
fresh_visobert_09908,Aba hát hay quá!!! Nghe xong xỉu luôn,1,0,0,1,0,0,positive,enjoyment,train,SEACrowd/ViSoBERT
fresh_visobert_11116,Cưg bt chô thj đo ko Châu,0,0,0,0,0,0,neutral,other,train,SEACrowd/ViSoBERT
fresh_visobert_01145,)))) cáp đứt cá mập gạch vỡ sinh viên,0,0,0,0,0,0,neutral,other,train,SEACrowd/ViSoBERT
fresh_visobert_05104,thời xưa thầy bờ bụi,0,0,0,0,0,0,negative,other,train,SEACrowd/ViSoBERT
fresh_visobert_10146,Lần đầu dc a đọc tên,0,0,0,0,0,0,neutral,other,train,SEACrowd/ViSoBERT
fresh_visobert_10661,Bo luon may mon hoa di dc khong ạ,0,0,0,0,0,0,neutral,other,train,SEACrowd/ViSoBERT
fresh_visobert_09520,Được chụp ảnh thẻ free :)))),1,0,0,0,1,0,neutral,other,train,SEACrowd/ViSoBERT
fresh_visobert_11443,đứng dưới cây này chỉ sợ ngột vì mùi hoa sữa 😂😂😂,1,0,0,0,0,0,neutral,fear,train,SEACrowd/ViSoBERT
fresh_visobert_00551,nguyễn thị hương giàu báo giúp,0,0,0,0,0,0,negative,disgust,train,SEACrowd/ViSoBERT
fresh_visobert_06472,"Mua đc deal 99k, xuất sắc lắm nha shop",0,0,0,0,1,0,positive,enjoyment,train,SEACrowd/ViSoBERT
fresh_visobert_08459,phải lấy mã trước và đưa cho nhân viên để đc trừ trực tiếp trên bill nhé bạn ;),0,0,0,0,0,0,neutral,other,train,SEACrowd/ViSoBERT
fresh_visobert_00435,hi vọng kế toán chị tết ấm no thương tụi,0,0,0,0,1,0,neutral,sadness,train,SEACrowd/ViSoBERT
fresh_visobert_05048,hương him cảnh ngộ phùng khắc hoàng linh,0,0,0,0,0,0,neutral,other,train,SEACrowd/ViSoBERT
fresh_visobert_08009,Nguyễn Thái Anh đã thế còn là cùng tỉnh nưaz,0,0,0,0,0,1,negative,disgust,train,SEACrowd/ViSoBERT
fresh_visobert_01351,mày chửi ad sủa cặc sủa kinh lắm,0,0,0,0,0,0,negative,disgust,train,SEACrowd/ViSoBERT
fresh_visobert_06460,Cái này trong lập trình gọi là : hàm đệ quy đấy 🤣🤣🤣,0,0,0,0,0,0,neutral,enjoyment,train,SEACrowd/ViSoBERT
fresh_visobert_08405,Very little is needed to make a happy life. But not everyone has that 🙃,1,1,0,0,1,0,neutral,surprise,train,SEACrowd/ViSoBERT
fresh_visobert_03769,trời ơi ghê trần đoàn kiếm vs đợi clip xin lỗi,0,0,0,0,1,0,negative,disgust,train,SEACrowd/ViSoBERT
fresh_visobert_06839,Tự nhiên có vết con gì cắn ở chân mua về dùng 3 ngày thấy đỡ hẳn luôn,0,0,0,0,0,0,neutral,other,train,SEACrowd/ViSoBERT
fresh_visobert_07989,Phan Lam nay Quăn đã thẳng hơn nhiều 😌😌😌,0,0,0,0,0,0,neutral,other,train,SEACrowd/ViSoBERT
fresh_visobert_08323,Người ta bắn hk trượt phát nào còn cj thy bắn phát nào cũng trượt🤣,0,0,0,0,0,0,neutral,enjoyment,train,SEACrowd/ViSoBERT
fresh_visobert_10221,Hacker from đông lào,0,0,0,0,0,0,positive,enjoyment,train,SEACrowd/ViSoBERT
fresh_visobert_00171,láo nháo cặc tú xiên,0,0,0,0,0,0,negative,anger,train,SEACrowd/ViSoBERT
fresh_visobert_08150,sanrgyuyd ntyruasngahdua mjrhaidaiti,0,0,0,0,0,0,neutral,enjoyment,train,SEACrowd/ViSoBERT
fresh_visobert_05096,chien quan nam mô a di đà men,0,0,0,0,0,0,neutral,other,train,SEACrowd/ViSoBERT
fresh_visobert_03215,nguyen sống chậm suy nghĩ kĩ câu chuyện buồn cười,1,0,0,0,0,1,negative,sadness,train,SEACrowd/ViSoBERT
fresh_visobert_04278,bát gia công louis vuitton mì hãng superme đũa gucci tôm hoàng đế kg tr tùy chỗ set đồ balo sương sương tỷ,0,0,0,0,0,0,neutral,other,train,SEACrowd/ViSoBERT
fresh_visobert_03346,ý thức tự giác khen ngợi trốn tránh cách ly,0,0,0,0,0,0,neutral,other,train,SEACrowd/ViSoBERT
fresh_visobert_08476,"que pongan el equipo B, a primera y el equipo de primera baje al B",0,0,0,0,0,0,neutral,other,train,SEACrowd/ViSoBERT
fresh_visobert_01396,vn du lịch )),0,0,0,0,0,0,negative,fear,train,SEACrowd/ViSoBERT
fresh_visobert_10336,"số =)) nghi rồi nma vẫn làm, thì ra đúng là ngu thật =))",1,1,1,0,0,1,negative,disgust,train,SEACrowd/ViSoBERT
fresh_visobert_00267,đoạn đánh chiếm thgian )),0,0,0,0,0,0,neutral,other,train,SEACrowd/ViSoBERT
fresh_visobert_08457,Cho e đăng ký suất ạ,0,0,0,0,0,0,neutral,other,train,SEACrowd/ViSoBERT
fresh_visobert_03564,lê thảo cai đê thử thuốc hả thử vacxin hả nhiễm xong trị hơi sợ sương sương kkkk,1,1,0,0,0,0,negative,fear,train,SEACrowd/ViSoBERT
fresh_visobert_11733,Co áo khoat lớp k chi,0,0,0,0,0,0,neutral,other,train,SEACrowd/ViSoBERT
fresh_visobert_10378,Đổi lao với đôi nào vậy,0,0,0,0,0,0,neutral,other,train,SEACrowd/ViSoBERT
fresh_visobert_07835,Ng tử tế hát nhạc tử tế 😌,0,0,0,0,0,0,neutral,other,train,SEACrowd/ViSoBERT
fresh_visobert_11365,Hên là trường mình không có những thành phần hãm như vầy,0,0,0,1,0,0,neutral,other,train,SEACrowd/ViSoBERT
fresh_visobert_11240,chị còn chs free fire ko z,0,0,0,0,1,0,neutral,other,train,SEACrowd/ViSoBERT
fresh_visobert_07451,Đi dự giờ về nhớ mang giáo án xịn sò nha thầy. Iu abe :3,1,0,0,1,0,0,positive,enjoyment,train,SEACrowd/ViSoBERT
fresh_visobert_02209,nguyen nồn má đẹp 😂 😂 😂,0,0,0,0,0,0,positive,enjoyment,train,SEACrowd/ViSoBERT
fresh_visobert_08083,"Túi xinh, phù hợp giá tiền. Chất dày ko thấm nước. Giao hàng nhanh!",1,0,0,0,0,0,positive,enjoyment,train,SEACrowd/ViSoBERT
fresh_visobert_06474,"Bông Silcot của Nhật, các siêu thị có bán đó mọi ng",0,0,0,1,0,0,neutral,other,train,SEACrowd/ViSoBERT
fresh_visobert_03395,chết mịa uống đọc đọc uống,0,0,0,0,0,0,neutral,other,train,SEACrowd/ViSoBERT
fresh_visobert_05807,thay vì bình luận cực kỳ thuyết phục bình luận yêu thương gửi <,0,0,0,1,0,0,positive,enjoyment,train,SEACrowd/ViSoBERT
fresh_visobert_06580,Mình sinh đc hai tháng rồi có dùng đc ko hay chỉ sau sinh thôi,0,0,0,0,0,0,neutral,other,train,SEACrowd/ViSoBERT
fresh_visobert_10759,Nha tiên tri vu trụ chắc biết ngày nào ông nhiên covid19 và khi nào ông chết không,0,0,0,0,0,1,neutral,disgust,train,SEACrowd/ViSoBERT
fresh_visobert_01001,kh thuyết phục lắm độ thuyết phục )),0,0,0,0,0,0,neutral,other,train,SEACrowd/ViSoBERT
fresh_visobert_03080,bảo my ui peheo xinh haha,0,0,0,0,1,0,neutral,enjoyment,train,SEACrowd/ViSoBERT
fresh_visobert_02162,cố gắng sức khỏe nha trần dần đất nước mong cống hiến đất nước,0,0,0,0,0,0,neutral,other,train,SEACrowd/ViSoBERT
fresh_visobert_03288,clm má ))),1,0,0,0,0,1,negative,anger,train,SEACrowd/ViSoBERT
fresh_visobert_03261,nhunglê lê hoa chi đẹp hầy,0,0,0,0,0,0,positive,enjoyment,train,SEACrowd/ViSoBERT
fresh_visobert_02112,lương thu nhập danh nghĩa tiền lương lương thực tế lương thực tế = lương danh nghĩa giá cả giá cả đắt đỏ tiền lương lèo tèo tỷ giá,0,0,0,0,0,0,negative,sadness,train,SEACrowd/ViSoBERT
fresh_visobert_02702,tí n7 lây bệnh chửi vô duyên hong,1,0,0,0,0,1,negative,disgust,train,SEACrowd/ViSoBERT
fresh_visobert_06306,klq nhưng ad cho e hỏi cđcsnd khối c bao giờ nhập học ạ :,1,0,1,0,0,0,neutral,surprise,train,SEACrowd/ViSoBERT
fresh_visobert_03085,bả dòng họ bả đc ))),0,0,0,0,0,0,neutral,other,train,SEACrowd/ViSoBERT
fresh_visobert_01139,lập kênh xóa kênh cũ,0,0,0,0,0,0,negative,enjoyment,train,SEACrowd/ViSoBERT
fresh_visobert_09267,Nghệ sĩ Cường dạo này pr nhiều nhãn hàng lắm nha,0,0,0,0,0,0,neutral,other,train,SEACrowd/ViSoBERT
fresh_visobert_01324,sàm lắm đo,0,0,0,0,0,0,positive,sadness,train,SEACrowd/ViSoBERT
fresh_visobert_09556,"k đã kết hôn, 9 vẫn độc thân",0,0,0,0,0,0,neutral,other,train,SEACrowd/ViSoBERT
fresh_visobert_05777,đẹp trai nha diện oách xà lách nha,0,0,0,0,0,0,positive,enjoyment,train,SEACrowd/ViSoBERT
fresh_visobert_03420,má ok má 96878 mobi,0,0,0,0,1,0,positive,enjoyment,train,SEACrowd/ViSoBERT
fresh_visobert_11998,"Khâm phục nghị lực của anh, chúc gia đình anh luôn mạnh khỏe và bình an nhé",0,0,0,0,0,0,neutral,other,train,SEACrowd/ViSoBERT
fresh_visobert_11106,nhắn mà ấm lòng nhờ :))) ra gặp anh shipper đẹp trai nữa thì chủ thớt rụng hết buồng trứng :))),1,1,1,0,0,1,positive,enjoyment,train,SEACrowd/ViSoBERT
fresh_visobert_02731,ok thầy nha,0,0,0,0,1,0,positive,enjoyment,train,SEACrowd/ViSoBERT
fresh_visobert_07445,vợ mua cho chồng với Lê Ngọc Lan Vy,0,0,0,0,0,0,neutral,other,train,SEACrowd/ViSoBERT
fresh_visobert_03798,hô ng việt hàng việt mẫu,0,0,0,0,0,0,neutral,other,train,SEACrowd/ViSoBERT
fresh_visobert_06811,c kiểm tra tn ạ,0,0,0,0,0,0,neutral,other,train,SEACrowd/ViSoBERT
fresh_visobert_05554,trung khó chịu,0,0,0,0,0,0,negative,anger,train,SEACrowd/ViSoBERT
fresh_visobert_05037,đm dự đoán kết luận kích động vl,1,0,0,1,0,1,negative,anger,train,SEACrowd/ViSoBERT
fresh_visobert_09294,Tuyệt vời. Cảm ơn anh,0,0,0,0,0,0,positive,enjoyment,train,SEACrowd/ViSoBERT
fresh_visobert_04238,tiền má dịch,0,0,0,0,0,0,negative,anger,train,SEACrowd/ViSoBERT
fresh_visobert_11327,Quý Hoàng book giúp t đc k ạ,0,0,0,0,0,0,neutral,other,train,SEACrowd/ViSoBERT
fresh_visobert_08872,"Đao tím với vũ điệu đợt chưa sửa mới bá thôi, nhất là thánh vét Master Yi với Ire năm chém chém vài cái máu lại đầy. Vũ điệu bây giờ mỗi Aatrox là op còn đao tím thì cũng bình thường",0,0,0,0,0,0,neutral,other,train,SEACrowd/ViSoBERT
fresh_visobert_08847,Lumi Thành hn bạn,0,0,0,0,0,0,negative,disgust,train,SEACrowd/ViSoBERT
fresh_visobert_03990,móa bún mắm quyền tao cừi sặc 🤣 🤣 🤣,0,0,0,0,0,0,neutral,enjoyment,train,SEACrowd/ViSoBERT
fresh_visobert_08082,chị ngọc phạm dạo này mất tích r à,0,0,0,0,0,0,neutral,other,train,SEACrowd/ViSoBERT
fresh_visobert_09866,Một cái cầu vồng có 7 màu.vậy 7 cái cầu vồng có bao nhiêu màu,0,0,0,0,0,0,neutral,other,train,SEACrowd/ViSoBERT
fresh_visobert_10697,Trường này chắc là đi học có tài xế riêng hay sao mà không có chỗ đậu xe nhỉ?,1,0,1,0,0,0,positive,enjoyment,train,SEACrowd/ViSoBERT
fresh_visobert_01117,đọc mấy dòng má tức điên,1,0,0,0,0,1,negative,anger,train,SEACrowd/ViSoBERT
fresh_visobert_02146,đm abe cặc bóng vcccc,1,0,0,0,0,1,negative,anger,train,SEACrowd/ViSoBERT
fresh_visobert_06236,Anh em nào yếu sly ib e tư vấn nhé 🤒🤒,0,0,0,0,0,0,neutral,other,train,SEACrowd/ViSoBERT
fresh_visobert_09977,Ngô Bảo Trung phải,0,0,0,0,0,0,neutral,fear,train,SEACrowd/ViSoBERT
fresh_visobert_00177,lương phát,0,0,0,0,0,0,negative,sadness,train,SEACrowd/ViSoBERT
fresh_visobert_05556,trần hải hưng vô tình ghé thuiii,0,0,0,0,0,0,neutral,other,train,SEACrowd/ViSoBERT
fresh_visobert_04772,giáo án 4 đường mô nha thầy,0,0,0,0,0,0,neutral,other,train,SEACrowd/ViSoBERT
fresh_visobert_10642,"Vàng nhìn vui vui, lại nổi nữa :)))",1,0,0,0,0,0,positive,enjoyment,train,SEACrowd/ViSoBERT
fresh_visobert_10963,Mà nhất là làm da trắng không tì vết của cô ấy và ở đây chúng tôi có dịch vụ vệ sinh giúp đôi giày bạn trắng ko tì vết như làn da của Jisoo:))))),1,1,1,1,0,1,neutral,disgust,train,SEACrowd/ViSoBERT
fresh_visobert_07067,Lấy chồng vô tâm thà rằng không có còn hơn,0,0,0,0,0,0,neutral,other,train,SEACrowd/ViSoBERT
fresh_visobert_00714,người hùng nam mô a di đà phật,0,0,0,0,0,0,neutral,other,train,SEACrowd/ViSoBERT
fresh_visobert_06526,Tùng nhiều tóc quá cắt tóc cho đẹp trai,0,0,0,0,0,0,positive,enjoyment,train,SEACrowd/ViSoBERT
fresh_visobert_09345,Anh tloo thật là sang chảnh,1,0,1,0,0,0,neutral,surprise,train,SEACrowd/ViSoBERT
fresh_visobert_02847,cán bộ ca xuống cấp nghiêm trọng thảm hại sao trách cặc dân đòi dân ngoan thượng bất chính hạ tắc loạn,0,0,0,0,0,0,neutral,other,train,SEACrowd/ViSoBERT
fresh_visobert_10924,A cu ra ngược à,0,0,0,0,0,0,negative,enjoyment,train,SEACrowd/ViSoBERT
fresh_visobert_02365,chửi e ủng hộ,0,0,0,0,1,0,positive,enjoyment,train,SEACrowd/ViSoBERT
fresh_visobert_04605,b5 láy máy bay bà già =)),1,1,0,0,0,1,neutral,disgust,train,SEACrowd/ViSoBERT
fresh_visobert_00668,anh em chửi giùm,0,0,0,0,0,0,neutral,enjoyment,train,SEACrowd/ViSoBERT
fresh_visobert_07191,A zai tánh lóng như bing chilling,0,0,0,0,0,0,neutral,other,train,SEACrowd/ViSoBERT
fresh_visobert_04731,địt mẹ cặc cộng sản,0,0,0,0,0,0,neutral,other,train,SEACrowd/ViSoBERT
fresh_visobert_06869,đề nghị cơ quan chức năng sử phương tiện gây án,0,0,0,0,0,0,neutral,other,train,SEACrowd/ViSoBERT
fresh_visobert_09702,Mình cũng muốn bị phạt🥲,0,0,0,0,0,0,neutral,sadness,train,SEACrowd/ViSoBERT
fresh_visobert_00271,đem susan nha thầy )),0,0,0,0,0,0,neutral,other,train,SEACrowd/ViSoBERT
fresh_visobert_06410,2. Đóng gói thì quá đẹp và quá chuyên nghiệp,0,0,0,0,0,0,positive,enjoyment,train,SEACrowd/ViSoBERT
fresh_visobert_06421,"Mong rằng vẫn luôn được bạn lựa chọn, tin tưởng và quan tâm đầu tiên.",0,0,0,0,0,0,neutral,other,train,SEACrowd/ViSoBERT
fresh_visobert_08656,Nếu con mèo ấy là trần đức bo thì nên đem đi nhúng nồi lẩu đi nhé,0,0,0,0,0,0,neutral,other,train,SEACrowd/ViSoBERT
fresh_visobert_11652,"Đựu, dơ dữ vậy trời, nhỏ nào vướng vô này chắc cũng NẶNG NGHIỆP lắm ah",0,0,0,0,0,0,neutral,other,train,SEACrowd/ViSoBERT
fresh_visobert_08838,Hát đi Myyyy ưi :,0,0,0,0,0,0,neutral,sadness,train,SEACrowd/ViSoBERT
fresh_visobert_10893,"thầy rất vui vẻ , hỗ trợ tốt với sinh viên .",0,0,0,0,0,0,positive,enjoyment,train,SEACrowd/ViSoBERT
fresh_visobert_11189,Nó ko phải tài xế nên đéo biết,1,0,0,0,0,1,negative,anger,train,SEACrowd/ViSoBERT
fresh_visobert_02889,kêu lương 8 triệu cua hoàng đế,0,0,0,0,0,0,neutral,other,train,SEACrowd/ViSoBERT
fresh_visobert_00028,Bí thư Nguyễn Văn Nên nhìn nhận đây là cơ hội để Cần giờ làm việc đó là: chia sẻ với cộng đồng và phát triển kinh tế du lịch dịch vụ.,0,0,0,0,0,0,negative,disgust,train,SEACrowd/ViSoBERT
fresh_visobert_11387,Nguyễn Bảo e đâu biết quẩy,0,0,0,0,0,0,neutral,other,train,SEACrowd/ViSoBERT
fresh_visobert_05607,nể sư phụ câu bất bất dịch đoạn 4 súng bắn trúng dao chém đứt khâm phục thiện tai thiện tai tụi e rằng phá bố trận vi 9 nha sư phụ lol,0,0,0,0,1,0,neutral,other,train,SEACrowd/ViSoBERT
fresh_visobert_10682,"phía trên nắp khá nhiều vết xước, nhưng cũng không ảnh hưởng nhiều đến chất lượng, shiPer giao hàng hơi chậm",1,0,1,0,0,0,positive,surprise,train,SEACrowd/ViSoBERT
fresh_visobert_04221,love you 😂 😂,0,0,0,0,1,0,positive,enjoyment,train,SEACrowd/ViSoBERT
fresh_visobert_04864,chủ quán bánh mì tấu hài cực,0,0,0,1,0,0,neutral,other,train,SEACrowd/ViSoBERT
fresh_visobert_02913,đéo khoe cặc lồn què,0,0,0,0,0,0,negative,anger,train,SEACrowd/ViSoBERT
fresh_visobert_10392,"Nhưng mà trong lý trí,ko cho phép anh sai một tí nào với em Phạm Hoàng An",1,1,1,0,0,1,neutral,disgust,train,SEACrowd/ViSoBERT
fresh_visobert_03130,bóng vcl thầy sela cặc dơ chó nha )),1,0,0,0,0,1,negative,anger,train,SEACrowd/ViSoBERT
fresh_visobert_09175,"T7 t xún nè, ahihi",0,0,0,0,0,0,neutral,other,train,SEACrowd/ViSoBERT
fresh_visobert_08562,Nuôi dòng nước ngọt vàng nặng tay em,0,0,0,0,0,0,neutral,other,train,SEACrowd/ViSoBERT
fresh_visobert_08436,Chính sách ở đâu hay vào mồm hết những thằng tham quan hết rùi,0,0,0,0,0,0,positive,enjoyment,train,SEACrowd/ViSoBERT
fresh_visobert_00014,",a bo cung y bog đa",0,0,0,0,0,0,neutral,other,train,SEACrowd/ViSoBERT
fresh_visobert_06103,A.Đức A.Đức hịu nhé,0,0,0,0,0,0,neutral,other,train,SEACrowd/ViSoBERT
fresh_visobert_08260,Cho mình xin phí,0,0,0,0,0,0,negative,sadness,train,SEACrowd/ViSoBERT
fresh_visobert_07875,Giống style và cách hát của Sơn Tùng thế,0,0,0,0,1,0,neutral,other,train,SEACrowd/ViSoBERT
fresh_visobert_04154,chất vcllll =))),1,0,0,0,0,0,positive,enjoyment,train,SEACrowd/ViSoBERT
fresh_visobert_00781,demo ngủ dc =)),1,0,0,0,0,0,neutral,other,train,SEACrowd/ViSoBERT
fresh_visobert_01717,hoàng xuân tâm tùng lo canh me gd sản cặc phẩm đạo cmt dạo,0,0,0,0,1,0,negative,fear,train,SEACrowd/ViSoBERT
fresh_visobert_02975,hoàng yến học ls,0,0,0,0,0,0,neutral,other,train,SEACrowd/ViSoBERT
fresh_visobert_01877,dân dân đmcs cặc đóng thuế nuôi bú,0,0,0,0,0,0,neutral,other,train,SEACrowd/ViSoBERT
fresh_visobert_06391,Nguyễn Thảo ổn thật chí,0,0,0,0,0,0,neutral,other,train,SEACrowd/ViSoBERT
fresh_visobert_03074,sena cặc tiuooir lôn,0,0,0,0,0,0,neutral,other,train,SEACrowd/ViSoBERT
fresh_visobert_10863,ngã xuống thì lại bảo là tự tử do mâu thẫn với chủ,0,0,0,0,0,0,neutral,other,train,SEACrowd/ViSoBERT
fresh_visobert_01504,thái van vn gấp trị bệnh,0,0,0,0,0,0,neutral,other,train,SEACrowd/ViSoBERT
fresh_visobert_09808,Chung Hua ok a mình,0,0,0,0,1,0,positive,enjoyment,train,SEACrowd/ViSoBERT
fresh_visobert_09516,Lộc Nguyễn giống a,0,0,0,0,0,0,negative,disgust,train,SEACrowd/ViSoBERT
fresh_visobert_10293,"Cũng từng là vđv nên hiểu,đam mê ko nuôi nổi bản thân",0,0,0,0,0,0,positive,enjoyment,train,SEACrowd/ViSoBERT
fresh_visobert_00184,khắc thành nguyễn cặc phục máu lồn,0,0,0,0,0,0,neutral,other,train,SEACrowd/ViSoBERT
fresh_visobert_00456,duy trần xin video,0,0,0,0,1,0,neutral,other,train,SEACrowd/ViSoBERT
fresh_visobert_02413,chinh nguyen giàu,0,0,0,0,0,0,negative,disgust,train,SEACrowd/ViSoBERT
fresh_visobert_01949,kim ánh đùa tí căng,0,0,0,0,0,0,positive,sadness,train,SEACrowd/ViSoBERT
fresh_visobert_08933,Công an mà muốn xử lý thì 2 ông luật sư này sẽ biến mất ngay lập tức. Chứ chả phải bị đánh giữa đường rồi chụp ảnh máu me post lên mạng rầm rầm đâu,1,1,1,0,1,1,negative,anger,train,SEACrowd/ViSoBERT
fresh_visobert_03891,tùng sói said,0,0,0,0,0,0,positive,fear,train,SEACrowd/ViSoBERT
fresh_visobert_06802,Trò đoán là Thầy đi xem đất để xây dựng Minh Chân Tịnh Viện.(Rất quan trọng)hihi.,0,0,0,0,0,0,neutral,enjoyment,train,SEACrowd/ViSoBERT
fresh_visobert_08327,Ai đó cầm giúp lần để lấy lại vía chứ vía nyc hơi hãm 🥲,0,0,0,0,0,0,neutral,sadness,train,SEACrowd/ViSoBERT
fresh_visobert_01715,trung cặc hồn,0,0,0,0,0,0,negative,fear,train,SEACrowd/ViSoBERT
fresh_visobert_03169,đeo loa mồm gà ưiiiiii,1,0,0,0,0,1,neutral,disgust,train,SEACrowd/ViSoBERT
fresh_visobert_11465,Game mà biết dì đâu tanh trời 😂😂,1,1,1,0,1,1,positive,enjoyment,train,SEACrowd/ViSoBERT
fresh_visobert_00340,mê trần duy hưng cố gắng,0,0,0,0,0,0,positive,enjoyment,train,SEACrowd/ViSoBERT
fresh_visobert_11147,Nghĩa là gì ha chụy,0,0,0,0,0,0,positive,sadness,train,SEACrowd/ViSoBERT
fresh_visobert_05012,quang khải hí,0,0,0,0,0,0,positive,enjoyment,train,SEACrowd/ViSoBERT
fresh_visobert_01367,đất nước ta thiệt thòi chiến tranh liên miên,0,0,0,0,0,0,neutral,other,train,SEACrowd/ViSoBERT
fresh_visobert_10271,Chi Thuy nhơ cai vay vơi ao dai em đăt hôm qua bao nhiêu tiên ko. Em chưa coi lai dc,0,0,0,0,0,0,neutral,other,train,SEACrowd/ViSoBERT
fresh_visobert_02993,việt nam cặc ta kêu bóng khùng,1,0,0,0,0,1,neutral,disgust,train,SEACrowd/ViSoBERT
fresh_visobert_07634,Giá sao đây vậy,0,0,0,0,0,0,negative,sadness,train,SEACrowd/ViSoBERT
fresh_visobert_10236,An Thien Bình Bamboo Nguyễn Phùng vô nhận người quen,0,0,0,0,0,0,neutral,other,train,SEACrowd/ViSoBERT
fresh_visobert_04724,nguyễn mỹ duyên cánh hoa may mắn )),0,0,0,0,0,0,neutral,other,train,SEACrowd/ViSoBERT
fresh_visobert_11502,"Chưa chắc đã là chuyện nên làm đâu nha các bạn trẻ. Những sự vụ cho người già đi nhờ sau đó chẳng may người ta ngã ra chết và bị người nhà người đó kiện để rồi đi tù trong ấm ức đã xảy ra nhiều rồi. Những trường hợp say rượu thì tốt nhất càng nên tránh xa, thân người ta người ta phải tự biết lo, chứ làm ơn kiểu này có ngày mắc oán",0,0,0,1,0,1,neutral,fear,train,SEACrowd/ViSoBERT
fresh_visobert_06665,Ố dề wá ròi 🥲,0,0,0,0,0,0,neutral,sadness,train,SEACrowd/ViSoBERT
fresh_visobert_02507,câu chuyện ý nghĩa 🤣 🤣,0,0,0,0,0,0,neutral,enjoyment,train,SEACrowd/ViSoBERT
fresh_visobert_01543,kiếm tr tôm hùm cua hoàng đế còn tiền =)),1,0,0,0,0,0,neutral,other,train,SEACrowd/ViSoBERT
fresh_visobert_10089,Shop phục vụ rất tốt.,0,0,0,0,1,0,positive,enjoyment,train,SEACrowd/ViSoBERT
fresh_visobert_10600,"Tsubaki nha mọi người, được cái hôm nào dễ tính thì -4 ngày nó cho sạch sẽ, còn hôm nào sida thì hôm trước hôm sau bẩn đcđ 💔 Còn rụng tóc thì đừng lo, khá ok trong khoản làm tóc thêm rụng ☺ Vì dịch bệnh mà sống chung với em 4th rồi, khá hạnh phúc",1,1,1,1,1,1,negative,fear,train,SEACrowd/ViSoBERT
fresh_visobert_00390,nghiệp bê đê cặc lắm má,0,0,0,0,0,0,neutral,other,train,SEACrowd/ViSoBERT
fresh_visobert_06179,m7 nang 66kg thi Mac size j ha shop,0,0,0,0,1,0,neutral,other,train,SEACrowd/ViSoBERT
fresh_visobert_08514,Số lần dt rơi mặt là n,0,0,0,0,0,0,neutral,other,train,SEACrowd/ViSoBERT
fresh_visobert_04522,vừa lòng tao lắm tao dui rần chớt trần đòn câu cáp treo cá sấu câu like hiếu bả vô kím 🤣 🤣 🤣 😂 😂 😂,1,0,0,0,1,0,positive,enjoyment,train,SEACrowd/ViSoBERT
fresh_visobert_07827,Ngày xưa ngu muội cũng rồi.,1,0,0,0,0,1,negative,disgust,train,SEACrowd/ViSoBERT
fresh_visobert_09067,minh cần dây cắm amly jagua ra sub điện,0,0,0,0,0,0,neutral,other,train,SEACrowd/ViSoBERT
fresh_visobert_00478,cực kỳ thuyết phục,0,0,0,1,0,0,neutral,other,train,SEACrowd/ViSoBERT
fresh_visobert_04736,d4ng yu gk ^ ))),0,0,0,0,0,0,neutral,other,train,SEACrowd/ViSoBERT
fresh_visobert_03304,diện trần vậy 86 yêu bác sĩ qua đời,0,0,0,0,0,0,positive,enjoyment,train,SEACrowd/ViSoBERT
fresh_visobert_02602,dĩ cặc )) đẳng ngang di kkk,0,0,0,0,0,0,neutral,enjoyment,train,SEACrowd/ViSoBERT
fresh_visobert_08987,Khi thầy là idol của giới trẻ,0,0,0,0,1,0,neutral,other,train,SEACrowd/ViSoBERT
fresh_visobert_01343,ý thức má dị,0,0,0,0,0,0,negative,sadness,train,SEACrowd/ViSoBERT
fresh_visobert_11955,Sp xài tốt...,0,0,0,0,0,0,positive,enjoyment,train,SEACrowd/ViSoBERT
fresh_visobert_05264,nguyễn thuận cmt cặc não,0,0,0,0,0,0,neutral,other,train,SEACrowd/ViSoBERT
fresh_visobert_02605,chu gia bảo phúc lợi lao động nghỉ phép vô thời hạn lương bay )))),0,0,0,0,0,0,neutral,other,train,SEACrowd/ViSoBERT
fresh_visobert_02677,ngựa loz nhột cặc lozz má sủa,0,0,0,0,0,0,neutral,other,train,SEACrowd/ViSoBERT
fresh_visobert_10774,người xung quanh nhìn nhỏ như sinh vật lạ :V,0,0,0,0,0,0,neutral,other,train,SEACrowd/ViSoBERT
fresh_visobert_00999,tạ thị ngọc duyên mày má đéo xớ,0,0,0,0,0,0,negative,anger,train,SEACrowd/ViSoBERT
fresh_visobert_03762,thần kinh tọa,0,0,0,1,0,0,negative,disgust,train,SEACrowd/ViSoBERT
fresh_visobert_01796,thương quạ,0,0,0,0,0,0,neutral,sadness,train,SEACrowd/ViSoBERT
fresh_visobert_03975,page comcom dân vn cặc ngu tương tự )))),1,0,0,0,1,1,negative,disgust,train,SEACrowd/ViSoBERT
fresh_visobert_03203,bọn sán dây tuyên cặc giáo rả rời chân lủ,0,0,0,0,0,0,neutral,other,train,SEACrowd/ViSoBERT
fresh_visobert_11080,"không gian học thoải mái , giảng viên không tạo áp lực cho sinh viên .",0,0,0,0,0,0,neutral,other,train,SEACrowd/ViSoBERT
fresh_visobert_09257,"máy mình bi y như vây, nhờ ban trantit chỉ cách nào để dùng đươc , cám ơn ban .",0,0,0,1,0,0,neutral,other,train,SEACrowd/ViSoBERT
fresh_visobert_03870,lan trinh nha,0,0,0,0,0,0,neutral,other,train,SEACrowd/ViSoBERT
fresh_visobert_06367,"video mờ thế còn xác minh được , thế còn lão per đến giờ vẫn im lặng là sao ? 🙂",0,0,0,0,1,0,positive,sadness,train,SEACrowd/ViSoBERT
fresh_visobert_08844,Quần chất đẹp nhưng áo nhìn hơi chán. Form vừa vặn nên cho shop 5 * hihihihihhihihihihihihjihihihihihihihi,1,1,1,0,1,1,positive,enjoyment,train,SEACrowd/ViSoBERT
fresh_visobert_10384,Huỳnh Thái Minh Thi lên hít drama nào thủ quỹ kính yêu :))),0,0,0,0,1,0,positive,enjoyment,train,SEACrowd/ViSoBERT
fresh_visobert_05488,thuốc đêm phia ☺,0,0,0,0,0,0,negative,sadness,train,SEACrowd/ViSoBERT
fresh_visobert_08152,Bắc ninh mai lạnh k c,0,0,0,0,0,0,neutral,other,train,SEACrowd/ViSoBERT
fresh_visobert_10325,Đc làm từ FE TÁC DỤNG VỚI NHIỆT ĐỘ :),1,0,0,0,0,0,neutral,other,train,SEACrowd/ViSoBERT
fresh_visobert_01594,thưa danh hài trần tiger việt nam se đổi màu cờ,0,0,0,0,0,0,neutral,other,train,SEACrowd/ViSoBERT
fresh_visobert_00971,lê việt hùng hoàng nhẹ lương bờ,0,0,0,0,0,0,neutral,other,train,SEACrowd/ViSoBERT
fresh_visobert_01475,phố bolsa tiên tri zũ trụ trần dần,0,0,0,0,0,0,neutral,other,train,SEACrowd/ViSoBERT
fresh_visobert_09633,mọi người chú ý lyrics nhưng tui thấy nhảy cũng cute xiuz,1,0,1,0,1,0,positive,surprise,train,SEACrowd/ViSoBERT
fresh_visobert_03722,mày mày bắn tấc nhiên,0,0,0,0,0,0,negative,disgust,train,SEACrowd/ViSoBERT
fresh_visobert_04455,cường nguyễn chắc quen dòng nhạc atm quen đấy nhạc jack,0,0,0,0,0,0,neutral,other,train,SEACrowd/ViSoBERT
fresh_visobert_05283,mông lung chìm mớ suy nghĩ hỗn độn mày ko thể thoát đc )),0,0,0,0,0,0,neutral,other,train,SEACrowd/ViSoBERT
fresh_visobert_06630,E o ha noi ma.o van dien -thanh tri -hn,0,0,0,0,0,0,neutral,other,train,SEACrowd/ViSoBERT
fresh_visobert_02265,nguyen loc ship an dc,0,0,0,0,1,0,neutral,other,train,SEACrowd/ViSoBERT
fresh_visobert_02175,hóng thầy clip pubg,0,0,0,0,1,0,neutral,other,train,SEACrowd/ViSoBERT
fresh_visobert_00362,pha đánh ám ảnh lịch sử điện ảnh lưu truyền thời đại biểu tượng diễn viên học tập 🤣 🤣 🤣 🤣,1,1,0,0,0,1,neutral,fear,train,SEACrowd/ViSoBERT
fresh_visobert_00838,lê thị má trang đắt vcd,0,0,0,0,0,0,negative,sadness,train,SEACrowd/ViSoBERT
fresh_visobert_01671,diệu hằng )))),0,0,0,0,0,0,neutral,other,train,SEACrowd/ViSoBERT
fresh_visobert_05090,from mixi with love,0,0,0,0,1,0,positive,enjoyment,train,SEACrowd/ViSoBERT
fresh_visobert_00218,éo nha má liu liu,0,0,0,0,0,0,negative,anger,train,SEACrowd/ViSoBERT
fresh_visobert_06847,Mới tải về hi hi,0,0,0,0,0,0,negative,enjoyment,train,SEACrowd/ViSoBERT
fresh_visobert_05713,mồm im boy one champ lee =))),1,0,0,0,1,0,neutral,other,train,SEACrowd/ViSoBERT
fresh_visobert_04891,kinh doanh suốt than má lỗ kinh doanh lol ak dkm,0,0,0,0,1,0,negative,disgust,train,SEACrowd/ViSoBERT
fresh_visobert_00308,cực kì thuyết,0,0,0,1,0,0,neutral,other,train,SEACrowd/ViSoBERT
fresh_visobert_11740,Lúc trc thu ngầm..giờ ban hành luật để dễ thu công khai,0,0,0,0,0,0,neutral,other,train,SEACrowd/ViSoBERT
fresh_visobert_10327,oppo chụp ảnh chẳng net,0,0,0,0,0,0,positive,enjoyment,train,SEACrowd/ViSoBERT
fresh_visobert_06731,Bờ vai người yêu cũng vững chãi không kém :v Chinh,0,0,0,0,0,0,neutral,enjoyment,train,SEACrowd/ViSoBERT
fresh_visobert_00672,tưởng xuân hiển cặc vcl chó vvv,1,0,0,0,0,1,negative,anger,train,SEACrowd/ViSoBERT
fresh_visobert_11745,Có vấn đề gì thì in box nhé :v,0,0,0,0,0,0,neutral,other,train,SEACrowd/ViSoBERT
fresh_visobert_07034,hjx cứ tưởng được xem thánh melody Justatee với Vsoul :((,0,0,0,0,0,0,neutral,other,train,SEACrowd/ViSoBERT
fresh_visobert_04086,võ thị quỳnh kk kệ lun chẵng lẽ đời tóc đen 😂 😂,0,0,0,0,0,0,positive,enjoyment,train,SEACrowd/ViSoBERT
fresh_visobert_11375,Cái này Viruss chuyên sâu hơn nhỉ 😄,0,0,0,0,0,0,positive,enjoyment,train,SEACrowd/ViSoBERT
fresh_visobert_08896,Thiếu 1 tình huống đường 2 chiều nhưng vạch vàng liền(coi như con lươn).Nhiều lái xe đè vạch và lấn sang làn đường bên kia nhưng lại bị hù là đi sai làn thay vì lấn vạch.Giá đúng là 300-400 tăng lên 3tr-5tr .,1,1,1,1,0,1,neutral,disgust,train,SEACrowd/ViSoBERT
fresh_visobert_09642,Mệt bỏ mẹ ra. Xong đến lúc có tý thì th ck xách váy theo con khác . Công của mình là công cốc,0,0,0,0,0,0,neutral,other,train,SEACrowd/ViSoBERT
fresh_visobert_11654,này thì bướng với cán bộ này Kòy,0,0,0,0,0,0,neutral,other,train,SEACrowd/ViSoBERT
fresh_visobert_05010,đọc mệt mệt nha ))),0,0,0,0,0,0,neutral,other,train,SEACrowd/ViSoBERT
fresh_visobert_02480,ngộp ngạt rừng nha,0,0,0,0,0,0,neutral,enjoyment,train,SEACrowd/ViSoBERT
fresh_visobert_04095,ước mơ học bao học sinh tan biến,0,0,0,0,0,0,neutral,other,train,SEACrowd/ViSoBERT
fresh_visobert_10849,Cửu Âm Chân Kinh D - Phiên Bản Mới Duy Ngã Độc Tôn Tô Văn Dương Trần Hà Kings Scma,0,0,0,0,0,0,negative,disgust,train,SEACrowd/ViSoBERT
fresh_visobert_11973,T để cmt ở đây sẽ có nhiều người tự thấy ạ😆😆,0,0,0,0,0,0,neutral,enjoyment,train,SEACrowd/ViSoBERT
fresh_visobert_10209,lương lẹo là nghề của búa liềm,0,0,0,0,0,0,neutral,other,train,SEACrowd/ViSoBERT
fresh_visobert_11425,Hát nữa em say chế đâyys,0,0,0,0,0,0,neutral,other,train,SEACrowd/ViSoBERT
fresh_visobert_11634,khj tâm đã k an thì làm sao tui chịu an phận 😎,1,0,0,0,0,0,positive,enjoyment,train,SEACrowd/ViSoBERT
fresh_visobert_06972,Cái đuôi như copy honda city.,0,0,0,0,0,0,neutral,other,train,SEACrowd/ViSoBERT
fresh_visobert_08304,chơi game với âm thanh từ con Galaxy A7 5G thì cuốn khỏi bàn,1,0,0,0,1,0,positive,enjoyment,train,SEACrowd/ViSoBERT
fresh_visobert_07534,Nguyễn Khang chứ còn j nữa🤣🤣🤣,0,0,0,0,0,0,neutral,enjoyment,train,SEACrowd/ViSoBERT
fresh_visobert_07001,Đi ship hàng mà đói quá 🤩,1,0,1,0,1,0,neutral,surprise,train,SEACrowd/ViSoBERT
fresh_visobert_08834,Khi chả có tí gì hi vọng một mình ôm đống mộng mơ :)))),1,1,0,0,0,1,neutral,disgust,train,SEACrowd/ViSoBERT
fresh_visobert_06375,áo phông đê 😁😁,0,0,0,0,0,0,positive,enjoyment,train,SEACrowd/ViSoBERT
fresh_visobert_06882,Huỳnh Quán Hào Phạm Quốc Bảo Nguyên Hoàng Hồng Yến Học onl nhưng thi off câu 9 phút nhé =))),1,1,1,0,0,1,neutral,disgust,train,SEACrowd/ViSoBERT
fresh_visobert_04748,xưa vụ gján đjệp mỹ sup đổ ljên xô,0,0,0,0,0,0,negative,sadness,train,SEACrowd/ViSoBERT
fresh_visobert_07490,Hoa hồng bạn ăn mình mà tâm sự bạn đòi chia sẻ thì ai dám nhận 😂,1,1,1,0,0,1,positive,enjoyment,train,SEACrowd/ViSoBERT
fresh_visobert_10333,bẵn gà thì top mẹ gì :),1,0,0,0,1,1,neutral,disgust,train,SEACrowd/ViSoBERT
fresh_visobert_03358,tuân cười xĩu,0,0,0,0,0,0,positive,enjoyment,train,SEACrowd/ViSoBERT
fresh_visobert_11883,Biết thế lần sau đỡ lên trạm tiêm tốn tiền,0,0,0,0,0,0,negative,sadness,train,SEACrowd/ViSoBERT
fresh_visobert_03856,bình cứu hỏa china xịt mấy hút cặc thuốc lá xe vừa tắt thuốc chống hôi xe đmcs,0,0,0,0,0,0,neutral,other,train,SEACrowd/ViSoBERT
fresh_visobert_04439,tưởng đôi )),0,0,0,0,0,0,neutral,enjoyment,train,SEACrowd/ViSoBERT
fresh_visobert_08696,thân hình ducati nhưng sức khoẻ ếch choai tơ 🙂 lết k nổi cái xác,1,1,1,0,0,1,neutral,disgust,train,SEACrowd/ViSoBERT
fresh_visobert_09880,"Đói là còn may, thử lúc đau bụng mà đi Điện Biên Phủ giờ tan tầm đi. Lúc ra đến Hàng Xanh thì Bình Chánh đã lên quận rồi :))))",1,1,1,0,0,1,negative,disgust,train,SEACrowd/ViSoBERT
fresh_visobert_02127,độ thể mặc vest ngầu,0,0,0,0,1,0,positive,enjoyment,train,SEACrowd/ViSoBERT
fresh_visobert_00208,bòn chặt nha =))))))),1,0,0,0,0,0,neutral,other,train,SEACrowd/ViSoBERT
fresh_visobert_02159,văn hùng trend )),0,0,0,0,1,0,neutral,other,train,SEACrowd/ViSoBERT
fresh_visobert_09174,Mình nhiều khi bận con nhỏ mẹ chồng còn rửa bát luôn ý.,0,0,0,0,0,0,neutral,other,train,SEACrowd/ViSoBERT
fresh_visobert_03222,buồn cắt tóc phân ))) @ @ @ @,0,0,0,0,0,0,negative,sadness,train,SEACrowd/ViSoBERT
fresh_visobert_03662,mc kiểu cố nhịn cười,0,0,0,0,0,0,neutral,other,train,SEACrowd/ViSoBERT
fresh_visobert_07037,Vừa dẹp vừa quý phái,0,0,0,0,0,0,neutral,other,train,SEACrowd/ViSoBERT
fresh_visobert_06652,Thấy tím lắm Đức Anh Trịnh hốt đi này snam 99 =))),1,1,0,0,0,1,neutral,disgust,train,SEACrowd/ViSoBERT
fresh_visobert_04307,minh hoàng chill phết,1,0,0,0,1,0,neutral,enjoyment,train,SEACrowd/ViSoBERT
fresh_visobert_05072,cute vl =))),1,1,0,1,1,1,positive,enjoyment,train,SEACrowd/ViSoBERT
fresh_visobert_01427,triệu nè triệu nè đường quyền,0,0,0,0,0,0,neutral,other,train,SEACrowd/ViSoBERT
fresh_visobert_01431,abee ơiiiii,0,0,0,0,0,0,neutral,other,train,SEACrowd/ViSoBERT
fresh_visobert_03537,nhục cười tươi má giải quyết ))))),0,0,0,0,0,0,neutral,other,train,SEACrowd/ViSoBERT
fresh_visobert_06362,Dùm ơn giải này là do BGK chọn hỏng phải vote nha má :)) nói dị mấy con anti nguloz nó bảo thắng giải vote nữa tội bả :))),1,1,0,0,1,1,negative,disgust,train,SEACrowd/ViSoBERT
fresh_visobert_05202,khai báo cẩn thận máy bay cách ly đầu cặc đỡ khổ đéo bênh,0,0,0,0,0,0,negative,anger,train,SEACrowd/ViSoBERT
fresh_visobert_10979,Abe chất quá,1,0,0,0,0,0,positive,enjoyment,train,SEACrowd/ViSoBERT
fresh_visobert_10343,khong co nguoi yeu di choi o nha xem tao quan,0,0,0,0,0,0,neutral,other,train,SEACrowd/ViSoBERT
fresh_visobert_05619,wow giàu có,0,0,0,0,1,0,neutral,surprise,train,SEACrowd/ViSoBERT
fresh_visobert_01998,nguyên nhiễm lây bệnh n7 máy bay bảo lây bảo,0,0,0,0,0,0,neutral,other,train,SEACrowd/ViSoBERT
fresh_visobert_10656,"Khá nhỏ so với mình tưởng tượng, chuyển từ TQ về nên giao hàng lâu nhưg rẻ, đẹp, vẫn nên mua nha",0,0,0,0,0,0,positive,enjoyment,train,SEACrowd/ViSoBERT
fresh_visobert_00773,đài loan giỏi dốc,0,0,0,0,0,0,negative,fear,train,SEACrowd/ViSoBERT
fresh_visobert_03673,minh phạm mắt thẩm mĩ diêng,0,0,0,0,0,0,neutral,other,train,SEACrowd/ViSoBERT
fresh_visobert_06992,Làm bộ lego để xin vía lấy chồng đzai như diệu nhi đi ce 😝 phân phối đủ mã,0,0,0,0,0,0,neutral,other,train,SEACrowd/ViSoBERT
fresh_visobert_07321,Nhà có anh anh thì tăng động nóng nảy. anh thì điệm đạm nhã nhặn😝😂,1,1,0,0,0,1,positive,enjoyment,train,SEACrowd/ViSoBERT
fresh_visobert_02891,7 bẻ gãy sừng trâu 8 level đề má nghị đái nhẹ khẽ địt duyên khéo bể tường 😓 😓 😓,0,0,0,0,0,0,neutral,other,train,SEACrowd/ViSoBERT
fresh_visobert_06705,Mong em luôn vui vẻ yêu thương bản thân . Sau hôm nay quên đi hết những phiền lo . Phát triển bản thân thật tốt 🥰,0,0,0,0,0,0,positive,enjoyment,train,SEACrowd/ViSoBERT
fresh_visobert_02859,khai giảng cỉa,0,0,0,0,0,0,neutral,other,train,SEACrowd/ViSoBERT
fresh_visobert_09409,ko pkl đồ ăn ở đâu mà ngon dữ thần,1,0,1,1,0,0,neutral,surprise,train,SEACrowd/ViSoBERT
fresh_visobert_11858,"Mình mua sale hôm mồng 7/7.Mồng 9/7 đã nhận dc rồi.Đủ hàng,shipper thân thiện.Chất lượng thì chưa biết thế nào 🤣",1,0,0,0,1,0,positive,enjoyment,train,SEACrowd/ViSoBERT
fresh_visobert_03356,het cặc thuoc chua roi,0,0,0,0,0,0,neutral,other,train,SEACrowd/ViSoBERT
fresh_visobert_08505,"Đóng gói kĩ, giao hàng đúng ngày. Chất lưỡng đi đôi với số tiền nha!",1,0,0,0,0,0,positive,enjoyment,train,SEACrowd/ViSoBERT
fresh_visobert_05407,áo sọc mặc hoài thầy,0,0,0,0,0,0,negative,sadness,train,SEACrowd/ViSoBERT
fresh_visobert_02804,love chu cà mo,0,0,0,0,1,0,positive,enjoyment,train,SEACrowd/ViSoBERT
fresh_visobert_01048,bất tai dùng comeback vs đàn đóm chứ phổ biến hit đầu,0,0,0,0,1,0,neutral,other,train,SEACrowd/ViSoBERT
fresh_visobert_04988,trấn dần nhiễm lắm hài,0,0,0,0,0,0,positive,enjoyment,train,SEACrowd/ViSoBERT
fresh_visobert_11178,Thuỷ Tiên Nguyễn bài ca kỉ niệm,0,0,0,0,0,0,negative,disgust,train,SEACrowd/ViSoBERT
fresh_visobert_04807,trung trộm vé số,0,0,0,0,0,0,neutral,fear,train,SEACrowd/ViSoBERT
fresh_visobert_03819,trần vỹ nhục đi đạo nhái fan cặc nhục gấp đôi hâm mộ đạo chất xám ng,1,0,0,0,1,1,positive,disgust,train,SEACrowd/ViSoBERT
fresh_visobert_11830,sản phẩm chính hãng rất tốt,0,0,0,0,0,0,positive,enjoyment,train,SEACrowd/ViSoBERT
fresh_visobert_00485,chào trở lại tòi súng vờ lốc )),0,0,0,0,0,0,positive,sadness,train,SEACrowd/ViSoBERT
fresh_visobert_03334,linh pham thi sắm,0,0,0,0,1,0,neutral,enjoyment,train,SEACrowd/ViSoBERT
fresh_visobert_06973,Lê Quỳnh Giao e xem này . A vs e cùng xem để hp e ha,0,0,0,0,0,0,neutral,other,train,SEACrowd/ViSoBERT
fresh_visobert_01361,văn phụng tui trc trend )),0,0,0,0,1,0,neutral,other,train,SEACrowd/ViSoBERT
fresh_visobert_03053,mèo nhậu nhẹt dc mời cơm kìa,0,0,0,0,0,0,neutral,other,train,SEACrowd/ViSoBERT
fresh_visobert_08702,Không sao cả.dù gì thì chồng cô cũng đã giúp một người hết sợ đàn ông rồi.cái này gọi làcứu một mạng người bằng xây 7 cái nhà xí ấy,0,0,0,0,0,1,negative,fear,train,SEACrowd/ViSoBERT
fresh_visobert_00850,khùng chuyên quần quần cặc đường tính ra gu ăn mặc a tiệp khùng xóm,1,0,0,0,0,1,neutral,disgust,train,SEACrowd/ViSoBERT
fresh_visobert_05001,chug định mjk,0,0,0,0,0,0,positive,enjoyment,train,SEACrowd/ViSoBERT
fresh_visobert_06082,múp ngon húp )),0,0,0,0,0,0,positive,sadness,train,SEACrowd/ViSoBERT
fresh_visobert_05189,mồm tiếng việt chửi việt,0,0,0,0,0,0,positive,sadness,train,SEACrowd/ViSoBERT
fresh_visobert_08649,Sp còn chưa kịp chơi game =)),1,0,0,0,1,0,neutral,other,train,SEACrowd/ViSoBERT
fresh_visobert_05633,lưỡi thầy đốm,0,0,0,0,0,0,neutral,other,train,SEACrowd/ViSoBERT
fresh_visobert_00416,đinh nguyễn vươn anh tuan,0,0,0,0,0,0,negative,disgust,train,SEACrowd/ViSoBERT
fresh_visobert_03335,my trần ủa cặc,1,0,0,0,1,0,neutral,surprise,train,SEACrowd/ViSoBERT
fresh_visobert_06208,Má nó bực vl á :* :* :*,0,0,0,1,0,1,negative,anger,train,SEACrowd/ViSoBERT
fresh_visobert_10452,Pháo thủ đê vào top4 thật,0,0,0,0,0,0,neutral,other,train,SEACrowd/ViSoBERT
fresh_visobert_00278,optimusthree 99 sức mạnh,0,0,0,0,0,0,neutral,sadness,train,SEACrowd/ViSoBERT
fresh_visobert_00400,yo min )))),0,0,0,0,1,0,negative,enjoyment,train,SEACrowd/ViSoBERT
fresh_visobert_11732,Trần Tố Như t thấy mấy gr đó dơ cm 🙂 tuy k dô nma nghe kể cg bt ê s kiểu mấy cha này thíu mùi chịu hông noiir á ba :)) dơ thật sự,1,1,0,0,0,0,neutral,surprise,train,SEACrowd/ViSoBERT
fresh_visobert_06579,"giảng viên giảng bài dễ hiểu , vui tính , nhiệt tình .",0,0,0,0,0,0,positive,enjoyment,train,SEACrowd/ViSoBERT
fresh_visobert_08206,Đẹp mà eo nhỏ Quá mẫu xòe ra eo to đi chị,1,0,1,0,0,1,positive,enjoyment,train,SEACrowd/ViSoBERT
fresh_visobert_02843,cao đức huy )),0,0,0,0,0,0,neutral,other,train,SEACrowd/ViSoBERT
fresh_visobert_04251,xào lăn ngon )),0,0,0,0,0,0,positive,sadness,train,SEACrowd/ViSoBERT
fresh_visobert_02907,di trùng du học 😂 😂 😂 😂 😂 😂 😂 😂 😂 😂 😂,0,0,0,0,0,0,positive,enjoyment,train,SEACrowd/ViSoBERT
fresh_visobert_01546,hoàng huytiến đạt,0,0,0,0,0,0,positive,enjoyment,train,SEACrowd/ViSoBERT
fresh_visobert_04554,thảo vi căng 😭 😭 😭,0,0,0,0,0,0,negative,sadness,train,SEACrowd/ViSoBERT
fresh_visobert_03447,trần nguyên khôi,0,0,0,0,0,0,neutral,other,train,SEACrowd/ViSoBERT
fresh_visobert_11177,"Hoàng Bằng Còn kém lắm ạ, phụ lòng thầy cô",0,0,0,0,0,0,negative,sadness,train,SEACrowd/ViSoBERT
fresh_visobert_09411,Khanh Nguyen hài như gì vại,0,0,0,0,0,0,neutral,other,train,SEACrowd/ViSoBERT
fresh_visobert_03349,phản động khắp mấy cặc bán nước hút máu dân đen cứ sủa luật bọn chó,0,0,0,0,0,0,neutral,other,train,SEACrowd/ViSoBERT
fresh_visobert_11563,Co nhiêm khong,0,0,0,0,0,0,neutral,other,train,SEACrowd/ViSoBERT
fresh_visobert_01725,hnay tivi chiếu xong táo nc,0,0,0,0,0,0,neutral,other,train,SEACrowd/ViSoBERT
fresh_visobert_00611,chúng mày nhịn cặc tham ô cửa quyền,0,0,0,0,0,0,neutral,other,train,SEACrowd/ViSoBERT
fresh_visobert_07022,Con này to hơn,0,1,0,0,0,0,positive,disgust,train,SEACrowd/ViSoBERT
fresh_visobert_03244,source lắm,0,0,0,0,0,0,negative,sadness,train,SEACrowd/ViSoBERT
fresh_visobert_01756,luật bọn tham nhũng soạn đương cặc nhiên luật bảo vệ bọn,0,0,0,0,0,0,neutral,other,train,SEACrowd/ViSoBERT
fresh_visobert_09219,Giảm cân vây khoang bao nhiêu vây a,0,0,0,0,0,0,neutral,other,train,SEACrowd/ViSoBERT
fresh_visobert_04032,abe học sinh,0,0,0,0,0,0,neutral,other,train,SEACrowd/ViSoBERT
fresh_visobert_06053,tất cả đều ổn trừ cái :),1,0,0,0,0,0,positive,enjoyment,train,SEACrowd/ViSoBERT
fresh_visobert_02566,actually tiếng mỹ nha )),0,0,0,0,0,0,negative,sadness,train,SEACrowd/ViSoBERT
fresh_visobert_10690,3 que duy nhất ko bị ghét,0,0,0,0,0,0,negative,sadness,train,SEACrowd/ViSoBERT
fresh_visobert_05969,Trang Hoang Nhi Dang thấy sn của bạn iu dấu 🤩🤩🤩,0,0,0,0,0,0,neutral,other,train,SEACrowd/ViSoBERT
fresh_visobert_11197,Thái Phan Bảo Anh tag em đi chị. Chứ tự Tag nó kì qua s/v,0,0,0,0,0,0,neutral,other,train,SEACrowd/ViSoBERT
fresh_visobert_02786,lôi câu donate tùng said chụp ông già,0,0,0,0,0,0,neutral,other,train,SEACrowd/ViSoBERT
fresh_visobert_10886,vừa mơ thấy SE vô địch 🥲,0,0,0,0,0,0,neutral,sadness,train,SEACrowd/ViSoBERT
fresh_visobert_10911,Hạnh Trần dễ thương ghê 😉 buồn thì cứ khóc đúng hong bạn iu,0,0,0,0,0,0,negative,sadness,train,SEACrowd/ViSoBERT
fresh_visobert_01835,phuc doan ráng học vô quá cha,0,0,0,0,0,0,neutral,other,train,SEACrowd/ViSoBERT
fresh_visobert_05967,Hợp vr gia tiên,0,0,0,0,0,0,neutral,enjoyment,train,SEACrowd/ViSoBERT
fresh_visobert_00465,nguyễn đạt gu bro,0,0,0,0,1,0,neutral,other,train,SEACrowd/ViSoBERT
fresh_visobert_11167,nhất Hưng dồi đấyyyy,0,0,0,0,0,0,positive,enjoyment,train,SEACrowd/ViSoBERT
fresh_visobert_00624,trang bi bon viet tan mua dut roi bay gio chi thay mui thoi ah,0,0,0,0,0,0,neutral,other,train,SEACrowd/ViSoBERT
fresh_visobert_06044,Lên cả caro đen trắng đi e,0,0,0,0,0,0,neutral,other,train,SEACrowd/ViSoBERT
fresh_visobert_07371,Nợ lằm nợ lốn,0,0,0,0,0,0,neutral,other,train,SEACrowd/ViSoBERT
fresh_visobert_10459,vác mông lên thì có volunteer nó hướng dẫn mà :-j anh h là outsider rùi =)) vào trường nó gô cỗ đưa lên phường :(,1,1,1,0,0,1,neutral,disgust,train,SEACrowd/ViSoBERT
fresh_visobert_00892,mèo tom thường xuyên bữa ))),0,0,0,0,0,0,neutral,other,train,SEACrowd/ViSoBERT
fresh_visobert_01281,thầy ao đen bê đơi oh,0,0,0,0,0,0,neutral,other,train,SEACrowd/ViSoBERT
fresh_visobert_03977,cơm cá mồm chết thơm người ta vả mồm,0,0,0,0,0,0,neutral,other,train,SEACrowd/ViSoBERT
fresh_visobert_02537,sáng tạo vãi lồn,0,0,0,1,0,0,negative,surprise,train,SEACrowd/ViSoBERT
fresh_visobert_11609,nhanh trí đợi thêm 8 năm nữa rồi gọi nó là bố vợ :v,0,0,0,0,0,0,neutral,other,train,SEACrowd/ViSoBERT
fresh_visobert_02192,tiên tri gi gọi má tri thần kinh,0,0,0,1,0,0,negative,disgust,train,SEACrowd/ViSoBERT
fresh_visobert_06844,Hên quá chỉ uốn bia thôi,0,0,0,0,0,0,neutral,other,train,SEACrowd/ViSoBERT
fresh_visobert_03808,sợ đám trò hề chúng nó )),1,0,0,1,0,1,negative,fear,train,SEACrowd/ViSoBERT
fresh_visobert_02769,đc đấy abe,0,0,0,0,0,0,neutral,other,train,SEACrowd/ViSoBERT
fresh_visobert_07691,"Hồi mới yêu nhau, mỗi ngày chỉ cần nhìn thấy em 5 phút là anh đã thấy hạnh phúc cả ngày.",0,0,0,0,0,0,positive,enjoyment,train,SEACrowd/ViSoBERT
fresh_visobert_11148,Ba hưng tối hôm đó,0,0,0,0,0,0,positive,enjoyment,train,SEACrowd/ViSoBERT
fresh_visobert_10767,Cán mốc 699 bàn thắng ở mọi clb,0,0,0,0,0,0,neutral,other,train,SEACrowd/ViSoBERT
fresh_visobert_03511,tụng kinh đag đọc ráp trời,0,0,0,0,0,0,negative,disgust,train,SEACrowd/ViSoBERT
fresh_visobert_03258,minh hiếu tỏa ánh vàng )),0,0,0,0,0,0,neutral,other,train,SEACrowd/ViSoBERT
fresh_visobert_05913,Trương Thảo Quyên nè e,0,0,0,0,0,0,positive,enjoyment,train,SEACrowd/ViSoBERT
fresh_visobert_06462,Cị ơi chỗ cị với cơ sở mới có tuyển thêm người k ạ,0,0,0,0,0,0,neutral,other,train,SEACrowd/ViSoBERT
fresh_visobert_02604,ý thức má cđb,0,0,0,0,0,0,negative,sadness,train,SEACrowd/ViSoBERT
fresh_visobert_11585,"Còn việc đuổi vợ ổng ra khỏi nhà là k nghĩ cho cảm nhận của ng mất, đồng thời vơ thêm việc vào người. Ai là gì của ông ý thì làm đúng nghĩa vụ vs ông mới tốt cho tất cả mn",0,0,0,0,0,0,positive,enjoyment,train,SEACrowd/ViSoBERT
fresh_visobert_02171,tùng sói cute,0,0,0,0,1,0,positive,enjoyment,train,SEACrowd/ViSoBERT
fresh_visobert_00756,tụi mày lồn cặc vuông,0,0,0,0,0,0,negative,disgust,train,SEACrowd/ViSoBERT
fresh_visobert_07613,Shop đồ chất như hình nha...,1,0,0,1,1,0,positive,enjoyment,train,SEACrowd/ViSoBERT
fresh_visobert_08088,bố mày ngứa mắt lắm rồi đấy,0,0,0,0,0,0,neutral,disgust,train,SEACrowd/ViSoBERT
fresh_visobert_02342,nhập ghi thầy ko đc,0,0,0,0,0,0,neutral,other,train,SEACrowd/ViSoBERT
fresh_visobert_01448,mai thu hoàng idol cno vua chúa ))) sợ vl,0,0,0,1,1,1,negative,fear,train,SEACrowd/ViSoBERT
fresh_visobert_08334,Serum bn vậy c Vân.e vừa vào,0,0,0,0,0,0,neutral,other,train,SEACrowd/ViSoBERT
fresh_visobert_02187,thương mong chết cặc đất nước bớt phân,0,0,0,0,0,0,neutral,sadness,train,SEACrowd/ViSoBERT
fresh_visobert_03097,mều siu nhơn khanhly pham trang mua tạm bút ntkia bù ly =))),1,0,0,0,0,0,neutral,other,train,SEACrowd/ViSoBERT
fresh_visobert_10615,Meme mới cho các vozer =))),1,0,0,0,1,0,neutral,other,train,SEACrowd/ViSoBERT
fresh_visobert_04254,thầy bê đê thầy,0,0,0,0,0,0,negative,other,train,SEACrowd/ViSoBERT
fresh_visobert_05584,xài kem gương mặt dep,0,0,0,0,0,0,neutral,other,train,SEACrowd/ViSoBERT
fresh_visobert_09637,Nguyễn Bảo Lan Vyy hmmm,0,0,0,0,0,0,negative,disgust,train,SEACrowd/ViSoBERT
fresh_visobert_03132,cặc mất dạy,0,0,0,0,0,0,negative,sadness,train,SEACrowd/ViSoBERT
fresh_visobert_00577,this is vietnam,0,0,0,0,1,0,positive,enjoyment,train,SEACrowd/ViSoBERT
fresh_visobert_04323,có lẽ cốc cafe kpai )),0,0,0,0,0,0,neutral,other,train,SEACrowd/ViSoBERT
fresh_visobert_05304,chữ long xuyên 5 rợn da gà lx,1,0,0,0,0,1,neutral,disgust,train,SEACrowd/ViSoBERT
fresh_visobert_02170,ngược chính sách má ngu dân chết,1,0,0,0,0,1,negative,disgust,train,SEACrowd/ViSoBERT
fresh_visobert_10779,Các bác chỉ nhìn cái tiêu cực trong XH. Bn người k càn sự sống đang gồng mình cứu giúp người dân đang bên ngoài vùng lũ kia. Mỗi ng 1 việc. P.anh a ấy có tiền thì ở trên khô phát lương thực cho những người được CBCS k màng tính mạng mình đưa ng dân từ nơi nguy hiểm vào. Đừng nói vì tiền thuế nhá bạn. B có dám vì tiền mà đánh đổi mạng sống của mình ko?,1,1,1,1,0,1,neutral,fear,train,SEACrowd/ViSoBERT
fresh_visobert_06645,chẳng ai thươg tiết bọn này khi chúng nằm lăn ra.,0,0,0,0,0,0,neutral,other,train,SEACrowd/ViSoBERT
fresh_visobert_10530,tưởng gọi là gm phản thầy chứ :v,0,0,0,0,0,0,neutral,other,train,SEACrowd/ViSoBERT
fresh_visobert_08555,Cho em lam quen voi chi nha,0,0,0,0,0,0,neutral,other,train,SEACrowd/ViSoBERT
fresh_visobert_03938,duke 6 thời skt top toàn vs lính lane kia lo,0,0,0,0,1,0,negative,fear,train,SEACrowd/ViSoBERT
fresh_visobert_01489,bánh mì giọng giúp nhím hát,0,0,0,0,0,0,neutral,other,train,SEACrowd/ViSoBERT
fresh_visobert_08342,"A ơi a có thể giải thích lại giúp e quy tắc duyệt bài của gr được k ạ? E có up vài bài, cả ảnh meme cả 1 tấm chụp với a mà k hiểu sao mod xóa hết, có phải là bài của e k đủ tiêu chuẩn hay vi phạm nội quy gì k a??",0,0,1,0,1,0,positive,enjoyment,train,SEACrowd/ViSoBERT
fresh_visobert_09923,Chúc cháu gái nai buổi tối vui bẻ nhé,0,0,0,0,0,0,positive,enjoyment,train,SEACrowd/ViSoBERT
fresh_visobert_10100,Điệp Điệp chết mất,1,0,0,1,0,0,neutral,other,train,SEACrowd/ViSoBERT
fresh_visobert_05389,nguyễn huy hanh bảnh bọn icm,0,0,0,0,0,0,neutral,other,train,SEACrowd/ViSoBERT
fresh_visobert_07950,Rât tinh cam lam cho ngươi nghe say sưa,0,0,0,0,0,0,neutral,other,train,SEACrowd/ViSoBERT
fresh_visobert_10102,Me t coi bói bảo t s này có vợ mà trc mắt ế mười mấy năm nay r =)))),1,1,1,0,1,1,neutral,disgust,train,SEACrowd/ViSoBERT
fresh_visobert_04094,đào mạnh an nghi cách ly điểu trị xét nghiệm chết khám nghiệm kết luận virus đường đeo khẩu trang bọn đấm mặt điều trị,0,0,0,0,0,0,neutral,other,train,SEACrowd/ViSoBERT
fresh_visobert_02590,dep muon noi chg voi,0,0,0,0,0,0,neutral,other,train,SEACrowd/ViSoBERT
fresh_visobert_03653,uầy hội ngông ngóng cặc lũ đu gửi tiền,0,0,0,0,0,0,neutral,other,train,SEACrowd/ViSoBERT
fresh_visobert_01951,nhị thắng chốt hạ má câu top vãi nồi,0,0,0,1,1,0,neutral,surprise,train,SEACrowd/ViSoBERT
fresh_visobert_00020,Sống Về Đêm thi cái luôn à . Rắc rối thế,0,0,0,0,0,0,neutral,other,train,SEACrowd/ViSoBERT
fresh_visobert_00600,mưa gió bão bùng,0,0,0,0,0,0,negative,enjoyment,train,SEACrowd/ViSoBERT
fresh_visobert_09482,Kẻ thù lớn nhất của đời người là chính mình 🤣,0,0,0,0,0,0,neutral,enjoyment,train,SEACrowd/ViSoBERT
fresh_visobert_07174,"Để nó đói quá , nên nó mới ăn như vậy",1,0,0,1,0,0,neutral,other,train,SEACrowd/ViSoBERT
fresh_visobert_01172,nge cau mãi mãi phồn vinh,0,0,0,0,0,0,neutral,other,train,SEACrowd/ViSoBERT
fresh_visobert_03090,thắm sợ chó cặc sai hôm giám chúc mừng huhu,0,0,0,0,0,0,negative,fear,train,SEACrowd/ViSoBERT
fresh_visobert_10670,piet mà hỏi ta,1,0,1,0,0,0,neutral,surprise,train,SEACrowd/ViSoBERT
fresh_visobert_05334,abe cặc xàm,1,0,0,0,0,1,neutral,disgust,train,SEACrowd/ViSoBERT
fresh_visobert_02221,tức diêng quyền đổi tập cận bình thành cập tẩm bình,0,0,0,0,0,0,negative,anger,train,SEACrowd/ViSoBERT
fresh_visobert_10519,"Cái vòi xịt đít còn được lên cfs, còn mình thì không :<",0,0,0,0,0,0,neutral,other,train,SEACrowd/ViSoBERT
fresh_visobert_06533,"Tuổi Trẻ Thành Phố Hồ Chí Minh Yêu Nước tình hình mấy e sao r ad,ad update cho e hóng vs ạ",0,0,0,0,1,0,positive,enjoyment,train,SEACrowd/ViSoBERT
fresh_visobert_02043,chúc gia đình thầy chủ nhật yên bình,0,0,0,0,0,0,neutral,other,train,SEACrowd/ViSoBERT
fresh_visobert_07906,Dạ áp dụng cho số sản phẩm thoi ạ,0,0,0,0,0,0,neutral,other,train,SEACrowd/ViSoBERT
fresh_visobert_03278,triết lý lắm từ ngữ ứ thể share,0,0,0,0,1,0,neutral,other,train,SEACrowd/ViSoBERT
fresh_visobert_11892,"khi cần có thể lấy ra làm gỏi luôn, rất ngon và giòn",0,0,0,0,0,0,neutral,other,train,SEACrowd/ViSoBERT
fresh_visobert_11090,Tao đang có công việc rất chi là ổn định và không thiếu ăn thiếu mặc trong bộ phận nhà nước nhưng ng phụ nữ của tao lại khuyên tao nghĩ làm ở đó và trở lại nghề củ là lái taxi theo mọi người tao nên nghe lời khuyên này không???,1,0,1,0,0,0,positive,surprise,train,SEACrowd/ViSoBERT
fresh_visobert_09011,Đàm Tổng khỏe k chị Thy?,0,0,0,0,0,0,neutral,other,train,SEACrowd/ViSoBERT
fresh_visobert_06244,M chốt quần từ nãy mà ko dk,1,0,1,0,0,0,neutral,surprise,train,SEACrowd/ViSoBERT
fresh_visobert_04014,vũ khắc tiệp dương tính covid 9 cặc cuộc sống thái độ,0,0,0,0,0,0,neutral,other,train,SEACrowd/ViSoBERT
fresh_visobert_10809,Công viên Hồ Tây - Công viên Nước và Công viên Mặt Trời Mới khi nào trò chơi mới thì hoàn thiện xong hả bạn,1,1,0,0,0,0,neutral,surprise,train,SEACrowd/ViSoBERT
fresh_visobert_09530,"Hàng đẹp, chắc chắn.",0,0,0,0,0,0,positive,enjoyment,train,SEACrowd/ViSoBERT
fresh_visobert_03949,tộc trưởng buồi to cặc lõi giấy vệ sinh,0,0,0,0,0,0,neutral,other,train,SEACrowd/ViSoBERT
fresh_visobert_05062,đm admin ngu vcl )) chăcs cặc tưởng vs nguy hiểm lắm đấy )),1,0,1,0,1,1,negative,anger,train,SEACrowd/ViSoBERT
fresh_visobert_10516,Nhanh trí dutcu vào để gọi dậy :=),1,0,0,0,0,0,positive,enjoyment,train,SEACrowd/ViSoBERT
fresh_visobert_10003,Dương Huỳnh Cẩm Tiên mẹ t cực kỳ tin tưởng ở m đoá,0,0,0,1,0,0,neutral,other,train,SEACrowd/ViSoBERT
fresh_visobert_02968,hiếu bùi giỏi qá cc cặc,0,0,0,0,0,0,neutral,other,train,SEACrowd/ViSoBERT
fresh_visobert_07372,Bộc phá mù mắt,0,0,0,0,0,0,negative,anger,train,SEACrowd/ViSoBERT
fresh_visobert_08162,"Tựu trường người ta chụp ảnh,còn mình thì k có điện thoại",0,0,0,0,0,0,neutral,other,train,SEACrowd/ViSoBERT
fresh_visobert_04280,xe máy già đú tụi ))),0,0,0,0,0,0,neutral,other,train,SEACrowd/ViSoBERT
fresh_visobert_04564,noi dong cham toi ban tot 6 chu vang la bi ghep toi phan dong roi cặc co ca dam dlv ngu ngoc tre trau cung vo goi la phan dong viet tan potay luon,1,0,0,0,0,1,negative,disgust,train,SEACrowd/ViSoBERT
fresh_visobert_03588,hợp lí vlone,0,0,0,0,0,0,negative,enjoyment,train,SEACrowd/ViSoBERT
fresh_visobert_02453,ad chẳng cc ổng ko tranh giành cặc đồng lòng đc sắp xếp,0,0,0,0,0,0,neutral,other,train,SEACrowd/ViSoBERT
fresh_visobert_00275,đào hà văn rinaky cn anh chị cẩn thận,0,0,0,0,0,0,neutral,other,train,SEACrowd/ViSoBERT
fresh_visobert_06698,Bạn này chi nhiều tiền vào mkt pr phết đấy. Chúc sớm thành công,0,0,0,0,0,0,positive,enjoyment,train,SEACrowd/ViSoBERT
fresh_visobert_11164,Đã mua lần thứ 2 phần mềm diệt virus này. Cảm thấy dễ sử dụng và cũng khá hiệu quả.,0,0,0,1,1,0,positive,enjoyment,train,SEACrowd/ViSoBERT
fresh_visobert_06661,"Dạ kính thưa chị 3,thật sự giàu kg ai dám khoe của nha,, và có cái tâm thì trời, Phật biết và người hưởng phước đó là gđ và con em của chị 3 hưởng, kg ai hưởng đâu, đừng đem lên đây nói, giờ mấy em nhỏ nhỏ còn biết làm từ thiện, vậy chị 3 bao nhiêu tuổi rồi mà còn nói chuyện sân si quá.",1,1,1,0,0,1,neutral,disgust,train,SEACrowd/ViSoBERT
fresh_visobert_02517,ông tổ hài bolsa,0,0,0,1,0,1,positive,enjoyment,train,SEACrowd/ViSoBERT
fresh_visobert_08429,Cố tỏ ra là mình ổn nhưng sau bên trong.,1,0,1,0,0,0,neutral,surprise,train,SEACrowd/ViSoBERT
fresh_visobert_08354,Lại béo các quan trên,0,0,0,0,0,0,negative,sadness,train,SEACrowd/ViSoBERT
fresh_visobert_11009,"Ôi ! Câu chuyện thật hay , ông ấy trả lại là đúng , là một con người tốt không tham lam những gì không phải của mình . Dù nghèo , dù khốn khó nhưng vẫn giữ được trong sạch đó là phẩm chất đáng quí , đáng nễ . Ông ấy sẻ gặp được người tốt giúp đỡ thôi .",1,1,1,0,0,1,positive,enjoyment,train,SEACrowd/ViSoBERT
fresh_visobert_07518,Lãi chuẩn ngân hàng,0,0,0,0,0,0,positive,enjoyment,train,SEACrowd/ViSoBERT
fresh_visobert_08018,Khiếpp bình tĩnh thoii các bạn :<,0,0,0,0,0,0,neutral,other,train,SEACrowd/ViSoBERT
fresh_visobert_11746,Đặng Chí Thành t tim thay thu' phu hop nhat de dem xuong BP roi,0,0,0,0,0,0,neutral,other,train,SEACrowd/ViSoBERT
fresh_visobert_09178,a giờ già r có hiện rõ những vết chân chim 😕,0,0,0,0,0,0,neutral,other,train,SEACrowd/ViSoBERT
fresh_visobert_10052,Rồi và cái kết nát lunnn cái màn hình 🤣,0,0,0,0,0,0,neutral,enjoyment,train,SEACrowd/ViSoBERT
fresh_visobert_07539,Có gối cho bé ko chị,0,0,0,0,0,0,neutral,other,train,SEACrowd/ViSoBERT
fresh_visobert_05092,hoaprox kết hợp jack ồn ào hợp jack,0,0,0,0,0,0,positive,enjoyment,train,SEACrowd/ViSoBERT
fresh_visobert_06955,"Bộ này vừa hay vừa hài. Chủ tịch phải làm lụng vất vả kiếm tiền cho tổ chức, còn mấy con ghệ thì đi ngao du khắp thế giới:]]",0,0,0,0,0,0,positive,enjoyment,train,SEACrowd/ViSoBERT
fresh_visobert_01738,tuấn hưng vs khắc việt,0,0,0,0,0,0,positive,enjoyment,train,SEACrowd/ViSoBERT
fresh_visobert_11500,A 65 kg vừa ko c,0,0,0,0,0,0,neutral,other,train,SEACrowd/ViSoBERT
fresh_visobert_06574,Bad👎🏿VietNam👎🏿Lie🤝☠RUSSIA💀no good and super dirty bad👎🏿,0,0,0,0,1,0,neutral,other,train,SEACrowd/ViSoBERT
fresh_visobert_07434,Nguyễn Thảo uhmmm 🤔,0,0,0,0,0,0,negative,disgust,train,SEACrowd/ViSoBERT
fresh_visobert_06324,Ngày kia là thứ,0,0,0,0,0,0,negative,sadness,train,SEACrowd/ViSoBERT
fresh_visobert_05222,đoàn duy diện địa chỉ bro ưiiii 🤣 🤣 🤣,0,0,0,0,1,0,neutral,enjoyment,train,SEACrowd/ViSoBERT
fresh_visobert_05863,Thiên linh linh địa linh linh :)),0,0,0,0,0,0,neutral,other,train,SEACrowd/ViSoBERT
fresh_visobert_01241,bua nao ve sai gon gap nha,0,0,0,0,0,0,neutral,other,train,SEACrowd/ViSoBERT
fresh_visobert_05398,mặt má xịt chó cắn,0,0,0,0,0,0,neutral,other,train,SEACrowd/ViSoBERT
fresh_visobert_04175,chửi bọn tư bổn con cái quan chức cặc xứ thiên đường trốn xứ dẫy chết,0,0,0,0,0,0,neutral,other,train,SEACrowd/ViSoBERT
fresh_visobert_10953,cứ là gái là dc,0,0,0,0,0,0,neutral,other,train,SEACrowd/ViSoBERT
fresh_visobert_03961,nguyễn thị luận nghỉ dài hạn nha,0,0,0,0,0,0,neutral,other,train,SEACrowd/ViSoBERT
fresh_visobert_01296,phạm ngọc tâm im điiiiiiii,0,0,0,0,0,0,positive,enjoyment,train,SEACrowd/ViSoBERT
fresh_visobert_06390,Lenie Lê điệu vl,0,0,0,1,0,0,negative,surprise,train,SEACrowd/ViSoBERT
fresh_visobert_09332,Thanh Phương đi nè,0,0,0,0,0,0,negative,sadness,train,SEACrowd/ViSoBERT
fresh_visobert_10803,Thật ra thì ông ny m nó nhiệt tình mỗi tội hơi vụng thôi. Sau dậy nó là đc. việc gì phải khó ở thế.,0,0,0,0,0,0,neutral,other,train,SEACrowd/ViSoBERT
fresh_visobert_09052,Phan Trí Thông đi xe này thì m buồn ngủ hộ t cái ??? :))),1,0,0,0,0,0,negative,sadness,train,SEACrowd/ViSoBERT
fresh_visobert_02991,chó diên dan chuong cặc trình muon ỉa quần,0,0,0,0,1,0,negative,disgust,train,SEACrowd/ViSoBERT
fresh_visobert_02541,been 9 nguyễn thế chửi tụi bây rảnh lồn cặc vô cmt đàng hoàng đầu người ta đàng hoàng,0,0,0,0,0,0,neutral,other,train,SEACrowd/ViSoBERT
fresh_visobert_09969,2 mẹ con de thương quá,0,0,0,0,0,0,neutral,sadness,train,SEACrowd/ViSoBERT
fresh_visobert_09573,Đầu Gấu bản chất của phương tây là vậy. Bị bệnh GATO. Khó chữa,1,0,0,0,0,0,positive,enjoyment,train,SEACrowd/ViSoBERT
fresh_visobert_05446,dần tui coi dc kaka,0,0,0,0,1,0,negative,sadness,train,SEACrowd/ViSoBERT
fresh_visobert_10596,Hòa Rùa riêng hòa rùa là lu mực đốm cỏ. Tên nào cx hay,0,0,0,0,0,0,positive,enjoyment,train,SEACrowd/ViSoBERT
fresh_visobert_07778,Diệp Bình Phương bài nào ra cũng chill ghê á,1,0,0,0,1,0,negative,disgust,train,SEACrowd/ViSoBERT
fresh_visobert_11584,vẫn bình thường chán làm khách sạn nhọc nhục hơn 👻👻 xoạc nhau nước nôi máu me be bét ra 😭 kinh chết mẹ 😶,0,0,0,0,1,0,negative,disgust,train,SEACrowd/ViSoBERT
fresh_visobert_06047,Nghe có vẻ yếu sinh lý nhưng lại yếu luôn cả tóan hóa =)),1,1,1,0,0,1,neutral,disgust,train,SEACrowd/ViSoBERT
fresh_visobert_05980,cô cho em hỏi là năm đầu tiên trường mình dạy bằng tiếng anh luôn hay là khi nào ạ,0,0,0,0,0,0,positive,enjoyment,train,SEACrowd/ViSoBERT
fresh_visobert_10749,rịu mà làm như trà đào í :))) uống xong k biết có lật tại chỗ k,1,1,1,1,0,1,neutral,disgust,train,SEACrowd/ViSoBERT
fresh_visobert_02260,đàn ông thất bại đàn bà xui dại,0,0,0,0,0,0,neutral,other,train,SEACrowd/ViSoBERT
fresh_visobert_06181,sao ai tên v cũng giàu vậy,0,0,0,0,0,0,neutral,other,train,SEACrowd/ViSoBERT
fresh_visobert_04027,đối diện hồ bời kỳ đồng,0,0,0,0,0,0,neutral,other,train,SEACrowd/ViSoBERT
fresh_visobert_06220,Xin in4 pồ anh Khánh,0,0,0,0,0,0,negative,disgust,train,SEACrowd/ViSoBERT
fresh_visobert_08638,Helen Phan tớ mua ở chỗ bà cũng ít nhất là lần rồi đó. cậu qua mua về cho Bông nó biết đồ chơi hồi xưa,0,0,0,0,0,0,neutral,other,train,SEACrowd/ViSoBERT
fresh_visobert_06485,Trần Nguyễn Lan Hương :,0,0,0,0,0,0,neutral,other,train,SEACrowd/ViSoBERT
fresh_visobert_11488,Hôm nay tộc trưởng đăng hơi nhiều đó nha,0,0,0,0,0,0,neutral,other,train,SEACrowd/ViSoBERT
fresh_visobert_10880,riết rồi tau không hiểu con người tau luôn á 😤,0,0,0,0,0,1,negative,anger,train,SEACrowd/ViSoBERT
fresh_visobert_05802,thầy cười vl,1,0,0,1,0,1,negative,enjoyment,train,SEACrowd/ViSoBERT
fresh_visobert_02852,dần nom tỉnh táo lắm,0,0,0,0,0,0,negative,sadness,train,SEACrowd/ViSoBERT
fresh_visobert_07187,Những con tôm nhảy múa,0,0,0,0,0,0,positive,sadness,train,SEACrowd/ViSoBERT
fresh_visobert_11964,Đm edit như phim ấn độ z:)),1,1,0,0,1,1,negative,anger,train,SEACrowd/ViSoBERT
fresh_visobert_00486,súng bắng chít dao chặc đức tấc nhiêng vi trùng tô vít xâm nhập đc dần đần tui cam đoan zị ơn zời dần đần món thần quyền môn tò tí te roày,0,0,0,1,0,1,neutral,disgust,train,SEACrowd/ViSoBERT
fresh_visobert_08922,Ao ngắn màu trăng đi em,0,0,0,0,0,0,neutral,other,train,SEACrowd/ViSoBERT
fresh_visobert_08257,Nó k phải như ảnh đâu ảnh ng khác đây nhưng MH vẫn lay lai đc vì MH dg Nik khác lừa lại tiền nó k đang may nhg buc mh,1,1,1,1,0,1,neutral,disgust,train,SEACrowd/ViSoBERT
fresh_visobert_08525,Chôt quân xinh xinh châm hêt,0,0,0,0,0,0,neutral,other,train,SEACrowd/ViSoBERT
fresh_visobert_10290,tắt tiếng stream rồi mở nghe lsao ==,0,0,0,0,1,0,neutral,other,train,SEACrowd/ViSoBERT
fresh_visobert_04190,cc ne chu cặc tich phạt tao,0,0,0,0,0,0,neutral,other,train,SEACrowd/ViSoBERT
fresh_visobert_10899,Fan Trung lập như mà thấy hành động của Paredes phút 89 vô cùng xấu xí . Nó càng làm cho nta có suy nghĩ xấu về bóng đá Nam Mỹ. Tiểu xảo chiêu trò. Bố láo.,1,1,1,1,1,1,negative,anger,train,SEACrowd/ViSoBERT
fresh_visobert_03083,giọng miền tây chất phác,1,0,0,0,0,0,positive,enjoyment,train,SEACrowd/ViSoBERT
fresh_visobert_06414,D ơi chốt cho c thuốc tan mỡ bụng đi e c chở c c đi học thêm nữa 866647,0,0,0,0,0,0,neutral,other,train,SEACrowd/ViSoBERT
fresh_visobert_07511,Thanh Tâm nào bạn về bạn ship cho tui ly gongcha đi 😭🤣,1,1,0,0,1,1,negative,sadness,train,SEACrowd/ViSoBERT
fresh_visobert_00997,vllll cánh hoa hihi bé châu,0,0,0,0,0,0,neutral,enjoyment,train,SEACrowd/ViSoBERT
fresh_visobert_06444,Đắm đuối với hộp quà Weilaiya,0,0,0,0,0,0,neutral,other,train,SEACrowd/ViSoBERT
fresh_visobert_06819,Sợ vãi chưởng 😌,0,0,0,1,0,0,negative,fear,train,SEACrowd/ViSoBERT
fresh_visobert_01276,cmt má não nha,0,0,0,0,0,0,negative,enjoyment,train,SEACrowd/ViSoBERT
fresh_visobert_09408,em cu tuong anh se mai khong bo roi em,0,0,0,0,0,0,neutral,other,train,SEACrowd/ViSoBERT
fresh_visobert_06568,"Nghe tin này cảm thấy bất an, nhưng vẫn còn hy vọng điều diệu kỳ. Cầu mong cháu bé vượt qua được kiếp nạn này",1,0,1,0,0,0,neutral,surprise,train,SEACrowd/ViSoBERT
fresh_visobert_04029,okela sơnbamtp,0,0,0,0,0,0,neutral,other,train,SEACrowd/ViSoBERT
fresh_visobert_02882,sex nắc ak sắc nét )),0,0,0,0,0,0,neutral,other,train,SEACrowd/ViSoBERT
fresh_visobert_04608,khô wa ma chen cơm,0,0,0,0,0,0,neutral,other,train,SEACrowd/ViSoBERT
fresh_visobert_01273,tụi mình người ta,0,0,0,0,0,0,negative,sadness,train,SEACrowd/ViSoBERT
fresh_visobert_01053,đồng nhựt huy thiết nghĩ quan tài hợp lý,0,0,0,0,0,0,neutral,other,train,SEACrowd/ViSoBERT
fresh_visobert_11839,Loại này mình mua ở shop lần đầu khá ưng ý mèo nhà mình thích ăn loại này lẮm nên mua lần 5kg,0,0,0,0,1,0,positive,enjoyment,train,SEACrowd/ViSoBERT
fresh_visobert_11458,Nguyễn Tâm nhìn mặt chán đời vãi 🤣🤣,1,1,0,1,0,1,negative,enjoyment,train,SEACrowd/ViSoBERT
fresh_visobert_01807,cười cười )) mixi mười mười <,0,0,0,0,0,0,neutral,other,train,SEACrowd/ViSoBERT
fresh_visobert_01016,trend vn đường dơ thâm mắt idol bậy,0,0,0,0,1,0,neutral,other,train,SEACrowd/ViSoBERT
fresh_visobert_07083,Tôi lấy cái áo cầm xuống đưa mẹ: Này hả?,1,0,0,0,0,0,neutral,surprise,train,SEACrowd/ViSoBERT
fresh_visobert_00969,abe trả lời 🙂,1,1,0,0,0,0,neutral,surprise,train,SEACrowd/ViSoBERT
fresh_visobert_02308,undead tộc,0,0,0,0,0,0,neutral,enjoyment,train,SEACrowd/ViSoBERT
fresh_visobert_00237,giọng nứkg má abe )),0,0,0,0,0,0,neutral,other,train,SEACrowd/ViSoBERT
fresh_visobert_11687,Quả đầu này mang ý nghĩa của Amazon cách đây vài năm :)),1,0,0,0,0,0,neutral,other,train,SEACrowd/ViSoBERT
fresh_visobert_03910,nguyễn ngọc linh hợp truyền ghi truyền,0,0,0,0,0,0,neutral,other,train,SEACrowd/ViSoBERT
fresh_visobert_04346,đc vl ưiiii,0,0,0,1,0,0,negative,surprise,train,SEACrowd/ViSoBERT
fresh_visobert_04769,trời đụ tung sml chạy xe bố cặc đời đàn bà nhường,0,0,0,1,0,0,neutral,other,train,SEACrowd/ViSoBERT
fresh_visobert_09413,Chị m đẹp quá,0,0,0,0,0,0,positive,enjoyment,train,SEACrowd/ViSoBERT
fresh_visobert_03621,cmt dạo fan cứng )),0,0,0,0,1,0,neutral,other,train,SEACrowd/ViSoBERT
fresh_visobert_11640,đời chơi đếch đẹp :,0,0,0,0,0,0,positive,enjoyment,train,SEACrowd/ViSoBERT
fresh_visobert_11578,Nhi Đoàn mua qua chưa =)))) t đi ngang hoài mà chưa mua lần nào,1,1,1,0,0,1,neutral,disgust,train,SEACrowd/ViSoBERT
fresh_visobert_02598,hà nguyễn nhớ vụ đứa trung bây nhật )),0,0,0,0,0,0,neutral,other,train,SEACrowd/ViSoBERT
fresh_visobert_04399,tiếp sinh viên xưng hô chuẩn mực facebook gọi giám đốc xưng không chuẩn mực chỗ nhề,0,0,0,0,1,0,positive,enjoyment,train,SEACrowd/ViSoBERT
fresh_visobert_05838,dân chơiiii lên tiếng haha,0,0,0,0,0,0,neutral,enjoyment,train,SEACrowd/ViSoBERT
fresh_visobert_11396,"Chào bạn, Lintimate cảm ơn bạn đã lựa chọn Lincup làm bạn đồng hành trong mỗi kỳ nguyệt san. Chúc bạn có những ngày hè thoải mái và tự tin cùng Lincup <.",0,0,0,0,0,0,neutral,other,train,SEACrowd/ViSoBERT
fresh_visobert_01873,xử bắn chữa bệnh chết thấm bệnh,0,0,0,0,0,0,neutral,other,train,SEACrowd/ViSoBERT
fresh_visobert_11202,Nhớ lắm kí ức,0,0,0,0,0,0,negative,sadness,train,SEACrowd/ViSoBERT
fresh_visobert_04616,thầy cài đặt phím trang bị,0,0,0,0,0,0,neutral,other,train,SEACrowd/ViSoBERT
fresh_visobert_07397,Đc của ló thầy ơi,0,0,0,0,0,0,neutral,other,train,SEACrowd/ViSoBERT
fresh_visobert_01405,thạch sa na ôi trời trùng,0,0,0,0,0,0,neutral,surprise,train,SEACrowd/ViSoBERT
fresh_visobert_10112,":) t rớt dâu cái như con chết rồi, hơi sức nổi điên còn không có đây thây",1,1,0,1,0,1,neutral,disgust,train,SEACrowd/ViSoBERT
fresh_visobert_07084,cho id phòng đi chị,0,0,0,0,0,0,positive,sadness,train,SEACrowd/ViSoBERT
fresh_visobert_05957,Chắc Chanh Chua mua an mê,0,0,0,0,0,0,positive,enjoyment,train,SEACrowd/ViSoBERT
fresh_visobert_10436,Lộc đến từ cao lãnh😂,0,0,0,0,0,0,neutral,enjoyment,train,SEACrowd/ViSoBERT
fresh_visobert_01638,emvi giải hoa hậu khóc dị giải chen lấn mất vui 😂,0,0,0,0,0,0,positive,enjoyment,train,SEACrowd/ViSoBERT
fresh_visobert_02402,phạm ánh sao bim bim xịt,0,0,0,0,0,0,neutral,other,train,SEACrowd/ViSoBERT
fresh_visobert_04574,mỏ linh cá lóc cặc ni đít vịt,0,0,0,0,0,0,neutral,other,train,SEACrowd/ViSoBERT
fresh_visobert_08030,Vũ Hoàng Nam nhớ vụ chụp ảnh cầm tay k 🤣🤣,0,0,0,0,0,0,neutral,enjoyment,train,SEACrowd/ViSoBERT
fresh_visobert_10051,Q7 nha chị Vân 8986648,0,0,0,0,0,0,positive,enjoyment,train,SEACrowd/ViSoBERT
fresh_visobert_10686,Xinh hết phần thiên hạ 🙆♥,0,0,0,0,0,0,neutral,other,train,SEACrowd/ViSoBERT
fresh_visobert_00663,cờ giáo hội tựng trưng hòa bình công lý 😑 😑 😑 ah,0,0,0,0,0,0,neutral,other,train,SEACrowd/ViSoBERT
fresh_visobert_03488,trại thương điên cặc mong muốn,1,0,0,0,0,0,negative,sadness,train,SEACrowd/ViSoBERT
fresh_visobert_10065,- còn vầyy nữaaaa 🥲,0,0,0,0,0,0,neutral,sadness,train,SEACrowd/ViSoBERT
fresh_visobert_08039,A sống với mẹ anh cả đời cũng được . Đàn ông tốt không phải chỉ đối xử tốt với mẹ mình mà còn cả những người xung quanh nữa. Các bà mẹ cũng đừng thấy con mình đối xử tốt với mình mà đã vui vì ra đường đầy đứa vẫn giết người nhưng rất thương mẹ. Đứa con trai tốt là biết yêu thương san sẻ cảm thông thấu hiểu k chỉ mẹ nó mà là mọi người,0,1,1,0,0,1,positive,enjoyment,train,SEACrowd/ViSoBERT
fresh_visobert_02397,thương hoàng like trang bàn luận kaka,0,0,0,0,1,0,neutral,sadness,train,SEACrowd/ViSoBERT
fresh_visobert_01440,trùm chăn dắt mấy đứa ăn xin khu hồ rùa ca hốt chống,0,0,0,0,0,0,neutral,other,train,SEACrowd/ViSoBERT
fresh_visobert_09239,"Đạt Lê làm gì khổ, thì a có vợ mới hoi",0,0,0,0,0,0,neutral,other,train,SEACrowd/ViSoBERT
fresh_visobert_02512,quỳnh dâu tây bít cặp mua tiệm hoải sản cặp đc,0,0,0,0,0,0,neutral,other,train,SEACrowd/ViSoBERT
fresh_visobert_10947,"Từ thứ đến thứ , những ngày đầu tuần luôn là những ngày may mắn đến với bản thân của Vietcetera 🏐",0,0,0,0,0,0,neutral,other,train,SEACrowd/ViSoBERT
fresh_visobert_00583,tuyển thủ team chuyên nghiệp pubg vn thế giới )),0,0,0,0,1,0,neutral,other,train,SEACrowd/ViSoBERT
fresh_visobert_11258,- cả 2 cũng chỉ ngu như nhau thoii khỏi so sánh :)),1,1,0,1,0,1,negative,disgust,train,SEACrowd/ViSoBERT
fresh_visobert_03451,cây bút hén,0,0,0,0,0,0,neutral,other,train,SEACrowd/ViSoBERT
fresh_visobert_00976,hỏi nhỏ tý ạ trần hồng hà kinh tế giỏi,0,0,0,0,0,0,negative,disgust,train,SEACrowd/ViSoBERT
fresh_visobert_00494,òa thầy giáo đẹp trai chu đáo mê,0,0,0,0,0,0,positive,enjoyment,train,SEACrowd/ViSoBERT
fresh_visobert_01372,rambo giết gh jjleo =))) thỏa mãn vcl,1,1,0,0,0,1,negative,anger,train,SEACrowd/ViSoBERT
fresh_visobert_03049,vô lý độ mixi,0,0,0,0,0,0,neutral,other,train,SEACrowd/ViSoBERT
fresh_visobert_07774,chuột bạch thí nghiệm,0,0,0,0,0,0,positive,enjoyment,train,SEACrowd/ViSoBERT
fresh_visobert_07829,"cảm ơn chị,cảm ơn công ty rất rất nhiều ạ",0,0,0,0,0,0,positive,enjoyment,train,SEACrowd/ViSoBERT
fresh_visobert_04358,hậu minơ ok,0,0,0,0,1,0,positive,enjoyment,train,SEACrowd/ViSoBERT
fresh_visobert_11474,Em này mẹ bầu sữa dùng tẹt em uiii,0,0,0,0,0,0,neutral,other,train,SEACrowd/ViSoBERT
fresh_visobert_07248,Kim Khánh Chi ra đây vui lăm Chị. ngày mùa lận í.,0,0,0,0,0,0,positive,enjoyment,train,SEACrowd/ViSoBERT
fresh_visobert_08723,Những người như vậy thì hay bị ung thư không rõ nguyên nhân!,1,0,0,1,0,0,positive,enjoyment,train,SEACrowd/ViSoBERT
fresh_visobert_00161,chúng nó cmt đắng =))))))),1,1,0,0,0,1,neutral,disgust,train,SEACrowd/ViSoBERT
fresh_visobert_03510,dám đụng bạn vàng tao,0,0,0,0,0,0,negative,sadness,train,SEACrowd/ViSoBERT
fresh_visobert_04897,dễ thương ❤ ❤,0,0,0,0,0,0,positive,enjoyment,train,SEACrowd/ViSoBERT
fresh_visobert_04961,đùa chuẩn trịnh đình quang hit,0,0,0,0,0,0,neutral,other,train,SEACrowd/ViSoBERT
fresh_visobert_07837,"sao game ngày càng tệ vậy phiên bản này còn xử lí chậm hơn phiên bản trước rất nhiều, bữa vào game tầm 10s giờ vào một phút còn chưa vào được , chưa kể còn nhiều cái lag lắm. tạm thời trừ 1star để admin xem xét lại không được nữa thì còn 1star nhé. đừng trả lời lại như npc.",0,0,0,1,1,1,negative,disgust,train,SEACrowd/ViSoBERT
fresh_visobert_09839,Mình gặp ma đầu dính nhau trong phòng lab bên sst. Kinh,0,0,0,0,0,0,negative,disgust,train,SEACrowd/ViSoBERT
fresh_visobert_00750,thiên cơ bất khả lộ,0,0,0,0,0,0,negative,sadness,train,SEACrowd/ViSoBERT
fresh_visobert_01170,óc ti thờ ry óc ty thờ ry,0,0,0,0,0,0,neutral,other,train,SEACrowd/ViSoBERT
fresh_visobert_03095,hỏng tai đéo dám,0,0,0,0,0,0,negative,anger,train,SEACrowd/ViSoBERT
fresh_visobert_02678,toàn thanh niên nghiêm túc,0,0,0,0,0,0,neutral,other,train,SEACrowd/ViSoBERT
fresh_visobert_02672,tii đô 😂 😂 trượt phát hai mắt dính hai trứng vịt lộn,0,0,0,0,0,0,neutral,enjoyment,train,SEACrowd/ViSoBERT
fresh_visobert_04808,hai chửi công bằng anh chửi chửi cụ tổ tiên tri vũ trụ,0,0,0,0,0,0,neutral,other,train,SEACrowd/ViSoBERT
fresh_visobert_08544,Giảm mạnh đ tăng nhẹ 7đ,0,0,0,0,0,0,neutral,other,train,SEACrowd/ViSoBERT
fresh_visobert_08116,Hai anh chi hat hay lăm đo em hâm mô anh chị lắm,1,0,0,0,0,1,positive,disgust,train,SEACrowd/ViSoBERT
fresh_visobert_03925,chào dân chơi,0,0,0,0,0,0,neutral,other,train,SEACrowd/ViSoBERT
fresh_visobert_10227,Khanh Pham a thì ra là vậy =)) vậy mai phải đi mua ngay lò sưởi sưởi khắp nhà :)) đến cụ con virut cũng k sống đc :)) hêhhehe,1,1,0,0,0,1,neutral,disgust,train,SEACrowd/ViSoBERT
fresh_visobert_03927,nhìu hiu gu thời trang nhà giàu 😂 😂 😂 hiu thiết kế thiết kế tác phẩm 😂 😂 😂,0,0,0,0,0,0,positive,enjoyment,train,SEACrowd/ViSoBERT
fresh_visobert_06133,Sau nhiều chuyện thì mình đã học được cách trân trọng những người bạn xung quanh nhiều hơn thay vì cứ sống chỉ biết có mình,0,0,0,0,0,0,neutral,other,train,SEACrowd/ViSoBERT
fresh_visobert_04823,chúc mừng nhà giáo muộn,0,0,0,0,0,0,neutral,other,train,SEACrowd/ViSoBERT
fresh_visobert_04696,tín tưởng va nhà nước yên tâm lắm cặc sợ vô ý thức óc xi măng,0,0,0,0,0,0,negative,fear,train,SEACrowd/ViSoBERT
fresh_visobert_03713,tội lương triệu tôm chẳng cua hoàng đế tôm alaska 😢 😢 😢,0,0,0,0,0,0,negative,sadness,train,SEACrowd/ViSoBERT
fresh_visobert_07348,Phạm Quốc Toàn cái này cần phải thử s :)),1,0,0,0,0,0,neutral,other,train,SEACrowd/ViSoBERT
fresh_visobert_08961,Hàg đẹp mà giá rẻ lắm,1,0,1,0,0,0,positive,enjoyment,train,SEACrowd/ViSoBERT
fresh_visobert_06848,Rất nhiều người muốn Nếu như em nhưng nào có được đâu,1,0,1,1,0,0,neutral,surprise,train,SEACrowd/ViSoBERT
fresh_visobert_07557,Đừng đùa ko khéo đem vào giảm dạy như mac lenin thì khối thằng ốm đòn sách này 500k là ít,0,0,0,1,0,0,neutral,other,train,SEACrowd/ViSoBERT
fresh_visobert_04516,tộc căng đét làng chất lừ,1,0,0,0,0,0,positive,enjoyment,train,SEACrowd/ViSoBERT
fresh_visobert_05635,reaction hài tất nhiên đôi giày bánh cuốn,1,0,0,1,1,0,positive,enjoyment,train,SEACrowd/ViSoBERT
fresh_visobert_01213,cmt like ẩn,0,0,0,0,1,0,neutral,sadness,train,SEACrowd/ViSoBERT
fresh_visobert_07444,Pham Huynh cười xê xê,0,0,0,0,0,0,positive,enjoyment,train,SEACrowd/ViSoBERT
fresh_visobert_06454,"Chơi không sót phần nào, vẫn mong tìm được game dạng vậy mà hiếm quá. Được Desperados chơi cũng tạm tạm",1,0,1,0,1,0,neutral,surprise,train,SEACrowd/ViSoBERT
fresh_visobert_03608,lâm đình khoa,0,0,0,0,0,0,neutral,other,train,SEACrowd/ViSoBERT
fresh_visobert_02782,thưa thớt ngậm cặc cái mồm mày sủa quan lại dân thế gia đình mày phản động cặc nhà nước việt nam mày phán quan dân tao gia đình mày chức sắc to phán đéo,0,0,0,0,0,0,negative,anger,train,SEACrowd/ViSoBERT
fresh_visobert_06830,Hôm nào nhất định sẽ xin nghỉ làm và lượn HN mình hết ngày,0,0,0,0,0,0,neutral,other,train,SEACrowd/ViSoBERT
fresh_visobert_04581,toang giáo )),1,0,0,1,0,0,negative,sadness,train,SEACrowd/ViSoBERT
fresh_visobert_01165,thải chết bớt rùi con cháu lãnh đạo mẽo nuôi,0,0,0,0,0,0,neutral,other,train,SEACrowd/ViSoBERT
fresh_visobert_10240,May nguoi em cua chi ha,0,0,0,0,0,0,neutral,other,train,SEACrowd/ViSoBERT
fresh_visobert_05972,Hello co be de thuong,0,0,0,0,1,0,neutral,other,train,SEACrowd/ViSoBERT
fresh_visobert_03549,thuyết phục đọc thuyết phục ))),0,0,0,0,0,0,neutral,other,train,SEACrowd/ViSoBERT
fresh_visobert_06420,I love you t nghe hổng kêu hổng kêu đâu,0,0,0,0,1,0,positive,enjoyment,train,SEACrowd/ViSoBERT
fresh_visobert_06395,Diệp Thu Nga đã đẹp trai lại còn tâm lý =))))),1,0,0,0,0,0,positive,enjoyment,train,SEACrowd/ViSoBERT
fresh_visobert_03221,dân ngu cu cặc đen,1,0,0,0,0,1,negative,disgust,train,SEACrowd/ViSoBERT
fresh_visobert_04426,tân giám đốc cám dỗ trừ khi tuyến đường cao tốc dầu giây dalat mãi lộ hàng ngàn chuyến xe rau củ xe hoa dalat xưa nay luật bất thành văn tài chạy muốn chạy mua đường thề dẹp tuyến đường đồng nai,0,0,0,0,0,0,neutral,other,train,SEACrowd/ViSoBERT
fresh_visobert_07646,Angle beats tập gần cuối coi mà cạn hết nước mắt 😭,1,0,1,0,0,0,negative,sadness,train,SEACrowd/ViSoBERT
fresh_visobert_09785,dạ em chào anh ạ bộ minh quốc đào vân loang này bên em đang bán với giá là 4tr ạ,0,0,0,0,0,0,neutral,other,train,SEACrowd/ViSoBERT
fresh_visobert_07438,Spiderman en el MCU,0,0,0,0,1,0,neutral,enjoyment,train,SEACrowd/ViSoBERT
fresh_visobert_04091,nha di lam nguoi noi chuyen cung gietduoc thoi gian nham chan,0,0,0,0,0,0,negative,sadness,train,SEACrowd/ViSoBERT
fresh_visobert_07326,"Chỉ mong sống tốt, còn lỡ duyên thì đành buông",0,0,0,0,0,0,positive,enjoyment,train,SEACrowd/ViSoBERT
fresh_visobert_11352,Hoàng Trương này nhìn giống cái hồi trc t thấy tại nhà t nè 🙂 mém tí cháy đen,1,1,0,0,0,0,neutral,surprise,train,SEACrowd/ViSoBERT
fresh_visobert_04217,chửi cười 🤣 🤣 🤣 🤣 🤣,0,0,0,0,0,0,neutral,enjoyment,train,SEACrowd/ViSoBERT
fresh_visobert_01347,yêu a hưng,0,0,0,0,0,0,positive,enjoyment,train,SEACrowd/ViSoBERT
fresh_visobert_06340,Giao hàng nhanh đóng gói cẩn thận 👍👍,0,0,0,0,0,0,positive,enjoyment,train,SEACrowd/ViSoBERT
fresh_visobert_01224,mai hùng king cặc bẻ cổ chúng nó,0,0,0,0,0,0,negative,disgust,train,SEACrowd/ViSoBERT
fresh_visobert_08376,Seven. AM hải phòng có mẫu này ko add và giá bnt,0,0,0,0,0,0,neutral,other,train,SEACrowd/ViSoBERT
fresh_visobert_01325,like diss like,0,0,0,0,1,0,neutral,other,train,SEACrowd/ViSoBERT
fresh_visobert_10591,E vừa auto matching gặp một ông giống DarK vcn ấy🤣🤣🤣🤣,1,1,0,0,0,1,neutral,enjoyment,train,SEACrowd/ViSoBERT
fresh_visobert_03096,cầu giấy km,0,0,0,0,0,0,neutral,enjoyment,train,SEACrowd/ViSoBERT
fresh_visobert_09003,"Vào Bros ôn thì đúng còn cái nịt.Vía toàn sinh viên yêu trường,gắn bó mãi với trường thoii :))",1,0,0,0,0,0,positive,enjoyment,train,SEACrowd/ViSoBERT
fresh_visobert_03102,sản đấu tranh phản cặc động sản sai rút kinh nghiệm đậu xanh rau muống,0,0,0,0,0,0,negative,disgust,train,SEACrowd/ViSoBERT
fresh_visobert_01527,mặt tùng sói trông bựa chảy vl kk kiểu hnay đứa ông già pay 😂 😂,1,1,0,1,0,1,positive,enjoyment,train,SEACrowd/ViSoBERT
fresh_visobert_09646,Đỉ nhân 3.14,0,0,0,0,0,0,positive,enjoyment,train,SEACrowd/ViSoBERT
fresh_visobert_06499,- 65 kg vưa ko em,0,0,0,0,0,0,neutral,other,train,SEACrowd/ViSoBERT
fresh_visobert_03824,yeu rât xinh,0,0,0,0,0,0,positive,enjoyment,train,SEACrowd/ViSoBERT
fresh_visobert_02582,đập ngu thầy mãi mãi cặc cx dell đc thề,1,0,0,0,0,1,negative,disgust,train,SEACrowd/ViSoBERT
fresh_visobert_09153,Chất liệu thì thôi khỏi bàn.,1,0,0,0,0,0,positive,enjoyment,train,SEACrowd/ViSoBERT
fresh_visobert_04317,4 yêu tội yêu liếm 😂 😂 😂 😂 😂 😂 😂 😂,0,0,0,0,0,0,positive,enjoyment,train,SEACrowd/ViSoBERT
fresh_visobert_10216,Thuyết phục..,0,0,0,0,0,0,neutral,other,train,SEACrowd/ViSoBERT
fresh_visobert_00504,tý trôi mà buồn,1,0,1,0,0,0,negative,sadness,train,SEACrowd/ViSoBERT
fresh_visobert_09034,Moi em di hu hu,0,0,0,0,0,0,neutral,other,train,SEACrowd/ViSoBERT
fresh_visobert_09913,Có bộ tăm tre cộc tay cho bé 5kg k ạ,0,0,0,0,0,0,neutral,other,train,SEACrowd/ViSoBERT
fresh_visobert_06115,Phươgg Tây'y Hồng Loan chỉ mong các bạn giàu để mk nhờ 😂😂,1,1,0,0,0,1,neutral,enjoyment,train,SEACrowd/ViSoBERT
fresh_visobert_06535,Đc vầy t sẻ ráng ế m ạ Duy Tín Dương,0,0,0,0,0,0,neutral,other,train,SEACrowd/ViSoBERT
fresh_visobert_11527,Lam no ti cho con va quyet vì con,0,0,0,0,1,0,neutral,other,train,SEACrowd/ViSoBERT
fresh_visobert_05182,adidaphat đầu bờ việt nam dang tay đứa tội lỗi biệt ăn năn,0,0,0,0,0,0,negative,sadness,train,SEACrowd/ViSoBERT
fresh_visobert_08609,Nguyen Nam :),1,0,0,0,0,0,neutral,other,train,SEACrowd/ViSoBERT
fresh_visobert_10438,"Giới tính mà linh hoạt rứa?? Nhạc nào cũng nhảy, ai bế cũng theo à🥲",1,0,1,0,0,0,neutral,sadness,train,SEACrowd/ViSoBERT
fresh_visobert_10608,Sec Ret Ka dạ máy tay shop đang km còn 5k tặng nhiệt kế điện và 5 túi trữ sữa ạ.,0,0,0,0,1,0,neutral,other,train,SEACrowd/ViSoBERT
fresh_visobert_04939,một số phận quan làm quan sải chùa quét lá đa cầu tiến dậm chân tại chỗ hiii,0,0,0,0,0,0,neutral,other,train,SEACrowd/ViSoBERT
fresh_visobert_03650,bao chimiinh anhny thảo ng ria,0,0,0,0,0,0,neutral,other,train,SEACrowd/ViSoBERT
fresh_visobert_01587,cháu chơi gái,0,0,0,0,0,0,neutral,other,train,SEACrowd/ViSoBERT
fresh_visobert_09531,Nay áo đỏ chứng đỏ ẹp zai @@,0,0,0,0,0,0,neutral,other,train,SEACrowd/ViSoBERT
fresh_visobert_05329,tiền stream ao,0,0,0,0,1,0,neutral,other,train,SEACrowd/ViSoBERT
fresh_visobert_10662,Sự dẫn đến cái chết thành công đã chọn bạn 😆,0,0,0,0,0,0,neutral,enjoyment,train,SEACrowd/ViSoBERT
fresh_visobert_01130,tham mỹ viện 😀 😀,0,0,0,0,0,0,positive,sadness,train,SEACrowd/ViSoBERT
fresh_visobert_05981,"hai đứa đều có máu ở tay , mù à mà không nhìn thấy 😒",1,0,1,0,0,1,neutral,disgust,train,SEACrowd/ViSoBERT
fresh_visobert_05725,dân tộc đồng lòng dường như hoàn thành lưng đồng bào lo lắng,0,0,0,1,0,0,negative,fear,train,SEACrowd/ViSoBERT
fresh_visobert_02369,tạm ae lắm nội dung bt giật mình đùnh đùng,0,0,0,0,0,0,neutral,fear,train,SEACrowd/ViSoBERT
fresh_visobert_04860,khúc thị hương die ))),0,0,0,0,0,0,neutral,sadness,train,SEACrowd/ViSoBERT
fresh_visobert_00818,hiệp đinh v đọc viết đọc kĩ nha óc cặc cứt mắt rà chữ não nguy hiểm xã hội,0,0,0,0,0,0,negative,fear,train,SEACrowd/ViSoBERT
fresh_visobert_09496,Cảm ơn shop nhé rất chu đáo tặng mk cả pin và thẻ bảo hành 😊😊😊,0,0,0,0,1,0,positive,enjoyment,train,SEACrowd/ViSoBERT
fresh_visobert_09488,chiếc chiếu điều hòa 9 .759454,0,0,0,0,0,0,neutral,other,train,SEACrowd/ViSoBERT
fresh_visobert_06050,Trên người lúc nào cũng có cái mùi nghèo 😭😭,0,0,0,0,0,0,negative,sadness,train,SEACrowd/ViSoBERT
fresh_visobert_04406,cặc cách ly vĩnh viễn,0,0,0,0,0,0,negative,disgust,train,SEACrowd/ViSoBERT
fresh_visobert_10425,. Cho m xin giá nhé,0,0,0,0,0,0,neutral,other,train,SEACrowd/ViSoBERT
fresh_visobert_11205,Hãy Trao cho tôi % tin tưởng tôi sẽ trao lại 99% hài lòng 🔰,0,0,0,0,0,0,positive,enjoyment,train,SEACrowd/ViSoBERT
fresh_visobert_02725,đoạn giật mình sợ hix tim tẹo sợ phim kinh dị 😆 😆 😆,0,0,0,0,0,0,negative,fear,train,SEACrowd/ViSoBERT
fresh_visobert_02410,tiền miếng giấy chùi lol ne mặt xấu lol cặc ne sủa đồng tiền vơ bẩn,0,0,0,0,1,0,negative,sadness,train,SEACrowd/ViSoBERT
fresh_visobert_00320,dần chớm tình yêu đấy,0,0,0,0,0,0,positive,enjoyment,train,SEACrowd/ViSoBERT
fresh_visobert_10165,Phạm Thanh Thùy Trang Ngạc nhiên chưa =)),1,0,0,0,0,0,neutral,surprise,train,SEACrowd/ViSoBERT
fresh_visobert_00591,lê nhật khoa đem cmt lộc sting,0,0,0,0,0,0,neutral,other,train,SEACrowd/ViSoBERT
fresh_visobert_04861,mắc cười 😂 😂 😂 😂,0,0,0,0,0,0,positive,enjoyment,train,SEACrowd/ViSoBERT
fresh_visobert_11204,PT Ngọc Hiệp haha vậy năm nữa cưới mới đc kha khá,0,0,0,0,0,0,neutral,enjoyment,train,SEACrowd/ViSoBERT
fresh_visobert_05146,bế đc táo quân ấm,0,0,0,0,0,0,neutral,other,train,SEACrowd/ViSoBERT
fresh_visobert_02925,del tí nhân má phẩm,0,0,0,0,0,0,neutral,other,train,SEACrowd/ViSoBERT
fresh_visobert_03017,cyen thử món lạ nè,0,0,0,0,0,0,positive,enjoyment,train,SEACrowd/ViSoBERT
fresh_visobert_01550,vc củng lưu manh gian trá chức cặc quyền độ lưu manh đm bọn vc,1,0,0,0,0,1,negative,anger,train,SEACrowd/ViSoBERT
fresh_visobert_08579,Bằng VN bán tỷ gói mè chứ mấy.,0,0,0,0,0,0,neutral,other,train,SEACrowd/ViSoBERT
fresh_visobert_11613,"Đã đẹp trai, rap hay còn thương mẹ 🥺",0,0,0,0,1,0,positive,enjoyment,train,SEACrowd/ViSoBERT
fresh_visobert_07868,"lý do điểm đánh giá thầy wzjwz không cao do thầy wzjwz không tham gia chính vào công tác giảng dạy môn học , thầy gần như chỉ có mặt ở lớp như để có mặt .",0,0,0,1,0,0,neutral,other,train,SEACrowd/ViSoBERT
fresh_visobert_03879,vũ trọng quân bú bình yên hả,1,0,0,0,0,0,neutral,surprise,train,SEACrowd/ViSoBERT
fresh_visobert_03642,nhà máy môi trường con người tôm cá thua,0,0,0,0,0,0,neutral,other,train,SEACrowd/ViSoBERT
fresh_visobert_10304,tham my dien vay choi co cam giac k chi dep gai,0,0,0,0,1,0,neutral,other,train,SEACrowd/ViSoBERT
fresh_visobert_10989,Mana account và commercial law :(,0,0,0,0,0,0,neutral,other,train,SEACrowd/ViSoBERT
fresh_visobert_08993,"Hà Thanh, của cô có bị k???, canvas bị ngỏm toàn hệ thống à, acct c còn bị vô hiệu hoá:))))) Niceeee🙃",1,0,0,0,0,0,neutral,surprise,train,SEACrowd/ViSoBERT
fresh_visobert_07203,Đất nước sẽ đi về đâu vs những thằng ngu như admin page này -_-,1,0,0,1,1,1,negative,disgust,train,SEACrowd/ViSoBERT
fresh_visobert_03579,idol come black tiên tri lợi hại xưa,0,0,0,0,1,0,neutral,other,train,SEACrowd/ViSoBERT
fresh_visobert_00280,đồng bọn zo tù ))),0,0,0,0,0,0,neutral,other,train,SEACrowd/ViSoBERT
fresh_visobert_01662,trung cặc đầu bùi,0,0,0,0,0,0,negative,fear,train,SEACrowd/ViSoBERT
fresh_visobert_03006,máy tính sợ lộn hahaa 🤣 🤣,1,0,0,0,0,0,negative,fear,train,SEACrowd/ViSoBERT
fresh_visobert_00960,gấp in4 ng iu thất lạc tag hộ vs hiccc,0,0,0,0,0,0,neutral,other,train,SEACrowd/ViSoBERT
fresh_visobert_02603,page phản động đấy cặc ad súc vật cc,1,0,0,0,1,0,neutral,disgust,train,SEACrowd/ViSoBERT
fresh_visobert_07300,còn đẻ là còn tăng,0,0,0,0,0,0,positive,sadness,train,SEACrowd/ViSoBERT
fresh_visobert_09641,"Chòi chòi, chị Hari đẹp quá vậy",0,0,0,0,0,0,positive,enjoyment,train,SEACrowd/ViSoBERT
fresh_visobert_03803,thương xiu trao 5 tr 4 jack kỉ lục thể loại,0,0,0,0,0,0,neutral,sadness,train,SEACrowd/ViSoBERT
fresh_visobert_07930,sân bay j vậy,0,0,0,0,0,0,neutral,other,train,SEACrowd/ViSoBERT
fresh_visobert_11778,corgi kiểu nếu méo phải vì vài miếng chúc chích ông cho t thì t cũng chẳng phải làm trò hèn hạ như này cho cả thiên hạ trêu cười 🙂,1,1,0,1,0,1,neutral,enjoyment,train,SEACrowd/ViSoBERT
fresh_visobert_03224,tiền chết đem nha )),0,0,0,0,0,0,neutral,other,train,SEACrowd/ViSoBERT
fresh_visobert_02387,khổ bố lân ép cụ cụ khỏe sung lắm lởm khởm đào tụt quần phan kỳ nhông,0,0,0,0,0,0,neutral,other,train,SEACrowd/ViSoBERT
fresh_visobert_01102,hồ văn kiệt duy trương,0,0,0,0,0,0,neutral,other,train,SEACrowd/ViSoBERT
fresh_visobert_05612,sờ chim mơ tùng thug life,0,0,0,0,0,0,neutral,other,train,SEACrowd/ViSoBERT
fresh_visobert_05709,akay giừ tràn lan bớt bớt,0,0,0,0,0,0,neutral,other,train,SEACrowd/ViSoBERT
fresh_visobert_01244,from bảo yên with love =))),0,0,0,0,1,0,positive,enjoyment,train,SEACrowd/ViSoBERT
fresh_visobert_06445,Út Hương ok mom,0,0,0,0,1,0,positive,enjoyment,train,SEACrowd/ViSoBERT
fresh_visobert_02310,thành nghiệp cố gắng rèn giũa hoàn thiện âu cũng bát cơm,0,0,0,0,0,0,neutral,other,train,SEACrowd/ViSoBERT
fresh_visobert_00358,fan cứng nè,0,0,0,0,1,0,neutral,other,train,SEACrowd/ViSoBERT
fresh_visobert_11482,Người ta nói nghề lái xe bạc 😢,0,0,0,0,0,0,negative,sadness,train,SEACrowd/ViSoBERT
fresh_visobert_11655,Nguyễn Trang ừ tới h mới cuối vãi đù,0,1,0,1,0,0,neutral,surprise,train,SEACrowd/ViSoBERT
fresh_visobert_01123,đặng quang thắng nam sinh nữ k,0,0,0,0,0,0,neutral,other,train,SEACrowd/ViSoBERT
fresh_visobert_07946,"""Trong các dòng máy Nhật Bản thì Panasonic có loa ngoài lớn nhất chứ ko phải nhờ up lên 4.0. Mình đã từng dùng rất nhiều loại máy của Nhật nhưng ko có ấn tượng tốt với em này do nó wá kén phần mềm (mới test thử Angry Birds (bản gốc) và Keyboards Pro) và hay báo lỗi """"calendar can not start"""", cứ tưởng chỉ có 102p bị ai dè p04d cũng bị luôn, thấy rủi ro quá nên thôi, mình vừa xài vừa bán điện thoại Nhật mà , lời chẳng bao nhiêu, kiếm người chơi chung cho vui vậy mà.""",1,1,1,0,1,1,positive,enjoyment,train,SEACrowd/ViSoBERT
fresh_visobert_11440,"tôi kể các bạn nghe 1 chuyện có dính 1 tý với caphe tn : chuyện thế này ba vợ tôi có 1 người bạn rất khó khắn nghèo và đang trốn nợ , ba tôi cho ông chiếc xe máy củ để đi xe ôm . vợ chồng ông bạn này bỏ quê trốn nợ lên tây nguyên làm công cho nhà máy caphe tn trong 4 năm học được nghề làm caphe và sáng lập caphe tuấn kiệt caphe công thức y chang tn bán hợp lý hơn ! ngày nay ông chủ tuấn kiệt đã là 1 đại gia có nhà máy ở sốc trăng , ông ấy đi tìm và trả nợ từng người ơn của mình ! mổi lần ba tôi lên sg ông đều cho xe tới mời ba tôi đi ăn nhậu ! trong lúc ngà ngà ông ấy nói "" em chả bao giờ uống caphe của em làm , tn cũng vậy "" thế đó",1,0,0,0,0,1,neutral,disgust,train,SEACrowd/ViSoBERT
fresh_visobert_00820,viết tiếng việt,0,0,0,0,0,0,negative,sadness,train,SEACrowd/ViSoBERT
fresh_visobert_09581,Lô nay về bào nhiêu vậy,0,0,0,0,0,0,positive,sadness,train,SEACrowd/ViSoBERT
fresh_visobert_06959,Ngân Kim t ước được học mỗi ngày 🤓,0,0,0,0,0,0,neutral,other,train,SEACrowd/ViSoBERT
fresh_visobert_09114,"55kg cao ,55m vua aoa c mac k",0,0,0,0,0,0,neutral,other,train,SEACrowd/ViSoBERT
fresh_visobert_10871,Nguyễn Trung Đức hóng mòn đít quần thấy gì đâu,0,0,0,0,0,0,negative,disgust,train,SEACrowd/ViSoBERT
fresh_visobert_09857,"Một con người đáng kính, ông tuy phản đối đánh Mỹ nhưng vẫn dốc hết sức để phục vụ tổ quốc cho đến phút cuối cùng.",1,1,1,0,0,1,neutral,disgust,train,SEACrowd/ViSoBERT
fresh_visobert_04222,lê hải long chó vật nuôi lợn gà bò cặc dê dc nuôi ok ngu tỏ nguy hiểm ))),1,1,0,0,1,1,negative,fear,train,SEACrowd/ViSoBERT
fresh_visobert_04165,con so tròn mấy ngạnh sam,0,0,0,0,0,0,neutral,other,train,SEACrowd/ViSoBERT
fresh_visobert_10673,Tú Mai Betty Tran Quỳnh Trâm Vivian Huỳnh Franky Super Thông NguyễnTu Zelly ai có cần tài liệu gì :D,0,0,0,0,1,0,neutral,other,train,SEACrowd/ViSoBERT
fresh_visobert_08815,Bảo my gê qua,0,0,0,0,1,0,neutral,other,train,SEACrowd/ViSoBERT
fresh_visobert_04149,nga tran lom dom )),0,0,0,0,0,0,negative,fear,train,SEACrowd/ViSoBERT
fresh_visobert_01669,live đấy live cổ vũ ez game đấy 🤣 🤣 🤣 🤣,0,0,0,0,1,0,neutral,enjoyment,train,SEACrowd/ViSoBERT
fresh_visobert_04310,lê tuấn nào đừng khịa k98 =)))),1,0,0,0,0,0,neutral,other,train,SEACrowd/ViSoBERT
fresh_visobert_05956,Nguyễn Nữ Minh Ngọc tuần có mỗi lần trốn thôi mà,1,0,1,0,0,0,neutral,surprise,train,SEACrowd/ViSoBERT
fresh_visobert_07077,"Em thấy c chuẩn bị đầy đủ rồi nhỉ, nhìn toàn những đồ dễ thương ko nà",0,0,0,0,0,0,positive,enjoyment,train,SEACrowd/ViSoBERT
fresh_visobert_06260,T k thất tình nhưng vẫn phải thức để dỗ con ngủ nhé.đâu có sung sướng gì đâu,1,1,1,0,0,1,neutral,disgust,train,SEACrowd/ViSoBERT
fresh_visobert_04749,đọc luật nội dung chửi chỉ nghèo nàn kiến thức dốt nát ngôn từ,1,0,0,0,0,1,neutral,disgust,train,SEACrowd/ViSoBERT
fresh_visobert_01466,chi đẹp trai ❤,0,0,0,0,0,0,positive,enjoyment,train,SEACrowd/ViSoBERT
fresh_visobert_09364,Chào chị.e đi ngủ mai đi học.hihi.chúc chị tí nn ngen,1,1,0,0,0,1,neutral,enjoyment,train,SEACrowd/ViSoBERT
fresh_visobert_02751,tran manh tiền cua hoàng đế cá rô ng ae,0,0,0,0,0,0,neutral,other,train,SEACrowd/ViSoBERT
fresh_visobert_10453,hàng đúng mẫu. đẹp 😍.,0,0,0,0,0,0,positive,enjoyment,train,SEACrowd/ViSoBERT
fresh_visobert_06268,bạch bạch bạch cho đứa nào chưa biết,0,0,0,0,0,0,neutral,other,train,SEACrowd/ViSoBERT
fresh_visobert_10292,Hỏng biết Cây cà - lem thấy hit quá có xin vocal như HN hk teee 🙄 xin t tán bể mỏ hen hen 😤Xê xê ra xa à,0,0,0,1,1,0,negative,anger,train,SEACrowd/ViSoBERT
fresh_visobert_10473,Tuyết Oanh Kelly nge đi đỡ nhàm,0,0,0,0,0,0,neutral,other,train,SEACrowd/ViSoBERT
fresh_visobert_05961,Đọc xong k hỉu kỉu gì :((( huhu hok chắc là vợ chồng đừng có quan hệ trần xợ ghê,0,0,0,0,0,0,neutral,disgust,train,SEACrowd/ViSoBERT
fresh_visobert_11930,Con xin cảm tạ Chúa đã thương xót cứu chữa bệnh hiểm nghèo cho con. Con xin Chúa cho mỗi người chúng con biết ăn năn sám hối và tin vào tin mừng rửa tội để tất cả đều được cứu rỗi cả thể xác và quan trọng nhất là phần linh hồn như lòng Chúa nhân từ hằng mong muốn,0,0,0,1,0,0,neutral,sadness,train,SEACrowd/ViSoBERT
fresh_visobert_09392,"cái gì cũng phải đánh đổi, dễ gì def đc",1,0,0,0,0,0,positive,enjoyment,train,SEACrowd/ViSoBERT
fresh_visobert_07403,Mẹ t cũng biết cái nết t đúng ngày đúng tháng mới chịu cộng tuổi mới =)))) trước sinh nhật ngày cũng không chịu,1,1,0,0,0,1,neutral,disgust,train,SEACrowd/ViSoBERT
fresh_visobert_05768,huỳnh minh luat,0,0,0,0,0,0,neutral,enjoyment,train,SEACrowd/ViSoBERT
fresh_visobert_07003,Thấy ad sẵn sàng mấy năm r mà,1,0,1,0,0,0,neutral,surprise,train,SEACrowd/ViSoBERT
fresh_visobert_04025,cover thắm ae ủng hộ,0,0,0,0,1,0,neutral,other,train,SEACrowd/ViSoBERT
fresh_visobert_10277,Cười sảng :🤣 mặn dữ dội,0,0,0,0,0,0,neutral,enjoyment,train,SEACrowd/ViSoBERT
fresh_visobert_10954,Mặt nạ Kim cương 964557884,0,0,0,0,0,0,positive,sadness,train,SEACrowd/ViSoBERT
fresh_visobert_08290,1 % kìa rồi ra cổng gọi thế nào :)),1,0,0,0,0,0,neutral,other,train,SEACrowd/ViSoBERT
fresh_visobert_06285,"Lên mạng THÁNH thiện làm phước, miệng lỗ mồm long công đồ chợ búa, Có chồn lùi đâu múa lữa, ngáo aõ",0,0,0,0,0,1,neutral,disgust,train,SEACrowd/ViSoBERT
fresh_visobert_11762,Song Cẩm Giang đu căm,0,0,0,0,1,0,neutral,other,train,SEACrowd/ViSoBERT
fresh_visobert_01283,ảnh hưởng cc cặc dm chúng nó cmnr,1,0,0,0,0,1,neutral,anger,train,SEACrowd/ViSoBERT
fresh_visobert_08725,Quá nhiều tin vui luôn chú ơi =)))) thế bao giờ chú mới định làm trùm showbiz đây 🤣🤣,1,0,0,0,0,0,positive,enjoyment,train,SEACrowd/ViSoBERT
fresh_visobert_04382,líp khóc lóc cặc xin lỗi xấu kễ nhục,0,0,0,0,0,0,negative,sadness,train,SEACrowd/ViSoBERT
fresh_visobert_08440,"An Khánh đầm dài , set bộ dùng m*'6m bạn nha",0,0,0,0,0,0,neutral,other,train,SEACrowd/ViSoBERT
fresh_visobert_07716,Mình muốn vai có được kg vậy bạn,0,0,0,0,0,0,neutral,other,train,SEACrowd/ViSoBERT
fresh_visobert_02579,đêch thất đức nhân quả,0,0,0,0,0,0,negative,sadness,train,SEACrowd/ViSoBERT
fresh_visobert_02923,đừng chửi nha hình,0,0,0,0,0,0,positive,enjoyment,train,SEACrowd/ViSoBERT
fresh_visobert_03985,chó bọn vc hanoi ghi chép cặc bố láo kinh nghiệm 7,0,0,0,0,0,0,negative,disgust,train,SEACrowd/ViSoBERT
fresh_visobert_04595,tao lao má hoan tưởng,0,0,0,0,0,0,negative,sadness,train,SEACrowd/ViSoBERT
fresh_visobert_11618,Ha Anh Pham làm bộ này đi trung thu cho chất,1,0,0,0,0,0,positive,enjoyment,train,SEACrowd/ViSoBERT
fresh_visobert_08891,Đỗ Thị An Nguyễn thị Hà,0,0,0,0,0,0,neutral,other,train,SEACrowd/ViSoBERT
fresh_visobert_02595,mẫu tóc độ mixi,0,0,0,0,1,0,positive,enjoyment,train,SEACrowd/ViSoBERT
fresh_visobert_07038,Tay nhanh hơn não :)),1,0,0,0,0,0,neutral,other,train,SEACrowd/ViSoBERT
fresh_visobert_01010,lê phương trời toàn vỏ,0,0,0,0,0,0,neutral,other,train,SEACrowd/ViSoBERT
fresh_visobert_07586,Nguyễn Minh Anh về đến đan phượng rồi. Ghê quá,0,0,0,0,0,0,negative,disgust,train,SEACrowd/ViSoBERT
fresh_visobert_00294,samsung bth vui 😜 😜 😜 😜,0,0,0,0,0,0,positive,enjoyment,train,SEACrowd/ViSoBERT
fresh_visobert_04689,mập đẹp mập đẹp,0,0,0,0,0,0,positive,enjoyment,train,SEACrowd/ViSoBERT
fresh_visobert_10733,JB. Xuân Hường thì đó ông kia tính cả hết rồi .má nó âm miu to vl,0,0,0,1,0,1,neutral,disgust,train,SEACrowd/ViSoBERT
fresh_visobert_06558,Áo len bn c,0,0,0,0,0,0,neutral,other,train,SEACrowd/ViSoBERT
fresh_visobert_09463,Không mất cái bút nào lại còn có thêm cái nữa🙊,0,0,0,0,0,0,neutral,other,train,SEACrowd/ViSoBERT
fresh_visobert_08665,"Lập ig cho chó được khum ạ, mình chỉ nuôi mỗi chó chứ khum có mèo😂",0,0,0,0,0,0,positive,enjoyment,train,SEACrowd/ViSoBERT
fresh_visobert_06873,Nhan Phúc Vinh ok em chúc em thành công trên mọi lỉnh vực nhé 👍👍👍👍👍👍,0,0,0,0,1,0,positive,enjoyment,train,SEACrowd/ViSoBERT
fresh_visobert_10722,Cua Rang Muoi dc nè ku.,0,0,0,0,0,0,neutral,other,train,SEACrowd/ViSoBERT
fresh_visobert_01607,hối tiếc muộn màng xin lỗi dân chơi >> >>,0,0,0,0,0,0,negative,sadness,train,SEACrowd/ViSoBERT
fresh_visobert_02001,game cùi học trò thầy,1,0,0,0,1,1,negative,disgust,train,SEACrowd/ViSoBERT
fresh_visobert_11646,":))))) đumaaaaaaa cũng k đây mà t k có đc như bạn. Lương trung bình tháng nào cũng như v thì bạn k phải dạng vừa về tri thức đâu. 🙂 bản thân t cũng là người bị lừa, bị tổn thương, bị bỏ rơi, bị chơi đùa thậm chí t còn từng có ý nghĩ làm cho con tim này ngừng đập vì t k đứng dậy được, t k còn nơi nào nương tựa. Và bây giờ, t đang từng ngày cố gắng chữa lành bản thân, cố gắng không chọn những thứ tiêu cực nữa. T bắt đầu hiểu ra đầu tư vào bản thân mình mới là điều đúng đắn. T muốn xin vía cậu trong 5 năm tới t cũng giỏi như cậu thậm chí hơn. Vì t biết yêu bản thân t rồi.",1,1,1,1,0,1,positive,enjoyment,train,SEACrowd/ViSoBERT
fresh_visobert_05176,hồ quang tiến viết tắt chief executive officer tổng giám đốc điều hành,0,0,0,0,0,0,neutral,other,train,SEACrowd/ViSoBERT
fresh_visobert_05912,"Hehe. Post cái clip mà các bác hỏi hoài vị gì mới đấyyy. Các ce tinh thật nun. Dòng nội địa uk siu ngon, ella e về thêm vị dứa dừa khá đỉnh luông íii. Hqn nhà e vô cùng đa dạng, e hay thay đổi để các con thử đc nhiều quả íii",1,1,1,1,1,1,positive,enjoyment,train,SEACrowd/ViSoBERT
fresh_visobert_04655,ng văn hải vkl =))),1,0,0,0,0,0,neutral,other,train,SEACrowd/ViSoBERT
fresh_visobert_05045,ok thầy iu,0,0,0,0,1,0,positive,enjoyment,train,SEACrowd/ViSoBERT
fresh_visobert_04473,khánh robinson,0,0,0,0,0,0,neutral,other,train,SEACrowd/ViSoBERT
fresh_visobert_09582,"Uống nhiều nước nha, không thì sử dụng thêm gel",0,0,0,0,0,0,neutral,other,train,SEACrowd/ViSoBERT
fresh_visobert_04449,bí kiếp susan 75,0,0,0,0,0,0,neutral,other,train,SEACrowd/ViSoBERT
fresh_visobert_03836,tùy gu nhạc có lẽ quen phong cách âm nhạc hồi jack bh jack kết hợp phong cách âm nhạc hơi lạ,0,0,0,0,0,0,neutral,other,train,SEACrowd/ViSoBERT
fresh_visobert_08129,Giọng nghe giống Dae Hwi quá hát tiếng hàn chắc giống luôn quá,0,0,0,0,0,0,neutral,other,train,SEACrowd/ViSoBERT
fresh_visobert_00980,ý kiến lưu ý ý kiến,0,0,0,0,0,0,neutral,other,train,SEACrowd/ViSoBERT
fresh_visobert_03027,trung thu namw ngoi nha buon vc chi mong ruoc di cung,0,0,0,0,0,0,neutral,other,train,SEACrowd/ViSoBERT
fresh_visobert_07561,Có nhận in chữ không ak,0,0,0,0,0,0,neutral,other,train,SEACrowd/ViSoBERT
fresh_visobert_04414,bình thuận toang ôg giáo,1,0,0,1,0,0,negative,sadness,train,SEACrowd/ViSoBERT
fresh_visobert_10772,Xác định mà cứ ở chỗ cũ là càng ngày càng kẹt xe. Ko có lối mà đi Hai Nguyen,1,0,1,0,0,0,neutral,surprise,train,SEACrowd/ViSoBERT
fresh_visobert_07569,Con rắn là hãng gì vậy,1,1,0,0,0,0,neutral,surprise,train,SEACrowd/ViSoBERT
fresh_visobert_00255,pải nổ lực pải chút gọi may mắn,0,0,0,0,0,0,neutral,other,train,SEACrowd/ViSoBERT
fresh_visobert_03739,ms hối hận,0,0,0,0,0,0,negative,sadness,train,SEACrowd/ViSoBERT
fresh_visobert_06143,Số tiền tương ứng vs chất lượng. Rẻ nên ko thể đòi hỏi nhiều xài khá ổn chưa thấy có gì bất thường,1,0,0,0,0,0,positive,enjoyment,train,SEACrowd/ViSoBERT
fresh_visobert_01799,phạm văn lộc đỉ cặc mày tus liếm fame,0,0,0,0,0,0,neutral,other,train,SEACrowd/ViSoBERT
fresh_visobert_03462,quê vùng sâu vùng xa tv vtv dân tin yêu đãng lắm,1,0,0,0,0,1,positive,enjoyment,train,SEACrowd/ViSoBERT
fresh_visobert_10028,Mới nhìn cứ tưởng hình của midu ko đó em,0,0,0,0,0,0,neutral,other,train,SEACrowd/ViSoBERT
fresh_visobert_08487,Linh Ha Thuy Tran Tran Ha Thuy Ly,0,0,0,0,0,0,neutral,other,train,SEACrowd/ViSoBERT
fresh_visobert_03195,mặt tùng sói ta đùa ))),0,0,0,0,0,0,neutral,other,train,SEACrowd/ViSoBERT
fresh_visobert_07524,Tram Doan Quynh tự nhiên mún bệnh theo haha,0,0,0,0,0,0,neutral,enjoyment,train,SEACrowd/ViSoBERT
fresh_visobert_04771,má đút cu mồm,0,0,0,0,0,0,negative,enjoyment,train,SEACrowd/ViSoBERT
fresh_visobert_04852,đẹp gái đừng nói tục nha,0,0,0,0,0,0,positive,enjoyment,train,SEACrowd/ViSoBERT
fresh_visobert_04413,ước thu giangg add friend iloveu dấu bé,0,0,0,0,0,0,neutral,other,train,SEACrowd/ViSoBERT
fresh_visobert_05372,chuẩn bọn lập trường định kiến loại cặc sống éo đúng sai mà còn,1,0,1,0,0,0,neutral,surprise,train,SEACrowd/ViSoBERT
fresh_visobert_04582,đầu đc thầy thả trym,0,0,0,0,0,0,neutral,enjoyment,train,SEACrowd/ViSoBERT
fresh_visobert_05435,đánh kẻ chạy đánh kẻ chạy lại yêu chúc sống khỏe mạnh vn ghét,0,0,0,0,0,0,neutral,enjoyment,train,SEACrowd/ViSoBERT
fresh_visobert_01964,coi cười bệnh,0,0,0,1,0,0,neutral,enjoyment,train,SEACrowd/ViSoBERT
fresh_visobert_09410,Muốn đc bế trong khung cảnh lãng mạng. Chả thích đc bế lúc đó tí nào 🥲,0,0,0,0,0,0,neutral,enjoyment,train,SEACrowd/ViSoBERT
fresh_visobert_06350,Ngô Mạnh Thắng m ở đây à e,0,0,0,0,0,0,neutral,other,train,SEACrowd/ViSoBERT
fresh_visobert_01734,mùa dịch tiền xe,0,0,0,0,0,0,negative,sadness,train,SEACrowd/ViSoBERT
fresh_visobert_01564,động viên cố gắng thái rf vô địch )),0,0,0,0,0,0,neutral,other,train,SEACrowd/ViSoBERT
fresh_visobert_01190,khoe tượng đau la co chi cay dinh han,0,0,0,0,0,0,negative,sadness,train,SEACrowd/ViSoBERT
fresh_visobert_10322,"Có vụ bên TQ công ty phá sản, GĐ bảo nhân viên muốn lấy gì về thì lấy thế là nhân viên bê hết máy tính với bàn ghế về nè, buồn cười vãi =))))))",1,1,0,1,0,1,negative,enjoyment,train,SEACrowd/ViSoBERT
fresh_visobert_06787,vẫn thắc mắc tại sao trước mình thi vào 10 lại dễ thế,0,0,0,0,0,0,positive,enjoyment,train,SEACrowd/ViSoBERT
fresh_visobert_00766,chết corona mang tiếng đất nước,0,0,0,0,0,0,neutral,other,train,SEACrowd/ViSoBERT
fresh_visobert_08491,T đang nhìn clgv 🙂,1,1,0,0,0,0,neutral,surprise,train,SEACrowd/ViSoBERT
fresh_visobert_03315,tài nguyên môi má trường chết đau rôi,0,0,0,0,0,0,negative,sadness,train,SEACrowd/ViSoBERT
fresh_visobert_05343,thời đại rực rỡ,0,0,0,0,0,0,neutral,other,train,SEACrowd/ViSoBERT
fresh_visobert_08055,Miền nam còn quen chứ bắc thì ối dồi=)) gội đc cái đầu đi học đội mũ bảo hiểm p bết cụ đầu,1,0,0,0,0,0,neutral,other,train,SEACrowd/ViSoBERT
fresh_visobert_03860,thu ngân lm lẩu phan,0,0,0,0,0,0,negative,sadness,train,SEACrowd/ViSoBERT
fresh_visobert_08535,Hung Nguyen e xin lỗi a Hưng nhưng đọc đoạn chứng khoán đầu em popup anh =))),1,1,1,0,0,1,negative,disgust,train,SEACrowd/ViSoBERT
fresh_visobert_01317,)))) đếch nước ngoài đối xử cặc câm mồm có tí tiền lo bổ túc não,0,0,0,0,0,0,negative,fear,train,SEACrowd/ViSoBERT
fresh_visobert_05797,iphone ăn cắp thương hiệu tộc trưởng,0,0,0,0,0,0,neutral,sadness,train,SEACrowd/ViSoBERT
fresh_visobert_01893,tư thiện nghèo đc,0,0,0,0,0,0,negative,disgust,train,SEACrowd/ViSoBERT
fresh_visobert_00859,yêu yêu vô cùng,0,0,0,0,0,0,positive,enjoyment,train,SEACrowd/ViSoBERT
fresh_visobert_03184,mua bay vs bàn xoa sếp tổng hết chát,0,0,0,0,0,0,neutral,other,train,SEACrowd/ViSoBERT
fresh_visobert_08098,Nghe hiểu hoàn cảnh của người mẹ đi rồi cmt sau😁,0,0,0,0,0,0,positive,enjoyment,train,SEACrowd/ViSoBERT
fresh_visobert_01022,chào thầy bê đê thầy )),0,0,0,0,0,0,neutral,other,train,SEACrowd/ViSoBERT
fresh_visobert_04419,câu chuyện vui =))),1,0,0,0,0,0,positive,enjoyment,train,SEACrowd/ViSoBERT
fresh_visobert_08075,Chúc mẹ con có cuộc sống bình an khoẻ mạnh 😍,0,0,0,0,0,0,positive,enjoyment,train,SEACrowd/ViSoBERT
fresh_visobert_06639,cuhiep ko đeo khẩu trang kìa 😀,0,0,0,0,0,0,neutral,other,train,SEACrowd/ViSoBERT
fresh_visobert_09407,"Nhung Nguyen chi phí triệt nguyên tay của bạn là ,8, hiện tại mv đang có chương trình km giảm 7% khi bạn sử dụng liệu trình từ lần trở lên bạn nhé",0,0,0,0,1,0,neutral,other,train,SEACrowd/ViSoBERT
fresh_visobert_04337,video broh,0,0,0,0,1,0,neutral,other,train,SEACrowd/ViSoBERT
fresh_visobert_01646,trái cây dám nuốt cặc sợ độc tr usd nuốt khôn xom,0,0,0,0,0,0,negative,fear,train,SEACrowd/ViSoBERT
fresh_visobert_06673,Trần Nguyễn Ngọc Châu quen ko,0,0,0,0,0,0,neutral,other,train,SEACrowd/ViSoBERT
fresh_visobert_06049,Hàng chất lượng,1,0,0,0,0,0,positive,enjoyment,train,SEACrowd/ViSoBERT
fresh_visobert_09256,Trò ném nam châm xuống sông mình chơi từ hồi còn nhỏ rồi. Hay vớt nắp chai bán sắt vụn,0,0,0,0,0,0,positive,enjoyment,train,SEACrowd/ViSoBERT
fresh_visobert_02263,xăm hình said,0,0,0,0,0,0,neutral,other,train,SEACrowd/ViSoBERT
fresh_visobert_11033,Chị My đẹp quá . Rụng rời cả tay chân,0,0,0,1,1,0,positive,enjoyment,train,SEACrowd/ViSoBERT
fresh_visobert_00548,hàu ob trai cong,0,0,0,0,0,0,positive,enjoyment,train,SEACrowd/ViSoBERT
fresh_visobert_09394,Giữ mãi trong tim,0,0,0,0,0,0,neutral,sadness,train,SEACrowd/ViSoBERT
fresh_visobert_07359,Nguyễn Huệ bố trí nhờ :)))),1,0,0,0,0,0,neutral,other,train,SEACrowd/ViSoBERT
fresh_visobert_04074,cố abe ơiii tin tưởng tam kê sbtc,0,0,0,0,0,0,neutral,other,train,SEACrowd/ViSoBERT
fresh_visobert_11943,Chào nhưng tôi kh đẻ,1,0,1,0,0,0,neutral,surprise,train,SEACrowd/ViSoBERT
fresh_visobert_08887,Giao đủ . Chất lượng tốt . Giao hàng nhanh . Sẽ tiếp tục ủng hộ ạ .,1,0,0,0,0,0,positive,enjoyment,train,SEACrowd/ViSoBERT
fresh_visobert_04913,huỳnh chí tính cặc clmm chổng mông,0,0,0,0,0,0,neutral,other,train,SEACrowd/ViSoBERT
fresh_visobert_08748,"Bao nhiêu tiền hop c , dubg dc bao lâu",0,0,0,0,0,0,neutral,other,train,SEACrowd/ViSoBERT
fresh_visobert_11564,Hah dk lên là dk r e,0,0,0,0,0,0,neutral,other,train,SEACrowd/ViSoBERT
fresh_visobert_06241,Anh tiến tắt nắng luôn rồi,0,0,0,0,0,0,neutral,other,train,SEACrowd/ViSoBERT
fresh_visobert_01778,đầu hợp lí vl,1,0,0,1,0,0,negative,surprise,train,SEACrowd/ViSoBERT
fresh_visobert_11129,Trần Nguyên Hiếu anh này thạt là hào phóng nói chứ để yêu ai để đập 😁,0,0,0,0,0,0,positive,enjoyment,train,SEACrowd/ViSoBERT
fresh_visobert_07217,Bị mẹ kí đầu riếc nhưng vẫn ghiền trò này :v,1,0,1,0,0,0,neutral,surprise,train,SEACrowd/ViSoBERT
fresh_visobert_11103,tạm biệt tổng thống trump !! việt nam hẹn gặp lại ngài !,0,0,0,0,0,0,neutral,other,train,SEACrowd/ViSoBERT
fresh_visobert_05206,đình chỉ thải mấy hồi,0,0,0,0,0,0,negative,sadness,train,SEACrowd/ViSoBERT
fresh_visobert_03556,nguyễn thị hương nguyễn hương sen,0,0,0,0,0,0,neutral,other,train,SEACrowd/ViSoBERT
fresh_visobert_07708,"Mình chỉ ước mặt mình đẹp như khi đã dùng filter thôi :)) bỏ cái filter ra nhìn thấy hãi 😃 sợ nhất vẫn là khi ngó mặt mình qua Zoom hay google meet, nó gấp đôi độ xấu luôn",1,1,0,1,0,1,neutral,enjoyment,train,SEACrowd/ViSoBERT
fresh_visobert_08745,Ngày hnay quá đẹp lunn💐💐💐,0,0,0,0,0,0,positive,enjoyment,train,SEACrowd/ViSoBERT
fresh_visobert_00071,Lổi chính tả t cảm,0,0,0,0,0,0,neutral,other,train,SEACrowd/ViSoBERT
fresh_visobert_08657,Quan trọng vẫn là đồng lòng và ý thức,0,0,0,0,0,0,neutral,other,train,SEACrowd/ViSoBERT
fresh_visobert_07378,Thuỷ Péo chúng m đi đạp vịt nữa đi,0,0,0,0,0,0,neutral,other,train,SEACrowd/ViSoBERT
fresh_visobert_10071,"Theo đó, cấm tất cả các loại xe lưu thông vào đường Nguyễn Huệ (đoạn từ đường Lê Thánh Tôn đến đường Tôn Đức Thắng) và đường Lê Lợi (đoạn từ đường Đồng Khởi đến đường Pasteur) từ 8 giờ đến giờ ngày 4 - 5/.",0,0,0,0,0,0,neutral,other,train,SEACrowd/ViSoBERT
fresh_visobert_06384,"Theo lời kể của gia đình, ông G. đã uống một chai rượu trắng hàng xóm cho. Sau đó, ông kêu mệt, không ăn uống, nôn ói và bất tỉnh. Sau khi được cấp cứu tại một bệnh viện gần nhà, ông G. được chuyển đến Bệnh viện Nhân dân Gia Định.",0,0,0,0,0,1,neutral,disgust,train,SEACrowd/ViSoBERT
fresh_visobert_11329,Nhan mi nhui ban,0,0,0,0,0,0,positive,sadness,train,SEACrowd/ViSoBERT
fresh_visobert_01838,dân cặc thoát cai trị,0,0,0,0,0,0,neutral,other,train,SEACrowd/ViSoBERT
fresh_visobert_02614,nguyễn thái an =)),1,0,0,0,0,0,neutral,other,train,SEACrowd/ViSoBERT
fresh_visobert_11361,Chăm sóc khách là trách nhiệm người bán mà em 🤗,1,0,1,0,0,0,neutral,surprise,train,SEACrowd/ViSoBERT
fresh_visobert_07519,Phương Hồ nhớ bài ni của ai k c.kkk,0,0,0,0,0,0,neutral,enjoyment,train,SEACrowd/ViSoBERT
fresh_visobert_03969,mưa suốt a độ,0,0,0,0,0,0,negative,enjoyment,train,SEACrowd/ViSoBERT
fresh_visobert_11486,mua 2 sp đc phi ship giao hàng nhanh NV dễ thương ủng hộ shop,0,0,0,0,1,0,positive,enjoyment,train,SEACrowd/ViSoBERT
fresh_visobert_03246,đích thị bác sĩ vĩ đại,0,0,0,0,0,0,neutral,other,train,SEACrowd/ViSoBERT
fresh_visobert_02016,chúc hiệp hiền hạnh phúc thắng trầm cuộc sống )),0,0,0,0,0,0,positive,enjoyment,train,SEACrowd/ViSoBERT
fresh_visobert_03419,chững chạc,0,0,0,0,0,0,neutral,enjoyment,train,SEACrowd/ViSoBERT
fresh_visobert_01597,tay phải hình phát mua thuyền 7 tỷ êcip haha,0,0,0,0,0,0,neutral,enjoyment,train,SEACrowd/ViSoBERT
fresh_visobert_11968,Thu Hương a cũng quen đứa em tên hương đấy. A đợi cuộc gọi nhỡ he he,0,0,0,0,0,0,neutral,other,train,SEACrowd/ViSoBERT
fresh_visobert_05680,gọi trần dần cặc tinh trùng khuyết tật,0,0,0,0,0,0,neutral,other,train,SEACrowd/ViSoBERT
fresh_visobert_01514,tấu hài mùa dịch,1,0,0,1,0,1,neutral,disgust,train,SEACrowd/ViSoBERT
fresh_visobert_02637,mặt thầy tươi đám,0,0,0,0,0,0,positive,enjoyment,train,SEACrowd/ViSoBERT
fresh_visobert_10783,mình xài được 3 ngày và mụn cũng giảm bớt,0,0,0,0,0,0,neutral,other,train,SEACrowd/ViSoBERT
fresh_visobert_09189,dạ chị hút được ạ không ảnh hưởng gì đâu chị ạ,0,1,0,0,0,1,neutral,disgust,train,SEACrowd/ViSoBERT
fresh_visobert_07772,Shop bọc hàng kĩ,0,0,0,0,1,0,neutral,other,train,SEACrowd/ViSoBERT
fresh_visobert_02929,võ hoàng phi haha,0,0,0,0,0,0,neutral,enjoyment,train,SEACrowd/ViSoBERT
fresh_visobert_02753,tài vương phim hồi hộp đoán phim quái vật phim đc coi ok ruig,0,0,0,0,1,0,neutral,fear,train,SEACrowd/ViSoBERT
fresh_visobert_02139,sư phụ nói chuyện iu chất phác,1,0,0,0,0,0,positive,enjoyment,train,SEACrowd/ViSoBERT
fresh_visobert_09685,Sản phẩm chất lượng tốt. Hàng đóng gói cẩn thận. Giao hàng nhanh. Cảm ơn shop nhiều!,1,0,0,0,1,0,positive,enjoyment,train,SEACrowd/ViSoBERT
fresh_visobert_04791,duyên ghê yêu ❤,0,0,0,0,0,0,positive,enjoyment,train,SEACrowd/ViSoBERT
fresh_visobert_03229,niêm yết giá kêu nhắc nhở chủ quan bảo đọc menu gọi đọc mua bình thường,0,0,0,0,0,0,neutral,other,train,SEACrowd/ViSoBERT
fresh_visobert_10798,Đẹp trai quá chú ơi,0,0,0,0,0,0,positive,enjoyment,train,SEACrowd/ViSoBERT
fresh_visobert_02034,má nước hoa xạo,0,0,0,0,0,1,neutral,disgust,train,SEACrowd/ViSoBERT
fresh_visobert_05184,chi phối thế giới,0,0,0,0,0,0,neutral,other,train,SEACrowd/ViSoBERT
fresh_visobert_08813,Okela mua thử một lần lần sau sẽ mua tiếp tựa lưng. Cao su non gối êm lắm ạ,0,0,0,0,0,0,neutral,other,train,SEACrowd/ViSoBERT
fresh_visobert_09323,Biết bơi vịt dc ko Tham Pham,0,0,0,0,0,0,neutral,other,train,SEACrowd/ViSoBERT
fresh_visobert_00157,mài óc suy nghĩ add đồng băng cặc mài đào hồ bnhiu hả ngu,1,1,0,0,0,1,negative,surprise,train,SEACrowd/ViSoBERT
fresh_visobert_03520,linh hậu giang khong sài gòn,0,0,0,0,0,0,neutral,other,train,SEACrowd/ViSoBERT
fresh_visobert_08360,Huỳnh Trung ờ qườ ơ qướ ơ qườ ơ qườ😆,0,0,0,0,0,0,neutral,enjoyment,train,SEACrowd/ViSoBERT
fresh_visobert_06469,Xin cảm ơn nhạc Sỹ sáng tác nhạc phẩm này và xin cảm ơn ca Sỹ trình diễn bài hát tôi vừa nghe vừa nhớ cha mẹ chồng đã mất của mình trong lòng thương nhớ cha mẹ mà rưng rưng nước mắt tôi ước gì giờ vẫn còn cha mẹ _con mong cha mẹ hạnh phúc trên thiên đường,0,1,1,0,0,1,positive,sadness,train,SEACrowd/ViSoBERT
fresh_visobert_07704,Trông đen thế,0,0,0,0,0,0,positive,enjoyment,train,SEACrowd/ViSoBERT
fresh_visobert_11091,Trần Văn Long khá buồn,0,0,0,0,0,0,negative,sadness,train,SEACrowd/ViSoBERT
fresh_visobert_10873,Áo trắng bao nhiêu vậy chị,0,0,0,0,0,0,neutral,other,train,SEACrowd/ViSoBERT
fresh_visobert_04138,để ý đầu bút đầu kh,0,0,0,0,0,0,neutral,other,train,SEACrowd/ViSoBERT
fresh_visobert_05228,thế giới chỗ núp bắn đấy,0,0,0,0,0,0,neutral,other,train,SEACrowd/ViSoBERT
fresh_visobert_04385,ghép thay chai sting,0,0,0,0,1,0,positive,enjoyment,train,SEACrowd/ViSoBERT
fresh_visobert_06466,Người ddejp vì lụa,0,0,0,0,0,0,negative,sadness,train,SEACrowd/ViSoBERT
fresh_visobert_11864,Có ốp lưng của Oppo a 7ko sop,0,0,0,0,0,0,neutral,other,train,SEACrowd/ViSoBERT
fresh_visobert_03928,mong công dân việt nam nhật bản học tập lao động sức khỏe chúc nhật bản nhanh chóng đại nạn,0,0,0,0,0,0,positive,enjoyment,train,SEACrowd/ViSoBERT
fresh_visobert_04018,edit sợ =)),0,0,0,0,1,0,negative,fear,train,SEACrowd/ViSoBERT
fresh_visobert_04418,xã hội ao hồ dân chúng thoải mái bơi,0,0,0,0,0,0,neutral,other,train,SEACrowd/ViSoBERT
fresh_visobert_04892,hồ tuấn kiệtkiệt xóa )),0,0,0,0,0,0,neutral,sadness,train,SEACrowd/ViSoBERT
fresh_visobert_07617,My Nguyễn tag chơi th chứ đừng đọc chữ =)),1,0,0,0,1,0,neutral,other,train,SEACrowd/ViSoBERT
fresh_visobert_09691,Mua cho Bon Linh Khánh,0,0,0,0,1,0,positive,other,train,SEACrowd/ViSoBERT
fresh_visobert_01760,nguyễn bích hồng =)) đỡ,1,0,0,0,0,0,neutral,other,train,SEACrowd/ViSoBERT
fresh_visobert_04617,minh hiếu ng miền tây quê nói chuyện duyên dáng dễ thương lắm mc vô duyên,1,0,0,0,0,1,neutral,enjoyment,train,SEACrowd/ViSoBERT
fresh_visobert_03560,ba má đụ chi uổng công uổng nghệ uổng nghễ quần quân uổng công tuột quần cặc tèo tuột banh loz đau loz đẻ trò md ghê iu minh hiếu,0,0,0,0,0,0,negative,disgust,train,SEACrowd/ViSoBERT
fresh_visobert_09662,Yh thoii chậm đi quá 🙁,0,0,0,0,0,0,neutral,other,train,SEACrowd/ViSoBERT
fresh_visobert_07291,Mấy anh cười cái muốn xĩu ngang vậy đó:((,0,0,0,0,0,0,neutral,other,train,SEACrowd/ViSoBERT
fresh_visobert_01085,tuyến tống,0,0,0,0,0,0,positive,enjoyment,train,SEACrowd/ViSoBERT
fresh_visobert_04090,ns quái trời tưởng hoàng thân quốc thích tàu mĩ tồn tại ak coi mấy phim sản cặc nước ngoài điều trị tâm thần mong bình phục chở con người đừng thần tượng mấy công công hồi hóa điên hóa khùng,1,0,0,1,0,1,positive,enjoyment,train,SEACrowd/ViSoBERT
fresh_visobert_10698,"Các bạn ơi đừng CMT địa chỉ nữa @@ CMT chúc mừng page đi nào, sách tặng hết rồi ớ @@",0,0,0,0,1,0,neutral,other,train,SEACrowd/ViSoBERT
fresh_visobert_11868,Tin được không cả nhà ơi,0,0,0,0,0,0,neutral,other,train,SEACrowd/ViSoBERT
fresh_visobert_06807,Hóng chú đầm dài màu xanh dương nè e,0,0,0,0,0,0,neutral,other,train,SEACrowd/ViSoBERT
fresh_visobert_05899,"BẠN THÂN MẾN,, HÃY GỌI TRỰC TIẾP CHO CHÚNG TÔI 98.488.66 ĐỂ HẸN LỊCH PHỎNG VẤN (Chỉ nhận những ứng viên gọi điện trực tiếp)",0,0,0,0,0,0,positive,sadness,train,SEACrowd/ViSoBERT
fresh_visobert_07009,Ngồi taxi nói chuyện thế giới,0,0,0,0,0,0,neutral,other,train,SEACrowd/ViSoBERT
fresh_visobert_05050,đấy quốc sư mỹ cặc xóa cờ hó vnch,0,0,0,0,0,0,neutral,other,train,SEACrowd/ViSoBERT
fresh_visobert_06274,dù có mặc bộ nào cũng vẫn pose,0,0,0,0,0,0,neutral,other,train,SEACrowd/ViSoBERT
fresh_visobert_06800,Này đối diện hồ bời kỳ đồng mà :3,1,0,1,0,0,0,neutral,surprise,train,SEACrowd/ViSoBERT
fresh_visobert_05756,lỡ ng ta du lịch công việc công tác má,0,0,0,0,0,0,negative,fear,train,SEACrowd/ViSoBERT
fresh_visobert_08676,cảm giác đập cánh 6 cả phố quỳ xuống nó phê,1,0,0,0,0,0,positive,enjoyment,train,SEACrowd/ViSoBERT
fresh_visobert_08754,Anh Tú đâu chị,0,1,0,0,0,1,positive,disgust,train,SEACrowd/ViSoBERT
fresh_visobert_01332,minh vân like dn <,0,0,0,0,1,0,neutral,other,train,SEACrowd/ViSoBERT
fresh_visobert_05810,bệnh cặc ung thư đấy ngu,1,0,0,0,0,1,negative,disgust,train,SEACrowd/ViSoBERT
fresh_visobert_08492,Toner hoa cúc đi Na ơi,0,0,0,0,0,0,neutral,sadness,train,SEACrowd/ViSoBERT
fresh_visobert_08392,"Đm đang cãi nhau thì đéo kết nối đc, tuk vl",1,0,0,1,0,1,negative,anger,train,SEACrowd/ViSoBERT
fresh_visobert_04567,đố anh em ngủ ngon muahahahaha,0,0,0,0,0,0,neutral,other,train,SEACrowd/ViSoBERT
fresh_visobert_07432,Bản VN chưa update nua :v,0,0,0,0,1,0,neutral,other,train,SEACrowd/ViSoBERT
fresh_visobert_00800,tài lê tấc nhiêng mưu sự nhân thành sự thiên,0,0,0,0,0,0,neutral,other,train,SEACrowd/ViSoBERT
fresh_visobert_01759,chống mắt chống mũi nè,0,0,0,0,0,0,neutral,other,train,SEACrowd/ViSoBERT
fresh_visobert_02426,long duy đào,0,0,0,0,0,0,negative,fear,train,SEACrowd/ViSoBERT
fresh_visobert_01936,camera sắc nét thầy ời )),0,0,0,0,1,0,positive,enjoyment,train,SEACrowd/ViSoBERT
fresh_visobert_08599,"Khi đi làm không có thời gian chăm sóc bản thân ngày càng yếu, về quê quyết tâm an dưỡng mà an dưỡng kiểu gì 4kg xuống 8kg, ăn bao nhiêu cũng không lên, thật sự ăn đến mức có lúc vừa ăn vừa khóc luôn, đêm không muốn vẫn ráng ăn thêm đồ để lên cân, áp lực thật sự không kém mấy bạn muốn giảm cân 🥲",1,1,1,0,0,1,negative,sadness,train,SEACrowd/ViSoBERT
fresh_visobert_08908,shop giao đủ 👍👍👍👍👍👍👍👍👍👍👍👍👍👍👍👍👍👍👍👍👍👍👍👍👍👍👍👍👍👍👍👍👍👍👍👍👍👍👍👍👍,0,0,0,0,1,0,positive,enjoyment,train,SEACrowd/ViSoBERT
fresh_visobert_06884,Chừng nào chưa kí tên vào tờ hôn thú thì đừng vội tự tin mình là chính thất🤣,0,0,0,0,0,0,neutral,enjoyment,train,SEACrowd/ViSoBERT
fresh_visobert_08439,chất thức tới sáng,1,0,0,0,0,0,positive,enjoyment,train,SEACrowd/ViSoBERT
fresh_visobert_07771,Mãnh thú này giống vs nhà em nhưng nhà em sợ mỗi xả với rau má,0,0,1,0,0,0,negative,fear,train,SEACrowd/ViSoBERT
fresh_visobert_02611,thuật toán thông minh =))) nhận diện dc giọng,1,0,0,0,0,0,neutral,other,train,SEACrowd/ViSoBERT
fresh_visobert_04716,sổ hộ nghèo miễn giảm lỗi chính tả,0,0,0,0,0,0,negative,sadness,train,SEACrowd/ViSoBERT
fresh_visobert_01691,độ =)) bé ngonnn =)) dâu =)) emm,1,0,0,0,0,0,neutral,other,train,SEACrowd/ViSoBERT
fresh_visobert_10108,uống trà đào thì hãy rủ,0,0,0,0,0,0,neutral,other,train,SEACrowd/ViSoBERT
fresh_visobert_07854,"chào bạn, sau khi phun môi 4 tháng sẽ kiểm tra và dặm lại nhé",0,0,0,0,0,0,neutral,other,train,SEACrowd/ViSoBERT
fresh_visobert_10009,T k kì thị người tật nguyền nhưng riêng với thằng này thì nó xứng đáng =))))),1,1,1,0,0,1,neutral,disgust,train,SEACrowd/ViSoBERT
fresh_visobert_03478,đừng cộng sản cộng cặc sản muôn đời sai,0,0,0,0,0,0,neutral,other,train,SEACrowd/ViSoBERT
fresh_visobert_06813,"giống ảnh lắm ạ , hơi rộng eo xíu thoI còn lại rất được",0,0,0,0,0,0,neutral,other,train,SEACrowd/ViSoBERT
fresh_visobert_06262,"Yehhhh, e ở Hà Nội và rất muốn gặp chị với Jade 😍😍",0,0,0,0,0,0,positive,enjoyment,train,SEACrowd/ViSoBERT
fresh_visobert_07186,Hoàn Kím mất gốc vô đây,1,0,0,1,0,0,neutral,other,train,SEACrowd/ViSoBERT
fresh_visobert_03154,nổ lực trùng tu nhăn sắc mồi chài đại gia gọi nổ lực đẹp,0,0,0,0,0,0,positive,enjoyment,train,SEACrowd/ViSoBERT
fresh_visobert_11614,"Anh oii, cái này em nói thiệt nha, nghe giọng anh nó phê phê sao á anh oii",1,0,0,0,0,0,positive,enjoyment,train,SEACrowd/ViSoBERT
fresh_visobert_08256,Chi ba oi em quy chi qua chi cho em hoc cach giau voi em nghro qua day chi oi,0,0,0,0,0,0,neutral,other,train,SEACrowd/ViSoBERT
fresh_visobert_00069,Vào chậm quá,0,0,0,0,0,0,positive,sadness,train,SEACrowd/ViSoBERT
fresh_visobert_07046,Cô xay ra thành cháo luôn ăn cho nó dễ,0,0,0,0,0,0,positive,enjoyment,train,SEACrowd/ViSoBERT
fresh_visobert_08578,😆 xong chung kết :)) Việt Nam unf trang của dì Na hết :)) cho dì bớt thiên vị,1,0,0,0,0,0,neutral,enjoyment,train,SEACrowd/ViSoBERT
fresh_visobert_00777,page pr thắm hehe,0,0,0,0,1,0,neutral,enjoyment,train,SEACrowd/ViSoBERT
fresh_visobert_08946,tốn tiền mua cục khác nữa,0,0,0,0,0,0,neutral,other,train,SEACrowd/ViSoBERT
fresh_visobert_06584,lần nào xem show lazada cũng thả mưa voucher này thì bik làm sao :)),1,0,0,0,1,0,neutral,other,train,SEACrowd/ViSoBERT
fresh_visobert_09699,Thu Hà cắt mỏ chừ,0,0,0,0,0,0,neutral,other,train,SEACrowd/ViSoBERT
fresh_visobert_03319,mn fb bảy miếng đất fb video,0,0,0,0,1,0,neutral,other,train,SEACrowd/ViSoBERT
fresh_visobert_02553,bon oc ng gjup caj nguoi giup caj kia thay ng cặc ta dc nhjeu ng men mo thj can dit noi xau,0,0,0,0,0,0,neutral,other,train,SEACrowd/ViSoBERT
fresh_visobert_09926,Đặng Thị Thủy Tiên bạn nghĩ sao nếu nghe lúc h sáng 😌,0,0,0,0,0,0,neutral,other,train,SEACrowd/ViSoBERT
fresh_visobert_10695,Cái đom chi củng ưng mà chụy củng ưng thật kkk,1,1,1,0,0,1,positive,enjoyment,train,SEACrowd/ViSoBERT
fresh_visobert_00970,vũ thị huyền bn,0,0,0,0,0,0,neutral,other,train,SEACrowd/ViSoBERT
fresh_visobert_00250,lê thị bích cặc hồng tk trẩu,0,0,0,0,0,0,neutral,other,train,SEACrowd/ViSoBERT
fresh_visobert_02912,hướng nghiệp nghề thầy,0,0,0,0,0,0,neutral,other,train,SEACrowd/ViSoBERT
fresh_visobert_02609,nick cj linda ik,0,0,0,0,1,0,positive,other,train,SEACrowd/ViSoBERT
fresh_visobert_04550,fan cu tiệp =))),1,1,0,0,1,1,neutral,disgust,train,SEACrowd/ViSoBERT
fresh_visobert_01173,mùa lũ bà con miền trung lao đao bao con người tần tảo thương lắm miền trung ghét lắm tổ quốc lắm cặn bã,0,0,0,0,0,0,negative,sadness,train,SEACrowd/ViSoBERT
fresh_visobert_05422,di cách ly nghĩa vụ cộng dồng dừng bắt buộc phát biểu vô ý thức,0,0,0,0,0,0,neutral,other,train,SEACrowd/ViSoBERT
fresh_visobert_10928,làm thêm quả hệ anh emvs yone nx,0,0,0,0,0,0,neutral,other,train,SEACrowd/ViSoBERT
fresh_visobert_11313,hiền như ba Tee cũng có lúc nổi giận cơ à,0,0,0,0,0,0,negative,anger,train,SEACrowd/ViSoBERT
fresh_visobert_01225,trợn trắng,0,0,0,0,0,0,neutral,enjoyment,train,SEACrowd/ViSoBERT
fresh_visobert_07589,sau trải nghiệm alpha test thì cảm thấy cực tuyệt. được đăng đến vip 12. mình đã quay video lại làm kỷ niệm và đăng lên youtube zacker gamer anh ^^,0,0,0,1,1,0,positive,enjoyment,train,SEACrowd/ViSoBERT
fresh_visobert_05465,lê bá kỳ phục xe thồ chạy cố vô,0,0,0,0,0,0,neutral,other,train,SEACrowd/ViSoBERT
fresh_visobert_10321,Vũ Thúy Hằng time go :)),1,0,0,0,0,0,neutral,other,train,SEACrowd/ViSoBERT
fresh_visobert_09108,☹️ Một thế trận áp đảo nghiêng hẳn về phía dtac Talon và sức mạnh của MOOP cũng như iPodPro là khủng khiếp... Giao tranh tổng của Saigon Phantom AOV không thực sự mượt mà và 2-1 bản lề cho đại diện Thái Lan!!,1,0,1,1,0,0,neutral,disgust,train,SEACrowd/ViSoBERT
fresh_visobert_09892,Ngô Thị Huyền Huế có cai lon 😐 Đaua ai lại rủ nhau bỏ học cơ chứ nị,0,0,0,0,0,0,neutral,other,train,SEACrowd/ViSoBERT
fresh_visobert_08798,Vòng bảng đánh còn chật vật đòi sòng phẳng trận chung kết,0,0,0,0,0,0,neutral,other,train,SEACrowd/ViSoBERT
fresh_visobert_01898,link fb trần dần,0,0,0,0,1,0,neutral,other,train,SEACrowd/ViSoBERT
fresh_visobert_08728,Đóng gói kĩ,0,0,0,0,0,0,positive,enjoyment,train,SEACrowd/ViSoBERT
fresh_visobert_01452,hôm 5/ điểm danh ngày mai điểm danh bù,0,0,0,0,0,0,neutral,other,train,SEACrowd/ViSoBERT
fresh_visobert_04958,dũng cảm chấp nhận,0,0,0,0,0,0,positive,enjoyment,train,SEACrowd/ViSoBERT
fresh_visobert_05843,Chuyện quan trọng phải nói lần,0,0,0,0,0,0,neutral,other,train,SEACrowd/ViSoBERT
fresh_visobert_09588,Em iêu chi bao my,0,0,0,0,1,0,neutral,other,train,SEACrowd/ViSoBERT
fresh_visobert_05531,đừng chửi sống nhường nhịn thua,0,0,0,0,0,0,neutral,other,train,SEACrowd/ViSoBERT
fresh_visobert_11136,Bạn bè đi ngang xin đi ngang lun nha,0,0,0,0,0,0,neutral,other,train,SEACrowd/ViSoBERT
fresh_visobert_08587,"chia nhỏ bài tập về nhà để cộng điểm cho sinh viên , vừa giúp sinh viên làm và hiểu nhuần nhuyễn và tránh tình trạng rớt đồng loạt .",0,0,0,0,0,0,neutral,other,train,SEACrowd/ViSoBERT
fresh_visobert_02276,vô lý thuyết phục vl ))),0,0,0,1,0,0,neutral,surprise,train,SEACrowd/ViSoBERT
fresh_visobert_01512,thương cụ giời vẩn vẩn nhặt rác chúc cụ sức khỏe viết tiếp ước mơ cao đẹp cụ bẩm cụ,1,0,0,0,0,1,neutral,sadness,train,SEACrowd/ViSoBERT
fresh_visobert_05373,huy germany giọng,0,0,0,0,0,0,positive,other,train,SEACrowd/ViSoBERT
fresh_visobert_11543,Đêm nay argentina thắng nữa là tuyệt vời❤,0,0,0,0,0,0,positive,enjoyment,train,SEACrowd/ViSoBERT
fresh_visobert_06074,thi bệnh đấu tranh,0,0,0,0,0,0,neutral,other,train,SEACrowd/ViSoBERT
fresh_visobert_11963,Hóa ra có người vắt lên thật =)),1,1,1,0,0,0,neutral,surprise,train,SEACrowd/ViSoBERT
fresh_visobert_01811,đào mạnh an cách ly xét nghiệm,0,0,0,0,0,0,neutral,other,train,SEACrowd/ViSoBERT
fresh_visobert_06821,Sao chị hứa lên dạ mà :(((,1,1,1,0,0,1,neutral,disgust,train,SEACrowd/ViSoBERT
fresh_visobert_04949,nói chuyện co thiệt nha moi,0,0,0,0,0,0,neutral,other,train,SEACrowd/ViSoBERT
fresh_visobert_02324,thoát án tử thoát án tù chết chung thân vỡ mồm sống chết nhân dân tí sái hưởng,0,0,0,0,0,0,neutral,other,train,SEACrowd/ViSoBERT
fresh_visobert_06594,"Loại này mình thích nhất trong các loại nước xả của Comfort, mùi thoang thoảng và thơm lâu nhè nhẹ chứ không nồng lúc đầu như các loại còn lại. Còn làm mềm vải hơn nữa.",0,0,0,1,0,0,positive,enjoyment,train,SEACrowd/ViSoBERT
fresh_visobert_02690,tù chung thân tội chấp hành phương pháp cách li nhà nước,0,0,0,0,0,0,neutral,other,train,SEACrowd/ViSoBERT
fresh_visobert_02371,ae cẩn thận đừng lái máy cày uống rượu nhá,0,0,0,0,0,0,neutral,other,train,SEACrowd/ViSoBERT
fresh_visobert_07190,Ao tim va hong sot 5556,0,0,0,0,0,0,neutral,other,train,SEACrowd/ViSoBERT
fresh_visobert_11123,Ơ hơ Trần Minh Khang 🤣🤣 Yes yess,0,0,0,0,1,0,neutral,enjoyment,train,SEACrowd/ViSoBERT
fresh_visobert_07992,Tôi thương cho con cái của bạn này. Một người như vậy liệu sẽ nuôi dạy con cái của mình ntn????,1,0,0,1,0,0,neutral,surprise,train,SEACrowd/ViSoBERT
fresh_visobert_06712,"Gato vl, còn tôi, người bình thường Phạm Minh Tú đ' được đi đâu lại còn lo ko có thưởng tết",0,0,0,1,0,0,negative,fear,train,SEACrowd/ViSoBERT
fresh_visobert_02640,hồi trẻ cute tùng sói,0,0,0,0,1,0,positive,enjoyment,train,SEACrowd/ViSoBERT
fresh_visobert_04408,trần tai trâu nhạc đông nhạc thị trường ngta khen cặc thi cung khen cha đên tầm đên la,0,0,0,0,0,0,neutral,other,train,SEACrowd/ViSoBERT
fresh_visobert_04844,triệu thành long tao trừ bù,0,0,0,0,0,0,neutral,other,train,SEACrowd/ViSoBERT
fresh_visobert_10116,nhỏ Phạm Khánh Ly lạc bên Thanh Xuân cụ thể là trường đh KHTN ai biết đưa về HVBC dùm ạ,0,0,0,0,0,0,neutral,other,train,SEACrowd/ViSoBERT
fresh_visobert_07683,Truc Le em nè,0,0,0,0,0,0,negative,other,train,SEACrowd/ViSoBERT
fresh_visobert_08011,"Đẹp, duyệt, ưng quá 😍😍 đặt 1/11 tới chiều 2/11 có hàng. Được giảm giá nên rẻ nhiều so với mua bên ngoài. Nhiều người hoài nghi khi thấy mình đặt mua đồ online sợ này sợ nọ, nhưng mình đã đặt mua trên tiki rất rất nhiều lần rồi, nên cảm giác rất tin tưởng và thật là tiki không làm mình thất vọng. Apple Watch SE mỏng đẹp hơn nhiều so sới bản S3 🤣🤣 hẳn là vậy rồi, được tiki trading kích hoạt bảo hành từ 1/11 luôn. Bản 40mm phù hợp với các bạn nữ có cổ tay tròn không quá lớn không quá nhỏ. Ban đầu cũng lăn tăn lắm nhưng mua rồi thì cảm thấy thật hài lòng 😃",1,1,1,0,1,1,positive,enjoyment,train,SEACrowd/ViSoBERT
fresh_visobert_01801,gió vàng làng chém gió,0,0,0,0,0,0,neutral,other,train,SEACrowd/ViSoBERT
fresh_visobert_05174,dạo idol sắc lo ngại sức khỏe idol,0,0,0,0,1,0,negative,fear,train,SEACrowd/ViSoBERT
fresh_visobert_03386,tối ngày đường giám,0,0,0,0,0,0,positive,sadness,train,SEACrowd/ViSoBERT
fresh_visobert_01737,ad vn kiểm soát đc giá cả,0,0,0,0,0,0,neutral,other,train,SEACrowd/ViSoBERT
fresh_visobert_07273,mới mua về xài cũng được phù hợp giá tiền đáng mua lắm ớ,0,0,0,0,0,0,neutral,other,train,SEACrowd/ViSoBERT
fresh_visobert_08193,- Bước 1: Truy cập vào trang chủ ứng dụng Shopee > mục Shopee Mum’s Club,0,0,0,0,0,0,neutral,other,train,SEACrowd/ViSoBERT
fresh_visobert_10410,Nhạc của TNS có tính gây nghiện rất mạnh.,0,0,0,0,0,0,neutral,other,train,SEACrowd/ViSoBERT
fresh_visobert_00673,icm ca cặc sĩ concac,0,0,0,0,0,0,negative,anger,train,SEACrowd/ViSoBERT
fresh_visobert_01841,vãi má đớp,0,0,0,1,0,0,negative,surprise,train,SEACrowd/ViSoBERT
fresh_visobert_04548,viêt nam ta s chiên th ng,0,0,0,0,0,0,neutral,other,train,SEACrowd/ViSoBERT
fresh_visobert_09299,Feedback shopee,0,0,0,0,1,0,neutral,other,train,SEACrowd/ViSoBERT
fresh_visobert_02724,dang chui linh lai noi vo van day doi chi chui day nhin xinh chac chui cung duoc ok,0,0,0,0,1,0,positive,enjoyment,train,SEACrowd/ViSoBERT
fresh_visobert_07503,Con đường anh đi hôm nay có máu và cay đắng,0,0,0,0,0,0,neutral,other,train,SEACrowd/ViSoBERT
fresh_visobert_11277,Mấy thằng đó đéo hiểu j mà nói nhiều,1,0,1,0,0,1,negative,anger,train,SEACrowd/ViSoBERT
fresh_visobert_08659,dạ. nhà em người đã làm ở Mailisa. rất đẹp chị ạ 😘😘,0,0,0,0,0,0,positive,enjoyment,train,SEACrowd/ViSoBERT
fresh_visobert_10558,Như trò đùa của tạo hoá🥴🥴🥴,0,0,0,0,0,0,neutral,other,train,SEACrowd/ViSoBERT
fresh_visobert_04692,9 4 kì thị lgbt,0,0,0,0,0,0,neutral,other,train,SEACrowd/ViSoBERT
fresh_visobert_04985,kệ người ta cặc mã mày hả page lồn,1,1,0,0,1,0,neutral,surprise,train,SEACrowd/ViSoBERT
fresh_visobert_07400,"Phan Thị Lâm Đa đi ko m, Thanh Hiền m hỏi thử con trang đi ko",0,0,0,0,0,0,neutral,other,train,SEACrowd/ViSoBERT
fresh_visobert_03731,hoa hack nick bình thường lgi like mấy page đấy 😥 😥 🙄,0,0,0,0,1,0,neutral,fear,train,SEACrowd/ViSoBERT
fresh_visobert_00306,lan hoa tùng acc clone cmt dạo,0,0,0,0,0,0,neutral,other,train,SEACrowd/ViSoBERT
fresh_visobert_11815,Ly Hiệu đéo nhặt được mồm,0,0,0,0,0,0,negative,anger,train,SEACrowd/ViSoBERT
fresh_visobert_00038,Đá Tảng như nàoooo,1,0,0,1,0,0,negative,enjoyment,train,SEACrowd/ViSoBERT
fresh_visobert_10026,Bạn ơi chủ đề lừa đảo ngay ở đầu nhóm sao bạn ko đọc tham khảo? Hay là bạn bị lừa ở nhóm khác?,0,0,0,0,0,0,positive,enjoyment,train,SEACrowd/ViSoBERT
fresh_visobert_11309,Luis Aveiro đù vui nhở,0,0,0,0,0,0,positive,enjoyment,train,SEACrowd/ViSoBERT
fresh_visobert_06039,thầy đưa nhiều bài tâp,0,0,0,0,0,0,positive,other,train,SEACrowd/ViSoBERT
fresh_visobert_11265,tao cũng sắp bị đuổi ra khỏi nhà roi,0,0,0,0,0,0,neutral,other,train,SEACrowd/ViSoBERT
fresh_visobert_02391,thp sai tẩy chay tml hay ho kiện cặc ngậm tiền kệ mệ bọn mày uống nước đái ruồi bênh ngu vlllll,1,0,0,0,0,1,neutral,disgust,train,SEACrowd/ViSoBERT
fresh_visobert_11792,Em đặt bao nhiêu áo em ơi,0,0,0,0,0,0,neutral,other,train,SEACrowd/ViSoBERT
fresh_visobert_03982,chuyên mục sốc sợ vl,0,0,0,1,0,0,negative,fear,train,SEACrowd/ViSoBERT
fresh_visobert_02427,giun xéo lắm quằn,0,0,0,0,0,0,negative,anger,train,SEACrowd/ViSoBERT
fresh_visobert_01100,dou cặc ma thầy,0,0,0,0,0,0,negative,disgust,train,SEACrowd/ViSoBERT
fresh_visobert_02995,gia minh thầy camp đánh lủng má cc petland quăng vcl )),1,0,0,0,0,1,negative,anger,train,SEACrowd/ViSoBERT
fresh_visobert_08639,Chất lượng sản phẩm tốt. Giao hàng nhanh. Shipper nhiệt tình!,1,0,0,0,0,0,positive,enjoyment,train,SEACrowd/ViSoBERT
fresh_visobert_05432,y sì độ vlog bắn giải refunde gáy to hẳn tộc trưởng 🤣 🤣 🤣,0,0,0,0,0,0,neutral,enjoyment,train,SEACrowd/ViSoBERT
fresh_visobert_10853,hoangg mangg ingg,0,0,0,0,0,0,neutral,other,train,SEACrowd/ViSoBERT
fresh_visobert_03907,quỷ nước mắt cá sấu cặc hàng dỏm lừa đảo xe đâm may,0,0,0,0,0,0,neutral,other,train,SEACrowd/ViSoBERT
fresh_visobert_02092,nl ta cặc trinh nh géc thèn tiệp vãi,0,0,0,1,0,0,neutral,surprise,train,SEACrowd/ViSoBERT
fresh_visobert_11592,Em chỉ cần anh thôi - tức là cần tất cả mọi thứ của anh - chính là toàn bộ tiền lương của anh đấy đồ ngu ạ.,1,0,0,0,0,1,negative,anger,train,SEACrowd/ViSoBERT
fresh_visobert_08882,Cho 5 sao là hàng ok nên mua nha mọi người kkkkkkkkkkkkkkkkkkk,1,1,0,0,1,0,neutral,surprise,train,SEACrowd/ViSoBERT
fresh_visobert_01105,ní nuận cặc dlv,0,0,0,0,0,0,negative,other,train,SEACrowd/ViSoBERT
fresh_visobert_03845,tâm sự ván pubg ngủ đón chờ ngày mai khỏe khoắn,0,0,0,0,0,0,neutral,other,train,SEACrowd/ViSoBERT
fresh_visobert_00491,kingdom đẳng cấp hẳn,0,0,0,0,1,0,negative,enjoyment,train,SEACrowd/ViSoBERT
fresh_visobert_11653,Săn demws cuối live thể nào cũng dsk haha ta sẽ chờ,0,0,0,0,1,0,neutral,enjoyment,train,SEACrowd/ViSoBERT
fresh_visobert_00576,phê to phê 🤣 🤣,1,0,0,0,0,0,positive,enjoyment,train,SEACrowd/ViSoBERT
fresh_visobert_11971,"Chú Duc Hiep Tran, Cô Nguyễn Mai Lan tham khao ạ",0,0,0,0,0,0,neutral,other,train,SEACrowd/ViSoBERT
fresh_visobert_01976,nguyễn trung tuấn thôiii,0,0,0,0,0,0,neutral,other,train,SEACrowd/ViSoBERT
fresh_visobert_01693,bé an dũng cảm,0,0,0,0,0,0,neutral,enjoyment,train,SEACrowd/ViSoBERT
fresh_visobert_05910,"Che tên sản phẩm,shop giao hàng rất nhanh,sẽ ủng hộ tiếp ❤️❤️",0,0,0,0,1,0,positive,enjoyment,train,SEACrowd/ViSoBERT
fresh_visobert_07779,Đỗ Bình Thuận y kiểu 🤣,0,0,0,0,0,0,neutral,enjoyment,train,SEACrowd/ViSoBERT
fresh_visobert_11343,Vào được chưa a ơi,1,0,0,0,0,0,neutral,other,train,SEACrowd/ViSoBERT
fresh_visobert_09586,a đặt hết vào tiền sổ xố đi nhỡ đâu đúng,0,0,0,0,0,0,neutral,other,train,SEACrowd/ViSoBERT
fresh_visobert_11027,Chrck shaee k ạ anh,0,0,0,0,0,0,neutral,other,train,SEACrowd/ViSoBERT
fresh_visobert_05276,ghét trung cộng hình như cặc ta múa quyền phù cáo mùi tàu khựa,0,0,0,0,0,0,negative,sadness,train,SEACrowd/ViSoBERT
fresh_visobert_01019,mặt tộc trưởng tính toán,0,0,0,0,0,0,neutral,other,train,SEACrowd/ViSoBERT
fresh_visobert_00875,mé cc má má 😨 😨,0,0,0,0,0,0,negative,fear,train,SEACrowd/ViSoBERT
fresh_visobert_11623,Nỉ lót bông nha,0,0,0,0,0,0,positive,enjoyment,train,SEACrowd/ViSoBERT
fresh_visobert_09333,Sao k chs game đc ae,0,0,0,0,1,0,neutral,other,train,SEACrowd/ViSoBERT
fresh_visobert_08311,Mời ỏ Thanh Ba Phú Thọ đi a,0,0,0,0,0,0,neutral,other,train,SEACrowd/ViSoBERT
fresh_visobert_04798,cách ly má du lịch,0,0,0,0,0,0,negative,fear,train,SEACrowd/ViSoBERT
fresh_visobert_03897,mui sua nhin cặc ghe ma oi haizz,0,0,0,0,0,0,neutral,other,train,SEACrowd/ViSoBERT
fresh_visobert_01267,lí do chết ngâm đầu ))),0,0,0,0,0,0,neutral,other,train,SEACrowd/ViSoBERT
fresh_visobert_01011,lũ chó chết đkm loạn cặc xh lồn,0,0,0,0,0,0,neutral,other,train,SEACrowd/ViSoBERT
fresh_visobert_01404,thùy trang dc má 5 tắt cmnr nhạc vs nhẽo,0,0,0,0,0,0,neutral,other,train,SEACrowd/ViSoBERT
fresh_visobert_09002,Ủng hộ phim Lý Hải hay nha mọi ngườiii,0,0,0,0,0,0,positive,enjoyment,train,SEACrowd/ViSoBERT
fresh_visobert_05873,Nguyễn Lan Phương bài này b,0,0,0,0,0,0,neutral,other,train,SEACrowd/ViSoBERT
fresh_visobert_09951,Học thuộc lí thuyết lắm rồi :v thiếu mỗi thực hành thôi =))))),1,0,0,0,0,0,neutral,other,train,SEACrowd/ViSoBERT
fresh_visobert_02343,dùm quyết định sử phạt sinh viên đóng bảo hiềm dùm nhá đừng sủa bậy,0,0,0,0,0,0,neutral,other,train,SEACrowd/ViSoBERT
fresh_visobert_01177,chui da roi khoc,0,0,0,0,1,0,neutral,other,train,SEACrowd/ViSoBERT
fresh_visobert_05962,"Đang rãnh, inb nói nghe coi ý kiến trái chiều gì :))",1,0,0,0,0,0,neutral,other,train,SEACrowd/ViSoBERT
fresh_visobert_04079,troi ranh nua,0,0,0,0,0,0,neutral,other,train,SEACrowd/ViSoBERT
fresh_visobert_03108,hà nội cảnh giác thuật thôi miên,0,0,0,0,0,0,neutral,other,train,SEACrowd/ViSoBERT
fresh_visobert_02460,chặn tường vt 7 nam bắc phân ranh trả lời bk nuôi nk bọn lếu láo hiện cặc nk đô hộ bk mn vui vẽ ní nuận đành câm như hến ơn ỉa đái bk,0,0,0,0,0,0,positive,enjoyment,train,SEACrowd/ViSoBERT
fresh_visobert_00584,du học sinh ma cao bằng tắt nắng,0,0,0,0,0,0,neutral,other,train,SEACrowd/ViSoBERT
fresh_visobert_04814,nút vàng đc chất liệu,1,0,0,0,0,0,positive,enjoyment,train,SEACrowd/ViSoBERT
fresh_visobert_01935,shjt nô lệ bọn má cungz khổ tự thân vận động,0,0,0,0,0,0,neutral,other,train,SEACrowd/ViSoBERT
fresh_visobert_09778,Bài viết thật hay í nghĩa sâu sắc đầy tính động viên tinh thần dân tộc cảm ơn bài viết,0,0,0,1,0,0,positive,enjoyment,train,SEACrowd/ViSoBERT
fresh_visobert_04776,bữa trần dần chuẩn,0,0,0,0,0,0,positive,enjoyment,train,SEACrowd/ViSoBERT
fresh_visobert_05456,uy tín chó cặc bọn độc tài,0,0,0,0,0,0,neutral,other,train,SEACrowd/ViSoBERT
fresh_visobert_10123,Tại sao những đứa như này lại tồn tại trong khi những người tốt thì lại bị tan nạn & mất mạng vì lũ lụt mà méo do thiên tai gây ra nhể ???,1,0,1,1,0,0,positive,surprise,train,SEACrowd/ViSoBERT
fresh_visobert_03452,quan đóng tiền du học trg nc thu hồ tệ ta,0,0,0,0,0,0,negative,sadness,train,SEACrowd/ViSoBERT
fresh_visobert_00303,nguyễn thị phương ảnh sống ảo đc,0,0,0,0,0,0,neutral,other,train,SEACrowd/ViSoBERT
fresh_visobert_09217,"Ooh, that would be awesome Let's remember this when we meet again. 😁",0,0,0,0,1,0,positive,enjoyment,train,SEACrowd/ViSoBERT
fresh_visobert_01585,thanh niên hoạt hình,0,0,0,0,0,0,neutral,sadness,train,SEACrowd/ViSoBERT
fresh_visobert_05192,anh em phát hiện bệnh đừng sợ cách ly ❤,0,0,0,0,0,0,neutral,fear,train,SEACrowd/ViSoBERT
fresh_visobert_04341,hồ hoàng huy thế 7,0,0,0,0,0,0,neutral,other,train,SEACrowd/ViSoBERT
fresh_visobert_11241,mua nhiều lần bên shop rồi đồ đẹp không à,0,0,0,0,1,1,positive,disgust,train,SEACrowd/ViSoBERT
fresh_visobert_02165,lâm phương thi )),0,0,0,0,0,0,neutral,enjoyment,train,SEACrowd/ViSoBERT
fresh_visobert_08824,- Bảo vệ yêu cầu giải tán.,0,0,0,0,0,0,positive,enjoyment,train,SEACrowd/ViSoBERT
fresh_visobert_04461,hóng top thịnh hành,0,0,0,0,1,0,neutral,other,train,SEACrowd/ViSoBERT
fresh_visobert_08668,Chúc kênh panba được nhiều sub. Yêu abe,0,0,0,0,0,0,positive,enjoyment,train,SEACrowd/ViSoBERT
fresh_visobert_04130,đừng lí do trời mưa stream đc nha già trốn việc hơi đấy =)))) má kệ con mẹ giải mấy giải thái lan thèm thèm giải ao làng,1,1,0,0,1,1,neutral,disgust,train,SEACrowd/ViSoBERT
fresh_visobert_06838,Ngày nào cũng xem đấy mà vẫn bệnh đây,1,0,1,0,0,0,neutral,surprise,train,SEACrowd/ViSoBERT
fresh_visobert_00829,sai nhiều phụ nữ loz phụ nữ cặc xúc phạm nặng nề,0,0,0,0,0,0,neutral,other,train,SEACrowd/ViSoBERT
fresh_visobert_00953,đinh phướcu,0,0,0,0,0,0,neutral,enjoyment,train,SEACrowd/ViSoBERT
fresh_visobert_04236,hợp lí vl =)),1,1,0,1,0,1,neutral,disgust,train,SEACrowd/ViSoBERT
fresh_visobert_05922,"Gần tr lượt follow trên sộp pee, giờ mở thêm trên là zá đà, lượt bán hàng cực khủng, về chất lượng hàng thì do hàng hoá nhiều nên đôi khi có số đơn bị lỗi, nhưng nói chung mẫu mã ưng cái bụng nha.",1,0,1,1,1,0,positive,surprise,train,SEACrowd/ViSoBERT
fresh_visobert_03684,vl má fake,0,0,0,0,1,0,neutral,other,train,SEACrowd/ViSoBERT
fresh_visobert_09909,Hnay ck ra tỉnh khác đi xe riêng vẫn mất 75k tiền test mà,1,0,1,0,0,0,neutral,surprise,train,SEACrowd/ViSoBERT
fresh_visobert_00536,dễ thương bé 😌 😌 😌,0,0,0,0,0,0,positive,enjoyment,train,SEACrowd/ViSoBERT
fresh_visobert_08516,If this is not my brother 💀💀💀,0,0,0,0,1,0,neutral,other,train,SEACrowd/ViSoBERT
fresh_visobert_08653,Tạo nghiệp sương sương.. 😅,0,0,0,0,0,0,neutral,other,train,SEACrowd/ViSoBERT
fresh_visobert_10876,Do ăn ở cả thôi🤣😆,0,0,0,0,0,0,neutral,enjoyment,train,SEACrowd/ViSoBERT
fresh_visobert_05054,kỹ ghép xém rớt tim,0,0,0,0,0,0,neutral,other,train,SEACrowd/ViSoBERT
fresh_visobert_05449,chẳng hô hào học tập làm việc cặc gương đạo đức hồ chí minh toàn ngược lại,0,0,0,0,0,0,neutral,other,train,SEACrowd/ViSoBERT
fresh_visobert_09241,Thủy Chu Mai Thảo NT Xuân Vy đại diện nhiêu đây chứ tag nhiều mỗi tay :),1,0,0,0,0,0,neutral,other,train,SEACrowd/ViSoBERT
fresh_visobert_07068,Nát trái tim này rồi 🥴🥴,0,0,0,0,0,0,neutral,other,train,SEACrowd/ViSoBERT
fresh_visobert_01640,mixigaming hi,0,0,0,0,1,0,positive,enjoyment,train,SEACrowd/ViSoBERT
fresh_visobert_06034,Đấy là dành cho tuổi trẻ còn già rồi thì đó chỉ là biện minh cho sự ế lòi *** ra của mình thôi hihi,0,0,0,0,0,0,neutral,enjoyment,train,SEACrowd/ViSoBERT
fresh_visobert_02511,hải long leito cười vl luông,0,0,0,1,0,0,neutral,surprise,train,SEACrowd/ViSoBERT
fresh_visobert_00098,cái vàng treo đep qa,0,0,0,0,0,0,neutral,other,train,SEACrowd/ViSoBERT
fresh_visobert_03875,hổ ca kết hổ ca tỉnh hẳn,0,0,0,0,0,0,neutral,other,train,SEACrowd/ViSoBERT
fresh_visobert_02557,đéo gay cấn hiệu ứng âm má thanh âm thanh ghê có lẽ phim triết lý,0,0,0,0,0,0,negative,disgust,train,SEACrowd/ViSoBERT
fresh_visobert_06764,Sau món Rap lại thêm game xàm lol dành cho bọn ko giống ngườu nên lập đế chế ah,1,0,0,0,1,1,neutral,disgust,train,SEACrowd/ViSoBERT
fresh_visobert_03806,ae đam mê kèo banh bóng tường tuấn tommytham khảo kèo kèo vkl link fb ae,0,0,0,0,1,0,positive,enjoyment,train,SEACrowd/ViSoBERT
fresh_visobert_11360,"M k phải con tao, bố said",0,0,0,0,0,0,neutral,other,train,SEACrowd/ViSoBERT
fresh_visobert_04499,mặc đồ hàng hiệu dân chơi cao bằng < < ahihi,0,0,0,0,0,0,neutral,other,train,SEACrowd/ViSoBERT
fresh_visobert_02855,rõ ràng bọn quan cặc bọn kệ dân,0,0,0,0,0,0,negative,anger,train,SEACrowd/ViSoBERT
fresh_visobert_04339,ông già đổ đốn,0,1,0,0,0,1,negative,disgust,train,SEACrowd/ViSoBERT
fresh_visobert_04125,hôm qua thót tim giật mình phết đấy ae )),0,0,0,1,0,0,neutral,fear,train,SEACrowd/ViSoBERT
fresh_visobert_02351,gọi báo bồi bút cặc lũ cướp tiếp tay bọn cướp,0,0,0,0,0,0,neutral,other,train,SEACrowd/ViSoBERT
fresh_visobert_09118,Ngắm rồi . . . Được,0,0,0,0,0,0,neutral,other,train,SEACrowd/ViSoBERT
fresh_visobert_09932,Nguyen Ong Trao giải cho abe là abe vui vẻ hổng qạo liền :))))),0,0,0,0,0,0,positive,enjoyment,train,SEACrowd/ViSoBERT
fresh_visobert_08145,Ánh HuyênTuyet Dieu Nguyen Ánh Huyên mua liền. Camera đẹp qá tr rồi,0,0,0,0,1,0,positive,enjoyment,train,SEACrowd/ViSoBERT
fresh_visobert_11231,"Có mấy phim xem bình thường, k sợ lắm😅",0,0,0,0,0,0,negative,fear,train,SEACrowd/ViSoBERT
fresh_visobert_09678,Săn sale làm đẹp các tình yêu ơi,0,0,0,0,1,0,positive,enjoyment,train,SEACrowd/ViSoBERT
fresh_visobert_07070,"đẹp trai học tệ sau này chăm chỉ vẫn có thể giỏi , xấu zai mà học giỏi sau này vẫn cứ xấu zai :v",0,0,1,0,0,0,negative,sadness,train,SEACrowd/ViSoBERT
fresh_visobert_06105,Ko biết làm kiểu gì để gửi sao kkkkkha,0,0,0,0,0,0,neutral,other,train,SEACrowd/ViSoBERT
fresh_visobert_00675,sói said ông già đánh trượt phát lào xin lỗi,0,0,0,0,0,1,negative,disgust,train,SEACrowd/ViSoBERT
fresh_visobert_04411,chậm cặc địt mẹ mày,0,0,0,0,0,0,negative,disgust,train,SEACrowd/ViSoBERT
fresh_visobert_09398,thấy nên nhờ doinb dạy cho cái giáo án ngắm gái vs lựa gái cho học trof đi,0,0,0,0,0,0,neutral,other,train,SEACrowd/ViSoBERT
fresh_visobert_07088,Cảm ơn NEU đã giúp kết nối và cho mình có cơ hội trợ giúp kịp thời các mom trong tuần tới này. 🤝,0,0,0,0,0,0,neutral,other,train,SEACrowd/ViSoBERT
fresh_visobert_09191,Ngọc Phạm bởi z lúc khám có y tá cho chắc,0,0,0,0,0,0,neutral,other,train,SEACrowd/ViSoBERT
fresh_visobert_08938,Thầy các em đây,0,0,0,0,0,0,positive,enjoyment,train,SEACrowd/ViSoBERT
fresh_visobert_09057,"Hàng chất lượng ăn rất ngon, bảo quản đc lâu, giao hàng rất nhanh trong 24h. Rất hài lòng!",1,0,0,0,0,0,positive,enjoyment,train,SEACrowd/ViSoBERT
fresh_visobert_02444,chu cà mo nghĩa là,0,0,0,0,0,0,neutral,other,train,SEACrowd/ViSoBERT
fresh_visobert_00346,quân tâm ae link bao phê ae,1,0,0,0,1,0,positive,enjoyment,train,SEACrowd/ViSoBERT
fresh_visobert_06970,"Tàn bạo ,HK cố lên",0,0,0,0,0,0,neutral,other,train,SEACrowd/ViSoBERT
fresh_visobert_09484,Nguyễn Thị Hồng Ngân vicom mjk k có đâu kkk,0,0,0,0,0,0,neutral,enjoyment,train,SEACrowd/ViSoBERT
fresh_visobert_04245,cưới chụp ntn nn,0,0,0,0,0,0,neutral,enjoyment,train,SEACrowd/ViSoBERT
fresh_visobert_01894,dòng họ ng cặc hok tiền trị bệnh tội ghê,0,0,0,0,0,0,neutral,disgust,train,SEACrowd/ViSoBERT
fresh_visobert_09697,Shipper thân thiện,0,0,0,0,1,0,positive,sadness,train,SEACrowd/ViSoBERT
fresh_visobert_09798,Lê Phú Cường sad,0,0,0,0,1,0,neutral,other,train,SEACrowd/ViSoBERT
fresh_visobert_06782,"Long Tứ Ngô Vũ chúc a may mắn, ko biết khung giờ thế nào",0,0,0,0,0,0,neutral,other,train,SEACrowd/ViSoBERT
fresh_visobert_07941,per cú này hoành tráng hơn bệnh nhân của anh luôn nè,0,0,0,0,0,0,negative,sadness,train,SEACrowd/ViSoBERT
fresh_visobert_09071,6kg cai mau 9488665,0,0,0,0,0,0,neutral,other,train,SEACrowd/ViSoBERT
fresh_visobert_03767,cười chớt 😂 😂,0,0,0,0,0,0,positive,enjoyment,train,SEACrowd/ViSoBERT
fresh_visobert_00870,nguyễn uyên tầm nhìn xa sâu vl bạn đc ló đấy,0,0,0,1,0,1,neutral,disgust,train,SEACrowd/ViSoBERT
fresh_visobert_02215,abe đánh vcsa xong suất nợ sena,0,0,0,0,0,0,neutral,other,train,SEACrowd/ViSoBERT
fresh_visobert_11175,Ông này dùng cấm thuật bất tử rồi ae ơi,0,0,0,0,0,0,neutral,other,train,SEACrowd/ViSoBERT
fresh_visobert_11643,Có samsung j8 ko,0,0,0,0,0,0,neutral,other,train,SEACrowd/ViSoBERT
fresh_visobert_05710,gia duong duong cặc xe no tong chet me duoi gam xe,0,0,0,0,1,0,neutral,other,train,SEACrowd/ViSoBERT
fresh_visobert_08519,6. Muốn check thử xem bạn trai có để ý đến thói quen ăn uống không?,0,0,0,0,1,1,neutral,disgust,train,SEACrowd/ViSoBERT
fresh_visobert_07796,Trắng luôn chứ gần cm gì nữa,0,0,0,0,0,0,neutral,other,train,SEACrowd/ViSoBERT
fresh_visobert_03424,coi trọng sĩ sĩ diện má lu cháo đá bát thuong cảm não nhu,0,0,0,0,0,0,neutral,other,train,SEACrowd/ViSoBERT
fresh_visobert_06437,Và chính sách bảo hành,0,0,0,0,0,0,negative,sadness,train,SEACrowd/ViSoBERT
fresh_visobert_01728,tóc đẹp salon,0,0,0,0,0,0,positive,enjoyment,train,SEACrowd/ViSoBERT
fresh_visobert_00010,Đag tg đc ra rạp xem jw,0,0,0,0,0,0,neutral,other,train,SEACrowd/ViSoBERT
fresh_visobert_05552,vd bn ơiii,0,0,0,0,0,0,positive,enjoyment,train,SEACrowd/ViSoBERT
fresh_visobert_05213,nước mắt giả tạo vô cùng,1,0,0,0,0,1,negative,disgust,train,SEACrowd/ViSoBERT
fresh_visobert_07940,ý anh là cái Linh là cháu anh á,0,0,0,0,0,0,neutral,other,train,SEACrowd/ViSoBERT
fresh_visobert_03183,ánh nguyễn mua cái mặc,0,0,0,0,0,0,negative,disgust,train,SEACrowd/ViSoBERT
fresh_visobert_00254,ng giết mạng ng feed tụt lol,0,0,0,0,1,0,neutral,other,train,SEACrowd/ViSoBERT
fresh_visobert_05976,Nguyễn thị thu Nguyễn Thị Thu Hoàii,0,0,0,0,0,0,neutral,other,train,SEACrowd/ViSoBERT
fresh_visobert_09226,mượt mà lắm ngon trong tầm giá,1,0,1,0,0,0,neutral,surprise,train,SEACrowd/ViSoBERT
fresh_visobert_05689,thầy lồn cặc sủa dơ yêu thầy <,0,0,0,0,0,0,positive,enjoyment,train,SEACrowd/ViSoBERT
fresh_visobert_06944,Lan Anh ồ. Sắp sn tớ r,0,0,0,0,0,0,neutral,other,train,SEACrowd/ViSoBERT
fresh_visobert_07264,Bên Nhật lủ lục tum lum luon nhe bh,0,0,0,0,0,0,neutral,other,train,SEACrowd/ViSoBERT
fresh_visobert_07678,Hay tại vì mình không thể bên nhau,0,0,0,0,0,0,positive,enjoyment,train,SEACrowd/ViSoBERT
fresh_visobert_00351,suni hạ linh vid ☹,0,0,0,0,0,0,neutral,other,train,SEACrowd/ViSoBERT
fresh_visobert_02116,nguyễn quốc an thầy stress mấy tụi vs,0,0,0,0,0,0,neutral,other,train,SEACrowd/ViSoBERT
fresh_visobert_10373,Hay . Rất hay :))),1,0,0,0,0,0,positive,enjoyment,train,SEACrowd/ViSoBERT
fresh_visobert_09233,Cho chú tấm hình lấy hên nè,0,0,0,0,0,0,neutral,other,train,SEACrowd/ViSoBERT
fresh_visobert_07159,thầy đẹp lắm :V,0,0,0,0,0,0,positive,enjoyment,train,SEACrowd/ViSoBERT
fresh_visobert_02976,abe moi noi má cl gi,0,0,0,0,0,0,neutral,other,train,SEACrowd/ViSoBERT
fresh_visobert_04328,trư bát giới ngọc trinh dáng ngon cặc mặt thề tắt nứng,0,0,0,0,0,0,neutral,other,train,SEACrowd/ViSoBERT
fresh_visobert_09193,Chính phủ cho đóng cửa tất cả các chuyến bay sang nước ngoài.và vào vn.cho đến khi hết dich.nhưng vậy thì mấy chống được dịch.,1,0,1,0,0,0,neutral,surprise,train,SEACrowd/ViSoBERT
fresh_visobert_02254,hài phóng sự admin,0,0,0,0,1,0,neutral,other,train,SEACrowd/ViSoBERT
fresh_visobert_04908,nguyễn hiền mệt,0,0,0,0,0,0,neutral,other,train,SEACrowd/ViSoBERT
fresh_visobert_09054,Cơm chưa chị,0,0,0,0,0,0,positive,enjoyment,train,SEACrowd/ViSoBERT
fresh_visobert_01974,duy vâu đcm má cà khìa vcl ))))))),1,0,0,0,0,1,negative,anger,train,SEACrowd/ViSoBERT
fresh_visobert_07244,Chị tui xin con trang kja. Thế giữ lại nha. Bữa nào chị tui xuống rồimang cho đemvề Trung Hứa,0,0,0,0,0,0,neutral,other,train,SEACrowd/ViSoBERT
fresh_visobert_11243,Có ai tình nguyện giải cứu mình môn sinh không ạ😢,1,0,0,0,0,0,negative,sadness,train,SEACrowd/ViSoBERT
fresh_visobert_11113,Bài hát này có phải là dành cho chúng mình Dương Thị Xuân 😑😑😑,0,0,0,0,0,0,neutral,other,train,SEACrowd/ViSoBERT
fresh_visobert_02258,clm cặc thầy,1,0,0,0,0,1,neutral,anger,train,SEACrowd/ViSoBERT
fresh_visobert_11553,rất thích cách phục vụ của tiki,0,0,0,0,0,0,positive,enjoyment,train,SEACrowd/ViSoBERT
fresh_visobert_09385,chị đk cho e đi :,0,0,0,0,0,0,neutral,other,train,SEACrowd/ViSoBERT
fresh_visobert_02655,chữa bệnh đừng họp chả hành,0,0,0,0,0,0,neutral,other,train,SEACrowd/ViSoBERT
fresh_visobert_07922,"Slime đặc, giao nhanh. Vote shop 5 sao nhoa:3",0,0,0,0,1,0,positive,enjoyment,train,SEACrowd/ViSoBERT
fresh_visobert_00958,kkkk iu má đụ,0,0,0,0,0,0,neutral,other,train,SEACrowd/ViSoBERT
fresh_visobert_06555,"cô chạy rất nhanh, nhưng thật sự là không cần thiết",1,0,1,0,0,0,positive,surprise,train,SEACrowd/ViSoBERT
fresh_visobert_10881,Đóng gói cẩn thận !,0,0,0,0,0,0,positive,enjoyment,train,SEACrowd/ViSoBERT
fresh_visobert_08032,Thả tim cho đỡ quê,1,0,0,0,0,1,neutral,disgust,train,SEACrowd/ViSoBERT
fresh_visobert_06966,À hoá ra mua cho Karik cha Ba kích là đây hả mọi người :)),1,1,1,0,0,0,neutral,surprise,train,SEACrowd/ViSoBERT
fresh_visobert_02193,ôi dm phát biểu vây má coi dân nhu đồ ngu,1,0,0,0,0,1,negative,anger,train,SEACrowd/ViSoBERT
fresh_visobert_04334,đọc thần chú thầy,0,0,0,1,0,0,neutral,other,train,SEACrowd/ViSoBERT
fresh_visobert_04192,thy pham thai nguyen phương vy mai đừng dịnh nha mấy trị,0,0,0,0,0,0,neutral,other,train,SEACrowd/ViSoBERT
fresh_visobert_03744,kẻ tồi má tệ hại thành hại,0,0,0,0,0,0,negative,sadness,train,SEACrowd/ViSoBERT
fresh_visobert_08432,"Chó dữ thì nhốt trong nhà hoặc bán quách đi cho người có trách nhiệm nuôi. Cứ treo trên mồm cái câu Chó nhà bác hiền lắm, không cắn đâu rồi nó cắn thì lại bảo chắc cháu làm gì nó mới cắn chứ :)",1,1,0,0,0,1,neutral,disgust,train,SEACrowd/ViSoBERT
fresh_visobert_07093,Đi hết cả vòng vẫn ko tìm được cái hẻm hoa mặc dù biết là ở ngõ 5 ngách 8 :))),1,1,1,0,0,0,neutral,surprise,train,SEACrowd/ViSoBERT
fresh_visobert_03743,sói said dạo ông già bảo nội,0,0,0,0,0,0,neutral,other,train,SEACrowd/ViSoBERT
fresh_visobert_08566,Trần Nhân Vĩ Khang trải nát đời,0,0,0,0,0,0,neutral,other,train,SEACrowd/ViSoBERT
fresh_visobert_04024,lý băng băng phạm băng băng diễn viên trung quốc ủng hộ đường lưỡi bò đoạn có gương mặt tui huỳnh hiểu minh mấy kia may ra mặt yaoming,1,0,0,0,0,1,positive,disgust,train,SEACrowd/ViSoBERT
fresh_visobert_07969,Lần sau phỏng vấn iu cầu phố bô sa tivi để ly nước kế bên . Cho nhà tiên tri uống để nói chuyện dk trôi chảy,0,0,0,0,0,0,neutral,other,train,SEACrowd/ViSoBERT
fresh_visobert_05341,from lisa cailay with love,0,0,0,0,1,0,positive,enjoyment,train,SEACrowd/ViSoBERT
fresh_visobert_04905,kiếm nữ hợp tác mụ,0,0,0,0,0,0,positive,enjoyment,train,SEACrowd/ViSoBERT
fresh_visobert_09104,chị ơi chừng nào chơi em chờ nãy giờ,0,0,0,0,0,0,neutral,other,train,SEACrowd/ViSoBERT
fresh_visobert_07123,Phú Ngọc thử thai rồi chụp gửi coi,0,0,0,0,0,0,neutral,other,train,SEACrowd/ViSoBERT
fresh_visobert_09711,Đạo diễn cùi bắp quá,1,0,0,0,0,1,negative,disgust,train,SEACrowd/ViSoBERT
fresh_visobert_03236,hihi đẹp trai vl,1,1,0,1,0,1,positive,enjoyment,train,SEACrowd/ViSoBERT
fresh_visobert_00780,thay vì tóc tốn tgian mua tóc giả =))),1,0,0,0,0,0,neutral,other,train,SEACrowd/ViSoBERT
fresh_visobert_03273,hà hữu tài dm mày chạy trống vl đất toàn bắn mặt vl,1,0,0,1,0,1,neutral,anger,train,SEACrowd/ViSoBERT
fresh_visobert_11884,Ác với anh t quá 😞,0,0,0,0,0,0,negative,sadness,train,SEACrowd/ViSoBERT
fresh_visobert_07655,Cùng xem Euro trên TV360 với các ưu đãi:,0,0,0,0,0,0,neutral,other,train,SEACrowd/ViSoBERT
fresh_visobert_02514,màu màu 🤣 🤣,0,0,0,0,0,0,neutral,enjoyment,train,SEACrowd/ViSoBERT
fresh_visobert_04511,chúc thầy mùa mua dc slot vcsa đánh nổi,0,0,0,0,0,0,neutral,other,train,SEACrowd/ViSoBERT
fresh_visobert_07443,bên Nhật khi mở bán thì giá chỉ tầm tr7(đã bao gồm thuế) nếu đổi ra tiền Việt 🤔,0,0,0,0,0,0,neutral,other,train,SEACrowd/ViSoBERT
fresh_visobert_06897,kể cả hồi rồi bảo : Kệ nó em ạ 🙁,0,0,0,0,0,0,neutral,other,train,SEACrowd/ViSoBERT
fresh_visobert_03019,hai bánh mỳ sài gòn,0,0,0,0,0,0,neutral,other,train,SEACrowd/ViSoBERT
fresh_visobert_09797,Custom không chị ơi,0,0,0,0,0,1,neutral,disgust,train,SEACrowd/ViSoBERT
fresh_visobert_04804,chó cặc cầu tiến >> chán lãnh đạovn,0,0,0,0,0,0,negative,sadness,train,SEACrowd/ViSoBERT
fresh_visobert_06270,Số - Số may mắn 6 Trần Đức Anh Nguyễn Thanh Đỗ Như Ý,0,0,0,1,0,0,neutral,other,train,SEACrowd/ViSoBERT
fresh_visobert_11507,"em muon wa nha c choi ne, dc hem",0,0,0,0,0,0,neutral,other,train,SEACrowd/ViSoBERT
fresh_visobert_09852,Khinh xuyên cx đú 😂😂,0,0,0,0,0,0,positive,enjoyment,train,SEACrowd/ViSoBERT
fresh_visobert_11024,Nghe theo fb có ngày chết như chơi,1,0,0,1,0,0,positive,enjoyment,train,SEACrowd/ViSoBERT
fresh_visobert_05254,ôi thầy thầy thầy mẫu mực tâm huyết thầy giáo án susan75 giáo án poppy sách phép sai phát )) giờ giáo án tốc biến phản xạ chớp )) thạt bổ ích,0,0,0,0,0,0,neutral,other,train,SEACrowd/ViSoBERT
fresh_visobert_11145,Su Bee cười ẻ vll,0,0,0,0,0,0,neutral,other,train,SEACrowd/ViSoBERT
fresh_visobert_01234,thái long đm lổ quần,1,0,0,0,0,1,negative,anger,train,SEACrowd/ViSoBERT
fresh_visobert_11023,"giảng viên tạo nhiều bài tập , câu hỏi để mỗi thành viên trong lớp đều có thể tương tác .",0,0,0,0,0,0,neutral,other,train,SEACrowd/ViSoBERT
fresh_visobert_07299,"giao hàng siêu nhanh. mình sử dụng 6 tuýp rồi. da mịn, kháng khuẩn. mình chả còn mụn nữa. kể cả mụn ẩn. da rất sạch. còn về thâm nám thì C nhãn_hiệu không thể can thiệp. mình nghĩ là vậy. vết nám không giảm, nám mới vẫn có positive . nhưng nó cải thiện về mụn là mình được rồi.",1,1,1,1,0,1,neutral,disgust,train,SEACrowd/ViSoBERT
fresh_visobert_10920,Chỉ biết tất tay chứ ko biết tất toán :))),1,0,0,0,0,0,neutral,other,train,SEACrowd/ViSoBERT
fresh_visobert_00571,đinh phước mấy căng,0,0,0,0,0,0,negative,sadness,train,SEACrowd/ViSoBERT
fresh_visobert_02813,kimthy lê dáng quần sang trọng lich lãm má chú ý cu,0,0,0,0,0,0,neutral,other,train,SEACrowd/ViSoBERT
fresh_visobert_04592,land aba giải thích lày lào,0,0,0,0,0,0,positive,enjoyment,train,SEACrowd/ViSoBERT
fresh_visobert_05487,bãi formosa,0,0,0,0,0,0,negative,sadness,train,SEACrowd/ViSoBERT
fresh_visobert_09198,"Điện thoại màu đẹp , chất lượng loa ổn , nghe FM ko cần tai nghe , sản phẩm có nút gạc bên hông mở khoá và đèn pin tiện lợi",0,0,0,0,0,0,positive,enjoyment,train,SEACrowd/ViSoBERT
fresh_visobert_00585,cháu cô chú làm hư cháu,0,0,0,0,0,0,neutral,other,train,SEACrowd/ViSoBERT
fresh_visobert_10125,Cho T đổi oppo a nha bn🙂,0,0,0,0,0,0,neutral,other,train,SEACrowd/ViSoBERT
fresh_visobert_06385,Mã 8 còn có màu nào nữa ko em,0,0,0,0,0,0,neutral,other,train,SEACrowd/ViSoBERT
fresh_visobert_07271,"giảng viên truyền đạt tốt , dễ hiểu .",0,0,0,0,0,0,positive,enjoyment,train,SEACrowd/ViSoBERT
fresh_visobert_01476,quỳnhh hoa top =))),1,0,0,0,1,0,neutral,other,train,SEACrowd/ViSoBERT
fresh_visobert_00853,thành phố huế đô đô,0,0,0,0,0,0,positive,enjoyment,train,SEACrowd/ViSoBERT
fresh_visobert_01753,thầy thầy =)),1,0,0,0,0,0,neutral,other,train,SEACrowd/ViSoBERT
fresh_visobert_04803,trương đình thi đầu sp chửi xong feed dần feed,0,0,0,0,0,0,neutral,other,train,SEACrowd/ViSoBERT
fresh_visobert_02202,lê hoàng trọng bác tui vd đc,0,0,0,0,0,0,neutral,other,train,SEACrowd/ViSoBERT
fresh_visobert_02565,độ thiết kế iphone,0,0,0,0,1,0,positive,sadness,train,SEACrowd/ViSoBERT
fresh_visobert_04475,xưa nay voz chất cua rơ ui,1,0,0,0,0,0,positive,enjoyment,train,SEACrowd/ViSoBERT
fresh_visobert_01089,dòng thuốc lá thơm,0,0,0,0,0,0,neutral,other,train,SEACrowd/ViSoBERT
fresh_visobert_02958,mày nhạ nhòm bữa cơm 5 k cháu cặc trường tiểu học hạp lĩnh tp bắc ninh mày đớp đc,0,0,0,0,0,0,neutral,other,train,SEACrowd/ViSoBERT
fresh_visobert_09236,sao nhiều bạn vẫn thích biến hoá và áp đặt tư tưởng (mặt tiêu cực) của giáo dục Việt Nam vào cách học tập của các bạn???,0,0,0,1,0,0,positive,surprise,train,SEACrowd/ViSoBERT
fresh_visobert_07311,Chưa ai alo nhận nè,0,0,0,0,0,0,neutral,other,train,SEACrowd/ViSoBERT
fresh_visobert_08027,già hơn tuổi bố t,0,0,0,0,0,0,neutral,other,train,SEACrowd/ViSoBERT
fresh_visobert_09526,Sem 4 môn trong đó có law. Cafe mạnh dữ :)),1,0,0,0,0,0,neutral,other,train,SEACrowd/ViSoBERT
fresh_visobert_09731,Phù hợp với giá tiềnnnn,0,0,0,0,0,0,positive,enjoyment,train,SEACrowd/ViSoBERT
fresh_visobert_07442,Save lại nhưng chẳng bh đi :)),1,1,1,0,0,1,neutral,disgust,train,SEACrowd/ViSoBERT
fresh_visobert_05420,chi chi thao nguyen rùa rùa trend kìa nãy tui quen chup,0,0,0,0,1,0,neutral,other,train,SEACrowd/ViSoBERT
fresh_visobert_11326,"C Na ui, chị xem giúp em đây là thỏi son thật hay fake ạ, e vừa mua hàng xách tay mà k có kinh nghiệm",0,0,1,0,1,1,neutral,disgust,train,SEACrowd/ViSoBERT
fresh_visobert_02887,thiết nghĩ cảm phục phan anh chối bỏ công lao cống hiến viết ntn chia rẽ gây hấn hề tinh thần xây dựng,1,0,0,1,0,1,neutral,disgust,train,SEACrowd/ViSoBERT
fresh_visobert_01344,thầy thay đồ nằm cục,0,0,0,0,0,0,positive,enjoyment,train,SEACrowd/ViSoBERT
fresh_visobert_03220,mua mass uống liệu vs chả trình,0,0,0,0,0,0,neutral,other,train,SEACrowd/ViSoBERT
fresh_visobert_09077,Phá sản r làm đĩ đực thôi abr,0,0,0,0,0,0,neutral,other,train,SEACrowd/ViSoBERT
fresh_visobert_03590,thành kính phân ưu gia quyến cầu thầy vân du tiên cảnh,0,0,0,0,0,0,neutral,other,train,SEACrowd/ViSoBERT
fresh_visobert_04054,chúc mừng bóng đá vn ha ha ha,0,0,0,0,0,0,neutral,other,train,SEACrowd/ViSoBERT
fresh_visobert_01601,mấy đấy đéo dời trả lời chờ bộ đội dời đụng uỳnh ngu,1,0,0,0,0,1,negative,anger,train,SEACrowd/ViSoBERT
fresh_visobert_03105,điệp khúc buồn áo xám,0,0,0,0,0,0,negative,sadness,train,SEACrowd/ViSoBERT
fresh_visobert_06443,. Đầu tư cover letter đặc biệt một chút vì nó sẽ cho ng khác thấy tsao em nên đc học bổng và em khác biệt gì vs những người còn lại. Giỏi thì cũng nhiều ng giỏi nên hãy vừa giỏi vừa khác biệt/tiềm năng hơn. Vision của em cũng phải rõ ràng nữa nhe.,0,0,0,0,1,0,positive,enjoyment,train,SEACrowd/ViSoBERT
fresh_visobert_02789,tết nồi thịt heo kho,0,0,0,0,0,0,neutral,other,train,SEACrowd/ViSoBERT
fresh_visobert_02892,haizzz 5 dm tui 5 đau hiccc giúp đc,1,0,0,0,0,1,negative,anger,train,SEACrowd/ViSoBERT
fresh_visobert_03551,đcmm cặc chết )),0,0,0,0,0,0,negative,disgust,train,SEACrowd/ViSoBERT
fresh_visobert_03406,vội vàng )),0,0,0,0,0,0,neutral,other,train,SEACrowd/ViSoBERT
fresh_visobert_03538,má nước mắt má cá sấu kìa trời,0,0,0,0,0,0,neutral,other,train,SEACrowd/ViSoBERT
fresh_visobert_01408,rf quất dăm ba top thái đức người yêu,0,0,0,0,1,0,positive,enjoyment,train,SEACrowd/ViSoBERT
fresh_visobert_01604,vô sinh hiếm muộn ))),0,0,0,0,0,0,negative,sadness,train,SEACrowd/ViSoBERT
fresh_visobert_03287,đôn chề tuyển gu chì abe ))),0,0,0,0,0,0,neutral,other,train,SEACrowd/ViSoBERT
fresh_visobert_10289,lúc ba t đi cap treo ở đây ba t nói đi hồi lỡ rớt sao,0,0,0,0,0,0,neutral,other,train,SEACrowd/ViSoBERT
fresh_visobert_04214,bóng cặc sadec = ] ],0,0,0,0,0,0,neutral,other,train,SEACrowd/ViSoBERT
fresh_visobert_06024,Nhi Trương có vỏ đem đổi kìa :)),1,0,0,0,0,0,neutral,other,train,SEACrowd/ViSoBERT
fresh_visobert_04194,vũ dung cánh hoa nha,0,0,0,0,0,0,neutral,other,train,SEACrowd/ViSoBERT
fresh_visobert_04971,ảnh cute hột hợp lí,0,0,0,0,1,0,positive,enjoyment,train,SEACrowd/ViSoBERT
fresh_visobert_09103,Đinh Ngọc Phương Thảo thảo ơi,0,0,0,0,0,0,neutral,other,train,SEACrowd/ViSoBERT
fresh_visobert_03813,td yêu quỷ cặc chả cá,0,0,0,0,0,0,positive,enjoyment,train,SEACrowd/ViSoBERT
fresh_visobert_07963,Đang muốn chơi game này chẹp,0,0,0,0,1,0,neutral,other,train,SEACrowd/ViSoBERT
fresh_visobert_02715,kkkkkk tam cung dụ mớ dám sợ ngta chửi ngu chó kkkk,1,1,0,0,0,1,negative,fear,train,SEACrowd/ViSoBERT
fresh_visobert_07635,Dã man. Phạt cho những người này ăn hết số thịt lợn í.,0,0,0,0,0,0,neutral,other,train,SEACrowd/ViSoBERT
fresh_visobert_06660,Quynh Huong Vo Yên Tử Anh Vo Tuan vào thiên địa hội chơi nè tụi bây,0,0,0,0,0,0,neutral,other,train,SEACrowd/ViSoBERT
fresh_visobert_02485,vỉ vien thử,0,0,0,0,0,0,neutral,other,train,SEACrowd/ViSoBERT
fresh_visobert_09889,Chơi bupg đi chị,0,0,0,0,0,0,neutral,sadness,train,SEACrowd/ViSoBERT
fresh_visobert_06612,sản phẩm quá đẹp .mọi người nên mua,0,0,0,0,0,0,positive,enjoyment,train,SEACrowd/ViSoBERT
fresh_visobert_04077,trung quảng cáo,0,0,0,0,0,0,positive,fear,train,SEACrowd/ViSoBERT
fresh_visobert_02145,anh em tổ tiên nguyễn hồng nhung,0,0,0,0,0,0,neutral,other,train,SEACrowd/ViSoBERT
fresh_visobert_11541,Nyc của bạn đang có dấu hiệu xem thường và chán bạn . Không nên để nyc chịch mình trong khi hai người đã chia tay . Ngoài mặt thì nó luôn miệng nói là không sao bình thường mà . Anh rất tôn trọng em . Nhưng thực ra trong tâm lại khác . Giống như người ta luôn miệng nói thế giới thứ bây giờ rất bình thường mà . Nhưng thực ra kì thị vl ra . Lời khuyên . Tốt nhất nên ngưng mối qh này lại . Không người khác sẽ thấy bạn bị luỵ tình . Cách níu kéo tình yêu k phải bằng TD đâu bạn nhé,0,1,1,1,0,1,positive,enjoyment,train,SEACrowd/ViSoBERT
fresh_visobert_08120,K mua nhung nghiện nghe giọng mất rồi,0,0,0,0,0,0,neutral,other,train,SEACrowd/ViSoBERT
fresh_visobert_02279,tiến nguyễn chiều )),0,0,0,0,0,0,neutral,other,train,SEACrowd/ViSoBERT
fresh_visobert_10189,Dương ơi Túi đỏ sau lưng em thế nào đó,0,0,0,0,0,0,neutral,other,train,SEACrowd/ViSoBERT
fresh_visobert_09897,Chúng nó bảo tôi có crush các bác à,0,0,0,0,0,0,neutral,other,train,SEACrowd/ViSoBERT
fresh_visobert_03546,zừa lắm )),0,0,0,0,0,0,negative,sadness,train,SEACrowd/ViSoBERT
fresh_visobert_05088,tùng kiểu mỏi chụp đê )),0,0,0,0,0,0,neutral,other,train,SEACrowd/ViSoBERT
fresh_visobert_11829,"Chắc các bạn k biết , bạn nữ trong video là tôi. Tôi vs bạn trai kia k phải ny và tôi k thích cậu ấy 🙂",1,1,0,0,1,1,neutral,enjoyment,train,SEACrowd/ViSoBERT
fresh_visobert_11888,Mãi ủng hộ 😘 Love TOP 💛👑,0,0,0,0,1,0,positive,enjoyment,train,SEACrowd/ViSoBERT
fresh_visobert_00823,tình yêu vĩnh cửu đấy )),0,0,0,0,0,0,positive,enjoyment,train,SEACrowd/ViSoBERT
fresh_visobert_01672,nguyễn thành lý ổng đuổi học đóa )),0,0,0,0,0,0,neutral,other,train,SEACrowd/ViSoBERT
fresh_visobert_00000,Ru ngu tot that,1,0,0,0,0,1,negative,disgust,train,SEACrowd/ViSoBERT
fresh_visobert_03410,chai tommy hãng tao mua 96 đô chai giò trắng 98 đô tr nước hoa 5,0,0,0,0,0,0,neutral,other,train,SEACrowd/ViSoBERT
fresh_visobert_08950,Nên phat thêm khâu trang cho nhưng ngươi chưa co nưa la qua tuyêt.,1,0,0,0,1,0,positive,enjoyment,train,SEACrowd/ViSoBERT
fresh_visobert_06269,Dam ren đen nhieu v c e moi vao,0,0,0,0,0,0,neutral,other,train,SEACrowd/ViSoBERT
fresh_visobert_07773,Thu Huyền Quang Nhật Hoàng Lan Thanh Thảo Xuân Huy,0,0,0,0,0,0,neutral,other,train,SEACrowd/ViSoBERT
fresh_visobert_01812,🤣 🤣 chao su phu,0,0,0,0,0,0,neutral,enjoyment,train,SEACrowd/ViSoBERT
fresh_visobert_03212,mấy thánh boom hàng làm việc,0,0,0,0,0,0,neutral,other,train,SEACrowd/ViSoBERT
fresh_visobert_01891,nói chuyện lắm,0,0,0,0,0,0,positive,sadness,train,SEACrowd/ViSoBERT
fresh_visobert_09440,Nằm mơ thấy sdt thì tôi sẽ đi đánh vietlot 🥲,0,0,0,0,0,0,neutral,sadness,train,SEACrowd/ViSoBERT
fresh_visobert_00626,tiếng fan cứng đăng má đéo đc duyệt,0,0,0,0,1,0,negative,anger,train,SEACrowd/ViSoBERT
fresh_visobert_03995,tủn k hàng f 😂 😂 hàng fake đại 😂 😂,0,0,0,0,1,0,positive,enjoyment,train,SEACrowd/ViSoBERT
fresh_visobert_04284,trần duy trường táo cầm trừng trị tốc biến tẩy cấm trụ tốc hành kìa,0,0,0,0,0,0,neutral,other,train,SEACrowd/ViSoBERT
fresh_visobert_04816,quâ chuâne,0,0,0,0,0,0,neutral,enjoyment,train,SEACrowd/ViSoBERT
fresh_visobert_07316,7 MicKy Hunter Hưng Hoàng,0,0,0,0,0,0,positive,enjoyment,train,SEACrowd/ViSoBERT
fresh_visobert_07485,"Thảo Lam tao có bao giờ mà coi, nản",1,0,1,0,0,0,neutral,surprise,train,SEACrowd/ViSoBERT
fresh_visobert_09592,Phú Quý Hà chịu nỏii k,0,0,0,0,0,0,neutral,other,train,SEACrowd/ViSoBERT
fresh_visobert_03318,thầy thả tim,0,0,0,0,0,0,neutral,other,train,SEACrowd/ViSoBERT
fresh_visobert_10586,Co ooppo as k ạ,0,0,0,0,0,0,neutral,other,train,SEACrowd/ViSoBERT
fresh_visobert_00679,má xaolonnnnnnnnn =))),0,0,0,0,0,0,neutral,other,train,SEACrowd/ViSoBERT
fresh_visobert_03509,ý thức cộng đồng má ac sống chi trời,0,0,0,0,0,0,neutral,other,train,SEACrowd/ViSoBERT
fresh_visobert_01987,hãnh diện ng thầy tâm,0,0,0,0,0,0,positive,enjoyment,train,SEACrowd/ViSoBERT
fresh_visobert_01525,mong muốn ủng hộ kí rộng rãi,0,0,0,0,0,0,positive,enjoyment,train,SEACrowd/ViSoBERT
fresh_visobert_04057,trsi cằm nhọn,0,0,0,0,0,0,neutral,other,train,SEACrowd/ViSoBERT
fresh_visobert_07659,Anh Thi t se cày phim,0,0,0,0,0,0,neutral,other,train,SEACrowd/ViSoBERT
fresh_visobert_03638,khoe đú trend nhớ nhung dở má,0,0,0,0,1,0,negative,sadness,train,SEACrowd/ViSoBERT
fresh_visobert_03959,ngu thoii so sánh )),1,0,0,0,0,1,negative,disgust,train,SEACrowd/ViSoBERT
fresh_visobert_01960,tui đánh nor @ @,0,0,0,0,0,0,neutral,other,train,SEACrowd/ViSoBERT
fresh_visobert_02530,sài gòn chán,0,0,0,0,0,0,negative,sadness,train,SEACrowd/ViSoBERT
fresh_visobert_11414,Lại biển người đi để ngắm người 😂,0,0,0,0,0,0,positive,enjoyment,train,SEACrowd/ViSoBERT
fresh_visobert_04372,yêuuuu chết,0,0,0,0,0,0,neutral,enjoyment,train,SEACrowd/ViSoBERT
fresh_visobert_01844,bộ môn yêu thích chồng )),0,0,0,0,0,0,positive,enjoyment,train,SEACrowd/ViSoBERT
fresh_visobert_03145,xỉu liền chắc chết mh,1,0,0,1,0,0,neutral,other,train,SEACrowd/ViSoBERT
fresh_visobert_01381,đẹp gái cặc hai hòn dái hai,0,0,0,0,0,0,positive,enjoyment,train,SEACrowd/ViSoBERT
fresh_visobert_08542,Nay mặc đồ đẹp qua chị ơi,0,0,0,0,0,0,positive,enjoyment,train,SEACrowd/ViSoBERT
fresh_visobert_03522,alo bốc lịch,0,0,0,0,0,0,negative,fear,train,SEACrowd/ViSoBERT
fresh_visobert_04480,link bộ tộc mixi gaming,0,0,0,0,1,0,neutral,other,train,SEACrowd/ViSoBERT
fresh_visobert_07277,hết hồn . sợ quá nhỉ . nhạt !,1,0,0,1,0,0,negative,fear,train,SEACrowd/ViSoBERT
fresh_visobert_06439,Hqua xem clip ông cái nhau vì trộm thiếu chuyên nghiệp buồn cười v,1,0,0,0,1,1,negative,enjoyment,train,SEACrowd/ViSoBERT
fresh_visobert_05404,gáp pơ trung mừ ngón from sa đéc city,0,0,0,0,0,0,neutral,other,train,SEACrowd/ViSoBERT
fresh_visobert_10415,Nhiềungườiyêu Xinhgáimớicó tặng ku thỏi son hết mấy món phấn trang điểm,0,0,0,0,0,0,neutral,enjoyment,train,SEACrowd/ViSoBERT
fresh_visobert_09674,Uyên Dương ừ tưởng c buồn.,0,0,0,0,0,0,negative,sadness,train,SEACrowd/ViSoBERT
fresh_visobert_00004,Hà Nội đợi mình nha,0,0,0,0,0,0,positive,sadness,train,SEACrowd/ViSoBERT
fresh_visobert_10607,"Sáng đánh răng bị chảy máu chân răng, để lâu ko chữa sẽ dẫn đến tình trạg viêm tụt lợi làm lỏng chân răg khiến răg bị xô lệch lộn xộn và rụg răg sớm. Đau nhức răg do bị sâu răng . Anh chị e nào đag bị tình trạg trên inbox mình trị dứt điểm nha",0,0,0,0,1,0,negative,sadness,train,SEACrowd/ViSoBERT
fresh_visobert_01875,hên vãiiiiiii,0,0,0,0,0,0,neutral,enjoyment,train,SEACrowd/ViSoBERT
fresh_visobert_06723,Nhưng mà thủ môn Ma Rốc cũng tập bắt Pen triệu lần ông ạ :))),1,1,1,0,0,1,neutral,disgust,train,SEACrowd/ViSoBERT
fresh_visobert_05042,mày ngu cặc lắm đẻ cẩn thận,1,0,0,0,0,1,negative,disgust,train,SEACrowd/ViSoBERT
fresh_visobert_09230,Regina Helen tuy m không theo nghề giáo nhưng mà giống. =))))),1,1,1,0,0,1,neutral,disgust,train,SEACrowd/ViSoBERT
fresh_visobert_06628,Quá nhanh quá nguy hiểm ạ 🤣🤣🤣,0,0,0,0,0,0,positive,enjoyment,train,SEACrowd/ViSoBERT
fresh_visobert_09466,Mong bạn sớm tìm thấy hạnh phúc của riêng mình. Và bạn nữ kia cũng sẽ an yên bên cô công chúa nhỏ.,0,0,0,0,0,0,positive,enjoyment,train,SEACrowd/ViSoBERT
fresh_visobert_00569,hongkong ủng hộ tq trả đũa mỹ hongkong một mình carrie cặc lam bộ sậu tay sai tq ta dân hongkong,0,0,0,0,0,0,neutral,other,train,SEACrowd/ViSoBERT
fresh_visobert_05073,tú nguy hiểm abe sài gòn,0,0,0,0,0,0,neutral,fear,train,SEACrowd/ViSoBERT
fresh_visobert_05019,bòi chả húc,0,0,0,0,0,0,negative,enjoyment,train,SEACrowd/ViSoBERT
fresh_visobert_09030,Sư Nguyen Huynh Long Hoa Huynh,0,0,0,0,0,0,neutral,other,train,SEACrowd/ViSoBERT
fresh_visobert_02994,xù tag zô hội tuyết bích lun,0,0,0,0,0,0,neutral,other,train,SEACrowd/ViSoBERT
fresh_visobert_06974,Tối Vợ cho ngủ riêng còn thích nữa,0,0,0,0,0,0,positive,enjoyment,train,SEACrowd/ViSoBERT
fresh_visobert_07623,Chúc chị và gia đình luôn bình an và hạnh phúc,0,0,0,0,0,0,positive,enjoyment,train,SEACrowd/ViSoBERT
fresh_visobert_07497,Em chỉ thích xem team refund bắn giải thôi,0,0,0,0,1,0,positive,enjoyment,train,SEACrowd/ViSoBERT
fresh_visobert_08306,Nguyễn Ngọc Hân nhớ gh vs nh vô phòng thi hônggg,0,0,0,0,0,0,neutral,other,train,SEACrowd/ViSoBERT
fresh_visobert_04405,ông già họp tổ dân phố mều thay stream =))),1,1,0,0,1,1,neutral,disgust,train,SEACrowd/ViSoBERT
fresh_visobert_05429,nhin vo cug bit la may la con trai,0,0,0,0,0,0,neutral,other,train,SEACrowd/ViSoBERT
fresh_visobert_01830,tiểu tiểu đại đại bé )),0,0,0,0,0,0,neutral,other,train,SEACrowd/ViSoBERT
fresh_visobert_01678,hấp dẫn ơiii,0,0,0,0,0,0,neutral,enjoyment,train,SEACrowd/ViSoBERT
fresh_visobert_11461,đã nhận được hàng hôm qua. nguyên hộp nguyên tem luôn. hàng đúng như hình ảnh. được tặng một cái ốp nhựa dẻo trắng nữa.,0,0,0,0,0,0,neutral,other,train,SEACrowd/ViSoBERT
fresh_visobert_04636,my chai sting vô đầu nha thầy,0,0,0,0,1,0,neutral,other,train,SEACrowd/ViSoBERT
fresh_visobert_05620,cặc chả xạo lon 🤣 🤣,1,1,0,0,0,1,neutral,enjoyment,train,SEACrowd/ViSoBERT
fresh_visobert_04987,yêu tình vcl,1,0,0,0,0,1,positive,anger,train,SEACrowd/ViSoBERT
fresh_visobert_10941,"Máy chạy êm, nhiều chương trình giặt tiện lợi, giá cả phù hợp",0,0,0,0,0,0,neutral,other,train,SEACrowd/ViSoBERT
fresh_visobert_10854,"Đau cả đầu, ai ở với người nói nhiều mới là địa ngục",0,0,0,0,0,0,negative,sadness,train,SEACrowd/ViSoBERT
fresh_visobert_04329,trốn dịch hai trần nói chuyện dzui trần dần trần nhật quang siêm rệp dời thái lan ta,0,0,0,0,0,0,neutral,other,train,SEACrowd/ViSoBERT
fresh_visobert_11605,Phat điên thât sư :),1,0,0,0,0,1,neutral,disgust,train,SEACrowd/ViSoBERT
fresh_visobert_10644,"Hàng đẹp, giao hàng nhanh!",0,0,0,0,0,0,positive,enjoyment,train,SEACrowd/ViSoBERT
fresh_visobert_02793,suối mát gái nha sóiii )),0,0,0,0,0,0,neutral,other,train,SEACrowd/ViSoBERT
fresh_visobert_11939,"rất hài lòng luôn vì dép rẻ mà quá đẹp, đi thoải mái êm chân, cảm ơn cửa hàng , mình sẽ giới thiệu bạn bè mua giúp cửa hàng .",0,0,1,0,0,1,positive,enjoyment,train,SEACrowd/ViSoBERT
fresh_visobert_04186,râu ria đen,0,0,0,0,0,0,neutral,other,train,SEACrowd/ViSoBERT
fresh_visobert_07667,Mà cho đi xe côn tay nữa nha,1,0,1,0,0,0,neutral,surprise,train,SEACrowd/ViSoBERT
fresh_visobert_06506,tôi từng chơi cũng thấy vui nhưng từ chiều giờ vào game thì nó để tải tài nguyên long cốt tải hoài không vô được,0,0,1,0,1,1,positive,enjoyment,train,SEACrowd/ViSoBERT
fresh_visobert_08565,"Ems và trịnh mới đúng:)) trịnh trong phim y như tồi boi, quen ng này mà yêu ngkhac:))))",1,1,1,1,0,1,positive,enjoyment,train,SEACrowd/ViSoBERT
fresh_visobert_06926,Tỉn Cu Bố đúng nhờ,0,0,0,0,0,0,negative,enjoyment,train,SEACrowd/ViSoBERT
fresh_visobert_00461,bỏ tù bồi thường thiệt hại đất nước mong đc tha thứ,0,0,0,0,0,0,neutral,other,train,SEACrowd/ViSoBERT
fresh_visobert_09126,"Cách 4 : thực hiện luật hấp dẫn , 555 . Lên mạng sẽ có cách hướng dẫn",0,0,0,0,0,0,neutral,other,train,SEACrowd/ViSoBERT
fresh_visobert_00512,đỷ cặc minh hiếu,0,0,0,0,0,0,negative,disgust,train,SEACrowd/ViSoBERT
fresh_visobert_00721,linh kute giỏi,0,0,0,0,1,0,positive,enjoyment,train,SEACrowd/ViSoBERT
fresh_visobert_06840,Trần Ngọc Anh Hồ Phương Dung Zô coi,0,0,0,0,0,0,neutral,other,train,SEACrowd/ViSoBERT
fresh_visobert_10348,hình ảnh và video k liên quan,0,0,0,0,1,0,neutral,other,train,SEACrowd/ViSoBERT
fresh_visobert_11535,Hấp dẫn quá anh ơi,0,0,0,0,0,0,neutral,other,train,SEACrowd/ViSoBERT
fresh_visobert_03460,đặng ngọc hà youtobe đơ vcl nhạt huhu,1,0,0,0,0,0,negative,anger,train,SEACrowd/ViSoBERT
fresh_visobert_05109,chán cơ chứ,0,0,0,0,0,0,negative,sadness,train,SEACrowd/ViSoBERT
fresh_visobert_06994,Quá hay. Nhà giáo của ngày xưa. Nhà giáo bjo thì,0,0,0,0,0,0,positive,enjoyment,train,SEACrowd/ViSoBERT
fresh_visobert_02476,chữa chi oi,0,0,0,0,0,0,neutral,other,train,SEACrowd/ViSoBERT
fresh_visobert_10111,ứng dụng này rất hay và rất hữu ích cho trẻ em ; từ và hình ảnh rõ ràng ;dễ hiểu giúp các em tiếp thu bài giảng . ; cám ơn rất nhiều to monkey gì unior.,0,0,0,0,0,0,positive,enjoyment,train,SEACrowd/ViSoBERT
fresh_visobert_04479,trinh ái ))))),0,0,0,0,0,0,positive,enjoyment,train,SEACrowd/ViSoBERT
fresh_visobert_07207,Đường hà nội cứ đi xe máy là tiện nhất 🥰🥰🥰,0,0,0,0,0,0,positive,enjoyment,train,SEACrowd/ViSoBERT
fresh_visobert_05016,hoàng vânanh yep yep 😂 😂 😂,0,0,0,0,0,0,positive,enjoyment,train,SEACrowd/ViSoBERT
fresh_visobert_02458,họp báo xong thông báo hài,0,0,0,0,0,0,neutral,other,train,SEACrowd/ViSoBERT
fresh_visobert_08056,"Chị Na ơi, da em là da hỗn hợp thiên dầu. Em chưa từng tẩy tế bào chết bao giờ ạ hiu hiu",0,0,0,0,0,0,neutral,other,train,SEACrowd/ViSoBERT
fresh_visobert_01736,hôm ni thầy đánh đỉnh thầy áp dụng giáo án stream auto win,1,0,0,1,1,0,positive,enjoyment,train,SEACrowd/ViSoBERT
fresh_visobert_03265,hải yến care cmt cặc ))) ô )))),0,0,0,0,0,0,neutral,other,train,SEACrowd/ViSoBERT
fresh_visobert_03724,bâyh mấy đứa lũ ngoa chửi thuê review phim hả =))),1,1,0,0,1,0,neutral,surprise,train,SEACrowd/ViSoBERT
fresh_visobert_09386,Cá hồi co lm mo tham tri mun se khít lo chan long k c,0,0,0,0,0,0,negative,fear,train,SEACrowd/ViSoBERT
fresh_visobert_05773,chức rộng sợ,0,0,0,0,0,0,negative,fear,train,SEACrowd/ViSoBERT
fresh_visobert_11610,Khánh là ai vậy chị,1,0,0,0,0,0,neutral,disgust,train,SEACrowd/ViSoBERT
fresh_visobert_02961,bữa cũg mua nc hoa trần đòn xịt thơm xịt tầm mùi,0,0,0,0,0,0,neutral,other,train,SEACrowd/ViSoBERT
fresh_visobert_05705,sợ giặc giận mà lị,0,0,1,0,0,0,negative,anger,train,SEACrowd/ViSoBERT
fresh_visobert_11855,Làm vậy để chi.,0,0,0,0,0,0,neutral,sadness,train,SEACrowd/ViSoBERT
fresh_visobert_07731,e gái loli và alime,0,0,0,0,0,0,neutral,other,train,SEACrowd/ViSoBERT
fresh_visobert_01383,đập mặt cặc sena thầy,0,0,0,0,0,0,negative,anger,train,SEACrowd/ViSoBERT
fresh_visobert_04947,chạy trượt xải,0,0,0,0,0,0,neutral,sadness,train,SEACrowd/ViSoBERT
fresh_visobert_04896,họp rút kinh nghiệm sâu sắc,0,0,0,0,0,0,negative,disgust,train,SEACrowd/ViSoBERT
fresh_visobert_02770,dân đánh trộm => cặc tù => oan tự tử,0,0,0,0,0,0,neutral,other,train,SEACrowd/ViSoBERT
fresh_visobert_09311,cần tăng cường thêm tài liệu .,0,0,0,0,0,0,neutral,other,train,SEACrowd/ViSoBERT
fresh_visobert_10356,Trang MyHan nho lém á,0,0,0,0,1,0,negative,enjoyment,train,SEACrowd/ViSoBERT
fresh_visobert_06564,Đai lô thăng long cai nay lâu lăm rôi,0,0,0,0,0,0,neutral,other,train,SEACrowd/ViSoBERT
fresh_visobert_01836,chậm bro =)),1,0,0,0,1,0,neutral,other,train,SEACrowd/ViSoBERT
fresh_visobert_02587,nguyễn minh thừa nhà ngủ,0,0,0,0,0,0,neutral,other,train,SEACrowd/ViSoBERT
fresh_visobert_05038,tú con đĩ abe gọi abe daddy điiiiii,0,0,0,0,0,0,neutral,other,train,SEACrowd/ViSoBERT
fresh_visobert_01282,lê hà thư )))) ))),0,0,0,0,0,0,neutral,other,train,SEACrowd/ViSoBERT
fresh_visobert_10362,Co h thui ạ c,0,0,0,0,0,0,neutral,other,train,SEACrowd/ViSoBERT
fresh_visobert_00139,chán ghê hong pé máu hâhha,0,0,0,0,0,0,negative,disgust,train,SEACrowd/ViSoBERT
fresh_visobert_07005,"mình chưa từng thất vọng về app này luôn, hay quá",0,1,1,0,1,0,neutral,sadness,train,SEACrowd/ViSoBERT
fresh_visobert_09528,😭😭 m đừng lm t hoang mang,0,0,0,0,0,0,negative,sadness,train,SEACrowd/ViSoBERT
fresh_visobert_00620,chuối hong thầy,0,0,0,0,0,0,neutral,other,train,SEACrowd/ViSoBERT
fresh_visobert_10097,Gia Thạnh Andrew Lam Miinh Hằng cuộc sống mọi ng ổn k =)))),1,0,0,0,0,0,neutral,other,train,SEACrowd/ViSoBERT
fresh_visobert_08883,Mới nhổ răng ăn đồ ngọt r à cj♥,0,0,0,0,0,0,neutral,other,train,SEACrowd/ViSoBERT
fresh_visobert_11644,Ok nhìn sang trái rồi nhé,0,0,0,0,1,0,positive,enjoyment,train,SEACrowd/ViSoBERT
fresh_visobert_05043,đặng trà trang giả y sì codesite garena,0,0,0,0,0,0,neutral,other,train,SEACrowd/ViSoBERT
fresh_visobert_06918,cái thứ bán hàng đéo có tâm . rồi mày sẽ ế bánh cho mà xem,1,0,1,0,0,1,negative,anger,train,SEACrowd/ViSoBERT
fresh_visobert_10046,"Cưng quá à, cũng muốn có trải nghiệm giống vậy",0,0,0,0,0,0,neutral,other,train,SEACrowd/ViSoBERT
fresh_visobert_11003,Ngọc Linh vâng ạ,0,0,0,0,0,0,neutral,other,train,SEACrowd/ViSoBERT
fresh_visobert_10419,List hiddengem mixtape của bray bài nào cũng hay,0,0,0,0,0,0,positive,enjoyment,train,SEACrowd/ViSoBERT
fresh_visobert_05424,4 5 dùi vập,0,0,0,0,0,0,neutral,other,train,SEACrowd/ViSoBERT
fresh_visobert_07935,"Không kèm mặt khi gửi ảnh, ảnh sex không cần phải khoe % ra. Kiếm góc nào nghệ nghệ xíu che che cũng được.",0,0,0,0,0,0,neutral,other,train,SEACrowd/ViSoBERT
fresh_visobert_06114,Cứu thằng bé xong rồi sao k đạp cmn thằng bố xuống biển,0,0,0,0,0,0,neutral,other,train,SEACrowd/ViSoBERT
fresh_visobert_09087,Thanh Lâm cơ nên đổi thành Lâm áp lực ko em 😂😂,0,0,0,0,0,0,neutral,enjoyment,train,SEACrowd/ViSoBERT
fresh_visobert_03390,cờ đỏ vàng nhá,0,0,0,0,0,0,neutral,other,train,SEACrowd/ViSoBERT
fresh_visobert_07933,Người luộc gà chắc là họa sĩ mới sáng tác được nhiều tư thế như vậy,1,0,0,1,0,1,neutral,disgust,train,SEACrowd/ViSoBERT
fresh_visobert_02607,việt hải chuẩn,0,0,0,0,0,0,positive,enjoyment,train,SEACrowd/ViSoBERT
fresh_visobert_03044,vu thuan 🤣 🤣 🤣,0,0,0,0,0,0,neutral,enjoyment,train,SEACrowd/ViSoBERT
fresh_visobert_11889,Douma thầy lái cano lái luôn nico,0,0,0,0,0,0,neutral,other,train,SEACrowd/ViSoBERT
fresh_visobert_07532,Giao hàng nhanh tốc độ đặt hàng hôm trước hôm sau có luôn ạ ưng lắm. Mở ra dã thấy thơm. Shop bọc hàng chắc chắn lắm k lo bị bóp méo. Hộp còn nguyên k bị móp méo. Mở ra thấy nến rất đẹp vào thơm chưa sử dụng lên chưa biết ntn. Đánh giá 5 sao cho shop,0,0,0,0,1,0,positive,enjoyment,train,SEACrowd/ViSoBERT
fresh_visobert_05507,japan vốn ý thức rấttt caooo tình cảm tui crush,0,0,0,0,0,0,neutral,other,train,SEACrowd/ViSoBERT
fresh_visobert_03954,đoán nỗi tiếng ông già nhà con tar,0,0,0,0,0,0,neutral,other,train,SEACrowd/ViSoBERT
fresh_visobert_05453,gọi siêu thần quyền súng bắn trúng dao chặt đứt súp pồ mên,0,0,0,1,0,0,neutral,other,train,SEACrowd/ViSoBERT
fresh_visobert_05787,sống chậm thôiiii,0,0,0,0,0,0,neutral,sadness,train,SEACrowd/ViSoBERT
fresh_visobert_01907,onl thoy xobg,0,0,0,0,1,0,neutral,enjoyment,train,SEACrowd/ViSoBERT
fresh_visobert_04269,thầy học sinh cá biệt hông thầy ))),0,0,0,0,0,0,neutral,other,train,SEACrowd/ViSoBERT
fresh_visobert_11859,Kem làm trị quầng thâm mắt Estee Lauder,0,0,0,0,0,0,neutral,other,train,SEACrowd/ViSoBERT
fresh_visobert_07479,Cao Thu Ngọc Bé Mít :))),1,0,0,0,0,0,neutral,other,train,SEACrowd/ViSoBERT
fresh_visobert_05426,đoạn bar cakdilac tộc trưởng,0,0,0,0,0,0,neutral,other,train,SEACrowd/ViSoBERT
fresh_visobert_09359,Em cũng đam mê lắm nhưng âm nhạc đối với em cũng chỉ là music 😌,1,0,1,0,1,0,positive,surprise,train,SEACrowd/ViSoBERT
fresh_visobert_00101,E chào a độ mixi gaming,0,0,0,0,1,0,neutral,other,train,SEACrowd/ViSoBERT
fresh_visobert_03968,ngáp chừa cặc mày cs nhe,0,0,0,0,0,0,neutral,other,train,SEACrowd/ViSoBERT
fresh_visobert_02703,royal google miễn phí ))))),0,0,0,0,0,0,positive,other,train,SEACrowd/ViSoBERT
fresh_visobert_06749,Nhung Le gioi nhu bà nho. 😘😆,0,0,0,0,0,0,positive,enjoyment,train,SEACrowd/ViSoBERT
fresh_visobert_10306,m hop voi kieu toc may do,0,0,0,0,0,0,neutral,other,train,SEACrowd/ViSoBERT
fresh_visobert_01787,đừng biển nha 😂,0,0,0,0,0,0,positive,enjoyment,train,SEACrowd/ViSoBERT
fresh_visobert_01183,vân thùy cặc xàm vl )),1,0,0,1,0,1,neutral,disgust,train,SEACrowd/ViSoBERT
fresh_visobert_10458,Nét này là Naruto đúng ko,0,0,0,0,0,0,neutral,other,train,SEACrowd/ViSoBERT
fresh_visobert_10390,"Giao hơi lâu so với mọi lần, hàng tạm ổn, ko như mình mong đợi 🙂🙂🙂",1,1,0,0,0,0,neutral,surprise,train,SEACrowd/ViSoBERT
fresh_visobert_11656,ID: 58 E da share roi note e voi,0,0,0,0,1,0,neutral,other,train,SEACrowd/ViSoBERT
fresh_visobert_03193,hoàng đình sơn mấy bửa hai ae ta chổ,0,0,0,0,0,0,neutral,other,train,SEACrowd/ViSoBERT
fresh_visobert_09744,Sung sướng quá đi :)))),1,0,0,0,0,0,neutral,other,train,SEACrowd/ViSoBERT
fresh_visobert_09194,Em kiu mẹ phụ anhhh bán kkk,0,0,0,0,0,0,neutral,enjoyment,train,SEACrowd/ViSoBERT
fresh_visobert_11649,Nguyễn Thị Ngọc Hương đi 😂😂,0,0,0,0,0,0,neutral,enjoyment,train,SEACrowd/ViSoBERT
fresh_visobert_00329,how to đểu vợ )),0,0,0,0,0,0,positive,enjoyment,train,SEACrowd/ViSoBERT
fresh_visobert_01454,thần khuyển susan 75 thầy gánh,0,0,0,1,0,0,neutral,other,train,SEACrowd/ViSoBERT
fresh_visobert_00202,cô đơn lắm,0,0,0,0,0,0,neutral,sadness,train,SEACrowd/ViSoBERT
fresh_visobert_07501,Sắp lại oẳng r,0,0,0,0,0,0,negative,sadness,train,SEACrowd/ViSoBERT
fresh_visobert_01030,đụng chạm nha xứ đông lào đầu tiệc tùng chớ ra quân cặc trốn hang pác bó cải cách ruộng đất bí danh cb chó bò giết đổ tội,0,0,0,0,0,0,neutral,other,train,SEACrowd/ViSoBERT
fresh_visobert_05454,ruby đen mua đấy bảo,0,0,0,0,0,0,negative,disgust,train,SEACrowd/ViSoBERT
fresh_visobert_01155,cungf quan điểm,0,0,0,0,0,0,positive,other,train,SEACrowd/ViSoBERT
fresh_visobert_09763,Ông ôi ban ê hoa,0,0,0,0,0,0,neutral,other,train,SEACrowd/ViSoBERT
fresh_visobert_01769,nghỉ bánh mì báo nn toàn hè,0,0,0,0,0,0,neutral,other,train,SEACrowd/ViSoBERT
fresh_visobert_10705,Hoàngg Dương ok ạ,0,0,0,0,1,0,positive,enjoyment,train,SEACrowd/ViSoBERT
fresh_visobert_10582,người này quá đáng vs anh thái,0,0,0,0,0,0,neutral,other,train,SEACrowd/ViSoBERT
fresh_visobert_01846,hi hi 94 fan cứng vvvv,0,0,0,0,1,0,neutral,other,train,SEACrowd/ViSoBERT
fresh_visobert_03448,ngu cặc thoii so sánh )),1,0,0,0,0,1,negative,disgust,train,SEACrowd/ViSoBERT
fresh_visobert_04285,nghệ sĩ nhân dân hài liên minh,0,0,0,0,0,0,neutral,other,train,SEACrowd/ViSoBERT
fresh_visobert_03555,ng ta gọi la xây đường định hướng hội chủ nghĩa,0,0,0,0,0,0,neutral,other,train,SEACrowd/ViSoBERT
fresh_visobert_08269,Chi voi dep de thuong va aaaaaa,0,0,0,0,0,0,neutral,other,train,SEACrowd/ViSoBERT
fresh_visobert_06640,Trịnh Diệp Thị chú ê sắc ế rồi,0,0,0,0,0,0,neutral,other,train,SEACrowd/ViSoBERT
fresh_visobert_10766,Sao Tiên Tiên lại ở đây,0,0,0,0,0,0,neutral,other,train,SEACrowd/ViSoBERT
fresh_visobert_08199,chào chị đáng iu,0,0,0,0,0,0,positive,enjoyment,train,SEACrowd/ViSoBERT
fresh_visobert_04431,sẵn sàng netflix 65 thángg,0,0,0,0,0,0,positive,enjoyment,train,SEACrowd/ViSoBERT
fresh_visobert_11671,Ai mua xà bông ko,0,0,0,0,0,0,neutral,enjoyment,train,SEACrowd/ViSoBERT
fresh_visobert_07256,Se Sẻ ngon chưa nòe,0,0,0,0,0,0,positive,sadness,train,SEACrowd/ViSoBERT
fresh_visobert_11662,Hat nghe ci my,0,0,0,0,1,0,neutral,other,train,SEACrowd/ViSoBERT
fresh_visobert_08357,Vân Hồng Hoa Ngân lên đồ xinh đẹp đi chơi nhưng trời mưa :)),1,1,1,0,0,1,positive,enjoyment,train,SEACrowd/ViSoBERT
fresh_visobert_11025,sao k đoc tên chj,0,0,0,0,0,0,positive,sadness,train,SEACrowd/ViSoBERT
fresh_visobert_11659,Nguyen Loc k ship do an dc r,0,0,0,0,1,0,negative,sadness,train,SEACrowd/ViSoBERT
fresh_visobert_07542,Kế toán đòi hỏi yêu cầu gì hả ad?,1,0,0,0,0,0,positive,surprise,train,SEACrowd/ViSoBERT
fresh_visobert_10573,Em la phan ham mo chi do,0,0,0,0,0,0,neutral,other,train,SEACrowd/ViSoBERT
fresh_visobert_01107,quang ca sĩ thi chương trình hát ng thần tượng gọi idol ^ ^,0,0,0,1,1,0,neutral,other,train,SEACrowd/ViSoBERT
fresh_visobert_01719,thầy đẹp trai phong độ,0,0,0,0,0,0,positive,enjoyment,train,SEACrowd/ViSoBERT
fresh_visobert_05268,giả bộ chửi chửi xong tiền tụi àh,0,0,0,0,0,0,neutral,other,train,SEACrowd/ViSoBERT
fresh_visobert_02649,nguyễn hữu đạt duyên chết liền mk kkkk,0,0,0,0,0,0,neutral,other,train,SEACrowd/ViSoBERT
fresh_visobert_04362,phạm hương người ta gọi thời đại đấy,0,0,0,0,0,0,neutral,other,train,SEACrowd/ViSoBERT
fresh_visobert_11764,Y así te quejas Noelii😂,0,0,0,0,0,0,positive,enjoyment,train,SEACrowd/ViSoBERT
fresh_visobert_09397,Coi phim này vừa d d buồn qué luôn nên đọc truyện cho lành,0,0,0,0,0,0,negative,sadness,train,SEACrowd/ViSoBERT
fresh_visobert_04484,muôn đời thành apple )),0,0,0,0,0,0,neutral,other,train,SEACrowd/ViSoBERT
fresh_visobert_09694,Đau tai vcn chị eii alo,0,0,0,0,0,0,negative,sadness,train,SEACrowd/ViSoBERT
fresh_visobert_05985,"Khánh Huyền Tâm An Phương Aanh Pham Nhat Duong Minh Chouu Chu Thanh Thảo biết gì k, có lẽ trường M giấu tên chỉ cho cta nghỉ 4 ngày thôi:)))",1,0,0,0,0,0,neutral,other,train,SEACrowd/ViSoBERT
fresh_visobert_04006,su nhân ngoc thuy le linh núi coi đồ zô zăn hóa,0,0,0,0,0,0,neutral,other,train,SEACrowd/ViSoBERT
fresh_visobert_05255,thầy đấy thank thầy thầy sena,0,0,0,0,1,0,neutral,other,train,SEACrowd/ViSoBERT
fresh_visobert_06145,💸💸💸LIÊN HỆ NGAY 💰 💰 💰,0,0,0,0,0,0,neutral,other,train,SEACrowd/ViSoBERT
fresh_visobert_05966,Vì dọng chị dễ thương,0,0,0,0,0,0,positive,enjoyment,train,SEACrowd/ViSoBERT
fresh_visobert_00393,vãi lol ưi,0,0,0,1,1,0,neutral,surprise,train,SEACrowd/ViSoBERT
fresh_visobert_06798,. hãy kiếm cho mình mate ngoài lớp và mate trong lớp.,0,0,0,0,0,0,neutral,other,train,SEACrowd/ViSoBERT
fresh_visobert_07877,Tặng 2gb/ ngày.,0,0,0,0,0,0,neutral,other,train,SEACrowd/ViSoBERT
fresh_visobert_07234,Trong đó có mình mặc dù ở sg 5 năm rồi vẫn nghĩ nóc hầm là chỗ đó,0,0,0,0,0,0,neutral,other,train,SEACrowd/ViSoBERT
fresh_visobert_01602,mặt tùng bục )),0,0,0,0,0,0,positive,other,train,SEACrowd/ViSoBERT
fresh_visobert_10877,A làm triệu điểm đêm hôm qua đi,0,0,0,0,0,0,neutral,other,train,SEACrowd/ViSoBERT
fresh_visobert_10745,Chị xí gái cá trừng lun,0,0,0,0,0,0,neutral,other,train,SEACrowd/ViSoBERT
fresh_visobert_10901,Hy vọng e được may mắn ạ,0,0,0,0,0,0,neutral,other,train,SEACrowd/ViSoBERT
fresh_visobert_09200,Đi xe đạp cho vui xe điện làm gì =)),1,0,0,0,0,0,positive,enjoyment,train,SEACrowd/ViSoBERT
fresh_visobert_07830,"RMIT Vietnam Finance Club (SGS) mở form rồi nha em, vào là thấy loạt bài recruitment nè",0,0,0,0,0,0,neutral,other,train,SEACrowd/ViSoBERT
fresh_visobert_11615,Giao hàng siêu nhanh,0,0,0,1,0,0,neutral,other,train,SEACrowd/ViSoBERT
fresh_visobert_08498,"Nhơn Phạm ờ, thì top 1 thế giới",0,0,0,0,1,0,neutral,other,train,SEACrowd/ViSoBERT
fresh_visobert_02091,tự hào thầy gold )),0,0,0,0,0,0,neutral,other,train,SEACrowd/ViSoBERT
fresh_visobert_01582,mồm miệng tù má mắc bệnh lạ lắm đấy,0,0,0,0,0,0,neutral,other,train,SEACrowd/ViSoBERT
fresh_visobert_00528,link facebook trần văn xuân nè,0,0,0,0,1,0,neutral,other,train,SEACrowd/ViSoBERT
fresh_visobert_09377,Thích là thật nhưng yêu là giả,1,0,1,0,0,0,positive,enjoyment,train,SEACrowd/ViSoBERT
fresh_visobert_05392,ace stream tg tối h59p chủ nhật nha kênh mixi gaming like stream hôm hôm đen bản quyền,0,0,0,0,1,0,neutral,other,train,SEACrowd/ViSoBERT
fresh_visobert_00923,dung bon ac nhan,0,0,0,0,1,0,neutral,other,train,SEACrowd/ViSoBERT
fresh_visobert_09308,68 chừa e nha chế,0,0,0,0,0,0,neutral,other,train,SEACrowd/ViSoBERT
fresh_visobert_01923,mua áo thầy live lộ ngực,0,0,0,0,1,0,neutral,other,train,SEACrowd/ViSoBERT
fresh_visobert_05443,hiếu hải châu kìa,0,0,0,0,0,0,neutral,other,train,SEACrowd/ViSoBERT
fresh_visobert_08094,"đúng là công an , gô cổ cả nhà nó rồi khai quật mộ thằng kia lên , chứ làm gì có chuyện lâu như thế",1,0,1,1,0,0,neutral,surprise,train,SEACrowd/ViSoBERT
fresh_visobert_10207,Nghe nhiếp ảnh chuyên nghiệp đích thực mà toát mồ hôi ko cần tắm.,1,0,1,0,0,0,neutral,surprise,train,SEACrowd/ViSoBERT
fresh_visobert_10521,Thay vì run lẩy bẩy hỏi câu tivi nhà bác cũng có thời sự à thì anh em nên học anh zai này 🤣,1,1,0,0,0,1,positive,enjoyment,train,SEACrowd/ViSoBERT
fresh_visobert_02548,đất nước lưng kệ mịa,0,0,0,0,0,0,positive,enjoyment,train,SEACrowd/ViSoBERT
fresh_visobert_08228,"Lương sau Tết, còn đếch dc ứng cơ 😞",0,0,0,0,0,0,negative,sadness,train,SEACrowd/ViSoBERT
fresh_visobert_11398,Tiền t mua đồ ăn hết rồi còn đâu mua cặp mới nửa 😂,1,0,0,0,0,0,neutral,enjoyment,train,SEACrowd/ViSoBERT
fresh_visobert_11383,"còn giữ cái đĩa cổ này luôn á , ghê hông",0,0,0,0,0,0,negative,disgust,train,SEACrowd/ViSoBERT
fresh_visobert_00961,khẩu nghiệp tụ vành môi má,0,0,0,0,0,0,neutral,other,train,SEACrowd/ViSoBERT
fresh_visobert_01494,e quen đúg chùa phật quang thầy chi tpchâu đốc bữa /4 âl,0,0,0,0,0,0,neutral,other,train,SEACrowd/ViSoBERT
fresh_visobert_11032,"Phim sẽ ra rạp vào / sắp tới nha : , còn đây là công thức",0,0,0,0,0,0,neutral,other,train,SEACrowd/ViSoBERT
fresh_visobert_07421,Đồ đôi cho các couple Phạm Linh Chi Hiển Nam,0,0,0,0,0,0,neutral,other,train,SEACrowd/ViSoBERT
fresh_visobert_01000,mong thầy đánh tỉnh táo đừng lừa,0,0,0,0,0,0,neutral,other,train,SEACrowd/ViSoBERT
fresh_visobert_10624,Bản cover đã tai và bổ mắt nhất cho đến hiện tại mà tui xem 🙂🙂🙂,1,1,1,0,1,1,neutral,disgust,train,SEACrowd/ViSoBERT
fresh_visobert_01748,hoàng thu trang,0,0,0,0,0,0,neutral,other,train,SEACrowd/ViSoBERT
fresh_visobert_02791,nguyễn quang huy thăng cặc chế @ @,0,0,0,0,0,0,neutral,other,train,SEACrowd/ViSoBERT
fresh_visobert_07325,ngủ làm sao đc khi bh là csgo time chứ :)),1,0,0,0,0,0,neutral,other,train,SEACrowd/ViSoBERT
fresh_visobert_01558,duyên suk chả avt nữ sát thử thần tượng 😄 😄 😄,0,0,0,1,0,0,positive,enjoyment,train,SEACrowd/ViSoBERT
fresh_visobert_10090,Chuyện Phạm sân chơi của bác đấy. E tin bác💪💪💪,0,0,0,0,0,0,neutral,other,train,SEACrowd/ViSoBERT
fresh_visobert_08005,"phấn phủ thơm, kiềm dầu tốt, đóng gói ko cẩn thận lắm",0,0,0,0,0,0,positive,enjoyment,train,SEACrowd/ViSoBERT
fresh_visobert_08267,Chị ơi có rãnh không chị chửi con mẹ 65 bớt những lo đi.,0,0,0,0,0,1,negative,fear,train,SEACrowd/ViSoBERT
fresh_visobert_11685,Dọn nhà hoa mắt chóng mặt luôn 😵,0,0,0,0,0,0,neutral,other,train,SEACrowd/ViSoBERT
fresh_visobert_02497,)) mày ngu đứng đấy ngăn ngừa phòng chống hiệu quả ngu dốt mày học cmt cặc người ta chửi nhục mặt lắm thân ^ ^ tao văn hóa văn hóa tao ý thức say rượu tham gia giao thông,1,0,0,0,0,1,negative,disgust,train,SEACrowd/ViSoBERT
fresh_visobert_01977,khùng má trời khùng,1,0,0,0,0,1,neutral,disgust,train,SEACrowd/ViSoBERT
fresh_visobert_03471,mày đừng bốc phét mày đừng mồm điêu,0,0,0,0,0,0,neutral,other,train,SEACrowd/ViSoBERT
fresh_visobert_09979,Anh Trung weeboo =))),1,1,0,0,0,1,neutral,disgust,train,SEACrowd/ViSoBERT
fresh_visobert_08634,"Màu gất đẹp, giao hàng nhanh, cho chủ xốp 1000000 like vì nhiệt tình đổi hàng cho mình đúng lúc.",0,0,0,0,1,0,positive,enjoyment,train,SEACrowd/ViSoBERT
fresh_visobert_07019,"Dạo này mấy thành phần rác nhạc cứ hát, rap như đấm vào tai xuất hiện hoài cảm thấy rất ngao ngán.",1,0,0,1,1,1,negative,disgust,train,SEACrowd/ViSoBERT
fresh_visobert_08900,😂😂😂😂 Thấu Minh Phong con mỡ nó cũng thế ấy,1,1,0,0,0,1,positive,enjoyment,train,SEACrowd/ViSoBERT
fresh_visobert_01181,tha thứ má mat dạy,0,0,0,0,0,0,neutral,other,train,SEACrowd/ViSoBERT
fresh_visobert_10738,Thích thì chơi ko thích thì chơi,0,0,0,0,0,0,neutral,enjoyment,train,SEACrowd/ViSoBERT
fresh_visobert_06014,Vô đây coi là được liền nè mấy bợn,0,0,0,0,0,0,neutral,other,train,SEACrowd/ViSoBERT
fresh_visobert_05919,"Trước tới giờ dù là mùa rụng tóc , tóc mh vẫn rụng rất ít, chỉ có năm nay tiêm vacxin nó rụng như lá mùa thu, xót hết cả ruột. May mà tóc dày chứ tóc mỏng chắc cũng còn lơ thơ haizzz",1,1,1,1,0,1,neutral,disgust,train,SEACrowd/ViSoBERT
fresh_visobert_00037,"Mũ xinh lắm ạ, có miếg giữ from nên rất ưng, cpi hàg giao hàg nhah 💓",0,0,0,0,0,0,positive,enjoyment,train,SEACrowd/ViSoBERT
fresh_visobert_00903,coi chừng nha abe đừng gáy yásuo nha,0,0,0,0,0,0,neutral,other,train,SEACrowd/ViSoBERT
fresh_visobert_00033,Thay c ko ne,0,0,0,0,1,0,positive,enjoyment,train,SEACrowd/ViSoBERT
fresh_visobert_01595,mask matcha gí xx,0,0,0,0,0,0,neutral,enjoyment,train,SEACrowd/ViSoBERT
fresh_visobert_06865,"Trúng thiệt cũng chết r, mặt gian vl",0,0,0,1,0,0,neutral,surprise,train,SEACrowd/ViSoBERT
fresh_visobert_03676,lo stream thay ăn chơi đua đòi thái sói said,0,0,0,0,1,0,neutral,fear,train,SEACrowd/ViSoBERT
fresh_visobert_05067,chữa gái covic9 xong truy cứu trách nhiệm hình sự gây ảnh hưởng sức khỏe cộng đồng,0,0,0,0,0,0,neutral,other,train,SEACrowd/ViSoBERT
fresh_visobert_00111,đm h mới biết thảo nào cứ thấy ngứa phần mu 🙂 gãi đỏ cả mu,1,1,0,0,0,1,negative,anger,train,SEACrowd/ViSoBERT
fresh_visobert_03812,thầy live thầy,0,0,0,0,1,0,neutral,other,train,SEACrowd/ViSoBERT
fresh_visobert_05145,nguyễn trọng thái chuẩn,0,0,0,0,0,0,neutral,other,train,SEACrowd/ViSoBERT
fresh_visobert_01902,nguyễn vi vân bác hồ muôn,0,0,0,0,0,0,neutral,other,train,SEACrowd/ViSoBERT
fresh_visobert_02423,bậy ad đăng cháu bò sồn liềm tuyệt đối đường cặc nối chính sách đoảng trung khựa đăng kiểu mấy cháu bò hoang mang lắm )),0,0,0,0,0,0,positive,enjoyment,train,SEACrowd/ViSoBERT
fresh_visobert_03367,tưởng phai,0,0,0,0,0,0,positive,surprise,train,SEACrowd/ViSoBERT
fresh_visobert_11993,Mình thấy đơn giản chỉ là chế tác vòng,0,0,0,0,0,0,neutral,other,train,SEACrowd/ViSoBERT
fresh_visobert_05442,thầy đệ tử thầy,0,0,0,0,0,0,neutral,other,train,SEACrowd/ViSoBERT
fresh_visobert_10788,"Đề cao Brazil quá,coi chừng nhảy lầu",0,0,0,0,0,0,neutral,other,train,SEACrowd/ViSoBERT
fresh_visobert_00064,Nhân vật phụ mà lên hình to vậy abe 🙂,1,1,1,0,0,1,neutral,disgust,train,SEACrowd/ViSoBERT
fresh_visobert_08344,Đặng Hải Trung Tưởng Hiếu con nợ là quan tâm thôi,0,0,0,0,0,0,neutral,other,train,SEACrowd/ViSoBERT
fresh_visobert_04191,trả lời hoài,0,0,0,0,0,0,negative,sadness,train,SEACrowd/ViSoBERT
fresh_visobert_03645,huy engraving video đẹp trai,0,0,0,0,1,0,positive,enjoyment,train,SEACrowd/ViSoBERT
fresh_visobert_08355,"Tôi xin hiến dâng thằng phùng gia bảo, để ông trời trả lại cho đất nước anh phi công này.",0,0,0,0,0,0,neutral,other,train,SEACrowd/ViSoBERT
fresh_visobert_00336,mv chất lượng,1,0,0,0,1,0,positive,enjoyment,train,SEACrowd/ViSoBERT
fresh_visobert_05997,Ckuk ckj ay mau khoe,0,0,0,0,1,0,positive,other,train,SEACrowd/ViSoBERT
fresh_visobert_02362,xài tiền le,0,0,0,0,0,0,negative,other,train,SEACrowd/ViSoBERT
fresh_visobert_00342,nghệ thuật trị giá tỷ vnd hoàng trung hải tác phẩm trái chuối chuối,0,0,0,0,0,0,neutral,other,train,SEACrowd/ViSoBERT
fresh_visobert_02814,lóp du chu cờ mo sờ,0,0,0,0,0,0,neutral,other,train,SEACrowd/ViSoBERT
fresh_visobert_05069,thử thuốc xong toang,1,0,0,1,0,0,negative,sadness,train,SEACrowd/ViSoBERT
fresh_visobert_04705,mài xin phép tận bao thơ dầy dầy chút lãnh đạo,0,0,0,0,0,0,neutral,other,train,SEACrowd/ViSoBERT
fresh_visobert_06530,Nguyễn Hoàng Anh bạn khoanh đó có ý nghĩa gì?,0,0,0,0,0,0,neutral,other,train,SEACrowd/ViSoBERT
fresh_visobert_03050,nhieu tuoi mak vet xe mat ol,0,0,0,0,0,0,neutral,other,train,SEACrowd/ViSoBERT
fresh_visobert_01196,tran thu trang phố nè )),0,0,0,0,0,0,neutral,other,train,SEACrowd/ViSoBERT
fresh_visobert_01939,phân biệt thông báo bay fir lãnh lổ cặc trời ad ngu căn bản ngu bền vững tội nghiệp,1,0,0,0,0,1,negative,disgust,train,SEACrowd/ViSoBERT
fresh_visobert_05935,hổ trắng k đáng sợ bằng con hổ cái đang đứng ngoài,0,0,0,0,0,0,negative,fear,train,SEACrowd/ViSoBERT
fresh_visobert_04035,chui chet me linh ca cặc loc luon co oi,0,0,0,0,1,0,neutral,other,train,SEACrowd/ViSoBERT
fresh_visobert_00426,rõ ràng chức danh chủ tịch ý thức,0,0,0,0,0,0,neutral,other,train,SEACrowd/ViSoBERT
fresh_visobert_02053,phạm minh tuấn công nhận nge mãi chán,0,0,0,0,0,0,negative,sadness,train,SEACrowd/ViSoBERT
fresh_visobert_03373,giang giang trò hồi đẻ,0,0,0,0,0,0,negative,sadness,train,SEACrowd/ViSoBERT
fresh_visobert_08885,Sau khi nghe xong đống này thì xác định bàng quang và thận ơi nay cm chịu khổ chút nhé :<,0,0,0,0,0,0,neutral,other,train,SEACrowd/ViSoBERT
fresh_visobert_06186,Đẹp và thanh bình quá.Thank tg.,0,0,0,0,1,0,positive,enjoyment,train,SEACrowd/ViSoBERT
fresh_visobert_06766,Sinh ư nghệ. Tử ư nghệ. Sống vì nghề mà chết cũng vì nghề. Trân trọng lắm.,1,0,1,0,0,0,neutral,surprise,train,SEACrowd/ViSoBERT
fresh_visobert_08474,Vé đi nội địa đắt hơn đi Thái luôn. Thôi xp đi Thái cho sướng 🥲🥲🥲,0,0,0,0,0,0,negative,sadness,train,SEACrowd/ViSoBERT
fresh_visobert_00747,xuất cai l đm quần áo vn toàn nhập siêu cặc tq 7 xuất xuất clm chúng mày,1,0,0,1,0,1,negative,anger,train,SEACrowd/ViSoBERT
fresh_visobert_00447,ngọc bíu ty phun lắm đâyyy,0,0,0,0,0,0,neutral,other,train,SEACrowd/ViSoBERT
fresh_visobert_07866,ảnh mang tính chất nhận khawns toxu><dbjdjdjdjdhdhdhdbdbdbdbbdbdbdbdbdbdbdbbdbdbdbdbdbdbdbdbdbdbdbbdbxbxbxbdbdbdbbdbdbdhdhdhdhhdhdhdhdhdhdhdhdhdhdhdhhdhdhdhdhdhdhdhdhdhdhdhdhdhdhdhdhhdhdhdhdhdhdhdhdhdhhdhdhdhdhdhdhdhdhdhdhdhdhdhdhdhhdhdhdhdhdhdhdhhdhehehehjdhdhdhdhehhehehehdhdhdhdhhdhdhdhdhdhhdhdh,1,0,0,0,0,0,positive,enjoyment,train,SEACrowd/ViSoBERT
fresh_visobert_00707,bệnh viện đa quốc gia tài trợ chương trình 🤣 🤣 🤣,0,0,0,0,0,0,neutral,enjoyment,train,SEACrowd/ViSoBERT
fresh_visobert_08508,Xin Chúc Cô Sức khỏe An Lành Nhiều may mắn nhé,0,0,0,0,0,0,neutral,other,train,SEACrowd/ViSoBERT
fresh_visobert_10603,Hic e đi về đã lát gặp lại c sauuu 👋,0,0,0,0,0,0,neutral,other,train,SEACrowd/ViSoBERT
fresh_visobert_11878,sản phẩm chất lượng,1,0,0,0,0,0,positive,enjoyment,train,SEACrowd/ViSoBERT
fresh_visobert_10495,Huyết't Cô'ô Nương'g mập thận tệ mập k kiểm xoát đc 😂,1,1,0,0,0,1,negative,enjoyment,train,SEACrowd/ViSoBERT
fresh_visobert_00507,dislike mv jack ủng hộ ây ti,0,0,0,0,1,0,positive,enjoyment,train,SEACrowd/ViSoBERT
fresh_visobert_06275,Thuận Trần dm chưa thắng trận nào😢,1,0,0,0,0,1,negative,sadness,train,SEACrowd/ViSoBERT
fresh_visobert_05265,nguyễn thị yến nhi lưỡi xương đường lắt léo,0,0,0,0,0,0,neutral,other,train,SEACrowd/ViSoBERT
fresh_visobert_09906,m58 có ộn kh ạ,0,0,0,0,0,0,neutral,other,train,SEACrowd/ViSoBERT
fresh_visobert_04001,túi nilon thả trôi sông má cách ly tốn chi phí nhà nước,0,0,0,0,0,0,neutral,other,train,SEACrowd/ViSoBERT
fresh_visobert_10066,Má này bắt chước phong cách ngọc Trinh.,0,0,0,0,0,0,neutral,other,train,SEACrowd/ViSoBERT
fresh_visobert_02608,chả lẽ 6 nhiễm máy bay vn 54,0,0,0,0,0,0,neutral,other,train,SEACrowd/ViSoBERT
fresh_visobert_08890,Hello chị Ngọc và em bé Chây Chây 😘,0,0,0,0,1,0,positive,enjoyment,train,SEACrowd/ViSoBERT
fresh_visobert_10385,Còn chiếc nào ko anh,0,0,0,0,0,0,neutral,disgust,train,SEACrowd/ViSoBERT
fresh_visobert_00296,chi đep chi,0,0,0,0,0,0,positive,other,train,SEACrowd/ViSoBERT
fresh_visobert_02231,xây dựng vn gian dối đấu thầu lắp wc,0,0,0,0,0,0,neutral,other,train,SEACrowd/ViSoBERT
fresh_visobert_07928,Nguyễn Hạ Vy Edit xong rồi bạn nha.,0,0,0,0,1,0,neutral,other,train,SEACrowd/ViSoBERT
fresh_visobert_03219,tưởng cs cẩm ly kg àh ☺,0,0,0,0,0,0,neutral,other,train,SEACrowd/ViSoBERT
fresh_visobert_00110,Thành tâm mong cô gặp được em. Chúc cô mạnh khoẻ.,0,0,0,0,0,0,neutral,other,train,SEACrowd/ViSoBERT
fresh_visobert_07179,Đọc mã Tôi còn độc thân nhận ngay giấy chứng nhận,0,0,0,0,0,0,neutral,other,train,SEACrowd/ViSoBERT
fresh_visobert_09902,Cô ơi con chưa đc cô điểm danh,0,0,0,0,0,0,neutral,other,train,SEACrowd/ViSoBERT
fresh_visobert_05310,hiệp đinh cụ bảo đừng bh cãi vs bọn con gái rùi,0,0,0,0,0,0,neutral,other,train,SEACrowd/ViSoBERT
fresh_visobert_04760,sống chậm thui bro =)),1,0,0,0,1,0,neutral,other,train,SEACrowd/ViSoBERT
fresh_visobert_02069,hóng clip thử thách 4 ngủ susan abe ae,0,0,0,0,1,0,neutral,other,train,SEACrowd/ViSoBERT
fresh_visobert_06864,Cảm xúc thật quá mit ơi,0,0,0,0,0,0,positive,sadness,train,SEACrowd/ViSoBERT
fresh_visobert_07391,Cơ mà có vẻ sỉ nhục con cá vàng quá ad :3,1,1,1,0,0,1,neutral,disgust,train,SEACrowd/ViSoBERT
fresh_visobert_08275,"Tiệm nhà BB - Quần áo, phụ kiện cho bé yêu ok chị. e qua cửa hàng xem rồi mua mấy thứ luôn",0,0,0,0,1,0,positive,enjoyment,train,SEACrowd/ViSoBERT
fresh_visobert_08924,Minh Vũ tham khao coi Chứng di an pho bi dinh ne,0,0,0,0,0,0,neutral,other,train,SEACrowd/ViSoBERT
fresh_visobert_06924,Yêu chi Park Shin Hye nhât a,0,0,0,0,0,0,positive,enjoyment,train,SEACrowd/ViSoBERT
fresh_visobert_10711,Mai Mít s que c chị dep quá hen,0,0,0,0,0,0,neutral,other,train,SEACrowd/ViSoBERT
fresh_visobert_05519,lee pahm mày,0,0,0,0,0,0,negative,enjoyment,train,SEACrowd/ViSoBERT
fresh_visobert_07893,Má nghiệp ghê,0,0,0,0,0,0,negative,disgust,train,SEACrowd/ViSoBERT
fresh_visobert_00895,đc vãi ưiiiiiiiii =)))))))))),1,1,0,1,0,1,neutral,disgust,train,SEACrowd/ViSoBERT
fresh_visobert_02910,duyên suk mấy định cmt nêu ý kiến dám đợt cmt xong cno lũ cắn đàn sợ,0,0,0,0,0,0,negative,fear,train,SEACrowd/ViSoBERT
fresh_visobert_05207,ca 6 trị 5 ca điều trị 8/5 ca nước ngoài,0,0,0,0,0,0,neutral,other,train,SEACrowd/ViSoBERT
fresh_visobert_10107,rong biển.dồn đơn,0,0,0,0,0,0,positive,sadness,train,SEACrowd/ViSoBERT
fresh_visobert_04257,trời đất chiếm tiền nhà nước thề bị cáo cặc tiền nhân dân nhà nước đách tiền nhà nước giỏi phá tiền,0,0,0,0,0,0,neutral,other,train,SEACrowd/ViSoBERT
fresh_visobert_03475,thịt chó mấy bố,0,0,0,0,0,0,negative,sadness,train,SEACrowd/ViSoBERT
fresh_visobert_09707,Ngô Thư gắn kết tình chị em bằng một chiếc ip X nàooo,0,0,0,0,0,0,neutral,other,train,SEACrowd/ViSoBERT
fresh_visobert_09075,lâu quá rồi không nghe,0,0,0,0,0,0,neutral,other,train,SEACrowd/ViSoBERT
fresh_visobert_09817,Hoai Anh nghe nhớ lại cái tgian du lịch đó ghê,0,0,0,0,0,0,negative,disgust,train,SEACrowd/ViSoBERT
fresh_visobert_06768,chiều mất cái quần tập gym =(,0,0,0,0,0,0,neutral,other,train,SEACrowd/ViSoBERT
fresh_visobert_11738,Tr ơi bíc ngay sẽ có cí nàyyy,0,0,0,0,0,0,neutral,other,train,SEACrowd/ViSoBERT
fresh_visobert_10547,Mỗi tội đ có ny:)),1,0,0,0,0,0,neutral,other,train,SEACrowd/ViSoBERT
fresh_visobert_09426,Like thêm cái beatvn em ạ. Có họ vs nhau đấy :)),1,0,0,0,1,0,neutral,other,train,SEACrowd/ViSoBERT
fresh_visobert_03994,dốc bác cổ theo dõi )),0,0,0,0,0,0,positive,enjoyment,train,SEACrowd/ViSoBERT
fresh_visobert_04607,khóa đồng chí bí thư hang seo muôn nghĩ tự nhiên đau bụng,0,0,0,0,0,0,negative,sadness,train,SEACrowd/ViSoBERT
fresh_visobert_09612,Chúc mãi mãi hp hp,0,0,0,0,0,0,positive,sadness,train,SEACrowd/ViSoBERT
fresh_visobert_02446,duy văn công nhận hồi hộp vl xong kiểu phí tiếng phim vl,0,0,0,1,0,0,neutral,fear,train,SEACrowd/ViSoBERT
fresh_visobert_00466,cao bằng đẹp trai đấy,0,0,0,0,0,0,positive,enjoyment,train,SEACrowd/ViSoBERT
fresh_visobert_04981,dong di troi danh khanh dam xe dung be cặc dau no banh xac do thu khau nghiep,0,0,0,0,1,0,neutral,other,train,SEACrowd/ViSoBERT
fresh_visobert_08683,Sơn Nguyễn Hoàng hồi đó ngáo mua cuốn từ phải qua cuốn số giá chát full bộ chắc còn chát dữ nữa giờ thấy tiền hphí còn chát hơn haha,1,0,0,0,1,0,neutral,enjoyment,train,SEACrowd/ViSoBERT
fresh_visobert_09041,Nữa năm qua mình cũng dư được mấy được một cục nợ to đùng 😂,0,0,0,0,0,0,positive,enjoyment,train,SEACrowd/ViSoBERT
fresh_visobert_05300,dám trc mặt,0,0,0,0,0,0,negative,sadness,train,SEACrowd/ViSoBERT
fresh_visobert_06245,Nguyễn Duy :)) có bả đi là như cái gánh xiếc,1,0,0,1,0,0,neutral,other,train,SEACrowd/ViSoBERT
fresh_visobert_11908,Chả hiểu sao nhưng chê trend này ngay từ đầu khi nó viral rồi:)),1,1,1,0,1,1,neutral,disgust,train,SEACrowd/ViSoBERT
fresh_visobert_08013,biết zồi khổ lắm nói mãi hichic :(((,0,0,0,0,0,0,neutral,other,train,SEACrowd/ViSoBERT
fresh_visobert_02686,đùa tỉ dư tiền ăn chơi,0,0,0,0,0,0,neutral,other,train,SEACrowd/ViSoBERT
fresh_visobert_06538,Jenny HiềnMạnh CườngHiền Bống,0,0,0,0,0,0,neutral,enjoyment,train,SEACrowd/ViSoBERT
fresh_visobert_07099,Phim dở 🤪 hơn CCEE nha,0,0,0,0,0,0,negative,sadness,train,SEACrowd/ViSoBERT
fresh_visobert_09630,Cuộc đời dài bao lâu mà cứ dành những điều ngọt ngào nhất cho giây phút sau cùng.,1,0,1,0,0,0,neutral,surprise,train,SEACrowd/ViSoBERT
fresh_visobert_11514,thề luôn con ngáo nó thích trêu mấy đứa sợ sợ như này =)),1,1,0,1,0,1,neutral,fear,train,SEACrowd/ViSoBERT
fresh_visobert_02709,mua đồ gia dụng linh tinh tùy tiện,0,0,0,0,0,0,neutral,other,train,SEACrowd/ViSoBERT
fresh_visobert_03042,bao phòng giá hơi chua,0,0,0,0,0,0,positive,sadness,train,SEACrowd/ViSoBERT
fresh_visobert_05122,phát hành iphone thành viên tộc mixi )),0,0,0,0,0,0,neutral,other,train,SEACrowd/ViSoBERT
fresh_visobert_10250,Máy chạy cũng ok mỗi tội bắt sóng điện thoại với wifi là tệ. Vậy không thể cho 5☆ được,0,1,0,0,1,0,negative,disgust,train,SEACrowd/ViSoBERT
fresh_visobert_07413,Gấu cứu Bạch Phong đi,0,0,0,0,0,0,positive,sadness,train,SEACrowd/ViSoBERT
fresh_visobert_07760,Nếu e là người bán bánh tráng trộn thì cj đỡ xấu hổ cj nhỉ😅,0,0,0,0,0,0,negative,sadness,train,SEACrowd/ViSoBERT
fresh_visobert_02816,hành hạ thầy vật đánh sela oiii,0,0,0,0,0,0,neutral,other,train,SEACrowd/ViSoBERT
fresh_visobert_08856,Chúc mừng sếp Phí Anh Tuấn nhé. Sếp gáy to đấy,0,0,0,0,0,0,positive,enjoyment,train,SEACrowd/ViSoBERT
fresh_visobert_02189,đấy =)) đẹp trai hàn quắc =)),1,0,0,0,0,0,positive,enjoyment,train,SEACrowd/ViSoBERT
fresh_visobert_05678,tùng sói học sinh bồ =)),1,0,0,0,0,0,neutral,other,train,SEACrowd/ViSoBERT
fresh_visobert_10977,"Thứ : Nỗi lo thất nghiệp ám ảnh từ khi mình không đỗ được vào trường đại học tốt, nhất là bản thân lại chỉ bình thường không nổi trội.",0,0,0,0,0,0,neutral,fear,train,SEACrowd/ViSoBERT
fresh_visobert_08000,Mởi đầu năm đã váng hết đầu 😞,0,0,0,0,0,0,negative,sadness,train,SEACrowd/ViSoBERT
fresh_visobert_07530,Em vừa ăn xonggg,0,0,0,0,0,0,neutral,sadness,train,SEACrowd/ViSoBERT
fresh_visobert_08064,"Bút đẹp nha mn , giao hàng nhanh , màu lên cx rất đẹp nha hihi sẽ ủng hộ thêm",0,0,0,0,0,0,positive,enjoyment,train,SEACrowd/ViSoBERT
fresh_visobert_11953,"Tưởng gì hoá ra là ông Tư vựa cát đá xi măng, mới hôm trước còn ngồi nhậu chung, đó là ông Tư gần nhà em, còn ông này em không biết.",1,0,1,0,0,1,neutral,disgust,train,SEACrowd/ViSoBERT
fresh_visobert_09073,"Còn ý kiến của t về thread thì t từng đọc một câu chuyện thế này (có thật nhé): Ngoài , đi tù năm mới được tha tù, trở về nhà thì căn nhà chỉ còn cái xác nhà và phủ bụi và bố mẹ thì đều đã mất trong khi đang ở tù. Đau đớn hơn là lúc trẻ vì quậy phá nghịch ngợm nên mới phải vào tù, bố mẹ già mất (không biết có phải vì buồn vì có thằng con trai duy nhất hư hỏng đến mức vào tù hay không), gia đình họ hàng tất cả đều quay lưng vì quá khứ hư hỏng, không vợ không con, không có tài sản, không có cả cha mẹ ở bên và nỗi dằn vặt hàng ngày vì mình mà bố mẹ buồn lòng đến ra đi. Đoạn cuối người đó kể lại là đến quỳ trước mộ cha mẹ xin lỗi nhưng tất cả đều không làm lại được nữa rồi.",0,1,1,0,0,1,negative,sadness,train,SEACrowd/ViSoBERT
fresh_visobert_09837,Thấy chi hôn vây e oi,0,0,0,0,0,0,neutral,other,train,SEACrowd/ViSoBERT
fresh_visobert_04787,đẹp anh chị =))),1,1,0,0,0,1,positive,enjoyment,train,SEACrowd/ViSoBERT
fresh_visobert_08854,Nhi Thị Tuyết Tống,0,0,0,0,0,0,neutral,enjoyment,train,SEACrowd/ViSoBERT
fresh_visobert_07781,Vươn hông ngay xưa đa ua tan,0,0,0,0,0,0,neutral,other,train,SEACrowd/ViSoBERT
fresh_visobert_01379,phát biểu to hen to lộ dở lắm,0,0,0,0,0,0,negative,sadness,train,SEACrowd/ViSoBERT
fresh_visobert_08409,Chị snvv nhớ🎂 🎊 🎊,0,0,0,0,0,0,positive,sadness,train,SEACrowd/ViSoBERT
fresh_visobert_06603,Vì em mập quá nên bất lực:)),1,0,0,0,0,0,neutral,other,train,SEACrowd/ViSoBERT
fresh_visobert_06986,Nhung'ss Em'ss mai qua mua kkk,0,0,0,0,0,0,neutral,enjoyment,train,SEACrowd/ViSoBERT
fresh_visobert_09084,Đào Tú Anh shopping phải đỉnh,1,0,0,1,0,0,positive,enjoyment,train,SEACrowd/ViSoBERT
fresh_visobert_06225,nhưng mà đi show thì a có fan hát cho lun r :))),1,1,1,0,1,1,neutral,disgust,train,SEACrowd/ViSoBERT
fresh_visobert_00775,máu dồn não,0,0,0,0,0,0,negative,sadness,train,SEACrowd/ViSoBERT
fresh_visobert_06700,Rep như hàng au,0,0,0,0,0,0,neutral,other,train,SEACrowd/ViSoBERT
fresh_visobert_05783,đồng hương,0,0,0,0,0,0,negative,sadness,train,SEACrowd/ViSoBERT
fresh_visobert_05774,gà vàng làng gáy to,1,0,0,0,0,1,neutral,disgust,train,SEACrowd/ViSoBERT
fresh_visobert_10971,làm như chỉ có chúng mày biết yêu nhau ý .,1,1,0,1,0,1,positive,enjoyment,train,SEACrowd/ViSoBERT
fresh_visobert_01227,chúc vs ah châu sức khỏe nha ❤ ❤ ❤,0,0,0,0,0,0,positive,enjoyment,train,SEACrowd/ViSoBERT
fresh_visobert_05931,Amin inallah Amin inallah Amin inallah Amin inallah Amin inallah Amin inallah Amin inallah Amin inallah Amin inallah Amin 💯,0,0,0,0,0,0,neutral,other,train,SEACrowd/ViSoBERT
fresh_visobert_07987,Giao hàng nhưng địa chỉ ở Thái Bình Dương:')))),1,0,1,0,0,0,neutral,surprise,train,SEACrowd/ViSoBERT
fresh_visobert_09802,Đây là con cá rồng aem ạ.,0,0,0,0,0,0,neutral,other,train,SEACrowd/ViSoBERT
fresh_visobert_02206,nguyễn tài cặc koi ccc bn,0,0,0,0,0,0,neutral,other,train,SEACrowd/ViSoBERT
fresh_visobert_05880,Có ông nào big fan của Phantôm không =))),1,1,0,0,1,1,neutral,disgust,train,SEACrowd/ViSoBERT
fresh_visobert_10409,Được tặng kẹp tóc xinh lắm nha,0,0,0,0,0,0,neutral,other,train,SEACrowd/ViSoBERT
fresh_visobert_00951,may mà hs nghỉ học hs gia đình lây toang,1,0,1,1,0,0,negative,sadness,train,SEACrowd/ViSoBERT
fresh_visobert_07480,The X Factor e Revenge sem dúvidas,0,0,0,0,1,0,neutral,other,train,SEACrowd/ViSoBERT
fresh_visobert_05934,Lê Phương Anh thiếu tên N,0,0,0,0,0,0,neutral,other,train,SEACrowd/ViSoBERT
fresh_visobert_03316,youtube seach dương trung quốc chất vấn nguyễn tấn dũng,1,0,0,0,1,0,positive,enjoyment,train,SEACrowd/ViSoBERT
fresh_visobert_06560,Duy Ngã Độc Tôn Thanh NguyenNhu MịPhát Tô,0,0,0,0,0,0,neutral,other,train,SEACrowd/ViSoBERT
fresh_visobert_03626,dường như mxh fan tung hô hơi phũ fan,0,0,0,1,1,0,neutral,other,train,SEACrowd/ViSoBERT
fresh_visobert_00606,ng pháp huhu buồn coi buồn 😭 😭,0,0,0,0,0,0,negative,sadness,train,SEACrowd/ViSoBERT
fresh_visobert_06419,"son dùng được ok, không hài lòng chút vì sản xuất từ 2018",0,1,0,0,1,0,positive,enjoyment,train,SEACrowd/ViSoBERT
fresh_visobert_04108,from mixi with love ❤,0,0,0,0,1,0,positive,enjoyment,train,SEACrowd/ViSoBERT
fresh_visobert_03577,huong nguyen )),0,0,0,0,0,0,neutral,other,train,SEACrowd/ViSoBERT
fresh_visobert_05302,tham nhũng bắn,0,0,0,0,0,0,neutral,other,train,SEACrowd/ViSoBERT
fresh_visobert_01068,ghép chó nha ae,0,0,0,0,0,0,negative,sadness,train,SEACrowd/ViSoBERT
fresh_visobert_03754,tr oi dk hk cặc kon di dag kiem khack,0,0,0,0,0,0,neutral,other,train,SEACrowd/ViSoBERT
fresh_visobert_07290,Chỉ trong cmt,0,0,0,0,0,0,negative,sadness,train,SEACrowd/ViSoBERT
fresh_visobert_01065,tran hoang phuong,0,0,0,0,0,0,negative,sadness,train,SEACrowd/ViSoBERT
fresh_visobert_08232,Mẹ Thanh Thảnh là mẹ nào vậy a? Kaka Mà Mẹ Cả Việt Hương k có mặt rồi.,1,0,1,0,0,0,neutral,surprise,train,SEACrowd/ViSoBERT
fresh_visobert_09757,Hả con mắt m chứ hả 😡,1,1,0,0,0,0,negative,anger,train,SEACrowd/ViSoBERT
fresh_visobert_02727,người ta vô duyên,0,0,0,0,0,0,negative,sadness,train,SEACrowd/ViSoBERT
fresh_visobert_06816,Thấy mà sốc thật😢 Đi đâu cũng thấy nhả khói . Ham hố gì không biết nữa,1,0,1,0,0,0,negative,sadness,train,SEACrowd/ViSoBERT
fresh_visobert_07538,"Ở chung cư ko.muốn quay về nhà ống nữa, biệt thự thì ko tính, cc chọn mua thì cũng cân nhắc, cc phải cao, phòng khách rộng, vuông, phòng ngủ bé tí cũng ko sao, cc sinh hoạt chung lên phòng khách rộng rát thông thoáng cho sinh hoạt chung và đức biệt bếp mở cho ko gian sang trong ấm cúng, ai mua cc cứ view ra ngoài mà mua, ko nghe sale tán mua view nội khu, mình tứng ỏ nhà đất và hai cái cc rồi",1,0,1,0,1,0,neutral,surprise,train,SEACrowd/ViSoBERT
fresh_visobert_03633,long duy đào tội,0,0,0,0,0,0,negative,fear,train,SEACrowd/ViSoBERT
fresh_visobert_03283,thầy đồ đệ dân chúng dọn ta giật thót tộ sư,0,0,0,0,0,0,neutral,other,train,SEACrowd/ViSoBERT
fresh_visobert_03618,bất biến )),0,0,0,0,0,0,negative,sadness,train,SEACrowd/ViSoBERT
fresh_visobert_03176,nguyễn thuận clone cặc sủa cc,0,0,0,0,0,0,neutral,other,train,SEACrowd/ViSoBERT
fresh_visobert_07452,"Hóng ai covert lại 🥲🥲🥲 lời hay, nhạc cũng hay",0,0,0,0,0,0,positive,enjoyment,train,SEACrowd/ViSoBERT
fresh_visobert_00380,triệu hồi cặc phúc nghẹo trọng lú,0,0,0,0,0,0,neutral,other,train,SEACrowd/ViSoBERT
fresh_visobert_11814,cô này sao trước kia ko ở VN làm youtuber thánh chửi là dc mn yêu mến rồi 😜,0,0,0,0,0,0,positive,enjoyment,train,SEACrowd/ViSoBERT
fresh_visobert_06300,Ngọc Duyên Đinh Trọng Kiều Loan mong là trường sẽ quay xe,1,0,0,1,0,0,neutral,other,train,SEACrowd/ViSoBERT
fresh_visobert_04609,nứng gkê má ak abe,0,0,0,0,0,0,neutral,other,train,SEACrowd/ViSoBERT
fresh_visobert_03923,ông già bay =)),1,1,0,0,0,1,neutral,disgust,train,SEACrowd/ViSoBERT
fresh_visobert_09941,NT Mvann đi xe kiểu j á chỉ em với cj,0,0,0,0,0,0,positive,sadness,train,SEACrowd/ViSoBERT
fresh_visobert_11208,"Nguyên nhân chỉnh sửa chữ bố láo gây nhầm lần hiểu nhầm,số thứ tự gây xáo trộn mất thời gian vào những việc vô ích, còn gọi ruồi bu,suy ra độc tài là những kẻ ăn cắp thời gian láo nếu nhất gốc vẫn là cái búa liềm ám dân tộc ,triệu hồi hitler sống dậy...😅",0,0,0,0,0,0,neutral,anger,train,SEACrowd/ViSoBERT
fresh_visobert_06078,mình anh nghe tim buốt lên.,0,0,0,0,0,0,neutral,other,train,SEACrowd/ViSoBERT
fresh_visobert_06733,Coi như là đi theo nơi phồn hoa rồi còn j,0,0,0,0,0,0,neutral,other,train,SEACrowd/ViSoBERT
fresh_visobert_01881,đôi mắt sáng ngời cao bằng,0,0,0,0,0,0,neutral,other,train,SEACrowd/ViSoBERT
fresh_visobert_07738,Cam ơn Ad va Ca nha❤,0,0,0,0,0,0,positive,enjoyment,train,SEACrowd/ViSoBERT
fresh_visobert_09844,"Gia đình mình cũng vậy ,tuy không giàu có về vật chất nhưng mấy chị em luôn yêu thương nhau .Qua nghe mẹ kể cậu út học lớp 9 tâm sự với mẹ rằng năm nay tiền lixi con chia bố mẹ phần ,còn lại con để dành cho cháu Kem và Mýt ,nghe thương gì đâu ❤❤",1,1,1,0,0,1,positive,sadness,train,SEACrowd/ViSoBERT
fresh_visobert_01137,đẹp trai tài năng tư duy đỉnh đỉnh thầy dell nha thầy tỉnh,1,0,0,1,0,0,positive,enjoyment,train,SEACrowd/ViSoBERT
fresh_visobert_11163,Sam bị siđa ra giải đoạn hậu môn hè,0,0,0,0,0,0,positive,sadness,train,SEACrowd/ViSoBERT
fresh_visobert_04309,oke ưiiiiiii,0,0,0,0,0,0,positive,enjoyment,train,SEACrowd/ViSoBERT
fresh_visobert_01815,thầy giáo ngu cặc ba rọi béo )))),1,0,0,0,0,1,negative,disgust,train,SEACrowd/ViSoBERT
fresh_visobert_06284,Tâm Phạm thì thấy tâm mình khổ thôi😁,0,0,0,0,0,0,positive,enjoyment,train,SEACrowd/ViSoBERT
fresh_visobert_01308,trantuan khoi tran chụp hông rủ chụp,0,0,0,0,0,0,neutral,other,train,SEACrowd/ViSoBERT
fresh_visobert_10218,Đôi bạn thân dễ thương quá thôi. 😍❤❤,0,0,0,0,0,0,positive,enjoyment,train,SEACrowd/ViSoBERT
fresh_visobert_01147,đéo đéo bh đợi đợi kèo ngon thơm thoi ngu đợi qt lo lắng dại đéo má lỡ toi gọi tiếc đéo món đấy dai nhai tốn lắm vứt kiếm món lành ))))),1,0,0,0,0,1,negative,fear,train,SEACrowd/ViSoBERT
fresh_visobert_04134,nguyễn thu hườngphan xuân hưngthành nguyễnhoàng văn quyềnđào thị thu lịch cầu giấy họp hơi,0,0,0,0,0,0,neutral,other,train,SEACrowd/ViSoBERT
fresh_visobert_04638,mái tóc trang thương,0,0,0,0,0,0,neutral,sadness,train,SEACrowd/ViSoBERT
fresh_visobert_05866,Tử hình còn j nữa,0,0,0,0,0,0,neutral,enjoyment,train,SEACrowd/ViSoBERT
fresh_visobert_11636,Chuc tram nam chia tay,0,0,0,0,1,0,positive,enjoyment,train,SEACrowd/ViSoBERT
fresh_visobert_00529,tiên tri liệu đại dịch covid 9 lũ cccđ hải ngoại miễn dịch cặc nhiễm dịch lũ sỏ lá đổ lỗi cộng sản chủ quan chính quyền mỹ,0,0,0,0,0,0,negative,sadness,train,SEACrowd/ViSoBERT
fresh_visobert_08331,Thì ra chủ nhân của những lời đàm tiếu qua loa linh tinh mấy nay tui nghe tới ám ảnh là đây,0,0,0,0,1,0,negative,fear,train,SEACrowd/ViSoBERT
fresh_visobert_10895,Cồn Đen Thái Bình. Mỗi tội đợt chụp máy hơi cùi. Nắng nhể.,1,0,0,0,0,1,negative,disgust,train,SEACrowd/ViSoBERT
fresh_visobert_08208,"Su Su dạ xanh+trắng thì 5k,xám thì k/ hộp c",0,0,0,0,1,0,neutral,other,train,SEACrowd/ViSoBERT
fresh_visobert_06190,Chào em đi chị Giang ☺,0,0,0,0,0,0,neutral,other,train,SEACrowd/ViSoBERT
fresh_visobert_05317,thương lắm ai lớp du chu cờ mo,0,0,0,0,0,0,neutral,sadness,train,SEACrowd/ViSoBERT
fresh_visobert_10266,2 từ thôi tuyệt vời,0,0,0,0,0,0,positive,enjoyment,train,SEACrowd/ViSoBERT
fresh_visobert_04432,trần ngọc huy đừng nựa t tin tùy,0,0,0,0,0,0,neutral,other,train,SEACrowd/ViSoBERT
fresh_visobert_06098,"Vo dich e thic tui dcs, l",0,0,0,0,0,0,neutral,other,train,SEACrowd/ViSoBERT
fresh_visobert_05044,xong kicm producer jack hợp )),0,0,0,0,0,0,neutral,other,train,SEACrowd/ViSoBERT
fresh_visobert_08809,android ma nâng câp lên 4. ngôn ram thê ba :,0,0,0,0,0,0,neutral,other,train,SEACrowd/ViSoBERT
fresh_visobert_07481,"Thẻ số , số may mắn: 6 Hoàng Nguyễn Hoang Nguyen Kim",0,0,0,0,0,0,neutral,other,train,SEACrowd/ViSoBERT
fresh_visobert_03839,đường thiên đường cơm sườn má dân phí,0,0,0,0,0,0,neutral,other,train,SEACrowd/ViSoBERT
fresh_visobert_03919,nguyễn jonh lý lý tự do ngôn luận,0,0,0,0,0,0,neutral,other,train,SEACrowd/ViSoBERT
fresh_visobert_06909,A ở trọ kế bên phơi đồ t tưởng cha con ở chung k,0,0,0,0,0,0,neutral,other,train,SEACrowd/ViSoBERT
fresh_visobert_00134,lúp lúp má chó,0,0,0,0,0,0,negative,anger,train,SEACrowd/ViSoBERT
fresh_visobert_04256,hồng thắm book lịch đánh cá nha ))),0,0,0,0,0,0,neutral,other,train,SEACrowd/ViSoBERT
fresh_visobert_04505,mịa bao đời đéo dẹp thăng má mấy dẹp đéo ngu vl,1,0,0,1,0,1,negative,anger,train,SEACrowd/ViSoBERT
fresh_visobert_05361,hạnh phúc ))),0,0,0,0,0,0,positive,enjoyment,train,SEACrowd/ViSoBERT
fresh_visobert_00061,K nghe k thấy chị ơi,0,0,0,0,0,0,neutral,other,train,SEACrowd/ViSoBERT
fresh_visobert_00680,tao tối đc vỗ về bờ môg phê,1,0,0,0,0,0,positive,enjoyment,train,SEACrowd/ViSoBERT
fresh_visobert_04938,cố ý vô má tình sống,0,0,0,0,0,0,neutral,other,train,SEACrowd/ViSoBERT
fresh_visobert_00790,fan tấn trung,0,0,0,0,1,0,neutral,other,train,SEACrowd/ViSoBERT
fresh_visobert_08205,Miếng dán miệng chống ngáy: đúng là cái gì sộp pi cũng có ạ,1,0,1,0,0,0,neutral,surprise,train,SEACrowd/ViSoBERT
fresh_visobert_04851,thầy giáo án 77 nè,0,0,0,0,0,0,positive,other,train,SEACrowd/ViSoBERT
fresh_visobert_06313,chi co dien o buon ma thuot hok,0,0,0,0,0,0,neutral,other,train,SEACrowd/ViSoBERT
fresh_visobert_09863,"Bộ 5 hộp Lock&Lock được giá km 209k. Chất lượng rất ok, đóng gói cận thận, giao hàng sau 1 ngày order.",1,0,0,0,1,0,positive,enjoyment,train,SEACrowd/ViSoBERT
fresh_visobert_04258,thiên thanh laii nghiệp,0,0,0,0,0,0,negative,sadness,train,SEACrowd/ViSoBERT
fresh_visobert_02957,bố bụng phệ ad,0,0,0,0,0,0,negative,anger,train,SEACrowd/ViSoBERT
fresh_visobert_09089,Chúc mừng snvv mạnh khoẻ luôn yêu đời con nhé,0,0,0,0,0,0,positive,enjoyment,train,SEACrowd/ViSoBERT
fresh_visobert_04668,chính trị tuyệt đối nhân cặc dân ta một chút tự do dân chủ,0,0,0,0,0,0,positive,enjoyment,train,SEACrowd/ViSoBERT
fresh_visobert_04396,triêt lya vck,0,0,0,0,0,0,negative,enjoyment,train,SEACrowd/ViSoBERT
fresh_visobert_04146,mong cụ việt nam đôi chân khỏe mạnh cụ hòm triệu khóc,0,0,0,0,0,0,neutral,sadness,train,SEACrowd/ViSoBERT
fresh_visobert_04519,nguyễn đình huy hn cc,0,0,0,0,0,0,neutral,other,train,SEACrowd/ViSoBERT
fresh_visobert_11341,Chị lúc này đồ mai chắc nhiều hả c ?,1,1,0,0,0,0,neutral,surprise,train,SEACrowd/ViSoBERT
fresh_visobert_02220,tất nhiên tất nhiên 😃 😃 😃,0,0,0,0,0,0,neutral,other,train,SEACrowd/ViSoBERT
fresh_visobert_09686,Surface lag lắm bạn :) Ba mình xài mà than nghe mệt luôn á. Xài mac giống mình cho khỏe :))),1,1,1,0,0,1,neutral,disgust,train,SEACrowd/ViSoBERT
fresh_visobert_02853,coi ức chế má vv đm đập,1,0,0,0,0,1,negative,anger,train,SEACrowd/ViSoBERT
fresh_visobert_09499,Mình thật đáng thương huhu :((((,0,0,0,0,0,0,neutral,sadness,train,SEACrowd/ViSoBERT
fresh_visobert_10580,Thầy ơi con để hình Phật Dược Sư trên tủ tựa vào vách cầu thang được k thầy?,0,0,0,0,0,0,neutral,other,train,SEACrowd/ViSoBERT
fresh_visobert_00917,chờ mặc quần,0,0,0,0,0,0,positive,enjoyment,train,SEACrowd/ViSoBERT
fresh_visobert_10053,Nguyen Quynh chị ấy viết hẳn một bài về máy đó.chị đọc xem sao.chứ chị ấy có bán hàng đâu c hỏi vậy,0,0,0,0,0,0,neutral,other,train,SEACrowd/ViSoBERT
fresh_visobert_01551,lẽ ra đầu cặc đéo,0,0,0,0,0,0,negative,anger,train,SEACrowd/ViSoBERT
fresh_visobert_04611,kiều phong mộ dung phục,0,0,0,0,0,0,neutral,other,train,SEACrowd/ViSoBERT
fresh_visobert_08757,Nguyễn Thị Yến Nhi đẹp qá,0,0,0,0,0,0,positive,enjoyment,train,SEACrowd/ViSoBERT
fresh_visobert_03398,nhân nhà giáo việt nam thầy giáo án xịn xò bò,1,0,0,0,0,0,positive,enjoyment,train,SEACrowd/ViSoBERT
fresh_visobert_04870,cx xachlozmachay hơi căng,0,0,0,0,0,0,negative,sadness,train,SEACrowd/ViSoBERT
fresh_visobert_02798,thầy captain,0,0,0,0,0,0,neutral,other,train,SEACrowd/ViSoBERT
fresh_visobert_01081,like suy nghi,0,0,0,0,1,0,neutral,other,train,SEACrowd/ViSoBERT
fresh_visobert_03915,hợp tiến chẳng,0,0,0,0,0,0,positive,sadness,train,SEACrowd/ViSoBERT
fresh_visobert_09760,Sản phẩm sử dụng tốt,0,0,0,0,0,0,positive,enjoyment,train,SEACrowd/ViSoBERT
fresh_visobert_03194,đa số dân coi thường ônh phát,0,0,0,0,0,0,neutral,other,train,SEACrowd/ViSoBERT
fresh_visobert_03388,tùng sói thíchhh ghee nta ảnh ọt vui,0,0,0,0,0,0,positive,enjoyment,train,SEACrowd/ViSoBERT
fresh_visobert_10056,Tú Anh mưa kia có đi ko?,0,0,0,0,0,0,neutral,other,train,SEACrowd/ViSoBERT
fresh_visobert_02036,toang fan bóng đá buồn đc đá bóng haiz,1,0,0,1,1,1,negative,sadness,train,SEACrowd/ViSoBERT
fresh_visobert_09204,Trần Khánh Thơ ở TPHCM cũng có 😅,0,0,0,0,0,0,neutral,other,train,SEACrowd/ViSoBERT
fresh_visobert_11181,Có yếm cúc bấm ko ạ,0,0,0,0,0,0,neutral,other,train,SEACrowd/ViSoBERT
fresh_visobert_00227,hợp sâm clm má ff,1,0,0,0,0,1,neutral,anger,train,SEACrowd/ViSoBERT
fresh_visobert_11621,Pass cho mình đi :(((,0,0,0,0,0,0,neutral,other,train,SEACrowd/ViSoBERT
fresh_visobert_06108,Nhớ bố thật đấy,0,0,0,0,0,0,negative,sadness,train,SEACrowd/ViSoBERT
fresh_visobert_03483,nguyễn văn tường luốn 😸 😸 😸,0,0,0,0,0,0,neutral,other,train,SEACrowd/ViSoBERT
fresh_visobert_06331,Gia đình ấm cúng quá. Chúc a và gd có thật nhiều sức khoẻ . Sau này cũng phải lm đứa nv mới đc,0,0,0,0,0,0,neutral,other,train,SEACrowd/ViSoBERT
fresh_visobert_11972,Sống chết có số ae ơi.,0,0,0,0,0,0,neutral,other,train,SEACrowd/ViSoBERT
fresh_visobert_11622,Này thì tăng cường chống hack này,0,0,0,0,1,0,neutral,other,train,SEACrowd/ViSoBERT
fresh_visobert_11635,Huy Trần Khoa Đăng Tấn Lê vào chơi pbm này,0,0,0,0,0,0,neutral,other,train,SEACrowd/ViSoBERT
fresh_visobert_02249,sống chậm mng )),0,0,0,0,1,0,neutral,sadness,train,SEACrowd/ViSoBERT
fresh_visobert_02021,công an facebook trả lời,0,0,0,0,1,0,neutral,other,train,SEACrowd/ViSoBERT
fresh_visobert_03615,đầu jadon sancho,0,0,0,0,0,0,positive,enjoyment,train,SEACrowd/ViSoBERT
fresh_visobert_07258,Wtf?? Phong trào mới nữa hả😀??,1,0,0,0,0,0,neutral,surprise,train,SEACrowd/ViSoBERT
fresh_visobert_07886,Chị vân ơi c có detox rau củ k ạ?,0,0,0,0,0,0,neutral,other,train,SEACrowd/ViSoBERT
fresh_visobert_08526,K xem cút mẹ mày đi,0,0,0,0,0,0,neutral,other,train,SEACrowd/ViSoBERT
fresh_visobert_11825,Nguyễn Thị Huế ẹp vai,0,0,0,0,0,0,negative,disgust,train,SEACrowd/ViSoBERT
fresh_visobert_01150,nắng qá tụi núp,0,0,0,0,0,0,positive,enjoyment,train,SEACrowd/ViSoBERT
fresh_visobert_10418,Nguyen Thi Dieu Huyen,0,0,0,0,0,0,negative,enjoyment,train,SEACrowd/ViSoBERT
fresh_visobert_09388,"Mình có hỏi trên tổng đài, được cô tư vấn rất tận tình và có tâm. Nồi được bảo hành 2 năm qua hoá đơn mua hàng của Tiki trên mail Tiki gửi, lòng nồi tráng lớp chống dính Teflon.",0,0,0,0,0,0,neutral,other,train,SEACrowd/ViSoBERT
fresh_visobert_11029,Mong tết đến xuân về mọi người mọi nhà đều bình an❤,0,0,0,0,0,0,positive,enjoyment,train,SEACrowd/ViSoBERT
fresh_visobert_02832,tao tao xây =)),1,0,0,0,0,0,neutral,other,train,SEACrowd/ViSoBERT
fresh_visobert_01064,hoàng anh đỗ nè,0,0,0,0,0,0,neutral,other,train,SEACrowd/ViSoBERT
fresh_visobert_07579,Ổnnnnn..............................................,0,0,0,0,0,0,neutral,enjoyment,train,SEACrowd/ViSoBERT
fresh_visobert_03749,love chu cờ mo ))),0,0,0,0,1,0,positive,enjoyment,train,SEACrowd/ViSoBERT
fresh_visobert_07729,gói hàng kõ càng. dịch vụ rất tốt. cửa hàng rất nhiệt tình và dễ thương,0,0,0,0,0,0,positive,enjoyment,train,SEACrowd/ViSoBERT
fresh_visobert_02320,dòng cap thuyết phục,0,0,0,0,0,0,neutral,other,train,SEACrowd/ViSoBERT
fresh_visobert_02077,trung đẹp đấy đéo ngầu tao,0,0,0,0,0,0,neutral,anger,train,SEACrowd/ViSoBERT
fresh_visobert_01868,học trung quốc trồng tham nhũng,0,0,0,0,0,0,neutral,other,train,SEACrowd/ViSoBERT
fresh_visobert_02398,nguyễn trọng hiệp ))),0,0,0,0,0,0,neutral,other,train,SEACrowd/ViSoBERT
fresh_visobert_05323,hoàng yến cánh hoa trọng thượng hồ vân,0,0,0,0,0,0,neutral,other,train,SEACrowd/ViSoBERT
fresh_visobert_01252,cuội hút cỏ gốc đa )),0,0,0,0,0,0,neutral,other,train,SEACrowd/ViSoBERT
fresh_visobert_07658,So với chuyện của bản thân thì t thích đi hóng hớt chuyện tình cảm cute các thứ của mọi người hơn á chứ một mình là bestttttt,0,0,0,0,1,0,positive,enjoyment,train,SEACrowd/ViSoBERT
fresh_visobert_08710,Biết ngay là qản lí page mà,1,0,1,0,1,0,neutral,surprise,train,SEACrowd/ViSoBERT
fresh_visobert_04398,đấy thế là vừa lòng ng kêu ngại nguy hiểm kia toàn lính sai cặc đánh kêu mà mấy bụng bự kia lính lác,1,0,1,0,0,0,neutral,fear,train,SEACrowd/ViSoBERT
fresh_visobert_10484,Điên mặt m lzi có nh đâu,1,0,0,0,0,1,neutral,disgust,train,SEACrowd/ViSoBERT
fresh_visobert_02327,mốt ạc treo shop )))))))),0,0,0,0,1,0,neutral,other,train,SEACrowd/ViSoBERT
fresh_visobert_11256,Bin Nhím dao này béo quá em ah,0,0,0,0,0,0,neutral,other,train,SEACrowd/ViSoBERT
fresh_visobert_06040,Quả tráp này khó nuốt quá 😅,0,0,0,0,0,0,neutral,other,train,SEACrowd/ViSoBERT
fresh_visobert_08980,trốn kĩ vô anh ơiii =))))),1,1,0,0,0,1,neutral,disgust,train,SEACrowd/ViSoBERT
fresh_visobert_01300,đánh hộ thầy,0,0,0,0,0,0,positive,other,train,SEACrowd/ViSoBERT
fresh_visobert_01826,chứ mấy bụng cặc bầu rước giặc diệt chủng đồng bào,0,0,0,0,0,0,neutral,other,train,SEACrowd/ViSoBERT
fresh_visobert_02908,mày trốn học thầy tao cặc khịa 😁 😁 😁,0,0,0,0,0,0,positive,enjoyment,train,SEACrowd/ViSoBERT
fresh_visobert_05103,cuời nguoi hom nay mai nguoi cuời lai,0,0,0,0,0,0,neutral,other,train,SEACrowd/ViSoBERT
fresh_visobert_03104,mộc an dáng cánh hoa nè,0,0,0,0,0,0,positive,other,train,SEACrowd/ViSoBERT
fresh_visobert_09076,Pjnk Dalia :)) năm sau lại tiếp ý chứ :)),1,0,0,0,0,0,neutral,other,train,SEACrowd/ViSoBERT
fresh_visobert_07331,Có góp trong miền nam kg,0,0,0,0,0,0,neutral,other,train,SEACrowd/ViSoBERT
fresh_visobert_08340,E lên kc r,0,0,0,0,0,0,neutral,other,train,SEACrowd/ViSoBERT
fresh_visobert_02217,văng đc má google văng gỗ,0,0,0,0,0,0,neutral,other,train,SEACrowd/ViSoBERT
fresh_visobert_02752,chán tả đc )),0,0,0,0,0,0,negative,sadness,train,SEACrowd/ViSoBERT
fresh_visobert_09523,"Mây thôi bay, gió ngừng thổi bởi cái nhìn của em kìa.",1,0,0,0,0,1,neutral,disgust,train,SEACrowd/ViSoBERT
fresh_visobert_06854,Ăn hoài ko thấy lớn nè,0,0,0,0,0,0,neutral,other,train,SEACrowd/ViSoBERT
fresh_visobert_06486,ko muốn b bị hành hạ bởi con nghiện lên đưa b vào viện. tiếc là b ko qua khỏi,0,0,0,0,0,0,negative,sadness,train,SEACrowd/ViSoBERT
fresh_visobert_06519,Nghiền 8 viên kẹo ra chia đều cho 9 cháu hít 🤡,0,0,0,0,0,0,neutral,other,train,SEACrowd/ViSoBERT
fresh_visobert_07151,7 quả bí ngô nhé #thosanrinhquademhalloween,0,0,0,0,0,0,neutral,other,train,SEACrowd/ViSoBERT
fresh_visobert_03886,game sát nhân đối thủ ló mặt giết,0,0,0,0,1,0,neutral,other,train,SEACrowd/ViSoBERT
fresh_visobert_09681,Taka An hụt hẫng :))),1,0,0,0,0,0,neutral,sadness,train,SEACrowd/ViSoBERT
fresh_visobert_11047,Với quả vlog xịn xò thì cũng xứng thôi a,0,0,0,0,0,0,positive,enjoyment,train,SEACrowd/ViSoBERT
fresh_visobert_09755,"Dạ em cảm ơn thầy,du em thầy cùng mọi người cách xa vạn dặm, nhưng em vẫn cảm thấy rất gần , thầy ạ em cảm ơn thầy chúc thầy sức khỏe",1,1,1,0,0,0,neutral,surprise,train,SEACrowd/ViSoBERT
fresh_visobert_02037,luật pháp vn nghiêm luật nghiêm phạt động kinh tế bố hốt hàn nồng độ cồn lái xe thu phạt tr won giám,0,0,0,0,0,0,negative,disgust,train,SEACrowd/ViSoBERT
fresh_visobert_06769,chiec dc ko em,0,0,0,0,0,0,neutral,other,train,SEACrowd/ViSoBERT
fresh_visobert_05193,phạm thanh tức là lây nhung hả b nghĩ kĩ,1,0,0,0,0,0,negative,anger,train,SEACrowd/ViSoBERT
fresh_visobert_03269,coi bít hùng tư nha truyền thuyết kkkkkk,0,0,0,0,0,0,neutral,other,train,SEACrowd/ViSoBERT
fresh_visobert_09904,Khách chén rùi em oI,0,0,0,0,0,0,neutral,other,train,SEACrowd/ViSoBERT
fresh_visobert_03534,câu chứng tỏ trần dần sáng suốt yêu,0,0,0,0,0,0,positive,enjoyment,train,SEACrowd/ViSoBERT
fresh_visobert_08415,Tran Huu Anh di Grab cai di roi qa lai cnd,0,0,0,0,0,0,neutral,other,train,SEACrowd/ViSoBERT
fresh_visobert_08648,nhìn rợn vãi,1,0,0,1,0,0,negative,surprise,train,SEACrowd/ViSoBERT
fresh_visobert_11569,Sản phẩm đúng như miêu tả,0,0,0,0,0,0,neutral,other,train,SEACrowd/ViSoBERT
fresh_visobert_09561,Còn thương em thì không để em khóc,0,0,0,0,0,0,negative,sadness,train,SEACrowd/ViSoBERT
fresh_visobert_07175,vcn thua cả con nít ạ,0,0,0,0,0,0,neutral,other,train,SEACrowd/ViSoBERT
fresh_visobert_10763,Hoài An Trịnh mật vụ đây sao 🤣🤣🤣🤣,0,0,0,0,0,0,neutral,enjoyment,train,SEACrowd/ViSoBERT
fresh_visobert_01088,người ta sai,0,0,0,0,0,0,negative,sadness,train,SEACrowd/ViSoBERT
fresh_visobert_08255,Giải thưởng hay ho cho anh em Tết ngày cày game hái lộc nhé,0,0,0,0,1,0,positive,enjoyment,train,SEACrowd/ViSoBERT
fresh_visobert_09768,Huhu hi vong co ten minh,0,0,0,0,0,0,neutral,other,train,SEACrowd/ViSoBERT
fresh_visobert_06511,Bài này vocal phải to thêm tý. Lời cũng ok mà hát nghe bé quá!,1,1,1,0,1,0,positive,surprise,train,SEACrowd/ViSoBERT
fresh_visobert_02666,xuân quyết đấy phát dịch kbt,0,0,0,0,0,0,neutral,other,train,SEACrowd/ViSoBERT
fresh_visobert_03091,bt chuyễn giới lun mứ bt cy giới mìh tuoi 😂 😂,0,0,0,0,0,0,positive,enjoyment,train,SEACrowd/ViSoBERT
fresh_visobert_07791,Cr của m đang nt vs con khác =))) sợ chưa sợ chưa 😂😂😂,1,1,0,0,0,1,neutral,fear,train,SEACrowd/ViSoBERT
fresh_visobert_09621,Tí làm trận liên minh đi anh,0,0,0,0,0,0,negative,sadness,train,SEACrowd/ViSoBERT
fresh_visobert_09300,"Chúa said Kao khum bảo nó làm thế,nó bị điêng ấy 🤒🤒🤒",0,0,0,0,0,0,neutral,other,train,SEACrowd/ViSoBERT
fresh_visobert_10601,Dc so 5 kkk,0,0,0,0,0,0,neutral,enjoyment,train,SEACrowd/ViSoBERT
fresh_visobert_11926,Vẫn khiêm tốn dùng thuốc lá Thăng Long :)).,0,0,0,0,0,0,neutral,other,train,SEACrowd/ViSoBERT
fresh_visobert_07437,Dạ a ơiii máy em mua cách đây khoảng 2 tuần từ khi cập nhận bản mới sau nó hay bị đứng máy tầm 10mấy gì có khi lên đến 4-5 phút nó có cho thao tác gì cả và nó tự khỏi động lại có cách khác phục k à,0,0,0,0,0,0,positive,enjoyment,train,SEACrowd/ViSoBERT
fresh_visobert_08338,Nhưng nói đc lại đéo làm đc,1,0,1,0,0,0,negative,anger,train,SEACrowd/ViSoBERT
fresh_visobert_01272,lân thay thế trấn thành trường giang giám khảo thách thức danh hài cửa đồng xu ))))))),0,0,0,0,0,0,neutral,enjoyment,train,SEACrowd/ViSoBERT
fresh_visobert_08994,Hết Thương Cạn Nhớ 45k e,0,0,0,0,0,0,neutral,sadness,train,SEACrowd/ViSoBERT
fresh_visobert_02794,áo hợp tác lắm,0,0,0,0,0,0,positive,sadness,train,SEACrowd/ViSoBERT
fresh_visobert_05384,kinh nghiệm học lớp sela 😁 😁 😁,0,0,0,0,0,0,neutral,disgust,train,SEACrowd/ViSoBERT
fresh_visobert_11582,Hãy chôn sống em bằng đường của Ngọt đi ạ,0,0,0,0,0,0,neutral,other,train,SEACrowd/ViSoBERT
fresh_visobert_01985,hiếu dễ thương,0,0,0,0,0,0,positive,enjoyment,train,SEACrowd/ViSoBERT
fresh_visobert_00120,Giá này mà ở Việt Nam Thì ko có xe để bán,1,0,1,0,0,0,neutral,surprise,train,SEACrowd/ViSoBERT
fresh_visobert_00032,"Đương nhiên k phai Đông Phương ca rôi 😂😂😂 khi phach như ông phai thân hoa phuc, cô ao đê phanh, cươi dâm ta 😂😂😂😂😂😂",1,1,0,1,0,1,positive,enjoyment,train,SEACrowd/ViSoBERT
fresh_visobert_08564,"Thật tiếc, Putin méo có đệ nào tầm cỡ Musk để gỡ lố. chơi hay không chơi đây.",1,0,0,0,0,1,positive,enjoyment,train,SEACrowd/ViSoBERT
fresh_visobert_07819,Xin luôn ít dầu,0,0,0,0,0,0,negative,sadness,train,SEACrowd/ViSoBERT
fresh_visobert_01556,đẹp trai sở hữu bộ não cực kỳ thông minh nhạy bén công việc đó ba tú gà,1,0,0,1,0,1,positive,enjoyment,train,SEACrowd/ViSoBERT
fresh_visobert_05495,abe ghê ồi,0,0,0,0,0,0,negative,disgust,train,SEACrowd/ViSoBERT
fresh_visobert_06121,Giỏi khịa thôi. Ahjhj,0,0,0,0,0,0,positive,enjoyment,train,SEACrowd/ViSoBERT
fresh_visobert_02022,đỗ đức an tui đốt abe xíu,0,0,0,0,0,0,neutral,other,train,SEACrowd/ViSoBERT
fresh_visobert_06290,Hôm sau bật stream của mình và xem lại belike:,0,0,0,0,1,0,neutral,other,train,SEACrowd/ViSoBERT
fresh_visobert_07582,"r bảo trân sẽ được giống v, k cần gấp gáp để tên trước nhe :",0,0,0,0,0,0,neutral,other,train,SEACrowd/ViSoBERT
fresh_visobert_05046,lương edit abe )))),0,0,0,0,1,0,neutral,other,train,SEACrowd/ViSoBERT
fresh_visobert_09547,Khuất Linh đến chỗ nhà mình chưa cậu ơi,0,0,0,0,0,0,neutral,other,train,SEACrowd/ViSoBERT
fresh_visobert_02376,đc phát triển tắm sông du lịch,0,0,0,0,0,0,neutral,other,train,SEACrowd/ViSoBERT
fresh_visobert_05100,đình quang dã man,0,0,0,0,0,0,negative,sadness,train,SEACrowd/ViSoBERT
fresh_visobert_09729,Phạm Thu Trang đặt nhanh ko hết sale đấy,0,0,0,0,1,0,neutral,other,train,SEACrowd/ViSoBERT
fresh_visobert_11769,"746,Ánh Tuyết 5kg mặc size nào vừa 987848",0,0,0,0,1,0,neutral,other,train,SEACrowd/ViSoBERT
fresh_visobert_04347,levi call chi suất sắc =)),1,0,0,0,0,0,neutral,other,train,SEACrowd/ViSoBERT
fresh_visobert_00998,cuộc sống pải nỗ lực,0,0,0,0,0,0,positive,sadness,train,SEACrowd/ViSoBERT
fresh_visobert_05982,"68, Đoàn Hiện, Thành Koi, Cao Sơn",0,0,0,0,0,0,neutral,other,train,SEACrowd/ViSoBERT
fresh_visobert_03012,ntn phản động dám bà con biểu tình phản động,0,0,0,0,0,0,neutral,other,train,SEACrowd/ViSoBERT
fresh_visobert_11684,Hoạt hoạ = Hoạt hình,0,0,0,0,0,0,positive,sadness,train,SEACrowd/ViSoBERT
fresh_visobert_10735,Lót dép hóng phim 😂😂😂,0,0,0,0,0,0,positive,enjoyment,train,SEACrowd/ViSoBERT
fresh_visobert_08561,Duong Hg My Kim ngu lol,1,0,0,0,1,1,negative,disgust,train,SEACrowd/ViSoBERT
fresh_visobert_06157,Bảox Nhânm kk,0,0,0,0,0,0,neutral,enjoyment,train,SEACrowd/ViSoBERT
fresh_visobert_02713,thề lamg cháu thiếu nhi cười,0,0,0,0,0,0,neutral,other,train,SEACrowd/ViSoBERT
fresh_visobert_09601,Các chú cho anh HĐ về đóng nốt phim rồi làm j anh thì làm đc ko ạ?,0,0,0,0,0,0,neutral,other,train,SEACrowd/ViSoBERT
fresh_visobert_10429,Có unchi ngắn tay ko lay e bo nửa,0,0,0,0,0,0,neutral,other,train,SEACrowd/ViSoBERT
fresh_visobert_07845,"6s mới giá tr9, 6s plus mới tr95",0,0,0,0,0,0,neutral,other,train,SEACrowd/ViSoBERT
fresh_visobert_09280,"Cha lột cua cho mẹ ăn thấy mình đi lại đem đi dẹp thịt cua,mang con cua chưa lột ra cho mình 😞🥺 đao 🥲",0,0,0,0,0,0,negative,sadness,train,SEACrowd/ViSoBERT
fresh_visobert_11512,Doan Thi Xuan Thuy,0,0,0,0,1,0,negative,enjoyment,train,SEACrowd/ViSoBERT
fresh_visobert_05521,hlv săn đón,0,0,0,0,0,0,positive,enjoyment,train,SEACrowd/ViSoBERT
fresh_visobert_09088,Linh Linh t.y tham khảo xem có lên đc tý nào k :*,0,0,0,0,0,0,neutral,other,train,SEACrowd/ViSoBERT
fresh_visobert_01617,biet chính quyền vụ thanh niên xông ngân hàng cướp trăm cảnh sát bao vây chi troi nao cug phưởng cặc cơ quan lò mặt điều tra cug xấu hổ vs nhung du lịch việt nam,0,0,0,0,0,0,negative,sadness,train,SEACrowd/ViSoBERT
fresh_visobert_02767,mẹ con đông ng spt report,0,0,0,0,0,0,neutral,other,train,SEACrowd/ViSoBERT
fresh_visobert_02873,ý thức cặc hóa 😌 😌 😌,0,0,0,0,0,0,neutral,other,train,SEACrowd/ViSoBERT
fresh_visobert_09680,Chị đồng hồ chị đang mang hãng gì vậy ạ,1,1,0,0,0,0,neutral,surprise,train,SEACrowd/ViSoBERT
fresh_visobert_03134,phạm dungx dũng cừi,0,0,0,0,0,0,neutral,enjoyment,train,SEACrowd/ViSoBERT
fresh_visobert_08478,After ketchup now we have Edchup =))),1,0,0,0,1,0,neutral,other,train,SEACrowd/ViSoBERT
fresh_visobert_01583,bao bảo ngọc viec nhe luong,0,0,0,0,0,0,neutral,other,train,SEACrowd/ViSoBERT
fresh_visobert_05386,đc huy hiệu ae,0,0,0,0,1,0,neutral,other,train,SEACrowd/ViSoBERT
fresh_visobert_10649,"Tui thấy lãnh đạo vn nên câm mẹ nó mồm đi cho xong, đã lỡ tham nhũng rồi thì ở nhà luôn đi, mỗi tháng chuyển tiền cho nó, khỏi làm... Đó là cách tốt nhất để nhân dân ấm no",0,0,0,0,1,0,positive,enjoyment,train,SEACrowd/ViSoBERT
fresh_visobert_03306,dlv bữa hoạt động mặt cặc kinh tế nhầm,0,0,0,0,0,0,negative,disgust,train,SEACrowd/ViSoBERT
fresh_visobert_08741,"sự kết hợp của thân xác audi,lớp sơn roll royce,phong cách sơn may bach :)))",1,0,0,0,0,0,neutral,other,train,SEACrowd/ViSoBERT
fresh_visobert_00633,subnautica nx mặn vl ))),0,0,0,1,0,0,negative,surprise,train,SEACrowd/ViSoBERT
fresh_visobert_03903,nhạc ri chết tụi học sinh,0,0,0,0,0,0,neutral,other,train,SEACrowd/ViSoBERT
fresh_visobert_00062,Chuẩn bị về quê hoi☺,1,0,0,0,0,1,neutral,disgust,train,SEACrowd/ViSoBERT
fresh_visobert_10616,"- Phòng ở trên tầng 4,",0,0,0,0,0,0,neutral,other,train,SEACrowd/ViSoBERT
fresh_visobert_09460,Gọi tên e nữa nha .Trần Thị Quyên,0,0,0,0,0,0,neutral,other,train,SEACrowd/ViSoBERT
fresh_visobert_01918,back hoạt động,0,0,0,0,0,0,neutral,enjoyment,train,SEACrowd/ViSoBERT
fresh_visobert_05369,việt ngu cặc a dua trung cẩu,1,0,0,0,0,1,negative,disgust,train,SEACrowd/ViSoBERT
fresh_visobert_10851,ui sồi ôi đốn tim vãiiiiiiii,0,0,0,0,0,0,neutral,other,train,SEACrowd/ViSoBERT
fresh_visobert_01307,võ hồng gấm đọc tin tức lo sợ luyên lụy,0,0,0,0,0,0,negative,fear,train,SEACrowd/ViSoBERT
fresh_visobert_08990,cảm động quá người phụ nử tuyệt vời,0,0,0,0,0,0,positive,enjoyment,train,SEACrowd/ViSoBERT
fresh_visobert_03321,ty ma bang mieng vai chui lon nguoi an noi biet la cặc vo học co dao dục thu se bi bao se chẹt tham,0,0,0,0,0,0,neutral,other,train,SEACrowd/ViSoBERT
fresh_visobert_07628,Mau lẹ đi chứ nhìn NS h ngán phong sát hết đi,0,0,0,0,0,0,neutral,other,train,SEACrowd/ViSoBERT
fresh_visobert_03976,ok chúc mừng thầy,0,0,0,0,1,0,positive,enjoyment,train,SEACrowd/ViSoBERT
fresh_visobert_04978,vẻ vô sinh có thai )),0,0,0,0,0,0,neutral,other,train,SEACrowd/ViSoBERT
fresh_visobert_08612,"Chú đẹp try quá, con fan chú =))",1,1,0,0,1,1,positive,enjoyment,train,SEACrowd/ViSoBERT
fresh_visobert_04874,đọc lầm than )))),0,0,0,0,0,0,negative,sadness,train,SEACrowd/ViSoBERT
fresh_visobert_04102,cánh cửa khép cánh cửa ta vs chip thành viên trẻ lỗ lực tập luyện trau dồi kinh nghiệm,0,0,0,0,0,0,negative,disgust,train,SEACrowd/ViSoBERT
fresh_visobert_01609,né học học ngu )),1,0,0,0,0,1,negative,disgust,train,SEACrowd/ViSoBERT
fresh_visobert_11516,Hồ Ngọc t hc xog rùi,0,0,0,0,0,0,neutral,other,train,SEACrowd/ViSoBERT
fresh_visobert_06438,Võ Phúc Khánh Ngọc okie babe :)),1,0,0,0,0,0,neutral,other,train,SEACrowd/ViSoBERT
fresh_visobert_05338,tao ngột ngạt ))),0,0,0,0,0,0,neutral,other,train,SEACrowd/ViSoBERT
fresh_visobert_01186,mấy truyền máu,0,0,0,0,0,0,neutral,other,train,SEACrowd/ViSoBERT
fresh_visobert_08087,Ủa bài trong group Interships & Jobs VN bê ra không ref không cite gì hết dạ??,1,1,0,0,1,0,neutral,surprise,train,SEACrowd/ViSoBERT
fresh_visobert_09774,Còn miền trung thì sao e ơi?,0,0,0,0,0,0,neutral,other,train,SEACrowd/ViSoBERT
fresh_visobert_06687,"Sản phẩm giao nhanh, còn tem của hãng. Son có màu nhẹ, hương cũng nhẹ, hơi dễ bay màu, cần đánh lại nhiều lần trong ngày, nhưng giữ môi ẩm và mềm mại. Đáng mua",1,0,1,1,0,0,neutral,surprise,train,SEACrowd/ViSoBERT
fresh_visobert_05018,phạm văn lộc chán idol,0,0,0,0,1,1,negative,disgust,train,SEACrowd/ViSoBERT
fresh_visobert_11702,B ơi cái này còn sz gì?,0,0,0,0,0,0,neutral,other,train,SEACrowd/ViSoBERT
fresh_visobert_07793,"Album xuất sắc, MV thì theo mắt nhìn của mình là tệ",0,1,1,0,1,0,neutral,surprise,train,SEACrowd/ViSoBERT
fresh_visobert_06747,Bự Sii haha vậy hãy tin vào tờ polymer nhiều màu lấp lánh 😂,0,0,0,0,0,0,positive,enjoyment,train,SEACrowd/ViSoBERT
fresh_visobert_03426,đất nước nầy tài sản nầy dân tộc nhân dân viết nam đảng cs cái đảng nầy cơ quan cặc quản lý quản lý xong quản lý đừng lỳ mặt bám ghế đất nước lụn bại tàn mạt t,0,0,0,0,0,0,neutral,other,train,SEACrowd/ViSoBERT
fresh_visobert_08406,Nguyễn Mai Loan đúng lk đang đói và ngoài trời thì mưa lạnh 😭😭😭,0,0,0,0,0,0,negative,sadness,train,SEACrowd/ViSoBERT
fresh_visobert_03214,trung trần dần,0,0,0,0,0,0,neutral,fear,train,SEACrowd/ViSoBERT
fresh_visobert_11668,văn hoá làm việc mỗi cty khác nhau mà. k lam đc tìm việc mới. làm sao bắt cty theo cá nhân đc @@,1,0,1,0,0,0,neutral,surprise,train,SEACrowd/ViSoBERT
fresh_visobert_09996,- Zingmp: vô top appstore vietnam năm,0,0,0,0,1,0,neutral,other,train,SEACrowd/ViSoBERT
fresh_visobert_03893,ad page cặc óc chó,1,0,0,0,1,1,neutral,disgust,train,SEACrowd/ViSoBERT
fresh_visobert_08117,Sao k đọc những ai đc hàng để biết đường chọn cái khác chị,0,0,0,0,0,0,neutral,other,train,SEACrowd/ViSoBERT
fresh_visobert_08264,"ko thấy giao phiếu bảo hành, nếu hư ko biết bảo hành thế nào luôn",0,0,0,0,0,0,neutral,other,train,SEACrowd/ViSoBERT
fresh_visobert_02222,hân hạnh giới thiệu nghệ sĩ hài làng esport việt,0,0,0,0,0,0,neutral,other,train,SEACrowd/ViSoBERT
fresh_visobert_08681,"T đang nợ 1tr, thêm chỗ này là 30tr à :(",0,0,0,0,0,0,neutral,other,train,SEACrowd/ViSoBERT
fresh_visobert_03028,công an báo rãnh nè thông báo người ta kiểm tra xe giấy tờ toàn bộ xe chả cặc thông tin tốn mấy trang báo đăng ngu kỳ gọi quy trình,1,0,0,0,0,1,negative,disgust,train,SEACrowd/ViSoBERT
fresh_visobert_07308,Nguyễn Hữu Đạt lên top nhanh bạn êh,0,0,0,0,1,0,neutral,other,train,SEACrowd/ViSoBERT
fresh_visobert_07324,"Hắn vừa đi vừa chửi. Bao giờ cũng thế, cứ thi xong là hắn chửi. Bắt đầu hắn chửi Bộ GD. Có hề gì? Bộ của riêng nhà nào? Rồi hắn chửi cuốn SGK. Thế cũng chẳng sao: sách là tất cả nhưng chẳng là ai. Tức mình hắn chửi cả Hội đồng coi t",1,1,1,0,0,1,neutral,anger,train,SEACrowd/ViSoBERT
fresh_visobert_09644,Le Quang Tap .,0,0,0,0,0,0,negative,sadness,train,SEACrowd/ViSoBERT
fresh_visobert_08615,Vượng Đang Ôn Thi,0,0,0,0,0,0,positive,enjoyment,train,SEACrowd/ViSoBERT
fresh_visobert_11800,Hồ Thị Mỹ Tiên hiền zạ,0,0,0,0,0,0,neutral,sadness,train,SEACrowd/ViSoBERT
fresh_visobert_05581,tủn k f f hàng thái hàng trung đồ fake,0,0,0,0,1,0,neutral,other,train,SEACrowd/ViSoBERT
fresh_visobert_07679,T phải mất 8 chục giây để tìm cái mặt ở đâu.,0,0,0,0,0,0,neutral,other,train,SEACrowd/ViSoBERT
fresh_visobert_11254,thằng này cục súc vãi,0,0,0,1,0,1,neutral,disgust,train,SEACrowd/ViSoBERT
fresh_visobert_10059,Tham nhũng hèn gì chúng nó giàu thế,0,0,0,0,0,0,neutral,other,train,SEACrowd/ViSoBERT
fresh_visobert_07510,"Cơ hội hiếm có và duy nhất trong năm, sản phẩm mới cũng sale khủng. Đặc biệt là mua 5 sản phẩm giảm thêm 5%, mua sản phẩm giảm thêm % luôn 🏼 (áp dụng tới 7.)",0,0,0,0,1,0,neutral,other,train,SEACrowd/ViSoBERT
fresh_visobert_01416,bênh bênh má cl nè ahihi,0,0,0,0,0,0,neutral,other,train,SEACrowd/ViSoBERT
fresh_visobert_07399,Cười một phát trúng ngay tim =)),1,0,0,0,0,0,neutral,enjoyment,train,SEACrowd/ViSoBERT
fresh_visobert_01031,cỡ giáo án doãn chí bình tối qua gà )),1,0,0,0,0,1,neutral,disgust,train,SEACrowd/ViSoBERT
fresh_visobert_02962,xao cặc lon,0,0,0,0,0,0,negative,fear,train,SEACrowd/ViSoBERT
fresh_visobert_03208,hong vann 🤣 🤣,1,0,0,0,0,0,neutral,enjoyment,train,SEACrowd/ViSoBERT
fresh_visobert_10996,Luyến Suki đấy tác hại của cà khịa đấy😆😆,0,0,0,0,0,0,neutral,enjoyment,train,SEACrowd/ViSoBERT
fresh_visobert_07082,Ê con ỉ mày Thích cể mày khoe Lên làm gì ha con ỉ Chó,0,0,0,0,0,0,positive,enjoyment,train,SEACrowd/ViSoBERT
fresh_visobert_08640,"Shop đóng gói hàng cẩn thận, sản phẩm chất lượng, rất đáng tiền, sẽ ủng hộ shop nhiều",1,0,0,0,1,0,positive,enjoyment,train,SEACrowd/ViSoBERT
fresh_visobert_03078,minh hieu ali chui noi cặc bon ngu nguco bang cap,1,0,0,0,0,1,negative,disgust,train,SEACrowd/ViSoBERT
fresh_visobert_09264,cây số guitar mini hồng đào giá là: tr8 bạn à,0,0,0,0,0,0,positive,enjoyment,train,SEACrowd/ViSoBERT
fresh_visobert_08955,"giao hàng nhanh, đóng gói cẩn thận, kem nền thích hợp dạ dầu đánh xong tiệp vào dạ chứ không bị nhờn bóng như cushion, rất thích. canh mua giờ sale có quà tặng mà sao không nhận được quà nhỉ",1,1,1,1,1,0,positive,enjoyment,train,SEACrowd/ViSoBERT
fresh_visobert_06054,Tất khá dày nhưng cái tag không giống hình shop đăng. Kbiet chất lượng ntn,1,1,1,0,1,1,positive,disgust,train,SEACrowd/ViSoBERT
fresh_visobert_03098,chuyến bay bệnh nhân,0,0,0,0,0,0,neutral,other,train,SEACrowd/ViSoBERT
fresh_visobert_03026,8 lkc cắt ngang mặt quạo haha,0,0,0,0,0,0,neutral,enjoyment,train,SEACrowd/ViSoBERT
fresh_visobert_00659,video tiên tri kiêm cố zấn tổng thống đỗ nam chum táo bón,0,0,0,0,1,0,neutral,other,train,SEACrowd/ViSoBERT
fresh_visobert_06463,Năm nào cũng chụp mà các bác chưa chán à,1,0,1,0,0,0,negative,sadness,train,SEACrowd/ViSoBERT
fresh_visobert_00948,linh hoàng thùy gửi đk,0,0,0,0,0,0,neutral,other,train,SEACrowd/ViSoBERT
fresh_visobert_09196,Thật sự là con Huawei nova 2i của mình nó trâu bò thiệt. Mình sử dụng được 2 năm rồi nhưng mình vẫn chưa thấy có hiện tượng giật lag gì ca. Bây chơi game pin tụt nhanh thôi còn choi vấn mượt,1,1,1,0,1,1,positive,disgust,train,SEACrowd/ViSoBERT
fresh_visobert_11311,quảng cáo hay vãi :)),1,1,0,1,0,1,positive,enjoyment,train,SEACrowd/ViSoBERT
fresh_visobert_03247,giau vai tram dông,0,0,0,0,0,0,neutral,enjoyment,train,SEACrowd/ViSoBERT
fresh_visobert_03765,bi benh ao má tuong toi nghiep nhi,0,0,0,0,0,0,neutral,other,train,SEACrowd/ViSoBERT
fresh_visobert_06162,Smm 85 Hải LongTin TinPhan Kiều Diễm,0,0,0,0,0,0,neutral,other,train,SEACrowd/ViSoBERT
fresh_visobert_02788,quên bắt ad vi phạm chấp nhận,0,0,0,0,0,0,neutral,other,train,SEACrowd/ViSoBERT
fresh_visobert_06106,Đéo quen đéo biêt vô sủa như chó vậy,0,0,0,1,0,0,negative,anger,train,SEACrowd/ViSoBERT
fresh_visobert_03262,tộc trưởng mai mối dân nữ,0,0,0,0,0,0,neutral,other,train,SEACrowd/ViSoBERT
fresh_visobert_00972,tâm lý vãi đạn,0,0,0,1,0,0,negative,surprise,train,SEACrowd/ViSoBERT
fresh_visobert_09759,dm ước T.T lên đỉnh lần quá nhanh t phải tự xử :<,1,0,0,1,0,0,positive,anger,train,SEACrowd/ViSoBERT
fresh_visobert_06691,"Tôi chỉ muốn nói rằng, có rất nhiều điều đang chờ chúng ta phía trước. Và việc chúng ta cần làm là dũng cảm bước ra khỏi vạch an toàn. Mọi chuyện rồi sẽ ổn thôi💕💕",0,0,0,0,0,0,neutral,other,train,SEACrowd/ViSoBERT
fresh_visobert_06619,Emily Joseph over mama🤩,0,0,0,0,1,0,neutral,enjoyment,train,SEACrowd/ViSoBERT
fresh_visobert_03172,nguyễn thêu biểu tượng hoa )))),0,0,0,0,0,0,neutral,other,train,SEACrowd/ViSoBERT
fresh_visobert_04941,nội dung nhím mvp dân chơi tiết lộ,0,0,0,0,0,0,neutral,other,train,SEACrowd/ViSoBERT
fresh_visobert_06068,"Tao Tiên. Chuân lăm Đkm n. Hat vs đep k păng nqta kum sua? K bik ko xack dep dk k chanh l*n . K phai fan khơi my phăn đuy. O do xam nôi. > chi khơi my la nhat, e iu chuy < . <",0,0,0,0,1,0,neutral,other,train,SEACrowd/ViSoBERT
fresh_visobert_06539,Vẫn đang uống rượu thay cơm,0,0,0,0,0,0,neutral,other,train,SEACrowd/ViSoBERT
fresh_visobert_01534,nhập đc ta,0,0,0,0,0,0,negative,sadness,train,SEACrowd/ViSoBERT
fresh_visobert_08749,8kg size bn shop,0,0,0,0,1,0,neutral,other,train,SEACrowd/ViSoBERT
fresh_visobert_11790,"Ý là : Xe nào trên 8 tỉ thì tránh xa, còn những xe khác cứ đậu gần bình thường.",0,0,0,0,0,0,neutral,other,train,SEACrowd/ViSoBERT
fresh_visobert_04235,linh diệt dien,0,0,0,0,0,0,neutral,other,train,SEACrowd/ViSoBERT
fresh_visobert_09298,Chị về ban mê e ak,0,0,0,0,0,0,positive,enjoyment,train,SEACrowd/ViSoBERT
fresh_visobert_06669,Te amoooo Wellington Araujo,0,0,0,0,1,0,positive,enjoyment,train,SEACrowd/ViSoBERT
fresh_visobert_05549,virus vi trùng 🤣 🤣,0,0,0,0,0,0,neutral,enjoyment,train,SEACrowd/ViSoBERT
fresh_visobert_11873,Đi đảo về rồi,0,0,0,0,0,0,negative,sadness,train,SEACrowd/ViSoBERT
fresh_visobert_05668,hình chủ tiệm bánh mì chủ đầm tôm ^ ^,0,0,0,0,0,0,positive,enjoyment,train,SEACrowd/ViSoBERT
fresh_visobert_00338,khổ thân độ giải nát mấy anti um team buồn còn ngày mai mong cố gắng,0,0,0,0,1,0,negative,sadness,train,SEACrowd/ViSoBERT
fresh_visobert_06280,À thật ra là 🙂,1,1,0,0,0,0,neutral,surprise,train,SEACrowd/ViSoBERT
fresh_visobert_09415,Lê Hồng bé ký,0,0,0,0,0,0,neutral,other,train,SEACrowd/ViSoBERT
fresh_visobert_07702,Rất order anh ngiu như này ạ 😂,1,1,0,1,1,1,positive,enjoyment,train,SEACrowd/ViSoBERT
fresh_visobert_11496,Nguyễn Thảo có confuse ko :)),1,0,0,0,0,0,neutral,other,train,SEACrowd/ViSoBERT
fresh_visobert_00085,Không biết phòng này bao nhiêu tiền một tiếng😬😬,0,0,0,0,0,0,neutral,fear,train,SEACrowd/ViSoBERT
fresh_visobert_08521,Còn đi khám lần đầu ngta báo dương tính thì coi như kiếp này bỏ r,0,0,0,0,0,0,neutral,other,train,SEACrowd/ViSoBERT
fresh_visobert_02898,abe đóng phim,0,0,0,0,0,0,positive,enjoyment,train,SEACrowd/ViSoBERT
fresh_visobert_00525,thay vì hô người ta ăn cướp nạn nhân hô phản động kìa,0,0,0,0,0,0,neutral,other,train,SEACrowd/ViSoBERT
fresh_visobert_06233,"Bỏ đi mà làm người, để tiền đó đầu tư cho bản thân cho khoẻ, đàn ông đàn ang 8 tháng trời không đi làm hay gì mà suốt ngày hết tiền, vứt vứt không ăn thua 🤣",1,1,1,0,0,1,positive,enjoyment,train,SEACrowd/ViSoBERT
fresh_visobert_09464,Vẫn cứ tiếp tục là người bạn thôi Vẫn cứ tiếp tục để thời gian trôi,0,0,0,0,0,0,neutral,other,train,SEACrowd/ViSoBERT
fresh_visobert_02562,quang hưng nguyễn mỹ,0,0,0,0,0,0,negative,disgust,train,SEACrowd/ViSoBERT
fresh_visobert_10515,xíu gánh t đi bệnh viện,0,0,0,0,0,0,neutral,other,train,SEACrowd/ViSoBERT
fresh_visobert_01621,mấy cặc bệnh hoạn,0,0,0,0,0,0,negative,disgust,train,SEACrowd/ViSoBERT
fresh_visobert_07598,Chị ơi gọi tên emmm đi chị ơi :((,0,0,0,0,0,0,neutral,other,train,SEACrowd/ViSoBERT
fresh_visobert_10182,vừa lạnh lại vừa pcam :'>,0,0,0,0,0,0,neutral,other,train,SEACrowd/ViSoBERT
fresh_visobert_07393,chụp ảnh tết sớm cùng thầy 🤣🤣,0,0,0,0,0,0,neutral,enjoyment,train,SEACrowd/ViSoBERT
fresh_visobert_07899,Xinh và rất xinh,0,0,0,0,0,0,positive,enjoyment,train,SEACrowd/ViSoBERT
fresh_visobert_04422,yêu cưới cminh hà,0,0,0,0,0,0,positive,enjoyment,train,SEACrowd/ViSoBERT
fresh_visobert_02735,mặt y như đàn ông phẫu thuật lỗi,0,0,0,1,0,1,negative,disgust,train,SEACrowd/ViSoBERT
fresh_visobert_05027,chủ tiệm bánh mì vs đầm tôm,0,0,0,0,0,0,neutral,other,train,SEACrowd/ViSoBERT
fresh_visobert_10522,Julie Nguyễn tag a ck c vào,0,0,0,0,0,0,neutral,other,train,SEACrowd/ViSoBERT
fresh_visobert_01341,hóng mãi gala trần rất ok,0,0,0,0,1,0,positive,enjoyment,train,SEACrowd/ViSoBERT
fresh_visobert_00947,yt like kkk,0,0,0,0,1,0,neutral,enjoyment,train,SEACrowd/ViSoBERT
fresh_visobert_06971,Xem tv thi coi kenh nao v a,0,0,0,0,1,0,neutral,other,train,SEACrowd/ViSoBERT
fresh_visobert_11199,Nguyễn Trang ừ :)) buồn quá,0,1,0,0,0,0,negative,sadness,train,SEACrowd/ViSoBERT
fresh_visobert_09070,TÂM LÝ E VỮNG,0,0,0,0,0,0,negative,sadness,train,SEACrowd/ViSoBERT
fresh_visobert_02291,kiểu toang,1,0,0,1,0,0,negative,sadness,train,SEACrowd/ViSoBERT
fresh_visobert_01179,chac bj dua mat day nao hach nich dang linh tinh thoi chu má dua nao ma ngu hon ca moi sua cau,1,0,0,0,0,1,negative,disgust,train,SEACrowd/ViSoBERT
fresh_visobert_03375,quyền cấm cặc chửi thượng đẳng,0,0,0,0,0,0,neutral,other,train,SEACrowd/ViSoBERT
fresh_visobert_00029,"Thật tuyệt vời. Tôi đã sử dụng rất nhiều sản phẩm của Xiaomi &amp; rất hài lòng về chất lượng, giá cả của xiaomi.",0,0,0,0,0,0,positive,enjoyment,train,SEACrowd/ViSoBERT
fresh_visobert_05047,đíu má =)))))))),1,0,0,0,0,0,neutral,other,train,SEACrowd/ViSoBERT
fresh_visobert_10685,Buffet Chef Dzung thế cho đặt vào tối thứ đi ạ,0,0,0,0,0,0,neutral,other,train,SEACrowd/ViSoBERT
fresh_visobert_06979,Trang Nguyễn bn N chưa cướp đk tiền ở ngân hàng,0,0,0,0,0,0,neutral,other,train,SEACrowd/ViSoBERT
fresh_visobert_09470,Tắc đường quá ae đồng nghiệp vỉa lên vỉa hè tâm sự nhau chút thôi đợi nổ kiếm bát gạo,0,0,0,0,0,0,neutral,other,train,SEACrowd/ViSoBERT
fresh_visobert_03155,mong tiên tri khỏe mạnh dịch bệnh,0,0,0,0,0,0,neutral,other,train,SEACrowd/ViSoBERT
fresh_visobert_09336,Huyen Bui dạ lâu lâu mới đc đi chơi đó bác Huyền nak,0,0,0,0,0,0,neutral,other,train,SEACrowd/ViSoBERT
fresh_visobert_11190,"Muốn cho em ăn được những món đó, trước giờ ăn đừng cho em ăn bánh",0,0,0,0,0,0,neutral,other,train,SEACrowd/ViSoBERT
fresh_visobert_11250,"Mình đã đánh giá 5 sao nhưng lần này phải sửa lại. Hnay minh ra đắp mặt nạ thạch mỏng hơn, bở rất dễ rách, dùng lực nhẹ cũng đứt. Mình dùng nạ này nhiều rùi, lần đầu thấy bị vậy nên rất lăn tăn :(",1,0,1,0,0,0,neutral,surprise,train,SEACrowd/ViSoBERT
fresh_visobert_01288,supi trần bt chửi,0,0,0,0,1,0,positive,sadness,train,SEACrowd/ViSoBERT
fresh_visobert_04541,may sửa kịp )))),0,0,0,0,1,0,neutral,other,train,SEACrowd/ViSoBERT
fresh_visobert_00244,chục củ hòm csgo êi,0,0,0,0,0,0,neutral,sadness,train,SEACrowd/ViSoBERT
fresh_visobert_04746,minh hiếu kiểu miền tây chất phát nghĩ chân thật yêu mãi yêuu lisa minh hiếu,1,0,0,0,0,0,positive,enjoyment,train,SEACrowd/ViSoBERT
fresh_visobert_06473,mjh la thanh vjen rat mog lam ven voj cac va zlo cua mjh ban sdt 649965 hjhj,0,0,0,0,0,0,neutral,other,train,SEACrowd/ViSoBERT
fresh_visobert_07858,Chaimae Ben😂😂😂😂,0,0,0,0,0,0,neutral,enjoyment,train,SEACrowd/ViSoBERT
fresh_visobert_01201,bê đê bong lộ cặc xấu gớm xấu xúc phạm ng,0,0,0,0,0,0,negative,disgust,train,SEACrowd/ViSoBERT
fresh_visobert_06048,thế phân tích trận đấu làm củ l gì ? có phải game nào cũng giống nhau đâu mà điểm yếu,1,0,1,0,1,0,neutral,surprise,train,SEACrowd/ViSoBERT
fresh_visobert_05352,nứng lồn cặc chọc ng ta,0,0,0,0,0,0,neutral,other,train,SEACrowd/ViSoBERT
fresh_visobert_04114,tâm ngô yen chuyen gia an đo đo,0,0,0,0,0,0,neutral,other,train,SEACrowd/ViSoBERT
fresh_visobert_05234,trần dần chữa bệnh covi việt nam âm tính chúc mừng,0,0,0,0,0,0,neutral,other,train,SEACrowd/ViSoBERT
fresh_visobert_05711,hoangg an hợp lý )),0,0,0,0,0,0,neutral,enjoyment,train,SEACrowd/ViSoBERT
fresh_visobert_07328,"Thầy bói Ba cl gì gì vậy thầy, đem con susan ra thế giới à",1,1,0,0,0,0,neutral,surprise,train,SEACrowd/ViSoBERT
fresh_visobert_08970,Shop này tuy ít fl nhưng được cái hay có mã giảm với kiểu dáng cũng trendy,0,0,1,0,1,1,positive,disgust,train,SEACrowd/ViSoBERT
fresh_visobert_07878,"Cực kì ưng ý. Trộm vía mình hợp mua sắm ở Tiki thì phải 😂 Mua hàng 5-6 năm nay chưa bao giờ gặp trục trặc gì. Hàng đến tay lúc nào cũng tinh tươm bắt mắt, chất lượng miễn bàn.",1,0,0,1,0,0,positive,enjoyment,train,SEACrowd/ViSoBERT
fresh_visobert_02717,karathen vs đàn quái trench aquaman quẩy 😂 😂,0,0,0,0,0,0,positive,enjoyment,train,SEACrowd/ViSoBERT
fresh_visobert_07243,Loan Đoàn co ai qen k,0,0,0,0,0,0,neutral,other,train,SEACrowd/ViSoBERT
fresh_visobert_04969,thể hiện ng chí hướng,0,0,0,0,0,0,neutral,other,train,SEACrowd/ViSoBERT
fresh_visobert_02626,rút kẹc má rút rút quài,0,0,0,0,0,0,neutral,other,train,SEACrowd/ViSoBERT
fresh_visobert_09389,Hồ Hoàng Anh chị có cần đút cơm cho ăn không???,1,0,0,0,0,1,neutral,surprise,train,SEACrowd/ViSoBERT
fresh_visobert_01013,vô lí thuyết phục,0,0,0,0,0,0,neutral,other,train,SEACrowd/ViSoBERT
fresh_visobert_11816,Bạn có nhà bh không? Tôi sang cắt cho tôi đoạn này mới,0,0,0,0,0,1,neutral,disgust,train,SEACrowd/ViSoBERT
fresh_visobert_10202,"OMG🤣🤣 đẳng cấp là đây, mất dép là có thật😂",1,0,0,1,1,0,neutral,enjoyment,train,SEACrowd/ViSoBERT
fresh_visobert_01003,uy tín vl =)),1,1,0,1,0,1,neutral,disgust,train,SEACrowd/ViSoBERT
fresh_visobert_11797,Master là ai thế nhỉ :),1,0,0,0,0,0,neutral,other,train,SEACrowd/ViSoBERT
fresh_visobert_03823,ae sinh đôi,0,0,0,0,1,0,positive,enjoyment,train,SEACrowd/ViSoBERT
fresh_visobert_06092,E lấy chai nhe c. 997774,0,0,0,0,0,0,neutral,other,train,SEACrowd/ViSoBERT
fresh_visobert_09761,Tối nay mu sẽ mất top 4 😄😄,0,0,0,0,1,0,positive,enjoyment,train,SEACrowd/ViSoBERT
fresh_visobert_05672,lau khỉ khu trời nóng gạch nở nứt thay xong,0,0,0,0,0,0,neutral,other,train,SEACrowd/ViSoBERT
fresh_visobert_00803,thua chàng trai hàm răng trắng tinh,0,0,0,0,0,0,neutral,other,train,SEACrowd/ViSoBERT
fresh_visobert_10611,M muon tu van cat mí,0,0,0,0,0,0,negative,other,train,SEACrowd/ViSoBERT
fresh_visobert_01142,chạy trốn thoát dc con trai to be continued,0,0,0,0,0,0,neutral,other,train,SEACrowd/ViSoBERT
fresh_visobert_08709,Trần Duy gần chỗ em này ce đi ăn đc lần về đau bụng vch,0,0,0,0,0,0,negative,sadness,train,SEACrowd/ViSoBERT
fresh_visobert_09437,Nguyễn Thị Tường Vân,0,0,0,0,0,0,neutral,other,train,SEACrowd/ViSoBERT
fresh_visobert_11913,Linh đang hát kiếp đỏ đen rồi,0,0,0,0,0,0,neutral,other,train,SEACrowd/ViSoBERT
fresh_visobert_07871,Chị đanh đâu v,0,0,0,0,0,0,positive,enjoyment,train,SEACrowd/ViSoBERT
fresh_visobert_10813,Thôi. Cái loại đàn ông mà con nào nó cũng chăm được thì chỉ cần bật đèn xanh là nó phi qua vạch kẻ đường hết. Mà có khi không cần bật đèn nó cũng đò đưa cả chục em ấy chứ. Con nào cũng chăm được thì giường nào cũng leo được,1,1,1,0,0,1,neutral,disgust,train,SEACrowd/ViSoBERT
fresh_visobert_01366,lỗ mũi lỗ trâu mà còn ngột má ngạt hít khí trời ngta,1,0,1,0,0,0,neutral,surprise,train,SEACrowd/ViSoBERT
fresh_visobert_01599,đụ mẹ thầy cặc clg,0,0,0,0,0,0,neutral,other,train,SEACrowd/ViSoBERT
fresh_visobert_06666,"Túi chườm sài rất ok, có lớp vải nhung rất mềm và mịn shop rất nhiệt tình có hướng dẫn sử dụng nữa",0,0,0,0,1,0,positive,enjoyment,train,SEACrowd/ViSoBERT
fresh_visobert_10523,Huế thôi con bay ra tiệm thuốc ở đây🤣,1,1,0,0,0,1,neutral,enjoyment,train,SEACrowd/ViSoBERT
fresh_visobert_09893,"Thì ra muốn làm lãnh đạo là phải học 8 năm ở bách khoa, rồi trong vòng năm sau khi ra trường được làm lãnh đạo luôn.",0,0,0,0,0,0,neutral,other,train,SEACrowd/ViSoBERT
fresh_visobert_01094,mc chu cà mo trả lời coi ct toàn mời mấy chuyên chửi,0,0,0,0,0,0,neutral,other,train,SEACrowd/ViSoBERT
fresh_visobert_08734,Có hố thì tự nhảy xuống tự lấp lại dùm luôn đi nè hihi 😂,0,0,0,0,0,0,positive,enjoyment,train,SEACrowd/ViSoBERT
fresh_visobert_09558,Dũng Em bạn mình ghê vl,0,0,0,1,0,1,negative,disgust,train,SEACrowd/ViSoBERT
fresh_visobert_06613,Pele đang thở ko ra hơi bình luận kiểu gì m🥺,0,0,0,0,0,0,neutral,other,train,SEACrowd/ViSoBERT
fresh_visobert_08167,Tình hình bóng khoai thì cứ gặp b này này lấy kèo miễn phí mà bem 🐨😚🐬,1,0,1,0,0,0,neutral,surprise,train,SEACrowd/ViSoBERT
fresh_visobert_08690,Làm xôi cho gì mà ngộ độc đc nhỉ @@,1,0,1,0,0,0,neutral,surprise,train,SEACrowd/ViSoBERT
fresh_visobert_10875,"đéo mẹ bệnh viện chứ có phải chỗ gửi xe đâu , nó niêm yết rõ ràng như thế kêu ca cái gì",1,0,0,1,0,0,negative,anger,train,SEACrowd/ViSoBERT
fresh_visobert_08179,Nói hộ nỗi lòng 😃,0,0,0,0,0,0,positive,sadness,train,SEACrowd/ViSoBERT
fresh_visobert_09511,"SMM: 65 An Thiên, Kiều Lan, Linh Kute",0,0,0,0,0,0,neutral,other,train,SEACrowd/ViSoBERT
fresh_visobert_10747,Lê Trúc Oanh đừng cãi nhau nữa đi Hoàng Thành thuii,0,0,0,0,0,0,neutral,other,train,SEACrowd/ViSoBERT
fresh_visobert_07156,Serum tinh nhuỵ hoa bn ạ,0,0,0,0,0,0,neutral,other,train,SEACrowd/ViSoBERT
fresh_visobert_04022,giọng mina kỳ )),0,0,0,0,1,0,positive,other,train,SEACrowd/ViSoBERT
fresh_visobert_09387,Duonguyen Hà Anh =))))))))))))dm chuẩn vcccc mấy hnay toan the,1,1,0,0,1,1,neutral,anger,train,SEACrowd/ViSoBERT
fresh_visobert_02313,bẩn thỉu cặc cộng sản,0,0,0,0,0,0,neutral,other,train,SEACrowd/ViSoBERT
fresh_visobert_02282,xong xxx lau chau nhanh nhảu,0,0,0,0,0,0,positive,enjoyment,train,SEACrowd/ViSoBERT
fresh_visobert_00143,thuong wa di,0,0,0,0,0,0,neutral,other,train,SEACrowd/ViSoBERT
fresh_visobert_11131,Ngọc Diệp gái riệu em sao là nhờ vào ông ngầu ☺,0,0,0,0,0,0,neutral,other,train,SEACrowd/ViSoBERT
fresh_visobert_02781,hôm qua xét nghiệm âm tính hôm nay đăng,0,0,0,0,0,0,neutral,other,train,SEACrowd/ViSoBERT
fresh_visobert_09804,"Toaii Royall nó kéo rank , mà nó cứ chửi ngta . Làm streamer v. Sao mà đc",1,1,1,0,1,1,neutral,disgust,train,SEACrowd/ViSoBERT
fresh_visobert_02494,linh đẹp duyên,0,0,0,0,0,0,positive,enjoyment,train,SEACrowd/ViSoBERT
fresh_visobert_09529,"Ông chú tuyệt vời đấy, vất vả tí mà con cháu quây quần như này vui mà",0,1,1,1,0,1,positive,enjoyment,train,SEACrowd/ViSoBERT
fresh_visobert_11450,Hoàng thượng nhìn soái quasssssss,0,0,0,0,0,0,positive,enjoyment,train,SEACrowd/ViSoBERT
fresh_visobert_00370,minh hiếu nói chuyện dễ thương ✌ ✌ ✌ ✌ ✌,0,0,0,0,0,0,positive,enjoyment,train,SEACrowd/ViSoBERT
fresh_visobert_08347,đáp án D. SMM: 95,0,0,0,0,0,0,neutral,other,train,SEACrowd/ViSoBERT
fresh_visobert_10647,Phải giống bố lương 7-8tr nhưng vẫn có oto chạy và mua cua hoàng đế ăn nhé :)),1,1,1,0,0,1,neutral,disgust,train,SEACrowd/ViSoBERT
fresh_visobert_01913,vợ chờ chồng xa xăm,0,0,0,0,0,0,positive,sadness,train,SEACrowd/ViSoBERT
fresh_visobert_09039,Bày đường chủ yếu bán đất nhưng nghĩa đàn ko có đầu vào thu nhập,1,0,1,0,0,0,neutral,surprise,train,SEACrowd/ViSoBERT
fresh_visobert_05611,rơi nc nc sợ rõ ràng ng chết dịch sars hiện tượng dịch hỏng loạn còn nc xung quanh dân kiểu dịch lượt chán hẳn,0,0,0,0,0,0,negative,fear,train,SEACrowd/ViSoBERT
fresh_visobert_10683,Có ai để ý chiếc jacket của binz ko,0,0,0,0,0,0,neutral,other,train,SEACrowd/ViSoBERT
fresh_visobert_01061,kịp bắt trend biểu tưởng hạnh phúc ))),0,0,0,0,1,0,positive,enjoyment,train,SEACrowd/ViSoBERT
fresh_visobert_01744,nhật ý thức văn minh đc )),0,0,0,0,0,0,neutral,other,train,SEACrowd/ViSoBERT
fresh_visobert_03878,tinh trùng khuyết tật cặc xaolol mua xài,0,0,0,0,0,0,neutral,other,train,SEACrowd/ViSoBERT
fresh_visobert_10079,Sop mình ở chỗ nào bmt vậy e,0,0,0,0,0,0,neutral,other,train,SEACrowd/ViSoBERT
fresh_visobert_11812,Mỗi ngày mà ta thức dậy.,1,0,1,0,0,0,neutral,surprise,train,SEACrowd/ViSoBERT
fresh_visobert_01368,phan thanh iv đẹp trai hát )))) ca sĩ nhiu trym,0,0,0,0,0,0,positive,enjoyment,train,SEACrowd/ViSoBERT
fresh_visobert_10103,Lê Đinh Cường haha,0,0,0,0,0,0,neutral,enjoyment,train,SEACrowd/ViSoBERT
fresh_visobert_04136,kim trấn thành dẹp trai ha ri quon,0,0,0,0,0,0,neutral,other,train,SEACrowd/ViSoBERT
fresh_visobert_04702,phương minn cặc haha nhạc nhẽo cc,0,0,0,0,0,0,neutral,enjoyment,train,SEACrowd/ViSoBERT
fresh_visobert_10345,"May nen lam vay ,thi tot ,con kia la danh nhan j ma hai gia đinh hai ca cong đong",0,0,0,0,0,0,neutral,other,train,SEACrowd/ViSoBERT
fresh_visobert_05188,dkm chửi bọn cặc chó vàng made in vietnam,0,0,0,0,0,0,neutral,other,train,SEACrowd/ViSoBERT
fresh_visobert_10432,"Được top bảo kê luôn , ghê thiệt kkk",0,0,0,0,1,0,neutral,disgust,train,SEACrowd/ViSoBERT
fresh_visobert_08103,"edit đẹp mà, chỉ cần cắt phân đoạn bỏ vô cái pj là xong mà =)) ez",1,1,1,0,1,1,positive,enjoyment,train,SEACrowd/ViSoBERT
fresh_visobert_09722,Uoc j chi chon trung e,0,0,0,0,0,0,neutral,other,train,SEACrowd/ViSoBERT
fresh_visobert_04659,má hôm qua tưởng tiệp đôi dép,0,0,0,0,0,0,neutral,other,train,SEACrowd/ViSoBERT
fresh_visobert_09538,"Balo đẹp, chât vai xịn, đường may chỉn chu chắc chắn. Dùng oki sẽ giới thiệu bạn bè qua để ủng hộ shop nha",0,0,0,0,1,0,positive,enjoyment,train,SEACrowd/ViSoBERT
fresh_visobert_10147,t chỉ thấy khuyên đẹp,0,0,0,0,0,0,positive,enjoyment,train,SEACrowd/ViSoBERT
fresh_visobert_03322,minh hoàng ghê ghê top êi,0,0,0,0,1,0,negative,disgust,train,SEACrowd/ViSoBERT
fresh_visobert_11559,"Nghỉ đi bà ơi ,🥲👊🔪",0,0,0,0,0,0,neutral,sadness,train,SEACrowd/ViSoBERT
fresh_visobert_11457,:) đồ rẻ rúng,1,0,0,0,0,0,neutral,other,train,SEACrowd/ViSoBERT
fresh_visobert_00891,mãi mãi đứa trẻ con lo toan suy nghĩ,0,0,0,0,0,0,negative,fear,train,SEACrowd/ViSoBERT
fresh_visobert_06721,Các chị em lên =)),1,1,0,0,0,1,neutral,disgust,train,SEACrowd/ViSoBERT
fresh_visobert_01752,sinh vạch đích nỗ lực đơn giản sinh vạch đua,0,0,0,0,0,0,neutral,other,train,SEACrowd/ViSoBERT
fresh_visobert_11374,Thu Hienn mời b tận hưởng giai điệu tuyệt vời này :v,0,0,0,0,0,0,positive,enjoyment,train,SEACrowd/ViSoBERT
fresh_visobert_11228,Sim số đẹp ib e nhá,0,0,0,0,0,0,positive,enjoyment,train,SEACrowd/ViSoBERT
fresh_visobert_09882,Kèo nak kìa a,0,0,0,0,0,0,neutral,other,train,SEACrowd/ViSoBERT
fresh_visobert_11881,"Giày đẹp lắm luôn ạ, sẽ tiếp tục ủng hộ, nên mua nha mn ới ❤️🥰😍❤️🥰❤️😍😍🥰🥰😍😍",0,0,0,0,0,0,positive,enjoyment,train,SEACrowd/ViSoBERT
fresh_visobert_01565,cmt triệu hồi cmt hehe,0,0,0,0,0,0,neutral,enjoyment,train,SEACrowd/ViSoBERT
fresh_visobert_01981,best edit )),0,0,0,0,1,0,positive,enjoyment,train,SEACrowd/ViSoBERT
fresh_visobert_07139,Linh Việt Nguyễn hít hà,0,0,0,0,0,0,neutral,other,train,SEACrowd/ViSoBERT
fresh_visobert_11547,Qua đây biết rõ hơn 5 tr ng k cùng gu âm nhạc :))),1,0,0,0,0,0,neutral,other,train,SEACrowd/ViSoBERT
fresh_visobert_09613,Nguyễn Hải Luân nhắm làm lại hong 😌 thực ra trong ng ai cũng có cái gọi là lên núi mà man,1,1,1,0,0,1,negative,surprise,train,SEACrowd/ViSoBERT
fresh_visobert_10568,Rồi khi nào TFT mobile chơi được bằng tài khoản VN,0,0,0,0,0,0,neutral,other,train,SEACrowd/ViSoBERT
fresh_visobert_10280,Cần nhắn mình cho info nhen,0,0,0,0,0,0,neutral,other,train,SEACrowd/ViSoBERT
fresh_visobert_11756,Uyên Cloud Vi Kookie Vi già gân vẫn còn ham dui 😂,0,0,0,0,0,0,positive,enjoyment,train,SEACrowd/ViSoBERT
fresh_visobert_08034,check inb nha bạn,0,0,0,0,1,0,neutral,other,train,SEACrowd/ViSoBERT
fresh_visobert_04407,thầy ngộ độc mùi dạ hương,0,0,0,0,0,0,neutral,other,train,SEACrowd/ViSoBERT
fresh_visobert_04827,má bóng dơ,0,0,0,0,0,0,negative,disgust,train,SEACrowd/ViSoBERT
fresh_visobert_09395,Hình ảnh cậu vàng cùng bé kiều bán lão hạc vô lầu ngưng bích,0,0,0,0,0,0,neutral,other,train,SEACrowd/ViSoBERT
fresh_visobert_10883,"Soft xỉu, tự nhiên thấy rung động quá trời.",1,0,0,1,0,0,neutral,other,train,SEACrowd/ViSoBERT
fresh_visobert_05380,chuôi linh love chet chet cặc me no di nguoi dep oi,0,0,0,0,1,0,positive,enjoyment,train,SEACrowd/ViSoBERT
fresh_visobert_09599,Ngọc Ngà bjo đâu đc ra đg nữa đâu mà mua vs sắm,1,0,1,0,0,0,neutral,surprise,train,SEACrowd/ViSoBERT
fresh_visobert_08835,Muốn đc bắn giao lưu cùng chị 78774955,0,0,0,0,0,0,neutral,other,train,SEACrowd/ViSoBERT
fresh_visobert_08248,Mikaela Beatrice Santiago Macaslin iingatan kita promise higit pa dito😁❤,0,0,0,0,0,0,positive,enjoyment,train,SEACrowd/ViSoBERT
fresh_visobert_03712,)) chửi xả xì trét phết )),0,0,0,0,0,0,neutral,other,train,SEACrowd/ViSoBERT
fresh_visobert_10858,Hê gjiridkvkvifididjdjjdididiididigjfjfiifififififiifififififiififififiifififiififififififiiifiififififififiifififiifiifififififiifififififiifidififififiifififiififififififiififififiididv6fuduidieifj8gjvjcksiivndie9w9199384848t88titititititit,0,0,0,0,0,0,neutral,enjoyment,train,SEACrowd/ViSoBERT
fresh_visobert_07985,Lấy hủ kem 5k da khô /9497,0,0,0,0,0,0,neutral,other,train,SEACrowd/ViSoBERT
fresh_visobert_06308,có omega khg Duong,0,0,0,0,1,0,neutral,other,train,SEACrowd/ViSoBERT
fresh_visobert_08398,S7e bên mình giá ntn ad mình ở tphcm,0,0,0,0,0,0,neutral,other,train,SEACrowd/ViSoBERT
fresh_visobert_07627,🙂🙂🙂 douma đáng ra t nên lướt khi thấy tên page chứ không phải dừng lại vài giây để đọc cái cap trong hình,1,1,0,0,1,1,neutral,disgust,train,SEACrowd/ViSoBERT
fresh_visobert_01070,ăn nói văn hóa,0,0,0,0,0,0,negative,surprise,train,SEACrowd/ViSoBERT
fresh_visobert_03623,mầm mống tai má họa xã hội,0,0,0,0,0,0,neutral,other,train,SEACrowd/ViSoBERT
fresh_visobert_04632,thuyết phục mua,0,0,0,0,0,0,neutral,other,train,SEACrowd/ViSoBERT
fresh_visobert_03890,hightlight abe ngu cặc tk kia abe )))),1,0,0,0,0,1,negative,disgust,train,SEACrowd/ViSoBERT
fresh_visobert_05744,thuận nguyễn ảnh,0,0,0,0,0,0,neutral,other,train,SEACrowd/ViSoBERT
fresh_visobert_09251,"Chúc mừng chị quảng cáo thành công huhu, thèm óee",0,0,0,0,0,0,neutral,other,train,SEACrowd/ViSoBERT
fresh_visobert_11180,Năm hai ngày deadline🥲,0,0,0,0,1,0,neutral,sadness,train,SEACrowd/ViSoBERT
fresh_visobert_09905,nhìn ghét quá ????,0,0,0,0,0,0,negative,surprise,train,SEACrowd/ViSoBERT
fresh_visobert_08423,Bác sĩ cảm ơn bạn Bé Tuấn,0,0,0,0,0,0,neutral,other,train,SEACrowd/ViSoBERT
fresh_visobert_09607,Phong Chấn dô mà xem học hỏi :))),1,1,1,0,0,1,neutral,disgust,train,SEACrowd/ViSoBERT
fresh_visobert_02287,đmm ad đừng vơ đũa cả nắm cứt đống 4 tr đảng viên xấu giọng cặc chó đấy page chó bẩn ngu si xã hội đảng viên nai lưng nuôi đéo ph,0,0,0,0,1,1,negative,anger,train,SEACrowd/ViSoBERT
fresh_visobert_09740,Cám Xuka 🤣 đường sông ak e,0,0,0,0,0,0,neutral,enjoyment,train,SEACrowd/ViSoBERT
fresh_visobert_11879,hàng chất lượng tốt giao hàng nhanh,1,0,0,0,0,0,positive,enjoyment,train,SEACrowd/ViSoBERT
fresh_visobert_10508,mấy nay em cũng ghiền goviet,0,0,0,0,0,0,neutral,other,train,SEACrowd/ViSoBERT
fresh_visobert_10416,nhận hàng như hình. Ăn RẤT TUYỆT. KHẨU VỊ NGON. VỪA MIỆNG,0,0,0,0,0,0,positive,enjoyment,train,SEACrowd/ViSoBERT
fresh_visobert_06591,Chị ơi cho em hỏi cái này,0,0,0,0,0,0,neutral,other,train,SEACrowd/ViSoBERT
fresh_visobert_04793,chửi đặng ky chửi linh loc,0,0,0,0,0,0,neutral,other,train,SEACrowd/ViSoBERT
fresh_visobert_05951,Chắc thanh niên này ko đọc báo,0,0,0,0,0,0,neutral,other,train,SEACrowd/ViSoBERT
fresh_visobert_08372,Cua hàng o đau,0,0,0,0,0,0,negative,sadness,train,SEACrowd/ViSoBERT
fresh_visobert_07049,Phiền lắm. Cứ phải xem hài mặt thời gian,0,0,0,0,0,0,neutral,other,train,SEACrowd/ViSoBERT
fresh_visobert_09747,M dg can gap phog o ghep ( chug cu duong le van luog cag tot) co b nao con du phog ko share cho m voi.mih la nu,0,0,0,0,1,0,neutral,other,train,SEACrowd/ViSoBERT
fresh_visobert_07410,Đem cái chuyện giường chiếu nhà e về mà đóng khung kính treo tường. Nhé,1,0,1,0,0,0,neutral,surprise,train,SEACrowd/ViSoBERT
fresh_visobert_00510,tưởng bắt chước trend hồi ngàn 9 trăm hồi,0,0,0,0,1,0,neutral,other,train,SEACrowd/ViSoBERT
fresh_visobert_00898,phươngg bìnhh đổi 5 mảnh hàng hiệu đc 75 tinh hoa kìa,0,0,0,0,0,0,neutral,other,train,SEACrowd/ViSoBERT
fresh_visobert_09383,Liên hệ Giang ơi (youtuber),0,0,0,0,1,0,neutral,other,train,SEACrowd/ViSoBERT
fresh_visobert_02323,lê thanh huyền bich phượng ntn nát bét sn,0,0,0,0,0,0,neutral,enjoyment,train,SEACrowd/ViSoBERT
fresh_visobert_11071,"Mịa mít ướt thế chứ nỉ thắng cũng khóc thua cũng khóc, mùa wc nào cũng khóc 😫",0,0,0,0,0,0,neutral,other,train,SEACrowd/ViSoBERT
fresh_visobert_07826,mình t r. liệu có cao thêm đc k?,0,0,0,0,0,0,neutral,other,train,SEACrowd/ViSoBERT
fresh_visobert_08894,"Ali cố tình ra MV cùng ngày để đc PR như này á, chứ không thì không ai biết Ali có ra MV",1,0,0,1,1,0,neutral,other,train,SEACrowd/ViSoBERT
fresh_visobert_08829,Giáng sinh an lành 🤣🤣🤣,0,0,0,0,0,0,neutral,enjoyment,train,SEACrowd/ViSoBERT
fresh_visobert_10482,Hán việt là cùng một nồi sinh ra,0,0,0,0,0,0,neutral,other,train,SEACrowd/ViSoBERT
fresh_visobert_11229,Trong gói mì tôm còn đ có tôm nên than ế hông có nghĩa là muốn có ng iêu =)))))),1,0,0,0,0,0,neutral,other,train,SEACrowd/ViSoBERT
fresh_visobert_03589,quân dơ kích thích,0,0,0,0,0,0,positive,enjoyment,train,SEACrowd/ViSoBERT
fresh_visobert_03341,k thể đag ổn,0,0,0,0,0,0,positive,enjoyment,train,SEACrowd/ViSoBERT
fresh_visobert_08660,Chơi ff i cj,0,0,0,0,0,0,positive,enjoyment,train,SEACrowd/ViSoBERT
fresh_visobert_00730,nước ngoài nghỉ phép lương ad,0,0,0,0,0,0,neutral,other,train,SEACrowd/ViSoBERT
fresh_visobert_00634,phận yếu vùng vẫy lắm lệnh to,0,0,0,0,0,0,neutral,other,train,SEACrowd/ViSoBERT
fresh_visobert_02934,bắn chet moe abe,0,0,0,0,0,0,neutral,enjoyment,train,SEACrowd/ViSoBERT
fresh_visobert_10094,Mà hnay sao z ??,1,0,1,0,0,0,neutral,surprise,train,SEACrowd/ViSoBERT
fresh_visobert_08158,cle rua tau gjet ck lun,0,0,0,0,0,0,neutral,other,train,SEACrowd/ViSoBERT
fresh_visobert_03571,phạm mạng má lag chậm cc,0,0,0,0,0,0,neutral,other,train,SEACrowd/ViSoBERT
fresh_visobert_10349,Và có 5 vợ 6 con 👍,0,0,0,0,0,0,positive,enjoyment,train,SEACrowd/ViSoBERT
fresh_visobert_10420,thẻ rút kinh nghiệm đấy )),0,0,0,0,0,0,negative,disgust,train,SEACrowd/ViSoBERT
fresh_visobert_08759,Ngà Yến Trương lạ thiệt sự á em :),1,0,0,0,0,0,neutral,other,train,SEACrowd/ViSoBERT
fresh_visobert_00368,chó má haizzz,0,0,0,0,0,0,negative,anger,train,SEACrowd/ViSoBERT
fresh_visobert_06597,Mua maill chinh hãng nên hoàn toàn tin tưởng. Mình mua cho mẹ. Nên k đánh giá chất lượng. Shop đóng gói cẩn thận. Giao nhanh. Có hàng tặng kèm. Mình dùng mã mua r đc hoàn 20k xu. Bên ngoài big c cũng bán tầm 130k. Giá rẻ chất lượng tốt. Mẹ dùng hết mình lại canh sale đặt thêm.,1,0,0,0,1,0,positive,enjoyment,train,SEACrowd/ViSoBERT
fresh_visobert_10004,trà này pha được trà sữa ko các bác nhỉ. ko biết giá sẽ ntn.:((,0,0,0,0,0,0,neutral,other,train,SEACrowd/ViSoBERT
fresh_visobert_11386,Hoa Hoàng du lịch lại rẻ kakaka,0,0,0,0,0,0,neutral,other,train,SEACrowd/ViSoBERT
fresh_visobert_04932,hong phuc cs tật giật mik,0,0,0,0,0,0,neutral,fear,train,SEACrowd/ViSoBERT
fresh_visobert_02736,clear lo nha beee,0,0,0,0,0,0,negative,fear,train,SEACrowd/ViSoBERT
fresh_visobert_11384,Có ss j5 k ạ,0,0,0,0,0,0,neutral,other,train,SEACrowd/ViSoBERT
fresh_visobert_08978,"Cũng mong Đà Lạt sẽ phát triển hon nưa. Chúc mừng Thầy Nam, chúc mừng Đà Lạt",0,0,0,0,0,0,neutral,other,train,SEACrowd/ViSoBERT
fresh_visobert_09534,Chúc mừng chị Hàng xóm,0,0,0,0,0,0,positive,enjoyment,train,SEACrowd/ViSoBERT
fresh_visobert_11012,phố mày co ́ đô ̀ người nghiê ̣ p tô ́ tao ghê :))),1,1,0,0,0,1,neutral,disgust,train,SEACrowd/ViSoBERT
fresh_visobert_07329,Be c kg co size k?,0,0,0,0,1,0,neutral,other,train,SEACrowd/ViSoBERT
fresh_visobert_09481,Lấu lắm mới thấy thy chơi pupg,0,0,0,0,0,0,neutral,other,train,SEACrowd/ViSoBERT
fresh_visobert_04890,công việc dm cặc đăng ngu đéo đc,1,0,0,0,0,1,negative,anger,train,SEACrowd/ViSoBERT
fresh_visobert_08390,"Việc này xảy ra là bởi vì vào năm , có một nhà khoa học người Ukraine tên là Povandolakoviviscov Kitayionshikov Tishisyionkov.",0,0,0,0,0,0,neutral,other,train,SEACrowd/ViSoBERT
fresh_visobert_04055,ma rat la xinh xan noi thiet,0,0,0,0,1,0,positive,other,train,SEACrowd/ViSoBERT
fresh_visobert_11721,Mẹ nuôi ko tốt thì trả tóm,0,0,0,0,0,0,neutral,other,train,SEACrowd/ViSoBERT
fresh_visobert_00921,khổ ghê bảo dần zị tấc nhiên mặt tấc nhiên,0,0,0,0,0,0,negative,disgust,train,SEACrowd/ViSoBERT
fresh_visobert_08388,"Ai rảnh đâu mà ưỡng, mà dù có ưỡng thì đó là chuyện của người ta bản thân mình có gì hay mà phán xét ? Chỉ có những kẻ sân si ghen ăn mới đi phốt mấy này, VD như Page Rác ở trên.",1,1,1,1,1,1,neutral,disgust,train,SEACrowd/ViSoBERT
fresh_visobert_06680,C cho e đia chỉ ở nghệ an để e tới làm với ạ,0,0,0,0,0,0,neutral,other,train,SEACrowd/ViSoBERT
fresh_visobert_07134,Suy nghĩ kiếm tiền học lại,0,0,0,0,0,0,neutral,other,train,SEACrowd/ViSoBERT
fresh_visobert_05289,styles chống quê,1,0,0,0,0,1,neutral,disgust,train,SEACrowd/ViSoBERT
fresh_visobert_11630,Thầy hãy acp fb em :((,0,0,0,0,0,0,neutral,other,train,SEACrowd/ViSoBERT
fresh_visobert_01493,abe trở lại ăn hại gấp đôi )),0,0,0,0,0,0,neutral,other,train,SEACrowd/ViSoBERT
fresh_visobert_10085,Mai Hương tương lai của c này 🤣🤣🤣,0,0,0,0,0,0,neutral,enjoyment,train,SEACrowd/ViSoBERT
fresh_visobert_04678,đương nhiên nc phát triển mầm bệnh thuốc chữa đc triệt để mầm bệnh môi trường sạch nc tồn tại vắcxin độc tính quinvaxem cò,0,0,0,0,0,0,neutral,other,train,SEACrowd/ViSoBERT
fresh_visobert_05925,Hnay vk vk tt cho đệ,0,0,0,0,0,0,neutral,other,train,SEACrowd/ViSoBERT
fresh_visobert_00074,Thoại Trần chính tã là chính gì,0,0,0,0,0,0,neutral,other,train,SEACrowd/ViSoBERT
fresh_visobert_10599,Ngư Ngư Vâng vângg,0,0,0,0,0,0,neutral,other,train,SEACrowd/ViSoBERT
fresh_visobert_11054,Nguyễn Mai Hương kiếm anh phờ zi phô tô gờ ráp phơ cắp nách đi theo chị em mềnh làm bộ ảnh níu kéo thanh xuân đuê😀,0,0,0,0,0,0,neutral,other,train,SEACrowd/ViSoBERT
fresh_visobert_01965,góp gạo hợp tác,0,0,0,0,0,0,positive,enjoyment,train,SEACrowd/ViSoBERT
fresh_visobert_10549,Toà nhà cũng đẹp nữa:))),1,0,0,0,0,0,positive,enjoyment,train,SEACrowd/ViSoBERT
fresh_visobert_02137,độ tày ))),0,0,0,0,0,0,neutral,enjoyment,train,SEACrowd/ViSoBERT
fresh_visobert_09144,Bác nào dư dả tài chính/nhu cầu công việc cứ việc mua thẳng một con ssd m.2 với con box chưa tới 1tr mình thấy hợp lý hơn là dùng usb,0,0,0,0,0,0,neutral,other,train,SEACrowd/ViSoBERT
fresh_visobert_06887,kumahuy lính mỹ nhảy xa xíu kịp thuốc cứu kịp,0,0,0,0,0,0,neutral,other,train,SEACrowd/ViSoBERT
fresh_visobert_11069,"Gặp nhau ở vườn susu , lại còn đúng gu , đẻ con zai -- suy tên suguku",0,0,0,0,0,0,neutral,other,train,SEACrowd/ViSoBERT
fresh_visobert_03364,hoàng xuân lộn zs lắm nhịn nheng,0,0,0,0,0,0,neutral,other,train,SEACrowd/ViSoBERT
fresh_visobert_05868,Linh Nguyen hôm nào triển k,0,0,0,0,0,0,neutral,other,train,SEACrowd/ViSoBERT
fresh_visobert_11805,9X đan phượng toàn gái đảm 😂😂,0,0,0,0,0,0,neutral,enjoyment,train,SEACrowd/ViSoBERT
fresh_visobert_09799,đang họp nhớ gì không nhớ nhớ cái bếp,0,0,0,0,0,0,neutral,other,train,SEACrowd/ViSoBERT
fresh_visobert_08153,Giáo án về One champ Lee bú đá và rụng mất xác,0,0,0,1,0,0,neutral,other,train,SEACrowd/ViSoBERT
fresh_visobert_11602,Mới đọc comt đứa nào kêu Hiền Hồ với Hải Tú chuẩn bị online đó tr ơi quá tr md =))))))))))))))))))))))),1,0,0,0,1,0,neutral,other,train,SEACrowd/ViSoBERT
fresh_visobert_07171,Ai đó biết địa chỉ nhà ad thì Ship hộ bịch muối cái êi,0,0,0,0,1,0,neutral,other,train,SEACrowd/ViSoBERT
fresh_visobert_00141,đấy bọn bọn quyền chả,0,0,0,0,0,0,neutral,other,train,SEACrowd/ViSoBERT
fresh_visobert_05171,kenny lâm share kenny hồi dịch má cm đéo sắm qq hụhụ,0,0,0,0,1,0,negative,anger,train,SEACrowd/ViSoBERT
fresh_visobert_06925,Dùng 7749 app là che được ạ,0,0,0,0,1,0,neutral,other,train,SEACrowd/ViSoBERT
fresh_visobert_06679,Kua Ngang Ngược có r thì xem đặt vé đi,0,0,0,0,0,0,neutral,sadness,train,SEACrowd/ViSoBERT
fresh_visobert_02046,nguyễn thanh chiến đêm tỏ tình nha,0,0,0,0,0,0,neutral,other,train,SEACrowd/ViSoBERT
fresh_visobert_05258,sợ địch sợ đồng đội suy nghĩ 🤣 🤣 🤣,1,0,0,0,0,0,negative,fear,train,SEACrowd/ViSoBERT
fresh_visobert_03960,lớp du chu cà mo ))),0,0,0,0,0,0,positive,enjoyment,train,SEACrowd/ViSoBERT
fresh_visobert_04835,chừng xe hốt rác xong,1,0,0,0,0,1,negative,disgust,train,SEACrowd/ViSoBERT
fresh_visobert_11037,giao hàng nhanh nhưng không có hộp gì cả.,1,0,1,0,0,0,neutral,surprise,train,SEACrowd/ViSoBERT
fresh_visobert_01278,xin lỗi chữi tiếp bó tay 🐶 🐶 🐶 🐶 🐶,1,0,0,1,0,0,negative,sadness,train,SEACrowd/ViSoBERT
fresh_visobert_02773,may mấy tận chương trình ngta hò )))))),0,0,0,0,0,0,neutral,other,train,SEACrowd/ViSoBERT
fresh_visobert_07664,Giua ha noi h dem thi lay dau ra duoc cau vong 🌚,0,0,0,0,0,0,neutral,other,train,SEACrowd/ViSoBERT
fresh_visobert_07916,cay đắng đến cùng cực và hạnh phúc đến tột đỉnh . chỉ là mình có quyền lựa chọn nó hay không thôi,0,0,0,1,0,1,positive,enjoyment,train,SEACrowd/ViSoBERT
fresh_visobert_04041,trương hải yến cay cú,0,0,0,0,0,0,neutral,anger,train,SEACrowd/ViSoBERT
fresh_visobert_03129,trả lời tương tự )),0,0,0,0,0,0,neutral,other,train,SEACrowd/ViSoBERT
fresh_visobert_01411,phạm văn lộc fuho trời nắng chóng mặt hả idol,1,1,0,0,1,0,neutral,surprise,train,SEACrowd/ViSoBERT
fresh_visobert_09970,"Rồi t đọc đc cmt của một thầy còn luận tướng của bé, hãm đcđ",0,0,0,0,0,0,neutral,other,train,SEACrowd/ViSoBERT
fresh_visobert_08646,Bé hạt dẻ ngoan yêu xỉu luôn,1,0,0,1,0,0,positive,enjoyment,train,SEACrowd/ViSoBERT
fresh_visobert_03075,cháu ngột ngạt,0,0,0,0,0,0,neutral,other,train,SEACrowd/ViSoBERT
fresh_visobert_02348,kiều trung kiên tướng yaba 🤣 🤣,0,0,0,0,0,0,neutral,enjoyment,train,SEACrowd/ViSoBERT
fresh_visobert_10449,"bun đâu măm tôm :)) luc nho thây me ăn la tui chay xa m chơ ngưi hong nôi, lơn lên ghiên mon nay, aaa",1,0,0,0,1,0,neutral,other,train,SEACrowd/ViSoBERT
fresh_visobert_01549,phá hoại hạnh phúc ngta ảnh cặc hưởng miếng cơm manh áo báo,0,0,0,0,0,0,positive,enjoyment,train,SEACrowd/ViSoBERT
fresh_visobert_08916,Đẹp quá a nhĩ Đen'n Ốm's,0,0,0,0,0,0,positive,enjoyment,train,SEACrowd/ViSoBERT
fresh_visobert_07390,Dạo này qua tới 4. hết sợ 🥴,0,0,0,0,0,0,negative,fear,train,SEACrowd/ViSoBERT
fresh_visobert_01339,đẹp tự nhiên sửa ha sửa niềng niềng xịn vô link nè,0,0,0,0,1,0,positive,enjoyment,train,SEACrowd/ViSoBERT
fresh_visobert_07021,"Mình - Mận Nê, mình dẫn tour Tà Xùa để kiếm thêm xiền ăn Tết, team chúng mình tên là Ba đứa mình, mình gửi lịch tháng + , ai muốn đi chơi với bồ hay đi quên nyc thì ới chúng mình ạa",0,0,0,0,1,0,positive,enjoyment,train,SEACrowd/ViSoBERT
fresh_visobert_05455,tội bộ trưởng sống liêm chính tham nhũng đời tiền mua tvi máy tính smartphone thể cập nhật thông tin báo đài đăng thực phẩm kém chất lượng,1,0,0,0,1,0,positive,enjoyment,train,SEACrowd/ViSoBERT
fresh_visobert_11917,L trieu chot chi 9769,0,0,0,0,0,0,neutral,other,train,SEACrowd/ViSoBERT
fresh_visobert_01771,du lịch phép từ thiện online )),0,0,0,0,1,0,neutral,other,train,SEACrowd/ViSoBERT
fresh_visobert_11371,"Tìm academic calendar 9 nha, trên home chắc có đăng đó",0,0,0,0,1,0,positive,other,train,SEACrowd/ViSoBERT
fresh_visobert_03592,nghi ls tuê hoan hoành hữu hồ,0,0,0,0,0,0,neutral,other,train,SEACrowd/ViSoBERT
fresh_visobert_08259,Uisssss a t dth thế 😍,0,0,0,0,0,0,positive,enjoyment,train,SEACrowd/ViSoBERT
fresh_visobert_02796,quá tải 9 triêu dân 6 triệu gọi ờ gọi giải quyết thiên đường nha,0,0,0,0,0,0,neutral,other,train,SEACrowd/ViSoBERT
fresh_visobert_04361,kết quả quan trắc môi trưởng airvisual ghi nhận hà nội cầu giấy hn saigon chủ nhật 5//9 tinh mơ trong lành lưu ỳ thế giới,0,0,0,0,0,0,neutral,other,train,SEACrowd/ViSoBERT
fresh_visobert_10569,Nhiều lắm chỉ là giáu xong h công bố dần thôi,0,0,0,0,0,0,neutral,other,train,SEACrowd/ViSoBERT
fresh_visobert_08927,"Chất lượng ổn, gọn gàng, dễ cầm mang đi, dễ gập gọn, đóng gói cẩn thận",1,0,0,0,0,0,positive,enjoyment,train,SEACrowd/ViSoBERT
fresh_visobert_04013,sing khác biệt cơ bản nv sân bay changi tươi cười vui vẻ nv tsn mền,0,0,0,0,0,0,positive,enjoyment,train,SEACrowd/ViSoBERT
fresh_visobert_11314,mình mua lúc đang sale có 10k/1ốp,0,0,0,0,1,0,neutral,other,train,SEACrowd/ViSoBERT
fresh_visobert_10492,Ôi cao bằng quê e chúc a diên thành công nhé,1,0,0,0,0,1,neutral,disgust,train,SEACrowd/ViSoBERT
fresh_visobert_04654,nguyễn hạnh mai má phục máu lồn,0,0,0,0,0,0,neutral,other,train,SEACrowd/ViSoBERT
fresh_visobert_08857,cưng quá ac ơi,0,0,0,0,0,0,positive,enjoyment,train,SEACrowd/ViSoBERT
fresh_visobert_10526,Hello Ben e h buoi trua ROI,0,0,0,0,1,0,neutral,other,train,SEACrowd/ViSoBERT
fresh_visobert_08772,Tại vì refund có 4 người cùng nhau đạt top 1 con crush bạn ms có 1 mk bạn tán thôi nên nó chưa đồng ý :') còn nó mà có 4 người tán trong đó có bạn thì bạn cx đéo có cửa đâu :))),1,1,1,0,1,1,negative,anger,train,SEACrowd/ViSoBERT
fresh_visobert_10160,Phạm Phương Linh b à tôi đợi cái này mãi :)),1,0,0,0,0,0,neutral,other,train,SEACrowd/ViSoBERT
fresh_visobert_00268,đù dại ghê bọn đấy phường xiên được tiếng má khám mấy anh chị thương xiên phường sum,0,0,0,0,0,0,negative,disgust,train,SEACrowd/ViSoBERT
fresh_visobert_10064,cây tre có tận trăm đốt luôn hả ???,1,0,0,0,0,0,neutral,surprise,train,SEACrowd/ViSoBERT
fresh_visobert_00369,bùi minh huệ crush ưii anh,0,0,0,0,0,0,neutral,other,train,SEACrowd/ViSoBERT
fresh_visobert_06392,"chất lượng tuyệt vời, đúng như phần giới thiệu. Giá có hơi đắt hơn chỗ khác nhưng cảm thấy đáng tiền 😉✨",1,1,1,1,0,0,positive,enjoyment,train,SEACrowd/ViSoBERT
fresh_visobert_01382,từ thiện thầy,0,0,0,0,1,0,positive,other,train,SEACrowd/ViSoBERT
fresh_visobert_03125,trc thu ngầm ban hành luật thu công khai,0,0,0,0,0,0,neutral,other,train,SEACrowd/ViSoBERT
fresh_visobert_06633,"Dạ áo dài giá 58k, quần lụa giá 95k tổng là 875k ạ",0,0,0,0,0,0,neutral,other,train,SEACrowd/ViSoBERT
fresh_visobert_05218,hai vu hai vu mô phật,0,0,0,0,0,0,neutral,other,train,SEACrowd/ViSoBERT
fresh_visobert_02664,đức phạm vl,0,0,0,1,0,0,negative,surprise,train,SEACrowd/ViSoBERT
fresh_visobert_02273,đc bắt kịp,0,0,0,0,0,0,neutral,other,train,SEACrowd/ViSoBERT
fresh_visobert_10628,Người uống rượu và ma túy là những người không làm chủ được hành vi bản thân thì nói chi làm chủ tay lái nên tước bằng vĩnh viễn là đúng Pháp luật cần đưa vào,0,0,0,0,0,0,neutral,other,train,SEACrowd/ViSoBERT
fresh_visobert_01171,ngủ cay )),0,0,0,0,0,0,neutral,anger,train,SEACrowd/ViSoBERT
fresh_visobert_05231,má phiêu lắm đéo 🤭 🤭 sợ vl,0,0,0,1,0,0,negative,fear,train,SEACrowd/ViSoBERT
fresh_visobert_05448,jack trời nhẫn mẻ đẹp hú hồn tui,0,0,0,0,0,0,positive,enjoyment,train,SEACrowd/ViSoBERT
fresh_visobert_04879,đòi mỹ cặc đuổi mỹ bọn mất dạy,0,0,0,0,0,0,negative,sadness,train,SEACrowd/ViSoBERT
fresh_visobert_01501,thầy cặc ngu,1,0,0,0,0,1,negative,disgust,train,SEACrowd/ViSoBERT
fresh_visobert_08931,Mới làm móng xong 🤣,0,0,0,0,0,0,neutral,enjoyment,train,SEACrowd/ViSoBERT
fresh_visobert_09715,hóng ra bộ nhớ cho iphone giá đô 😂,0,0,0,0,0,0,positive,enjoyment,train,SEACrowd/ViSoBERT
fresh_visobert_00455,mời dì hai ca sỹ tuấn phong anh chị ❤ ❤,0,0,0,0,0,0,positive,enjoyment,train,SEACrowd/ViSoBERT
fresh_visobert_05544,kiểu đấy chăc tóc luon,0,0,0,0,0,0,positive,enjoyment,train,SEACrowd/ViSoBERT
fresh_visobert_10739,Idol hat luc nao cung hay.,0,0,0,0,1,0,positive,enjoyment,train,SEACrowd/ViSoBERT
fresh_visobert_02068,chế độ cs trung cộng sụp đổ bằng chứng làn gió độc biểu tình hongkong lan đại lục điển hình thượng hải 4 9 vũ hán cặc hồ bắc 7 9 thị trấn văn lầu quảng đông 8 9 dân xứ đông laos bọn cs xứ hồi bình mao ton cương,0,0,0,0,0,0,neutral,other,train,SEACrowd/ViSoBERT
fresh_visobert_00437,benben duong,0,0,0,0,0,0,neutral,other,train,SEACrowd/ViSoBERT
fresh_visobert_10104,Chạu to đẹp kskssksj hdkjdfjdksi hiêhhelu yekehejskksksjssjsksksii u ụedhfjxidjsk jdjdhdiejsbms djdirne di jdkeoajdbei heh dieosj ụdhcudo díkenkwi heisjsj jiskaknfu jskcueiwij uos,0,0,0,0,1,0,positive,enjoyment,train,SEACrowd/ViSoBERT
fresh_visobert_04331,quan hệ đồng tính,0,0,0,0,0,0,negative,sadness,train,SEACrowd/ViSoBERT
fresh_visobert_11767,Lấy top cj ơi,0,0,0,0,1,0,neutral,other,train,SEACrowd/ViSoBERT
fresh_visobert_11056,Xong r chị em bt điểm ht luôn r,0,0,0,0,0,0,neutral,other,train,SEACrowd/ViSoBERT
fresh_visobert_08051,k tính tiền nhed,0,0,0,0,0,0,neutral,other,train,SEACrowd/ViSoBERT
fresh_visobert_04070,ông già tao bốc phét đấy chúng mày,0,0,0,0,0,0,neutral,other,train,SEACrowd/ViSoBERT
fresh_visobert_03156,hải hải =))),1,0,0,0,0,0,neutral,other,train,SEACrowd/ViSoBERT
fresh_visobert_00755,hihi cười sặc cơm hihiiiiiii,0,0,0,0,0,0,neutral,enjoyment,train,SEACrowd/ViSoBERT
fresh_visobert_00249,dễ thương duyên love cô,0,0,0,0,1,0,positive,enjoyment,train,SEACrowd/ViSoBERT
fresh_visobert_07794,Tao là Nguyễn tùng dương,0,0,0,0,0,0,negative,disgust,train,SEACrowd/ViSoBERT
fresh_visobert_11910,vì người dưng mãi là người dưng,0,0,0,0,0,0,neutral,other,train,SEACrowd/ViSoBERT
fresh_visobert_08853,cái trường nhìn quen dữ ta,0,0,0,0,0,0,neutral,other,train,SEACrowd/ViSoBERT
fresh_visobert_07717,"Hàng như hình, màu sắc đẹp",0,0,0,0,0,0,positive,enjoyment,train,SEACrowd/ViSoBERT
fresh_visobert_08187,đọc xong nước mắt ứa ra,0,0,0,0,0,0,neutral,other,train,SEACrowd/ViSoBERT
fresh_visobert_03494,lily trịnh vụt đè tứ quý há hốc mõm,0,0,0,0,0,0,neutral,other,train,SEACrowd/ViSoBERT
fresh_visobert_08619,Đến bao giờ chị,0,0,0,0,0,0,positive,enjoyment,train,SEACrowd/ViSoBERT
fresh_visobert_11704,Tam tre có cho bé 5kg k b,0,0,0,0,0,0,neutral,other,train,SEACrowd/ViSoBERT
fresh_visobert_01136,phân biệt ngu gà cặc vi thầy,1,0,0,0,0,1,negative,disgust,train,SEACrowd/ViSoBERT
fresh_visobert_05247,khang khang người ta mấy trăm ca nghỉ,0,0,0,0,0,0,neutral,other,train,SEACrowd/ViSoBERT
fresh_visobert_09978,HÃY TAG BẠN BÈ CÙNG ĐỘI NHÓM VÀ NÓI CHO CHÚNG TÔI BIẾT LOẠI MẶT NẠ NÀO ẤN TƯỢNG NHẤT VÀ LÝ DO TẠI SAO. CHÚNG TÔI SẼ CHỌN RA BẠN MAY MẮN CÓ CÂU TRẢ LỜI HAY NHẤT ĐỂ TẶNG BỘ MẶT NẠ DƯỠNG DA CÁ NHÂN HOÁ ARTISTRY SIGNATURE SELECT MINI NHÉ. CHÚC CÁC BẠN MAY MẮN,0,0,0,0,1,0,positive,enjoyment,train,SEACrowd/ViSoBERT
fresh_visobert_00534,bữa khóc lóc xin lỗi chửi tiếp hả,1,1,0,0,0,0,negative,surprise,train,SEACrowd/ViSoBERT
fresh_visobert_02417,dm bây sủa bậy nguòi ta câu cặc bây dịch câu nguyên văn,1,0,0,0,0,1,negative,anger,train,SEACrowd/ViSoBERT
fresh_visobert_08243,"giống vcl luôn, đm như 2 giọt nước",1,0,0,1,0,1,negative,anger,train,SEACrowd/ViSoBERT
fresh_visobert_06658,chào chú tùng nhé,0,0,0,0,0,0,positive,enjoyment,train,SEACrowd/ViSoBERT
fresh_visobert_00050,tình cảm quá < Phương Linh Lê Cẩm,0,0,0,0,0,0,neutral,other,train,SEACrowd/ViSoBERT
fresh_visobert_03257,thầy live thầy mún donet thầy hmmm,0,0,0,0,1,0,neutral,other,train,SEACrowd/ViSoBERT
fresh_visobert_07721,giao hàng nhanh đặt hôm qua hôm nay tới rồi.,0,0,0,0,0,0,positive,enjoyment,train,SEACrowd/ViSoBERT
fresh_visobert_06739,em đang vào bài học mà aP cứ tự động thoát ra không ạ :((( mong aP khắc phục sớm .!!!,1,0,1,0,0,0,neutral,surprise,train,SEACrowd/ViSoBERT
fresh_visobert_07682,👉Đã Đăng Ký Chạy Quảng Cáo Là Có Đơn Hàng,0,0,0,0,0,0,neutral,other,train,SEACrowd/ViSoBERT
fresh_visobert_06136,"chị ơi em gọi nhưng nhầm số chị ạ, chị kiểm tra lại giúp em hoặc chị nháy cho em quá số 985566 ạ",1,1,1,0,0,1,neutral,disgust,train,SEACrowd/ViSoBERT
fresh_visobert_00452,đm hcm đường cặc mòn hồ chí minh,1,0,0,0,0,1,negative,anger,train,SEACrowd/ViSoBERT
fresh_visobert_06008,"Mon Coeur cứu, anh ko thể ngừng xem",0,0,0,0,0,0,neutral,other,train,SEACrowd/ViSoBERT
fresh_visobert_05867,"Ối, tôi còn kbiet bài Đón xuân tuyệt vời có ra luôn -,-",0,0,0,0,0,0,positive,enjoyment,train,SEACrowd/ViSoBERT
fresh_visobert_03385,đọc thông tư /6 tt bca om sòm chửi đổng bác quốc dũng nắn gân ngoa,0,0,0,0,0,0,neutral,other,train,SEACrowd/ViSoBERT
fresh_visobert_05561,mik lo lo bao đồng,0,0,0,0,0,0,negative,fear,train,SEACrowd/ViSoBERT
fresh_visobert_09037,Tuỳ hoàn cảnh ấy nhưng cá nhân tui thì tui vẫn ưng cushion hơn. Nếu ai thít mỏng nhẹ tự nhiên hơn thì múc cushion.,1,0,1,0,0,0,positive,surprise,train,SEACrowd/ViSoBERT
fresh_visobert_03492,)) abe lam susan 75 de dau ik,0,0,0,0,0,0,neutral,other,train,SEACrowd/ViSoBERT
fresh_visobert_06249,"Nếu chỉ đi lại bằng xe máy thì mua ngay xe đạp điện của anh mà chạy, làm gì căng thẳng thế cho mệt ra",1,1,1,0,0,1,neutral,disgust,train,SEACrowd/ViSoBERT
fresh_visobert_08126,Bé 7 tuổi e ah,0,0,0,0,0,0,neutral,other,train,SEACrowd/ViSoBERT
fresh_visobert_06345,quả cr7 mà kill đéo gì nhỉ,1,0,1,0,0,0,negative,anger,train,SEACrowd/ViSoBERT
fresh_visobert_06224,"Tao anti TT nhưng tao thấy phim này chửi đâu đến nỗi nào , ngược lại còn thấy rất thực tế với chính cuộc sống hiện tại ngoài kia luôn . Nhìu người mở miệng ra là duma này nọ mà chê qq gì 😐",1,0,1,0,1,0,neutral,surprise,train,SEACrowd/ViSoBERT
fresh_visobert_01143,april foollllll 🙈,0,0,0,0,0,0,positive,enjoyment,train,SEACrowd/ViSoBERT
fresh_visobert_07993,E vào xem lại like của man-x là thấy a ôm nhưng k giết,1,0,1,0,1,0,neutral,surprise,train,SEACrowd/ViSoBERT
fresh_visobert_05641,street style,0,0,0,0,1,0,neutral,other,train,SEACrowd/ViSoBERT
fresh_visobert_06988,ra cái chỗ sóng không táp thì đéo ra cáu vãi :)),1,1,0,1,0,1,negative,anger,train,SEACrowd/ViSoBERT
fresh_visobert_03620,suốt ruộng chẳg qtâm,0,0,0,0,0,0,negative,sadness,train,SEACrowd/ViSoBERT
fresh_visobert_10708,"Trong veo, bắt cóc và chờ ai nghe mãi không thấy chán",0,0,0,0,0,0,negative,sadness,train,SEACrowd/ViSoBERT
fresh_visobert_01590,chúc ngủ ngon,0,0,0,0,0,0,positive,sadness,train,SEACrowd/ViSoBERT
fresh_visobert_09117,Phải rồi mũi tên 4. là phải khác bọt chứ,0,0,0,0,0,0,neutral,other,train,SEACrowd/ViSoBERT
fresh_visobert_10178,"Chúc bé snvv,luôn đáng yêu như thế nhé.",1,0,0,1,0,0,positive,enjoyment,train,SEACrowd/ViSoBERT
fresh_visobert_11085,Đầy đủ. Sản phẩm đẹp.test thử thấy ok.heheheheheheeheheheheheheheheeheheheheheheheheheheheheheehheeheheheheheheheheheheheheheheheehhehehehe,0,1,0,0,1,0,positive,enjoyment,train,SEACrowd/ViSoBERT
fresh_visobert_05622,anh thư mấy đag bú chồng cười dị má thèm bú,0,0,0,0,0,0,neutral,other,train,SEACrowd/ViSoBERT
fresh_visobert_10128,Vui hậu quả của việc xem doaemon quá nhiều:<<,0,0,0,0,0,0,positive,enjoyment,train,SEACrowd/ViSoBERT
fresh_visobert_02523,haha trend,0,0,0,0,1,0,neutral,enjoyment,train,SEACrowd/ViSoBERT
fresh_visobert_00264,nho hom truoc chui ong me ca nguoi vn la minh biet no bi ma nhap no truoc bi chet gao thet kinh hon de truoc xuong dia nguc 🙏 🙏 🙏,0,0,0,0,1,0,negative,disgust,train,SEACrowd/ViSoBERT
fresh_visobert_10426,E thich chi lam đo I love you,0,0,0,0,1,0,positive,enjoyment,train,SEACrowd/ViSoBERT
fresh_visobert_02944,má bắn chết,0,0,0,1,0,0,neutral,fear,train,SEACrowd/ViSoBERT
fresh_visobert_08262,Tại sao không giành hết cho sài Gòn và các tỉnh lân cận ở SG đang dịch rất nhiều chỉ có triệu liều đối với SG chỉ là con số nhỏ mà lại phải chia ra nữa cpvn dập dịch kiểu này làm sao hết Cuba và china sắp cho vaccine rồi nhớ đừng đem vào miền Nam để ngoài trung ương xài luôn luôn nhé,1,1,1,0,0,1,neutral,disgust,train,SEACrowd/ViSoBERT
fresh_visobert_04333,thi hành án tử thoòng treo cặc cổ chúng nó tổ cha bọn tham nhũng,0,0,0,0,0,0,neutral,other,train,SEACrowd/ViSoBERT
fresh_visobert_03526,làm vậy chi chi chửi,0,0,0,0,0,0,neutral,other,train,SEACrowd/ViSoBERT
fresh_visobert_06045,Sn nó mà nguyên ê kíp sỉ vả nó quá trời kaka tội thằng nhỏ,1,0,1,0,0,1,neutral,disgust,train,SEACrowd/ViSoBERT
fresh_visobert_10870,Giao hàng nhanh. Đóng gói chắc chắn. Chất lượng sp tuyệt vời. Giá rẻ. Hình ảnh mang tính chất nhận xu,1,0,0,0,0,0,positive,enjoyment,train,SEACrowd/ViSoBERT
fresh_visobert_06783,Xoài Non với Linh Ka Và Tiểu Vy xinh xiuz,0,0,0,0,0,0,neutral,other,train,SEACrowd/ViSoBERT
fresh_visobert_03858,hà annh =)) cầu giấy thất thủ,1,0,0,0,0,0,neutral,other,train,SEACrowd/ViSoBERT
fresh_visobert_11919,Người ta đã đỗ xe ở đây trước rồi lại tự dưng đi xây tường rào và cột điện lên,0,0,0,0,0,0,neutral,other,train,SEACrowd/ViSoBERT
fresh_visobert_10232,Trần DungHạnh Hạnh HạnhThi TranNhi Đeann soju nè mấy bà,0,0,0,0,0,0,neutral,other,train,SEACrowd/ViSoBERT
fresh_visobert_11803,"Cảm thấy ngột ngạt quá thì đưa a vào rừng ở, ở đấy không khí trong lành tha hồ mà a tận hưởng.",1,0,1,0,0,0,neutral,surprise,train,SEACrowd/ViSoBERT
fresh_visobert_09712,Lên muộn thế chị,0,0,0,0,0,0,positive,sadness,train,SEACrowd/ViSoBERT
fresh_visobert_06616,Vy Kha Ly được)🙆♀🙆♀,0,0,0,0,0,0,positive,enjoyment,train,SEACrowd/ViSoBERT
fresh_visobert_09962,Hải Nguyễn e cao hơn tý 7.5 hề :((,1,0,0,0,0,1,neutral,disgust,train,SEACrowd/ViSoBERT
fresh_visobert_07467,Hồng Đào ha ha ha,0,0,0,0,0,0,neutral,enjoyment,train,SEACrowd/ViSoBERT
fresh_visobert_09765,máy có massa êm ru luôn ạ . đau shop hoàn tiền % ạ,0,0,0,0,1,0,negative,sadness,train,SEACrowd/ViSoBERT
fresh_visobert_06529,"Khoá nhỏ, nhìn qua thì nhựa nhựa, ọp ẹp nhưng sờ vào khá cứng cáp",1,0,1,0,0,0,neutral,surprise,train,SEACrowd/ViSoBERT
fresh_visobert_03391,chào minh hiếu lam khấm khá giúp mượng dốn jam ăn cám ơn,0,0,0,0,0,0,neutral,other,train,SEACrowd/ViSoBERT
fresh_visobert_00990,khung ổn áp thầy,0,0,0,0,0,0,positive,enjoyment,train,SEACrowd/ViSoBERT
fresh_visobert_00884,linda bui phúc xo,0,0,0,0,0,0,positive,enjoyment,train,SEACrowd/ViSoBERT
fresh_visobert_05459,thần quyền súng bắn trúng dao chặt đứt võ ghê,0,0,0,1,0,0,negative,disgust,train,SEACrowd/ViSoBERT
fresh_visobert_09082,Cứ động đến trẻ con là t đã muốn đấm cho con mẹ này chục phát rồi,0,0,0,0,0,0,neutral,other,train,SEACrowd/ViSoBERT
fresh_visobert_05034,cây bút )),0,0,0,0,0,0,neutral,other,train,SEACrowd/ViSoBERT
fresh_visobert_07925,Thế tháng này có cần đóng tiền nước ko,0,0,0,0,0,0,neutral,other,train,SEACrowd/ViSoBERT
fresh_visobert_04709,nghiêm văn tú rẻ,0,0,0,0,0,0,negative,other,train,SEACrowd/ViSoBERT
fresh_visobert_02199,trend má fail cmnr,0,0,0,0,1,0,neutral,other,train,SEACrowd/ViSoBERT
fresh_visobert_07498,Thế anh em đã biết tuyệt chiêu săn sale chưa,0,0,0,0,1,0,positive,enjoyment,train,SEACrowd/ViSoBERT
fresh_visobert_04107,mixi đan một mình mixi chấp,0,0,0,0,0,0,neutral,other,train,SEACrowd/ViSoBERT
fresh_visobert_02750,góp ý ý kiến mất lòng anh em đóng góp một chút ý kiến anh em ý kiến con người dòng đơn giản muố,0,0,0,0,0,0,neutral,other,train,SEACrowd/ViSoBERT
fresh_visobert_05399,du lịch nghỉ lễ xong nghỉ lễ sờ chim,0,0,0,0,0,0,neutral,other,train,SEACrowd/ViSoBERT
fresh_visobert_08714,Tinh Le bạn vui long check inb a,0,0,0,0,1,0,positive,enjoyment,train,SEACrowd/ViSoBERT
fresh_visobert_10286,Thiệt ra là k ai dám lấy nhầm 🙂,1,1,0,0,0,0,neutral,surprise,train,SEACrowd/ViSoBERT
fresh_visobert_08808,Là kinh dị dữ chưa,0,0,0,0,0,0,negative,disgust,train,SEACrowd/ViSoBERT
fresh_visobert_00524,chui lu viet nam da roi toi chui bac ky troi,0,0,0,0,0,0,neutral,other,train,SEACrowd/ViSoBERT
fresh_visobert_11455,Với để nghiêng nghiêng dưới lên là thấy,0,0,0,0,0,0,neutral,other,train,SEACrowd/ViSoBERT
fresh_visobert_04570,thejaboproductions lạ,0,0,0,0,0,0,positive,enjoyment,train,SEACrowd/ViSoBERT
fresh_visobert_11628,Lấy xe đạp đi ra cho tiện,0,0,0,0,0,0,neutral,other,train,SEACrowd/ViSoBERT
fresh_visobert_05916,Lưu Hồng tối test tối test bé eo ưiiii,0,0,0,0,0,0,neutral,other,train,SEACrowd/ViSoBERT
fresh_visobert_03005,võ hồng gấm mấy tiếp xúc ớn lạnh cầu mong đừng nhiễm quê rần rần riết bệnh lun,1,0,0,0,0,1,neutral,fear,train,SEACrowd/ViSoBERT
fresh_visobert_05337,người ta da mặt dày mỡ nhìu xe hơi máy lạnh kiếng cách nhiệt,1,0,0,0,0,1,neutral,disgust,train,SEACrowd/ViSoBERT
fresh_visobert_08164,Set đồ chung thủy Như Quỳnh,0,0,0,0,0,0,neutral,other,train,SEACrowd/ViSoBERT
fresh_visobert_07888,Vẫn cứ là ok anh ơiii❤️,0,0,0,0,1,0,positive,enjoyment,train,SEACrowd/ViSoBERT
fresh_visobert_03252,mai tao dân quân xong mày giết cặc mày ad đồ phản động dlv dạo hoạt động ghê lm,0,0,0,0,0,0,negative,disgust,train,SEACrowd/ViSoBERT
fresh_visobert_04924,mấy đứa hóng tận thu tận gốc chúng mày cặc con cái dòng họ tao chấp nhận tao ung thư tai nạn,0,0,0,0,0,0,neutral,other,train,SEACrowd/ViSoBERT
fresh_visobert_02419,hai chục nà,0,0,0,0,0,0,positive,sadness,train,SEACrowd/ViSoBERT
fresh_visobert_09337,"trung quốc thành với zing mp3 cũng gần chục năm từ khi aP mới hình thành tới hiện tại, thì đến nay làm mình thất vọng đủ thứ, giao diện không còn đẹp, mỗi bản cập nhật điều rất rất tệ, cảm giác không còn được như xưa, mong vng sớm nâng cấp ứng dụng tốt nhất nếu không thì người hâm mộ trung quốc thành của zing mp3 sẽ ... bài đánh giá đầy đủ",0,0,0,1,0,1,neutral,sadness,train,SEACrowd/ViSoBERT
fresh_visobert_03730,thầy mày đất nước thiên đường,0,0,0,0,0,0,negative,anger,train,SEACrowd/ViSoBERT
fresh_visobert_00609,thành vinh page gà liên hệ,1,0,0,0,1,1,neutral,disgust,train,SEACrowd/ViSoBERT
fresh_visobert_01840,lập nổi tiếng,0,0,0,0,1,0,negative,enjoyment,train,SEACrowd/ViSoBERT
fresh_visobert_09900,Hát hay nên tui mới thả tym đó -))),0,0,0,0,0,0,positive,enjoyment,train,SEACrowd/ViSoBERT
fresh_visobert_09125,Con moè này lạ thế 🤡,0,0,0,0,0,0,neutral,other,train,SEACrowd/ViSoBERT
fresh_visobert_10502,Lên vàng đi Nhung ơi,0,0,0,0,0,0,neutral,sadness,train,SEACrowd/ViSoBERT
fresh_visobert_06459,Chào mít ạ ;,0,0,0,0,0,0,neutral,enjoyment,train,SEACrowd/ViSoBERT
fresh_visobert_10838,Chi dang ở đau,0,0,0,0,0,0,negative,sadness,train,SEACrowd/ViSoBERT
fresh_visobert_00055,"Chị đẹp vậy , giọng nói dể thương có duyên quá đê",0,0,0,0,0,0,positive,enjoyment,train,SEACrowd/ViSoBERT
fresh_visobert_03999,indo danh cặc hù lắm,0,0,0,0,0,0,neutral,other,train,SEACrowd/ViSoBERT
fresh_visobert_06975,"Đất nước Việt Nam đã mất đi một nhà lãnh đạo tài năng , đức độ. Vô cùng thương tiếc bác Chủ tịch nước Trần Đại Quang, chúng cón luôn ghí nhớ lời dạy của người 😭",0,0,0,0,0,0,negative,sadness,train,SEACrowd/ViSoBERT
fresh_visobert_00774,thien duong cs ngo that biet tq mun cặc hai vn ma van tiep tq,0,0,0,0,0,0,neutral,other,train,SEACrowd/ViSoBERT
fresh_visobert_03434,trông khít má lỗ đít 🤦 🏼 ♀,0,0,0,0,0,0,neutral,other,train,SEACrowd/ViSoBERT
fresh_visobert_03076,chúc thi chúc thi,0,0,0,0,0,0,positive,enjoyment,train,SEACrowd/ViSoBERT
fresh_visobert_06441,"Lê Thảo quá hợp lý. Ng ta nói đúng thì mn tôn trọng, còn như mấy ông láo toét thì ôi thôi, chả hiểu gì cũng đi phát biểu",0,0,0,1,0,1,neutral,disgust,train,SEACrowd/ViSoBERT
fresh_visobert_08365,"giả bộ vô tình gặp nhìn lén rồi đi , lại còn tìm hiểu cả gia phả người ta nữa chứ ... một thời ngu ngốc đáng yêu .",1,0,0,0,0,1,negative,enjoyment,train,SEACrowd/ViSoBERT
fresh_visobert_03201,hiếu giàu bạn bik đường quyền hok,0,0,0,0,0,0,neutral,other,train,SEACrowd/ViSoBERT
fresh_visobert_02761,chửi qq má quy trình,0,0,0,0,0,0,negative,other,train,SEACrowd/ViSoBERT
fresh_visobert_04359,thiết nghĩ tiền đam mê đam mê tiền,0,0,0,0,0,0,positive,enjoyment,train,SEACrowd/ViSoBERT
fresh_visobert_08196,chị cua cũng mượt như đường cong của Ngọc Trinh zị,0,0,0,1,0,0,neutral,other,train,SEACrowd/ViSoBERT
fresh_visobert_04565,nguyễn việc nhẹ lương nak,0,0,0,0,0,0,neutral,other,train,SEACrowd/ViSoBERT
fresh_visobert_08737,tự tắt ở phần cài đặt đó,0,0,0,0,0,0,neutral,other,train,SEACrowd/ViSoBERT
fresh_visobert_10015,Mua đc 1 tuần sài ok mượt pin trâuCó cái ch play nó hay mất kết nối Còn lại mọi thứ ok,0,0,0,0,1,0,positive,enjoyment,train,SEACrowd/ViSoBERT
fresh_visobert_05374,bình võ sida xông pha hiến máu,0,0,0,0,0,0,neutral,other,train,SEACrowd/ViSoBERT
fresh_visobert_03775,cụ lẫn cặc hoang tưởng,0,0,0,0,0,0,neutral,other,train,SEACrowd/ViSoBERT
fresh_visobert_01921,shark độ phùng 🤣,0,0,0,0,0,0,neutral,enjoyment,train,SEACrowd/ViSoBERT
fresh_visobert_06253,Hồng Minh à . Cô làm từ thiện không cần lên sóng thế đâu . Chỉ có những sao truyền hình họ thể hiện thế thôi . Dân thường tâm thiện làm từ thiện là việc thường ngày dầu chỉ là ngàn cùng là tốt rồi. Cháu nhé.,0,0,0,0,0,0,positive,enjoyment,train,SEACrowd/ViSoBERT
fresh_visobert_01886,toàn giàu cặc bóng cc,0,0,0,0,0,0,neutral,other,train,SEACrowd/ViSoBERT
fresh_visobert_10723,Hùng Hùng Bình Yên lên cao tốc,0,0,0,0,0,0,positive,enjoyment,train,SEACrowd/ViSoBERT
fresh_visobert_01134,nội ad mua dâm cặc thì đâu đẻ ad ngày nay dc ))))),0,0,0,0,0,0,neutral,other,train,SEACrowd/ViSoBERT
fresh_visobert_04498,chạy cao tốc dính xác định,0,0,0,0,0,0,neutral,other,train,SEACrowd/ViSoBERT
fresh_visobert_07745,"Bình thương mang size 41 nay mua size 42 vẫn nhỏ, cổ thun hơi khó mang. thiết kế thì rất ok",0,0,0,0,1,0,positive,sadness,train,SEACrowd/ViSoBERT
fresh_visobert_05493,thời thế trình dộ toán học tộc trưởng thời,0,0,0,0,0,0,neutral,other,train,SEACrowd/ViSoBERT
fresh_visobert_06685,Chốt đơn chốt đơn nghe mắc cười nên ghép thôi,0,0,0,0,0,0,neutral,other,train,SEACrowd/ViSoBERT
fresh_visobert_01303,tao ngiu hồi tao hỏng lun ))),0,0,0,0,0,0,negative,sadness,train,SEACrowd/ViSoBERT
fresh_visobert_01813,giả má vcl,1,0,0,0,0,1,negative,anger,train,SEACrowd/ViSoBERT
fresh_visobert_01724,mũi bi lệch rùi,0,0,0,0,0,0,neutral,other,train,SEACrowd/ViSoBERT
fresh_visobert_09944,Vương Gia Vệ không chỉ đơn giản là làm phim mà còn là nghệ thuật nữa,1,0,1,0,0,0,neutral,surprise,train,SEACrowd/ViSoBERT
fresh_visobert_09507,"Các bác nhẹ chân ga thôi, trước e cũng bị tông nên sợ lắm rồi, may là không bị trực diện đấy, nên chỉ bị dính phần mềm, mà đến giờ vẫn còn đau vcl ra đây này 😭",1,1,1,0,0,1,negative,anger,train,SEACrowd/ViSoBERT
fresh_visobert_05252,giáo án việt nam thế giới,0,0,0,0,0,0,neutral,other,train,SEACrowd/ViSoBERT
fresh_visobert_02211,đéo ông già,0,0,0,0,0,0,negative,anger,train,SEACrowd/ViSoBERT
fresh_visobert_02261,ánh sáng đảng soi sáng,0,0,0,0,0,0,negative,sadness,train,SEACrowd/ViSoBERT
fresh_visobert_07086,Óe hai câu False hết :v,0,0,0,0,0,0,neutral,other,train,SEACrowd/ViSoBERT
fresh_visobert_11380,vl nữa :< đọc đi,1,0,0,1,0,0,negative,surprise,train,SEACrowd/ViSoBERT
fresh_visobert_10485,chuẩn bị prayforparis thôi 23 tuần kể từ khi phe áo vàng làm loạn rồi mà vẫn chưa dẹp được .,1,0,1,0,0,0,neutral,surprise,train,SEACrowd/ViSoBERT
fresh_visobert_04912,ngô phước minh mặt thầy tựa tựa binz sao sao tao,0,0,0,0,0,0,neutral,other,train,SEACrowd/ViSoBERT
fresh_visobert_06824,"lấy e đen M , XL",0,0,0,0,0,0,neutral,other,train,SEACrowd/ViSoBERT
fresh_visobert_03733,vàng ngọc vàng nổi,0,0,0,0,0,0,neutral,other,train,SEACrowd/ViSoBERT
fresh_visobert_06088,Đoàn Đạt m co tin m là nan nhan t hem,0,0,0,0,0,0,neutral,other,train,SEACrowd/ViSoBERT
fresh_visobert_03226,video hứa thầy,0,0,0,0,1,0,neutral,other,train,SEACrowd/ViSoBERT
fresh_visobert_11753,Tutrinh Hoang TuCoi Le Trần Thị Kim Thoa 59,0,0,0,0,0,0,neutral,other,train,SEACrowd/ViSoBERT
fresh_visobert_06789,58k mac siez di,0,0,0,0,0,0,neutral,other,train,SEACrowd/ViSoBERT
fresh_visobert_01486,58 uýnh dỏ,0,0,0,0,0,0,neutral,enjoyment,train,SEACrowd/ViSoBERT
fresh_visobert_10006,Tú Minh Văn Văn,0,0,0,0,0,0,neutral,other,train,SEACrowd/ViSoBERT
fresh_visobert_03979,thông báo fan cứng thích thú vl )),0,0,0,1,1,1,positive,enjoyment,train,SEACrowd/ViSoBERT
fresh_visobert_05881,Hay chao cho thy,0,0,0,0,0,0,positive,enjoyment,train,SEACrowd/ViSoBERT
fresh_visobert_08600,Ko còn phần cho bạn đâu,0,0,0,0,0,0,neutral,other,train,SEACrowd/ViSoBERT
fresh_visobert_06914,"Thiên Bình Kkk, yes",0,0,0,0,1,0,neutral,enjoyment,train,SEACrowd/ViSoBERT
fresh_visobert_05726,dễ thương quá trời,0,0,0,0,0,0,positive,enjoyment,train,SEACrowd/ViSoBERT
fresh_visobert_11014,lên trg speakin có fải là tiện hơn ko :),1,0,0,0,0,0,neutral,other,train,SEACrowd/ViSoBERT
fresh_visobert_05365,nhắm tao hk ))) lắm love you ❤ ❤ ❤,0,0,0,0,1,0,positive,enjoyment,train,SEACrowd/ViSoBERT
fresh_visobert_04320,gà anh em sinh đôi,1,0,0,0,0,1,neutral,disgust,train,SEACrowd/ViSoBERT
fresh_visobert_07964,Ko đc chào buồn ghê,0,0,0,0,0,0,negative,disgust,train,SEACrowd/ViSoBERT
fresh_visobert_08251,Haha lạy mấy mẹ,0,0,0,0,0,0,neutral,enjoyment,train,SEACrowd/ViSoBERT
fresh_visobert_01777,chấp nhận sự thật anhq,0,0,0,0,0,0,positive,enjoyment,train,SEACrowd/ViSoBERT
fresh_visobert_03617,khóc lóc xin lỗi,0,0,0,0,0,0,negative,sadness,train,SEACrowd/ViSoBERT
fresh_visobert_09072,Văn Chiến Huỳnh j ak,0,0,0,0,0,0,neutral,other,train,SEACrowd/ViSoBERT
fresh_visobert_08252,Nga Linh về già cũng chụp hình có tâm với c nhé:),1,0,0,0,0,0,neutral,other,train,SEACrowd/ViSoBERT
fresh_visobert_01797,lê hà thư đầu 😆 😆 😆,0,0,0,0,0,0,neutral,enjoyment,train,SEACrowd/ViSoBERT
fresh_visobert_02085,duy linh khẩu trang thần thánh dân buôn khẩu trang quảng cáo,1,0,0,1,0,0,neutral,other,train,SEACrowd/ViSoBERT
fresh_visobert_04871,))) chiều ngủ đường nha thầy,0,0,0,0,0,0,neutral,other,train,SEACrowd/ViSoBERT
fresh_visobert_02071,ktyt lớp kháng khuẩn hàng chuẩn giấy tờ hóa đơn đầy đủ mng giá hơi tình hình dịch nghiêm trọng khẩu trang dần cạn kiệt,0,0,0,0,0,0,positive,enjoyment,train,SEACrowd/ViSoBERT
fresh_visobert_09688,Tụi nó lại bú fame để PR thôi. cho PR quá rẻ,0,0,0,0,0,0,neutral,other,train,SEACrowd/ViSoBERT
fresh_visobert_04820,chim ưng vãi nhái ❤,0,0,0,0,0,0,positive,enjoyment,train,SEACrowd/ViSoBERT
fresh_visobert_00285,qtrong chẳng,0,0,0,0,0,0,positive,sadness,train,SEACrowd/ViSoBERT
fresh_visobert_07525,Có s plus bạn nhé,0,0,0,0,0,0,neutral,other,train,SEACrowd/ViSoBERT
fresh_visobert_11642,Nhưng có may cho bé gái ko e vì c có con gái,1,1,1,0,0,1,positive,surprise,train,SEACrowd/ViSoBERT
fresh_visobert_07680,Vì Mao tội lớn và khó che đậy,0,0,0,0,0,0,neutral,other,train,SEACrowd/ViSoBERT
fresh_visobert_00204,uầy cưng phán vl ưi =))),1,1,0,1,0,1,neutral,disgust,train,SEACrowd/ViSoBERT
fresh_visobert_06933,Moạ a ù ơi ráng ăn lấy sức giảm cân nữa mần bộ giống dị 🤣🤣🤣 Ngân Nguyễn,0,0,0,0,0,0,neutral,enjoyment,train,SEACrowd/ViSoBERT
fresh_visobert_05320,thông tin câph nhật dòng sông hương / thí sinh bờ / đè chớt tích phân,0,0,0,0,0,0,neutral,other,train,SEACrowd/ViSoBERT
fresh_visobert_02104,dễ thương nè ❤,0,0,0,0,0,0,positive,enjoyment,train,SEACrowd/ViSoBERT
fresh_visobert_08581,My Tây😂😂😂dat zo thui nhe.k dat ra,0,0,0,0,1,0,neutral,enjoyment,train,SEACrowd/ViSoBERT
fresh_visobert_08069,Ủa người ta tự hào đeo thẻ sinh viên mà cũng hỏi nữa hả 🙂? Sinh viên trường khác đeo thẻ nhiều có bị nói không mà sao cứ khịa sinh viên trường này vậy? Ảnh hưởng cơm áo gạo tiền nhà ai hay làm mất thuần phong mỹ tục nước nhà mà nói mãi thế? 🙂 T không đeo mà lâu lâu lại thấy cfs kiểu này thấy kỳ cục thật sự,1,1,1,0,0,1,positive,surprise,train,SEACrowd/ViSoBERT
fresh_visobert_10023,Dễ thương ghê á 😍😍😁,0,0,0,0,0,0,positive,enjoyment,train,SEACrowd/ViSoBERT
fresh_visobert_11345,Chuẩn bị hàng ship nhanhhh nhaaaa giá cũng khá tốt okilaaaa 👍🏻👍🏻👍🏻,0,0,0,0,1,0,positive,enjoyment,train,SEACrowd/ViSoBERT
fresh_visobert_00179,tộc trưởng hiếu lợn thần trận chiến thắng,0,0,0,1,0,0,neutral,other,train,SEACrowd/ViSoBERT
fresh_visobert_01450,thầy bọn khịa nè )) yt,0,0,0,0,0,0,positive,enjoyment,train,SEACrowd/ViSoBERT
fresh_visobert_06917,Nguyễn Thanh Trung Trung ơi dắt bé đi chơi,0,0,0,0,0,0,neutral,other,train,SEACrowd/ViSoBERT
fresh_visobert_06422,Cho em hỏi xíu: làm như nào để có những chiếc video kĩ xảo như này ạ? Cần học gì để làm được như này 🥺,1,0,0,1,1,1,neutral,disgust,train,SEACrowd/ViSoBERT
fresh_visobert_08191,Hối hận vì đã không dùng rước ẻm sớm hơn 😆,0,0,0,0,0,0,neutral,enjoyment,train,SEACrowd/ViSoBERT
fresh_visobert_11986,Nếu điểm từ 5 trở lên thì tạm an toàn còn nếu ở mức <5 thì nguy hiểm vì lấy điểm Final Không dễ như ở midterm đâu,0,0,0,1,1,0,neutral,fear,train,SEACrowd/ViSoBERT
fresh_visobert_06232,"Hôm nay gặp anh shipper bên Xpress, tui để chế độ rung nên ảnh gọi lần tui mới bắt đc máy. Mà ảnh ko hề quạu luôn nói chuyện vẫn lịch sự với tui 🥰",1,1,1,0,0,1,positive,enjoyment,train,SEACrowd/ViSoBERT
fresh_visobert_04004,nhắc cố gắng tương lai lo gd,0,0,0,0,0,0,negative,fear,train,SEACrowd/ViSoBERT
fresh_visobert_03536,quốc bành comment top like vl,0,0,0,1,1,0,neutral,surprise,train,SEACrowd/ViSoBERT
fresh_visobert_09418,Cs itel A6 k,0,0,0,0,0,0,neutral,other,train,SEACrowd/ViSoBERT
fresh_visobert_09313,Giọng anh trung B52 thánh thót vãi lồn,0,0,0,1,0,1,neutral,disgust,train,SEACrowd/ViSoBERT
fresh_visobert_10626,Quang Quang Tường cãi lộn cát không,0,0,0,0,0,0,neutral,other,train,SEACrowd/ViSoBERT
fresh_visobert_00183,nguoi mien trung nhu chi ngoi cac bac chui thoi )),0,0,0,0,0,0,neutral,other,train,SEACrowd/ViSoBERT
fresh_visobert_06801,"Mua mấy lần rồi và vẫn tin dùng, mùi này rất thơm mọi người nên mua",0,0,0,0,0,0,neutral,other,train,SEACrowd/ViSoBERT
fresh_visobert_02755,đm hình lựa má lựa ảnh hãm loz,1,0,0,0,0,1,negative,anger,train,SEACrowd/ViSoBERT
fresh_visobert_03327,đm bọn cặc thuyết phục xl,1,0,0,0,0,1,negative,anger,train,SEACrowd/ViSoBERT
fresh_visobert_09420,GfffffhhcccvbbvvdsrvfnsgmdhmhdndnsgngdegegnrgngangNrh eh eh sg à à sf ehnyeney à ac ad da,0,0,0,0,0,0,neutral,other,train,SEACrowd/ViSoBERT
fresh_visobert_04547,khánh vân kia tóc đẹp,0,0,0,0,0,0,positive,enjoyment,train,SEACrowd/ViSoBERT
fresh_visobert_03109,trần dần vn hoài linh giải nghệ trấn thành chuyển hẳn mc nha anh em,0,0,0,0,0,0,neutral,other,train,SEACrowd/ViSoBERT
fresh_visobert_07396,Chúng m càng soi thì bố m càng sáng à,1,0,1,0,0,0,neutral,surprise,train,SEACrowd/ViSoBERT
fresh_visobert_09677,Nổi tiếng quá anti ngọt,0,0,0,0,1,0,neutral,other,train,SEACrowd/ViSoBERT
fresh_visobert_07817,Sẽ tiếp tục ủng hộ shop.,0,0,0,0,1,0,positive,enjoyment,train,SEACrowd/ViSoBERT
fresh_visobert_11784,Bổ chết moẹ abe bây giờ,0,0,0,0,0,0,neutral,other,train,SEACrowd/ViSoBERT
fresh_visobert_07636,miếng cơm manh áo. ADi đà phật,0,0,0,0,0,0,neutral,other,train,SEACrowd/ViSoBERT
fresh_visobert_11789,Số người đi học mới về xem luôn=>✋,0,0,0,0,0,0,neutral,other,train,SEACrowd/ViSoBERT
fresh_visobert_10308,Quốc Bảo má =))))))))))))))) sao mng học OA đều khổ như anh kìa 🤣🤣,1,1,0,1,0,1,neutral,enjoyment,train,SEACrowd/ViSoBERT
fresh_visobert_01425,dm trọng lắm chiêu nhìu cặc trò eo lam đc cc gi,1,0,0,0,0,1,neutral,anger,train,SEACrowd/ViSoBERT
fresh_visobert_07406,Nghe nói xe này chạy ổn nhưng giao diện đầu xe hơi kì bữa thấy có 5tr,1,0,1,0,0,0,positive,surprise,train,SEACrowd/ViSoBERT
fresh_visobert_11044,Ha tinh co ak,0,0,0,0,0,0,neutral,other,train,SEACrowd/ViSoBERT
fresh_visobert_05628,trà vũ gọi ng vưa vưa ))),0,0,0,0,0,0,neutral,other,train,SEACrowd/ViSoBERT
fresh_visobert_02897,cháu minh hiếu học zị,0,0,0,0,0,0,neutral,other,train,SEACrowd/ViSoBERT
fresh_visobert_04268,tiki hân hành chương trình chân thối hiếu mập,0,0,0,0,0,0,neutral,other,train,SEACrowd/ViSoBERT
fresh_visobert_07707,Này mưa chạy té sml 😂,1,0,0,1,0,0,positive,enjoyment,train,SEACrowd/ViSoBERT
fresh_visobert_09950,Co quan coc xuat du ko ak,0,0,0,0,0,0,neutral,other,train,SEACrowd/ViSoBERT
fresh_visobert_01851,chuyên gia tâm lí giành chàng trai,0,0,0,0,0,0,neutral,other,train,SEACrowd/ViSoBERT
fresh_visobert_03381,sẵn xích lô pnw 5,0,0,0,0,0,0,positive,enjoyment,train,SEACrowd/ViSoBERT
fresh_visobert_02592,con em mèo tôm,0,0,0,0,0,0,neutral,other,train,SEACrowd/ViSoBERT
fresh_visobert_04319,trông khổ vãi đái mong má tổ quốc,0,0,0,1,0,0,neutral,surprise,train,SEACrowd/ViSoBERT
fresh_visobert_00539,hard cc nưax thầy cứ đanh man phi te ok vcsa,0,0,0,0,1,0,positive,enjoyment,train,SEACrowd/ViSoBERT
fresh_visobert_10127,Nguyễn Đức Mạnh m quên t fan cứng à 😝😋,0,0,0,0,1,0,positive,enjoyment,train,SEACrowd/ViSoBERT
fresh_visobert_00222,trung magic,0,0,0,0,0,0,neutral,fear,train,SEACrowd/ViSoBERT
fresh_visobert_06722,Add em vớii nha chị,0,0,0,0,0,0,neutral,other,train,SEACrowd/ViSoBERT
fresh_visobert_04884,lê hữu đức video,0,0,0,0,1,0,neutral,other,train,SEACrowd/ViSoBERT
fresh_visobert_11823,Anh Thy WM Từ Sơn ạ,0,0,0,0,0,0,neutral,other,train,SEACrowd/ViSoBERT
fresh_visobert_08904,Nhìn ngọc mặt mọc vẫn xinh,0,0,0,0,0,0,neutral,other,train,SEACrowd/ViSoBERT
fresh_visobert_06378,Nguyễn Loan cả thể hiện sự giàu có nữa 😎,0,0,0,0,0,0,positive,enjoyment,train,SEACrowd/ViSoBERT
fresh_visobert_07056,Còn en nào thì chưa chuẩn đoán được,0,0,0,0,0,0,positive,enjoyment,train,SEACrowd/ViSoBERT
fresh_visobert_07516,Có ai dạy free ko ạ 😅,0,0,0,0,1,0,neutral,other,train,SEACrowd/ViSoBERT
fresh_visobert_08947,Cảm thấy MV lần này không có dì là bùng nổ cho lắm,0,0,0,1,1,0,neutral,other,train,SEACrowd/ViSoBERT
fresh_visobert_05017,love you chu cà mo,0,0,0,0,1,0,positive,enjoyment,train,SEACrowd/ViSoBERT
fresh_visobert_06110,Emart ở bên hàn liệu có không nhệ,0,0,0,0,0,0,negative,sadness,train,SEACrowd/ViSoBERT
fresh_visobert_07065,Nhớ Mãi Lớp Tui còn nha,0,0,0,0,0,0,neutral,other,train,SEACrowd/ViSoBERT
fresh_visobert_02921,hàm cặc bodoi,0,0,0,0,0,0,negative,other,train,SEACrowd/ViSoBERT
fresh_visobert_03230,đcm bọn animal tand bt cặc ăn tiền xử,0,0,0,0,0,0,neutral,other,train,SEACrowd/ViSoBERT
fresh_visobert_06292,Giá sao vậy Shop ?,0,0,0,0,1,0,neutral,other,train,SEACrowd/ViSoBERT
fresh_visobert_10194,"ầy xầy lên Hồ Gươm thì zễ, tìm đường trong khu phố cổ ms hộc máu 🥲",0,0,0,0,0,0,neutral,sadness,train,SEACrowd/ViSoBERT
fresh_visobert_03552,nguyễn vũ thu phương châu minh nhi uyen kiếm tiền mua goods,0,0,0,0,0,0,neutral,other,train,SEACrowd/ViSoBERT
fresh_visobert_07296,một sinh vật xinh đẹp và hiền lành . tiếc cho nó quá,0,0,0,0,0,0,neutral,enjoyment,train,SEACrowd/ViSoBERT
fresh_visobert_08945,"lại gần nó tưởng tranh thức ăn với nó thì nó phản ứng là phải rồi, con chó cũng thế nó mà đăng ăn thì bình thường nó hiền đến mấy mà khi ăn động vào nó phập cho thôi rồi",1,1,1,0,0,1,neutral,disgust,train,SEACrowd/ViSoBERT
fresh_visobert_00063,Tùy ngành thôi. Xét từng hoàn cảnh,0,0,0,0,0,0,neutral,other,train,SEACrowd/ViSoBERT
fresh_visobert_07183,Cô Minh hiếu dễ thương vl😂❤,1,1,0,1,0,1,positive,enjoyment,train,SEACrowd/ViSoBERT
fresh_visobert_08800,Tiếng ve kêu remix thì khỏi phải bàn:)?,1,0,0,0,1,0,neutral,other,train,SEACrowd/ViSoBERT
fresh_visobert_04691,tien loc truong,0,0,0,0,1,0,negative,fear,train,SEACrowd/ViSoBERT
fresh_visobert_03004,mặt đàn ông tiếng má đàn bà nam nữ,0,0,0,0,0,0,neutral,other,train,SEACrowd/ViSoBERT
fresh_visobert_08106,Em lơn r ma vân đươc li xi may ghê a,0,0,0,0,0,0,negative,disgust,train,SEACrowd/ViSoBERT
fresh_visobert_00749,tui xe merc camera hành trình lưu xe cặc cảnh tội cắt ghép clip bôi nhọ lãnh đạo vu khống xuyên tạc,0,0,0,0,1,0,neutral,other,train,SEACrowd/ViSoBERT
fresh_visobert_10520,Đi ngủ cô ơi,0,0,0,0,0,0,neutral,sadness,train,SEACrowd/ViSoBERT
fresh_visobert_02005,video call đẹp traiii,0,0,0,0,1,0,positive,enjoyment,train,SEACrowd/ViSoBERT
fresh_visobert_09119,chào e nè chị,0,0,0,0,0,0,positive,sadness,train,SEACrowd/ViSoBERT
fresh_visobert_00131,côn đồ cục súc vô nhân tính cặc đề nghi vn nhà nước vn ban thưởng,0,0,0,0,0,0,neutral,other,train,SEACrowd/ViSoBERT
fresh_visobert_06239,Thế này có phải yêu ko,0,0,0,0,0,0,positive,enjoyment,train,SEACrowd/ViSoBERT
fresh_visobert_08282,M hết cách làm vỡ kính à mà phải dùng ná 😑,1,0,1,0,0,0,neutral,surprise,train,SEACrowd/ViSoBERT
fresh_visobert_03141,abe ròii giáo,0,0,0,0,0,0,neutral,other,train,SEACrowd/ViSoBERT
fresh_visobert_02078,chính quyền cặc lờ,0,0,0,0,0,0,negative,sadness,train,SEACrowd/ViSoBERT
fresh_visobert_10844,Khẳng định ông này đang mang thai,0,0,0,0,0,0,neutral,other,train,SEACrowd/ViSoBERT
fresh_visobert_01015,chi tim đươc linh loc nhơ đanh dum,0,0,0,0,0,0,neutral,other,train,SEACrowd/ViSoBERT
fresh_visobert_06104,Hải Chiii chắc phải check cả nội dung chuyển khoản thoiii,0,0,0,0,1,0,neutral,other,train,SEACrowd/ViSoBERT
fresh_visobert_00007,Định bụng ko khẩu nghiệp rồi. Mà xuất hiện nhiều quá 😡,1,0,1,0,0,0,negative,anger,train,SEACrowd/ViSoBERT
fresh_visobert_04604,mong sao đừng bảo việt nghĩ chán ăn mặc ý thức,0,0,0,0,0,0,negative,sadness,train,SEACrowd/ViSoBERT
fresh_visobert_05911,Chả biết thế nào chứ bà giúp vc nhà mình ăn siêu chậm. Lúc nào cũng xuất phát đầu tiên và kết quả luôn về đích sau cùng🤣🤣,1,1,0,1,0,1,neutral,enjoyment,train,SEACrowd/ViSoBERT
fresh_visobert_05928,NÊN E ĐẸP NHƯ NÀYYYYY,0,0,0,1,0,0,positive,enjoyment,train,SEACrowd/ViSoBERT
fresh_visobert_10987,Tôi thấy trong dịch Covid-19 này có 1 điểm chung !tất cả các nơi bị dịch bệnh tàn phá mạnh nhất đều là các quốc gia đã và đang là các đế quốc hùng mạnh trong lịch sử và hiện tại...,0,0,0,0,0,0,neutral,other,train,SEACrowd/ViSoBERT
fresh_visobert_00737,team xanh vô phá team đỏ team đỏ dám team xanh bá đạo hâm mộ ka ka,1,0,0,1,1,1,neutral,disgust,train,SEACrowd/ViSoBERT
fresh_visobert_06031,e chao chi my,0,0,0,0,1,0,neutral,other,train,SEACrowd/ViSoBERT
fresh_visobert_03305,ngta ngủ thầy ai ngủ điểm danh phát,0,0,0,0,0,0,neutral,other,train,SEACrowd/ViSoBERT
fresh_visobert_03204,thùy trang kokkai pham )))),0,0,0,0,0,0,positive,enjoyment,train,SEACrowd/ViSoBERT
fresh_visobert_08989,Múp thích mà😁,1,0,1,0,0,0,positive,enjoyment,train,SEACrowd/ViSoBERT
fresh_visobert_09859,Chết là phải toàn thành phần óc chó đua xe không,1,0,0,0,0,1,neutral,disgust,train,SEACrowd/ViSoBERT
fresh_visobert_06805,Cảm ơn thầy. Quá hay,0,0,0,0,0,0,positive,enjoyment,train,SEACrowd/ViSoBERT
fresh_visobert_02742,chửi vừa lòng vl 🤣 🤣,1,1,0,1,0,1,neutral,enjoyment,train,SEACrowd/ViSoBERT
fresh_visobert_10273,thuyết phục 😌,0,0,0,0,0,0,neutral,other,train,SEACrowd/ViSoBERT
fresh_visobert_06072,Hạnh Hống Hách trông :))),1,0,0,0,0,0,neutral,other,train,SEACrowd/ViSoBERT
fresh_visobert_09061,Charlotte từ bên tantei moi shindeiru qua destiny làm chị còn Siesta làm Cosette,0,0,0,0,0,0,neutral,other,train,SEACrowd/ViSoBERT
fresh_visobert_07611,"bạn lên kiếm bt xoa bóp nha, có loại làm to ra và nhỏ lại, nhớ đọc kĩ nha, nếu nhà có đk thì tập Gym có hlv riêng chắc là sẽ vừa vặn đc",0,0,0,0,0,0,neutral,other,train,SEACrowd/ViSoBERT
fresh_visobert_09828,Ai mua bán không - 7 Diệu Hằng Nguyễn Ngoc Duyen,0,0,0,0,0,0,neutral,other,train,SEACrowd/ViSoBERT
fresh_visobert_02119,tự do ngôn luận hở trái ý mấy má mấy má nhảy học người ta kìa học hỏi tiếp thu ý kiến cho dù cặc ý kiến bất đồng phát triển bọn mày xíu bu chửi kia dlv bôi bọn mày,0,0,0,0,0,0,neutral,other,train,SEACrowd/ViSoBERT
fresh_visobert_11351,Rọong Làm Dân học chuẩn bị nấu cho vk nha,0,0,0,0,0,0,positive,enjoyment,train,SEACrowd/ViSoBERT
fresh_visobert_08221,đi ngoài đường trái phải còn không biết mà vẫn sống thì giỏi đấy nhỉ,1,0,1,0,0,0,neutral,surprise,train,SEACrowd/ViSoBERT
fresh_visobert_08461,. Muốn nhân viên tự nguyện cống hiến thì bạn phải là tấm gương . Chứ ko phải dùng chức danh để bắt họ phải làm điều mình muốn .,0,0,0,0,0,0,neutral,other,train,SEACrowd/ViSoBERT
fresh_visobert_03275,dễ thương hết sức,0,0,0,0,0,0,positive,enjoyment,train,SEACrowd/ViSoBERT
fresh_visobert_05362,đời cháu tiểu,0,0,0,0,0,0,neutral,other,train,SEACrowd/ViSoBERT
fresh_visobert_00295,trung đầu cặc tí đầu lân clg,0,0,0,0,0,0,neutral,other,train,SEACrowd/ViSoBERT
fresh_visobert_05259,lê khánh an trăm trăm vừa lòng thiên hạ,0,0,0,0,0,0,neutral,other,train,SEACrowd/ViSoBERT
fresh_visobert_08790,Có những người cả đời này không muôn gặp lại lần .Dù chỉ là lướt qua nhau,0,0,0,0,0,0,neutral,other,train,SEACrowd/ViSoBERT
fresh_visobert_08699,Em < chào chị,0,0,0,0,0,0,neutral,enjoyment,train,SEACrowd/ViSoBERT
fresh_visobert_03901,đồ hiệu cao bằng,0,0,0,0,0,0,neutral,enjoyment,train,SEACrowd/ViSoBERT
fresh_visobert_06080,Fan của schannel từ lúc k sub đến h,0,0,0,0,1,0,neutral,other,train,SEACrowd/ViSoBERT
fresh_visobert_08905,Khi hôm đi ngang này Nathan Ho,0,0,0,0,0,0,neutral,other,train,SEACrowd/ViSoBERT
fresh_visobert_07891,Huavvel g5 mini co k,0,0,0,0,0,0,neutral,other,train,SEACrowd/ViSoBERT
fresh_visobert_05451,hoài thu trc hẳn cắt mái,0,0,0,0,0,0,neutral,other,train,SEACrowd/ViSoBERT
fresh_visobert_03087,thay việt nam = 4 thái lan phương trình ta,0,0,0,0,0,0,positive,enjoyment,train,SEACrowd/ViSoBERT
fresh_visobert_01083,xd giấy phép,0,0,0,0,0,0,neutral,enjoyment,train,SEACrowd/ViSoBERT
fresh_visobert_06740,Nguyễn Thị Thu Hường oh,0,0,0,0,0,0,neutral,other,train,SEACrowd/ViSoBERT
fresh_visobert_05539,poster ngầu lòii 😎 😎 mv hong bt hoảng hốt hong ))),0,0,0,0,1,0,positive,fear,train,SEACrowd/ViSoBERT
fresh_visobert_00066,em xin loi anh nhe,0,0,0,0,0,0,negative,fear,train,SEACrowd/ViSoBERT
fresh_visobert_08233,thẻ rút kinh nghiệm đấy :)),0,0,0,0,0,0,negative,disgust,train,SEACrowd/ViSoBERT
fresh_visobert_07711,Nguyễn Kim Anh dạ chị có thể đổi qua túi cho bé tổng là 5 túi ạ.,0,0,0,0,0,0,neutral,other,train,SEACrowd/ViSoBERT
fresh_visobert_07978,"Covid không chừa một ai, liệu Trump đã biết sợ chưa? Hy vọng ông vượt qua được ải này.Chỉ là một thương gia mà lại không thèm nghe khuyến cáo của các chuyên gia y tế.",1,1,1,0,0,1,negative,fear,train,SEACrowd/ViSoBERT
fresh_visobert_11137,Thầy đang sống lâu mình á,0,0,0,0,0,0,neutral,other,train,SEACrowd/ViSoBERT
fresh_visobert_00871,ngô thị vân anh,0,0,0,0,0,0,neutral,fear,train,SEACrowd/ViSoBERT
fresh_visobert_09354,dép đẹp y hình nha,0,0,0,0,0,0,positive,enjoyment,train,SEACrowd/ViSoBERT
fresh_visobert_07690,Con bạn cùng phòng t nó còn chả biết pha cos là như nào =)))),1,1,0,1,0,1,neutral,disgust,train,SEACrowd/ViSoBERT
fresh_visobert_11211,Sau rieng malaisia ngon lam minh o ben day toi mua la an benh luon hihihi.💖💖💖,0,0,0,0,0,0,positive,enjoyment,train,SEACrowd/ViSoBERT
fresh_visobert_04848,tiền dịch vụ hạn chế bớt cò cong băng xứng đáng khám dịch vụ rẻ khám ăn xin ăn thua,0,0,0,0,0,0,neutral,other,train,SEACrowd/ViSoBERT
fresh_visobert_03957,lỗ mũi chuột yêu quái phim tây du ký toàn yêu quái lạ kg,0,0,0,0,0,0,positive,enjoyment,train,SEACrowd/ViSoBERT
fresh_visobert_00904,dậy thành công,0,0,0,0,0,0,positive,enjoyment,train,SEACrowd/ViSoBERT
fresh_visobert_08418,Goi ten em di chi .bà bông dag xem kia,0,0,0,0,0,0,neutral,other,train,SEACrowd/ViSoBERT
fresh_visobert_09652,Số thẻ VinID: 8888 7 785 Nguyen Phuc,0,0,0,0,0,0,neutral,other,train,SEACrowd/ViSoBERT
fresh_visobert_05525,tấc diêng dấn idol phát tấc diêng lượt view hẳn,0,0,0,0,1,0,neutral,other,train,SEACrowd/ViSoBERT
fresh_visobert_11700,Ngô Hoàng Yến dola nhà mình thì bị bão trong lòng,0,0,0,0,0,0,neutral,other,train,SEACrowd/ViSoBERT
fresh_visobert_09698,Nguyễn Luận thầy oi,0,0,0,0,0,0,neutral,other,train,SEACrowd/ViSoBERT
fresh_visobert_08404,"Nhưng sau khi mua son đi ăn thì có vui ko. Vui là đc , tiền kiếm từ từ 😆",0,0,1,0,0,0,positive,enjoyment,train,SEACrowd/ViSoBERT
fresh_visobert_00555,chúc mừng thầy nha,0,0,0,0,0,0,positive,other,train,SEACrowd/ViSoBERT
fresh_visobert_05425,tuấn bọn coi cảm cúm thông thường cách li ))),0,0,0,0,0,0,neutral,other,train,SEACrowd/ViSoBERT
fresh_visobert_02079,xoăn sương sương )),0,0,0,0,0,0,negative,other,train,SEACrowd/ViSoBERT
fresh_visobert_03889,clear mái tóc xanh sạch đẹp,0,0,0,0,0,0,positive,enjoyment,train,SEACrowd/ViSoBERT
fresh_visobert_07309,Bích Liên Nguyễn đúng rồi chị,0,0,0,0,0,0,neutral,other,train,SEACrowd/ViSoBERT
fresh_visobert_04601,dính côvi xong đấy,0,0,0,0,0,0,negative,anger,train,SEACrowd/ViSoBERT
fresh_visobert_07895,Hoàng Khánh Vy cho k nhác lấy vy hè 😂,0,0,0,0,0,0,positive,enjoyment,train,SEACrowd/ViSoBERT
fresh_visobert_05940,HI VỌNG MÌNH MAY MẮN :(((,0,0,0,0,0,0,neutral,other,train,SEACrowd/ViSoBERT
fresh_visobert_00003,Phan Hoàng Anh Thư tứk,0,0,0,0,0,0,neutral,other,train,SEACrowd/ViSoBERT
fresh_visobert_03612,đm đường mays chị em buôn bán đường mấy anh em mua mượn biếc cố xảy cặc mấy chị em tâm trạng đứng rớt sợ rớt lồn đường làm ăn,1,0,0,0,0,1,negative,fear,train,SEACrowd/ViSoBERT
fresh_visobert_09250,Muốn ôm trọn đất trời tan vào cõi hư vô.,0,0,0,0,0,0,neutral,other,train,SEACrowd/ViSoBERT
fresh_visobert_09903,Chị về với anh Hải đi Số phận an bài chị r,0,0,0,0,0,0,neutral,other,train,SEACrowd/ViSoBERT
fresh_visobert_06569,Khách báo quá báo e,0,0,0,0,0,0,neutral,other,train,SEACrowd/ViSoBERT
fresh_visobert_10750,Chj thích ăn món hàn quốc hả,1,0,0,0,0,0,positive,enjoyment,train,SEACrowd/ViSoBERT
fresh_visobert_06833,Toi nghiep e w.,0,0,0,0,0,0,negative,other,train,SEACrowd/ViSoBERT
fresh_visobert_10517,"Lần đầu mua thử blackmore cũng ok, viên lớn",0,0,0,0,1,0,positive,enjoyment,train,SEACrowd/ViSoBERT
fresh_visobert_02749,ủng hộ tiên tri vũ trụ ))),0,0,0,0,0,0,positive,enjoyment,train,SEACrowd/ViSoBERT
fresh_visobert_04326,lương kiều trúc uyên đồng quan điểm,0,0,0,0,0,0,neutral,other,train,SEACrowd/ViSoBERT
fresh_visobert_03324,việt nam trc thời đại,0,0,0,0,0,0,neutral,other,train,SEACrowd/ViSoBERT
fresh_visobert_05800,cuã su phu hét rùi,0,0,0,0,0,0,neutral,other,train,SEACrowd/ViSoBERT
fresh_visobert_07697,Hồng Ngọc đấy có tiêng mà làm hẳn thế này cơ,1,0,1,0,0,0,neutral,surprise,train,SEACrowd/ViSoBERT
fresh_visobert_02719,bé phở ghê dỏ )),0,0,0,0,0,0,negative,disgust,train,SEACrowd/ViSoBERT
fresh_visobert_05503,lòi mồng chiến sỹ,0,0,0,0,0,0,positive,enjoyment,train,SEACrowd/ViSoBERT
fresh_visobert_04812,ý kiến má gọi phản động xàm vl,1,0,0,1,0,1,neutral,disgust,train,SEACrowd/ViSoBERT
fresh_visobert_08679,Thêm tỉ cái chủ Nhật lun đi 😭,0,0,0,0,0,0,negative,sadness,train,SEACrowd/ViSoBERT
fresh_visobert_00068,Này chắc ông xẻo của đứa nào ra đếm chứ ai hơi đâu nằm ngửa ra cho ông lần mần đếm từng dây có mà chết😀,1,1,1,0,0,1,neutral,disgust,train,SEACrowd/ViSoBERT
fresh_visobert_10890,Kiểu : cút cụ m đi 🤣,0,0,0,0,0,0,neutral,enjoyment,train,SEACrowd/ViSoBERT
fresh_visobert_01698,cắt cổ đối thủ trung sát thủ,0,0,0,0,0,0,neutral,other,train,SEACrowd/ViSoBERT
fresh_visobert_04205,coi cười toét mồm =)),1,0,0,0,0,0,neutral,enjoyment,train,SEACrowd/ViSoBERT
fresh_visobert_06000,Haha tới công chuyện luôn mẹ ơi Thúy Bụi,0,0,0,0,0,0,neutral,enjoyment,train,SEACrowd/ViSoBERT
fresh_visobert_01735,đm nhiu giấu bây nhiu chó cặc tv ad đăng ng ta,1,0,0,0,0,1,negative,anger,train,SEACrowd/ViSoBERT
fresh_visobert_04034,đập chết má cmn,0,0,0,0,0,0,negative,anger,train,SEACrowd/ViSoBERT
fresh_visobert_10597,"Ịn ịn mấy cái bông cũng thú vị ghê 🤣🤣 mua cả đống về dùng dần cho bạn dùng thử luôn ai cũng ưng hết, bước vô nhà vệ sinh mà nó thơm dễ chịu gì đâu. Thích lắm ạ ❤️❤️❤️❤️❤️❤️❤️❤️❤️❤️❤️❤️❤️❤️❤️❤️❤️❤️❤️❤️",1,1,1,0,0,1,positive,enjoyment,train,SEACrowd/ViSoBERT
fresh_visobert_08261,bạn muốn mua cuốn j thế ^^,1,0,0,0,0,0,positive,enjoyment,train,SEACrowd/ViSoBERT
fresh_visobert_07747,Các bạn đừng chửi tớ nhưng có thể cho tớ hỏi bạn,1,1,1,0,0,1,neutral,disgust,train,SEACrowd/ViSoBERT
fresh_visobert_00812,phat huynh trái dừa ))),0,0,0,0,0,0,neutral,other,train,SEACrowd/ViSoBERT
fresh_visobert_00410,hợp lý ưi 🤣 🤣,0,0,0,0,0,0,neutral,enjoyment,train,SEACrowd/ViSoBERT
fresh_visobert_09452,Ui trans xịn vch hiuhiu,1,0,0,0,0,0,positive,enjoyment,train,SEACrowd/ViSoBERT
fresh_visobert_07118,Nam mô Đại Từ đại bi cứu khổ cứu nạn quảng đại linh cảm ứng quán thế âm bồ tát MA HA TÁT,0,0,0,0,0,0,neutral,other,train,SEACrowd/ViSoBERT
fresh_visobert_09925,Nó làm cho gấu tức mà tự cắn răng mà tự tử tử đi đấy. Huhu,1,0,1,0,0,1,negative,anger,train,SEACrowd/ViSoBERT
fresh_visobert_08435,"Luật,mar,tiếng anh ,văn hoá ,tâm lý 😢",0,0,0,0,0,0,negative,sadness,train,SEACrowd/ViSoBERT
fresh_visobert_01517,kiểu cs đánh úp hồi chiến tranh 😂 😂 😆,0,0,0,0,0,0,positive,enjoyment,train,SEACrowd/ViSoBERT
fresh_visobert_01714,atm cao lãnh 😂 😂 😂,0,0,0,0,0,0,positive,enjoyment,train,SEACrowd/ViSoBERT
fresh_visobert_08368,Thi con hơn thế r,0,0,0,0,0,0,neutral,other,train,SEACrowd/ViSoBERT
fresh_visobert_02435,thần má kinh,0,0,0,1,0,0,negative,disgust,train,SEACrowd/ViSoBERT
fresh_visobert_06393,Chỉ Cần: CHỨNG MINH NHÂN DÂN,0,0,0,0,0,0,neutral,other,train,SEACrowd/ViSoBERT
fresh_visobert_05360,chúc mừg abe căc cặc hơi to nha,0,0,0,0,0,0,neutral,other,train,SEACrowd/ViSoBERT
fresh_visobert_06786,Tâm Hà những pha quẹt phải rất mặn mà.,1,0,1,1,0,0,neutral,surprise,train,SEACrowd/ViSoBERT
fresh_visobert_04765,ta mùi vàng đẹp idol,0,0,0,0,1,0,positive,enjoyment,train,SEACrowd/ViSoBERT
fresh_visobert_08504,Hết tiền thì hốt nguyên đóng c*t luôn,0,0,0,0,0,0,neutral,other,train,SEACrowd/ViSoBERT
fresh_visobert_05319,ok tộc trưởng chúc lễ vui vẻ,0,0,0,0,1,0,positive,enjoyment,train,SEACrowd/ViSoBERT
fresh_visobert_04308,biển đất liền,0,0,0,0,0,0,positive,enjoyment,train,SEACrowd/ViSoBERT
fresh_visobert_08090,Mình có chân khôngTrang Ngát,0,0,0,0,0,0,neutral,other,train,SEACrowd/ViSoBERT
fresh_visobert_02431,75 công dân thưởng =)),1,0,0,0,0,0,neutral,other,train,SEACrowd/ViSoBERT
fresh_visobert_07045,khoi my xinh dep,0,0,0,0,1,0,neutral,other,train,SEACrowd/ViSoBERT
fresh_visobert_05445,tàu việt nam bắn vịnh thái lan cư dân mạng bảo trung quốc ngồi bờ lắm,0,0,0,0,0,0,neutral,other,train,SEACrowd/ViSoBERT
fresh_visobert_03634,tùng cặc hỏng )))),0,0,0,0,0,0,negative,sadness,train,SEACrowd/ViSoBERT
fresh_visobert_07583,Nam mô a di đà PHật,0,0,0,0,0,0,neutral,other,train,SEACrowd/ViSoBERT
fresh_visobert_06128,Giá Oppo fs:7499. Số may mắn : 5,0,0,0,0,0,0,neutral,other,train,SEACrowd/ViSoBERT
fresh_visobert_01676,du na chet bat thuong trai tam giam chu vo fai benh vien deo cặc dau ma tui bay dao boi soi moc xoay vao lam ccc,0,0,0,0,0,0,neutral,other,train,SEACrowd/ViSoBERT
fresh_visobert_04131,xã hội phức tạp,0,0,0,0,0,0,negative,sadness,train,SEACrowd/ViSoBERT
fresh_visobert_02577,đường đi cây xăng xăng tăng giá,0,0,0,0,0,0,neutral,other,train,SEACrowd/ViSoBERT
fresh_visobert_02777,xài xài hjhj,0,0,0,0,0,0,positive,enjoyment,train,SEACrowd/ViSoBERT
fresh_visobert_04249,tú tý tởn cười cặc qq,0,0,0,0,0,0,neutral,other,train,SEACrowd/ViSoBERT
fresh_visobert_03051,mấy nghèo chết đói v trc má gửi đồ minh hiếu từ thiện dell,0,0,0,0,0,0,neutral,other,train,SEACrowd/ViSoBERT
fresh_visobert_09472,Cột tóc lên liền :)),1,0,0,0,0,0,neutral,other,train,SEACrowd/ViSoBERT
fresh_visobert_01727,giọng truyện ma đc đấy độ,0,0,0,0,0,0,neutral,other,train,SEACrowd/ViSoBERT
fresh_visobert_04465,ok thầy thầy sela,0,0,0,0,1,0,positive,enjoyment,train,SEACrowd/ViSoBERT
fresh_visobert_09919,Live hay hơn rồi :<<,0,0,0,0,1,0,positive,enjoyment,train,SEACrowd/ViSoBERT
fresh_visobert_09550,Quên là mới li dị để ẻm tới dí nhao,0,0,0,0,0,0,neutral,other,train,SEACrowd/ViSoBERT
fresh_visobert_07739,Khánh Hiền Thanh Sơn noel nhể,0,0,0,0,0,0,neutral,other,train,SEACrowd/ViSoBERT
fresh_visobert_11176,"Sản phẩm đúng miêu tả,dùng tốt.",0,0,0,0,0,0,positive,enjoyment,train,SEACrowd/ViSoBERT
fresh_visobert_11487,Lin cuk suk thặc cute😚,0,0,0,0,1,0,positive,enjoyment,train,SEACrowd/ViSoBERT
fresh_visobert_03984,mạo danh trần dần hả,1,0,0,0,0,0,neutral,surprise,train,SEACrowd/ViSoBERT
fresh_visobert_03268,đẹp trai thầy mua,0,0,0,0,0,0,positive,enjoyment,train,SEACrowd/ViSoBERT
fresh_visobert_10342,Còn gì tuyệt vời hơn khi Vietcetera sẽ gặp may mắn trong hôm nay 5/4/,1,1,0,0,0,0,positive,enjoyment,train,SEACrowd/ViSoBERT
fresh_visobert_09899,Muốn vừa ôm vừa chơi,0,0,0,0,1,0,positive,sadness,train,SEACrowd/ViSoBERT
fresh_visobert_02295,combo bất hạnh 🤣 🤣,0,0,0,0,0,0,neutral,enjoyment,train,SEACrowd/ViSoBERT
fresh_visobert_04117,trần dần chém gió nghèo kiết xác tiền cặc gãy mà còn chem gió,1,0,1,0,0,0,neutral,surprise,train,SEACrowd/ViSoBERT
fresh_visobert_08976,Thôi mỗi tháng 4-5 chục chiếc là ngon roài. Cố gắng phát huy,0,0,0,0,0,0,neutral,other,train,SEACrowd/ViSoBERT
fresh_visobert_06543,Chúc mừng nước Úc 🐧,0,0,0,0,0,0,neutral,other,train,SEACrowd/ViSoBERT
fresh_visobert_02718,dong lay tien dau de sua ong nuoc songda,0,0,0,0,0,0,neutral,other,train,SEACrowd/ViSoBERT
fresh_visobert_07315,Ủa simple máy mô mà chơi rk ngân.,1,1,1,0,0,0,neutral,surprise,train,SEACrowd/ViSoBERT
fresh_visobert_03970,đặng cẩm nhungmai linhuyên linh,0,0,0,0,0,0,neutral,other,train,SEACrowd/ViSoBERT
fresh_visobert_09063,"Đưa về tết cho đóng táo quân, vào vai thiên lôi đúng bài",0,0,0,0,0,0,neutral,other,train,SEACrowd/ViSoBERT
fresh_visobert_08717,May quá ở nhà trông con mà chồng vẫn cung cấp tiền uống trà sữa 😀,1,0,1,0,0,1,neutral,disgust,train,SEACrowd/ViSoBERT
fresh_visobert_06859,Duyen phan toi rat thch bai nay,0,0,0,0,0,0,neutral,other,train,SEACrowd/ViSoBERT
fresh_visobert_02916,nguyen cao tuan,0,0,0,0,0,0,negative,disgust,train,SEACrowd/ViSoBERT
fresh_visobert_04067,má vàng ngọc chất sdt 957879,1,0,0,0,0,0,positive,enjoyment,train,SEACrowd/ViSoBERT
fresh_visobert_05721,facebook chi đê kkk,1,0,0,0,1,0,neutral,enjoyment,train,SEACrowd/ViSoBERT
fresh_visobert_08111,Vượng Hề đậu bắp,1,0,0,0,0,1,neutral,disgust,train,SEACrowd/ViSoBERT
fresh_visobert_08310,Nguyễn Vĩnh Thái giống anh vãi ò🤭,0,0,0,1,0,1,neutral,disgust,train,SEACrowd/ViSoBERT
fresh_visobert_07947,tnv thutrang xin ít loojv vs ạ,0,0,0,0,1,0,negative,fear,train,SEACrowd/ViSoBERT
fresh_visobert_02800,nổi tiếng thầy,0,0,0,0,1,0,negative,sadness,train,SEACrowd/ViSoBERT
fresh_visobert_05662,nhầm địa chỉ dzai,0,0,0,0,1,0,neutral,enjoyment,train,SEACrowd/ViSoBERT
fresh_visobert_07177,Đồ bay 64 (946 59,0,0,0,0,0,0,neutral,other,train,SEACrowd/ViSoBERT
fresh_visobert_05015,bản gốc xong nín thở lun,0,0,0,0,0,0,neutral,other,train,SEACrowd/ViSoBERT
fresh_visobert_11588,K chở đâu bé ơi,0,0,0,0,0,0,neutral,enjoyment,train,SEACrowd/ViSoBERT
fresh_visobert_01057,vé máy bay mn du lịch châu âu ))),0,0,0,0,0,0,neutral,other,train,SEACrowd/ViSoBERT
fresh_visobert_01529,trả lời vs gái thầy ak,0,0,0,0,0,0,neutral,other,train,SEACrowd/ViSoBERT
fresh_visobert_07733,Inox giup e voi a,0,0,0,0,0,0,neutral,other,train,SEACrowd/ViSoBERT
fresh_visobert_04104,đài phát thanh loa phường ra rả kết luận nực cười quá thể hóa ra mấy điều tra kiểu giả thuyết ban má đầu trường cung cấp vậy thì điều tra quái phán quyết bất chấp đầu gọn quả báo lắm,1,0,1,0,0,0,neutral,surprise,train,SEACrowd/ViSoBERT
fresh_visobert_05840,"E có hổ, ngựa rồi",0,0,0,0,0,0,negative,other,train,SEACrowd/ViSoBERT
fresh_visobert_10564,Trần Thu Phương ad k hỉu ìno là gì em ạ,0,0,0,0,0,0,neutral,other,train,SEACrowd/ViSoBERT
fresh_visobert_02510,sua cap thi lien quan den bang thong quoc cặc te chu noi dia van bt ad ngu ngu )),1,0,0,0,0,1,negative,disgust,train,SEACrowd/ViSoBERT
fresh_visobert_08175,Chồng nào chịu nổi v :)))),1,0,0,0,0,0,neutral,other,train,SEACrowd/ViSoBERT
fresh_visobert_03412,cai miệng co duyên chưởi nhung cai miệng co duyen,0,0,0,0,0,0,neutral,other,train,SEACrowd/ViSoBERT
fresh_visobert_09560,Nhìn đơn giản qúa,0,0,0,0,0,0,positive,sadness,train,SEACrowd/ViSoBERT
fresh_visobert_04990,nn ghiền truyện tam quốc )))),0,0,0,0,0,0,neutral,other,train,SEACrowd/ViSoBERT
fresh_visobert_03435,soái ca )) ngon,0,0,0,0,0,0,positive,sadness,train,SEACrowd/ViSoBERT
fresh_visobert_02748,thanhhuy má nguyen vcl,1,0,0,0,0,1,negative,anger,train,SEACrowd/ViSoBERT
fresh_visobert_04881,ma vang ngoc noi chuyen de thuong va,0,0,0,0,0,0,neutral,other,train,SEACrowd/ViSoBERT
fresh_visobert_03569,ghé shop nhẹ hộp mask dưỡng da đón tết chị em la la 💃 💃 💃,0,0,0,0,1,0,neutral,other,train,SEACrowd/ViSoBERT
fresh_visobert_01326,tiên tri vũ trụ đại quốc sư ba sọc quốc lưu vong trần dần 😂 😂 😂 😂 😂,0,0,0,0,0,0,positive,enjoyment,train,SEACrowd/ViSoBERT
fresh_visobert_00259,thua công khai vn ngta đón,0,0,0,0,1,0,neutral,other,train,SEACrowd/ViSoBERT
fresh_visobert_07120,Em muốn mua chiếc ex 5cc sdt em đây #688645,0,0,0,0,0,0,neutral,other,train,SEACrowd/ViSoBERT
fresh_visobert_01563,hot girl nội túi 😏 😏 😏 😏,1,1,0,0,1,0,neutral,surprise,train,SEACrowd/ViSoBERT
fresh_visobert_03785,phát hiện nhân tài muộn tiếc vn,0,0,0,0,0,0,negative,sadness,train,SEACrowd/ViSoBERT
fresh_visobert_10387,Hello cj e bị trễ,0,0,0,0,1,0,neutral,other,train,SEACrowd/ViSoBERT
fresh_visobert_02795,thời đại giang hồ toàn tụi lưu manh chó sai công cặc an vì đồng bạc rẽ lương tâm dùng giang hồ xa xỉ,0,0,0,0,0,0,neutral,other,train,SEACrowd/ViSoBERT
fresh_visobert_07288,C xuống Bảo Lộc chơi chưa c,0,0,0,0,0,0,neutral,other,train,SEACrowd/ViSoBERT
fresh_visobert_02269,xạo câu cặc nghèo,0,0,0,0,0,0,neutral,other,train,SEACrowd/ViSoBERT
fresh_visobert_01242,ngoại hạng toang lun,1,0,0,1,0,0,negative,sadness,train,SEACrowd/ViSoBERT
fresh_visobert_06795,"Sản phẩm giao nhanh hơn so với dự kiến, hàng tốt chất lượng hơn so với giá tiền...kakakakakakakakakakakakakakakkakakakakakakakakakaka",1,0,0,0,0,0,positive,enjoyment,train,SEACrowd/ViSoBERT
fresh_visobert_02325,đọc cười khùng khuya ck tui tán tui sml kkkk,1,1,0,1,0,1,neutral,enjoyment,train,SEACrowd/ViSoBERT
fresh_visobert_02779,tham gia vui chứ pc em may mắn con số 6 lắm mấy give đc 6 quên share công khai,0,0,0,0,1,0,positive,enjoyment,train,SEACrowd/ViSoBERT
fresh_visobert_01101,mấy fan ntn chê thằng ntn video ý thức cặc xong nhảy bảo ngta clm =)),1,1,0,0,1,1,neutral,anger,train,SEACrowd/ViSoBERT
fresh_visobert_07536,Như thế kiểu gì cũng có đứa có vài người yêu cho xem,1,0,0,1,0,0,positive,enjoyment,train,SEACrowd/ViSoBERT
fresh_visobert_09989,có code cmt kh chị,0,0,0,0,0,0,neutral,other,train,SEACrowd/ViSoBERT
fresh_visobert_00604,hàn kiểu dáng vn ý nghĩ ghê gớm,0,0,0,0,0,0,negative,disgust,train,SEACrowd/ViSoBERT
fresh_visobert_00060,"Nhiều lần đi ngang t vẫn đánh mắt tìm coi rùa ở đâu ,chó nơi nào :)",1,0,0,0,0,0,negative,sadness,train,SEACrowd/ViSoBERT
fresh_visobert_02740,thẻ rút kinh nghiệm lo,0,0,0,0,0,0,negative,disgust,train,SEACrowd/ViSoBERT
fresh_visobert_09874,Chi Phạm Quyên Trần cđ chó nhìu chiện thiệt chứ 🤣🤣🤣,0,0,0,0,0,0,neutral,enjoyment,train,SEACrowd/ViSoBERT
fresh_visobert_06327,Nguyễn Hồng Điệp no cồng thấy mặt bá nồng🙄 chừ lại thêm bá Tuyến Pig nì nữa😂,0,0,0,0,1,0,neutral,enjoyment,train,SEACrowd/ViSoBERT
fresh_visobert_07713,Sau này chia tay cái đổ lỗi tại nợ kiếp trước kiếp này gặp nhau để trả:),1,1,0,0,0,1,negative,disgust,train,SEACrowd/ViSoBERT
fresh_visobert_01701,nai xừ lm tiền miễn phí mốt sống phụ thuộc mốt th giàu chết nghèo chết,0,0,0,0,0,0,neutral,other,train,SEACrowd/ViSoBERT
fresh_visobert_05246,9 tỷ duy trì xác sống mãi sự nghiệp cướp bóc cặc chúng nó kinh xác già chúng nó chúng nó tha xơi,0,0,0,0,0,0,negative,disgust,train,SEACrowd/ViSoBERT
fresh_visobert_03086,nói sai chỗ xe máy gọi nỗ lực không thể nào xe nỗ lực,0,0,0,0,0,0,neutral,other,train,SEACrowd/ViSoBERT
fresh_visobert_08141,Thúy Lê tao cũng vậy😭😭😭,0,0,0,0,0,0,negative,sadness,train,SEACrowd/ViSoBERT
fresh_visobert_06146,Mấy cái hồ kia có cá k nhỉ nao vào câu cái,0,0,0,0,0,0,neutral,other,train,SEACrowd/ViSoBERT
fresh_visobert_02545,toàn video nha ác cặc phủ chết đỡ kẹp đất 😡 😡 😡,0,0,0,0,1,0,negative,anger,train,SEACrowd/ViSoBERT
fresh_visobert_04680,ảnh hợp lí,0,0,0,0,0,0,positive,enjoyment,train,SEACrowd/ViSoBERT
fresh_visobert_01377,mh đẹp hú hồn hà,0,0,0,0,0,0,positive,enjoyment,train,SEACrowd/ViSoBERT
fresh_visobert_06632,V thôi. Lừa lọc,0,0,0,0,0,0,neutral,other,train,SEACrowd/ViSoBERT
fresh_visobert_01870,giọng rap love nhạc rape life )),0,0,0,0,1,0,positive,enjoyment,train,SEACrowd/ViSoBERT
fresh_visobert_00173,tú hoa hồng mùa đông quang đâm mông,0,0,0,0,0,0,neutral,other,train,SEACrowd/ViSoBERT
fresh_visobert_05999,Có em tốt nè,0,0,0,0,0,0,positive,enjoyment,train,SEACrowd/ViSoBERT
fresh_visobert_10359,Cái thằng thấy gái là mắt sáng như đèn ô tô,0,0,0,1,0,0,neutral,other,train,SEACrowd/ViSoBERT
fresh_visobert_02354,trạm tăng giá vòng tiền xăng bố chính quyền tất nhiên bố quyền,0,0,0,0,0,0,neutral,other,train,SEACrowd/ViSoBERT
fresh_visobert_01365,chi goc hong,0,0,0,0,0,0,neutral,other,train,SEACrowd/ViSoBERT
fresh_visobert_04840,cai lậy nè,0,0,0,0,0,0,neutral,other,train,SEACrowd/ViSoBERT
fresh_visobert_11284,"khúc đầu lướt qua kh để ý tưởng kicm, do quả tóc :))",1,1,1,0,0,0,neutral,surprise,train,SEACrowd/ViSoBERT
fresh_visobert_07741,Tạ Tường em vẫn trẻ đẹp như tình yêu 2 năm về trướcccc,0,0,0,1,0,0,positive,enjoyment,train,SEACrowd/ViSoBERT
fresh_visobert_09157,i love aba ❤❤,0,0,0,0,1,0,positive,enjoyment,train,SEACrowd/ViSoBERT
fresh_visobert_02654,trông thầy bê đê vcl ))),1,0,0,0,0,1,negative,anger,train,SEACrowd/ViSoBERT
fresh_visobert_09753,hic bỏ qua chi tiết quan trọng í r :)),1,0,0,0,0,0,neutral,other,train,SEACrowd/ViSoBERT
fresh_visobert_05091,diễn tả có tiền,1,0,0,0,0,1,neutral,disgust,train,SEACrowd/ViSoBERT
fresh_visobert_06701,Còn màu j phần muối cái,0,0,0,0,0,0,neutral,other,train,SEACrowd/ViSoBERT
fresh_visobert_08650,Chắc xui rủi gì bị phát hiện thôi chứ ở đó ăn ngon mà:)),1,1,1,0,0,1,positive,disgust,train,SEACrowd/ViSoBERT
fresh_visobert_09238,E lam cn tu do ma ko co nhung e lam o day dc nam oy,0,0,0,0,0,0,neutral,other,train,SEACrowd/ViSoBERT
fresh_visobert_11156,em muốn bán order thì làm sao c Tâm? >:O,1,0,0,0,1,0,neutral,other,train,SEACrowd/ViSoBERT
fresh_visobert_05383,cố vấn cặc đàn hó,0,0,0,0,0,0,neutral,other,train,SEACrowd/ViSoBERT
fresh_visobert_10080,"đây là trang mua sắm online thích nhất của mình. mình mua trên tiki từ cái thời chỉ có bán sách đến bây giờ vẫn thích và luôn ưu tiên số một khi cần mua sắm online. giao hàng nhanh, nhiều chương trình khuyến mãi, chính sách rõ ràng, nhân viên hỗ trợ rất lịch sự, nhiệt tình, tận tâm.",0,0,0,0,1,0,positive,enjoyment,train,SEACrowd/ViSoBERT
fresh_visobert_00418,huyền khánh phùng chả vờ chả vịt )),0,0,0,0,0,0,neutral,other,train,SEACrowd/ViSoBERT
fresh_visobert_01872,đoạn yêu nàyy )),0,0,0,0,0,0,positive,enjoyment,train,SEACrowd/ViSoBERT
fresh_visobert_05977,Nhiều tiền thích thật 😆😆😆,0,0,0,0,0,0,positive,enjoyment,train,SEACrowd/ViSoBERT
fresh_visobert_05075,đừng vội toang,1,0,0,1,0,0,negative,sadness,train,SEACrowd/ViSoBERT
fresh_visobert_02251,éo ip test android,0,0,0,0,1,0,positive,enjoyment,train,SEACrowd/ViSoBERT
fresh_visobert_00966,võ minh hiếu video pro,0,0,0,0,1,0,neutral,other,train,SEACrowd/ViSoBERT
fresh_visobert_06096,Chị vs anh Hải tranh mvp với nhau điii,0,0,0,0,0,0,neutral,other,train,SEACrowd/ViSoBERT
fresh_visobert_03641,dân indo đù mé vậy nam nữ mờ v,0,0,0,0,0,0,neutral,other,train,SEACrowd/ViSoBERT
fresh_visobert_03924,tóc nốt ruồi,0,0,0,0,0,0,neutral,enjoyment,train,SEACrowd/ViSoBERT
fresh_visobert_10830,Nhìn mặc ngu ngu . thấy thôi đã mắc cười Zồi.,1,0,0,0,0,1,negative,disgust,train,SEACrowd/ViSoBERT
fresh_visobert_00652,sub abe kênh yên tâm nha abe,0,0,0,0,0,0,neutral,other,train,SEACrowd/ViSoBERT
fresh_visobert_03368,vãi idol tui vô )),0,0,0,0,1,1,neutral,disgust,train,SEACrowd/ViSoBERT
fresh_visobert_07504,"Mình ghiền xem gd hạt dẻ lắm luôn. Nhất là nàng hạt dẻ dể thương, xinh ngoan ngoãn kìa.",0,0,0,0,0,0,neutral,sadness,train,SEACrowd/ViSoBERT
fresh_visobert_00763,nguyễn việt cường cặc tù,0,0,0,0,0,0,negative,disgust,train,SEACrowd/ViSoBERT
fresh_visobert_04208,haaaaaaaaaaaaaaaaa,0,0,0,0,0,0,neutral,other,train,SEACrowd/ViSoBERT
fresh_visobert_00475,toàn dân công giáo,0,0,0,0,0,0,negative,other,train,SEACrowd/ViSoBERT
fresh_visobert_04360,chùm icm 😂,0,0,0,0,0,0,positive,enjoyment,train,SEACrowd/ViSoBERT
fresh_visobert_00272,tặng quà va len thai mn,0,0,0,0,0,0,neutral,other,train,SEACrowd/ViSoBERT
fresh_visobert_02152,trung cộng phát hiện cặc virus nước tiểu,0,0,0,0,0,0,neutral,other,train,SEACrowd/ViSoBERT
fresh_visobert_10625,. trung dần,0,0,0,0,0,0,neutral,fear,train,SEACrowd/ViSoBERT
fresh_visobert_07063,phụ da hay phụ gia ạ 😃😃,0,0,0,0,0,0,positive,enjoyment,train,SEACrowd/ViSoBERT
fresh_visobert_11809,Lê Quý Thía Nhãn Quế Nguyễn Thị Thiết bây ơiiiiii,0,0,0,0,0,0,neutral,other,train,SEACrowd/ViSoBERT
fresh_visobert_11300,Estefany Ruby pero que estuviesen así 😔,0,0,0,0,0,0,negative,sadness,train,SEACrowd/ViSoBERT
fresh_visobert_03490,lâm chí khanh nói chuyện nge mắt mệt,0,0,0,0,0,0,neutral,other,train,SEACrowd/ViSoBERT
fresh_visobert_09249,Outsider nếu có thể kiểm soát dc thì sài với một hạn mức nào đó thì sẽ k có confess phàn nàn còn Alumni thì mình k có lý do gì k cho hoặc cấm sài vì thực Alumni là phần của trường có đóng góp cho trường. Đó là theo quan điểm cá nhân của mình thực sự lúc chưa học RMIT thì mình có nghe những Alumni thuyết trình và truyền cảm hứng nên mới quyết định vào học có thể nói Alumni có sự ảnh hưởng lớn cho thế hệ sau nên đối với Alumni mình luôn tôn trọng và ngưỡng mộ,0,0,0,0,0,0,neutral,other,train,SEACrowd/ViSoBERT
fresh_visobert_09842,Nguyễn Thị Thùy Dung really?,0,0,0,0,0,0,neutral,other,train,SEACrowd/ViSoBERT
fresh_visobert_08746,KHÁCH CÓ NHU CẦU ĐẶT HOA,0,0,0,0,0,0,neutral,other,train,SEACrowd/ViSoBERT
fresh_visobert_04210,ngọc ngân suy nghĩ mk lỡ tai nạn chết xe may ô tô,0,0,0,0,0,0,neutral,other,train,SEACrowd/ViSoBERT
fresh_visobert_09551,Áo này có màu nao e,0,0,0,0,0,0,neutral,other,train,SEACrowd/ViSoBERT
fresh_visobert_07342,Chào Gấu. Chào mọi ng,0,0,0,0,0,0,positive,enjoyment,train,SEACrowd/ViSoBERT
fresh_visobert_05943,Mình mê quá nên mình tag bạn nghe cho bạn buồn thêm được ko Lan Nguyên,0,0,0,0,0,0,negative,sadness,train,SEACrowd/ViSoBERT
fresh_visobert_11237,"đang ỉa xem cười như điên , kkk",1,1,0,1,0,1,neutral,enjoyment,train,SEACrowd/ViSoBERT
fresh_visobert_04578,xăng đg đc nhà nước trợ giá rẻ,0,0,0,0,0,0,neutral,other,train,SEACrowd/ViSoBERT
fresh_visobert_03930,ng nổi tiếng,0,0,0,0,0,0,negative,sadness,train,SEACrowd/ViSoBERT
fresh_visobert_05597,dream abe 😀,0,0,0,0,1,0,neutral,enjoyment,train,SEACrowd/ViSoBERT
fresh_visobert_10284,"Tiền bạc phân minh, ái tình dứt khoát",0,0,0,0,0,0,neutral,other,train,SEACrowd/ViSoBERT
fresh_visobert_09929,còn các em này thích soju strongbow Ngoc Tran Baeni Baeni Tường Vinh,0,0,0,0,0,0,positive,enjoyment,train,SEACrowd/ViSoBERT
fresh_visobert_02691,lắm trò xh lên án nhục chán thành phần hại dân hại vô trách nhiệm gia đình cộng đồng,0,0,0,0,0,0,negative,sadness,train,SEACrowd/ViSoBERT
fresh_visobert_00861,im má mồm ))))))),0,0,0,0,0,0,negative,anger,train,SEACrowd/ViSoBERT
fresh_visobert_09643,Uyên Thái đợt j ns đây này. Làm đến mức thượng thừa này đi,0,0,0,0,0,0,neutral,other,train,SEACrowd/ViSoBERT
fresh_visobert_09704,Đáng yêu chứ k thấy đáng ghét =))),0,1,0,0,0,0,neutral,enjoyment,train,SEACrowd/ViSoBERT
fresh_visobert_08992,Xa wa k có điều kiện c ơi,0,0,0,0,0,0,neutral,other,train,SEACrowd/ViSoBERT
fresh_visobert_06853,Dạ e muốn đến lắm rồi hjhj,0,0,0,0,0,0,neutral,other,train,SEACrowd/ViSoBERT
fresh_visobert_07520,Tưởng k đô /cân chứ,0,0,0,0,0,0,negative,sadness,train,SEACrowd/ViSoBERT
fresh_visobert_01644,đẹp quên ảnh gốc ))),0,0,0,0,0,0,positive,enjoyment,train,SEACrowd/ViSoBERT
fresh_visobert_05211,quốc sư ổn yên tâm dùi,0,0,0,0,0,0,positive,enjoyment,train,SEACrowd/ViSoBERT
fresh_visobert_07075,"E có voucher tàu chú đi, tàu Ambassador day cruise ( 8 tiếng)",0,0,0,0,0,0,neutral,other,train,SEACrowd/ViSoBERT
fresh_visobert_10581,E cảm ơn chị an,0,0,0,0,0,0,positive,enjoyment,train,SEACrowd/ViSoBERT
fresh_visobert_09458,"Innisfree son dưỡng thiệt là mình rất thích. Trc đây có mua sử dụgn qua các màu trc rất okie. Son cũng lâu trôi, lâu khô. Rất thích luôn í 🌈☺️😘",0,0,0,0,0,0,positive,enjoyment,train,SEACrowd/ViSoBERT
fresh_visobert_01857,tao gửi minh hếu,0,0,0,0,0,0,negative,enjoyment,train,SEACrowd/ViSoBERT
fresh_visobert_07905,Tú Uyên :))) mẹ báo con rồi mẹ ơi,1,1,0,0,0,1,neutral,disgust,train,SEACrowd/ViSoBERT
fresh_visobert_07415,Trước mình dùng set mini vàng này thích lắm,0,0,0,0,0,0,positive,enjoyment,train,SEACrowd/ViSoBERT
fresh_visobert_04757,liên quân táo,0,0,0,0,0,0,neutral,other,train,SEACrowd/ViSoBERT
fresh_visobert_09246,Oppo Reno 5 chai,0,0,0,0,0,0,neutral,other,train,SEACrowd/ViSoBERT
fresh_visobert_07040,Hong kq tư ad qua,0,0,0,0,0,0,neutral,other,train,SEACrowd/ViSoBERT
fresh_visobert_07238,"Rất cảm phục những Nhân Sỹ như Chú , canh cánh trong lòng những nỗi niềm với Tổ Quốc , với dân tộc và phải có một lòng can đảm phi thường mới dám chấp bút viết những điều này 👍🏼👍🏼👍🏼",0,0,0,0,0,0,positive,enjoyment,train,SEACrowd/ViSoBERT
fresh_visobert_02733,minh hiếu con gái,0,0,0,0,0,0,positive,enjoyment,train,SEACrowd/ViSoBERT
fresh_visobert_07333,"Giao hàng quá nhanh, Ổ Ssd và Ram đều mới Tinh...Tình.Tinh.lại con Full Box nữa. Thank Tiki và nhà Cung Cấp",0,0,0,0,1,0,positive,enjoyment,train,SEACrowd/ViSoBERT
fresh_visobert_08285,5KM/H thì đi HN - SG phải mất 8 tiếng chưa tính thời gian nghỉ,0,0,0,0,0,0,neutral,other,train,SEACrowd/ViSoBERT
fresh_visobert_04394,alloc init 5 gettickcount,0,0,0,0,1,0,negative,fear,train,SEACrowd/ViSoBERT
fresh_visobert_03014,bệnh trời âu rắc muối ))) ây đây hẳn thuyết âm mưu ng bình thường k thể ngu dk 🙈 🙈,1,0,0,0,0,1,negative,disgust,train,SEACrowd/ViSoBERT
fresh_visobert_05382,óc nhồi đậu phụ thối má so sánh ad sai,0,0,0,0,0,0,neutral,other,train,SEACrowd/ViSoBERT
fresh_visobert_00424,hang vu đú trend roài =)),1,0,0,0,1,0,neutral,other,train,SEACrowd/ViSoBERT
fresh_visobert_11412,"Một người ca sĩ kì lạ. Không thị phi, không ồn ào, không cần phô trương bản thân, các sản phẩm không có lượt xem tăng nhanh như các ca sĩ mà chỉ cống hiến hết mình cho âm nhạc, giọng hát lôi cuốn, hát live thì ko phải nói, các concert chật kín khán giả. Dù rất thành công nhưng anh chỉ thầm lặng đóng góp cho xã hội. Đợi See, Sing, Share mùa tới. Yêu anh❤",1,1,1,1,1,1,positive,enjoyment,train,SEACrowd/ViSoBERT
fresh_visobert_10303,Mấy năm rồi không ai lì xì mình mọi người ạ :((,0,0,0,0,0,0,neutral,other,train,SEACrowd/ViSoBERT
fresh_visobert_03429,bé hoan banana tự nhiên kêu câm cặc thần kinh,0,0,0,1,0,0,negative,disgust,train,SEACrowd/ViSoBERT
fresh_visobert_06436,Hân Mít đi học lại gày sòng nha bà,0,0,0,0,0,0,neutral,other,train,SEACrowd/ViSoBERT
fresh_visobert_01849,mấy ngu dốt cặc gọi bọn nhà trí thức,1,0,0,0,0,1,negative,disgust,train,SEACrowd/ViSoBERT
fresh_visobert_07223,May quá đi. Từ nay t hiểu Loan Dương nói gì rùi,0,0,0,0,0,0,neutral,other,train,SEACrowd/ViSoBERT
fresh_visobert_03873,tổ sư bố cặc thần kinh ))),0,0,0,1,0,0,negative,disgust,train,SEACrowd/ViSoBERT
fresh_visobert_05900,Đọc sao thành nhặt bé Sa,0,0,0,0,0,0,neutral,other,train,SEACrowd/ViSoBERT
fresh_visobert_09580,Tối vẫn bật quạt thẳng đầu :))),1,0,0,0,0,0,neutral,other,train,SEACrowd/ViSoBERT
fresh_visobert_04911,đông lào tận chung kết quơn cặc mong liều mocphin lũ cừu cáo ngơ,0,0,0,0,0,0,neutral,other,train,SEACrowd/ViSoBERT
fresh_visobert_10399,Minhduc Ho nói ngay và luôn đi em 🤣🤣😈,0,0,0,0,0,0,neutral,enjoyment,train,SEACrowd/ViSoBERT
fresh_visobert_01301,admin post thể hiện cặc ngu si chắc sợ,1,0,0,0,1,1,negative,fear,train,SEACrowd/ViSoBERT
fresh_visobert_05988,Vẫn ủng hộ chị,0,0,0,0,0,0,positive,enjoyment,train,SEACrowd/ViSoBERT
fresh_visobert_07920,Ngày hôm nào cũng khịa bộ thích nhập viện à,0,0,0,0,0,0,positive,enjoyment,train,SEACrowd/ViSoBERT
fresh_visobert_03320,bảo hát đéo beat hát chay,0,0,0,0,1,0,negative,anger,train,SEACrowd/ViSoBERT
fresh_visobert_11430,Nguyễn Vạn Xuân Nguyên ?,0,0,0,0,0,0,negative,disgust,train,SEACrowd/ViSoBERT
fresh_visobert_11600,Kim Anh Pham like đi,0,0,0,0,1,0,neutral,other,train,SEACrowd/ViSoBERT
fresh_visobert_07718,Súp Pờ Hê Rô,0,0,0,0,0,0,neutral,other,train,SEACrowd/ViSoBERT
fresh_visobert_07138,"Nhiều vãi, tớ có bài thôi, nhưng massager của tớ bị làm sao ý, mọi hôm vẫn bình thường, đến mấy hôm nay có vấn đề",1,0,1,1,0,0,neutral,surprise,train,SEACrowd/ViSoBERT
fresh_visobert_11865,Xe mazda giá bao nhiêu,0,0,0,0,0,0,positive,sadness,train,SEACrowd/ViSoBERT
fresh_visobert_07677,Mk nghỉ là hk yêu bn nha vì nó quen bn chỉ vì trà sữa thôi,0,0,0,0,0,0,positive,enjoyment,train,SEACrowd/ViSoBERT
fresh_visobert_02315,tiếc ziên mì gói,0,0,0,0,0,0,negative,sadness,train,SEACrowd/ViSoBERT
fresh_visobert_03936,mai mồng đừng chửi nghỉ ngơi đầu hey xui,0,0,0,0,0,0,neutral,other,train,SEACrowd/ViSoBERT
fresh_visobert_02938,chụp mũ nhồi,0,0,0,0,0,0,negative,sadness,train,SEACrowd/ViSoBERT
fresh_visobert_08309,Về vn chửa free. Chính phủ lo từ a---z ở nước ngoài chửa bằng niềm tin ak.. mà chả có con mà nào ở nước ngoài chửa free cho dân nước khác đâu,1,0,1,0,1,1,negative,fear,train,SEACrowd/ViSoBERT
fresh_visobert_06235,Ủa thầy còn kênh để chuẩn bị giáo án xịn xò à ??,1,1,0,0,0,0,positive,surprise,train,SEACrowd/ViSoBERT
fresh_visobert_10025,Thao Nguyen cấm rồi mà mồn lèo đọc khum hiểu r sao 😀,1,0,1,0,0,0,neutral,surprise,train,SEACrowd/ViSoBERT
fresh_visobert_10753,Xin giá xanh rêu shop,0,0,0,0,1,0,neutral,other,train,SEACrowd/ViSoBERT
fresh_visobert_04761,co rona dau hỏng tap cặc vo coi mo di vun on,0,0,0,0,0,0,negative,sadness,train,SEACrowd/ViSoBERT
fresh_visobert_02006,bảo hiểm đ chả nộp tai má nạn thanh toán bóp tít ngu,1,0,0,0,0,1,negative,disgust,train,SEACrowd/ViSoBERT
fresh_visobert_02459,trần tại kicm dlike jack like trả thù chứ dợ tệ,0,0,0,0,1,0,negative,sadness,train,SEACrowd/ViSoBERT
fresh_visobert_01859,like câu ns,0,0,0,0,1,0,neutral,other,train,SEACrowd/ViSoBERT
fresh_visobert_10689,"max_values.append(max(max_values[i-], max_values[i-] + a[i])) # tính giá trị lớn nhất có thể đạt được với i",0,0,0,0,0,0,neutral,other,train,SEACrowd/ViSoBERT
fresh_visobert_01818,văn quý video,0,0,0,0,1,0,neutral,other,train,SEACrowd/ViSoBERT
fresh_visobert_10913,bếp dầu ngày xưa thật ý nghĩa,0,0,0,0,0,0,neutral,other,train,SEACrowd/ViSoBERT
fresh_visobert_09552,Đm ở ghép mà như cho ngta ở nhờ ở đậu. Nunglon lên xong bảo ngta tự tìm chỗ ngủ. Bạn kia hiền thế ko biết.,1,0,1,1,0,1,negative,anger,train,SEACrowd/ViSoBERT
fresh_visobert_07513,Hôm gặp bác cũng 7t hỏi tôi thế Tối mới bảo tuổi như bác cũng có mấy bác cho cháu ăn cỗ rồi đấy,0,0,0,0,0,0,neutral,other,train,SEACrowd/ViSoBERT
fresh_visobert_04043,tặng bọn miếng đất mc best 🤣 🤣,0,0,0,0,1,0,positive,enjoyment,train,SEACrowd/ViSoBERT
fresh_visobert_05883,khi bạn muốn tích đức cho đời nhưng nghiệp quá nặng tại chúng rủa quá nên nghiệp:v,1,1,1,0,0,1,neutral,disgust,train,SEACrowd/ViSoBERT
fresh_visobert_01637,vấn má đề hết sức quan ngại,0,0,0,0,0,0,neutral,other,train,SEACrowd/ViSoBERT
fresh_visobert_02536,thu hà má chả lẽ,0,0,0,0,0,0,neutral,other,train,SEACrowd/ViSoBERT
fresh_visobert_10475,Khu vườn mùa hạ ><,0,0,0,0,0,0,neutral,other,train,SEACrowd/ViSoBERT
fresh_visobert_11035,Ủa tag chi v len sg ăn têt mà,1,1,1,0,0,0,neutral,surprise,train,SEACrowd/ViSoBERT
fresh_visobert_06204,Mom thui qua con nay loài kg an học mat dai kg so mot con nao tai sao len xin lỏi khóc nhu cho,0,0,0,0,0,0,neutral,other,train,SEACrowd/ViSoBERT
fresh_visobert_08572,"Ở vậy đi, có tiền đi cấy có đứa con, thủ thỉ với nó là ngon r",0,0,0,0,0,0,neutral,other,train,SEACrowd/ViSoBERT
fresh_visobert_06073,Khung H tới H,0,0,0,0,0,0,neutral,sadness,train,SEACrowd/ViSoBERT
fresh_visobert_06412,Xem có kiểm soát là được mà,1,0,1,0,0,0,neutral,surprise,train,SEACrowd/ViSoBERT
fresh_visobert_09243,Việt Nam mình có cô Như Quỳnh,0,0,0,0,0,0,neutral,other,train,SEACrowd/ViSoBERT
fresh_visobert_04975,ví mặt linh cẩu xác thối châu phi xúc cặc phạm linh cẩu tên linh cẩu cá lóc nha,0,0,0,0,0,0,neutral,other,train,SEACrowd/ViSoBERT
fresh_visobert_02080,lắm quê nuôi cá trồng rau <,1,0,0,0,0,1,neutral,disgust,train,SEACrowd/ViSoBERT
fresh_visobert_07806,Ủa chị my bn tuổi mà kêu bee bằng a vậy,1,1,1,0,1,1,neutral,surprise,train,SEACrowd/ViSoBERT
fresh_visobert_08801,"Hhh 5/5 lt, / th 🤭",0,0,0,0,0,0,neutral,other,train,SEACrowd/ViSoBERT
fresh_visobert_04976,hà nội mến yêu ta thủ đô mến yêu ta mn cố,0,0,0,0,0,0,positive,enjoyment,train,SEACrowd/ViSoBERT
fresh_visobert_00799,happy new year,0,0,0,0,1,0,neutral,other,train,SEACrowd/ViSoBERT
fresh_visobert_05515,cao tuyet tuần dc bố,0,0,0,0,0,0,positive,enjoyment,train,SEACrowd/ViSoBERT
fresh_visobert_10741,Đây là thầy giáo ba. Đẹp trai Vl . Ý tau là thằng ở phía dưới góc phải đó,0,0,0,1,0,1,positive,enjoyment,train,SEACrowd/ViSoBERT
fresh_visobert_04007,muôsn kéo khóa dùm,0,0,0,0,1,0,negative,sadness,train,SEACrowd/ViSoBERT
fresh_visobert_00779,tức nhiên cặc mày xạo,0,0,0,0,0,1,negative,anger,train,SEACrowd/ViSoBERT
fresh_visobert_11322,Ăn xong lại Top à,0,0,0,0,1,0,neutral,other,train,SEACrowd/ViSoBERT
fresh_visobert_05014,my hi hi dị,0,0,0,0,1,0,neutral,other,train,SEACrowd/ViSoBERT
fresh_visobert_09487,Đáp án số Nguyen Van Ho,0,0,0,0,0,0,neutral,other,train,SEACrowd/ViSoBERT
fresh_visobert_02121,mong yên nghỉ,0,0,0,0,0,0,positive,sadness,train,SEACrowd/ViSoBERT
fresh_visobert_03250,mều siu nhơn why )),0,0,0,0,1,0,neutral,enjoyment,train,SEACrowd/ViSoBERT
fresh_visobert_11511,ỦNG HỘ CÔ CHỦ NHỎ,0,0,0,0,0,0,neutral,other,train,SEACrowd/ViSoBERT
fresh_visobert_11624,Nghề chọn người. Tổ nghề nhìn trúng bạn rồi 😌😌,0,0,0,0,0,0,negative,disgust,train,SEACrowd/ViSoBERT
fresh_visobert_02477,ae kênh tú,0,0,0,0,1,0,neutral,other,train,SEACrowd/ViSoBERT
fresh_visobert_08866,Dang yeu mynam oi,0,0,0,0,1,0,neutral,other,train,SEACrowd/ViSoBERT
fresh_visobert_07740,Phim ngay ay minh da yeu hay zua anh vinh oi,0,0,0,0,0,0,positive,enjoyment,train,SEACrowd/ViSoBERT
fresh_visobert_01391,mênh mng toàn nuc eyy,0,0,0,0,0,0,neutral,other,train,SEACrowd/ViSoBERT
fresh_visobert_01720,vn bây má thua campuchia,0,0,0,0,0,0,negative,other,train,SEACrowd/ViSoBERT
fresh_visobert_11705,Hôm bữa t cũng chụp đc cái này,0,0,0,0,0,0,neutral,other,train,SEACrowd/ViSoBERT
fresh_visobert_01462,lâm quốc huy chấp mày nước cờ,0,0,0,0,0,0,neutral,enjoyment,train,SEACrowd/ViSoBERT
fresh_visobert_11533,🏮🔱km VIP : nạp trên=5tr tặng+88k LỘC-@🌸🏮🧧,0,0,0,0,0,0,neutral,other,train,SEACrowd/ViSoBERT
fresh_visobert_10681,Minh Đường Huỳnh Đỗ Thục Uyên không healthy với balance,0,0,0,0,0,0,neutral,other,train,SEACrowd/ViSoBERT
fresh_visobert_06690,"Gói hàng ok, giao hàng nhanh.",0,0,0,0,1,0,positive,enjoyment,train,SEACrowd/ViSoBERT
fresh_visobert_04660,thời thời giàu,0,0,0,0,0,0,neutral,other,train,SEACrowd/ViSoBERT
fresh_visobert_05033,già toang giáo,1,0,0,1,0,0,negative,sadness,train,SEACrowd/ViSoBERT
fresh_visobert_11410,Ngành jì? Btw mới vô chọn môn thoai đồng chí,0,0,0,0,0,0,neutral,other,train,SEACrowd/ViSoBERT
fresh_visobert_02827,tiến sv 6 7 nằm góc trái bản đồ,0,0,0,0,0,0,neutral,other,train,SEACrowd/ViSoBERT
fresh_visobert_05735,đẹp chỗ quảng cáo tí,0,0,0,0,0,0,positive,enjoyment,train,SEACrowd/ViSoBERT
fresh_visobert_05485,mô hình awp asimov,0,0,0,0,0,0,neutral,other,train,SEACrowd/ViSoBERT
fresh_visobert_10034,❗ KHÔNG TÁI THÂM - KHÔNG SƯNG ĐAU.,0,0,0,0,0,0,negative,sadness,train,SEACrowd/ViSoBERT
fresh_visobert_10842,m mơi vô cho m xem bao li xi vơi,0,0,0,0,0,0,neutral,other,train,SEACrowd/ViSoBERT
fresh_visobert_10132,Trà sữa uống rất ngon và thơm,0,0,0,0,0,0,neutral,other,train,SEACrowd/ViSoBERT
fresh_visobert_08617,Cho minh hỏi.m co bang cd nghề qt marketing cua trh dh công nghiệp tp hcm. minh muon hoc lien thông dh nganh qt kinh doanh dc ko vậy. Mấy mấy nam hoc xong,0,0,0,0,0,0,negative,disgust,train,SEACrowd/ViSoBERT
fresh_visobert_08464,Hóng tập podcast này quá ạ ❤,0,0,0,0,0,0,positive,enjoyment,train,SEACrowd/ViSoBERT
fresh_visobert_10850,Size 8 nha c,0,0,0,0,1,0,neutral,other,train,SEACrowd/ViSoBERT
fresh_visobert_07567,"Phạm Thùy Vân Còn lâu, em rể chị đấy",0,0,0,0,0,0,neutral,other,train,SEACrowd/ViSoBERT
fresh_visobert_09690,Ủa chứ like mà liên quan đến có thai luôn hả chị Mít💜🤔🤔,1,1,1,0,1,1,neutral,surprise,train,SEACrowd/ViSoBERT
fresh_visobert_02379,đm trang phản động thp doanh nghiệp nhà nước cặc sai trái bọn đào bùn cặn đấy,1,0,0,0,0,1,negative,anger,train,SEACrowd/ViSoBERT
fresh_visobert_03403,vẻ photoshop )),0,0,0,0,1,0,positive,enjoyment,train,SEACrowd/ViSoBERT
fresh_visobert_05203,sô bít càng ngày càng xàm cặc sóng,1,0,1,0,0,1,neutral,disgust,train,SEACrowd/ViSoBERT
fresh_visobert_07873,xem cái ông tóc dài kia diễn tếu vãi. bựa hơn cả Vinh râu,1,0,0,1,0,1,neutral,disgust,train,SEACrowd/ViSoBERT
fresh_visobert_00623,đọc nhầm miễn nhiễn,0,0,0,0,0,0,negative,sadness,train,SEACrowd/ViSoBERT
fresh_visobert_00314,day khong phai la nguoi má nua tinh tinh tinh,0,0,0,0,0,0,neutral,other,train,SEACrowd/ViSoBERT
fresh_visobert_10806,Tri ân mập mờ cũ,0,0,0,0,0,0,neutral,other,train,SEACrowd/ViSoBERT
fresh_visobert_02166,phương vy đừng vầy nha mại mặc dù hề hước tội nghiệp ck 🙂 🙃,1,1,0,0,0,1,neutral,disgust,train,SEACrowd/ViSoBERT
fresh_visobert_10222,Giá : 6.49. Số may mắn: 7,0,0,0,0,0,0,neutral,other,train,SEACrowd/ViSoBERT
fresh_visobert_06611,CHẾ CÓ LÀM NY EM HÔNGGGGGGGGGGGGG,0,0,0,0,0,0,neutral,other,train,SEACrowd/ViSoBERT
fresh_visobert_07831,Cpi gáy thôi thầy em,0,0,0,0,0,0,neutral,other,train,SEACrowd/ViSoBERT
fresh_visobert_08763,"Làm nhớ cái đoạn lúc chiều tối, đoạn đường ngập đến đầu gối. Có những xe oto đi qua thì đi chậm. Nhưng ko hiểu kiểu gì, nước thì ngập rõ cao, có xe oto lao vèo qua cái. Làm mấy ng đang dắt xe đi bị ướt hết ng, ng đi bộ thì cũng tí thì xòe, xe oto đi nhanh tạo sóng cmnl, mấy cái xe máy dựng bên đường đổ hết, có xe còn bị sóng đánh cho trôi vài mét 🥲",1,0,1,0,0,0,neutral,sadness,train,SEACrowd/ViSoBERT
fresh_visobert_01280,ba que bọn chốc chỉ mị dân cai trị tham nhủng đất nước tụt hậu thầy bọn cặc bò đỏ bò mãi nhồi sọ umê chửi bò nghỉ đừng nội tạng giặc tàu,0,0,0,0,0,0,neutral,other,train,SEACrowd/ViSoBERT
fresh_visobert_11424,Quần chục tăm tre cho bé 4.5kg ạ. Để e gom đơn trong live này r lấy thể,0,0,0,0,1,0,neutral,other,train,SEACrowd/ViSoBERT
fresh_visobert_04312,nguyễn thanh quang đc tưởng,0,0,0,0,0,0,neutral,other,train,SEACrowd/ViSoBERT
fresh_visobert_00052,🚩 Code:Giảm trực tiếp % tối đa K cho đơn 99K,0,0,0,0,0,0,neutral,other,train,SEACrowd/ViSoBERT
fresh_visobert_08495,tham thì thâm.,0,0,0,0,0,0,positive,enjoyment,train,SEACrowd/ViSoBERT
fresh_visobert_00301,ad nói phét bê tông đc,0,0,0,0,0,0,neutral,other,train,SEACrowd/ViSoBERT
fresh_visobert_09312,Nguyễn Ngọc Gia Hân susu đang cười cười cái r nụ cười đã tắt đằng sau nước mắt:)),1,0,0,0,0,0,neutral,enjoyment,train,SEACrowd/ViSoBERT
fresh_visobert_08860,Hết vui rồi nha =)),0,0,0,0,0,0,positive,enjoyment,train,SEACrowd/ViSoBERT
fresh_visobert_07600,Đây là nội dung của phim Bao Thanh Thiên,0,0,0,0,0,0,neutral,other,train,SEACrowd/ViSoBERT
fresh_visobert_10864,Hồng Nhung thèm xươg 🤤,0,0,0,0,0,0,neutral,other,train,SEACrowd/ViSoBERT
fresh_visobert_07765,"A Xin va Hariwon, luôn hanh phuc nha. 🙆♂",0,0,0,0,0,0,neutral,other,train,SEACrowd/ViSoBERT
fresh_visobert_04300,my moi biet minh hieu nhung ngje minh hieu noi vui chan that,0,0,0,0,1,0,positive,enjoyment,train,SEACrowd/ViSoBERT
fresh_visobert_07189,Nguyễn Đăng Khoa wtf dêo hiểu nỗi haha,0,0,0,0,0,0,neutral,enjoyment,train,SEACrowd/ViSoBERT
fresh_visobert_00166,gia lộc tran quang vui cà khịa )))))),0,0,0,0,0,0,positive,enjoyment,train,SEACrowd/ViSoBERT
fresh_visobert_09733,lương thấp là do năng lực thấp :v chứ tui chưa thấy ai có năng lực mà deal lương thấp cả =))),1,1,1,0,1,1,neutral,disgust,train,SEACrowd/ViSoBERT
fresh_visobert_06140,"Vụ khai sáng hôm sau bị cô gái đòi ,5 triệu đồng, hai bên đã to tiếng. Vụ không đồng ý nên đánh, siết cổ nạn nhân khiến tử vong.",0,0,0,0,0,0,neutral,other,train,SEACrowd/ViSoBERT
fresh_visobert_07959,Dạ Note4 sim bên em có hàng likenew 98 99% ạ giá 4tr8 ạ bên em hiện chưa có hàng note 4 sim nguyên seal về ạ,0,0,0,0,0,0,neutral,other,train,SEACrowd/ViSoBERT
fresh_visobert_04545,hồng xuyến ng gu ý kiến,0,0,0,0,0,0,neutral,other,train,SEACrowd/ViSoBERT
fresh_visobert_03545,ý thức vn yếu kém giờ cặc giấc cao su khóc tinh thần hợp tác,0,0,0,1,0,0,negative,sadness,train,SEACrowd/ViSoBERT
fresh_visobert_08954,"Thượng đế đang thử thách ông , ông nhất định sẽ vượt qua kiếp nạn, và ông sẽ tái đắc cử, nước Mỹ đang chờ ông đắc cử để tiếp tục hành trình nước Mỹ sẽ vĩ đại trở lại .Cầu chúc ông sớm bình phục .",0,0,0,0,0,0,neutral,other,train,SEACrowd/ViSoBERT
fresh_visobert_05743,hưng quang mai,0,0,0,0,0,0,negative,surprise,train,SEACrowd/ViSoBERT
fresh_visobert_11234,"Giao hàng nhanh, màn hình ngon, thiết kế đẹp. Best trong tầm giá",0,0,0,0,1,0,positive,enjoyment,train,SEACrowd/ViSoBERT
fresh_visobert_08270,khóc hết nước mắt 😂😂,1,0,0,1,0,0,positive,enjoyment,train,SEACrowd/ViSoBERT
fresh_visobert_04506,xong and độ giải trí hhhahahah,0,0,0,0,0,0,neutral,other,train,SEACrowd/ViSoBERT
fresh_visobert_10044,Cho hỏi có group nào anti con l Jerry ko ạ?,0,0,0,0,1,0,neutral,other,train,SEACrowd/ViSoBERT
fresh_visobert_07495,iu thương- may mắn < < <,0,0,0,0,0,0,neutral,sadness,train,SEACrowd/ViSoBERT
fresh_visobert_06247,dê tăng rất luong nguoi dung can có tinh năng kiếm tiền vao trường hợp gì se giờ quả va g yêu p ich cho bộ y tế trg tôi điem giờ tại,0,0,0,0,0,0,positive,enjoyment,train,SEACrowd/ViSoBERT
fresh_visobert_03559,chửi lắm lgbt ❤ 🌈 nè chúc khỏe vui vẻ,0,0,0,0,0,0,positive,enjoyment,train,SEACrowd/ViSoBERT
fresh_visobert_01933,annh phuonng mùa đn nv y tế ))),0,0,0,0,0,0,neutral,other,train,SEACrowd/ViSoBERT
fresh_visobert_11820,Đời chúng m thì làm gì biết thế nào là 5k sống qua nửa tháng đc.,0,0,0,0,0,0,neutral,other,train,SEACrowd/ViSoBERT
fresh_visobert_06337,Tầm này có ai vẫn chưa vợ chưa chồng không ? =))),1,1,0,0,0,1,neutral,disgust,train,SEACrowd/ViSoBERT
fresh_visobert_11480,Làm gái mới đc nhiêu đó nhe,0,0,0,0,0,0,neutral,other,train,SEACrowd/ViSoBERT
fresh_visobert_02161,phạm văn đồng vn cách ly free =)),1,0,0,0,1,0,neutral,other,train,SEACrowd/ViSoBERT
fresh_visobert_09252,Ông giám đốc này chắc là sản phẩm của cắt đôi BCS,0,0,0,0,0,0,neutral,other,train,SEACrowd/ViSoBERT
fresh_visobert_00113,Mùa dịch có trần dần lên sóng là thấy vui rồi,0,0,0,0,0,0,positive,enjoyment,train,SEACrowd/ViSoBERT
fresh_visobert_09154,Mua t bộ luôn,0,0,0,0,0,0,positive,sadness,train,SEACrowd/ViSoBERT
fresh_visobert_02074,phong khen,0,0,0,0,0,0,positive,enjoyment,train,SEACrowd/ViSoBERT
fresh_visobert_08830,Phương Thảo mốt mua cái này sài m ốm sài đỡ mệt,0,0,0,0,0,0,neutral,other,train,SEACrowd/ViSoBERT
fresh_visobert_01327,ngọc liên nc nv nha homie ))),0,0,0,0,0,0,neutral,other,train,SEACrowd/ViSoBERT
fresh_visobert_00518,má lolzzzz,0,0,0,0,1,0,negative,anger,train,SEACrowd/ViSoBERT
fresh_visobert_05348,dương quỳnh 😂,0,0,0,0,0,0,positive,enjoyment,train,SEACrowd/ViSoBERT
fresh_visobert_07657,Hà nội ngày giông bão với vụ cháy và vụ tự tử. Không biết cs ngày càng bất ổn hay do thông tin cập nhật dễ dàng hơn xưa. Có những lúc cảm thấy thà không biết gì còn thấy an yên hơn biết quá nhiều.,0,0,0,0,0,0,positive,enjoyment,train,SEACrowd/ViSoBERT
fresh_visobert_10167,Tình lộ khúc naog,0,0,0,0,0,0,positive,enjoyment,train,SEACrowd/ViSoBERT
fresh_visobert_08101,"Của ngon phần thiên hạ,của dở phần ta",0,0,0,0,0,0,negative,sadness,train,SEACrowd/ViSoBERT
fresh_visobert_01629,biện má minh cl,0,0,0,0,0,0,negative,anger,train,SEACrowd/ViSoBERT
fresh_visobert_01852,mua đc dịp têt,0,0,0,0,0,0,neutral,other,train,SEACrowd/ViSoBERT
fresh_visobert_11124,Nguyễn Ngọc Thiện thôn nào Nam Hồng kìa e,0,0,0,0,0,0,neutral,other,train,SEACrowd/ViSoBERT
fresh_visobert_01516,duyên đẹp nghèo fải chổ khoe tiền khoe vàng chết oan uổng lắm ng giàu tự khắc ng ta minh giàu,0,0,0,0,0,0,positive,enjoyment,train,SEACrowd/ViSoBERT
fresh_visobert_06704,Vơ chông đep lăm. ❤❤,0,0,0,0,0,0,positive,enjoyment,train,SEACrowd/ViSoBERT
fresh_visobert_01948,dm tôn ngộ má trông chán,1,0,0,0,0,1,negative,anger,train,SEACrowd/ViSoBERT
fresh_visobert_07422,Về đi r đi,0,0,0,0,0,0,negative,sadness,train,SEACrowd/ViSoBERT
fresh_visobert_08151,Mượn đồ chơi tí cũng bị ăn phốt,0,0,0,0,0,0,neutral,other,train,SEACrowd/ViSoBERT
fresh_visobert_06305,La seccio del rugby de lespqnyol es va suprimir malauradament,0,0,0,0,0,0,neutral,other,train,SEACrowd/ViSoBERT
fresh_visobert_06203,Tối qua xem live mà ngủ hồi nào k hay,1,0,1,0,1,0,neutral,surprise,train,SEACrowd/ViSoBERT
fresh_visobert_11278,San ad cho cai gia nghe het hon choi 😂,1,0,0,0,0,0,positive,enjoyment,train,SEACrowd/ViSoBERT
fresh_visobert_03484,nhật dốc láo chân lý sống,0,0,0,0,0,0,neutral,other,train,SEACrowd/ViSoBERT
fresh_visobert_11372,đéo phải tiền bọn nó nên nó mới kinh doanh ngu như chó thế. Tiền của nó thì nó đã khác,1,0,0,1,0,1,negative,anger,train,SEACrowd/ViSoBERT
fresh_visobert_07165,Kem nâng cơ xài ban ngày đc k van,0,0,0,0,0,0,neutral,other,train,SEACrowd/ViSoBERT
fresh_visobert_03920,chủ tịch thị trấn phết nhể,0,0,0,0,0,0,neutral,other,train,SEACrowd/ViSoBERT
fresh_visobert_04109,vu ứg cử viên ság giá ăn nhậu phá làg phá cũg àk,0,0,0,0,0,0,neutral,other,train,SEACrowd/ViSoBERT
fresh_visobert_06684,Dũng thằng xàm lol,1,0,0,0,1,1,neutral,disgust,train,SEACrowd/ViSoBERT
fresh_visobert_02828,linh cá lóc đep vàng giả vàng thiệt nhẹ tưng,0,0,0,0,0,0,neutral,other,train,SEACrowd/ViSoBERT
fresh_visobert_04515,đài bolsa mấy nói năng uy tín tầm thường,0,0,0,0,0,0,neutral,sadness,train,SEACrowd/ViSoBERT
fresh_visobert_02271,bố chuyên hot trend đấy đừng đùa,0,0,0,0,1,0,neutral,other,train,SEACrowd/ViSoBERT
fresh_visobert_03317,tài tấn trần bắn chết đứa trốn cách li,0,0,0,0,0,0,neutral,other,train,SEACrowd/ViSoBERT
fresh_visobert_00174,cửa hàng kinh doanh bình cặc dân phạt mua bình đểu ))),0,0,0,0,0,0,negative,disgust,train,SEACrowd/ViSoBERT
fresh_visobert_01892,trend quê tao mấy chục,1,0,0,0,1,1,neutral,disgust,train,SEACrowd/ViSoBERT
fresh_visobert_05762,lam ha chi,0,0,0,0,0,0,neutral,other,train,SEACrowd/ViSoBERT
fresh_visobert_08225,"Cảm ơn ad nhiều nhiều, truyện vừa ra là có edit liền tù tì =))) thật sự rất cảm động đó 😉 ad vất vả rồi :)))",1,0,0,0,1,0,neutral,enjoyment,train,SEACrowd/ViSoBERT
fresh_visobert_10927,Phê quá là quá phê nuôn,1,0,0,0,0,0,positive,enjoyment,train,SEACrowd/ViSoBERT
fresh_visobert_00671,chàng trai yêu thương bộ tộc phù thủy ak,0,0,0,0,0,0,positive,enjoyment,train,SEACrowd/ViSoBERT
fresh_visobert_06167,Thanks shop,0,0,0,0,1,0,neutral,other,train,SEACrowd/ViSoBERT
fresh_visobert_00375,hình sự mắt đc,0,0,0,0,0,0,neutral,other,train,SEACrowd/ViSoBERT
fresh_visobert_09135,Nhung béo và mẹ thắng là hh chuyển giới xịn đấy,1,0,0,0,0,0,positive,enjoyment,train,SEACrowd/ViSoBERT
fresh_visobert_10866,Tối nay a qua chơi game 🤣,0,0,0,0,1,0,neutral,enjoyment,train,SEACrowd/ViSoBERT
fresh_visobert_00847,huỳnh văn tặng,0,0,0,0,0,0,neutral,other,train,SEACrowd/ViSoBERT
fresh_visobert_03325,nhũ kim duyên trần việt trần mấy công nhận mixi độ tui chinh văn t thề vãi,0,0,0,1,0,0,neutral,surprise,train,SEACrowd/ViSoBERT
fresh_visobert_05272,doi voi chó,0,0,0,0,0,0,negative,sadness,train,SEACrowd/ViSoBERT
fresh_visobert_09242,Chuc em sinh nhat vui ve va hanh phuc trong cuoc song,0,0,0,0,1,0,positive,enjoyment,train,SEACrowd/ViSoBERT
fresh_visobert_05475,cố abe qua poppy sách phép khè ae all star sợ nha,0,0,0,0,0,0,negative,fear,train,SEACrowd/ViSoBERT
fresh_visobert_10678,Hậu vệ băng quốc,0,0,0,0,0,0,positive,enjoyment,train,SEACrowd/ViSoBERT
fresh_visobert_02400,bún bean mắm shrimp )),0,0,0,0,0,0,neutral,enjoyment,train,SEACrowd/ViSoBERT
fresh_visobert_08374,Vậy thời gian mang thai ?,0,0,0,0,0,0,neutral,other,train,SEACrowd/ViSoBERT
fresh_visobert_08217,Nam Hai Lúa Cayyyy 🤣,0,0,0,0,0,0,neutral,enjoyment,train,SEACrowd/ViSoBERT
fresh_visobert_10537,chị chị em em bú chung cây kà rem,0,0,0,0,0,0,neutral,other,train,SEACrowd/ViSoBERT
fresh_visobert_02420,vàng ngọc viên ngọc gia bảo,0,0,0,0,0,0,neutral,other,train,SEACrowd/ViSoBERT
fresh_visobert_01515,linh chi cưng dzô ủng hộ 💃 🏻 ❤ 😍,0,0,0,0,0,0,positive,enjoyment,train,SEACrowd/ViSoBERT
fresh_visobert_03562,sống chậm cacban,0,0,0,0,1,0,negative,sadness,train,SEACrowd/ViSoBERT
fresh_visobert_07312,Chẳng cần gì ngoài a.e đoàn kết yêu thương nhau.,0,0,0,0,0,0,positive,enjoyment,train,SEACrowd/ViSoBERT
fresh_visobert_08050,"các bạn đừng dạy người giàu đặc biệt ( đàn ông ) cách khoan dung và của chồng công vợ . qua bao nhiêu bài tìm hiểu . chị vợ rất thâm !!! tuy mình là phụ nữ , nhưng đọc qua nhiều bài mới nể phục anh vũ . và cảm thấy sự khinh bỉ đâu đó dành cho c thảo , dù c tài năng đến đâu nhưng c tham thì thâm mọi người sẽ không bao giờ ủng hộ c .",1,1,1,0,0,1,positive,surprise,train,SEACrowd/ViSoBERT
fresh_visobert_03821,tình yêu vĩnh cửu,0,0,0,0,0,0,positive,enjoyment,train,SEACrowd/ViSoBERT
fresh_visobert_01345,hiếp dâm kìm nén cảm xúc buôn bán chất ma túy công việc giúp đỡ xã hội tệ nạn cờ bạc chứa gái mại dâm lớp thể dục nhịp điệu nam giới trộm cắp cầm nhầm,1,0,0,0,0,0,negative,sadness,train,SEACrowd/ViSoBERT
fresh_visobert_06471,Inoue Kido photoshop,0,0,0,0,1,0,neutral,other,train,SEACrowd/ViSoBERT
fresh_visobert_04867,hợp tác tương lai đứa,0,0,0,0,0,0,neutral,sadness,train,SEACrowd/ViSoBERT
fresh_visobert_03867,tưởng cặc vs vong gà,1,0,0,0,0,1,negative,disgust,train,SEACrowd/ViSoBERT
fresh_visobert_06969,Việt Nam chiến thắng--d -dây chuyền /8598 🎁 🎁 Dnnsn,0,0,0,0,0,0,neutral,other,train,SEACrowd/ViSoBERT
fresh_visobert_10469,Thì vây tớ mới nói con gì chứ k phải con ng😅😅,0,0,0,0,0,0,neutral,other,train,SEACrowd/ViSoBERT
fresh_visobert_03652,mấy csgt đường bẩn áo mấy xấu thù xong phát vn trung đội,0,0,0,0,0,0,negative,sadness,train,SEACrowd/ViSoBERT
fresh_visobert_07000,"Nó có ở sài gòn đâu mà tìm, chán thật,",1,0,1,0,0,1,negative,sadness,train,SEACrowd/ViSoBERT
fresh_visobert_09738,Vẫn còn giữ đc một chút niềm tin,0,0,0,0,0,0,neutral,other,train,SEACrowd/ViSoBERT
fresh_visobert_06754,km tới ngày /9 chị ạ.,0,0,0,0,0,0,neutral,other,train,SEACrowd/ViSoBERT
fresh_visobert_03533,kí dự án =)) bắt tay code kịp quản lý bây h =)),1,0,0,0,0,0,neutral,other,train,SEACrowd/ViSoBERT
fresh_visobert_10780,Dù ai nói ngã nói nghiêng thy vẫn tuyệt nhất đúng kh cả nhà 😘😘😘😘😘😘,0,0,0,0,0,0,positive,enjoyment,train,SEACrowd/ViSoBERT
fresh_visobert_04759,em gái cu hàng chi ân công ty,0,0,0,0,0,0,neutral,other,train,SEACrowd/ViSoBERT
fresh_visobert_03115,độ tày cười donate,0,0,0,0,0,0,negative,enjoyment,train,SEACrowd/ViSoBERT
fresh_visobert_06929,Hài lòng. Sản phẩm Ok.,0,0,0,0,1,0,positive,enjoyment,train,SEACrowd/ViSoBERT
fresh_visobert_07024,Đừng bắt em phải mong chờ,0,0,0,0,0,0,neutral,other,train,SEACrowd/ViSoBERT
fresh_visobert_09489,Sao chốt hoai kg đc,0,0,0,0,0,0,neutral,other,train,SEACrowd/ViSoBERT
fresh_visobert_02399,tướng tiên tri cặc bần tiện lưu manh,0,0,0,0,0,0,neutral,other,train,SEACrowd/ViSoBERT
fresh_visobert_04447,tổn thương người ta chẳng yêu,0,0,0,0,0,0,positive,sadness,train,SEACrowd/ViSoBERT
fresh_visobert_00155,nhậu đm chúng mày cặc lũ chó hại dân hại,1,0,0,0,0,1,negative,anger,train,SEACrowd/ViSoBERT
fresh_visobert_07363,Tự tin là say nhưng vẫn còn nhận biết và kiểm soát đc hành động của bản thân. Nên giờ bảo kể tật xấu lũ bạn khi say thì mìh xin nói bây giờ mình có thể kể dài y như chuyên văn luôn :))),1,1,1,1,0,1,negative,disgust,train,SEACrowd/ViSoBERT
fresh_visobert_05267,hoang má vailunnn,0,0,0,0,0,0,negative,sadness,train,SEACrowd/ViSoBERT
fresh_visobert_07473,Cầm tr nhưng vẫn sợ đầu tư cho đứa khác nhiều hơn🤣,1,1,1,0,0,1,negative,fear,train,SEACrowd/ViSoBERT
fresh_visobert_02272,chúng nó sáng tạo ngu si giết người 😡 😡 😡,1,0,0,0,0,1,negative,anger,train,SEACrowd/ViSoBERT
fresh_visobert_11481,Mình phóng tầm mắt dưới chân trời mới toanh,0,0,0,0,0,0,neutral,other,train,SEACrowd/ViSoBERT
fresh_visobert_07135,Hà Mai điêu nha,0,0,0,0,0,0,neutral,enjoyment,train,SEACrowd/ViSoBERT
fresh_visobert_04970,út tuyền ))) uh snghi nghỉ t4 nè,0,0,0,0,0,0,neutral,other,train,SEACrowd/ViSoBERT
fresh_visobert_07262,Bính Hằng Rạp Cưới mẹ oiii @@,0,0,0,0,0,0,positive,enjoyment,train,SEACrowd/ViSoBERT
fresh_visobert_07098,"Linh Phạm , Vũ Hoàng Mai",0,0,0,0,0,0,neutral,other,train,SEACrowd/ViSoBERT
fresh_visobert_08806,não bọn này nhiều nếp nhăn đấy,0,0,0,0,0,0,neutral,other,train,SEACrowd/ViSoBERT
fresh_visobert_09021,"Từ đầu mùa giãn cách tới giờ thấy khổ cho mấy anh shipper á, mấy tờ công văn quay như chong chóng 😬",0,0,0,1,0,0,neutral,fear,train,SEACrowd/ViSoBERT
fresh_visobert_02363,chửi chúng nó ngu chúng nó lo con cháu đấy cặc con cháu xong phi vụ con cháu đổi màu hộ chiếu kiểu )),1,0,0,0,0,1,negative,fear,train,SEACrowd/ViSoBERT
fresh_visobert_03937,sài tiền âm phủ đời roi ta bê dê vn cung xinh cung đẹp cặc be de tư bản no xấu ma no ao no nô banh xax sài tiền am phu mảng đời kkkkk,0,0,0,0,1,0,neutral,enjoyment,train,SEACrowd/ViSoBERT
fresh_visobert_01056,dám hó má hé đéo,0,0,0,0,0,0,negative,anger,train,SEACrowd/ViSoBERT
fresh_visobert_05960,"Sao dạo này lò cháy mạnh vậy, còn tỉnh nào chưa bị bớ đi không 😀",0,0,0,0,0,0,neutral,other,train,SEACrowd/ViSoBERT
fresh_visobert_02876,cực kì thuyết phục sống chậm haizzzzz,0,0,0,1,0,0,neutral,other,train,SEACrowd/ViSoBERT
fresh_visobert_08238,"Mỹ Tiên để dành từ từ đi man, sinh nhật đi nha 😃😃",0,0,0,0,0,0,neutral,other,train,SEACrowd/ViSoBERT
fresh_visobert_08818,Alex Ramirez I would get kicked out of our apartment for that dog,0,0,0,0,0,0,neutral,other,train,SEACrowd/ViSoBERT
fresh_visobert_08160,ko đc đánh phụ nữ dù chỉ là một nhành hoa,0,0,0,0,0,0,neutral,other,train,SEACrowd/ViSoBERT
fresh_visobert_05793,chúc sức khỏe em nguoi ca mau,0,0,0,0,0,0,neutral,other,train,SEACrowd/ViSoBERT
fresh_visobert_05692,trần đức duy ơ chổ hoang mang,0,0,0,0,0,0,neutral,other,train,SEACrowd/ViSoBERT
fresh_visobert_00352,bóng cặc dơ,0,0,0,0,0,0,negative,disgust,train,SEACrowd/ViSoBERT
fresh_visobert_11875,khoác nâu cho c e,0,0,0,0,0,0,neutral,other,train,SEACrowd/ViSoBERT
fresh_visobert_00463,ngu nói chuyện cặc tg học lớp mẫu giáo,1,0,0,0,0,1,negative,disgust,train,SEACrowd/ViSoBERT
fresh_visobert_00458,thầy kh múa quạt =))),1,0,0,0,0,0,neutral,other,train,SEACrowd/ViSoBERT
fresh_visobert_05625,nhe hiện đại,0,0,0,0,0,0,positive,other,train,SEACrowd/ViSoBERT
fresh_visobert_07734,"Cười suýt sặc cả cơm, nếu ngày thường ông là ng siêng tập luyện, nhanh nhẹn thì học năm may ra đọ được vs con vợ năm kinh nghiệm, đàng này tháng mà triển chiêu, vợ nương tay không thì ông mỗi tháng về nhà lần rồi nhé 😄😄",1,1,1,1,0,1,negative,disgust,train,SEACrowd/ViSoBERT
fresh_visobert_04279,trần dần sợ chết hồi hướng,0,0,0,0,0,0,negative,fear,train,SEACrowd/ViSoBERT
fresh_visobert_09423,"Ngọc hường chào em, triệt nách bên chị đang có chương trình bảo hành trọn đời liệu trình lần Tuỳ vào nang lông mỗi người ,em có nhu cầu ghé qua chị đăng ký làm nha, rất vui được phục vụ cho em nhé",0,0,0,0,0,0,positive,enjoyment,train,SEACrowd/ViSoBERT
fresh_visobert_10205,Nơi tình yêu bắt đâu nun,0,0,0,0,0,0,positive,enjoyment,train,SEACrowd/ViSoBERT
fresh_visobert_00012,mây ba mu nay toan la sl ko đây toan phe phai no ko đây toan la đeo vang gia đê lên mxh sl lůa đao la chu yêu,0,0,0,0,1,0,positive,enjoyment,train,SEACrowd/ViSoBERT
fresh_visobert_10538,Hoai Nguyen Thu Phạm Thủy uầy 😍😍,0,0,0,0,0,0,positive,enjoyment,train,SEACrowd/ViSoBERT
fresh_visobert_10465,anh long ơi anh klong oi,0,0,0,0,0,0,neutral,other,train,SEACrowd/ViSoBERT
fresh_visobert_06686,Phạm Hiếu xài nhạc tâm linh lắm m :))),1,0,0,0,0,0,neutral,other,train,SEACrowd/ViSoBERT
fresh_visobert_06316,"vào quán trà đá mà lỡ mồm kêu cho ca, anh chủ quán bia bên cạnh bưng sang luôn =)))",1,1,1,0,0,1,neutral,disgust,train,SEACrowd/ViSoBERT
fresh_visobert_09960,chất vải được nhưng form hơi rộng mặt nạ mua nhớ giảm một cỡ nhé,1,0,1,0,0,0,positive,surprise,train,SEACrowd/ViSoBERT
fresh_visobert_00665,phương tú mấy đấy hit,0,0,0,0,0,0,neutral,other,train,SEACrowd/ViSoBERT
fresh_visobert_02372,đợi hối hận hai,0,0,0,0,0,0,positive,enjoyment,train,SEACrowd/ViSoBERT
fresh_visobert_06160,sản phẩm khá ok,0,0,0,0,1,0,positive,enjoyment,train,SEACrowd/ViSoBERT
fresh_visobert_04162,trốn im sửa chả,0,0,0,0,0,0,negative,sadness,train,SEACrowd/ViSoBERT
fresh_visobert_11101,Cảm ơn vì đã nói hộ lòng mình.,0,0,0,0,0,0,positive,enjoyment,train,SEACrowd/ViSoBERT
fresh_visobert_11216,Có ai ăn gì đâu chắc do lỗi thiết kế đó ả,0,0,0,0,0,0,negative,sadness,train,SEACrowd/ViSoBERT
fresh_visobert_09614,"App như loằn, mãi đ thấy otp đâu, mãi mới gửi về thì lại báo hết hạn. Nên để các doanh nghiệp tư nhân làm, bỏ tiền ra là khác bọt ngay, đây chắc để mấy bên k chuyên, lm free nên n ms lởm vậy.",0,0,0,0,1,0,neutral,other,train,SEACrowd/ViSoBERT
fresh_visobert_06432,Phạm Văn Lộc đúng là giang hồ,1,0,1,0,0,0,neutral,surprise,train,SEACrowd/ViSoBERT
fresh_visobert_04955,ctrinh tao tức,0,0,0,0,0,0,negative,anger,train,SEACrowd/ViSoBERT
fresh_visobert_10811,Đánh nak win gửi * nói là làm,0,0,0,0,1,0,neutral,other,train,SEACrowd/ViSoBERT
fresh_visobert_05984,Hiền Thị Phước Nguyễn m cũng mê gđ này nữa hả?,1,0,0,0,0,0,neutral,surprise,train,SEACrowd/ViSoBERT
fresh_visobert_06334,"Áo rất đẹp, vải len mịn, đúng mẫu đúng màu như ảnh đã vậy còn rẻ nữa. Giao hàng thì nhanh cực kì, nói chung đánh giá 5 sao, sẽ tiếp tục ủng hộ shop nữa <3.",1,0,0,1,1,0,positive,enjoyment,train,SEACrowd/ViSoBERT
fresh_visobert_07150,:))))))) ốp iphone vs iphone pro max,1,0,0,0,1,0,neutral,other,train,SEACrowd/ViSoBERT
fresh_visobert_04494,sam đuôi tam giác đuôi tròn,0,0,0,0,0,0,neutral,other,train,SEACrowd/ViSoBERT
fresh_visobert_01438,tụi nước ngoài ngu bò ko cặc bôi trơn nhận thầu đc,1,0,0,0,0,1,negative,disgust,train,SEACrowd/ViSoBERT
fresh_visobert_09938,Con tui deo cheo nu ko em,0,0,0,0,0,0,neutral,other,train,SEACrowd/ViSoBERT
fresh_visobert_07202,Không pà eiii🥲 nếu anh sai đến lượt a khác 😞 chứ như zỵ r mà đòi tha thứ cháu chịu🥲,1,0,1,1,0,1,negative,sadness,train,SEACrowd/ViSoBERT
fresh_visobert_03159,nguyễn trang chị trang độ,0,0,0,0,0,0,neutral,other,train,SEACrowd/ViSoBERT
fresh_visobert_04940,hiền lành ngoan ngoãn tiền )))),0,0,0,0,0,0,neutral,other,train,SEACrowd/ViSoBERT
fresh_visobert_09703,Dịch là Oiran số một thì hợp hơn 😂😂,0,0,0,0,0,0,positive,enjoyment,train,SEACrowd/ViSoBERT
fresh_visobert_08942,Cô gái nây nói quá có duyên chủi cũng quá đả,0,0,0,0,0,0,neutral,other,train,SEACrowd/ViSoBERT
fresh_visobert_02945,chậm mng ơiiii,0,0,0,0,1,0,neutral,enjoyment,train,SEACrowd/ViSoBERT
fresh_visobert_05297,hoàng thanh trung clip,0,0,0,0,1,0,neutral,other,train,SEACrowd/ViSoBERT
fresh_visobert_07637,Lâu lắm rồi em nó mới có thời gian khoe đơn.,0,0,0,0,0,0,neutral,other,train,SEACrowd/ViSoBERT
fresh_visobert_01012,ngoc tran tết,0,0,0,0,0,0,neutral,enjoyment,train,SEACrowd/ViSoBERT
fresh_visobert_10195,Dịch vụ thanh toán trực tuyến VCB e-Tour Hong Hanh,0,0,0,0,0,0,neutral,other,train,SEACrowd/ViSoBERT
fresh_visobert_10787,Thề năm nay luật lạ lùng quá 😄,0,0,0,0,0,0,positive,enjoyment,train,SEACrowd/ViSoBERT
fresh_visobert_01279,korea chất nhề 😂 😂 😂,1,0,0,0,0,0,positive,enjoyment,train,SEACrowd/ViSoBERT
fresh_visobert_05285,dô di cặc mây ngon lâm ma,0,0,0,0,0,0,neutral,other,train,SEACrowd/ViSoBERT
fresh_visobert_09853,"Đen thôi,đo quên đi",0,0,0,0,0,0,neutral,other,train,SEACrowd/ViSoBERT
fresh_visobert_11281,Chúc Đồng Chí đêm Này Công Tác Tốt 🥰,0,0,0,0,0,0,positive,enjoyment,train,SEACrowd/ViSoBERT
fresh_visobert_04100,chi thong tam chi thiet,0,0,0,0,0,0,neutral,other,train,SEACrowd/ViSoBERT
fresh_visobert_05757,nc duyên dáng ghê qá hà lớp du chu cờ mo,0,0,0,0,0,0,negative,disgust,train,SEACrowd/ViSoBERT
fresh_visobert_07266,Đã gấp đôi protein :))),1,0,0,0,0,0,neutral,other,train,SEACrowd/ViSoBERT
fresh_visobert_11301,vừa chạy dealine vừa đói bụng hic hic,0,0,0,0,1,0,neutral,other,train,SEACrowd/ViSoBERT
fresh_visobert_10092,chất liệu vải tốt màu cũng đẹp tớ bán hàng online nên sẽ ủng hộ cửa hàng cửa hàng bán hàng chất lượng cho cửa hàng 5star,0,0,0,0,1,0,positive,enjoyment,train,SEACrowd/ViSoBERT
fresh_visobert_11331,Thiên Kim hèn gì pà phe vs tui pà kim cương,0,0,0,0,0,0,neutral,other,train,SEACrowd/ViSoBERT
fresh_visobert_07921,Ủa bạn trai của vợ ????,1,1,0,0,0,0,neutral,surprise,train,SEACrowd/ViSoBERT
fresh_visobert_10799,Chị biết e ạ 😂,1,1,0,0,0,1,positive,enjoyment,train,SEACrowd/ViSoBERT
fresh_visobert_02645,vu quynh má huong vãi lol,0,0,0,1,1,0,neutral,surprise,train,SEACrowd/ViSoBERT
fresh_visobert_02256,nhanhh that su ))),0,0,0,0,1,0,neutral,enjoyment,train,SEACrowd/ViSoBERT
fresh_visobert_04246,ô uế đất a bảnh 🤧 🤧,0,0,0,0,0,0,neutral,other,train,SEACrowd/ViSoBERT
fresh_visobert_02708,nhị thắng lắm bồ tèo tao định chửi,0,0,0,0,0,0,neutral,other,train,SEACrowd/ViSoBERT
fresh_visobert_01961,ngọc trân cứu đc,0,0,0,0,0,0,neutral,other,train,SEACrowd/ViSoBERT
fresh_visobert_07551,"Đồ biển nhìu vô kể, nên tốt nhất ăn mấy loại phổ biến tôm cua ghẹ cá hàu ốc sò bình thường thôi cho yên tâm 👍🏻",0,0,0,0,0,0,positive,enjoyment,train,SEACrowd/ViSoBERT
fresh_visobert_05599,lê phượngthuan vo tú võ minh minh đầu xu hướng,0,0,0,0,0,0,neutral,other,train,SEACrowd/ViSoBERT
fresh_visobert_06069,"giao hàng nhanh, đóng gói kỹ càng, tông đơ khá dễ dùng, máy chạy êm, ok 5 sao",0,0,0,0,1,0,positive,enjoyment,train,SEACrowd/ViSoBERT
fresh_visobert_07412,Còn mùng là còn tết nhưng vén mùng lên bước xuống giường là hết tết.😂,1,1,1,0,0,1,neutral,enjoyment,train,SEACrowd/ViSoBERT
fresh_visobert_08159,Toàn Trịnh nó tốt hay ko thì kệ mẹ tụi nó,0,0,0,0,0,0,positive,enjoyment,train,SEACrowd/ViSoBERT
fresh_visobert_11088,đây là 1 câu chuyện buồn,0,0,0,0,0,0,negative,sadness,train,SEACrowd/ViSoBERT
fresh_visobert_04931,thảo mai =)))))),1,1,0,0,0,1,neutral,disgust,train,SEACrowd/ViSoBERT
fresh_visobert_08791,2. Đóng gói kĩ càng... hộp ko móp méo chút nào,0,0,0,0,0,0,neutral,other,train,SEACrowd/ViSoBERT
fresh_visobert_02896,nhạc jack cảm nhận bài bày,0,0,0,0,0,0,neutral,other,train,SEACrowd/ViSoBERT
fresh_visobert_11072,"nhìn mặt đã thấy hãm , mọi người chửi bỏ mẹ con mẹ phụ huynh đi",0,0,0,0,0,0,neutral,other,train,SEACrowd/ViSoBERT
fresh_visobert_04155,đoàn văn ngọc sơn abe nhái bản quyền cụ tổ,0,0,0,0,0,0,neutral,other,train,SEACrowd/ViSoBERT
fresh_visobert_11670,C lấy áo beige đẹp 🤢🤢🤢T,0,0,0,0,0,0,neutral,enjoyment,train,SEACrowd/ViSoBERT
fresh_visobert_02072,mấy mấy trị tham nhũng mạnh tay tử hình dùm tiền lo cặc dân đéo rảnh phản động mấy mấy,0,0,0,0,0,0,negative,fear,train,SEACrowd/ViSoBERT
fresh_visobert_02360,tội mấy êy,0,0,0,0,0,0,negative,sadness,train,SEACrowd/ViSoBERT
fresh_visobert_02000,post ghim đầu page lệch lạc page )) like page page facebook giải thích heheee,0,0,0,0,1,0,positive,enjoyment,train,SEACrowd/ViSoBERT
fresh_visobert_11506,"cứ tới đi, có làm gì sai đâu mà lo, sao cứ nghĩ chuyên phức tạp nhỉ, ng yêu cũ là cũ nghia là đã qua rồi, hiện tại là khác",0,0,1,0,0,0,positive,fear,train,SEACrowd/ViSoBERT
fresh_visobert_07448,Nhưng ra trg rồi. H ở nhà coi tẹc ga,1,0,1,0,0,0,neutral,surprise,train,SEACrowd/ViSoBERT
fresh_visobert_09006,Chất lượng sản phẩm tuyệt vời,1,0,0,0,0,0,positive,enjoyment,train,SEACrowd/ViSoBERT
fresh_visobert_07012,Tuổi trẻ tài cao xứng đáng đc bóc lịch:)),1,0,0,0,0,0,neutral,other,train,SEACrowd/ViSoBERT
fresh_visobert_01330,))) ăn ở abe,0,0,0,0,0,0,neutral,other,train,SEACrowd/ViSoBERT
fresh_visobert_06409,Ad rât thich taynguyen sound,0,0,0,0,0,0,neutral,other,train,SEACrowd/ViSoBERT
fresh_visobert_04379,cặc bệnh ngu,1,0,0,0,0,1,negative,disgust,train,SEACrowd/ViSoBERT
fresh_visobert_06401,thank. kkkkk,0,0,0,0,1,0,neutral,other,train,SEACrowd/ViSoBERT
fresh_visobert_10082,Mưa đến ko thể đi học:<,0,0,0,0,0,0,neutral,other,train,SEACrowd/ViSoBERT
fresh_visobert_02546,yêu thánh ca buồn tiếng hát elvis phương,0,0,0,0,0,0,neutral,sadness,train,SEACrowd/ViSoBERT
fresh_visobert_05993,Chúng tôi lại ko đc xem hề miễn phí.,1,0,0,0,0,1,neutral,disgust,train,SEACrowd/ViSoBERT
fresh_visobert_00373,chúc panda abe iu dấu / vui vẻ đừng quên xóa kênh,0,0,0,0,0,0,positive,enjoyment,train,SEACrowd/ViSoBERT
fresh_visobert_01004,đỗ thành trung,0,0,0,0,0,0,neutral,fear,train,SEACrowd/ViSoBERT
fresh_visobert_03682,phụng trần vkl,0,0,0,0,1,0,neutral,enjoyment,train,SEACrowd/ViSoBERT
fresh_visobert_02355,thuyết phục,0,0,0,0,0,0,neutral,other,train,SEACrowd/ViSoBERT
fresh_visobert_10350,cho xin cái nhạc nền clip võ học phu thê với ad ơi :@,0,0,0,0,1,0,neutral,other,train,SEACrowd/ViSoBERT
fresh_visobert_03021,huyền khánh phùng huyền béo,0,0,0,0,0,0,neutral,other,train,SEACrowd/ViSoBERT
fresh_visobert_07728,Mohd Farid kena kawin cpt la mcm ni,0,0,0,0,1,0,positive,enjoyment,train,SEACrowd/ViSoBERT
fresh_visobert_02059,trang vườn hoa kiểng mong bà con chia góp ý admin đừng xóa,0,0,0,0,1,0,neutral,other,train,SEACrowd/ViSoBERT
fresh_visobert_11272,sao áo giống thằng chung lớp t vậy?.?,0,0,0,0,0,0,neutral,other,train,SEACrowd/ViSoBERT
fresh_visobert_06582,"giao hàng nhanh, hàng xài tốt. cho 5star",0,0,0,0,0,0,positive,enjoyment,train,SEACrowd/ViSoBERT
fresh_visobert_09303,Họ nói một bức tranh có đáng giá vạn lời,0,0,0,0,0,0,neutral,other,train,SEACrowd/ViSoBERT
fresh_visobert_00527,lây đường đt =))),1,0,0,0,0,0,neutral,other,train,SEACrowd/ViSoBERT
fresh_visobert_06351,- Bé Xuân Mike Lonton.,0,0,0,0,0,0,neutral,other,train,SEACrowd/ViSoBERT
fresh_visobert_09821,"Trần Công toang , sát ngay nhà cũng có 4 ca đag chờ kquả đây lè😳😳",1,0,0,1,0,0,negative,surprise,train,SEACrowd/ViSoBERT
fresh_visobert_08379,Nguyễn Ysel No No đến từng tuổi này hết cái chữ ngờ đó rồi. là và sẽ là số rồi.,0,0,0,0,1,0,neutral,other,train,SEACrowd/ViSoBERT
fresh_visobert_03514,petland ghép gà hơi sai nha,1,0,0,0,0,1,neutral,disgust,train,SEACrowd/ViSoBERT
fresh_visobert_11431,chị cute đang nhìn bé cute 🥰,0,0,0,0,1,0,positive,enjoyment,train,SEACrowd/ViSoBERT
fresh_visobert_09623,"Phan Thị Thanh Đào có chữa rồi , 😏😏😏😜😜😜",1,1,0,0,0,0,neutral,surprise,train,SEACrowd/ViSoBERT
fresh_visobert_11905,Bố thằng gà chết mới hết si sớn,1,0,0,0,0,1,neutral,disgust,train,SEACrowd/ViSoBERT
fresh_visobert_01097,hôm trc bằng khen teacher of the year gd 💙 yêu thầy,0,0,0,0,1,0,positive,enjoyment,train,SEACrowd/ViSoBERT
fresh_visobert_09208,Hoàng Thiên Dương Cúc hehe thường thuii bé,0,0,0,0,0,0,neutral,enjoyment,train,SEACrowd/ViSoBERT
fresh_visobert_06883,Mấy a ăn tết sớm thế😅,0,0,0,0,0,0,neutral,other,train,SEACrowd/ViSoBERT
fresh_visobert_01319,tui dễ thương quá trời,0,0,0,0,0,0,positive,enjoyment,train,SEACrowd/ViSoBERT
fresh_visobert_07346,Mua ở đâu v ta,0,0,0,0,0,0,neutral,enjoyment,train,SEACrowd/ViSoBERT
fresh_visobert_11466,Học trường kinh tế là đ r -.-,0,0,0,0,0,0,negative,disgust,train,SEACrowd/ViSoBERT
fresh_visobert_07124,Thật ra vấn đề này hay chứ.,0,0,0,0,0,0,positive,enjoyment,train,SEACrowd/ViSoBERT
fresh_visobert_10212,Anh phương đi có ảnh hương fl ko ah,0,0,0,0,0,0,neutral,other,train,SEACrowd/ViSoBERT
fresh_visobert_01050,xin lỗi thầy,0,0,0,0,0,0,negative,sadness,train,SEACrowd/ViSoBERT
fresh_visobert_06901,"Chuyển qua insta thì hack bằng lol,bằng niềm tin",0,0,0,0,1,0,neutral,other,train,SEACrowd/ViSoBERT
fresh_visobert_07918,Siêu thị còn khâu trang y tê k ạ,0,0,0,1,0,0,neutral,other,train,SEACrowd/ViSoBERT
fresh_visobert_07801,sợ thì vkl,0,0,0,0,0,0,negative,fear,train,SEACrowd/ViSoBERT
fresh_visobert_10497,Hiếu Võ ộp pa như cc :)),1,0,0,0,0,0,neutral,other,train,SEACrowd/ViSoBERT
fresh_visobert_07249,định gầm mà buồn ngủ ngang nên thôi dị :))),1,1,1,0,0,1,negative,sadness,train,SEACrowd/ViSoBERT
fresh_visobert_00482,gốc tàu chửi trung quốc ghê,0,0,0,0,0,0,negative,disgust,train,SEACrowd/ViSoBERT
fresh_visobert_02935,câu hài vl,1,1,0,1,0,1,positive,enjoyment,train,SEACrowd/ViSoBERT
fresh_visobert_00164,chân mấy hàn quốc,0,0,0,0,0,0,neutral,other,train,SEACrowd/ViSoBERT
fresh_visobert_00488,đm ad óc cức lắm đm người ta khổ đéo rãnh đăng tào lao cặc ta đc đồng xu cắt bạc xạo lồn sinh ngu,1,0,0,0,0,1,negative,anger,train,SEACrowd/ViSoBERT
fresh_visobert_06198,Lidya Nofrita harus dunk,0,0,0,0,1,0,neutral,enjoyment,train,SEACrowd/ViSoBERT
fresh_visobert_10819,Cang đoc cang thây hay châm ngôn cuôc sông đây rôi cam ơn ts thâm dương .,0,0,0,0,0,0,positive,enjoyment,train,SEACrowd/ViSoBERT
fresh_visobert_09693,Hàng đóng gói cẩn thận.,0,0,0,0,0,0,positive,enjoyment,train,SEACrowd/ViSoBERT
fresh_visobert_07089,Hẹn Tâm tối nay 🥰,0,0,0,0,0,0,positive,enjoyment,train,SEACrowd/ViSoBERT
fresh_visobert_06695,Bn con giư đê k chup lai cho minh vs dc k a,0,0,0,0,0,0,neutral,other,train,SEACrowd/ViSoBERT
fresh_visobert_00874,nhật tùng cặc xong sản sủa,0,0,0,0,0,0,neutral,other,train,SEACrowd/ViSoBERT
fresh_visobert_08917,Đạt top tr điểm chúc gấu thành công😊😊😊,0,0,0,0,1,0,positive,enjoyment,train,SEACrowd/ViSoBERT
fresh_visobert_05818,kiểu cách nc y trang,0,0,0,0,0,0,neutral,other,train,SEACrowd/ViSoBERT
fresh_visobert_09891,Người cô đơn chắc thích điều này lắm :((,0,0,0,0,0,0,positive,enjoyment,train,SEACrowd/ViSoBERT
fresh_visobert_01806,lỡ múc mấy ảnh cặc tiền dân mua = ] ],0,0,0,0,0,0,neutral,other,train,SEACrowd/ViSoBERT
fresh_visobert_07313,cuộc đời còn nhiều sự lựa chọn khác mà em,1,0,1,0,0,0,neutral,surprise,train,SEACrowd/ViSoBERT
fresh_visobert_01463,cười vãi bọn bảo game chán spam phá kiểu =))) chán,1,1,0,1,1,1,negative,enjoyment,train,SEACrowd/ViSoBERT
fresh_visobert_10131,Giao hàng nhanh. Mua dùng cho đồ chơi điều khiển rất ổn. Có bảo hành + hướng dẫn,0,0,0,0,0,0,positive,enjoyment,train,SEACrowd/ViSoBERT
fresh_visobert_00724,thi đăng ký rủ,0,0,0,0,0,0,neutral,other,train,SEACrowd/ViSoBERT
fresh_visobert_11606,Ad còn tuyển nhân viên kỹ thuật điện k ad,0,0,0,0,0,0,neutral,other,train,SEACrowd/ViSoBERT
fresh_visobert_07054,Loc e vs chautuan,0,0,0,0,1,0,negative,fear,train,SEACrowd/ViSoBERT
fresh_visobert_04003,họa tiết tinh tế )),0,0,0,0,0,0,negative,sadness,train,SEACrowd/ViSoBERT
fresh_visobert_02213,hà lội tp sống vi thế các bạn bake đung cặc đu nam cu hit khí thiên đuong,0,0,0,0,0,0,neutral,other,train,SEACrowd/ViSoBERT
fresh_visobert_07626,Số 4 người lạ ak mn,0,0,0,0,0,0,neutral,other,train,SEACrowd/ViSoBERT
fresh_visobert_06693,"Đồng hồ đẹp, đúng mẫu, giao hàng nhanh. Cảm ơn shop nhiều.",0,0,0,0,1,0,positive,enjoyment,train,SEACrowd/ViSoBERT
fresh_visobert_11539,tôi đã thanh toán bằng airpay thành công nhằm tặng đồ ăn cho bạn tôi nhưng đến khi giao tới bạn tôi vẫn phải trả số tiền đó. vì bạn tôi không biết nên đã trả tiền này. now.vn đã nhiều lần làm ăn tất trắc. từ nay tôi sẽ không sử dụng dịch vụ ở đây nữa. mọi người hãy cẩn thận!,1,1,1,0,1,1,neutral,disgust,train,SEACrowd/ViSoBERT
fresh_visobert_06302,Mình lười chụp ảnh quá nên để tạm hihi,0,0,0,0,0,0,neutral,enjoyment,train,SEACrowd/ViSoBERT
fresh_visobert_06993,gái nông thôn sống nội tâm trầm tính,0,0,0,0,0,0,positive,sadness,train,SEACrowd/ViSoBERT
fresh_visobert_07575,Để abe đơm đã,0,0,0,0,0,0,neutral,other,train,SEACrowd/ViSoBERT
fresh_visobert_04075,mấy bụng má phệ óc mỡ quản lí,0,0,0,0,0,0,neutral,other,train,SEACrowd/ViSoBERT
fresh_visobert_06646,Vì cái tội đem con đẻ ông bà bô cho đi bụi 🤣,1,1,0,0,0,1,neutral,enjoyment,train,SEACrowd/ViSoBERT
fresh_visobert_11251,Ngọc's Ánh thính bay lên cao wa hà,0,0,0,0,0,0,neutral,other,train,SEACrowd/ViSoBERT
fresh_visobert_08986,Chốt váy xinh kskdjjtoe,0,0,0,0,0,0,neutral,other,train,SEACrowd/ViSoBERT
fresh_visobert_02305,cháu đc nghỉ,0,0,0,0,0,0,neutral,sadness,train,SEACrowd/ViSoBERT
fresh_visobert_05240,thu lá vàng,0,0,0,0,0,0,neutral,other,train,SEACrowd/ViSoBERT
fresh_visobert_11161,hfjvkvjchxysysudkvlvlblblblblbjvjcjcjdudysysydifkbllvkckcjchxysydickvkbkblvkvkfifigkvkbkbkvkvkcudu,0,0,0,0,0,0,neutral,enjoyment,train,SEACrowd/ViSoBERT
fresh_visobert_05401,quên kéo khóa vs đóng cúc đấy,0,0,0,0,0,0,neutral,other,train,SEACrowd/ViSoBERT
fresh_visobert_00248,minh hiếu duyên hết sức nói chuyện chân thật mặc dù live chửi táo tợn thánh thiện chất chúc vui khỏe hp mong dịp,1,0,0,0,1,0,positive,enjoyment,train,SEACrowd/ViSoBERT
fresh_visobert_00703,nhung nhung cặc mày báo đời nhung,0,0,0,0,0,0,neutral,other,train,SEACrowd/ViSoBERT
fresh_visobert_02506,vie nguyễn đâu đó thấp thoáng hình dáng hà,0,0,0,0,0,0,neutral,other,train,SEACrowd/ViSoBERT
fresh_visobert_11242,"Giao hàng đúng sản phẩm chọn, shop tặng kèm 1 con lẻ nhưng bị dính keo.",1,0,1,0,1,1,neutral,disgust,train,SEACrowd/ViSoBERT
fresh_visobert_09334,dạ chị đặt 4 hộp giảm mỡ bụng 6k miễn phí ship chị vui lòng cho shop xin thêm địa chỉ và sdt ạ /,0,0,0,0,1,0,positive,enjoyment,train,SEACrowd/ViSoBERT
fresh_visobert_05555,mng vô like and share yêuu mng vvv,0,0,0,0,1,0,neutral,enjoyment,train,SEACrowd/ViSoBERT
fresh_visobert_08840,Đẹp hơn mẩu này tí tầm 6m vuông.khoảng bao nhiêu tiền anh ơi,0,0,0,0,0,0,positive,enjoyment,train,SEACrowd/ViSoBERT
fresh_visobert_02772,nguyễn hiếu vid,0,0,0,0,0,0,neutral,other,train,SEACrowd/ViSoBERT
fresh_visobert_03377,sai lầm mong,0,0,0,0,0,0,positive,sadness,train,SEACrowd/ViSoBERT
fresh_visobert_09179,Tư vấn nhiệt tình ok,0,0,0,0,1,0,neutral,other,train,SEACrowd/ViSoBERT
fresh_visobert_00817,minh hồng ngược lại 😄 😄,0,0,0,0,0,0,positive,enjoyment,train,SEACrowd/ViSoBERT
fresh_visobert_03852,học sinh úc đấy,0,0,0,0,0,0,neutral,enjoyment,train,SEACrowd/ViSoBERT
fresh_visobert_06956,Ở nhà còn đỡ ở bệnh viện mới xu cà na :((,0,0,0,0,0,0,neutral,other,train,SEACrowd/ViSoBERT
fresh_visobert_07592,sao lại biết có NH4+ vậy thầy,0,0,0,0,0,0,neutral,other,train,SEACrowd/ViSoBERT
fresh_visobert_02861,đc vãi má lồn,0,0,0,1,0,0,negative,surprise,train,SEACrowd/ViSoBERT
fresh_visobert_03122,ngưới ta sát vỉa hè tạt,0,0,0,0,0,0,neutral,other,train,SEACrowd/ViSoBERT
fresh_visobert_02542,học thầy clear,0,0,0,0,0,0,neutral,other,train,SEACrowd/ViSoBERT
fresh_visobert_00323,nói chuyện dễ thương,0,0,0,0,0,0,positive,enjoyment,train,SEACrowd/ViSoBERT
fresh_visobert_06625,Cầu mong con sớm siêu thoát. Mặc dù đã có nhiều cố gắng của bao nhiêu người rất vất vả. Vì số con chỉ được có như vậy. Xin chia buồn với gia đình con. Chỉ biết nói là rất thương con.😭😭😭,1,0,0,1,0,0,negative,sadness,train,SEACrowd/ViSoBERT
fresh_visobert_00909,chao minh hieu hom thay minh hieu dep gai ha,0,0,0,0,0,0,neutral,other,train,SEACrowd/ViSoBERT
fresh_visobert_00080,Ủa nhớ Acc này lên cthu r mà sao rớt lẹ z,1,1,1,0,0,0,neutral,surprise,train,SEACrowd/ViSoBERT
fresh_visobert_00100,"Vì một thế giới hoà bình, mọi người đừng cãi nhau nữa",0,0,0,0,0,0,neutral,other,train,SEACrowd/ViSoBERT
fresh_visobert_11616,da mình nhạy cảm nhưng dùng em này cũng ok! giá thành hơi mắc nhưng xứng với giá tiền.,1,1,1,0,1,0,positive,surprise,train,SEACrowd/ViSoBERT
fresh_visobert_04234,tụi hong học thầy bắn sml 🤣 🤣,1,0,0,1,0,0,neutral,enjoyment,train,SEACrowd/ViSoBERT
fresh_visobert_10340,cái cây gia công sản xuất kém chất lượng quá :)),1,1,0,0,0,0,positive,surprise,train,SEACrowd/ViSoBERT
fresh_visobert_01362,ăn cướp hả,1,0,0,0,0,0,neutral,surprise,train,SEACrowd/ViSoBERT
fresh_visobert_07368,"Nếu như bạn cảm thấy lv5 quá khó với bản thân thì có thể hạ xuống lv-4 để học chắc hơn. Thực ra những level dưới cũng sẽ bổ sung các kĩ năng cần có cho bạn. Hơn nữa, còn đỡ áp lực hơn so với học lv5 khi đây là lớp đầu tiên bạn vào. Ai cũng gặp khó khăn khi mới bắt đầu cả, chỉ là bạn có muốn cố gắng để học qua hết level k thôi=)))) mình nhớ k nhầm hình như có 7 level lận mà mỗi level đều giúp bạn có những kĩ năng academic rất cần thiết khi học chuyên ngành (academic writing, listening, etc.)",1,1,1,1,0,1,neutral,disgust,train,SEACrowd/ViSoBERT
fresh_visobert_01131,tặng anh em fa,0,0,0,0,0,0,neutral,other,train,SEACrowd/ViSoBERT
fresh_visobert_09830,"Nhận hàng đóng gói rất kỹ, có xốp chống bể rất đàng hoàng, giao hàng nhanh, mình ép cần tây và dứa cho nhiều nc, tuy nhiên không hết nc, chỉ đc tầm 70% thôi, ép thêm lần nữa cũng ổn, nchung với mức giá này đáng mua nha mn ơi",0,0,0,0,0,0,neutral,other,train,SEACrowd/ViSoBERT
fresh_visobert_03760,rambo ngã xe đc )))) sang thái lan tấu hài,1,0,0,1,0,1,neutral,disgust,train,SEACrowd/ViSoBERT
fresh_visobert_08920,"Tinh tê dạo này thành tinh ranh rồi, không chuyên sâu vào công nghệ , cứ thích tạo drama để ae thành viên đốp lẫn nhâu.",0,0,0,0,1,0,positive,enjoyment,train,SEACrowd/ViSoBERT
fresh_visobert_01487,nhà nước minh biện pháp vs hành vi nước ngoài trốn khai báo đứa cặc trốn khai báo phát hiện đc dương tính vs vi rút xử bắn,0,0,0,0,0,0,neutral,other,train,SEACrowd/ViSoBERT
fresh_visobert_05473,cười mặt ông già,1,1,0,1,0,1,negative,enjoyment,train,SEACrowd/ViSoBERT
fresh_visobert_08235,Luu nam sau xem,0,0,0,0,1,0,neutral,other,train,SEACrowd/ViSoBERT
fresh_visobert_04569,chửi đẹp kkkkkkkk,1,0,0,0,0,0,positive,enjoyment,train,SEACrowd/ViSoBERT
fresh_visobert_08742,Mình muốn 5kg,0,0,0,0,0,0,negative,sadness,train,SEACrowd/ViSoBERT
fresh_visobert_06213,Về việt nam chắc còn nguyên lông,0,0,0,0,0,0,neutral,other,train,SEACrowd/ViSoBERT
fresh_visobert_04318,lộn ruột 🤣 🤣 🤣,0,0,0,0,0,0,neutral,enjoyment,train,SEACrowd/ViSoBERT
fresh_visobert_07676,Mới bán được ô đất của ô cha để lại 😂 . Xây được cái nhà và con êtô 😂😂,1,1,1,0,0,1,positive,enjoyment,train,SEACrowd/ViSoBERT
fresh_visobert_06400,Trai hàn toàn bắt trước trai việt rồi lên sóng :)),1,0,0,0,0,0,neutral,other,train,SEACrowd/ViSoBERT
fresh_visobert_00872,🤣 🤣 cống suối,0,0,0,0,0,0,neutral,enjoyment,train,SEACrowd/ViSoBERT
fresh_visobert_00018,"Bởi vậy hãy cố gắng kiếm tiền, trau dồi bản thân. Tìm người đàn ông tinh tế và tâm lý, ko phải ko mua được mà muốn được quan tâm, chiều chuộng :))",1,1,1,0,0,1,neutral,disgust,train,SEACrowd/ViSoBERT
fresh_visobert_00476,hóng phim rạp )),0,0,0,0,1,0,positive,enjoyment,train,SEACrowd/ViSoBERT
fresh_visobert_03605,trời ơi đẹp,0,0,0,0,0,0,positive,surprise,train,SEACrowd/ViSoBERT
fresh_visobert_07818,Có hình cho bé gái ko shoo,0,0,0,0,0,0,neutral,other,train,SEACrowd/ViSoBERT
fresh_visobert_04416,xai trính tã cá ghén vít đún trính tã )),0,0,0,0,0,0,neutral,other,train,SEACrowd/ViSoBERT
fresh_visobert_04614,hk tẩy trang tẩy trang tắm rữa live dk,0,0,0,0,1,0,neutral,other,train,SEACrowd/ViSoBERT
fresh_visobert_01230,yen lyn hoang huyền trangngọc anh mãi quả báo tùng,0,0,0,0,0,0,neutral,other,train,SEACrowd/ViSoBERT
fresh_visobert_10119,"Coi tập này vui phết , nước mắt rơi cũng quá trời luôn 😅",0,0,0,0,0,0,positive,enjoyment,train,SEACrowd/ViSoBERT
fresh_visobert_00269,triệu chymmm huhuh,0,0,0,0,0,0,neutral,other,train,SEACrowd/ViSoBERT
fresh_visobert_01803,giáo án má cc,0,0,0,0,0,0,negative,anger,train,SEACrowd/ViSoBERT
fresh_visobert_00276,hạn chế viruss phát tán phòng 6 độ cơ bản còn cis thể hãy đọc kĩ viruss corona the trang chính thống nha,0,0,0,0,1,0,positive,enjoyment,train,SEACrowd/ViSoBERT
fresh_visobert_05138,sống thơ thanh xuân )),0,0,0,0,0,0,negative,other,train,SEACrowd/ViSoBERT
fresh_visobert_00225,chữi cứu nhân độ thế 🤣 🤣,0,0,0,0,0,0,neutral,enjoyment,train,SEACrowd/ViSoBERT
fresh_visobert_03446,hyeong tea im hộ mồm thánh nhân đọc tiên bảo tiên bắt bẻ,0,0,0,0,0,0,neutral,other,train,SEACrowd/ViSoBERT
fresh_visobert_03239,quốc rym thép việt nhật,0,0,0,0,0,0,positive,enjoyment,train,SEACrowd/ViSoBERT
fresh_visobert_08301,Dây sao 9977876,0,0,0,0,0,0,positive,sadness,train,SEACrowd/ViSoBERT
fresh_visobert_10179,"Kim Hoang hiện tại chương trình khuyến mãi áp dụng đến hết ngày /, mời em dành ít thời gian ghé qua mỹ viện sớm để nhận ưu đãi nhé.",0,0,0,0,0,0,neutral,other,train,SEACrowd/ViSoBERT
fresh_visobert_00589,hay ho đéo cặc câu like facebook,0,0,0,0,1,0,neutral,anger,train,SEACrowd/ViSoBERT
fresh_visobert_03210,nguyễn công viễn cẩn thận nha,0,0,0,0,0,0,neutral,other,train,SEACrowd/ViSoBERT
fresh_visobert_06799,"Chào bạn, bạn đã tốt nghiệp THPT chưa, nếu đã tốt nghiệp thì bạn vui lòng photo công chứng học bạ và bằng tốt nghiệp rồi mang lên trường làm hồ sơ bạn nhé",0,0,0,0,0,0,positive,enjoyment,train,SEACrowd/ViSoBERT
fresh_visobert_04718,chồng thương vợ chồng ổng vợ sanh tròn chữ hiếu gđ mong giúp đỡ mẹ con kia chúc ac hp,0,0,0,0,0,0,neutral,sadness,train,SEACrowd/ViSoBERT
fresh_visobert_03271,đất nước vs cặc ngu admin page,1,0,0,0,1,1,negative,disgust,train,SEACrowd/ViSoBERT
fresh_visobert_02551,chào abe nhaa,0,0,0,0,0,0,neutral,other,train,SEACrowd/ViSoBERT
fresh_visobert_00807,chụp ảnh cưới mộc châu siêu xịnnnn,0,0,0,1,0,0,neutral,other,train,SEACrowd/ViSoBERT
fresh_visobert_05877,"Cái này là thực dụng nha. Có thể nói tiền mua được hạnh phúc. Nhưng đã là bạn, bạn mình ko nhiều tiền thì đi vỉa hè, quán cốc , ko nữa thì mình trả nhiều hơn phần nó là đc . Chơi vs nhau gọi nhau hai tiếng bạn bè thì phải làm sao cho hợp lý á , chứ lấy vật chất ra so sánh cái đấy phải là bạn đâu. Đó là bẹn bà",1,1,1,0,0,1,positive,enjoyment,train,SEACrowd/ViSoBERT
fresh_visobert_01630,nguyễn huy máy bay nghi nghi,0,0,0,0,0,0,neutral,other,train,SEACrowd/ViSoBERT
fresh_visobert_01162,cac bóng thầy chó linh thú nằm thầy,0,0,0,0,0,0,neutral,other,train,SEACrowd/ViSoBERT
fresh_visobert_02173,vãi nguyễn thị tươi cặc khắm àh nhầm tươi thắm 😂 😂 😂,1,1,0,1,0,1,neutral,enjoyment,train,SEACrowd/ViSoBERT
fresh_visobert_11542,Đến trường hỏi thì chả khác nào vào động PR MKT rồi mấy chuỵ ạ ;)),0,0,0,0,0,0,neutral,other,train,SEACrowd/ViSoBERT
fresh_visobert_00199,mấy già bộ trưởng cặc đầu óc thua nông dân,0,0,0,0,0,0,neutral,other,train,SEACrowd/ViSoBERT
fresh_visobert_05162,mong thầy show giáo án chuẩn,0,0,0,0,1,0,positive,enjoyment,train,SEACrowd/ViSoBERT
fresh_visobert_09042,Ja bnhiu za shop,0,0,0,0,1,0,neutral,other,train,SEACrowd/ViSoBERT
fresh_visobert_09676,Hi chị thy cute nhà❤❤❤❤,0,0,0,0,1,0,positive,enjoyment,train,SEACrowd/ViSoBERT
fresh_visobert_11598,NgÔ ĐứC HảI bạn có giàu thì đừng quên mình nhá ✌,0,0,0,0,0,0,neutral,other,train,SEACrowd/ViSoBERT
fresh_visobert_09127,Chào chi .em thích chi nói chuyên quá,0,0,0,0,0,0,positive,enjoyment,train,SEACrowd/ViSoBERT
fresh_visobert_04127,nhật bây đẹp mũi ad căn bản lai ng âu mỹ,0,0,0,0,0,0,positive,enjoyment,train,SEACrowd/ViSoBERT
fresh_visobert_10397,"Cứ xem như là chút thử thách để mình ghê ghớm lên một chút, dù sao mạnh mẽ lên chút thì sau này cũng tốt thôi.",0,0,0,0,0,0,positive,disgust,train,SEACrowd/ViSoBERT
fresh_visobert_04135,phá chết má cuộc sống mong manh,0,0,0,0,0,0,neutral,other,train,SEACrowd/ViSoBERT
fresh_visobert_11392,Một người vì em trắng tay Mạnh Hùng 🤣,0,0,0,0,0,0,neutral,enjoyment,train,SEACrowd/ViSoBERT
fresh_visobert_05236,nhậu bưa pk,0,0,0,0,0,0,neutral,other,train,SEACrowd/ViSoBERT
fresh_visobert_06647,Thu Hoà Ngô Trang Hồng Mai Phạm Thị Chanh lưu lại nhỡ ai ngây🤣,0,0,0,0,0,0,neutral,enjoyment,train,SEACrowd/ViSoBERT
fresh_visobert_11581,Thầy em là phải hơn. Nhưng ngu hơn ă🤧,1,1,1,0,0,1,negative,disgust,train,SEACrowd/ViSoBERT
fresh_visobert_02442,sản phẩm chất lượng phục vụ lũ cực kỳ thuyết phục di căn giai đoạn cặc phí phạm toàn bọn bại não thoái hóa văn hóa tưởng hay ho,1,0,0,1,0,0,positive,enjoyment,train,SEACrowd/ViSoBERT
fresh_visobert_03600,thiết nghĩ thầy lớp dạy múa,0,0,0,0,0,0,negative,sadness,train,SEACrowd/ViSoBERT
fresh_visobert_05299,mặt lam chí khanh ngộ,0,0,0,0,0,0,neutral,other,train,SEACrowd/ViSoBERT
fresh_visobert_06335,Sen mình ở biên hoà giá 4.5 triệu,0,0,0,0,0,0,neutral,other,train,SEACrowd/ViSoBERT
fresh_visobert_08413,game nay hack nhìu quá chị ơi,0,0,0,0,1,0,neutral,other,train,SEACrowd/ViSoBERT
fresh_visobert_00689,eo ôi đứa thảo bố théeee yêu huhu ❤ ❤ ❤,0,0,0,0,0,0,positive,enjoyment,train,SEACrowd/ViSoBERT
fresh_visobert_10592,gọi đò ơitừ 9 tết đến mùng 5 vẫn ko có đò - khán giả cho hay,0,0,0,0,0,0,positive,enjoyment,train,SEACrowd/ViSoBERT
fresh_visobert_08915,Chào em đi chị ơiiii,0,0,0,0,0,0,neutral,other,train,SEACrowd/ViSoBERT
fresh_visobert_11599,Thầy đang nghĩ về cô em xinh tươi này ...,0,0,0,0,0,0,neutral,other,train,SEACrowd/ViSoBERT
fresh_visobert_08095,Giúp loại sạch vết bẩn cứng đầu tốt hơn trong 1 bước giặt với hương thơm bền lâu.,0,0,0,0,0,0,positive,enjoyment,train,SEACrowd/ViSoBERT
fresh_visobert_08769,Lê Vân b này giống mình đẻ xong tóc mọc lung tung toé,0,0,0,0,0,0,neutral,other,train,SEACrowd/ViSoBERT
fresh_visobert_04230,vô cùng thuyết phục,0,0,0,0,0,0,neutral,other,train,SEACrowd/ViSoBERT
fresh_visobert_07998,Mẹ mít tuyệt zời 💓👍,0,0,0,0,0,0,positive,enjoyment,train,SEACrowd/ViSoBERT
fresh_visobert_05653,vcl thanh niên cặc não )))),1,0,0,0,0,1,negative,anger,train,SEACrowd/ViSoBERT
fresh_visobert_02461,đm bọn cặc trung quốc chó,1,0,0,0,0,1,negative,anger,train,SEACrowd/ViSoBERT
fresh_visobert_02716,quào hoa ngữ môn học chánh thức nha mấy đứa,0,0,0,0,0,0,neutral,other,train,SEACrowd/ViSoBERT
fresh_visobert_06276,Chị nhuộm tiếp à 😳,0,0,0,0,0,0,neutral,surprise,train,SEACrowd/ViSoBERT
fresh_visobert_03441,hủy bố cặc mày )) ngu,1,0,0,0,0,1,negative,disgust,train,SEACrowd/ViSoBERT
fresh_visobert_00309,nhảy kia nhỡ may tiếp đất chuẩn ngã bảo cõng )),0,0,0,0,0,0,neutral,other,train,SEACrowd/ViSoBERT
fresh_visobert_00846,ủng hộ abe,0,0,0,0,1,0,positive,enjoyment,train,SEACrowd/ViSoBERT
fresh_visobert_09577,Nhìn em cái đi nè 😍,0,0,0,0,0,0,positive,enjoyment,train,SEACrowd/ViSoBERT
fresh_visobert_04843,sức nhịn cười độ đểu vũ hoàng lân,0,0,0,0,0,0,neutral,other,train,SEACrowd/ViSoBERT
fresh_visobert_00590,lan hoa mấy đứa suốt bảo người ta đạo cặc đời núp bóng,0,0,0,0,0,0,neutral,other,train,SEACrowd/ViSoBERT
fresh_visobert_07853,Nguyễn Diệp. chị tự mua đi nha. thik dưỡng hay ko duõng,0,0,0,0,0,0,positive,enjoyment,train,SEACrowd/ViSoBERT
fresh_visobert_03962,mày cặc khôn vãi lòn,0,0,0,1,0,1,neutral,disgust,train,SEACrowd/ViSoBERT
fresh_visobert_09992,Lâm Trần quá khen nà,0,0,0,0,0,0,positive,enjoyment,train,SEACrowd/ViSoBERT
fresh_visobert_06465,Cho tao hỏi miền ngoài là miền đéo gì vậy 😄,1,0,0,0,0,0,neutral,anger,train,SEACrowd/ViSoBERT
fresh_visobert_09829,Tui biết ai viết cf này rồi =)))))))))))),1,0,0,0,0,0,neutral,other,train,SEACrowd/ViSoBERT
fresh_visobert_03838,trần linh đau đầu,0,0,0,0,0,0,negative,sadness,train,SEACrowd/ViSoBERT
fresh_visobert_10936,Ánh Tuyết Không Có Tiền cái dcm xỉu coi tới chục lần dm,1,0,0,1,0,1,neutral,anger,train,SEACrowd/ViSoBERT
fresh_visobert_11561,Hanh Viet mày dc lên top :)),1,1,0,0,1,1,neutral,disgust,train,SEACrowd/ViSoBERT
fresh_visobert_08031,4 cận loạn,0,0,0,0,0,0,negative,fear,train,SEACrowd/ViSoBERT
fresh_visobert_06293,điểm danh sương sương nè,0,0,0,0,0,0,neutral,other,train,SEACrowd/ViSoBERT
fresh_visobert_08203,"Trần Ly, Anh Thi Kim Giáp",0,0,0,0,0,0,neutral,other,train,SEACrowd/ViSoBERT
fresh_visobert_00366,đình quang thô nhưnh =))),1,0,0,0,0,0,neutral,other,train,SEACrowd/ViSoBERT
fresh_visobert_04537,trinh thu mỹ ác tàu có lẽ kg cặc lịch sử chính phủ mỹ gian tiếp kg trung quốc,0,0,0,0,0,0,neutral,other,train,SEACrowd/ViSoBERT
fresh_visobert_10737,Đặng Trang :)),1,0,0,0,0,0,neutral,other,train,SEACrowd/ViSoBERT
fresh_visobert_11912,e bảo rồi mà -_-,1,0,1,0,0,0,neutral,surprise,train,SEACrowd/ViSoBERT
fresh_visobert_10869,Giao hàng nhanh,0,0,0,0,0,0,positive,enjoyment,train,SEACrowd/ViSoBERT
fresh_visobert_10437,Bbi mất tháng rồi mà chưa về thăm tui,1,0,1,0,0,0,neutral,surprise,train,SEACrowd/ViSoBERT
fresh_visobert_00443,chất vlon ưii,1,0,0,0,0,0,positive,enjoyment,train,SEACrowd/ViSoBERT
fresh_visobert_05543,chửi nước ngoài đổi avata má lắm toàn ngu dại đường,1,0,0,0,0,1,negative,disgust,train,SEACrowd/ViSoBERT
fresh_visobert_05643,khiếp mồm má đấy huyền thoại cmnr 😂 😂,1,0,0,1,0,0,positive,enjoyment,train,SEACrowd/ViSoBERT
fresh_visobert_04967,tổ chức đám tang má toang,1,0,0,1,0,0,negative,sadness,train,SEACrowd/ViSoBERT
fresh_visobert_08041,rất bực minh vi cứ báo lỗi đăng nhập .bảo mình chờ trong giây lát hoặc khởi động lại máy .nhưng vẫn không được xoá và cai lại biet bao lần .liên hệ thi cũng không được,0,0,1,0,0,0,negative,anger,train,SEACrowd/ViSoBERT
fresh_visobert_11292,Phải chi ma cô có thể tạo ra nhóm nào đó ủng hộ quyên góp cho những người có ước mơ chuyển giới để đi chuyển giới,0,0,0,0,0,0,neutral,other,train,SEACrowd/ViSoBERT
fresh_visobert_01904,đẹp zai abe,0,0,0,0,0,0,positive,enjoyment,train,SEACrowd/ViSoBERT
fresh_visobert_03674,bảo trọng nha buồn lắm,0,0,0,0,0,0,negative,sadness,train,SEACrowd/ViSoBERT
fresh_visobert_00232,tí tiếp le ))),0,0,0,0,0,0,neutral,other,train,SEACrowd/ViSoBERT
fresh_visobert_04734,nguyễn hoạt bác giỏi,0,0,0,0,0,0,negative,disgust,train,SEACrowd/ViSoBERT
fresh_visobert_11142,Chú sắp gặp đc cô rồi mọi người ạ 😊😊,0,0,0,0,0,0,positive,enjoyment,train,SEACrowd/ViSoBERT
fresh_visobert_10055,Haha :) T đi rồi nhé :),1,0,0,0,0,0,neutral,enjoyment,train,SEACrowd/ViSoBERT
fresh_visobert_03055,báo lá lá cải nhẹ,0,0,0,0,0,0,neutral,other,train,SEACrowd/ViSoBERT
fresh_visobert_06325,đúng kiểu đến mùa động dục . khác gì động vật bậc thấp không,1,0,0,0,0,0,negative,enjoyment,train,SEACrowd/ViSoBERT
fresh_visobert_08563,Siro Chin muốn uống hả. Đang ship qua đấy. Chờ đi nhá 😂😂😂😂,1,1,0,0,1,0,positive,enjoyment,train,SEACrowd/ViSoBERT
fresh_visobert_02447,đồ sức đề kháng dịch,0,0,0,0,0,0,positive,disgust,train,SEACrowd/ViSoBERT
fresh_visobert_10757,Hối tiếc muộn màng + lời xin lỗi của 1 dân chơi :>>>>,0,0,0,0,0,0,negative,sadness,train,SEACrowd/ViSoBERT
fresh_visobert_06803,Mình mà thoát ế có khi bố mình còn hơn thế cũng nên😩😩,1,0,1,0,0,0,neutral,surprise,train,SEACrowd/ViSoBERT
fresh_visobert_04451,trã tiền minh hiều kìa,0,0,0,0,0,0,neutral,other,train,SEACrowd/ViSoBERT
fresh_visobert_06727,Ngô Hồng Quang Phương Uyên rất là dume,0,0,0,0,0,0,neutral,other,train,SEACrowd/ViSoBERT
fresh_visobert_08541,Khi bạn có con mắt nhìn thấu vạn vật :)),1,1,0,0,0,1,neutral,disgust,train,SEACrowd/ViSoBERT
fresh_visobert_04282,hưng huỳnh đừng lung tung nha,0,0,0,0,0,0,neutral,other,train,SEACrowd/ViSoBERT
fresh_visobert_10541,C chot m8 sz5 roi ma,0,0,0,0,0,0,neutral,other,train,SEACrowd/ViSoBERT
fresh_visobert_08881,Tôi vẫn phải đi làm ạ :((,0,0,0,0,0,0,neutral,other,train,SEACrowd/ViSoBERT
fresh_visobert_06273,Vì nghèo đấy ạ 😒😒,0,0,0,0,0,0,neutral,disgust,train,SEACrowd/ViSoBERT
fresh_visobert_05403,tưởng đăng facebook ghê gớm hả ta đăng ngta chửi cặc đề nghị unfollow face đăng thủ dâm,0,0,0,0,1,0,neutral,disgust,train,SEACrowd/ViSoBERT
fresh_visobert_10908,"Trang Ha rồi yêu dữ chưa, chứ dạo này co giật nhiều lắm :v",0,0,0,0,0,0,positive,enjoyment,train,SEACrowd/ViSoBERT
fresh_visobert_07924,Nằm coi tv đây,0,0,0,0,0,0,neutral,enjoyment,train,SEACrowd/ViSoBERT
fresh_visobert_04708,uầy đc ưiii,0,0,0,0,0,0,neutral,enjoyment,train,SEACrowd/ViSoBERT
fresh_visobert_07475,Nhật Bản vừa mới thống kê VN ăn mì vô địch thế giới 87 gói mì/người/năm,0,0,0,0,0,0,neutral,other,train,SEACrowd/ViSoBERT
fresh_visobert_09444,Nguyen Tuan uh. Gần xong r,0,0,0,0,0,0,neutral,other,train,SEACrowd/ViSoBERT
fresh_visobert_10170,Hiền nguyễn thượng Hien Nguyen Thuong,0,0,0,0,0,0,neutral,other,train,SEACrowd/ViSoBERT
fresh_visobert_11944,"cô giáo chủ nhiệm hơi bị khốn nhỉ ? cô như vậy thì học sinh sao này học theo cái tính tráo trở , hai mặt",1,0,0,1,0,0,neutral,other,train,SEACrowd/ViSoBERT
fresh_visobert_00647,tạ thị ngọc duyên công nhận bệh cuời xong cuời vcl ))),1,0,0,0,0,1,negative,anger,train,SEACrowd/ViSoBERT
fresh_visobert_05770,summer wilson oi linh tu tám kiếp chi tuyết lương ha ha,0,0,0,0,0,0,neutral,other,train,SEACrowd/ViSoBERT
fresh_visobert_04806,ty pé bé dâu bắt trend lẹ ghê 🤣 🤣,0,0,0,0,1,0,neutral,enjoyment,train,SEACrowd/ViSoBERT
fresh_visobert_08254,ĐAU LÒNG KHI MẤT FAN CỨNG :(((,0,0,0,0,1,0,negative,sadness,train,SEACrowd/ViSoBERT
fresh_visobert_09018,Thầy ngu như chó 🤥,1,0,0,1,0,1,negative,disgust,train,SEACrowd/ViSoBERT
fresh_visobert_04661,đố bể mỡt vi cặc rút nhung cồ lẽn việt nam ỏi,0,0,0,0,0,0,neutral,other,train,SEACrowd/ViSoBERT
fresh_visobert_00313,mày lồn bọn đa đóng thuế gấp chục cặc doanh nghiệp tao thớt lồn oan,0,0,0,0,0,0,neutral,other,train,SEACrowd/ViSoBERT
fresh_visobert_03308,sống má lồn ok,0,0,0,0,1,0,neutral,other,train,SEACrowd/ViSoBERT
fresh_visobert_10494,Không biết pin mặt trời này có làm tác động biến đổi khí hậu ko nhỉ,0,0,0,0,0,0,neutral,other,train,SEACrowd/ViSoBERT
fresh_visobert_07800,"thay đổi chóng mặt quá, chưa kịp quen đã thay đổi tiếp rồi, giờ còn mất luôn đóng góp của người dùng (android). từ điển thì chủ yếu cần đủ nghĩa, cần gì thay giao diện xoành xoạch suốt ngày",0,0,0,0,1,0,positive,enjoyment,train,SEACrowd/ViSoBERT
fresh_visobert_00616,khánh bánh,0,0,0,0,0,0,positive,other,train,SEACrowd/ViSoBERT
fresh_visobert_01824,toàn đặng 😚 😚 😚,0,0,0,0,0,0,neutral,other,train,SEACrowd/ViSoBERT
fresh_visobert_09935,mà chế rủ dượng thử xemmm 🙄,1,0,1,0,0,0,neutral,disgust,train,SEACrowd/ViSoBERT
fresh_visobert_00414,câu ngêu sò tranh ngư ông đắc lợi,0,0,0,0,0,0,neutral,other,train,SEACrowd/ViSoBERT
fresh_visobert_09449,Mùa này năm nào cũng cảm mà bây h ho ho một xíu là sợ như chó :),1,1,1,1,0,1,negative,fear,train,SEACrowd/ViSoBERT
fresh_visobert_02522,ghé shop lựa đồ unisex hàng qc siêu xinh 💥 🍊 💥 shop bao check hàng nha 👏 🏾 🖤,0,0,0,1,1,0,neutral,other,train,SEACrowd/ViSoBERT
fresh_visobert_07531,Nguyễn Minh Hiếu khó quá thì thằng bạn cùng phòng cũng được đó =))),1,1,0,0,0,1,neutral,disgust,train,SEACrowd/ViSoBERT
fresh_visobert_00933,tự hào admin má fanpage ngu thế giới )),1,0,0,0,1,1,negative,disgust,train,SEACrowd/ViSoBERT
fresh_visobert_04862,trung xe nè mn anh tiệp,0,0,0,0,0,0,neutral,other,train,SEACrowd/ViSoBERT
fresh_visobert_05568,vang ngoc mac dep hon,0,0,0,0,0,0,neutral,other,train,SEACrowd/ViSoBERT
fresh_visobert_01586,mấy cầu thủ vn cố vô địch mày đường bão một thể cặc xứng đáng vô địch đông nam á ps vnch giúp mấy vn vô địch,0,0,0,0,0,0,neutral,other,train,SEACrowd/ViSoBERT
fresh_visobert_08186,Là đi dưới mưa cái đái trong quần chứ gì,0,0,0,0,0,0,neutral,other,train,SEACrowd/ViSoBERT
fresh_visobert_11715,Giá cả hợp lý,0,0,0,0,0,0,neutral,enjoyment,train,SEACrowd/ViSoBERT
fresh_visobert_02099,chi noi chuyên vui,0,0,0,0,0,0,positive,enjoyment,train,SEACrowd/ViSoBERT
fresh_visobert_08697,Ngọc Nguyễn đức phát a ạ bác đi ăn chè chả vào chơi vs cháu,0,0,0,0,0,0,neutral,other,train,SEACrowd/ViSoBERT
fresh_visobert_07861,trường Nờ nha. Có thể các bạn ít biết nma đôi khi hàng xóm Phờ hay được thầy cô bảo mua giáo trình trường Nờ về học nè. Đơn giản vì bộ giáo trình trường tui đỉnh. Chất lượng đào tạo khỏi chê.,1,0,0,1,1,0,positive,enjoyment,train,SEACrowd/ViSoBERT
fresh_visobert_03497,học trò thậy khắp,0,0,0,0,0,0,negative,other,train,SEACrowd/ViSoBERT
fresh_visobert_09212,"kích thước hơi nhỏ, nhg nói chung là ưng, y hình, giao hàng nhanh, hơi bị móp góc 1 tẹo. k đáng kể",0,0,0,0,0,0,positive,enjoyment,train,SEACrowd/ViSoBERT
fresh_visobert_04026,mua iphone pro max iphone xs max phân vân ae fpt shop tgdd váy ngắn,0,0,0,0,1,0,neutral,other,train,SEACrowd/ViSoBERT
fresh_visobert_08667,Hôm nay nhiều lá quá trời,0,0,0,0,0,0,neutral,other,train,SEACrowd/ViSoBERT
fresh_visobert_10975,My You cười xỉu chị,1,0,0,1,1,0,neutral,other,train,SEACrowd/ViSoBERT
fresh_visobert_11744,Em xem gấu suất 4 tháng mà mất phan cứng huhu,1,0,1,0,0,0,neutral,surprise,train,SEACrowd/ViSoBERT
fresh_visobert_01233,tr súp hứa xưa nha thầy,0,0,0,0,0,0,neutral,other,train,SEACrowd/ViSoBERT
fresh_visobert_04538,nhà con giàu bắt đền )),0,0,0,0,0,0,neutral,other,train,SEACrowd/ViSoBERT
fresh_visobert_03457,đậu má xanh,0,0,0,0,0,0,negative,disgust,train,SEACrowd/ViSoBERT
fresh_visobert_06736,Nguyễn Thanh Phương chị gái có thích nghe mấy câu này k 😄😄,0,0,0,0,0,0,positive,enjoyment,train,SEACrowd/ViSoBERT
fresh_visobert_02157,khong noi nhieu,0,0,0,0,0,0,neutral,other,train,SEACrowd/ViSoBERT
fresh_visobert_01829,câu nói chuyên gia mèo,0,0,0,0,0,0,positive,enjoyment,train,SEACrowd/ViSoBERT
fresh_visobert_09365,Sự thật phải vạy ko ta 🤭🤭,0,0,0,0,0,0,neutral,other,train,SEACrowd/ViSoBERT
fresh_visobert_00129,bọn mắt híp lò xo thụt ))) việt nam cặc bọn gọi ))),0,0,0,0,0,0,neutral,other,train,SEACrowd/ViSoBERT
fresh_visobert_04532,mày sống tao dạy mày cặc tốt đẹp mày sủa bậy trần đần,0,0,0,0,0,0,positive,enjoyment,train,SEACrowd/ViSoBERT
fresh_visobert_09779,"Mình có, nhưng là nhiều hơn 5 người lận =)))",1,1,1,0,0,1,neutral,disgust,train,SEACrowd/ViSoBERT
fresh_visobert_07002,Co nước xanh,0,0,0,0,0,0,negative,other,train,SEACrowd/ViSoBERT
fresh_visobert_00553,nói chuyện sản khoái like,0,0,0,0,1,0,neutral,other,train,SEACrowd/ViSoBERT
fresh_visobert_02610,kia người ta đau đầu vì chống dịch làm trò mèo,0,0,0,0,0,0,negative,sadness,train,SEACrowd/ViSoBERT
fresh_visobert_09937,"Tiki giao nhanh, son môi dạng mềm, thơm lắm. Ổn áp. Mascara nhìn xịn.",1,0,0,0,0,0,positive,enjoyment,train,SEACrowd/ViSoBERT
fresh_visobert_05941,Hơn k chia sẻ r chị,0,0,0,0,0,0,neutral,other,train,SEACrowd/ViSoBERT
fresh_visobert_09098,Cai dui con nay ngon wa,0,0,0,0,0,0,neutral,other,train,SEACrowd/ViSoBERT
fresh_visobert_04492,nhị thắng kết bạn top cmt ưng hi,0,0,0,0,1,0,positive,enjoyment,train,SEACrowd/ViSoBERT
fresh_visobert_10311,"tôi tải về chơi được một thời gian khá lâu rồi tự nhiên sáng nay vào không được ấn vào nó lại hiển màu trắng rồi tự thoát ra ngoài. xoá đi tải lại vẫn không được là tại sao hả mọi người. mình tải về được khá nhiều người foLow, đăng nhiều bài viết mà bây giờ như thế này là sao hả trời. bực mình thât đấy😡... bài đánh giá đầy đủ",1,1,1,1,0,1,negative,anger,train,SEACrowd/ViSoBERT
fresh_visobert_10505,"khá tốt,giao diện đẹp,nhẹ,phản hồi tốt,nếu có ra phiên bản khác thì nên làm hẳn một cái khác để giữ phiên bản này",0,0,0,0,0,0,positive,enjoyment,train,SEACrowd/ViSoBERT
fresh_visobert_09080,Có vẻ tất cả chỉ là phép thử với vin 😂,0,0,0,0,0,0,positive,enjoyment,train,SEACrowd/ViSoBERT
fresh_visobert_06976,Hy vọng hoàng tử của m sẽ thấy bài nì ❤,0,0,0,0,0,0,positive,enjoyment,train,SEACrowd/ViSoBERT
fresh_visobert_07026,mới ba lớn mà dữ quá,1,0,1,0,0,0,neutral,surprise,train,SEACrowd/ViSoBERT
fresh_visobert_06314,"Nhật Nguyễn hí hí bữa bảo có ny mừa, nay có ny lại r đó lại hỏi thăm các kiểu nữa đó",0,0,0,0,0,0,neutral,enjoyment,train,SEACrowd/ViSoBERT
fresh_visobert_07744,Chắc phải đi thử xem sao. Có ai đi cùng k,1,0,0,0,0,0,neutral,other,train,SEACrowd/ViSoBERT
fresh_visobert_06282,Có 7 ngôi sao màu tím- 6,0,0,0,0,0,0,neutral,other,train,SEACrowd/ViSoBERT
fresh_visobert_01492,tan nhang bs co tri chj,0,0,0,0,0,0,neutral,other,train,SEACrowd/ViSoBERT
fresh_visobert_02148,thử đăng video má chửi tổng thống mĩ đii,0,0,0,0,1,0,neutral,other,train,SEACrowd/ViSoBERT
fresh_visobert_00317,fan minh hiếu taaaa ❤,0,0,0,0,1,0,positive,enjoyment,train,SEACrowd/ViSoBERT
fresh_visobert_05727,đức dũng xe đinh =))),1,0,0,0,0,0,neutral,other,train,SEACrowd/ViSoBERT
fresh_visobert_03697,trần duật toang,1,0,0,1,0,0,negative,sadness,train,SEACrowd/ViSoBERT
fresh_visobert_04446,váy què chipu,0,0,0,0,0,0,positive,enjoyment,train,SEACrowd/ViSoBERT
fresh_visobert_06498,Cũng đang định tải,0,0,0,0,0,0,positive,sadness,train,SEACrowd/ViSoBERT
fresh_visobert_05886,Vietcombank Mình muốn đăng ký làm thẻ tín dụng.,0,0,0,0,0,0,neutral,other,train,SEACrowd/ViSoBERT
fresh_visobert_10106,khi chưa mua thì mưa qua trời khi mua lấy hag rồi thì hết mưa. để sử dụng sản phẩm xem tin nhắn rồi đánh giá lại tạm cho 4star,0,0,0,0,0,0,neutral,other,train,SEACrowd/ViSoBERT
fresh_visobert_08732,cj mis là dễ thương nhất,0,0,0,0,0,0,positive,enjoyment,train,SEACrowd/ViSoBERT
fresh_visobert_11230,CVP mãi đỉnkk ạ🔥 em iu trường nắmmmm😙,0,0,0,0,0,0,neutral,other,train,SEACrowd/ViSoBERT
fresh_visobert_07166,"Hàng đóng gói cẩn thận, đẹp. Thời gian giao hàng lại nhanh, chất khá ổn so vs tầm giá",1,0,0,0,0,0,positive,enjoyment,train,SEACrowd/ViSoBERT
fresh_visobert_04158,sợ ))) thả tim abe ❤,0,0,0,0,0,0,neutral,fear,train,SEACrowd/ViSoBERT
fresh_visobert_05166,chúc abe / vui nha,0,0,0,0,0,0,positive,enjoyment,train,SEACrowd/ViSoBERT
fresh_visobert_05836,thảo vy dứt câu chi tiền huy chặt liền ))),0,0,0,0,0,0,neutral,other,train,SEACrowd/ViSoBERT
fresh_visobert_10658,"Minh Quyenvu , Linh Nguyen Thi , Tâm Nguyen , Nguyễn Thi Phuong",0,0,0,0,0,0,negative,disgust,train,SEACrowd/ViSoBERT
fresh_visobert_03331,hoa cánh hoa hoa,0,0,0,0,0,0,positive,other,train,SEACrowd/ViSoBERT
fresh_visobert_06957,Thảo Nguyễn Thị Thanh An Thai tham gia nè,0,0,0,0,0,0,neutral,other,train,SEACrowd/ViSoBERT
fresh_visobert_10923,Chau gia dinh chau ngoc buoi sang ailopvu ok,0,0,0,0,1,0,positive,enjoyment,train,SEACrowd/ViSoBERT
fresh_visobert_00709,nhật nhật this nhật that đất nước văn minh con người ca ngợi sống má đẹp thành phần bảo việt nam chả )),0,0,0,0,0,1,positive,enjoyment,train,SEACrowd/ViSoBERT
fresh_visobert_01593,combat lùi abe ơiii,0,0,0,0,0,0,neutral,enjoyment,train,SEACrowd/ViSoBERT
fresh_visobert_10238,Ủa ai biết dì đâu,1,0,0,0,0,0,neutral,surprise,train,SEACrowd/ViSoBERT
fresh_visobert_01220,suy nghĩ bgiờ tiền phá bỏ,0,0,0,0,0,0,neutral,other,train,SEACrowd/ViSoBERT
fresh_visobert_04139,đời đọc văn giới thiệu điều lệ tục tĩu nhân văn xin lỗi đm ad viết lắm tham gia page,1,0,0,0,1,1,negative,anger,train,SEACrowd/ViSoBERT
fresh_visobert_00886,top trending,0,0,0,0,1,0,neutral,other,train,SEACrowd/ViSoBERT
fresh_visobert_03980,tran phuong lieu chầm cảm,0,0,0,0,0,0,positive,enjoyment,train,SEACrowd/ViSoBERT
fresh_visobert_05829,cầm tiền đường quyền cười chết,1,0,0,1,0,0,neutral,other,train,SEACrowd/ViSoBERT
fresh_visobert_03983,thức đầu cặc buooi tự ái,0,0,0,0,0,0,neutral,other,train,SEACrowd/ViSoBERT
fresh_visobert_01946,ngọcc lingg bút xinh xinh,0,0,0,0,0,0,positive,other,train,SEACrowd/ViSoBERT
fresh_visobert_05717,khô ma đơi chông nêu xương chăc 5 đơi chông,0,0,0,0,0,0,positive,sadness,train,SEACrowd/ViSoBERT
fresh_visobert_02990,ý thức cặc huấn râu chán,0,0,0,0,0,0,negative,sadness,train,SEACrowd/ViSoBERT
fresh_visobert_07720,Bạn là thứ ko ai là chủ nhật🤣🤣🤣🤣,1,1,0,0,0,1,neutral,enjoyment,train,SEACrowd/ViSoBERT
fresh_visobert_07140,Loài người tìm thấy lửa.,0,0,0,0,0,0,negative,sadness,train,SEACrowd/ViSoBERT
fresh_visobert_05029,kinh tế mỹ xưa việt kiều xài tiền căn bản,0,0,0,0,0,0,negative,disgust,train,SEACrowd/ViSoBERT
fresh_visobert_06336,Cho minh 696 xanh den di ban,0,0,0,0,0,0,positive,other,train,SEACrowd/ViSoBERT
fresh_visobert_06985,Nhưng á Thái Lan không xứng đáng,1,0,1,0,0,0,neutral,surprise,train,SEACrowd/ViSoBERT
fresh_visobert_04016,đc lun ưiiiiiii,0,0,0,0,0,0,negative,sadness,train,SEACrowd/ViSoBERT
fresh_visobert_00981,nguyễn hoàng đan phương lẳng tự nhiên bộc phát cười điên,1,0,0,0,0,1,negative,disgust,train,SEACrowd/ViSoBERT
fresh_visobert_00446,khô gà thầy,1,0,0,0,0,1,neutral,disgust,train,SEACrowd/ViSoBERT
fresh_visobert_09274,"Các bạn nữ bị nhìn, soi, hay quá đáng nữa thì bị sàm sỡ, còn CHÚNG TÔI, yeah, những thằng CON TRAI từ hồi mới , tuổi đến ngày trưởng thành vẫn còn bị những người thân sờ mó vào bộ phận nhạy cảm thường xuyên 😷😷😷",0,0,0,0,0,0,positive,enjoyment,train,SEACrowd/ViSoBERT
fresh_visobert_00160,xuân đương nghĩa là xuân đương,0,0,0,0,0,0,neutral,other,train,SEACrowd/ViSoBERT
fresh_visobert_04288,đcm game lol cay vãi cặc quỳnh mua máy tải,0,0,0,1,1,0,neutral,surprise,train,SEACrowd/ViSoBERT
fresh_visobert_09129,Minh Hải =)))),1,0,0,0,0,0,neutral,other,train,SEACrowd/ViSoBERT
fresh_visobert_02038,cười ỉa chảy,1,0,0,0,0,1,neutral,disgust,train,SEACrowd/ViSoBERT
fresh_visobert_07259,Năm nay cũng muốn đi,0,0,0,0,0,0,positive,sadness,train,SEACrowd/ViSoBERT
fresh_visobert_02153,mieng linh loc cặc ik nhu lon trau,0,0,0,0,0,0,neutral,other,train,SEACrowd/ViSoBERT
fresh_visobert_02621,tao mượn tao mày lái,0,0,0,0,0,0,negative,sadness,train,SEACrowd/ViSoBERT
fresh_visobert_01334,anh em mau nhường giải sela nợ,0,0,0,0,0,0,neutral,other,train,SEACrowd/ViSoBERT
fresh_visobert_06495,Hổ ko gầm lại tưởng Hello Kitty. Hiền lành khác với sợ hãi,0,0,0,0,1,0,negative,fear,train,SEACrowd/ViSoBERT
fresh_visobert_10445,"Luân Gấu Trúc uhm , tao đang phô lô mày đấy , khôn hồn vô nhóm kín mà cmt :))",1,1,1,0,0,1,neutral,disgust,train,SEACrowd/ViSoBERT
fresh_visobert_10566,20/10 em tăng abe một bó nhan nhé!,0,0,0,0,0,0,neutral,other,train,SEACrowd/ViSoBERT
fresh_visobert_09139,tao không sợ đi làm mệt mỏi tao chỉ sợ không có niềm vui với nó,0,1,0,0,0,1,negative,fear,train,SEACrowd/ViSoBERT
fresh_visobert_05995,xoay ca linh hoạt với thời gian học,0,0,0,0,0,0,neutral,other,train,SEACrowd/ViSoBERT
fresh_visobert_01285,tiên tri nhiễm duong hihihihih,0,0,0,0,0,0,neutral,other,train,SEACrowd/ViSoBERT
fresh_visobert_08115,Chi bao nhiêu tuổi,0,0,0,0,0,0,positive,fear,train,SEACrowd/ViSoBERT
fresh_visobert_08339,"Gì chứ món này em tin là bà con giải cứu được. Trước con gà đẻ trứng nhà bà em ngã xuống ao, bà thì buồn chứ các cháu vui lắm =))))",1,1,0,0,0,1,neutral,sadness,train,SEACrowd/ViSoBERT
fresh_visobert_04917,thầy tui )),0,0,0,0,1,0,negative,anger,train,SEACrowd/ViSoBERT
fresh_visobert_07052,Sao không làm nam9 mẹ nó đi :((,0,0,0,0,0,1,negative,disgust,train,SEACrowd/ViSoBERT
fresh_visobert_04020,hà phương =))))))),1,0,0,0,0,0,neutral,other,train,SEACrowd/ViSoBERT
fresh_visobert_08770,vậy VN đòi bản quyền dc hem,0,0,0,0,0,0,neutral,other,train,SEACrowd/ViSoBERT
fresh_visobert_08370,Thằng nào nói láo cả nhà nó chết.,0,0,0,0,0,0,neutral,other,train,SEACrowd/ViSoBERT
fresh_visobert_07578,Mấy đôi đấy xấu,0,0,0,0,0,0,negative,sadness,train,SEACrowd/ViSoBERT
fresh_visobert_06595,Giao đủ món,0,0,0,0,0,0,positive,enjoyment,train,SEACrowd/ViSoBERT
fresh_visobert_00561,hoa hồng giỏi phá,0,0,0,0,0,0,neutral,enjoyment,train,SEACrowd/ViSoBERT
fresh_visobert_06775,iMac pro mà no chạy con chip này nữa thì ngon lắm,1,0,1,0,1,1,neutral,disgust,train,SEACrowd/ViSoBERT
fresh_visobert_06576,cho cái hẹn đê 😂 ôn lại chuyện cũ 🙂😂,1,1,0,0,0,0,neutral,enjoyment,train,SEACrowd/ViSoBERT
fresh_visobert_05128,bọn đảng cộng sản đéo chết cặc người cộng đồng chết vl,0,0,0,1,0,0,negative,anger,train,SEACrowd/ViSoBERT
fresh_visobert_00694,đoàn quang vinh dm quảng cáo,1,0,0,0,0,1,neutral,anger,train,SEACrowd/ViSoBERT
fresh_visobert_03256,thầy câm mồm cặc đấm,0,0,0,0,0,0,neutral,other,train,SEACrowd/ViSoBERT
fresh_visobert_11150,Tramm Anhh Nguyễn Thị Diễm Thi nhaaaaaa,0,0,0,0,0,0,negative,disgust,train,SEACrowd/ViSoBERT
fresh_visobert_09091,Chia sẽ +like rồi chị ơi,0,0,0,0,1,0,neutral,other,train,SEACrowd/ViSoBERT
fresh_visobert_06440,Và anh ấy là trong tưởng tượng của bạn😌,0,0,0,0,0,0,neutral,other,train,SEACrowd/ViSoBERT
fresh_visobert_09504,"Cho em hỏi oppo f khóa nguồn mà k cần nhấn nút nguồn thì làm s ạ, chứ e thấy nhấn nút nguồn thì mau hư quá",1,0,1,0,0,0,neutral,surprise,train,SEACrowd/ViSoBERT
fresh_visobert_04618,tết thầy sela xông nhà tán gia bại sản thầy,0,0,0,0,0,0,neutral,other,train,SEACrowd/ViSoBERT
fresh_visobert_06379,Inb làm hso miễn phí nhé,0,0,0,0,0,0,neutral,other,train,SEACrowd/ViSoBERT
fresh_visobert_05879,ám ảnh thật sự,0,0,0,0,0,0,neutral,fear,train,SEACrowd/ViSoBERT
fresh_visobert_00047,Đổi áo lấy tiền học phí.cò khôn thật,0,0,0,0,0,0,neutral,other,train,SEACrowd/ViSoBERT
fresh_visobert_00562,thuế ng ng xe ô tô nhà xe ô tô đg méo,0,0,0,0,0,0,neutral,other,train,SEACrowd/ViSoBERT
fresh_visobert_03092,đọc má tức,0,0,0,0,0,0,negative,anger,train,SEACrowd/ViSoBERT
fresh_visobert_05151,khéo live stream vs dàn pc,0,0,0,0,1,0,neutral,other,train,SEACrowd/ViSoBERT
fresh_visobert_06117,Lói dối bị môi anh khoá ngay :v,0,0,0,0,0,0,neutral,other,train,SEACrowd/ViSoBERT
fresh_visobert_06161,"Diệu Thuý đù, đang đói :::",0,0,0,0,0,0,neutral,other,train,SEACrowd/ViSoBERT
fresh_visobert_00642,can bận bảo vệ bọn ngu vẽ gánh team đứng cặc bệ đá cổ cover đồng đội dive bệ đá =)),1,1,0,1,1,1,negative,disgust,train,SEACrowd/ViSoBERT
fresh_visobert_02757,sướng ta cx lương,0,0,0,0,0,0,negative,sadness,train,SEACrowd/ViSoBERT
fresh_visobert_11735,Trong khi đó tại thủ đô Seul - đại hàn dân quốc <,0,0,0,0,0,0,neutral,other,train,SEACrowd/ViSoBERT
fresh_visobert_09145,Trần Nguyễn Yến Nhi tập trung vào nhỡ ngày nào đấy m lại phát hiện ra m học chung lớp idol :)))),1,1,0,0,1,1,neutral,disgust,train,SEACrowd/ViSoBERT
fresh_visobert_05722,trần thị nhung lon kêu nghỉ,0,0,0,0,0,0,neutral,other,train,SEACrowd/ViSoBERT
fresh_visobert_01497,phương chân cụ chết cả đống sống một mình,0,0,0,0,0,0,neutral,other,train,SEACrowd/ViSoBERT
fresh_visobert_02024,đào abe chịu chán dell,0,0,0,0,0,0,negative,sadness,train,SEACrowd/ViSoBERT
fresh_visobert_01414,diện tích cho phép 7 linh xây 7 sợ quản lý dc thành phần chống đối tụ tập )),0,0,0,0,0,0,negative,fear,train,SEACrowd/ViSoBERT
fresh_visobert_04169,abe lm clg,0,0,0,0,0,0,neutral,other,train,SEACrowd/ViSoBERT
fresh_visobert_02951,mấy lý luận dịch nhung má mấy nhung chúc mừng,0,0,0,0,0,0,neutral,other,train,SEACrowd/ViSoBERT
fresh_visobert_04706,mc phan trung )),0,0,0,0,0,0,negative,fear,train,SEACrowd/ViSoBERT
fresh_visobert_00688,giàu lắm tiền lắm cháu lắm cặc nước ngoài dell tiền bệnh xạo lozzz,0,0,0,0,0,0,neutral,other,train,SEACrowd/ViSoBERT
fresh_visobert_01982,ty nửa tui chẳng đâuu,0,0,0,0,0,0,negative,sadness,train,SEACrowd/ViSoBERT
fresh_visobert_04262,thầy giáo cánh tay đắc lực,0,0,0,0,0,0,neutral,other,train,SEACrowd/ViSoBERT
fresh_visobert_10912,Thứ nhất dư tiền thứ hai quá rảnh. K có việc gì làm. Tổ chức ba cái Tào lao,0,0,0,0,0,0,negative,sadness,train,SEACrowd/ViSoBERT
fresh_visobert_03336,nhục má nhã ăn nói vô học,0,0,0,0,0,0,neutral,other,train,SEACrowd/ViSoBERT
fresh_visobert_04348,trang tối độ ngủ ban công,0,0,0,0,0,0,neutral,other,train,SEACrowd/ViSoBERT
fresh_visobert_03064,cặc lon giả,0,0,0,0,0,0,negative,fear,train,SEACrowd/ViSoBERT
fresh_visobert_08532,"Huhu, chỉ đẹp mà muốn cong thiệt luôn 🥲",1,0,1,0,0,0,positive,enjoyment,train,SEACrowd/ViSoBERT
fresh_visobert_04613,nhập mẻ dậy trời hôm nay đồ bại hoại he,0,0,0,0,0,0,neutral,other,train,SEACrowd/ViSoBERT
fresh_visobert_10812,"Gấu ơi, gấu có tin vào bói toán xem tuổi tác ko ak?? mk đang quen bạn mà ai cũng bảo hai đứa tuổi tác ko hợp ko lấy nhau đc, giờ mk ko biết làm sao nữa 😥😥",1,0,1,0,0,1,neutral,fear,train,SEACrowd/ViSoBERT
fresh_visobert_03792,hiếu nc vui quá trời cười vỡ mồm,0,0,0,1,0,0,positive,enjoyment,train,SEACrowd/ViSoBERT
fresh_visobert_05789,hậu nhuệ nguyễn bá,0,0,0,0,0,0,neutral,other,train,SEACrowd/ViSoBERT
fresh_visobert_04315,trần tân kiệt khịa atm,0,0,0,0,0,0,positive,enjoyment,train,SEACrowd/ViSoBERT
fresh_visobert_07980,Sẽ ko còn nh cánh diều,0,0,0,0,0,0,neutral,other,train,SEACrowd/ViSoBERT
fresh_visobert_03024,zu tip trần dần wc nhịn đuoc cười sấm trạng trình dần mãi thiêng,0,0,0,0,0,0,neutral,other,train,SEACrowd/ViSoBERT
fresh_visobert_05418,lớp du chu cà mo ❤ ❤ ❤ ❤,0,0,0,0,0,0,positive,enjoyment,train,SEACrowd/ViSoBERT
fresh_visobert_08383,Rất tốt lun á hhskslqosjdbsbd. x xbxb n j kxkkxkxkxdmndnsndnd(•ө•)♡(•ө•)♡(•ө•)♡(•ө•)♡(•ө•)♡(•ө•)♡(•ө•)♡(•ө•)♡(•ө•)♡,0,0,0,0,0,0,positive,enjoyment,train,SEACrowd/ViSoBERT
fresh_visobert_05518,cooking oil hân hạnh tài trợ chương trình =)) hạnh phúc qué,0,0,0,0,0,0,positive,enjoyment,train,SEACrowd/ViSoBERT
fresh_visobert_02520,chrissy ho thiệt bit kiềm chế trơn trọi )),0,0,0,0,0,0,neutral,other,train,SEACrowd/ViSoBERT
fresh_visobert_06773,Đừng so sánh sống nhanh sống chậm mà hãy sống đẹp như những con thiên nga của trai cốp sờ ki đi các bạn,1,0,1,1,0,1,positive,enjoyment,train,SEACrowd/ViSoBERT
fresh_visobert_02971,ghét mấy sao link hẳn hoi người ta đọc kiu co muon cung giám,0,0,0,0,1,0,negative,sadness,train,SEACrowd/ViSoBERT
fresh_visobert_03407,hướng dương đấy )) btw who ft lauv lắm,0,0,0,0,0,0,neutral,other,train,SEACrowd/ViSoBERT
fresh_visobert_08956,Bước dùng chai này sao chị,0,0,0,0,0,0,neutral,other,train,SEACrowd/ViSoBERT
fresh_visobert_11160,Huyen Le sao đây có 4 mình 6 cơ mà,1,0,1,0,0,0,neutral,surprise,train,SEACrowd/ViSoBERT
fresh_visobert_05861,Mồn lèo said : tao về cái nhà này không phải là để đi bắt chuột 😗,0,0,0,0,0,0,neutral,other,train,SEACrowd/ViSoBERT
fresh_visobert_06071,Id bekeo98 Id w65,0,0,0,0,0,0,neutral,other,train,SEACrowd/ViSoBERT
fresh_visobert_10972,"Tại vì ko có người yêu mình, nên phải yêu người mình ko yêu😆",0,0,0,0,0,0,positive,enjoyment,train,SEACrowd/ViSoBERT
fresh_visobert_06147,Ở tận sâu trong trái tim này,0,0,0,0,0,0,neutral,other,train,SEACrowd/ViSoBERT
fresh_visobert_03763,mai tuân mua mấy siêu xe cặc du học,0,0,0,1,0,0,neutral,other,train,SEACrowd/ViSoBERT
fresh_visobert_09195,Chụp xong r thì đứng lên đi anh🙈,0,0,0,0,0,0,neutral,other,train,SEACrowd/ViSoBERT
fresh_visobert_01385,khỏe mạnh lắm chúc thông linh hiệu ứng tiên tri chính xác,0,0,0,0,0,0,neutral,other,train,SEACrowd/ViSoBERT
fresh_visobert_05196,tượng thơ xi rôi,0,0,0,0,0,0,negative,sadness,train,SEACrowd/ViSoBERT
fresh_visobert_07103,"cũng chưa tới mức đó, vẫn còn chịu được",0,0,0,0,0,0,neutral,other,train,SEACrowd/ViSoBERT
fresh_visobert_10294,Bao bì màu siu cute. Nhỏ gọn dễ bỏ túi.,0,0,0,0,1,0,positive,enjoyment,train,SEACrowd/ViSoBERT
fresh_visobert_08316,"Éc, ko cần tiêm hockmon mà cũng nữ tính vậy luôn.",1,0,1,0,0,0,neutral,surprise,train,SEACrowd/ViSoBERT
fresh_visobert_04753,nguyễn trung hưng mua chỗ,0,0,0,0,0,0,neutral,other,train,SEACrowd/ViSoBERT
fresh_visobert_00655,dân bóng đá đơn thuần cổ vũ đội tuyển cực ghét tụi xàm khán đài toàn ảnh ng chết,1,0,0,1,0,1,negative,disgust,train,SEACrowd/ViSoBERT
fresh_visobert_05885,Keys mãi yêu thương và tự hào về cậu Idol tài năng,0,0,0,0,1,0,positive,enjoyment,train,SEACrowd/ViSoBERT
fresh_visobert_03543,mệt đầu =)) về ly ngũ cốc xong đập bốp đầu gối ngủ sáng mai dậy tiếp mệt đc )),1,0,0,0,0,0,neutral,other,train,SEACrowd/ViSoBERT
fresh_visobert_08935,Game này trong liên quân luôn hả bạn,1,1,0,0,1,0,neutral,surprise,train,SEACrowd/ViSoBERT
fresh_visobert_09625,Suy nghĩ tương lai sẽ về đâu:))),1,0,0,0,0,0,neutral,other,train,SEACrowd/ViSoBERT
fresh_visobert_09210,Nam mô adi đà phật cầu xin phật cứu khổ cứu nạn cho chúng sinh,0,0,0,0,0,0,neutral,other,train,SEACrowd/ViSoBERT
fresh_visobert_10859,Trâm Kẹo vợ ệ 😂,0,0,0,0,0,0,neutral,enjoyment,train,SEACrowd/ViSoBERT
fresh_visobert_03442,chàng trai vs điệu múa bê bết,0,0,0,0,0,0,neutral,other,train,SEACrowd/ViSoBERT
fresh_visobert_05314,hiệp đinh hiến máu giúp nhưg hiến cặc nhiễm hả bàn phím đầu to óc củ cứt 🤗 🤗 🤗,1,0,0,0,0,0,neutral,surprise,train,SEACrowd/ViSoBERT
fresh_visobert_10249,Chị cho em với 779 em bo xì chị lun,0,0,0,0,0,0,neutral,other,train,SEACrowd/ViSoBERT
fresh_visobert_02699,abe cay lắm 😂 😂,0,0,0,0,0,0,positive,enjoyment,train,SEACrowd/ViSoBERT
fresh_visobert_05752,chz má xàm lol,1,0,0,0,1,1,neutral,disgust,train,SEACrowd/ViSoBERT
fresh_visobert_06119,"ad thông minh vl, chỉ số tia cực tím cao là do bức xạ mặt trời, nếu mức độ tăng thì do thằng nào xả thải nhà kính, khí CFC nhiều chứ liên quan dew gì đến chính quyền mà chưỡi??? :v",1,1,1,1,0,1,neutral,surprise,train,SEACrowd/ViSoBERT
fresh_visobert_02700,nộp đơn nghỉ việc cmnr má kết dkmn sml cực kỳ thuyết phục,0,0,0,1,0,0,neutral,other,train,SEACrowd/ViSoBERT
fresh_visobert_09346,Nhớ nhé!!!,0,0,0,0,0,0,neutral,other,train,SEACrowd/ViSoBERT
fresh_visobert_00148,dàn táo chương trình táo quân vi hành mn phát sóng tối tết vtv )),0,0,0,0,0,0,neutral,other,train,SEACrowd/ViSoBERT
fresh_visobert_09176,Đối thơ chất thế nhờ 😄😄😄,1,0,0,0,0,0,positive,enjoyment,train,SEACrowd/ViSoBERT
fresh_visobert_00041,"Vẫn nhớ như in cái cảm giác trên bàn mổ, và khi e bé được ra ngoài. Nhanh quá vậy mà bạn nhà mình đã được gần tuổi rồi. Cảm ơn các bác sĩ bệnh viện đã cho mẹ con nhà mình kỳ nghỉ dưỡng tại bệnh viện",1,1,1,1,0,1,neutral,disgust,train,SEACrowd/ViSoBERT
fresh_visobert_02143,trời ơi dễ thương xỉu ♥,1,0,0,1,0,0,positive,enjoyment,train,SEACrowd/ViSoBERT
fresh_visobert_01696,thương việt nam,0,0,0,0,0,0,neutral,sadness,train,SEACrowd/ViSoBERT
fresh_visobert_01075,phạm xuân huy bé sa phiên bản độ tày ))),0,0,0,0,0,0,neutral,other,train,SEACrowd/ViSoBERT
fresh_visobert_04834,sáp gôm vs dầu gội )),0,0,0,0,0,0,neutral,other,train,SEACrowd/ViSoBERT
fresh_visobert_11388,Việt nem hỏng có thít đìu này :),1,1,0,0,0,1,negative,disgust,train,SEACrowd/ViSoBERT
fresh_visobert_05221,share dich bắt còng đau no khỏi việt nam nhe,0,0,0,0,1,0,negative,sadness,train,SEACrowd/ViSoBERT
fresh_visobert_02235,thương xiu cơn sốt tr lượt 4 công chiesu mv kỉ lục thê,0,0,0,0,1,0,neutral,sadness,train,SEACrowd/ViSoBERT
fresh_visobert_04365,hợp má lý vl,0,0,0,1,0,1,negative,surprise,train,SEACrowd/ViSoBERT
fresh_visobert_07730,Áo dài chị mặc kg vừa hủy giúp c nha gái,0,0,0,0,0,0,neutral,other,train,SEACrowd/ViSoBERT
fresh_visobert_00430,mong bớt hí nha,0,0,0,0,0,0,positive,enjoyment,train,SEACrowd/ViSoBERT
fresh_visobert_06149,"Túi to quá, túi chéo thì chỉ nên nhỏ gọn vừa đủ đựng bóp, dt, tai nghe, kính mát, chìa khóa là dc. Còn đựng đủ thứ linh tinh thì đeo balo cho rồi.",0,0,0,0,0,0,neutral,other,train,SEACrowd/ViSoBERT
fresh_visobert_00501,vn chia đôi miền bắc khựa miền nam mẽo miền trung lào,0,0,0,0,0,0,neutral,other,train,SEACrowd/ViSoBERT
fresh_visobert_10474,"98499569 , zai xl",0,0,0,0,0,0,neutral,other,train,SEACrowd/ViSoBERT
fresh_visobert_06549,"Mai Tram Pham Ngoc uống nhầm buổi live, cơn say theo cả đời 🤣",0,0,0,0,1,0,neutral,enjoyment,train,SEACrowd/ViSoBERT
fresh_visobert_11232,"Rubik trơn, nhẹ tay. Đẹp. Rẻ. Giao hàng nhanh. Đáng mua. Sẽ ủng hộ nữa.",0,0,0,0,0,0,positive,enjoyment,train,SEACrowd/ViSoBERT
fresh_visobert_03352,thúy liễu bà đọc chê suy bụng ta bụng gặp họa cl bố giúp vn gáy hả à học lại chính tả lo bao đồng,1,1,0,0,0,0,negative,fear,train,SEACrowd/ViSoBERT
fresh_visobert_07882,Còn teo nuôi heo nước 😀,0,0,0,0,0,0,neutral,other,train,SEACrowd/ViSoBERT
fresh_visobert_00125,tiktok.com/[USER] mong mn ủng hộ ạ,0,0,0,0,1,0,positive,enjoyment,train,SEACrowd/ViSoBERT
fresh_visobert_04612,dân nghèo trẻ cụ cặc già đc hưởng asxh,0,0,0,0,0,0,neutral,other,train,SEACrowd/ViSoBERT
fresh_visobert_06012,"Bác mua thêm ô tô cho e nó nữa, yên tâm nắng k đến mặt, mưa không đến đầu 😄",0,0,0,0,0,1,positive,enjoyment,train,SEACrowd/ViSoBERT
fresh_visobert_10381,Ok bạn hát hay hơn ca sỹ,0,0,0,0,1,0,positive,enjoyment,train,SEACrowd/ViSoBERT
fresh_visobert_09218,Gấm Phạm lưu coi để dành sau 4h chiều biết đâu b út ng kkk,0,0,0,0,0,0,neutral,enjoyment,train,SEACrowd/ViSoBERT
fresh_visobert_06399,Alabama khi đọc bài này kiểu :,0,0,0,0,0,0,neutral,other,train,SEACrowd/ViSoBERT
fresh_visobert_03464,ad công cặc giáo suốt thiên đường,0,0,0,0,0,0,neutral,other,train,SEACrowd/ViSoBERT
fresh_visobert_08567,"Sản phẩm bị lỗi khi nhận hàng, pin sạc không vào.",0,0,0,0,1,0,negative,sadness,train,SEACrowd/ViSoBERT
fresh_visobert_01937,diễn biến cực kỳ thuyết phục,1,0,0,1,0,1,neutral,disgust,train,SEACrowd/ViSoBERT
fresh_visobert_07782,Đầm 57 kí sai gì e,0,0,0,0,0,0,neutral,other,train,SEACrowd/ViSoBERT
fresh_visobert_11260,Đáp án 9 hạt Smm: 84 Huỳnh Mỹ Phụng Hồng Huyền Trang,0,0,0,0,0,0,neutral,other,train,SEACrowd/ViSoBERT
fresh_visobert_11294,"Từ khi Bác Thanh ra đi, bv ung thư Đà Nẵng đã thu tiền gởi xe và tiền điều trị. Kinh doanh chặt chém , nói thách... Chừng vài năm nữa thôi chắc về ĐN cũng có tâm trạng lo sợ như khi đi HN, SG...!!!",0,0,0,0,0,0,negative,fear,train,SEACrowd/ViSoBERT
fresh_visobert_09510,Anh chơi em giấm,0,0,0,0,0,0,neutral,sadness,train,SEACrowd/ViSoBERT
fresh_visobert_10664,Thây em ko ci,0,0,0,0,0,0,neutral,other,train,SEACrowd/ViSoBERT
fresh_visobert_01041,< tự hào vn tự hào cháu ngoan bác hồ,0,0,0,0,0,0,neutral,other,train,SEACrowd/ViSoBERT
fresh_visobert_11719,"Giao hàng đúng hẹn, chăm sóc khách hàng tốt. Hàng đóng gói cẩn thận🍣🍣🍣🍣🍣🍣🍣🍣",0,0,0,0,0,0,positive,enjoyment,train,SEACrowd/ViSoBERT
fresh_visobert_01062,cảnh có lẽ a rầy hầy 😂 😂,0,0,0,0,0,0,positive,enjoyment,train,SEACrowd/ViSoBERT
fresh_visobert_01966,tài bọn ranh con riết cặc armu chán ghê ))),0,0,0,0,0,1,negative,disgust,train,SEACrowd/ViSoBERT
fresh_visobert_07784,mệt vãi .. mà cừời cũng vãi ??????,1,1,1,1,0,1,negative,surprise,train,SEACrowd/ViSoBERT
fresh_visobert_06771,chai Vitamin C. ha sôt. 9777,0,0,0,0,0,0,neutral,other,train,SEACrowd/ViSoBERT
fresh_visobert_05677,thuyết phục thuyết phục,0,0,0,0,0,0,neutral,other,train,SEACrowd/ViSoBERT
fresh_visobert_08170,Chị ơi mai về BTre lúc mấy h z chị,0,0,0,0,0,0,neutral,other,train,SEACrowd/ViSoBERT
fresh_visobert_02378,chào cụ tiên sư trần mần khoái hài cụ coi chừng cụ ncov quặc vô cụ đấy cụ dương vật teo cúm dơi cúm mèo đc,0,0,0,0,0,0,neutral,other,train,SEACrowd/ViSoBERT
fresh_visobert_04698,nguyễn thanh cẩm lỗ xoài rộng,0,0,0,0,0,0,neutral,other,train,SEACrowd/ViSoBERT
fresh_visobert_05644,toàn giáo án má máu lồn chảy ngược,0,0,0,0,0,0,neutral,other,train,SEACrowd/ViSoBERT
fresh_visobert_07961,tưởng nhạt quá nên tụi nó ko cười :)),1,1,1,0,0,1,neutral,enjoyment,train,SEACrowd/ViSoBERT
fresh_visobert_06113,"Thanh chắn chắc chắn, đẹp",0,0,0,0,0,0,positive,enjoyment,train,SEACrowd/ViSoBERT
fresh_visobert_10983,"Xinh đẹp, hát hay quá điii",0,0,0,0,0,0,positive,enjoyment,train,SEACrowd/ViSoBERT
fresh_visobert_00102,A k co doc e ha,0,0,0,0,0,0,neutral,other,train,SEACrowd/ViSoBERT
fresh_visobert_07398,Hnay co đầm kg e,0,0,0,0,0,0,neutral,other,train,SEACrowd/ViSoBERT
fresh_visobert_11287,Thiết kế báo vàng/47679,0,0,0,0,0,0,positive,sadness,train,SEACrowd/ViSoBERT
fresh_visobert_08870,Típ vàng là típ gì z muốn mua mà ko biết,1,0,1,0,0,0,neutral,surprise,train,SEACrowd/ViSoBERT
fresh_visobert_09771,Hy vọng e đc chọn ạ,0,0,0,0,0,0,neutral,other,train,SEACrowd/ViSoBERT
fresh_visobert_11422,ngta có chẻ chou đou,0,0,0,0,0,0,neutral,other,train,SEACrowd/ViSoBERT
fresh_visobert_04755,dạo truyền thông má tiền im hẳn,0,0,0,0,0,0,neutral,other,train,SEACrowd/ViSoBERT
fresh_visobert_10365,Hàng chất lượng ok máy chạy êm,1,0,0,0,1,0,positive,enjoyment,train,SEACrowd/ViSoBERT
fresh_visobert_02835,tao mê khúc,0,0,0,0,0,0,positive,enjoyment,train,SEACrowd/ViSoBERT
fresh_visobert_06089,ban la hoc lưc kha tôt nhưng ng ta con nô lưc đên mưc xin đc hoc bông đê vao RMIT du nha ko giau co. Như vây rât đang lam cai vung up vao nôi cua ban rôi con gi. minh ko thây ban ngu ma rât thông minh la đăng khac :)))),1,1,1,1,0,1,negative,disgust,train,SEACrowd/ViSoBERT
fresh_visobert_02817,huyền khánh phùng yêu lắm =)),0,0,0,0,0,0,positive,enjoyment,train,SEACrowd/ViSoBERT
fresh_visobert_09966,:7 ý ông là cô ấy á,0,0,0,0,0,0,neutral,other,train,SEACrowd/ViSoBERT
fresh_visobert_03459,nói chuyện dễ thương ghê,0,0,0,0,0,0,positive,disgust,train,SEACrowd/ViSoBERT
fresh_visobert_01783,yêu cmm bắt đợi lồn má đợi lí do kèo ngon,0,0,0,0,0,0,positive,enjoyment,train,SEACrowd/ViSoBERT
fresh_visobert_02307,chuẩn theo dõi fb theo dõi theo dõi ng ta chấp nhận ng ta đăng hóa sống giả tạo ah,0,0,0,0,1,0,positive,enjoyment,train,SEACrowd/ViSoBERT
fresh_visobert_07956,"tớ rec NK Parkway, cụ thể là t làm ở Parkway Q nhe. ở đây nhân viên, bác sĩ đều rất nhiệt tình, dễ thương mà rất biết lắng nghe ý kiến đóng góp của bệnh nhân. nếu bạn ko lo về việc niềng răng sắt trông sẽ mất thẩm mĩ thì t nghĩ nên làm sắt nha, trong suốt thì thời gian niềng sẽ lâu hơn so với sắt ý.",0,0,1,0,0,1,positive,fear,train,SEACrowd/ViSoBERT
fresh_visobert_07585,"Phá đâu anh Ngoc Son Tran, đây là e tự vệ chính đáng",0,0,0,0,0,0,neutral,other,train,SEACrowd/ViSoBERT
fresh_visobert_00305,ok đẹp trai,0,0,0,0,1,0,positive,enjoyment,train,SEACrowd/ViSoBERT
fresh_visobert_10440,cháu học Thương Mại ạ,0,0,0,0,0,0,neutral,sadness,train,SEACrowd/ViSoBERT
fresh_visobert_11734,Anh ko còn li trắng em à Có xe anh sẽ đăng ngay để ae cùng tham khảo Thanks em,0,0,0,0,1,0,neutral,other,train,SEACrowd/ViSoBERT
fresh_visobert_05301,tao góp ý ý kiến tao tao mất lòng anh em tao tao đóng góp một chút ý kiến anh em tao ý kiến đấy tóm lại tao góp ý anh em ai rảnh giây đọc cmt tao ý kiến,0,0,0,0,0,0,neutral,other,train,SEACrowd/ViSoBERT
fresh_visobert_10513,2. Như kiểu xem một bộ phim Mỹ mà không có phụ đề vậy đó!,1,0,1,1,0,0,neutral,surprise,train,SEACrowd/ViSoBERT
fresh_visobert_01636,khánh ngọc tù phạt tiền cách ly 4 phạt 4 tù và 4 tr,0,0,0,0,0,0,neutral,other,train,SEACrowd/ViSoBERT
fresh_visobert_09029,Bóng dáng Tiết đâu đây #trasuaeverywhere 😂😂😂,0,0,0,0,0,0,positive,enjoyment,train,SEACrowd/ViSoBERT
fresh_visobert_03474,cười đau bụng,0,0,0,0,0,0,negative,sadness,train,SEACrowd/ViSoBERT
fresh_visobert_05147,tiền mua thầy áo đắt vãi đái,0,0,0,1,0,0,negative,sadness,train,SEACrowd/ViSoBERT
fresh_visobert_01029,9 4 chửi chửi lgbt,0,0,0,0,0,0,neutral,other,train,SEACrowd/ViSoBERT
fresh_visobert_07546,Bạn chung chí hướng à 🙂 truyền nc nên xẹp rồi không thì cx như chu bát zớiii,1,1,0,1,0,1,neutral,disgust,train,SEACrowd/ViSoBERT
fresh_visobert_11451,chắc nó chưa ăn cơm thui mìh ăn cơm xog r làm vài ván 😂,1,1,0,0,0,1,positive,enjoyment,train,SEACrowd/ViSoBERT
fresh_visobert_11761,Hương Thùy Nguyễn cái này hợp với c nè,0,0,0,0,0,0,neutral,other,train,SEACrowd/ViSoBERT
fresh_visobert_07912,Cảm ơn Bác vì nền độc lập của nước nhà,0,0,0,0,0,0,positive,enjoyment,train,SEACrowd/ViSoBERT
fresh_visobert_11994,Tuấn Thịnh chuyện k của riêng ai :)),1,0,0,0,0,0,neutral,other,train,SEACrowd/ViSoBERT
fresh_visobert_11492,Tính tang tình tình tang,0,0,0,0,0,0,neutral,other,train,SEACrowd/ViSoBERT
fresh_visobert_04435,linh an đeo hỉu hahhaha,0,0,0,0,0,0,neutral,enjoyment,train,SEACrowd/ViSoBERT
fresh_visobert_03279,mốt hẹn nè tram le diệp linh,0,0,0,0,0,0,neutral,other,train,SEACrowd/ViSoBERT
fresh_visobert_08019,Bố Trẻ Con ok,0,0,0,0,1,0,positive,enjoyment,train,SEACrowd/ViSoBERT
fresh_visobert_00919,phòng trương tử la gốc hoa nêu la gốc hoa thiêt thi cung phai đê phong ca cai tâm cua ta hoa la phai vô cung thân,0,0,0,0,0,0,neutral,other,train,SEACrowd/ViSoBERT
fresh_visobert_08373,Dung tích nhiều,0,0,0,0,0,0,positive,other,train,SEACrowd/ViSoBERT
fresh_visobert_02124,nát má cmnr,0,0,0,0,0,0,negative,sadness,train,SEACrowd/ViSoBERT
fresh_visobert_10421,Nên bắt dân Việt Nam! Cắt 1 kiểu đầu của chủ tịch thôi,0,0,0,0,0,0,positive,sadness,train,SEACrowd/ViSoBERT
fresh_visobert_07121,"M đăng cái mặt m lên đây để mỗi ng cho viên gạch nào, đọc điên cả ruột",1,0,0,0,0,1,neutral,disgust,train,SEACrowd/ViSoBERT
fresh_visobert_05458,đọc buồn cười thế này )))),1,0,0,0,0,1,negative,sadness,train,SEACrowd/ViSoBERT
fresh_visobert_10117,chac k din dau,0,0,0,0,1,0,negative,other,train,SEACrowd/ViSoBERT
fresh_visobert_10489,Muốn mua hàng thì liên hệ đâu vậy mn?,0,0,0,0,0,0,neutral,other,train,SEACrowd/ViSoBERT
fresh_visobert_04849,chúng nó thanh toán a nhật vùng aoya tottori,0,0,0,0,0,0,neutral,other,train,SEACrowd/ViSoBERT
fresh_visobert_11714,Mấy ngày trước có xét nghiệm rộng thì nhiều.hôm nay không có tầm soát nữa thì ít lại. Vậy đi nha,0,0,0,0,0,0,neutral,other,train,SEACrowd/ViSoBERT
fresh_visobert_03809,lê văn đạt bùn huhu,0,0,0,0,0,0,neutral,other,train,SEACrowd/ViSoBERT
fresh_visobert_00434,âu số phận đóng vai thiện đời xô đẩy,0,0,0,0,0,0,neutral,other,train,SEACrowd/ViSoBERT
fresh_visobert_03376,luật pháp phạt thi công cơ quan chức năng không lẽ giờ cớ sự vầy hl binh tiền mấy ảnh đc xây tiếp không lẽ cái hạch sách dân,0,0,0,0,0,0,neutral,other,train,SEACrowd/ViSoBERT
fresh_visobert_05410,chụp chỗ chụp ))),0,0,0,0,0,0,negative,sadness,train,SEACrowd/ViSoBERT
fresh_visobert_11681,Mình muốn làm thẻ quốc tế thì ntn và có thanh toán ở các của hàng bên thái lan k?,0,0,0,0,0,0,neutral,other,train,SEACrowd/ViSoBERT
fresh_visobert_02694,thầy dơ cặc lắm,0,0,0,0,0,0,negative,disgust,train,SEACrowd/ViSoBERT
fresh_visobert_02140,chúc mừng ba )),0,0,0,0,0,0,positive,other,train,SEACrowd/ViSoBERT
fresh_visobert_08407,5 chú Chó đã bay lên Thiên Đường,0,0,0,0,0,0,neutral,other,train,SEACrowd/ViSoBERT
fresh_visobert_10570,Goy goy 🙂 e bị ma theo á 🙂,1,1,0,0,0,0,neutral,surprise,train,SEACrowd/ViSoBERT
fresh_visobert_10319,chời ơi hp quá đi zoi ơi,0,0,0,0,0,0,neutral,other,train,SEACrowd/ViSoBERT
fresh_visobert_01356,lật lật bánh tráng trời hôm bữa bợ đít bã lắm,0,0,0,0,0,0,neutral,other,train,SEACrowd/ViSoBERT
fresh_visobert_02214,hợp lí ưiiiiiii,0,0,0,0,0,0,neutral,enjoyment,train,SEACrowd/ViSoBERT
fresh_visobert_04591,bát mì tích tiền = ] ],0,0,0,0,0,0,neutral,other,train,SEACrowd/ViSoBERT
fresh_visobert_08042,Tottttttttttttttyyyyttttttttt5t5yy5tttttttttttttttttttttttt tottttttttttttttyyyyttttttttt5t5yy5tttttttttttttttttttttttt tottttttttttttttyyyyttttttttt5t5yy5tttttttttttttttttttttttt tottttttttttttttyyyyttttttttt5t5yy5tttttttttttttttttttttttt tottttttttttttttyyyyttttttttt5t5yy5tttttttttttttttttttttttt,0,0,0,0,0,0,neutral,other,train,SEACrowd/ViSoBERT
fresh_visobert_00503,cách ly nhaa,0,0,0,0,0,0,neutral,other,train,SEACrowd/ViSoBERT
fresh_visobert_07185,K thg nào cẩm nunu à :))),1,0,0,0,0,0,neutral,other,train,SEACrowd/ViSoBERT
fresh_visobert_11151,Kkkk ik chang ba thành,0,0,0,0,0,0,neutral,other,train,SEACrowd/ViSoBERT
fresh_visobert_10667,Trần Xuân Sơn đại thiếu gia bh rửa xe ạ =)),1,0,0,0,0,0,neutral,other,train,SEACrowd/ViSoBERT
fresh_visobert_01110,thoại trần báo viết dấu chứ hề sai chính tả chỉ chủ top sai tã,1,0,0,0,1,1,neutral,disgust,train,SEACrowd/ViSoBERT
fresh_visobert_08305,Chi nói rất hay .chi làm đuoc như chi nói em ủng hộ nha,0,0,0,0,0,0,positive,enjoyment,train,SEACrowd/ViSoBERT
fresh_visobert_07698,"Không biết cái phòng trọ của mình thế nào rồi :( , gió hất tung đi chưa",0,0,0,0,0,0,neutral,other,train,SEACrowd/ViSoBERT
fresh_visobert_05354,sức mạnh team,0,0,0,0,1,0,neutral,other,train,SEACrowd/ViSoBERT
fresh_visobert_09585,"Hàng bị thiếu mất 1 cái núm cao su dưới đáy nồi, nắp nhôm bên trong bị bép 1 xíu",0,0,0,0,0,0,neutral,other,train,SEACrowd/ViSoBERT
fresh_visobert_04743,nc lào nc ta,0,0,0,0,0,0,negative,sadness,train,SEACrowd/ViSoBERT
fresh_visobert_00654,tùng iu )),0,0,0,0,0,0,positive,enjoyment,train,SEACrowd/ViSoBERT
fresh_visobert_04603,hôm bảo xét nghiệm đầu kết quả âm tính xét nghiệm dương tính bệnh nhân lây du khach,0,0,0,0,0,0,neutral,other,train,SEACrowd/ViSoBERT
fresh_visobert_02486,mất dạy đồng bọn bò thái ngọc nhiên an giang lũ cầu cá móng phèn vô học mất dạy tham tiền vô đối bất chấp sĩ diện vô chổ hộ cặc chiếu chị em cá gô gổ xuất ngoại sing mã diệc bọn linh lờ hàn đài chống lầy kiếm lúa,1,0,0,1,0,1,negative,disgust,train,SEACrowd/ViSoBERT
fresh_visobert_01309,bệnh nhân máu be like,0,0,0,0,1,0,neutral,other,train,SEACrowd/ViSoBERT
fresh_visobert_00625,may idol giới trẻ vũ trụ dính virus 🤣 🤣 🤣 🤣,1,1,0,0,1,1,neutral,enjoyment,train,SEACrowd/ViSoBERT
fresh_visobert_02335,mo mom biet má ngu nghi dung tu nhin,1,0,0,0,0,1,negative,disgust,train,SEACrowd/ViSoBERT
fresh_visobert_02012,nhin mat mu cặc giong lu tau khua,0,0,0,0,0,0,neutral,other,train,SEACrowd/ViSoBERT
fresh_visobert_03339,cười gượng vl =)))),1,1,0,1,0,1,neutral,enjoyment,train,SEACrowd/ViSoBERT
fresh_visobert_04096,đội hình bt thầy yếu,0,0,0,0,0,0,negative,sadness,train,SEACrowd/ViSoBERT
fresh_visobert_03399,lương kiều trúc uyên giời chết chủ tịch to tầm đinh =))),1,0,0,0,0,0,neutral,other,train,SEACrowd/ViSoBERT
fresh_visobert_00566,this is việt nam,0,0,0,0,1,0,positive,enjoyment,train,SEACrowd/ViSoBERT
fresh_visobert_07459,Đáp án : - Smm : 54 Hồng Đỗ Thị Hoa Xuong Rong Tina Trần Thuy Ta Bình Minh Bùi,0,0,0,0,0,0,neutral,other,train,SEACrowd/ViSoBERT
fresh_visobert_11050,Yêu nhau bác sĩ nói cưới thì cưới =)),1,0,0,0,0,0,positive,enjoyment,train,SEACrowd/ViSoBERT
fresh_visobert_08288,Chi my luc nao cung giu nu cuoi z nha😉,0,0,0,0,1,0,neutral,other,train,SEACrowd/ViSoBERT
fresh_visobert_07620,không thấy được ứng dụng thực tế .,0,0,0,0,0,0,neutral,other,train,SEACrowd/ViSoBERT
fresh_visobert_01455,bò đỏ nầy tẩy não cặc hóa thành nổi kiếp bò,0,0,0,0,0,0,neutral,other,train,SEACrowd/ViSoBERT
fresh_visobert_04335,phòng ốc sạch sẽ thoáng mát ăn ngủ điều độ,0,0,0,0,0,0,neutral,other,train,SEACrowd/ViSoBERT
fresh_visobert_06662,mai đến phòng đi tập luôn,0,0,0,0,0,0,neutral,other,train,SEACrowd/ViSoBERT
fresh_visobert_03869,chi dep lam tuyet voi luon chi oi,0,0,0,0,0,0,neutral,other,train,SEACrowd/ViSoBERT
fresh_visobert_06857,eSence hơi lỏng nhưng thấm nhanh. hiệu quả thì chưa biết thế nào!,1,0,1,0,0,0,neutral,surprise,train,SEACrowd/ViSoBERT
fresh_visobert_04915,trc trận lượt trận lượt về,0,0,0,0,0,0,neutral,other,train,SEACrowd/ViSoBERT
fresh_visobert_03680,mvp cc má tầm ))),0,0,0,0,0,0,neutral,other,train,SEACrowd/ViSoBERT
fresh_visobert_08283,"Đinh Bá Trung ơi nếu không có ai đồng ý với ý kiến của mày thì mày nên xem lại đi,1 người cũng đéo có mà cứ cãi. Mày hút thuốc trên xe thì tao xịt thẳng vào mõm mày trước khi lên xe chứ đợi mày gây cháy xe nữa à. Mượn lời ad tý nhé( thằng lỏng bao)",1,1,1,0,0,1,negative,anger,train,SEACrowd/ViSoBERT
fresh_visobert_07414,"Ngày lên hà nội nhập học tôi đi một mình hôm đó là 7//. Một mình tự sách vali xuống trường, không biết trường nằm ở đâu, không quen ai. Chỉ đúng cái balo, cái vali đi nhập học. Còn nhớ như in hôm đó là xuống trước hôm để ở nhờ trọ thằng bạn cấp tên Thắng. Đi nhập học không quen một ai cũng thấy khá buồn vì các bạn đều được người thân dẫn theo. Ấy vậy mà đã năm rồi, cũng sắp ra trường, năm qua mình vẫn kiên cường sống dù chỉ ở một mình. Chắc cái kỉ niệm này có sao cũng k quên được",1,0,1,1,0,1,negative,sadness,train,SEACrowd/ViSoBERT
fresh_visobert_11063,Ở ngoại thành có dc ship k ak?,0,0,0,0,1,0,neutral,other,train,SEACrowd/ViSoBERT
fresh_visobert_05118,anh em sinh đôi,0,0,0,0,0,0,neutral,sadness,train,SEACrowd/ViSoBERT
fresh_visobert_03477,tài duy liu liu tài khánh phương ahihi,0,0,0,0,0,0,neutral,other,train,SEACrowd/ViSoBERT
fresh_visobert_04386,gã xâm lược xâm lược nc chống trả hối lộ lập gọi phe đối lập cp bù nội chiến,0,0,0,0,0,0,neutral,other,train,SEACrowd/ViSoBERT
fresh_visobert_05771,quyên nha coi cf hi,0,0,0,0,0,0,positive,enjoyment,train,SEACrowd/ViSoBERT
fresh_visobert_07235,"Lại bốc phét, Đm cái bọn lều báo môn 9 điểm",1,0,0,0,0,1,negative,anger,train,SEACrowd/ViSoBERT
fresh_visobert_01248,núi ta ta trồng mau đem tiền cống nộp )),0,0,0,0,0,0,neutral,other,train,SEACrowd/ViSoBERT
fresh_visobert_11236,Chị k đi chơi hả,1,1,0,0,0,0,neutral,surprise,train,SEACrowd/ViSoBERT
fresh_visobert_03784,bạn đọc thông cảm bme tg ad gặm xương cặc xàm lồn liếm cứt bọn bốc bãi cứt đấy,1,0,0,0,0,1,neutral,disgust,train,SEACrowd/ViSoBERT
fresh_visobert_11128,Thế giờ Ad có chỉ đc tui xem NN này có ccc gì mặt tốt không? Có mới sợ đó =)),1,1,0,0,0,1,neutral,fear,train,SEACrowd/ViSoBERT
fresh_visobert_05716,cj trang cj sử ntn,0,0,0,0,1,0,positive,other,train,SEACrowd/ViSoBERT
fresh_visobert_10295,"Trước giờ đi chỗ nào trong SG mấy chú bảo vệ cũng hỏi câu này hết trơn, có mấy lần quên rút chìa khóa còn giữ hộ mình nữa cơ",0,0,0,0,0,0,neutral,other,train,SEACrowd/ViSoBERT
fresh_visobert_03643,băm cặc chó đĩ trận,0,0,0,0,0,0,negative,sadness,train,SEACrowd/ViSoBERT
fresh_visobert_08585,chờ mùng ra rạp thuiii,0,0,0,0,0,0,neutral,enjoyment,train,SEACrowd/ViSoBERT
fresh_visobert_10435,😃a đi lúc h sáng :)))))))),1,0,0,0,0,0,neutral,other,train,SEACrowd/ViSoBERT
fresh_visobert_04778,iu thầy dấu bé,0,0,0,0,0,0,positive,enjoyment,train,SEACrowd/ViSoBERT
fresh_visobert_09819,Âm nhạc tạch kiểu mô?,0,0,0,0,0,0,neutral,other,train,SEACrowd/ViSoBERT
fresh_visobert_05345,tui tập tab thịnh hành,0,0,0,0,1,0,negative,sadness,train,SEACrowd/ViSoBERT
fresh_visobert_03181,cố nha tùng mtp say oh yeah,0,0,0,0,0,0,neutral,other,train,SEACrowd/ViSoBERT
fresh_visobert_06156,Thầy ơi có cô kiếm thầy nè :)),1,0,0,0,0,0,neutral,other,train,SEACrowd/ViSoBERT
fresh_visobert_00234,dep trai moi co nhieu dua yeu,0,0,0,0,0,0,neutral,other,train,SEACrowd/ViSoBERT
fresh_visobert_02169,vũ trọng chiến miền bắc hhhh,0,0,0,0,0,0,neutral,other,train,SEACrowd/ViSoBERT
fresh_visobert_03800,trang bùi mi trùm ỉa dạo bùi ghi nhớ dùm,0,0,0,0,0,0,neutral,other,train,SEACrowd/ViSoBERT
fresh_visobert_11938,"Long mi chuốt tự nhiên, không vón cục. Đây là cây t2 mình xài của hãng này",0,0,0,0,0,0,neutral,other,train,SEACrowd/ViSoBERT
fresh_visobert_10461,Xn Nghi Wendy Thư cũng 997 nè mà haizzz😂😂,1,1,1,0,0,1,positive,enjoyment,train,SEACrowd/ViSoBERT
fresh_visobert_00321,toang thầy ơiiii ))),1,0,0,1,0,0,negative,sadness,train,SEACrowd/ViSoBERT
fresh_visobert_02008,tr lo mấy bữa tôm hùm cua alaska đueọc yên tâm,0,0,0,0,0,0,negative,fear,train,SEACrowd/ViSoBERT
fresh_visobert_06264,TrẦn KiÊn cc 😒😒,0,0,0,0,0,0,neutral,disgust,train,SEACrowd/ViSoBERT
fresh_visobert_08878,"C oi be e lơp va lop 4 , Vua k ak",0,0,0,0,0,0,neutral,other,train,SEACrowd/ViSoBERT
fresh_visobert_04621,lí do việt nam ko thể phát triển đc,0,0,0,0,0,0,neutral,other,train,SEACrowd/ViSoBERT
fresh_visobert_09503,Ảnh minh họa chất vl,1,0,0,1,0,0,positive,enjoyment,train,SEACrowd/ViSoBERT
fresh_visobert_02508,mấy đầu não cố làm trò ngu si mik câu cặc view não cá vàng éo đc lm youtuber )) bệnh hoạn vkl chửi bệnh )),1,0,0,1,1,1,negative,disgust,train,SEACrowd/ViSoBERT
fresh_visobert_03343,xàm lồn chửi chửi cặc chủ yếu ăn tiền mạng con khùng thúi,1,0,0,0,0,1,neutral,disgust,train,SEACrowd/ViSoBERT
fresh_visobert_11856,Thanh Tâm mà cũng sợ ko đậu nổi tới vòng pick team luôn,1,0,1,0,1,1,negative,fear,train,SEACrowd/ViSoBERT
fresh_visobert_03249,vl bỏ giây cuộc đời má cười tốn đéo đc cl,0,0,0,1,0,0,negative,anger,train,SEACrowd/ViSoBERT
fresh_visobert_09780,tao cay mẹ khoé mắt,0,0,0,0,0,0,neutral,other,train,SEACrowd/ViSoBERT
fresh_visobert_08460,Chào chị xênh gái,0,0,0,0,0,0,positive,enjoyment,train,SEACrowd/ViSoBERT
fresh_visobert_02051,ôi sử lý chánh ô nhiễm môi trường việt nam các lãnh đạo tài giỏi tin cậy nhân dân sử lý ô nhiễm khoa học giúp cặc pômôsa giải tỏa núi chất thải ô nhiễm ảnh hưởng sức khỏe đời sống nhân dân nếu ảnh hưởng ảnh hưởng cán bộ lãnh đạo,1,0,0,0,0,0,positive,enjoyment,train,SEACrowd/ViSoBERT
fresh_visobert_01058,ns chuyến thầy đánh cko skt,0,0,0,0,0,0,neutral,other,train,SEACrowd/ViSoBERT
fresh_visobert_07896,Cám ơn Na về bài viết này Thương,0,0,0,0,0,0,neutral,sadness,train,SEACrowd/ViSoBERT
fresh_visobert_11159,Chúc mừng con gái mẹ hằng,0,0,0,0,0,0,neutral,other,train,SEACrowd/ViSoBERT
fresh_visobert_04502,hình như đằng chữ hotel bỏ qua hôn má,0,0,0,0,0,0,neutral,other,train,SEACrowd/ViSoBERT
fresh_visobert_02336,my tran vkl luông đéo vòng vo tí lòng vòng tí,0,0,0,0,1,0,negative,anger,train,SEACrowd/ViSoBERT
fresh_visobert_11754,em xin i4 ạ,0,0,0,0,0,0,negative,other,train,SEACrowd/ViSoBERT
fresh_visobert_04500,ngọc trang mua dưa leo rẻ,0,0,0,0,0,0,neutral,other,train,SEACrowd/ViSoBERT
fresh_visobert_01957,hồi toàn lả cãi dòng họ phãi bã,0,0,0,0,0,0,neutral,other,train,SEACrowd/ViSoBERT
fresh_visobert_06303,Mot k bao nhieu,0,0,0,0,0,0,neutral,other,train,SEACrowd/ViSoBERT
fresh_visobert_05130,hoàng phúc lê t củng cmt fb bả chửi đọc ok đọc củng clip vui đọc cmt cặc chửi lan lgbt tối ngày đòi bình đẳng kì thị người ta động chạm dựng lồn chửi người ta ghét,0,0,0,0,1,0,neutral,enjoyment,train,SEACrowd/ViSoBERT
fresh_visobert_06545,đẹp lắm ạ nên mua,0,0,0,0,0,0,positive,enjoyment,train,SEACrowd/ViSoBERT
fresh_visobert_04580,cố ảo chi phân bảo đảm lão chết,0,0,0,0,0,0,neutral,other,train,SEACrowd/ViSoBERT
fresh_visobert_08482,Trời sinh một cặp hjhj,0,0,0,0,0,0,positive,other,train,SEACrowd/ViSoBERT
fresh_visobert_08711,thế thua gì bác.. k công khai mà cả VN điều biết tên e nó bác nghĩ ngta đón được sao????,1,0,1,0,0,1,neutral,surprise,train,SEACrowd/ViSoBERT
fresh_visobert_11244,Diệu Linhh thích black rouge ver mới nhất😞,0,0,0,0,0,0,neutral,enjoyment,train,SEACrowd/ViSoBERT
fresh_visobert_09158,"Hàng ngang : miễn phí chuyển khoản, hàng dọc: liên ngân hàng. Like giùm em cmt này với: Su PeHà PhạmNguyễn HùngThanh PhongMinh NguyệtNhật LinhTran HuyenTrang Ngọc HuyềnTrịnh Thị Ngọc AnhYTrinh VoGiang HồBà Vân Vui VẻNguyễn ảo rn",0,0,0,0,1,0,positive,enjoyment,train,SEACrowd/ViSoBERT
fresh_visobert_05210,đa số thực phẩm tẩm hóa chất an toàn,1,0,0,0,0,0,positive,enjoyment,train,SEACrowd/ViSoBERT
fresh_visobert_00975,trần đoàn hàng mạng,0,0,0,0,1,0,positive,other,train,SEACrowd/ViSoBERT
fresh_visobert_03313,đỗ thanh nhàn chuyên cơ thoát sợ =))),0,0,0,0,0,0,negative,fear,train,SEACrowd/ViSoBERT
fresh_visobert_02207,chả sinh xong bé tự kỉ đọc thắm cười rung rốn thoải mái hẳn tks page 😍 😍 😍,0,0,0,0,1,0,positive,enjoyment,train,SEACrowd/ViSoBERT
fresh_visobert_06717,huhu mong chị sớm khỏe lại 😭😭😭😭,0,0,0,0,0,0,negative,sadness,train,SEACrowd/ViSoBERT
fresh_visobert_04298,câu chiến thắng dân tộc vn chiến thắng ❤ ❤,0,0,0,0,0,0,positive,enjoyment,train,SEACrowd/ViSoBERT
fresh_visobert_08539,chị chơi với gil đi chị,0,0,0,0,0,0,neutral,other,train,SEACrowd/ViSoBERT
fresh_visobert_10140,Khẩu hiệu tuyệt vời,0,0,0,0,0,0,positive,enjoyment,train,SEACrowd/ViSoBERT
fresh_visobert_11247,Chị 3 vàng ngọc là số 1 e rất yêu chị 3 e tên thiện thiện 34t ở đồng tháp [PHONE],0,0,0,0,1,0,positive,enjoyment,train,SEACrowd/ViSoBERT
fresh_visobert_04380,đồng lòng hk ngưỡng mộ yêu bé,0,0,0,0,0,0,positive,enjoyment,train,SEACrowd/ViSoBERT
fresh_visobert_02113,cảm má ơn cc,0,0,0,0,0,0,positive,enjoyment,train,SEACrowd/ViSoBERT
fresh_visobert_01929,gọi mẩy cốc tsua uống tiếp,0,0,0,0,0,0,neutral,other,train,SEACrowd/ViSoBERT
fresh_visobert_03732,chẳn kém học thức,0,0,0,0,0,0,negative,sadness,train,SEACrowd/ViSoBERT
fresh_visobert_05953,Có tinh ship hk w,0,0,0,0,1,0,neutral,other,train,SEACrowd/ViSoBERT
fresh_visobert_06785,Ảo tưởng làm kiệt sức chẳng thấy đâu.,1,0,1,0,0,1,neutral,disgust,train,SEACrowd/ViSoBERT
fresh_visobert_05772,học sinh chuyên toán cao bằng ))),0,0,0,0,0,0,neutral,other,train,SEACrowd/ViSoBERT
fresh_visobert_02428,đón trung quốc cặc chiếm ))),0,0,0,0,0,0,neutral,other,train,SEACrowd/ViSoBERT
fresh_visobert_10631,"Mấy a ctrai dáng kiểu vai rộng rộng mặc áo sơ mi, í xời, mlem 🤭",1,0,0,0,0,0,neutral,other,train,SEACrowd/ViSoBERT
fresh_visobert_05056,đầu trọc ảnh ez )),0,0,0,0,0,0,neutral,other,train,SEACrowd/ViSoBERT
fresh_visobert_04287,băc động viên,0,0,0,0,0,0,positive,other,train,SEACrowd/ViSoBERT
fresh_visobert_01862,be de ha gi,0,0,0,0,1,0,neutral,other,train,SEACrowd/ViSoBERT
fresh_visobert_03235,lê văn đạt 😭 😭 cô giáo dám cửa nửa bc,0,0,0,0,0,0,negative,sadness,train,SEACrowd/ViSoBERT
fresh_visobert_03661,một mình tao chấp hếttttttttt,0,0,0,0,0,0,negative,sadness,train,SEACrowd/ViSoBERT
fresh_visobert_10606,Dth quá c ơi Huỳnh Thúy Nương,0,0,0,0,0,0,neutral,other,train,SEACrowd/ViSoBERT
fresh_visobert_08680,Quên làm thao được Minh Nguyễn Thu Nguyễn 🤣🤣🤣,0,0,0,0,0,0,neutral,enjoyment,train,SEACrowd/ViSoBERT
fresh_visobert_02544,du học úc lào ))))),0,0,0,0,0,0,neutral,other,train,SEACrowd/ViSoBERT
fresh_visobert_10619,"Đã nhận hàng, đóng gói gọn gàng, giá cả cũng vừa phã, hy vọng rằng chất lượng sẽ tốt không cần sự trợ giúp của bộ phận kỹ thuật",1,0,0,0,0,0,positive,enjoyment,train,SEACrowd/ViSoBERT
fresh_visobert_08780,toàn bọn event nào cũng có tên,0,0,0,0,1,0,neutral,other,train,SEACrowd/ViSoBERT
fresh_visobert_11218,"chảnh chóa, tự kỉ, giống ma nhập",0,0,0,0,0,0,neutral,other,train,SEACrowd/ViSoBERT
fresh_visobert_06046,"Siêu phẩm luôn, quả này đẹp nhất trong mấy trận 😘",1,0,0,1,0,0,positive,enjoyment,train,SEACrowd/ViSoBERT
fresh_visobert_09813,E là fan âm mộ của ckj nèk,0,0,0,0,1,0,neutral,other,train,SEACrowd/ViSoBERT
fresh_visobert_00046,Anh đi nhận nobel toán học mẹ đi🥴,0,0,0,0,0,0,neutral,other,train,SEACrowd/ViSoBERT
fresh_visobert_09305,ngưỡng mộ cô quá.,0,0,0,0,0,0,positive,sadness,train,SEACrowd/ViSoBERT
fresh_visobert_09454,Nguyễn Nhớ làm saooo,0,0,0,0,0,0,neutral,other,train,SEACrowd/ViSoBERT
fresh_visobert_08020,eu vou ser o tipo de mãe que parece a avó Franciele Vêêh kkkkkk,0,0,0,0,0,0,neutral,other,train,SEACrowd/ViSoBERT
fresh_visobert_06363,Áo Có túi trong k ạ,0,0,0,0,0,0,neutral,other,train,SEACrowd/ViSoBERT
fresh_visobert_05224,hà nội niềm tin yêu hi vọng núi sông hôm nay mai sau,0,0,0,0,0,0,positive,enjoyment,train,SEACrowd/ViSoBERT
fresh_visobert_09234,anh xọa bằng em k,0,0,0,0,0,1,negative,disgust,train,SEACrowd/ViSoBERT
fresh_visobert_06907,nhà A có xe 6 và xe 4 đi qua E ạ. điểm đỗ gần nhà A nhất là 84 đường láng E ạ,0,0,0,0,0,0,neutral,other,train,SEACrowd/ViSoBERT
fresh_visobert_10370,Cảm ơn các bác gì đâu sỹ và nhà hảo tâm,0,0,0,0,0,0,positive,enjoyment,train,SEACrowd/ViSoBERT
fresh_visobert_07547,"Ngôi nhà C có ống khói khác nhất so với các ngôi nhà còn lại vi ở vị trí bên trái, còn lại thi ở bên phải hết",0,0,0,0,0,0,neutral,other,train,SEACrowd/ViSoBERT
fresh_visobert_01375,thầy solo vs faker đỉnh,1,0,0,1,1,0,positive,enjoyment,train,SEACrowd/ViSoBERT
fresh_visobert_04508,phạm huy đạt đú thử trải nghiệm dòng nhạc,0,0,0,0,0,0,neutral,other,train,SEACrowd/ViSoBERT
fresh_visobert_08071,Mới sáng ra đã phải suy nghĩ hôm nay ăn gì,0,0,0,0,0,0,neutral,other,train,SEACrowd/ViSoBERT
fresh_visobert_11501,DLV đâu rồi ? cháu ngoan đâu rồi ? Đảng viên đâu rồi ? bơi vào đây cãi nhau nào !,0,0,0,0,0,0,neutral,other,train,SEACrowd/ViSoBERT
fresh_visobert_09140,Thành Huy Hoàng Tiến,0,0,0,0,0,0,neutral,sadness,train,SEACrowd/ViSoBERT
fresh_visobert_05346,công nhận xấu ng xấu nết cặc thiệt ng ta gọi xấu,0,0,0,0,0,0,negative,sadness,train,SEACrowd/ViSoBERT
fresh_visobert_00388,lisa cai lậy,0,0,0,0,0,0,neutral,other,train,SEACrowd/ViSoBERT
fresh_visobert_03986,el shin clip,0,0,0,0,1,0,neutral,other,train,SEACrowd/ViSoBERT
fresh_visobert_11219,"Đóng gói đẹp,giao hàng nhanh ,sản phẩm như hình. Sản phẩm nhựa dẻo,dai, có 3 lớp khoá kéo rất chắc chắn,giá cả hợp lý.",0,0,0,0,0,0,positive,enjoyment,train,SEACrowd/ViSoBERT
fresh_visobert_11435,Tìm một điểm để chê cho đở ghét mà tìm mãi chẳng ra đành hô to thương quá,1,0,1,0,0,0,negative,sadness,train,SEACrowd/ViSoBERT
fresh_visobert_03030,ngok má nghếch vcđ,0,0,0,0,0,0,negative,anger,train,SEACrowd/ViSoBERT
fresh_visobert_10518,"Cảm nhận ban đầu là đóng gói cẩn thận, không méo móp, nguyên tem niêm phong, đang test thử.",0,0,0,0,0,0,neutral,other,train,SEACrowd/ViSoBERT
fresh_visobert_07486,"Giao hàng nhiệt tình chu đáo . Sản phẩm như hình , đóng gói cẩn thận ,dùng thử khá êm ,hy vọng bền .",0,0,0,0,0,0,neutral,other,train,SEACrowd/ViSoBERT
fresh_visobert_01429,nằm yên má hiếp dâm,0,0,0,0,0,0,negative,enjoyment,train,SEACrowd/ViSoBERT
fresh_visobert_09245,Sợ nó rơi vào mồm vl =)),1,1,0,1,0,1,negative,fear,train,SEACrowd/ViSoBERT
fresh_visobert_02019,nguyen ong trao giải abe abe vui vẻ hổng qạo liền ))))),0,0,0,0,0,0,positive,enjoyment,train,SEACrowd/ViSoBERT
fresh_visobert_06621,"Phần mềm tốt, dễ sử dụng. Shop giao hàng nhanh, đóng gói cẩn thận.",0,0,0,0,1,0,positive,enjoyment,train,SEACrowd/ViSoBERT
fresh_visobert_02455,coi cười rụng nụ,1,0,0,1,0,0,negative,enjoyment,train,SEACrowd/ViSoBERT
fresh_visobert_00579,nguyễn hoàng sâm fbi,0,0,0,0,0,0,neutral,other,train,SEACrowd/ViSoBERT
fresh_visobert_05315,tối shop acc thầy acc mua )),0,0,0,0,1,0,neutral,other,train,SEACrowd/ViSoBERT
fresh_visobert_07289,sam sung c7 mua bao nhiêu ạ,0,0,0,0,0,0,neutral,other,train,SEACrowd/ViSoBERT
fresh_visobert_09459,per lại lật nữa hả,1,0,0,0,0,0,positive,surprise,train,SEACrowd/ViSoBERT
fresh_visobert_07694,Việc nhỏ nhặt này tốt nhất cho vợ quyết 😂,0,0,0,0,0,0,positive,enjoyment,train,SEACrowd/ViSoBERT
fresh_visobert_05076,kệ trung tâm vũ cặc trụ thể hiện quan điểm cak,0,0,0,0,0,0,neutral,other,train,SEACrowd/ViSoBERT
fresh_visobert_09606,Chắc bạn chưa có bé và k sống cùng bme ck. Thôi cứ hưởng thụ tiếp đi nhé Chúc bạn mãi giàu năng lượng ❤,0,0,0,0,0,0,positive,enjoyment,train,SEACrowd/ViSoBERT
fresh_visobert_03629,bích trâm ))))) đừng vui đùa chị em nha uyên thảo,0,0,0,0,0,0,positive,enjoyment,train,SEACrowd/ViSoBERT
fresh_visobert_02650,edit đỡ đơ may ghê,0,0,0,0,1,0,negative,disgust,train,SEACrowd/ViSoBERT
fresh_visobert_05661,cặp đôi hoàn hảo thích mr lân phỏng vấn quắc xư trằn dắn,0,0,0,0,0,0,positive,enjoyment,train,SEACrowd/ViSoBERT
fresh_visobert_03691,phong cách gây sự chú ý,0,0,0,0,0,0,neutral,other,train,SEACrowd/ViSoBERT
fresh_visobert_06559,"em đi xe đạp , có gửi bao giờ đâu mà biết bác ơiii",1,0,1,0,0,0,neutral,surprise,train,SEACrowd/ViSoBERT
fresh_visobert_11911,mãi thương ❤ ❤ yêu chj lâm khánh chi ❤ ❤,0,0,0,0,0,0,positive,enjoyment,train,SEACrowd/ViSoBERT
fresh_visobert_04783,trang le trang le ngọc loan tâm trần nhớ nha )))),0,0,0,0,0,0,neutral,other,train,SEACrowd/ViSoBERT
fresh_visobert_11867,fan việt nào unfl ??,1,0,0,0,1,0,neutral,surprise,train,SEACrowd/ViSoBERT
fresh_visobert_07915,gio da la vo ng ta roi do hp nha my,0,0,0,0,1,0,neutral,other,train,SEACrowd/ViSoBERT
fresh_visobert_11046,"Cô gái tên T, chia sẻ từ Nguyễn Thu Thảo 🤦♀",0,0,0,0,0,0,neutral,other,train,SEACrowd/ViSoBERT
fresh_visobert_00530,lí mạc sầu,0,0,0,0,0,0,neutral,enjoyment,train,SEACrowd/ViSoBERT
fresh_visobert_01218,thắng pháp đuổi mỹ thanh bình,0,0,0,0,0,0,neutral,other,train,SEACrowd/ViSoBERT
fresh_visobert_11736,Không sao mà em đây rô8f,1,0,1,0,0,0,neutral,surprise,train,SEACrowd/ViSoBERT
fresh_visobert_09524,"hoaii, anhiu toayyy sắp coá bằng rùii ảnh sẽ bay qua rước tuii để zìa ảnh chở",0,0,0,0,0,0,neutral,other,train,SEACrowd/ViSoBERT
fresh_visobert_00468,gà gái phong stream,1,0,0,0,1,1,neutral,disgust,train,SEACrowd/ViSoBERT
fresh_visobert_07727,Còn colagen nước k duong bn?,0,0,0,0,0,0,neutral,other,train,SEACrowd/ViSoBERT
fresh_visobert_09137,Sản phẩm tốtbchjchchchchchchhcchhcjfjfjjfjffjfjfjffjfh,0,0,0,0,0,0,positive,enjoyment,train,SEACrowd/ViSoBERT
fresh_visobert_10627,"Sản phẩm đc đóng gói cẩn thận, bé nhà mik rất thik ăn.",0,0,0,0,0,0,neutral,other,train,SEACrowd/ViSoBERT
fresh_visobert_11675,Cũng phù hợp với giá tiền. Hình thù đa dạng dễ thương. Mua có 2 cái bịt mắt mà được đóng gói trong hộp xịn xò. Nên mua nha,1,1,1,0,0,0,positive,enjoyment,train,SEACrowd/ViSoBERT
fresh_visobert_00612,nhân kiểu tày,0,0,0,0,0,0,neutral,enjoyment,train,SEACrowd/ViSoBERT
fresh_visobert_10164,Hay lắm cameraman,0,0,0,0,1,0,positive,enjoyment,train,SEACrowd/ViSoBERT
fresh_visobert_11419,Kiều Oanh Piee Ebe mua về nào đi học cho đỡ,0,0,0,0,0,0,neutral,other,train,SEACrowd/ViSoBERT
fresh_visobert_00042,Lộc Nguyễn Thành bao h có mình đi xem nhớ :)),1,0,0,0,0,0,neutral,other,train,SEACrowd/ViSoBERT
fresh_visobert_11793,Cj ơi đi săn người đi chị,0,0,0,0,0,0,neutral,other,train,SEACrowd/ViSoBERT
fresh_visobert_05447,vô lí hết sức thuyết phục,0,0,0,0,0,0,neutral,other,train,SEACrowd/ViSoBERT
fresh_visobert_04993,bọn dâm loạn viên đc dạy cặc xuôi ngược = ] ],0,0,0,0,0,0,neutral,other,train,SEACrowd/ViSoBERT
fresh_visobert_09867,"Theo lực lượng chức năng, nhóm 5 đối tượng lợi dụng trời mưa lớn nhiều ngày, làm tường nhà giam bị ẩm. Các đối tượng đã đục chỗ tường ẩm và bỏ trốn khỏi nhà tạm giữ Công an thị xã Mỹ Hào, Hưng Yên.",0,0,0,0,0,0,neutral,other,train,SEACrowd/ViSoBERT
fresh_visobert_04839,trần công minh,0,0,0,0,0,0,negative,other,train,SEACrowd/ViSoBERT
fresh_visobert_00704,chời đất kon tiết,0,0,0,0,0,0,negative,enjoyment,train,SEACrowd/ViSoBERT
fresh_visobert_00983,vn xếp dân tộc tàn cặc độc nhất thế giới mục tiêu chủ nghĩa trên hết,0,0,0,0,0,0,neutral,other,train,SEACrowd/ViSoBERT
fresh_visobert_07163,"Nếu e làm môi trên thì chi phí nếu e làm cc là 4,5 triệu bạn nhé",0,0,0,0,0,0,neutral,other,train,SEACrowd/ViSoBERT
fresh_visobert_03883,haizzz nguy hiểm,0,0,0,0,0,0,neutral,fear,train,SEACrowd/ViSoBERT
fresh_visobert_08569,"Hà Minh tôi đã khuyên bạn bao nhiêu lần rồi, trước thì dưa chuột, giờ lại cà rốt. Xuất viện tôi biếu bạn mấy quả mướp ăn bồi bổ. Nhớ là ĂN thôi nhé",0,0,0,0,0,0,neutral,other,train,SEACrowd/ViSoBERT
fresh_visobert_04732,tiếc dziên hơi nha,0,0,0,0,0,0,negative,sadness,train,SEACrowd/ViSoBERT
fresh_visobert_10309,"Con xin vía cụ ạ Xin vía, xin vía, con thành tâm xin vía < < < <",0,0,0,0,0,0,neutral,other,train,SEACrowd/ViSoBERT
fresh_visobert_09509,Kiệt tác cũng khá kiệt sức lao động,0,0,0,0,0,0,neutral,other,train,SEACrowd/ViSoBERT
fresh_visobert_04992,page thành phản động cặc ak dkm toàn post nhảm,1,0,0,0,1,1,neutral,disgust,train,SEACrowd/ViSoBERT
fresh_visobert_06592,người ở đâu bây giờ ai hay,0,0,0,0,0,0,positive,enjoyment,train,SEACrowd/ViSoBERT
fresh_visobert_03981,ji nhung sếp nhung tag vô kkk,0,0,0,0,0,0,neutral,enjoyment,train,SEACrowd/ViSoBERT
fresh_visobert_04357,hoàng nguyễn trung kiên thầy bh chiến thắng duke duke nên trình đc,0,0,0,0,0,0,neutral,other,train,SEACrowd/ViSoBERT
fresh_visobert_05550,dọn tầm gồng tết ☺,0,0,0,0,0,0,negative,enjoyment,train,SEACrowd/ViSoBERT
fresh_visobert_06005,Dân công nghệ k mua những máy này vs giá 6m??,0,0,0,0,0,0,positive,surprise,train,SEACrowd/ViSoBERT
fresh_visobert_09344,VUI QUA ONG TRAN DAN THAT DE THUONG !,0,0,0,0,0,0,positive,enjoyment,train,SEACrowd/ViSoBERT
fresh_visobert_04700,lảnh đạo thù lao $ / đở tốn lắm nhe,0,0,0,0,0,0,neutral,other,train,SEACrowd/ViSoBERT
fresh_visobert_01986,chủ apple đẹp trai )),0,0,0,0,0,0,positive,enjoyment,train,SEACrowd/ViSoBERT
fresh_visobert_06489,ai co clip bé này k ạ,0,0,0,0,1,0,neutral,other,train,SEACrowd/ViSoBERT
fresh_visobert_11000,chuẩn bị hết ế :)),1,0,0,0,0,0,positive,enjoyment,train,SEACrowd/ViSoBERT
fresh_visobert_01710,nguyễn nhựt xuân linh đesss bún riêu dịch hoài,0,0,0,0,0,0,neutral,other,train,SEACrowd/ViSoBERT
fresh_visobert_07610,khoi my co nguoi yeu chua e,0,0,0,0,1,0,neutral,other,train,SEACrowd/ViSoBERT
fresh_visobert_00433,nguyễn tuấn phong thương,0,0,0,0,0,0,neutral,sadness,train,SEACrowd/ViSoBERT
fresh_visobert_10176,Đến tận hoom nay,0,0,0,0,0,0,positive,enjoyment,train,SEACrowd/ViSoBERT
fresh_visobert_05586,trần khánh ngân,0,0,0,0,0,0,positive,other,train,SEACrowd/ViSoBERT
fresh_visobert_10720,Nguyễn Trúc t sẽ tiết kiệm 😂,0,0,0,0,0,0,neutral,enjoyment,train,SEACrowd/ViSoBERT
fresh_visobert_07319,Dây dài bn v,0,0,0,0,0,0,neutral,other,train,SEACrowd/ViSoBERT
fresh_visobert_03512,xạo lồn má thèm chém chết,0,0,0,0,0,1,neutral,disgust,train,SEACrowd/ViSoBERT
fresh_visobert_02516,chúng mày người yêu,0,0,0,0,0,0,positive,enjoyment,train,SEACrowd/ViSoBERT
fresh_visobert_07226,Chị lấy áo đang cầm,0,0,0,0,0,0,neutral,other,train,SEACrowd/ViSoBERT
fresh_visobert_06205,"Mẹ cậu thật là vô duyên, k biết mục tiêu sống của mẹ bạn ngoài tiền thì còn là cái gì nữa.",1,1,1,0,0,1,negative,disgust,train,SEACrowd/ViSoBERT
fresh_visobert_09861,"mua đồ trên lazada gần 3năm mới biết được là có rất nhiều cửa hàng bán mỹ phẫm giã,face trên lazada quá nhiều, quần áo thì có cửa hàng uy tín có cửa hàng chẳng có tâm ,hàng trung quốc quốc quá nhiều tiền mất tật mang các bạn nên hạn chế mua đồ trên mạng giá rẻ. tiền giao hàng quá cao mong lazada loại bõ mấy cửa hàng bán hàng... bài đánh giá đầy đủ",0,0,0,0,0,1,neutral,disgust,train,SEACrowd/ViSoBERT
fresh_visobert_11716,Xin chào em Ngoc,0,0,0,0,0,0,neutral,other,train,SEACrowd/ViSoBERT
fresh_visobert_08595,Con Nhi nó nhảy là biết nó tỉnh cở nào coi mấy khúc này muốn té ghế với bả,1,1,0,1,0,1,negative,disgust,train,SEACrowd/ViSoBERT
fresh_visobert_02984,iphone samsung,0,0,0,0,1,0,positive,enjoyment,train,SEACrowd/ViSoBERT
fresh_visobert_04058,vương thị ly a độ bí kíp tóc đẹp lộn kìa )))),0,0,0,0,0,0,positive,enjoyment,train,SEACrowd/ViSoBERT
fresh_visobert_07979,Duiên Mĩ cưng chưa kìa .,0,0,0,0,0,0,neutral,other,train,SEACrowd/ViSoBERT
fresh_visobert_07804,đúng là công ty giải trí núp bóng cty game :))Hoai Nam,1,0,1,0,1,0,neutral,surprise,train,SEACrowd/ViSoBERT
fresh_visobert_03106,phạt tỉ đồng,0,0,0,0,0,0,negative,sadness,train,SEACrowd/ViSoBERT
fresh_visobert_06184,Bame mà đi phan thiết là nhà có đứa Thông Thái 🙂 Nguyen Tri,1,1,1,0,0,1,neutral,disgust,train,SEACrowd/ViSoBERT
fresh_visobert_05284,sung ban không trung dao chat khong dut ma tron covid,0,0,0,0,0,0,neutral,other,train,SEACrowd/ViSoBERT
fresh_visobert_04065,sam oa sam,0,0,0,0,0,0,neutral,other,train,SEACrowd/ViSoBERT
fresh_visobert_06026,Chào e vs chào chây chây,0,0,0,0,0,0,neutral,other,train,SEACrowd/ViSoBERT
fresh_visobert_08293,Sp của shop thì rất là ok,0,0,0,0,1,0,positive,enjoyment,train,SEACrowd/ViSoBERT
fresh_visobert_08195,Thúy Linh sủa nhiều là nghiệp quật đấy bạn ê,0,0,0,0,0,0,neutral,other,train,SEACrowd/ViSoBERT
fresh_visobert_04281,giao giúp đỡ nghèo,0,0,0,0,0,0,negative,sadness,train,SEACrowd/ViSoBERT
fresh_visobert_09350,Mình ở sg nhma thả luôn,0,0,0,0,0,0,neutral,other,train,SEACrowd/ViSoBERT
fresh_visobert_08068,team thiếu thầy là ko đc :)),1,1,0,0,1,1,neutral,disgust,train,SEACrowd/ViSoBERT
fresh_visobert_05655,duoc men chao nha dai thong thai tien tri cua vu tru de nhat thong thien dia tran dan 🎉 🎉 🎉,0,0,0,0,0,0,positive,enjoyment,train,SEACrowd/ViSoBERT
fresh_visobert_00442,dạo pản động nhiếu cặc mấy bò đỏ ah,0,0,0,0,0,0,neutral,other,train,SEACrowd/ViSoBERT
fresh_visobert_09381,Suất cơm cty mình,0,0,0,0,0,0,negative,sadness,train,SEACrowd/ViSoBERT
fresh_visobert_07812,male anh chơi hay vây anh,0,0,0,0,0,0,positive,enjoyment,train,SEACrowd/ViSoBERT
fresh_visobert_10958,"Chuyển Pháp Luân là một quyển sách rất đáng để đọc, không những giúp chúng ta giải đáp một số thắc mắc về bí ẩn trong tu luyện của người xưa mà còn có thể giúp chúng ta tìm hiểu được ý nghĩa con người ở trên thế giới này. Nếu bạn gặp được cmt này mình rất khuyến khích các bạn hãy thử đọc nó dù chỉ một lần Bạn có tìm tên sách và vào trang falundafa Có thể đọc onl hay mua đều có, cả video hay audio. Khuyến khích mọi người nên duy trì đọc hằng ngày",1,1,1,0,1,1,positive,disgust,train,SEACrowd/ViSoBERT
fresh_visobert_06753,Bảo thằng lái de nói giọng huế đi ngân,0,0,0,0,0,0,neutral,other,train,SEACrowd/ViSoBERT
fresh_visobert_07087,Muốn xỉu với bả ❤❤❤,1,0,0,1,0,0,positive,enjoyment,train,SEACrowd/ViSoBERT
fresh_visobert_10721,mình 59 kg măc Sài nào 977,0,0,0,0,0,0,neutral,other,train,SEACrowd/ViSoBERT
fresh_visobert_07352,"có mình e ăn à c, e lấy bì thôi nha",0,0,0,0,0,0,neutral,other,train,SEACrowd/ViSoBERT
fresh_visobert_08188,Mình muốn đăng ký lớp luật,0,0,0,0,0,0,neutral,other,train,SEACrowd/ViSoBERT
fresh_visobert_10602,5 size L 975466,0,0,0,0,1,0,neutral,other,train,SEACrowd/ViSoBERT
fresh_visobert_08231,Một bí mật trong này 💌🤫,0,0,0,0,0,0,neutral,other,train,SEACrowd/ViSoBERT
fresh_visobert_08216,mặt pả dẹo ghê 🤣,0,0,0,0,0,0,neutral,disgust,train,SEACrowd/ViSoBERT
fresh_visobert_04381,hong linh coi cười ỉa,1,0,0,0,0,1,neutral,disgust,train,SEACrowd/ViSoBERT
fresh_visobert_02704,khóc dở cười dở xứ,0,0,0,0,0,0,negative,sadness,train,SEACrowd/ViSoBERT
fresh_visobert_07169,Ai chả thế. Đi làm tháng được bao nhiêu. Tiền nhiều thế sao nghỉ? Sao không làm nữa công đó rõ cao Vâng đó là nhưg người nhà hỏi tôi vậy? Chứ họ không biết ngay h làm ngày h làm đêm và ăn uống như thế nào công ty lớn Ngày hai bữa. Còn ngon thịnh soạn. Công ty tôi làm ăn bữa cơm và bữa phụ goi mì tôm qua trứng. Hoặc banh mì .5 và sữa zin zin,1,1,0,1,0,0,neutral,surprise,train,SEACrowd/ViSoBERT
fresh_visobert_10219,rất hài lòng,0,0,0,0,0,0,positive,enjoyment,train,SEACrowd/ViSoBERT
fresh_visobert_00477,phạt chê lãnh đạo kênh kiệu ngu cùi bắp cặc xúc phạm lộ bí mật quốc gia,1,0,0,0,0,1,negative,disgust,train,SEACrowd/ViSoBERT
fresh_visobert_08918,Xem Tom và jerry đừnng xem mèo tom nữa :)),1,0,0,0,0,0,neutral,other,train,SEACrowd/ViSoBERT
fresh_visobert_05731,uiii trangg đẹp gái cưới a độ xấu vllll ))))),0,0,0,0,0,0,neutral,other,train,SEACrowd/ViSoBERT
fresh_visobert_02057,đội ơn kế toán,0,0,0,0,0,0,positive,enjoyment,train,SEACrowd/ViSoBERT
fresh_visobert_09886,"Đây là Chin Udon nhà tuii. Mèo hoang ở đâu tự chui vào nhà ngta xong ở lì lại luôn 😤 Tốn mớ tiền cho bà đi tiêm phòng, trị nấm, trị giun, triệt sản giờ trộm vía béo ú na ú nần từng ngày 😗😗😗",0,0,0,0,0,0,negative,anger,train,SEACrowd/ViSoBERT
fresh_visobert_04715,viwe bh học sinh đc ngỷ nhạc nhắc,0,0,0,0,0,0,neutral,other,train,SEACrowd/ViSoBERT
fresh_visobert_09338,Xin vía người yêu như thế 🤣🤣🤣,1,0,0,1,0,0,positive,enjoyment,train,SEACrowd/ViSoBERT
fresh_visobert_05083,tộc trưởng,0,0,0,0,0,0,neutral,other,train,SEACrowd/ViSoBERT
fresh_visobert_02393,bọn bò đỏ ngu thuốc chữa gdp cặc vc 5 thái lan,1,0,0,0,0,1,negative,disgust,train,SEACrowd/ViSoBERT
fresh_visobert_00180,đấu khẩu má chim lợn,0,0,0,0,0,0,negative,other,train,SEACrowd/ViSoBERT
fresh_visobert_02585,khánh nguyễn ghê,0,0,0,0,0,0,negative,disgust,train,SEACrowd/ViSoBERT
fresh_visobert_09321,Hùng Lâm cắt kiểu này k,0,0,0,0,0,0,neutral,enjoyment,train,SEACrowd/ViSoBERT
fresh_visobert_11154,"Mới đọc được phần đầu cuốn sách thực sự mình đã bị thu hút vì khả năng quan sát và sự tinh tế trong cách nhìn nhận từng vấn đề cụ thể của tác giả Mỗi trường hợp, mỗi câu chuyện đều làm cho sự thấu cảm của người đọc như tăng dần lên Bất ngờ trong từng trang sách Rất mong có thể sở hữu được một cuốn sách quý như thế",1,0,0,1,0,0,positive,surprise,train,SEACrowd/ViSoBERT
fresh_visobert_09855,"for i in range(number_input, , -):",0,0,0,0,0,0,neutral,other,train,SEACrowd/ViSoBERT
fresh_visobert_09812,Một ông chuyên lý thuyết một ông chuyên thực hành :)),1,1,0,0,0,1,neutral,disgust,train,SEACrowd/ViSoBERT
fresh_visobert_08603,🔥 Trần Dần nói gì khi bị giới trẻ tại Việt Nam làm Clip giễu cợt?,0,0,0,0,1,0,neutral,other,train,SEACrowd/ViSoBERT
fresh_visobert_09171,Hàng chất lượng nhưng hơi ồn ạ,1,0,1,0,0,0,positive,surprise,train,SEACrowd/ViSoBERT
fresh_visobert_07693,Xe của bác tổng nó phải khác,0,0,0,0,0,0,neutral,other,train,SEACrowd/ViSoBERT
fresh_visobert_04216,quỳnh hình up liền,0,0,0,0,1,0,positive,enjoyment,train,SEACrowd/ViSoBERT
fresh_visobert_10964,Tóc xoăn cứng cắt kiểu j a,0,0,0,0,0,0,neutral,other,train,SEACrowd/ViSoBERT
fresh_visobert_10933,Anh đã bị bắt,0,0,0,0,0,0,positive,sadness,train,SEACrowd/ViSoBERT
fresh_visobert_04248,trung thu ngủ đường xe điên đâm chết trung thu thành dỗ đấy,1,0,0,0,0,1,neutral,disgust,train,SEACrowd/ViSoBERT
fresh_visobert_08816,Kg thoa thuoc lanh seo duoc kg bsi,0,0,0,0,0,0,neutral,other,train,SEACrowd/ViSoBERT
fresh_visobert_00070,Vì phần trên của váy :((( hức hức.,0,0,0,0,0,0,neutral,other,train,SEACrowd/ViSoBERT
fresh_visobert_10096,em mong rằng bất kỳ môn nào được mở ra thì cũng phải cung cấp kiến thức xứng đáng cho sinh viên .,0,0,0,0,0,0,neutral,other,train,SEACrowd/ViSoBERT
fresh_visobert_05497,béo béo máy lu đường,0,0,0,0,0,0,neutral,other,train,SEACrowd/ViSoBERT
fresh_visobert_04132,co oi tang trieu xai duoc co kho lam hihi,0,0,0,0,0,0,neutral,enjoyment,train,SEACrowd/ViSoBERT
fresh_visobert_10407,Mải hít vụ Hoài Linh mà kb gr có vụ gì luân @@,1,0,1,0,0,0,neutral,surprise,train,SEACrowd/ViSoBERT
fresh_visobert_00304,chào nhà báo vũ hoàng lân chào danh hài vũ trụ trần tiger,0,0,0,0,0,0,neutral,other,train,SEACrowd/ViSoBERT
fresh_visobert_06107,Này làm t nhớ tới phim facebook. Nó tuyển nhân viên yêu cầu vừa uống rượu vừa code :v,0,0,0,0,1,0,positive,enjoyment,train,SEACrowd/ViSoBERT
fresh_visobert_06125,Ad có vẻ bị tiêu cực mấy ngày tết thế nhỉ ??? Đánh bài thua à mà up bài ác vậy :v,1,0,1,1,0,0,neutral,surprise,train,SEACrowd/ViSoBERT
fresh_visobert_11899,Cục súc vl :v chắc đây kh phải fan cứng rồi :v,0,1,0,1,1,1,neutral,disgust,train,SEACrowd/ViSoBERT
fresh_visobert_00405,page nói chuyện chuẩn <,0,0,0,0,1,0,neutral,other,train,SEACrowd/ViSoBERT
fresh_visobert_05071,mua game tiền thầy,0,0,0,0,1,0,neutral,other,train,SEACrowd/ViSoBERT
fresh_visobert_05013,xui đấy kkk,0,0,0,0,0,0,neutral,enjoyment,train,SEACrowd/ViSoBERT
fresh_visobert_07044,Khoảng 6h bạn nhé,0,0,0,0,0,0,positive,fear,train,SEACrowd/ViSoBERT
fresh_visobert_01754,hứa sơn tý hình ghép kiểu,0,0,0,0,0,0,neutral,other,train,SEACrowd/ViSoBERT
fresh_visobert_11975,Có ai biết nick face anh Holy ko,1,0,0,0,0,0,neutral,other,train,SEACrowd/ViSoBERT
fresh_visobert_03702,gen hài hước phùng xịn xò,1,0,0,0,0,0,positive,enjoyment,train,SEACrowd/ViSoBERT
fresh_visobert_03575,mai nam hải xiên đau,0,0,0,0,0,0,negative,sadness,train,SEACrowd/ViSoBERT
fresh_visobert_08826,"Mồ hôi, xương máu đã rơi",0,0,0,0,0,0,neutral,other,train,SEACrowd/ViSoBERT
fresh_visobert_10121,Na tỉnh nhất quả đất 😜,0,0,0,0,0,0,neutral,other,train,SEACrowd/ViSoBERT
fresh_visobert_07652,đẹp lam luon... ung hộ cửa hàng dài dài nữa 😘😘😘😘😘,0,0,0,0,0,0,positive,enjoyment,train,SEACrowd/ViSoBERT
fresh_visobert_06447,Linh Mít lên Cầu Giấy mà tìm phòng b êiiii 🤣,1,1,1,0,0,1,neutral,enjoyment,train,SEACrowd/ViSoBERT
fresh_visobert_00506,màu rằn ri,0,0,0,0,0,0,positive,enjoyment,train,SEACrowd/ViSoBERT
fresh_visobert_04240,combo chất,1,0,0,0,0,0,positive,enjoyment,train,SEACrowd/ViSoBERT
fresh_visobert_03895,chào minh hiếu dể thương,0,0,0,0,0,0,neutral,sadness,train,SEACrowd/ViSoBERT
fresh_visobert_04059,clear hân hạnh tài trợ chương trình,0,0,0,0,0,0,neutral,other,train,SEACrowd/ViSoBERT
fresh_visobert_02728,lê văn quật úp gruop lớp thầy coi,0,0,0,0,0,0,neutral,other,train,SEACrowd/ViSoBERT
fresh_visobert_11317,Quốc Trung tự nhiên nghe nhạc mà nhớ bạn tui :))),1,1,1,0,0,1,neutral,disgust,train,SEACrowd/ViSoBERT
fresh_visobert_05483,cố vấn kinh tế thủ tướng vn mặt kinh cặc mấy xì ke lảng vảng chỗ đường khu tao,0,0,0,0,0,0,negative,disgust,train,SEACrowd/ViSoBERT
fresh_visobert_01963,báo giao thông phe chúng đăng báo dắt mũi dư luận toàn dân cặc tinh cs nửa nc đứng cs,0,0,0,0,0,0,neutral,other,train,SEACrowd/ViSoBERT
fresh_visobert_07709,Nam mô bổn sư thích ca mâu ni phật nam mô quan thế âm bồ tát,0,0,0,0,0,0,positive,enjoyment,train,SEACrowd/ViSoBERT
fresh_visobert_02381,chị em lgbt,0,0,0,0,0,0,neutral,other,train,SEACrowd/ViSoBERT
fresh_visobert_05740,nứng abe oi má abe 😚 😚 😚,0,0,0,0,0,0,neutral,other,train,SEACrowd/ViSoBERT
fresh_visobert_01144,nguyễn thành nam vl tưởng ntn,1,0,1,1,0,0,neutral,surprise,train,SEACrowd/ViSoBERT
fresh_visobert_00674,đấy a độ 😂 😂 😂,0,0,0,0,0,0,positive,enjoyment,train,SEACrowd/ViSoBERT
fresh_visobert_04338,dẫn độ tội phạm cặc tc hoành tráng,0,0,0,0,0,0,neutral,other,train,SEACrowd/ViSoBERT
fresh_visobert_11906,Hôm nọ chị đặt dầu anh thảo chiều lọ to mà chẳng thấy gọi điện cho chị gì cả hả Hana,1,1,1,0,0,1,neutral,surprise,train,SEACrowd/ViSoBERT
fresh_visobert_04259,chờ má loz,0,0,0,0,0,0,negative,fear,train,SEACrowd/ViSoBERT
fresh_visobert_09045,Khuôn mặt của sự kinh hoàng,0,0,0,0,0,0,negative,disgust,train,SEACrowd/ViSoBERT
fresh_visobert_10691,Sao t lai thây măt cô ơ đây =]]]],0,0,0,0,0,0,neutral,other,train,SEACrowd/ViSoBERT
fresh_visobert_00521,thầy review dùm mông vs,0,0,0,0,1,0,neutral,other,train,SEACrowd/ViSoBERT
fresh_visobert_10533,Ga phú thái a nhé,0,0,0,0,0,0,neutral,other,train,SEACrowd/ViSoBERT
fresh_visobert_06470,Chị đặt đẩm zia 6 em giao zia 8 rộng thì so đây e,0,0,0,0,0,0,neutral,other,train,SEACrowd/ViSoBERT
fresh_visobert_08047,Còn page thì làm content khác nữa đi qua đến h Táo quân hoài không thấy nhạt à 😑,1,1,0,0,1,0,neutral,surprise,train,SEACrowd/ViSoBERT
fresh_visobert_07323,Không phải con ma đâu .hình như thằng ma thì phải,1,0,0,1,0,1,neutral,disgust,train,SEACrowd/ViSoBERT
fresh_visobert_02233,đứng hình )) cool ngầu )) đẹp trai nhì cao bằng,1,0,0,1,1,0,positive,enjoyment,train,SEACrowd/ViSoBERT
fresh_visobert_07860,"Cách cãi nhau : họ nói gì kệ mẹ họ, mình ngồi vẽ tranh cười trừ",0,0,0,0,0,0,neutral,other,train,SEACrowd/ViSoBERT
fresh_visobert_08923,game gì mà làm nhiệm vụ cũng phải nạp tiền thì chịu rồi có quá nhiều trang bị cần phải nạp tiền điều này nên chỉ dành cho item thời trang,1,0,1,0,1,0,neutral,surprise,train,SEACrowd/ViSoBERT
fresh_visobert_07204,"Lạnh thế này mà trải nghiệm cảm giác lạc đường, xong điện thoại hết pin. Tự mình mò mẫm về đến nhà xong nhận ra mình cũng mạnh mẽ thật, k cần ai cả.",1,0,1,1,0,0,positive,sadness,train,SEACrowd/ViSoBERT
fresh_visobert_11786,Show sofa đi mẹ nhớ quá,0,0,0,0,1,0,neutral,other,train,SEACrowd/ViSoBERT
fresh_visobert_06084,Họ mãi là người che chở bạn truóc sóng gió cuọc đời thì không chắccc,0,0,0,0,0,1,neutral,disgust,train,SEACrowd/ViSoBERT
fresh_visobert_09557,"Chào chị, buổi trưa vui vẻ",0,0,0,0,0,0,positive,enjoyment,train,SEACrowd/ViSoBERT
fresh_visobert_05699,toi nha trang ma ngop tho phai noi ha zoi rat la superman 😁 😁,0,0,0,0,0,0,positive,enjoyment,train,SEACrowd/ViSoBERT
fresh_visobert_07820,c sz H dag mac,0,0,0,0,0,0,neutral,other,train,SEACrowd/ViSoBERT
fresh_visobert_07661,T đã cực kì ghét những con chó khi xem được cái video em bé bị chó cắn rồi bị dại. Cứ sủa tiếng chó trong đau đớn mà k ai lzi được.,1,0,1,1,1,1,negative,sadness,train,SEACrowd/ViSoBERT
fresh_visobert_07304,Ok c. Ship ở đâu vậy c?,0,0,0,0,1,0,positive,enjoyment,train,SEACrowd/ViSoBERT
fresh_visobert_10934,"Cũng tài đó, nhưng rất nguy hiểm, đường nhanh nhất đến nghĩa địa, đừng nên hoc các ban à.",1,0,1,0,0,0,neutral,fear,train,SEACrowd/ViSoBERT
fresh_visobert_00345,trường giang no no đg chỉ trích ích kỷ k ngkhac chứ bả sống th,0,0,0,0,1,0,neutral,other,train,SEACrowd/ViSoBERT
fresh_visobert_00572,vây tân hiệp phát,0,0,0,0,0,0,neutral,other,train,SEACrowd/ViSoBERT
fresh_visobert_09485,cẩn thận các góc cửa,0,0,0,0,0,0,positive,enjoyment,train,SEACrowd/ViSoBERT
fresh_visobert_01415,chả lệch phát =))),1,1,0,0,0,1,neutral,disgust,train,SEACrowd/ViSoBERT
fresh_visobert_09123,Địt mẹ mày thằng ngu lồn,1,0,0,0,0,1,negative,disgust,train,SEACrowd/ViSoBERT
fresh_visobert_00095,Xx bj là một ☝ có gì,0,0,0,0,0,0,neutral,other,train,SEACrowd/ViSoBERT
fresh_visobert_00242,pháo thủ toang cmnl @ @,1,0,0,1,0,0,negative,sadness,train,SEACrowd/ViSoBERT
fresh_visobert_09658,"Ở nhà cho con ngủ nằm xem live em nhàn cũng vui, lướt fb thấy người nhà đi chơi noel 😍😍😍",0,0,0,0,1,0,positive,enjoyment,train,SEACrowd/ViSoBERT
fresh_visobert_07283,Đầu bò huyndai 4 chân năm,0,0,0,0,0,0,neutral,other,train,SEACrowd/ViSoBERT
fresh_visobert_03561,khánh vy hình như tag lộn,0,0,0,1,0,0,positive,other,train,SEACrowd/ViSoBERT
fresh_visobert_01766,tem thi mấy,0,0,0,0,1,0,neutral,fear,train,SEACrowd/ViSoBERT
fresh_visobert_03072,dm vtv cặc mặt trời ^ ^,1,0,0,0,0,1,neutral,anger,train,SEACrowd/ViSoBERT
fresh_visobert_10985,Lê Thanh Tùng thanh nịch thanh nịch,0,0,0,0,0,0,neutral,other,train,SEACrowd/ViSoBERT
fresh_visobert_06206,Mọi thứ đều thú vị hơn bài tập😢,0,0,0,0,0,0,negative,sadness,train,SEACrowd/ViSoBERT
fresh_visobert_10448,Kiều Chinh cái này k đẹp,0,0,0,0,0,0,neutral,other,train,SEACrowd/ViSoBERT
fresh_visobert_06242,"Trước khi cầu nguyện hãy tha thứ Thấy thì dễ , nhưng thật rất khó",1,0,1,0,0,0,neutral,surprise,train,SEACrowd/ViSoBERT
fresh_visobert_07268,Cả thế giới thương e lắm,0,0,0,0,0,0,neutral,sadness,train,SEACrowd/ViSoBERT
fresh_visobert_07469,Bao nhiêu hộp e,0,0,0,0,0,0,positive,fear,train,SEACrowd/ViSoBERT
fresh_visobert_09380,Chào bạn . Không biết Hera có thể giúp gì cho các bạn không ạ?,1,1,0,0,0,1,negative,disgust,train,SEACrowd/ViSoBERT
fresh_visobert_00298,nhật long toang kiểu ni lắm,1,0,0,1,0,0,negative,sadness,train,SEACrowd/ViSoBERT
fresh_visobert_11580,"Mọe ra cơm bụi k cơm như cái ĐB, đã thế thịt còn hoy hoy nữa chứ. Con mọe nó",1,0,0,1,0,0,neutral,other,train,SEACrowd/ViSoBERT
fresh_visobert_10843,Khá đẹp và ưng ý. Tuy nhiên khoá bị kích nhẹ khi kéo lên góc ví vì chạm vào bên trong,0,0,0,0,0,0,positive,enjoyment,train,SEACrowd/ViSoBERT
fresh_visobert_00713,nguyễn jonh mỹ chống học thuyết cộng sản bất ổn thế giới mỹ độc tài cặc kẻ thù bất cộng đái thiên độc tài khổ dân ảnh hưởng dân mỹ quốc gia,0,0,0,0,0,0,neutral,other,train,SEACrowd/ViSoBERT
fresh_visobert_09936,"Cv là ngồi tại vp đăng tuyển dụng nhân lực cho cty, lương cứng 5 triệu + thưởng.",0,0,0,0,0,0,neutral,other,train,SEACrowd/ViSoBERT
fresh_visobert_09128,"[USER]ễn Tất Linh hahahah, mới biết b ơi",0,0,0,0,0,0,neutral,other,train,SEACrowd/ViSoBERT
fresh_visobert_03436,nguyễn thế sơn nhìu,0,0,0,0,0,0,neutral,other,train,SEACrowd/ViSoBERT
fresh_visobert_00728,hoàng fa đừng nx sợ ngộ độc 🥴 🤣,1,0,0,0,0,0,negative,enjoyment,train,SEACrowd/ViSoBERT
fresh_visobert_05409,nguyễn đức thủy hại thận,0,0,0,0,0,0,neutral,other,train,SEACrowd/ViSoBERT
fresh_visobert_09261,Nam Nhật mỗi thằng tê còn đâu thừa thiếu t chịu.kkk,1,1,0,0,0,1,neutral,enjoyment,train,SEACrowd/ViSoBERT
fresh_visobert_03515,bò đỏ yêu thương bố tàu cặc ghét,0,0,0,0,0,0,neutral,enjoyment,train,SEACrowd/ViSoBERT
fresh_visobert_01850,pồ ké mon độ,0,0,0,0,0,0,neutral,enjoyment,train,SEACrowd/ViSoBERT
fresh_visobert_02864,chính phủ đóng cửa chuyến bay nước ngoài vn dich mấy chống dịch,0,0,0,0,0,0,neutral,other,train,SEACrowd/ViSoBERT
fresh_visobert_06916,Du lịch mà ko tìm hiểu phong tục lạ chết,1,0,1,0,0,0,neutral,surprise,train,SEACrowd/ViSoBERT
fresh_visobert_04646,nguyễn kim chi lây khỉ 🤣,0,0,0,0,0,0,neutral,enjoyment,train,SEACrowd/ViSoBERT
fresh_visobert_01406,hình như sam đuôi nhọn đuôi đôi đũa đúg ta từg sam cũg từg con so đuôi tụi,0,0,0,1,0,0,neutral,other,train,SEACrowd/ViSoBERT
fresh_visobert_10974,Phải nói là cr rủ cay rank xuyên đêm vưa đông ý vào game thì đồng hồ báo thưc reo😂😂😂,0,0,0,0,1,0,positive,enjoyment,train,SEACrowd/ViSoBERT
fresh_visobert_08785,livestream Ú ơii 😘😘😘🌸🌺,0,0,0,0,1,0,positive,enjoyment,train,SEACrowd/ViSoBERT
fresh_visobert_00252,chang chang 🥥 🥥 🥥 🥥,0,0,0,0,0,0,neutral,other,train,SEACrowd/ViSoBERT
fresh_visobert_07193,"Ý tưởng lớn gặp nhau, uống xong k những quên sự đời mà quên luôn lối về",1,0,1,0,0,0,neutral,surprise,train,SEACrowd/ViSoBERT
fresh_visobert_05876,Thảo Vy cho biết cái page gì mà sến quá v,1,0,1,0,1,0,neutral,surprise,train,SEACrowd/ViSoBERT
fresh_visobert_00016,U mê lắm rồi 😋😋,0,0,0,0,0,0,positive,enjoyment,train,SEACrowd/ViSoBERT
fresh_visobert_09914,"Tổng kết lại nếu không ngại cục nóng hơi ồn, thì với giá này không tội gì đi lắp mấy dòng điều hoà mới nổi mà ngang giá tiền em này.",1,0,1,0,0,0,neutral,surprise,train,SEACrowd/ViSoBERT
fresh_visobert_01782,cặc xạo loz,0,0,0,0,0,1,neutral,disgust,train,SEACrowd/ViSoBERT
fresh_visobert_08021,Linh Phan t thấy nên gọi m là béo chứ bé gì vại,0,0,0,0,0,0,neutral,other,train,SEACrowd/ViSoBERT
fresh_visobert_00224,ck4mk4m mn,0,0,0,0,1,0,positive,other,train,SEACrowd/ViSoBERT
fresh_visobert_02599,địt cụ cặc thành lê,0,0,0,0,0,0,negative,disgust,train,SEACrowd/ViSoBERT
fresh_visobert_04622,hồ quốc tiến ảnh gốc,0,0,0,0,0,0,positive,sadness,train,SEACrowd/ViSoBERT
fresh_visobert_08953,"Hay bây, lại có trend mới à",0,0,0,0,1,0,positive,enjoyment,train,SEACrowd/ViSoBERT
fresh_visobert_09287,nhin ci như gai 8 rôi hjhj,0,0,0,0,0,0,neutral,other,train,SEACrowd/ViSoBERT
fresh_visobert_00206,ảnh video superheroo buồn não ruột,0,0,0,0,1,0,negative,sadness,train,SEACrowd/ViSoBERT
fresh_visobert_03365,gia bảo cặc ci * *,0,0,0,0,0,0,neutral,other,train,SEACrowd/ViSoBERT
fresh_visobert_04299,tao rừng đâyyyyy,0,0,0,0,0,0,negative,sadness,train,SEACrowd/ViSoBERT
fresh_visobert_11954,Chiến ngay Vũ Nháy Trần Đức Hiếu Sáo Sậu,0,0,0,0,0,0,neutral,other,train,SEACrowd/ViSoBERT
fresh_visobert_08024,Anh lo toan nhiều nhưng lại chẳng đâu tới đâu :<,0,0,1,0,0,1,negative,fear,train,SEACrowd/ViSoBERT
fresh_visobert_01999,đức trung tuần vô,0,0,0,0,0,0,neutral,fear,train,SEACrowd/ViSoBERT
fresh_visobert_02377,phán chuẩn vc,0,0,0,0,0,0,positive,enjoyment,train,SEACrowd/ViSoBERT
fresh_visobert_09706,Nguyễn Vẹn dàh cho m nk,0,0,0,0,0,0,neutral,other,train,SEACrowd/ViSoBERT
fresh_visobert_07881,Cho e chs vs nha,0,0,0,0,0,0,positive,other,train,SEACrowd/ViSoBERT
fresh_visobert_10364,Mai Hương it's u 😂😂,0,0,0,0,0,0,neutral,enjoyment,train,SEACrowd/ViSoBERT
fresh_visobert_08456,Uống nước thui mà có cần thần thái vậy hông Xinh gái quá à,1,0,1,1,0,0,neutral,surprise,train,SEACrowd/ViSoBERT
fresh_visobert_06349,Trọng Trần kiểu trời rất hiểu ý,0,0,0,0,0,0,neutral,other,train,SEACrowd/ViSoBERT
fresh_visobert_08497,Bùi Thu Huyền để giảm cân hả?,1,0,0,0,0,0,neutral,surprise,train,SEACrowd/ViSoBERT
fresh_visobert_07786,Tự dưng thèm xôi cốm quá :)),0,0,0,0,0,0,neutral,other,train,SEACrowd/ViSoBERT
fresh_visobert_09109,Chúng mình gửi các bạn mã giảm k cho đơn tối thiểu 99k của Shopee nha 🏻,0,0,0,0,0,0,neutral,other,train,SEACrowd/ViSoBERT
fresh_visobert_06598,mình làm như vậy có được không bạn.chiếc nhẫn nam giá bao nhiêu,1,0,0,1,0,0,negative,sadness,train,SEACrowd/ViSoBERT
fresh_visobert_04428,cực kỳ chân chọng )),0,0,0,1,0,0,neutral,other,train,SEACrowd/ViSoBERT
fresh_visobert_04740,nhiu ăn hối lộ cức má khj hồi vốn ng ta dân làm ăn,0,0,0,0,0,0,neutral,other,train,SEACrowd/ViSoBERT
fresh_visobert_05660,nvậy sang chốn thiên đường đừng đòi hòi công lý nghiêm minh tự do ko ích,0,0,0,0,0,0,neutral,other,train,SEACrowd/ViSoBERT
fresh_visobert_00499,chửi linh cơ à tự trọng,0,0,0,0,0,0,neutral,other,train,SEACrowd/ViSoBERT
fresh_visobert_06967,Đạt Vũ kì sau tìm teammate lên rank a ưi,0,0,0,0,1,0,neutral,other,train,SEACrowd/ViSoBERT
fresh_visobert_01087,dân ngu cu cặc đen chết,1,0,0,0,0,1,negative,disgust,train,SEACrowd/ViSoBERT
fresh_visobert_00936,mời mèo cơm,0,0,0,0,0,0,neutral,enjoyment,train,SEACrowd/ViSoBERT
fresh_visobert_00801,vô sinh sinh đôi,0,0,0,0,0,0,neutral,sadness,train,SEACrowd/ViSoBERT
fresh_visobert_08477,Lê Khả Nhất fan cứng ghê,0,0,0,0,1,0,negative,disgust,train,SEACrowd/ViSoBERT
fresh_visobert_09419,47 cùng fom với 46 ko ạ,0,0,0,0,0,0,neutral,other,train,SEACrowd/ViSoBERT
fresh_visobert_11718,Muốn có người đưa đi ăn chè đến già 🥰😍,0,0,0,0,0,0,positive,enjoyment,train,SEACrowd/ViSoBERT
fresh_visobert_04762,ngang wall like avt dùm em 😢 🙆 ♀,0,0,0,0,1,0,negative,sadness,train,SEACrowd/ViSoBERT
fresh_visobert_07360,MỘT NỤ CƯỜI =10 than thuốc bổ.,0,0,0,0,0,0,neutral,other,train,SEACrowd/ViSoBERT
fresh_visobert_01043,mày cặc điên,1,0,0,0,0,1,neutral,disgust,train,SEACrowd/ViSoBERT
fresh_visobert_04340,vỹ an lạc quyền trưng dụng quy định pháp luật,0,0,0,0,0,0,neutral,other,train,SEACrowd/ViSoBERT
fresh_visobert_00906,tập đoàn dacosan cặc rước giặc,0,0,0,0,0,0,neutral,other,train,SEACrowd/ViSoBERT
fresh_visobert_05775,giám đốc apple cmt,0,0,0,0,1,0,neutral,sadness,train,SEACrowd/ViSoBERT
fresh_visobert_10253,Body đùi xuất dư bé trai 9kg dồn đơn,0,0,0,0,0,0,neutral,other,train,SEACrowd/ViSoBERT
fresh_visobert_09946,Hồi tối mới bắt liên lạc đc với nó. Mừng muốn sản. Tưởng chết trôi sông. Tưởng ko bao giờ còn nghe a thạch nói nữa. Ơn giời,0,0,0,0,0,0,neutral,other,train,SEACrowd/ViSoBERT
fresh_visobert_01649,púck tấu hài,1,0,0,1,0,1,neutral,disgust,train,SEACrowd/ViSoBERT
fresh_visobert_07281,Duyên SâuCiu e có biết sang năm 4 triệu đàn ông ế vk k. Em ế mấy năm rồi. Cố ế thêm vài tháng nữa thoii. . Đàn ông xếp hàng cho em lựa. Dùng bao nhiêu thì dùng,0,0,0,0,0,0,neutral,other,train,SEACrowd/ViSoBERT
fresh_visobert_02959,độ stream tarkov ))) hướng dẫn,0,0,0,0,1,0,neutral,other,train,SEACrowd/ViSoBERT
fresh_visobert_10061,R a mạnh có viết nhạc tặng khầy khum,0,0,0,0,0,0,neutral,other,train,SEACrowd/ViSoBERT
fresh_visobert_11775,Tốc độ phát triển của nền kinh tế tỉ lệ thuận với mức độ chêch lệch giàu nghèo,0,0,0,0,0,0,negative,disgust,train,SEACrowd/ViSoBERT
fresh_visobert_05061,tội ghê phẫu thuật chân,0,0,0,0,0,0,negative,disgust,train,SEACrowd/ViSoBERT
fresh_visobert_08940,"Theo dõi Instagram hay Fb thì đều thấy sau mỗi trận thắng hay thua thì Cr7 luôn đăng bài cổ vũ clb, nhưng có trong chăn mới biết chăn có rận, bài pv này chỉ là giọt nước tràn ly thôi, mọi sự chịu đựng chỉ có giới hạn 🙂",1,1,1,1,0,1,positive,enjoyment,train,SEACrowd/ViSoBERT
fresh_visobert_01400,thầy gê thiệt,0,0,0,0,0,0,positive,enjoyment,train,SEACrowd/ViSoBERT
fresh_visobert_05135,huy quang nguyễn chuẩn bị học,0,0,0,0,0,0,neutral,other,train,SEACrowd/ViSoBERT
fresh_visobert_00516,mỹ duyên dạ 😏,1,1,0,0,0,0,neutral,surprise,train,SEACrowd/ViSoBERT
fresh_visobert_00349,cổ động viên quảng ninh chất cổ động viên hải phòng,1,0,0,0,0,0,positive,enjoyment,train,SEACrowd/ViSoBERT
fresh_visobert_03899,thanh tuyền mấy,0,0,0,0,0,0,negative,fear,train,SEACrowd/ViSoBERT
fresh_visobert_00001,Năm nay mũ có lông ko e? Form to hay ôm,0,0,0,0,0,0,positive,enjoyment,train,SEACrowd/ViSoBERT
fresh_visobert_10824,Đỗ T. Phương Thảo Nguyễn T. Ánh Dương có đi ko,0,0,0,0,0,0,neutral,other,train,SEACrowd/ViSoBERT
fresh_visobert_09961,"Dạ thoại hay, rõ, duyên",0,0,0,0,0,0,positive,enjoyment,train,SEACrowd/ViSoBERT
fresh_visobert_10417,Trần Uyên chắc đang cày view 🥰,0,0,0,0,1,0,positive,enjoyment,train,SEACrowd/ViSoBERT
fresh_visobert_00619,ae cố gắng dịch nha chết chôn tập cặc thể chết cứt mỹ,0,0,0,0,0,0,neutral,other,train,SEACrowd/ViSoBERT
fresh_visobert_10050,Cũng đánh giống ngt mà hồi nguyên cái môi đỏ chét ko thấy ombre đâu,1,0,1,0,0,0,neutral,surprise,train,SEACrowd/ViSoBERT
fresh_visobert_09519,Đm vua phá lưới 🤧🤧🤧🤧,1,0,0,0,0,1,negative,anger,train,SEACrowd/ViSoBERT
fresh_visobert_11019,Lê Chiến lạo mò mô ra ri,0,0,0,0,0,0,neutral,other,train,SEACrowd/ViSoBERT
fresh_visobert_07619,Cuộc đời như lon,0,0,0,1,0,0,negative,fear,train,SEACrowd/ViSoBERT
fresh_visobert_03740,mày nhắm chị em hong kỳ dzậy mấy vàng đeo bánh tráng,0,0,0,0,0,0,neutral,other,train,SEACrowd/ViSoBERT
fresh_visobert_07142,Chào e gái xinh đẹp,0,0,0,0,0,0,positive,enjoyment,train,SEACrowd/ViSoBERT
fresh_visobert_00253,nguyễn trang mị,0,0,0,0,0,0,negative,disgust,train,SEACrowd/ViSoBERT
fresh_visobert_05864,Quá đỉnk chuỵ êu ưi <,0,0,0,0,0,0,positive,enjoyment,train,SEACrowd/ViSoBERT
fresh_visobert_06689,Nguyễn Thị Hồng Quỳnh chắc hơn k,0,0,0,0,0,0,negative,disgust,train,SEACrowd/ViSoBERT
fresh_visobert_09569,Gg map lỗi thì dùng map mồm hỏi đường,0,0,0,0,1,0,negative,sadness,train,SEACrowd/ViSoBERT
fresh_visobert_07876,Nghe thắc mắc đi anh ơiiiii,0,0,0,0,0,0,neutral,other,train,SEACrowd/ViSoBERT
fresh_visobert_04156,trần nhật hoài bit,0,0,0,0,0,0,negative,sadness,train,SEACrowd/ViSoBERT
fresh_visobert_00857,lẽ ra dân diễn tập chống khủng bố trung quốc lý,1,0,0,0,0,1,neutral,disgust,train,SEACrowd/ViSoBERT
fresh_visobert_06706,Giá cả ok.,0,0,0,0,1,0,positive,enjoyment,train,SEACrowd/ViSoBERT
fresh_visobert_03482,thầy tiền mua quần áo nha mấy đứa,0,0,0,0,0,0,neutral,other,train,SEACrowd/ViSoBERT
fresh_visobert_05266,mày ngu mày nhồi sọ cặc biển bờ tội,1,0,0,0,0,1,negative,disgust,train,SEACrowd/ViSoBERT
fresh_visobert_06750,Law Li cần giúp đỡ thì lên tiếng nhé,0,0,0,0,0,0,neutral,other,train,SEACrowd/ViSoBERT
fresh_visobert_07385,Áo croptop 20k,0,0,0,0,1,0,positive,other,train,SEACrowd/ViSoBERT
fresh_visobert_05402,nhung cặc hại bit bao nhiu,0,0,0,0,0,0,neutral,other,train,SEACrowd/ViSoBERT
fresh_visobert_00356,đặng thái hoàng châu dư âm,0,0,0,0,0,0,neutral,other,train,SEACrowd/ViSoBERT
fresh_visobert_01733,tình nghĩa anh em bền lâu,0,0,0,0,0,0,neutral,other,train,SEACrowd/ViSoBERT
fresh_visobert_01954,câu ad ngu chó cặc chống phá nửa mùa xàm le xàm lông xàm lá,1,0,0,0,0,1,negative,disgust,train,SEACrowd/ViSoBERT
fresh_visobert_03797,mọc trang cặc viẹt tân ag đkm bọn chó đẻ,0,0,0,0,0,0,neutral,other,train,SEACrowd/ViSoBERT
fresh_visobert_00219,cận thận ae,0,0,0,0,0,0,positive,enjoyment,train,SEACrowd/ViSoBERT
fresh_visobert_09209,C cho số roi e chốt cho c chua,0,0,0,0,0,0,neutral,other,train,SEACrowd/ViSoBERT
fresh_visobert_05842,Vậy chị bank để ở đâu,0,0,0,0,0,0,neutral,other,train,SEACrowd/ViSoBERT
fresh_visobert_04021,mina abe )),0,0,0,0,0,0,neutral,other,train,SEACrowd/ViSoBERT
fresh_visobert_05542,trí kiệt báo chính xác giám đăng,0,0,0,0,0,0,neutral,other,train,SEACrowd/ViSoBERT
fresh_visobert_00444,cap hơi war nha tui chương trình mấy mấy cặc suy nghĩ xin lỗi chương trình duyên cmt duyên dẹp im mồm xong thân,0,0,0,0,1,0,negative,sadness,train,SEACrowd/ViSoBERT
fresh_visobert_06279,Nói đến nhặt rác là mình lại nhớ đến bài Ta và nàng @@,1,0,0,0,0,1,negative,disgust,train,SEACrowd/ViSoBERT
fresh_visobert_05357,câu nói trần dần kg câu tứt diên đờ,0,0,0,0,0,0,neutral,other,train,SEACrowd/ViSoBERT
fresh_visobert_10973,Mấy e mà cái dì củng ghét thói quen của ctrai thì coi lại mình đã tốt đẹp hay ra dì chưa và kén như thế a tuyên bố ế tới già nhé :)),1,1,1,1,0,1,positive,enjoyment,train,SEACrowd/ViSoBERT
fresh_visobert_00169,xxx má video,0,0,0,0,1,0,neutral,other,train,SEACrowd/ViSoBERT
fresh_visobert_03773,đất nước tảng băng chìm loạn lạc ba mẹ quần quật kiếm tiền thuế phí xăng cặc vùn vụt lương con cái học bảo vệ thầy bạo hành lạm dụng td bị phát,0,0,0,0,0,0,neutral,other,train,SEACrowd/ViSoBERT
fresh_visobert_02775,xỉu hả 😳 😳 😳 chả bù mấy dê nhào vô húp húp,1,1,0,1,0,0,neutral,surprise,train,SEACrowd/ViSoBERT
fresh_visobert_02424,toang cmnr top má lày )),1,0,0,1,1,0,negative,sadness,train,SEACrowd/ViSoBERT
fresh_visobert_04953,ngu má thoii so sánh )),1,0,0,0,0,1,negative,disgust,train,SEACrowd/ViSoBERT
fresh_visobert_08481,Mai có live đồ bé không e chon thêm,0,0,0,0,1,0,neutral,other,train,SEACrowd/ViSoBERT
fresh_visobert_11571,Tôi thích chs PUBGM vì tôi muốn làm quen vs bn PUBGM - 5,0,0,0,0,0,0,positive,enjoyment,train,SEACrowd/ViSoBERT
fresh_visobert_02469,bh ms dịch,0,0,0,0,0,0,negative,sadness,train,SEACrowd/ViSoBERT
fresh_visobert_00787,sự thật thp tiền anh minh ngồi tù oke thp tiền giám định chai,0,0,0,0,0,0,neutral,other,train,SEACrowd/ViSoBERT
fresh_visobert_01182,tội nghiệp 😭 😭 😭,0,0,0,0,0,0,negative,sadness,train,SEACrowd/ViSoBERT
fresh_visobert_08969,Cưới thôi rồi,0,0,0,0,0,0,positive,enjoyment,train,SEACrowd/ViSoBERT
fresh_visobert_01265,bữa bảo nhiễm phóng má xạ nằm viện,0,0,0,0,0,0,neutral,other,train,SEACrowd/ViSoBERT
fresh_visobert_02416,đoàn duy diện ké địa chỉ,0,0,0,0,0,0,neutral,other,train,SEACrowd/ViSoBERT
fresh_visobert_04846,cặc caiditmemay,0,0,0,0,0,0,negative,disgust,train,SEACrowd/ViSoBERT
fresh_visobert_04244,hạ hòa chỗ oét học,0,0,0,0,0,0,neutral,other,train,SEACrowd/ViSoBERT
fresh_visobert_03404,đéo vụ thắng kiện má án phí ngu,1,0,0,0,0,1,negative,anger,train,SEACrowd/ViSoBERT
fresh_visobert_11739,Đam mê và u mê nhân vật,0,0,0,0,0,0,positive,enjoyment,train,SEACrowd/ViSoBERT
fresh_visobert_07232,Gkxkdmydydidtisisjyskydykdodjdykskydyskystjskysykzjyzjgzitzjtzjyzkyzjgztjzkyxykxkyxntzkyxkyxkydkyxkyxkydhmflyflucluckyxykxykxykxkuxykxlucflucyocyoxylcylclucyoxocykclycoyxoyxo,0,0,0,0,0,0,neutral,enjoyment,train,SEACrowd/ViSoBERT
fresh_visobert_07622,Đẹp hem Hang Nghiem,0,0,0,0,0,0,positive,enjoyment,train,SEACrowd/ViSoBERT
fresh_visobert_07563,Cho mình hỏi áo tủ vải kt 5x4565 bn v shop,0,0,0,0,1,0,neutral,other,train,SEACrowd/ViSoBERT
fresh_visobert_06513,Có quan hệ được thì tinh trùng cũng đóng băng 🤣,0,0,0,0,0,0,neutral,enjoyment,train,SEACrowd/ViSoBERT
fresh_visobert_08387,"tốt, giao hàng nhanh, đặt ngày 19, ngày 20 giao. chất lượng được",1,0,0,0,0,0,positive,enjoyment,train,SEACrowd/ViSoBERT
fresh_visobert_02316,chào danh hài chần dần chúc mạnh khỏe tiên tri bà con việt nam ahi,0,0,0,0,0,0,neutral,other,train,SEACrowd/ViSoBERT
fresh_visobert_04231,database thiên địa,0,0,0,0,0,0,neutral,sadness,train,SEACrowd/ViSoBERT
fresh_visobert_09624,Em cằm rồi,0,0,0,0,0,0,neutral,other,train,SEACrowd/ViSoBERT
fresh_visobert_04530,chả máu cặc hóa văn loz cã = ] ],0,0,0,0,0,0,neutral,other,train,SEACrowd/ViSoBERT
fresh_visobert_08839,má cười ỉa luônn,1,0,0,0,0,1,negative,enjoyment,train,SEACrowd/ViSoBERT
fresh_visobert_10724,Co kính ss s7e ko vây,0,0,0,0,0,0,neutral,other,train,SEACrowd/ViSoBERT
fresh_visobert_01572,gia đình khánh sky tự hào lắm người nhà danh hài hot youtube,0,0,0,0,1,0,neutral,other,train,SEACrowd/ViSoBERT
fresh_visobert_00207,minh má mẫn vcl,1,0,0,0,0,1,negative,anger,train,SEACrowd/ViSoBERT
fresh_visobert_10366,CHÚNG TA PHẢI NỢ NẦN NHAU. NẾU KHÔNG TA BIẾT HOÀI NIỆM ĐIỀU GÌ.,0,0,0,0,0,0,neutral,other,train,SEACrowd/ViSoBERT
fresh_visobert_03658,đốt cực mạnh )),0,0,0,1,0,0,neutral,other,train,SEACrowd/ViSoBERT
fresh_visobert_07669,"Hoàng Xuân Tâm mắc cưòi quá haha , cmt này thật hài hước ??",1,0,0,0,0,0,neutral,enjoyment,train,SEACrowd/ViSoBERT
fresh_visobert_11107,Chúc mừng các Bác sĩ Bệnh viện TWQĐ 8 Thật tuyệt vời,0,0,0,0,0,0,positive,enjoyment,train,SEACrowd/ViSoBERT
fresh_visobert_05974,"Đúng mà, đó là hậu quả úng ngập, họ chỉ làm công tác thoát nước thôi chứ lụt là do bên qui hoạch ấy.",1,0,1,0,0,0,neutral,surprise,train,SEACrowd/ViSoBERT
fresh_visobert_04444,thầy tụi bay nè,0,0,0,0,0,0,neutral,other,train,SEACrowd/ViSoBERT
fresh_visobert_08499,"Sản phẩm y hình, shop đóng gói cẩn thận, giao hàng nhanh. Chưa sử dụng nên chưa đánh giá đc chất lượng sản phẩm",1,0,0,0,1,0,positive,enjoyment,train,SEACrowd/ViSoBERT
fresh_visobert_10847,S nghe no cuốn thế nhở,0,0,0,0,1,0,positive,enjoyment,train,SEACrowd/ViSoBERT
fresh_visobert_07754,Anh Thư dm cười đau tim chết mẹ lun,1,0,0,0,0,1,negative,anger,train,SEACrowd/ViSoBERT
fresh_visobert_06425,"Ad co hoc trong truong lop ra ko, sao ma vhui hay thế..👏👏👏👏",0,0,0,0,0,0,positive,enjoyment,train,SEACrowd/ViSoBERT
fresh_visobert_08060,Đào Trương ok mai mốt ko gọi m nua,0,0,0,0,1,0,neutral,other,train,SEACrowd/ViSoBERT
fresh_visobert_11669,Nhìn mặt con mèo cưng dễ sợ,0,0,0,0,0,0,negative,fear,train,SEACrowd/ViSoBERT
fresh_visobert_05712,mấy stt thâm cmn nho lày lày =)),1,0,0,0,0,0,neutral,other,train,SEACrowd/ViSoBERT
fresh_visobert_07981,"Ttp Thanh tôi quý bạn lắm, tháng này sn tôi :D",0,0,0,0,0,0,neutral,other,train,SEACrowd/ViSoBERT
fresh_visobert_01413,cố to hưu xung quanh )),0,0,0,0,0,0,neutral,other,train,SEACrowd/ViSoBERT
fresh_visobert_05336,haha xong hổng kkkk,1,0,0,0,0,0,neutral,enjoyment,train,SEACrowd/ViSoBERT
fresh_visobert_09719,Nguyen Van Chi .,0,0,0,0,0,0,neutral,other,train,SEACrowd/ViSoBERT
fresh_visobert_09594,Nguyễn Tân h hoá,0,0,0,0,0,0,neutral,other,train,SEACrowd/ViSoBERT
fresh_visobert_11885,Xong thời gian sau mũi nhọn của dư luận chỉa ngược lại những người đã lên tiếng bảo vệ cô chú và các con. Hy vọng vụ việc này không chìm nghỉm sau sự tẩy não của những con người vô nhân đạo này.,1,0,0,1,0,1,neutral,disgust,train,SEACrowd/ViSoBERT
fresh_visobert_11509,Cây thuốc Thau khem khao mà bảo dây rừng bác Minh ơii 🤣🤣,1,1,1,0,0,1,neutral,enjoyment,train,SEACrowd/ViSoBERT
fresh_visobert_04434,ngu uống lạ,1,0,0,0,0,1,negative,disgust,train,SEACrowd/ViSoBERT
fresh_visobert_01473,khăn gió ấm 🤣 🤣 🙄,0,0,0,0,0,0,neutral,enjoyment,train,SEACrowd/ViSoBERT
fresh_visobert_01667,thầy vinh quang nghệ sĩ hài hước clm,1,0,0,0,0,1,neutral,anger,train,SEACrowd/ViSoBERT
fresh_visobert_03466,lão đại biểu đọc báo hơi mù thông tin má đường trẻ trâu đấm éo,1,0,0,0,0,1,neutral,disgust,train,SEACrowd/ViSoBERT
fresh_visobert_05891,Dù sao thì good luck,0,0,0,0,1,0,positive,enjoyment,train,SEACrowd/ViSoBERT
fresh_visobert_06435,bà chị này đóng vai badgirl hoặc trà xanh thì bánh cuốn cmnl,1,0,0,1,0,0,positive,enjoyment,train,SEACrowd/ViSoBERT
fresh_visobert_01899,ổg kia giốg quang ngọc trinh vlll ưi,0,0,0,0,0,0,neutral,other,train,SEACrowd/ViSoBERT
fresh_visobert_06779,Co sale do tam tre k c,0,0,0,0,1,0,neutral,other,train,SEACrowd/ViSoBERT
fresh_visobert_07724,M học t vs thu may,0,0,0,0,0,0,neutral,other,train,SEACrowd/ViSoBERT
fresh_visobert_03801,sela abe ))),0,0,0,0,0,0,neutral,enjoyment,train,SEACrowd/ViSoBERT
fresh_visobert_05610,hôi miệng vàng răng chảy máu chân răng cốt thảo dược hoàn tiền,0,0,0,0,0,0,negative,other,train,SEACrowd/ViSoBERT
fresh_visobert_06265,M đa nghi quá . Đã yêu là phải tin tưởng nhau chứ. Thay vì ngồi đó nghĩ ngợi vớ vẩn hãy đi shopping mua vài cái mũ rộng vành để che cái sừng trên đầu😑,0,0,0,0,0,0,positive,enjoyment,train,SEACrowd/ViSoBERT
fresh_visobert_01458,tuân nguyễn no má lai cay vl,0,0,0,1,1,0,neutral,surprise,train,SEACrowd/ViSoBERT
fresh_visobert_01700,im cặc mồm xl quen mồm,0,0,0,0,0,0,neutral,other,train,SEACrowd/ViSoBERT
fresh_visobert_02015,thầy sena petlan bố già kalista thua mấy,0,0,0,0,0,0,neutral,other,train,SEACrowd/ViSoBERT
fresh_visobert_09151,Buồn ngủ mà cũng đẹp nữa kk,1,1,1,0,0,1,neutral,enjoyment,train,SEACrowd/ViSoBERT
fresh_visobert_10717,Toàn mua trà sữa 5k :))),1,0,0,0,0,0,neutral,other,train,SEACrowd/ViSoBERT
fresh_visobert_10027,Chưa j hết e đã bỏ a đi,0,0,0,0,0,0,neutral,other,train,SEACrowd/ViSoBERT
fresh_visobert_05313,bùi cao minh toang,1,0,0,1,0,0,negative,sadness,train,SEACrowd/ViSoBERT
fresh_visobert_10099,"Giai thương: viên kim cương 7 ly Made Hand,Le Nhi,Thien Ly Phan",0,0,0,0,0,0,positive,sadness,train,SEACrowd/ViSoBERT
fresh_visobert_10346,• DÀNH CHO NHÀ TUYỂN DỤNG VÀ NGƯỜI TÌM VIỆC: BẠN ĐÃ TUYỂN DỤNG THÀNH CÔNG VÀ TÌM ĐƯỢC VIỆC LÀM TRONG NHÓM CHƯA ?,0,0,0,0,0,0,neutral,other,train,SEACrowd/ViSoBERT
fresh_visobert_08534,Tuyệt vời. Phải tiền tươi nhận nóng dị mới đc chớ toàn nói suông k thì còn cái nịt,0,0,0,0,0,0,positive,enjoyment,train,SEACrowd/ViSoBERT
fresh_visobert_02224,khổ tao suốt,0,0,0,0,0,0,negative,sadness,train,SEACrowd/ViSoBERT
fresh_visobert_10583,Sơn Phạm tức xanh người 😡😡,0,0,0,0,0,0,negative,anger,train,SEACrowd/ViSoBERT
fresh_visobert_09584,Đỗ Duy Tân Ăn ăn,0,0,0,0,0,0,neutral,other,train,SEACrowd/ViSoBERT
fresh_visobert_11532,Trịnh Hoài Bảo Long Trừ nấu ăn ra việc nhà những thứ khác có thể họccc + ăn ngủ chơi chẳng hạn 😙,0,0,0,0,0,0,neutral,other,train,SEACrowd/ViSoBERT
fresh_visobert_00156,vinh yasbaga tối cao,0,0,0,0,1,0,positive,enjoyment,train,SEACrowd/ViSoBERT
fresh_visobert_07565,E chia sẻ mà nó ko hiện,1,0,1,0,0,1,neutral,disgust,train,SEACrowd/ViSoBERT
fresh_visobert_08303,Mình thấy sim trên iPhone xài bình thường chứ có gì mà nhiều người kêu ngu kêu dốt ghê vậy nhỉ?,1,1,1,0,0,1,negative,disgust,train,SEACrowd/ViSoBERT
fresh_visobert_00181,cai miệng má sợ hậu quả,0,0,0,0,0,0,negative,fear,train,SEACrowd/ViSoBERT
fresh_visobert_02743,sự thật sợ đằng rap mixi gaming =))),0,0,0,0,1,0,negative,fear,train,SEACrowd/ViSoBERT
fresh_visobert_10077,Hùng Kè bố hnay về bế e nhê,0,0,0,0,0,0,neutral,other,train,SEACrowd/ViSoBERT
fresh_visobert_04745,trần thư hồi diễn đấy beat gẩy mãi dc )),1,0,0,0,1,1,neutral,disgust,train,SEACrowd/ViSoBERT
fresh_visobert_00385,đỉnh nữ tướng khâm phục giá như việt nam lãnh đạo thay ntkn đất nước,1,0,0,1,0,0,positive,enjoyment,train,SEACrowd/ViSoBERT
fresh_visobert_06664,Brazil - Vô ThườnG Nguyễn Văn Hoài,0,0,0,0,0,0,neutral,other,train,SEACrowd/ViSoBERT
fresh_visobert_07172,Thanh Thảo Ngọc Lê Thy Anh NhưÝ Huỳnh hảoo,0,0,0,0,0,0,neutral,other,train,SEACrowd/ViSoBERT
fresh_visobert_05143,ngô thư tao mong lên đường mùa,0,0,0,0,0,0,neutral,other,train,SEACrowd/ViSoBERT
fresh_visobert_00804,vn đề nghị dai lon tướt quất tịch trực dai lon vn sử,0,0,0,0,0,0,neutral,other,train,SEACrowd/ViSoBERT
fresh_visobert_05148,mặc quần đùi kéo khóa thành style hot ))) bựa vãi,0,0,0,1,1,0,neutral,surprise,train,SEACrowd/ViSoBERT
fresh_visobert_11395,"Châu Á không chơi, chơi Châu âu thôi",0,0,0,0,0,0,neutral,other,train,SEACrowd/ViSoBERT
fresh_visobert_03945,dit me cai quy trinh vao cap cuu deo cặc co tien deo bao hiem thi nam di,0,0,0,0,1,0,neutral,other,train,SEACrowd/ViSoBERT
fresh_visobert_10040,Dò trúng điểm G long mạch phun như thác,0,0,0,0,0,0,neutral,other,train,SEACrowd/ViSoBERT
fresh_visobert_01762,lâm khánh chi minh hiếu hơi khớp,0,0,0,0,0,0,neutral,other,train,SEACrowd/ViSoBERT
fresh_visobert_09094,"cổ may hơi lỗi, ổn trong tầm giá",0,0,0,0,0,0,negative,sadness,train,SEACrowd/ViSoBERT
fresh_visobert_08294,nhiều lúc tủi thân vãi_chưởng huhu,0,0,0,0,0,0,neutral,other,train,SEACrowd/ViSoBERT
fresh_visobert_08408,"Hỗ trợ tốt, sản phẩm tuyệt vời",0,0,0,0,0,0,positive,enjoyment,train,SEACrowd/ViSoBERT
fresh_visobert_09985,Bệnh nền nhiều quá :)),1,0,0,0,0,0,neutral,other,train,SEACrowd/ViSoBERT
fresh_visobert_07457,Gặp biển này bán xe là cách tốt nhất khỏi lo lắng khi chạy xe,0,0,0,0,0,0,neutral,fear,train,SEACrowd/ViSoBERT
fresh_visobert_03393,áp dụng phương tiện kiểm soát dừng xe kiểm soát trực tiếp phát hiện thông qua phương tiện thiết bị kỹ thuật nghiệp vụ phát hiện ghi nhận hành vi vi phạm pháp luật giao thông đường bộ,0,0,0,0,0,0,neutral,other,train,SEACrowd/ViSoBERT
fresh_visobert_05133,đếm tiền chạy nước ngoài chốn dịch,0,0,0,0,0,0,neutral,other,train,SEACrowd/ViSoBERT
fresh_visobert_11135,7 ông sáng sao,1,0,0,0,0,1,negative,disgust,train,SEACrowd/ViSoBERT
fresh_visobert_11674,Mới sem đầu thôi mà :))),1,1,1,0,0,1,neutral,disgust,train,SEACrowd/ViSoBERT
fresh_visobert_00291,hát jui giới thiệu đc lâu jui chẳng hát,0,0,0,0,0,0,neutral,other,train,SEACrowd/ViSoBERT
fresh_visobert_04998,bao yêu đương chi nặng đầu,0,0,0,0,0,0,positive,enjoyment,train,SEACrowd/ViSoBERT
fresh_visobert_08100,phần nhạc trên thiết bị và quét nhạc không quét hết những file mp3 có trong máy... thật tệ vì điều này... nó làm tôi không thể nghe được những bài nhạc đã tải trước đó hoặc tải từ thiết bị khác vào máy mặc dù chúng đã nằm cùng file với cái bài hát tải xuống từ zing về..,0,0,0,0,0,1,negative,disgust,train,SEACrowd/ViSoBERT
fresh_visobert_10814,Yorn ))) số,0,0,0,0,0,0,neutral,other,train,SEACrowd/ViSoBERT
fresh_visobert_06806,Chelsea không bo đông nao con thu vê trăm mây cu sao không nhăc đên,0,0,0,0,0,1,neutral,disgust,train,SEACrowd/ViSoBERT
fresh_visobert_02414,sợ bay màu )),1,0,0,1,0,0,negative,fear,train,SEACrowd/ViSoBERT
fresh_visobert_05761,nguyễn sơn tđn ghét thầy tút cu cmt )))),0,0,0,0,0,0,negative,sadness,train,SEACrowd/ViSoBERT
fresh_visobert_05217,itali london cách ly đỡ ngột ngạt )),0,0,0,0,0,0,neutral,other,train,SEACrowd/ViSoBERT
fresh_visobert_09667,Mk thấy hơi quá r ấy,0,0,0,0,0,0,neutral,other,train,SEACrowd/ViSoBERT
fresh_visobert_07231,S đen lấy Vy,0,0,0,0,0,0,neutral,other,train,SEACrowd/ViSoBERT
fresh_visobert_00017,Bắt đầu mê a tóc dài từ đây kkk,0,0,0,0,0,0,positive,enjoyment,train,SEACrowd/ViSoBERT
fresh_visobert_07865,"Nước ngập sau mưa bão cũng tăng mạnh ko kém. Nên ngày mai, các hãng cũng như tiệm sửa xe khách sẽ tăng nha.",0,0,0,0,0,0,negative,sadness,train,SEACrowd/ViSoBERT
fresh_visobert_08932,Trần Ngọc Huyền Linh bé yêu chiều vui vẻ nha,0,0,0,0,0,0,positive,enjoyment,train,SEACrowd/ViSoBERT
fresh_visobert_07201,Cũng soạn câu chúc nhưng lại k send dc đi😵💫😵💫,1,0,1,0,0,0,neutral,surprise,train,SEACrowd/ViSoBERT
fresh_visobert_03189,đẹp lắm chi,0,0,0,0,0,0,positive,enjoyment,train,SEACrowd/ViSoBERT
fresh_visobert_04037,cười lộn ruột vĩnh thiên kim ca,0,0,0,0,0,0,neutral,other,train,SEACrowd/ViSoBERT
fresh_visobert_07788,Sợ nó nói với đám bạn của nó và mình trở thành trò hề cho chúng nó :)),1,1,0,1,0,1,negative,fear,train,SEACrowd/ViSoBERT
fresh_visobert_02040,xóa kênh rì viu,0,0,0,0,1,0,negative,sadness,train,SEACrowd/ViSoBERT
fresh_visobert_10068,"túi càng nhiều bút là mình thấy không tin tưởng lắm rồi, vì nhiều đồng nghiệp sẽ phải đi kiếm bút lắm đó",1,0,1,0,0,0,neutral,surprise,train,SEACrowd/ViSoBERT
fresh_visobert_02885,chán ông già vãi tiền donate đem nạp game kẹo mẹ trang mua hic,0,0,0,1,1,1,negative,disgust,train,SEACrowd/ViSoBERT
fresh_visobert_06259,"Thí sinh bị loại đầu tiên cũng là thí sinh thành công nhất trong mùa giải đó . Nhìn hình ảnh này không biết team sang có suy nghĩ như thế nào ? Chị Tyhd có còn phát ngôn "" Mấy bạn sang nước ngoài cũng chẳng có gì nổi bật ở bên đó cả "" .",1,0,0,1,1,1,neutral,disgust,train,SEACrowd/ViSoBERT
fresh_visobert_06958,"Giao hàng nhanh k mất phí, thanh toán bằng ứng dụng nên đc trừ thêm tiền. Máy chạy êm. Nồi thích hợp ăn gia đình 3-4 người. Màu tối ko bị bẩn, phần lớp chống dính ok, chắc chắn. Khi đang nướng rút khay ra điện tự ngắt. Ko cần lật. Tiền nào của nấy, ok.",0,0,0,0,1,0,positive,enjoyment,train,SEACrowd/ViSoBERT
fresh_visobert_01169,tưởng anh em sinh,0,0,0,0,0,0,positive,sadness,train,SEACrowd/ViSoBERT
fresh_visobert_00159,cảnh sát chính tả comingg nè )),0,0,0,0,0,0,neutral,other,train,SEACrowd/ViSoBERT
fresh_visobert_03499,thầy bói 🙃 🙃 🙃,1,1,0,0,0,0,neutral,surprise,train,SEACrowd/ViSoBERT
fresh_visobert_06365,"Bỉm rẻ, xài ok, nói chung tiền nào của đó",0,0,0,0,1,0,positive,enjoyment,train,SEACrowd/ViSoBERT
fresh_visobert_04676,tí đồ mừng,0,0,0,0,0,0,neutral,other,train,SEACrowd/ViSoBERT
fresh_visobert_06377,Nghe có vẻ hợp lí hi hi@@ cười ỉa hi hi@@,1,0,0,0,0,1,neutral,disgust,train,SEACrowd/ViSoBERT
fresh_visobert_11861,Ác mộng bay hết đi,0,0,0,0,0,0,negative,sadness,train,SEACrowd/ViSoBERT
fresh_visobert_04942,đụ mẹ cặc be,0,0,0,0,0,0,negative,disgust,train,SEACrowd/ViSoBERT
fresh_visobert_06013,"Có ai bị bắt cóc, bỏ bùa, bỏ thuốc mê sang đó ko ạ. Ko nhẹ dạ cả tin, nhưng sợ bản thân bị hại",1,1,1,0,0,0,neutral,fear,train,SEACrowd/ViSoBERT
fresh_visobert_10621,Duyên Mỹ Kh sợ =)),0,0,0,0,0,0,negative,fear,train,SEACrowd/ViSoBERT
fresh_visobert_00057,Mình không biếc nghành nào nhiều gái đẹp nhma mình học DM á =))),1,1,0,0,0,1,neutral,anger,train,SEACrowd/ViSoBERT
fresh_visobert_02275,võ minh hiếu vid,0,0,0,0,0,0,neutral,enjoyment,train,SEACrowd/ViSoBERT
fresh_visobert_05156,mấy đứa đừng khen thầy nha thầy,0,0,0,0,0,0,neutral,other,train,SEACrowd/ViSoBERT
fresh_visobert_05578,chui linh ca loc nao,0,0,0,0,1,0,negative,fear,train,SEACrowd/ViSoBERT
fresh_visobert_09990,per nhớ lại vẫn còn tức á cái lol mẹ,0,0,0,0,1,0,negative,anger,train,SEACrowd/ViSoBERT
fresh_visobert_10808,Chuẩn bị lên lịch thôi.,0,0,0,0,0,0,positive,enjoyment,train,SEACrowd/ViSoBERT
fresh_visobert_02771,nhàn lê bài dc lắm,0,0,0,0,0,0,negative,sadness,train,SEACrowd/ViSoBERT
fresh_visobert_04644,nguyen mày xen vô chi,0,0,0,0,0,0,neutral,other,train,SEACrowd/ViSoBERT
fresh_visobert_11286,Khoa Ta bên hàn 1 người lây cho biết bn người kìa bn 10 người đã là j,0,0,0,0,0,0,neutral,other,train,SEACrowd/ViSoBERT
fresh_visobert_02635,từ thiện giúp dùm giúp gọi điện thoại điện thoại 94 9 4 khuyết tật khổ thuốc nam từ thiện,0,0,0,0,0,0,neutral,other,train,SEACrowd/ViSoBERT
fresh_visobert_06912,Thảo Vânn Lê tau đăng kí cả kênh youtube này ấ :)))),1,0,0,0,1,0,neutral,other,train,SEACrowd/ViSoBERT
fresh_visobert_08227,Bộ này tay giá nhiều hả shop,1,1,0,0,1,0,neutral,surprise,train,SEACrowd/ViSoBERT
fresh_visobert_06990,dạ ok b nha,0,0,0,0,1,0,neutral,other,train,SEACrowd/ViSoBERT
fresh_visobert_07227,Minh Nhật vào học hỏi nè. Nhận bằng phải gây ấn tượng mới để đời.,0,0,0,0,0,0,neutral,other,train,SEACrowd/ViSoBERT
fresh_visobert_04084,ae đô nết mua hack clear map nháp hoài lày thi toang,1,0,0,1,1,0,negative,sadness,train,SEACrowd/ViSoBERT
fresh_visobert_00547,thầy giáo lu vcl giáo lu =))),1,1,0,0,0,1,negative,anger,train,SEACrowd/ViSoBERT
fresh_visobert_05546,thắc mắc hơi buồn cười bộ y tế cải thiện thu nhập,1,0,0,0,0,1,negative,sadness,train,SEACrowd/ViSoBERT
fresh_visobert_09203,Ma 5 57ky cao m6 dt 9545677,0,0,0,0,0,0,neutral,other,train,SEACrowd/ViSoBERT
fresh_visobert_06577,"hộp nguyên seal, không tai nghe, không ốp lưng dẻo, chỉ có máy + sạc + sách + que chọc sim. đang xài ổn cửa hàng đăng ký bảo hành điện tử dùm nha, 2 máy luôn, một màu xanh, một màu đen.",0,0,0,0,0,0,neutral,other,train,SEACrowd/ViSoBERT
fresh_visobert_05311,tư tưởng tiến bộ cặc que,0,0,0,0,0,0,neutral,other,train,SEACrowd/ViSoBERT
fresh_visobert_11096,Nghe đi chị ngày mai đi hongkong,0,0,0,0,0,0,neutral,other,train,SEACrowd/ViSoBERT
fresh_visobert_11062,thôi đủ rồi ạ,0,0,0,0,0,0,positive,sadness,train,SEACrowd/ViSoBERT
fresh_visobert_04674,chụp ảnh dám trốn,0,0,0,0,0,0,negative,sadness,train,SEACrowd/ViSoBERT
fresh_visobert_08614,:)) dậy 5h nằm tới 6h45 mới mò dậy,1,0,0,0,0,0,neutral,other,train,SEACrowd/ViSoBERT
fresh_visobert_06169,Anh Kiet Phan t dẫn lúc h nayyf :))),1,1,0,0,0,1,neutral,disgust,train,SEACrowd/ViSoBERT
fresh_visobert_01975,minh hiếu cặt linh cá lóc lồn cặc đua bay loạn luan di kiếm đứa nuoi,0,0,0,0,0,0,neutral,other,train,SEACrowd/ViSoBERT
fresh_visobert_08172,ai bị tăng cân hok kiểm soát như z mới thấy tự ti cỡ nào. chưa kể có mấy b thân iu cứ thấy là body shaming nữa : ),0,0,0,0,0,0,neutral,other,train,SEACrowd/ViSoBERT
fresh_visobert_10257,mấy ai chứng minh được điều đó 😍,0,0,0,0,0,0,positive,enjoyment,train,SEACrowd/ViSoBERT
fresh_visobert_05915,"Khi dán lên màn hình không bị gãy, thao tác dễ dàng, shop đóng gói hàng kỹ lưỡng, giao hàng nhanh, mua đúng giá sale nên rất đáng đồng tiền bát gạo nha mọi người!",0,0,0,0,1,1,positive,disgust,train,SEACrowd/ViSoBERT
fresh_visobert_03342,tui bệnh nhân lo lắng,0,0,0,0,0,0,negative,fear,train,SEACrowd/ViSoBERT
fresh_visobert_09775,Cứ cho là toy nhầm đi ha,0,0,0,0,0,0,neutral,other,train,SEACrowd/ViSoBERT
fresh_visobert_04794,mặc vest ngầu dã man,0,0,0,0,0,0,neutral,other,train,SEACrowd/ViSoBERT
fresh_visobert_04483,nghi nguyen vn sống,0,0,0,0,0,0,neutral,other,train,SEACrowd/ViSoBERT
fresh_visobert_06670,"đến giờ , em vẫn đang đợi anh , người sẽ đúng và thời điểm sẽ đúng",0,0,0,0,0,0,neutral,other,train,SEACrowd/ViSoBERT
fresh_visobert_06278,"tuy là giao có chậm 1 vài ngày, nhưng do dịch và gần dịp tết nên không ý kiến ^^",1,0,1,0,0,0,neutral,surprise,train,SEACrowd/ViSoBERT
fresh_visobert_05819,gương mặt phúc hậu,0,0,0,0,0,0,positive,sadness,train,SEACrowd/ViSoBERT
fresh_visobert_02180,mik mik theo dõi mik hk pít con gái thiệt hả,1,1,0,0,0,0,neutral,surprise,train,SEACrowd/ViSoBERT
fresh_visobert_10951,Đồ này đc lên báo rồi,0,0,0,0,0,0,neutral,other,train,SEACrowd/ViSoBERT
fresh_visobert_05400,cười 😹 😹 de de de de,0,0,0,0,0,0,neutral,other,train,SEACrowd/ViSoBERT
fresh_visobert_11347,Ngồi nghe mấy con hot g pr xong dùng vớ va vớ vẩn. Ham rẻ🤣,1,1,0,0,1,1,neutral,enjoyment,train,SEACrowd/ViSoBERT
fresh_visobert_03382,cc má )) vl,0,0,0,1,0,0,negative,surprise,train,SEACrowd/ViSoBERT
fresh_visobert_01363,nút bạc đừng lo aba,0,0,0,0,0,0,negative,fear,train,SEACrowd/ViSoBERT
fresh_visobert_05959,Phũ nhưng thẳng như thế lại tốt 😂,1,1,1,1,0,1,positive,enjoyment,train,SEACrowd/ViSoBERT
fresh_visobert_00008,E o que nen k xem chj hat dc chỉ xem qua tivi thoi chj goj ten e đj chj,0,0,0,0,0,0,neutral,other,train,SEACrowd/ViSoBERT
fresh_visobert_06758,Bữa ngủ quên hên thầy giáo cũng ngủ quên =))),1,0,0,0,0,0,neutral,other,train,SEACrowd/ViSoBERT
fresh_visobert_01402,cháu diêm vương,0,0,0,0,0,0,neutral,sadness,train,SEACrowd/ViSoBERT
fresh_visobert_05321,khởi động mai tung tấu hài =)),1,1,0,1,0,1,neutral,enjoyment,train,SEACrowd/ViSoBERT
fresh_visobert_05277,áo tùng sói nổi,0,0,0,0,0,0,positive,enjoyment,train,SEACrowd/ViSoBERT
fresh_visobert_08157,M nên làm iron man rồi endgame đi,0,0,0,0,0,0,neutral,other,train,SEACrowd/ViSoBERT
fresh_visobert_02115,ctrinh dau tien cua come out ma minh thich co mh ghê,0,0,0,0,0,0,negative,disgust,train,SEACrowd/ViSoBERT
fresh_visobert_01842,hiệp sai chú ta đấy,0,0,0,0,0,0,neutral,disgust,train,SEACrowd/ViSoBERT
fresh_visobert_08698,Đang chuỗi đánh con nào chắc tay,0,0,0,0,0,0,neutral,other,train,SEACrowd/ViSoBERT
fresh_visobert_00240,trung giả kim 😂,0,0,0,0,0,0,positive,enjoyment,train,SEACrowd/ViSoBERT
fresh_visobert_04919,haizzz nhung trách tình hình việt nam tiếp nhận bệnh nhân nước ngoài,0,0,0,0,0,0,neutral,other,train,SEACrowd/ViSoBERT
fresh_visobert_11438,Đéo tin.chả nhẽ nó để lộ liễu như thế này á hả,1,1,0,1,0,1,negative,anger,train,SEACrowd/ViSoBERT
fresh_visobert_08479,Ngon vl xin đừng chê nhạt 😡,0,0,0,1,0,0,negative,anger,train,SEACrowd/ViSoBERT
fresh_visobert_04900,cụ tám dần đợt râu tóc bạc trắng kia,0,0,0,0,0,0,neutral,other,train,SEACrowd/ViSoBERT
fresh_visobert_02857,sống chậm mấy má,0,0,0,0,0,0,negative,sadness,train,SEACrowd/ViSoBERT
fresh_visobert_06202,"Thỏ mà bỏ gấu, chơi với Mỡ thì sao ta?",1,0,1,0,0,0,neutral,surprise,train,SEACrowd/ViSoBERT
fresh_visobert_03218,chúng nó đéo cặc sống sống chậm,0,0,0,0,0,0,negative,anger,train,SEACrowd/ViSoBERT
fresh_visobert_04366,tụi nạp tiền ghê đú top nổi,0,0,0,0,1,0,negative,disgust,train,SEACrowd/ViSoBERT
fresh_visobert_02509,đoàn sơn đợi bữa,0,0,0,0,0,0,positive,other,train,SEACrowd/ViSoBERT
fresh_visobert_03614,hôm qua đám xong,0,0,0,1,0,0,negative,fear,train,SEACrowd/ViSoBERT
fresh_visobert_09357,Dù lương bổng thực tập hiện tại tầm 5mil/ tháng nhưng cũng cover được phần nào đó.,1,0,1,0,1,0,neutral,surprise,train,SEACrowd/ViSoBERT
fresh_visobert_11390,"dùng cây bút để zít hai ng, bởi vì toi là chôn quít",0,0,0,0,0,0,neutral,other,train,SEACrowd/ViSoBERT
fresh_visobert_09766,Lương Bằng k hỉu s muốn tag m ghê luôn đó =)))),0,0,0,0,0,0,neutral,disgust,train,SEACrowd/ViSoBERT
fresh_visobert_00867,tiên tri vủ trụ trần dần cặc chó quá trời ta,0,0,0,0,0,0,neutral,other,train,SEACrowd/ViSoBERT
fresh_visobert_00968,kênh thầy vô sud,0,0,0,0,0,0,negative,other,train,SEACrowd/ViSoBERT
fresh_visobert_01652,cầu chúa che trở quốc sư trần dần mãi chúng con mô phật,0,0,0,0,0,0,neutral,other,train,SEACrowd/ViSoBERT
fresh_visobert_03900,khóc má cak )),0,0,0,0,0,0,neutral,sadness,train,SEACrowd/ViSoBERT
fresh_visobert_05364,khịa vãi má,0,0,0,1,0,0,negative,surprise,train,SEACrowd/ViSoBERT
fresh_visobert_09328,Tôi cx là ng Nam Định nên tôi thấu hiểu điều này,0,0,0,0,0,0,neutral,other,train,SEACrowd/ViSoBERT
fresh_visobert_11576,- Vòng - I Innovate ( - /8/9): Thuyết trình và phản biện trực tiếp.,0,0,0,0,0,0,neutral,other,train,SEACrowd/ViSoBERT
fresh_visobert_05577,hau nguyen,0,0,0,0,0,0,neutral,other,train,SEACrowd/ViSoBERT
fresh_visobert_02561,ghé fb váy đồng giá 95,0,0,0,0,0,0,neutral,other,train,SEACrowd/ViSoBERT
fresh_visobert_10326,Kích cỡ: vui lòng chọn theo số đo,0,0,0,0,0,0,positive,enjoyment,train,SEACrowd/ViSoBERT
fresh_visobert_01262,bằng chứng miền bắc chiếm giùm cặc việt tân,0,0,0,0,0,0,neutral,other,train,SEACrowd/ViSoBERT
fresh_visobert_10617,"Trộm vía cuộc đời đi bus tui gặp nhiều người tử tế, hoặc ít nhất là, tử tế với tui ❤ Có vài lần ngồi nghe chú tài xế với chú phụ xe nói chuyện vs nhau trên xe còn thấy họ dễ thương nữa. Trộm nhiều vía",0,0,0,0,0,0,positive,enjoyment,train,SEACrowd/ViSoBERT
fresh_visobert_01174,iphone cảm hứng tộc trưởng,0,0,0,0,0,0,neutral,other,train,SEACrowd/ViSoBERT
fresh_visobert_02687,mì tôm alaska nghèo,0,0,0,0,0,0,negative,sadness,train,SEACrowd/ViSoBERT
fresh_visobert_02109,oi linh dai loan no co nhô lông dai cua chua ma lai xi gon kiêm no nua lam nhu co vang lây deo hêt vây dzom giông vang gia nhin den thui lui ha nêu la vang thiêt thi no se loe ah oi noi ne quên cai linh dai loan di no noi bon csvn an cut cua no nêu ma no ngung goi tiên usd ve cặc chu no co noi an cut cua no co biet miên tây bây gio bi nuoc man va khô han khong ne bon trung quôc no ngan dong chây cua sông me kông rôi dân mien se chet doi het chui thang trung quoc dum di dzam chui khong ne bn trung công no den nha no nhô sach lông dai cua nha,0,0,0,0,1,0,neutral,other,train,SEACrowd/ViSoBERT
fresh_visobert_04945,việt nam nông nghiệp cặc nuôi triệu bò đỏ,0,0,0,0,0,0,neutral,other,train,SEACrowd/ViSoBERT
fresh_visobert_03914,tram nguyen ũa ia chây chét mấy )))),0,0,0,0,0,0,neutral,other,train,SEACrowd/ViSoBERT
fresh_visobert_05406,đm chúng nó má sáng chế toàn nông dân,1,0,0,0,0,1,negative,anger,train,SEACrowd/ViSoBERT
fresh_visobert_09399,chủ tịch giả ngu và cái kết 😁😁,1,0,0,0,0,1,neutral,enjoyment,train,SEACrowd/ViSoBERT
fresh_visobert_09824,"Sp chắc chắn, đóng gói ok, đã sử dụng thấy rất hài lòng.",0,0,0,0,1,0,positive,enjoyment,train,SEACrowd/ViSoBERT
fresh_visobert_05140,arsenal hắt hơi ngoại hạng chao đảo,0,0,0,0,0,0,neutral,other,train,SEACrowd/ViSoBERT
fresh_visobert_08590,Mãi mãi yêu thương và ủng hộ Trấn Thành,0,0,0,0,0,0,positive,enjoyment,train,SEACrowd/ViSoBERT
fresh_visobert_05639,vh fg vo cặc van hoa vo hoc,0,0,0,0,0,0,neutral,other,train,SEACrowd/ViSoBERT
fresh_visobert_05780,đẹp zai chip,0,0,0,0,0,0,positive,enjoyment,train,SEACrowd/ViSoBERT
fresh_visobert_08454,Má mình thì đang đứng chơi chơi cái hỏi: ủa chớ không quen ai hết hả con,1,1,0,0,0,1,neutral,surprise,train,SEACrowd/ViSoBERT
fresh_visobert_06446,Tìm anh zai trả tiền trà đào hailen hộ em ở IPH Xuân Thuỷ năm 😑 chưa kịp xin inf để trả tiền anh chạy đi mất,0,0,0,0,0,0,neutral,other,train,SEACrowd/ViSoBERT
fresh_visobert_05878,Tệ nạng ngày càng nặng,0,0,0,0,0,0,negative,sadness,train,SEACrowd/ViSoBERT
fresh_visobert_01694,óc ad dc cấu tạo cức cặc động vật ngta chửi ngu cức,1,0,0,0,0,1,negative,disgust,train,SEACrowd/ViSoBERT
fresh_visobert_08385,Hâh têm chị sẽ chết với em,0,0,0,0,0,0,neutral,other,train,SEACrowd/ViSoBERT
fresh_visobert_03165,mua chai gucci tr đỗ bn mua chai 8 giả 8 tặng giàu mik mua lã thơm phòng máy lạnh mày mik máy lạnh thơm tiền để dành tiền mua chai lẹ đỡ tiền,0,0,0,0,0,0,neutral,other,train,SEACrowd/ViSoBERT
fresh_visobert_10224,check tin nhan bn nhé,0,0,0,0,1,0,neutral,other,train,SEACrowd/ViSoBERT
fresh_visobert_04472,cực kì thất nghiệp,0,0,0,1,0,0,neutral,other,train,SEACrowd/ViSoBERT
fresh_visobert_10172,Như con hươu phải khỏe không. Có ai thấy mặt dell đâu khỏi trang điểm,1,0,0,1,0,1,neutral,disgust,train,SEACrowd/ViSoBERT
fresh_visobert_09820,Trần Phi Long lí do t ko đi fes :)),0,0,0,0,0,0,neutral,other,train,SEACrowd/ViSoBERT
fresh_visobert_02118,nước cốt ruồi kìa sang thanh uốg lắm,0,0,0,0,0,0,negative,sadness,train,SEACrowd/ViSoBERT
fresh_visobert_07246,Phim ma VN không khó hiểu thì cũng buồn ngủ :))),1,1,0,0,0,1,negative,sadness,train,SEACrowd/ViSoBERT
fresh_visobert_05180,chiều pick susan nha thầy <,0,0,0,0,0,0,neutral,other,train,SEACrowd/ViSoBERT
fresh_visobert_02361,clear hương bia tắm sạch hơi say,0,0,0,0,0,0,neutral,other,train,SEACrowd/ViSoBERT
fresh_visobert_02618,sô like đẹp rr mè,0,0,0,0,1,0,positive,enjoyment,train,SEACrowd/ViSoBERT
fresh_visobert_02132,nguyễn hữu minh mua đôi hàng fake mua bitis má real cmnr chất lượng ăn đứt hàng dởm,1,0,0,1,1,0,positive,enjoyment,train,SEACrowd/ViSoBERT
fresh_visobert_06503,Hat gi ma hay the ok,0,0,0,0,1,0,positive,enjoyment,train,SEACrowd/ViSoBERT
fresh_visobert_09289,art giả trân quá iem vừa khóc vừa cười:)),1,0,0,0,0,0,neutral,enjoyment,train,SEACrowd/ViSoBERT
fresh_visobert_00361,đumoe má nói leo,0,0,0,0,0,0,negative,other,train,SEACrowd/ViSoBERT
fresh_visobert_07476,Chỉ sợ cu ló ra,0,0,0,0,0,0,negative,fear,train,SEACrowd/ViSoBERT
fresh_visobert_03795,tộc trưởng quê gốc nam phi,1,0,0,0,0,1,neutral,disgust,train,SEACrowd/ViSoBERT
fresh_visobert_08168,Đn hội an nha :)),1,0,0,0,0,0,neutral,other,train,SEACrowd/ViSoBERT
fresh_visobert_08761,Hong kong là tấm gương sáng chói cho cả thế giới hiểu được giá trị của tự do phải đánh đổi bằng sự dũng cảm kiên trì và đoàn kết để từng bước giành thắng lợi ..,0,0,0,0,0,0,neutral,other,train,SEACrowd/ViSoBERT
fresh_visobert_10433,Em vô là like cmt vs share liền để đc fan cứng,0,0,0,0,1,0,neutral,other,train,SEACrowd/ViSoBERT
fresh_visobert_00864,nguyễn thành công thầy cố tình đỡ mất công biến đấy,0,0,0,0,0,0,neutral,other,train,SEACrowd/ViSoBERT
fresh_visobert_00145,bữa xin lỗi khóc tế om xòm cặc chửi bó tay hỗn,1,0,0,1,0,0,negative,sadness,train,SEACrowd/ViSoBERT
fresh_visobert_07255,Cậu ơi tớ còn nha 😄,0,0,0,0,0,0,positive,enjoyment,train,SEACrowd/ViSoBERT
fresh_visobert_06097,Mình giảm hơn kg trong tháng HN giãn cách xã hội này. Eatclean + vận động mỗi ngày là xuống cân vù vù mà người ngợm vẫn khoẻ mạnh,1,0,1,0,0,0,neutral,surprise,train,SEACrowd/ViSoBERT
fresh_visobert_09228,Thì liệu có được giải quyết thoả đoán như vậy ko? hay lại như những ng thấp cổ bé họng,1,0,0,1,0,0,positive,enjoyment,train,SEACrowd/ViSoBERT
fresh_visobert_00614,chất tiền đoán 7 xe 8 xe 9 xe tiền đoán chúc,1,0,0,0,0,0,positive,enjoyment,train,SEACrowd/ViSoBERT
fresh_visobert_03553,huỳnh ngân đẹp đấy,0,0,0,0,0,0,positive,enjoyment,train,SEACrowd/ViSoBERT
fresh_visobert_03694,vũ khắc hoàng tui chùm râu,0,0,0,0,0,0,neutral,other,train,SEACrowd/ViSoBERT
fresh_visobert_02087,tình hình dịch bh cta thả bảnh nhảy đuổi viruss vs thả huấn lm công tác tuyên truyền,0,0,0,0,0,0,neutral,other,train,SEACrowd/ViSoBERT
fresh_visobert_04534,goi người ta chui người ta người ta chui hue kkkk,0,0,0,0,0,0,neutral,other,train,SEACrowd/ViSoBERT
fresh_visobert_09968,Sp sd rất ổn,0,0,0,0,0,0,positive,enjoyment,train,SEACrowd/ViSoBERT
fresh_visobert_08582,Xemm trễ : (,0,0,0,0,0,0,neutral,other,train,SEACrowd/ViSoBERT
fresh_visobert_06150,Dùng màn hình thì để dưới cùng là hợp nhất. Vì có thể truy cập được nó ở cả màn hình.,0,0,0,0,0,0,neutral,other,train,SEACrowd/ViSoBERT
fresh_visobert_03369,gà trống cao bằng,1,0,0,0,0,1,neutral,disgust,train,SEACrowd/ViSoBERT
fresh_visobert_08546,Nhiều đang ế ối zồi ôi đây,0,0,0,0,0,0,neutral,other,train,SEACrowd/ViSoBERT
fresh_visobert_05896,vl cứ thấy cờ lạ lạ là bảo cờ phản động =)),1,1,0,1,0,1,neutral,disgust,train,SEACrowd/ViSoBERT
fresh_visobert_01027,reset tiền thưởng,0,0,0,0,0,0,negative,enjoyment,train,SEACrowd/ViSoBERT
fresh_visobert_08026,Hoang Long hnay vô nhịn đói nha cưng,0,0,0,0,0,0,neutral,other,train,SEACrowd/ViSoBERT
fresh_visobert_10188,Câu chuyện cảm lạnh nè thúi Giang Thach :))) ưng hay không ưng không cần nói nhiều 😆😆😆,1,1,0,0,0,1,positive,enjoyment,train,SEACrowd/ViSoBERT
fresh_visobert_00890,thưởng ngư,0,0,0,0,0,0,positive,sadness,train,SEACrowd/ViSoBERT
fresh_visobert_09781,S 75kg vừa khg Dương ơi,0,0,0,0,0,0,neutral,other,train,SEACrowd/ViSoBERT
fresh_visobert_11902,giá hiện tại là 75k bạn ạ,0,0,0,0,0,0,neutral,other,train,SEACrowd/ViSoBERT
fresh_visobert_05394,đợi kèo thơm chừ chối kkkk,0,0,0,0,0,0,neutral,other,train,SEACrowd/ViSoBERT
fresh_visobert_04960,trả lời chết chết àh sợ điếc sợ súng quan tài đổ lệ,0,0,0,0,0,0,negative,fear,train,SEACrowd/ViSoBERT
fresh_visobert_10081,Bánh bèo cũng chua ngoa lắm thôi,0,0,0,0,0,0,neutral,other,train,SEACrowd/ViSoBERT
fresh_visobert_11066,Học hành gì tầm này,0,0,0,0,0,0,neutral,other,train,SEACrowd/ViSoBERT
fresh_visobert_03107,chấp nhận add dới <,0,0,0,0,0,0,neutral,other,train,SEACrowd/ViSoBERT
fresh_visobert_02989,nhật an chữ bắt bẻ mm,0,0,0,0,0,0,neutral,other,train,SEACrowd/ViSoBERT
fresh_visobert_07639,chai lăn nữ 98..9 cây lăn quần áo 98..9,0,0,0,0,0,0,neutral,other,train,SEACrowd/ViSoBERT
fresh_visobert_06339,Chắc do dịch nên giao hàng lâu,0,0,0,0,0,0,neutral,other,train,SEACrowd/ViSoBERT
fresh_visobert_01566,giày trăm rưỡi sóp pe hơi xịn nha =)))),1,0,0,0,0,0,positive,enjoyment,train,SEACrowd/ViSoBERT
fresh_visobert_10376,... Xem thêm,0,0,0,0,1,0,neutral,sadness,train,SEACrowd/ViSoBERT
fresh_visobert_00914,nguyễn tài má koi ccc bn,0,0,0,0,0,0,neutral,other,train,SEACrowd/ViSoBERT
fresh_visobert_03761,phe nguyễn phú trọng compat cặc tổng nguyễn tấn dũng =)),1,0,0,0,0,0,neutral,other,train,SEACrowd/ViSoBERT
fresh_visobert_10203,Nguyễn Nghĩa mi lúc mô ko nứng,0,0,0,0,0,0,neutral,other,train,SEACrowd/ViSoBERT
fresh_visobert_01045,mina macro chuẩn top đầu nè,0,0,0,0,1,0,positive,enjoyment,train,SEACrowd/ViSoBERT
fresh_visobert_08957,"Sản phẩm phù hợp túi tiền,",0,0,0,0,0,0,neutral,other,train,SEACrowd/ViSoBERT
fresh_visobert_04997,tao nhắc đéo quân đội giỏi tao dm cấm cãi nha mấy bò 🤣 🤣 cặc doanh trại trốn mặt tiền thuê kinh doanh tụi mày tài 😯 😯,1,1,0,0,0,1,negative,anger,train,SEACrowd/ViSoBERT
fresh_visobert_04523,cháy ra mặt chuột,0,0,0,0,0,0,negative,sadness,train,SEACrowd/ViSoBERT
fresh_visobert_06387,"Giao hàng nhanh lắm, đóng gói cẩn thận. Màu y hình, vải đẹp. Tốt",0,0,0,0,0,0,positive,enjoyment,train,SEACrowd/ViSoBERT
fresh_visobert_02768,noi tam tu bi ma cai mo chui um xum ve suy nghi lai di nghe chi lon anh,0,0,0,0,0,0,neutral,other,train,SEACrowd/ViSoBERT
fresh_visobert_11489,Vẫn chưa loạn bằng các thiếu nữ lần đầu xa nhà còn thích thể hiện. Gom cả cái siêu thị về cuối cùng là dành cả ngày để chà mấy cái nồi bị cháy. Nết na v đó. H đỡ rồi. Nào khó quá cantin thẳng tiến,0,0,0,1,0,0,positive,enjoyment,train,SEACrowd/ViSoBERT
fresh_visobert_10248,Ck Trong Tuan nầy,0,0,0,0,0,0,negative,sadness,train,SEACrowd/ViSoBERT
fresh_visobert_07450,Trần Hạ Khanh yêu mi 😘😘😘😘,0,0,0,0,0,0,positive,enjoyment,train,SEACrowd/ViSoBERT
fresh_visobert_06382,Bởi dị bị chửi quài🙂🤣🤣,0,0,0,0,0,0,neutral,enjoyment,train,SEACrowd/ViSoBERT
fresh_visobert_05621,ngu cặc abe,1,0,0,0,0,1,negative,disgust,train,SEACrowd/ViSoBERT
fresh_visobert_00509,lưu bảo toàn má đọc hại não vcl,1,0,0,0,0,1,negative,anger,train,SEACrowd/ViSoBERT
fresh_visobert_10820,Dung Bui Hường Bùi Thu triển nốt thôi còn chờ gì nưa ạ.,0,0,0,0,0,0,neutral,other,train,SEACrowd/ViSoBERT
fresh_visobert_07737,Thu Huyền e hèm 🤭,0,0,0,0,0,0,neutral,other,train,SEACrowd/ViSoBERT
fresh_visobert_10867,"Được nha, chắc tháng nào cũng phải săn quá",0,0,0,0,0,0,neutral,other,train,SEACrowd/ViSoBERT
fresh_visobert_09412,Còn ip mà chạy android thì khác gì mấy con android :))),1,1,1,0,0,1,neutral,disgust,train,SEACrowd/ViSoBERT
fresh_visobert_01287,tiền mua lưới lam,0,0,0,0,0,0,neutral,other,train,SEACrowd/ViSoBERT
fresh_visobert_08453,Duma mã gen này đáo để thật 🤣,0,0,0,0,0,0,neutral,enjoyment,train,SEACrowd/ViSoBERT
fresh_visobert_10630,C ơi nhà mình ko có quây cũi ạ,0,0,0,0,0,0,neutral,other,train,SEACrowd/ViSoBERT
fresh_visobert_08685,Nguyễn Văn Hải đỡ hơn thằng đéo có bồ :)) hi hí,1,1,0,0,0,1,negative,anger,train,SEACrowd/ViSoBERT
fresh_visobert_03993,nhân viên quán bar mấy nội,0,0,0,0,0,0,neutral,other,train,SEACrowd/ViSoBERT
fresh_visobert_11853,"đã không sợ mất thì còn lên đây lăn tăn làm gì, về lại sao hỏa đi má",0,0,0,0,0,0,negative,fear,train,SEACrowd/ViSoBERT
fresh_visobert_00816,bảo vệ sức khỏe miếng sợ dịch bùng phát tranh mua lương thực nc lương thực nhân dân,0,0,0,0,0,0,negative,fear,train,SEACrowd/ViSoBERT
fresh_visobert_11832,Trách chú cá mập hic,0,0,0,0,0,0,neutral,other,train,SEACrowd/ViSoBERT
fresh_visobert_11749,Mùa thu đông thì m thích nhất dùng Coffee break của hãng. Vừa ấm vừa thơm.,0,0,0,0,0,0,positive,enjoyment,train,SEACrowd/ViSoBERT
fresh_visobert_03079,trần hứa như quỳnh rảnh bận lắm 😪 😪,0,0,0,0,0,0,neutral,other,train,SEACrowd/ViSoBERT
fresh_visobert_04880,ng ta ngu ngơ ng ta chứ khôn admin đéo mang tiếng thánh chửi thành thánh soi móc tokyo baito ở sâu xa ng vn coi móc ng vn nói đứa chút lòng tham đứa,1,0,1,0,1,1,negative,anger,train,SEACrowd/ViSoBERT
fresh_visobert_03772,cánh tay anh em tập tao,0,0,0,0,0,0,neutral,other,train,SEACrowd/ViSoBERT
fresh_visobert_05973,Nt cho e nói giá em mua,0,0,0,0,0,0,neutral,other,train,SEACrowd/ViSoBERT
fresh_visobert_05028,bt khắc phục lỗi mạng wifi đứng quài,0,0,0,0,0,0,negative,sadness,train,SEACrowd/ViSoBERT
fresh_visobert_05086,địt cụ chúng nó việt nam giáo sư tiến sỹ thế giới cặc chẳng lồn chất độc bọn bú lồn ăn tục nói phét,1,0,0,0,0,1,positive,disgust,train,SEACrowd/ViSoBERT
fresh_visobert_00841,chàng trai )),0,0,0,0,0,0,positive,enjoyment,train,SEACrowd/ViSoBERT
fresh_visobert_00167,hôm nay đẹp,0,0,0,0,0,0,positive,enjoyment,train,SEACrowd/ViSoBERT
fresh_visobert_01697,trương hải yến dị ứng lắm con trai đc dạy vệ sinh nắp bồn cầu nắp vương vãi chửi nên chướng mắt lắm,0,0,0,1,0,1,neutral,disgust,train,SEACrowd/ViSoBERT
fresh_visobert_05598,hl ngu văn ngu khai báo dư luận tiền xây dựng đền đồng bóng luật cặc irs mỹ công dân mỹ thường trú nhân mỹ nước ngoài làm ăn khai thuế irs thầ,1,0,0,0,0,1,negative,disgust,train,SEACrowd/ViSoBERT
fresh_visobert_05295,lam pham chau add ưi,0,0,0,0,1,0,neutral,other,train,SEACrowd/ViSoBERT
fresh_visobert_08350,Áo phông nhàn nhìn cưng dễ sợ,0,0,0,0,0,0,negative,fear,train,SEACrowd/ViSoBERT
fresh_visobert_10206,"hơn cả ảnh chụp luôn ấy, đỉnh quá",1,0,0,1,0,0,positive,enjoyment,train,SEACrowd/ViSoBERT
fresh_visobert_04899,tấu hài gáy khét,1,0,0,1,0,1,neutral,disgust,train,SEACrowd/ViSoBERT
fresh_visobert_00582,khai giảng chụp ảnh điểm danh,0,0,0,0,0,0,neutral,other,train,SEACrowd/ViSoBERT
fresh_visobert_06248,MY Cute quá hà,0,0,0,0,1,0,positive,enjoyment,train,SEACrowd/ViSoBERT
fresh_visobert_06720,Dinh Lê đâu cai lôn me may hii,0,0,0,0,1,0,neutral,other,train,SEACrowd/ViSoBERT
fresh_visobert_11645,"R thằng nào cắt ảnh ko cắt hết đi, cắt mỗi đoạn ấy để chị em đoán già đoán non =))",1,1,0,0,0,1,neutral,disgust,train,SEACrowd/ViSoBERT
fresh_visobert_01518,cà khịa )))),0,0,0,0,0,0,positive,enjoyment,train,SEACrowd/ViSoBERT
fresh_visobert_01006,page share cmt thầy nói chuyện ngu vl tranh luận xóa cmt xong bảo phát ngôn bừa bãi tag cặc làm chứng lập biên bản kêu nói bậy xóa cmt kịp chụp ảnh,1,0,0,1,1,1,negative,disgust,train,SEACrowd/ViSoBERT
fresh_visobert_08962,Đen Vâu làm cái live show ở miền trung cho ae miền trung nge nhạc bữa a ơi😣😣😣,0,0,0,0,1,0,neutral,other,train,SEACrowd/ViSoBERT
fresh_visobert_04733,tui làn lắm,0,0,0,0,0,0,negative,sadness,train,SEACrowd/ViSoBERT
fresh_visobert_07566,🤣🤣🤣 nhìn tội vl 🤣🤣🤣 An Nguyen,1,1,0,1,0,1,neutral,enjoyment,train,SEACrowd/ViSoBERT
fresh_visobert_02158,lê hà thư má lol,0,0,0,0,1,0,neutral,other,train,SEACrowd/ViSoBERT
fresh_visobert_10185,Đặt con tên Huy là đẹp nhé 🥲,0,0,0,0,0,0,positive,enjoyment,train,SEACrowd/ViSoBERT
fresh_visobert_06016,Thế Vinh m ngon r đó chú em.,0,0,0,0,0,0,neutral,other,train,SEACrowd/ViSoBERT
fresh_visobert_09767,bt là k chạm nma vẫn cúi =))),1,0,0,0,0,0,neutral,other,train,SEACrowd/ViSoBERT
fresh_visobert_04790,ny tùng sói nhaa ❤,0,0,0,0,0,0,positive,enjoyment,train,SEACrowd/ViSoBERT
fresh_visobert_11270,"Theo kết quả điều tra của các địa phương gửi về, trẻ trong độ tuổi này dự kiến 8.449 trẻ; trong đó có .774 trẻ đang đi học, 4.675 trẻ ở cộng đồng (không đi học). Cụ thể, tại Nha Trang 4.77 trẻ, Vạn Ninh .777 trẻ, Ninh Hòa 4.57 trẻ, Diên Khánh . trẻ, Cam Lâm .49, Cam Ranh 4.79 trẻ, Khánh Vĩnh 4.55 trẻ, Khánh Sơn .9 trẻ.",0,0,0,0,1,0,neutral,sadness,train,SEACrowd/ViSoBERT
fresh_visobert_01052,đấy thành công chấp nhận nỗ lực tiền cuộc sống phức tạp đồng tiền bạc beo,0,0,0,0,0,0,neutral,other,train,SEACrowd/ViSoBERT
fresh_visobert_01896,mh đàn ông đàn bà mn,0,0,0,0,0,0,neutral,other,train,SEACrowd/ViSoBERT
fresh_visobert_03866,ngọc trang vô apple,0,0,0,0,1,0,neutral,other,train,SEACrowd/ViSoBERT
fresh_visobert_11049,Jiyeon vẫn xinh vải huhu💗,0,0,0,0,0,0,neutral,other,train,SEACrowd/ViSoBERT
fresh_visobert_10641,BAT va Trung Quan Idol super,0,0,0,0,1,0,neutral,other,train,SEACrowd/ViSoBERT
fresh_visobert_00262,trend mãi chúng nó chán,0,0,0,0,1,1,negative,disgust,train,SEACrowd/ViSoBERT
fresh_visobert_09376,Luộc lá chanh chấm bột canh hảo hảo.,0,0,0,0,0,0,neutral,other,train,SEACrowd/ViSoBERT
fresh_visobert_04376,đm ad mày ngon kéo cặc bve sủa có ích,1,0,0,0,0,1,negative,anger,train,SEACrowd/ViSoBERT
fresh_visobert_10946,Ak ơi em x với,0,0,0,0,0,0,neutral,other,train,SEACrowd/ViSoBERT
fresh_visobert_04160,mong tứ hoàng mãi thân tụi mày,0,0,0,0,0,0,neutral,other,train,SEACrowd/ViSoBERT
fresh_visobert_08773,"bác ơi, bác có giữ cmnd shk khách cho đến khi giải ngân ko ạ :D",0,0,0,0,0,0,neutral,other,train,SEACrowd/ViSoBERT
fresh_visobert_05508,chầm đầm đóng hài hây lắm,0,0,0,0,0,0,neutral,other,train,SEACrowd/ViSoBERT
fresh_visobert_01995,ko thể tha thứ đc ng trung cặc ko thể sữa nổi dân chợ búa rẩu rác trứng,1,0,0,0,0,1,negative,disgust,train,SEACrowd/ViSoBERT
fresh_visobert_05237,sơn tùng găm mì đánh dota,0,0,0,0,0,0,neutral,other,train,SEACrowd/ViSoBERT
fresh_visobert_09502,sửa rửa mặt 97479,0,0,0,0,0,0,neutral,other,train,SEACrowd/ViSoBERT
fresh_visobert_05769,hên cuộc đời tui hải sản,0,0,0,0,0,0,neutral,other,train,SEACrowd/ViSoBERT
fresh_visobert_07512,Có mua làm con máy phụ,0,0,0,0,0,0,neutral,other,train,SEACrowd/ViSoBERT
fresh_visobert_00991,sư đoàn ưii,0,0,0,0,0,0,neutral,enjoyment,train,SEACrowd/ViSoBERT
fresh_visobert_04209,chuẩn có giỏi má cào lồn ăn vạ lắm ))),0,0,0,0,0,0,neutral,other,train,SEACrowd/ViSoBERT
fresh_visobert_08266,D - 89 Hường Nguyễn Trần Ngọc Nguyễn Nguyễn Ngọc Kim,0,0,0,0,0,0,neutral,other,train,SEACrowd/ViSoBERT
fresh_visobert_10984,Fan Orange like cho tuiii nhen mí bạn,0,0,0,0,1,0,neutral,other,train,SEACrowd/ViSoBERT
fresh_visobert_05833,đỗ thủy trinh tứk )),0,0,0,0,0,0,positive,enjoyment,train,SEACrowd/ViSoBERT
fresh_visobert_11925,"quỳ vậy thôi có gì mà phạt giáo viên nhỉ , riết phụ huynh giờ thấy làm quá đáng thiệt",1,0,1,0,0,0,neutral,surprise,train,SEACrowd/ViSoBERT
fresh_visobert_10283,Túi đẹp giao hàng nhanh phục vụ tốt sẽ ủng hộ tiếp ạ hêhhehdbejejsbdejejdjrjejejdnjejdndjdj3jejejrh4jeh,0,0,0,0,0,0,positive,enjoyment,train,SEACrowd/ViSoBERT
fresh_visobert_09544,Linh Linh Trần Chị mít lúc nào chả đẹp 😆😆😆,0,0,0,0,0,1,neutral,enjoyment,train,SEACrowd/ViSoBERT
fresh_visobert_11141,Gói hàng bao gồm: 1 * Kẹp tóc,0,0,0,0,0,0,neutral,other,train,SEACrowd/ViSoBERT
fresh_visobert_05125,hú hồn mấy lo ngay ngáy nối nghiệp tiên tri tấu hài adida phậc chúc tiên tri mạnh khỏe,0,0,0,1,0,0,negative,fear,train,SEACrowd/ViSoBERT
fresh_visobert_01581,trời ơi đầu coi hài kk tiên tri vũ trụ hài vãi,1,1,0,1,0,1,neutral,enjoyment,train,SEACrowd/ViSoBERT
fresh_visobert_11017,Ko nghe gì hết chị ơi,0,0,0,0,0,0,neutral,other,train,SEACrowd/ViSoBERT
fresh_visobert_01200,kệ tổ chúng nó má mắc mớ,0,0,0,0,0,0,neutral,other,train,SEACrowd/ViSoBERT
fresh_visobert_07648,7 thanh niên ngày đó và bây giờ :),1,0,0,0,0,0,neutral,other,train,SEACrowd/ViSoBERT
fresh_visobert_00769,ông già bắt quảng cáo ae sói said,0,0,0,0,0,0,neutral,other,train,SEACrowd/ViSoBERT
fresh_visobert_08134,đầu live tới cuối live xin X :))))))) Số ♥♥♥♥,1,0,0,0,1,0,neutral,other,train,SEACrowd/ViSoBERT
fresh_visobert_05158,lộc má phát cúttttttttt ⛏ ⛏ 🔪 🔪,0,0,0,0,0,0,neutral,other,train,SEACrowd/ViSoBERT
fresh_visobert_08628,"sinh với chả nhật, nên nhớ ngày đó có ng đau rất đau đó thì mới có bạn ngày hôm nay, lo mà đền đáp công ơn sinh thành đó đi.",1,0,1,0,0,1,negative,fear,train,SEACrowd/ViSoBERT
fresh_visobert_05390,cầu mong dừng con số 8 đừng 4 mong dân việt nam hiện ncov9 mong bịnh hiện xét nghiệm nghi ngờ âm tính ncov9 mong tốt đẹp đếnh vơi dân việt nam ❤,0,0,0,0,0,0,positive,enjoyment,train,SEACrowd/ViSoBERT
fresh_visobert_01659,đẻ huyền thoại ❤,0,0,0,1,0,0,positive,enjoyment,train,SEACrowd/ViSoBERT
fresh_visobert_11105,Mai là lễ Phục Sinh nên trăng hồng là đúng rùi,0,0,0,0,0,0,neutral,other,train,SEACrowd/ViSoBERT
fresh_visobert_07366,Phim hay. Cười ẻ Nhưng rate sao vì xem xong về break up luôn 😒,1,0,1,0,0,0,positive,enjoyment,train,SEACrowd/ViSoBERT
fresh_visobert_04384,nhị thắng éo căng,0,0,0,0,0,0,negative,sadness,train,SEACrowd/ViSoBERT
fresh_visobert_08843,tôi mua rất nhiều hàng trên tiki lắm rồi anh giao hàng thấy tôi mua hàng thường bên tiki không cần đt tới nhà giao luôn chưa lần nào tiki làm tôi thất vọng mong những lần tới cũng như vậy chúc tiki làm ăn phát triển,1,0,0,1,0,1,negative,sadness,train,SEACrowd/ViSoBERT
fresh_visobert_04925,cười anh em,0,0,0,1,0,1,positive,enjoyment,train,SEACrowd/ViSoBERT
fresh_visobert_07742,Nhiều khi anh đã quên quan hệ mình done change,0,0,0,0,0,0,neutral,other,train,SEACrowd/ViSoBERT
fresh_visobert_10822,Nhỏ đã xinh xắn rồi ha . điệu chưa kìa 😃,0,0,0,0,0,0,neutral,other,train,SEACrowd/ViSoBERT
fresh_visobert_06518,Bdjidid dbdjdk djdisoosd bdjeoeoeo dmksososdnkdkske e ksks,0,0,0,0,0,0,neutral,other,train,SEACrowd/ViSoBERT
fresh_visobert_09262,Không còn gì để nói nữa,0,0,0,0,0,0,neutral,other,train,SEACrowd/ViSoBERT
fresh_visobert_03660,hour later =))))),1,0,0,0,0,0,neutral,other,train,SEACrowd/ViSoBERT
fresh_visobert_04797,tuan do khac lom khom tội vl =)),1,1,0,1,0,1,neutral,disgust,train,SEACrowd/ViSoBERT
fresh_visobert_05939,"Nó quan tâm con nít vì muốn chịch con mẹ nó. Chịch đã xong nó củng có cớ để bỏ à. Chứ làm đell gì như trong phim đâu. Mấy chị mẹ đơn thân noi gương đó mà học tập. Thấy nó quan tâm con mình cứ nghĩ về tương lai tươi đẹp, thằng chồng có tệ cỡ nào nó củng thương con mình hơn người dưng chứ.",0,1,1,1,0,1,neutral,sadness,train,SEACrowd/ViSoBERT
fresh_visobert_07654,Thế còn vụ tặng quà Fan cứng thì sao v br,0,0,0,0,1,0,neutral,other,train,SEACrowd/ViSoBERT
fresh_visobert_03597,nhiễm chẳng lạ đất nước thánh sống coi thường đại dịch thế giới lao đao chống cặc kỳ thị đeo khẩu trang bệnh cúm bình thường chết trắng mắt trôn nhảy,0,0,0,0,0,0,neutral,other,train,SEACrowd/ViSoBERT
fresh_visobert_06659,Anh ơi có bán chiếc xe kèm người như hình không em mua ạ :))),1,1,0,1,0,1,neutral,disgust,train,SEACrowd/ViSoBERT
fresh_visobert_03496,le mynhut tuần chế,0,0,0,0,0,0,neutral,other,train,SEACrowd/ViSoBERT
fresh_visobert_03987,trần hiếu cút mẹ mày 🤣 🤣 🤣,1,1,0,0,0,1,neutral,enjoyment,train,SEACrowd/ViSoBERT
fresh_visobert_04463,lê thị trang màu,0,0,0,0,0,0,negative,sadness,train,SEACrowd/ViSoBERT
fresh_visobert_10237,Cj đánh đàn tranh xinh quá,0,0,0,0,0,0,neutral,other,train,SEACrowd/ViSoBERT
fresh_visobert_10138,ngày mới vui vẻ nhé pewpew,0,0,0,0,0,0,positive,enjoyment,train,SEACrowd/ViSoBERT
fresh_visobert_04560,nguyen the anh ad vui tính ghee,0,0,0,0,1,0,positive,enjoyment,train,SEACrowd/ViSoBERT
fresh_visobert_02726,du ma nguoi vietnam cặc my khung het tron,0,0,0,0,1,0,neutral,other,train,SEACrowd/ViSoBERT
fresh_visobert_02872,xác minh comcom đăng,0,0,0,0,1,0,neutral,other,train,SEACrowd/ViSoBERT
fresh_visobert_08909,Hom truoc co cung phai len danh sach roi moi di mua Huyen ah.,0,0,0,0,0,0,neutral,other,train,SEACrowd/ViSoBERT
fresh_visobert_11927,Bán quần ko shop,0,0,0,0,1,0,neutral,other,train,SEACrowd/ViSoBERT
fresh_visobert_01116,❤ 💕 🌲 🌍 trần dần,0,0,0,0,0,0,positive,enjoyment,train,SEACrowd/ViSoBERT
fresh_visobert_01684,dume đầu óc gói trà túi lọc cặc tinh túy thoát cặn bã,0,0,0,0,0,0,neutral,other,train,SEACrowd/ViSoBERT
fresh_visobert_02421,trần nhựt linh nè,0,0,0,0,0,0,neutral,other,train,SEACrowd/ViSoBERT
fresh_visobert_03582,nhân nhượng bọn lấn câu nói chủ tịch hồ chí minh vang đời mà đối sách ko thể đc,1,0,1,0,0,0,neutral,surprise,train,SEACrowd/ViSoBERT
fresh_visobert_09247,Ông im mom đi,0,0,0,0,0,0,negative,enjoyment,train,SEACrowd/ViSoBERT
fresh_visobert_08796,"Yeahhh đợi Audio bữa giờ, hóng 6/ ❤❤",0,0,0,0,0,0,positive,enjoyment,train,SEACrowd/ViSoBERT
fresh_visobert_02766,khuyết tật vé số ăn xin khuyết tật cặc đầu ngoẹo làm quan thái thú cai trị dân tộc,0,0,0,0,0,0,neutral,other,train,SEACrowd/ViSoBERT
fresh_visobert_02130,chi quý phái,0,0,0,0,0,0,neutral,other,train,SEACrowd/ViSoBERT
fresh_visobert_03473,vãi vuốt má,0,0,0,1,0,0,negative,surprise,train,SEACrowd/ViSoBERT
fresh_visobert_11566,Thanh Thảo kinh vl thè. Hqua vừa đọc. Mặt kiểu lol gì ý. Ám ảnh vc,0,0,0,1,1,0,negative,fear,train,SEACrowd/ViSoBERT
fresh_visobert_07060,Chất coton mềm mịn,1,0,0,0,0,0,positive,enjoyment,train,SEACrowd/ViSoBERT
fresh_visobert_06551,Ôi giời ơi giọng nói đi vào lòng người quá anh mình ơi =))),1,1,0,1,0,1,neutral,disgust,train,SEACrowd/ViSoBERT
fresh_visobert_05936,Đang iu qúa di,0,0,0,0,0,0,positive,sadness,train,SEACrowd/ViSoBERT
fresh_visobert_04721,giá như đc bữa cơm vs bame,0,0,0,1,1,0,neutral,other,train,SEACrowd/ViSoBERT
fresh_visobert_10153,Chẳng biết sự tình như nào. Nhưng cái loại mà đem xăng tới nhà mẹ đốt rồi thuê mấy cẩu về phá nhà mẹ đang ở thì đừng có bất kì ai bênh hay nói này nói kia. Kể cả mẹ có đ chia cũng không được ý kiến chứ đừng nói đòi miếng này đòi chỗ kia,0,0,1,1,0,0,neutral,surprise,train,SEACrowd/ViSoBERT
fresh_visobert_03568,chuẩn chuyện riêng tư người ta soi,0,0,0,0,0,0,positive,enjoyment,train,SEACrowd/ViSoBERT
fresh_visobert_02967,lê chánh huy vl nhật má văn,0,0,0,1,0,0,neutral,surprise,train,SEACrowd/ViSoBERT
fresh_visobert_10192,khuyết điểm: aP chạy chậm hơn trước rất nhiều. sản phẩm còn hạn chế không đa dạng như cửa hàng E và nhiều nơi khác. nhầm sản phẩm chất lượng không xứng với giá tiền. đôi khi mua phải đồ ở trong kho quá lâu nên nhìn rất mất thẩm mỹ. nhiều mặt hàng bán với số lượng nhiều không thể mua lẻ được. ưu điểm: g... bài đánh giá đầy đủ,1,0,0,1,0,0,positive,enjoyment,train,SEACrowd/ViSoBERT
fresh_visobert_06442,Màu tím chung thủy 😂😂múc,0,0,0,0,0,0,positive,enjoyment,train,SEACrowd/ViSoBERT
fresh_visobert_06502,Lần đầu cũng như lần cuối. K có cái dại dột nào bằng cái dại này. Kêu Mẹ Mẹ k thấu.kêu anh bấm công tắc dừng mà anh k nghe. Chỉ biết NAM MÔ A DI ĐÀ PHẬT🤢,1,0,1,1,0,1,negative,disgust,train,SEACrowd/ViSoBERT
fresh_visobert_00880,máy ninja né tắc đường mụ đường rẻ cặc mua hoa quả xi nhê tức đéo đc ak,0,0,0,0,0,0,negative,anger,train,SEACrowd/ViSoBERT
fresh_visobert_07995,Shop chuẩn bị hàng hơi lâu xíu,0,0,0,0,1,0,positive,enjoyment,train,SEACrowd/ViSoBERT
fresh_visobert_04598,clear gội đầu,0,0,0,0,0,0,neutral,enjoyment,train,SEACrowd/ViSoBERT
fresh_visobert_05872,Cô thì ko có tiền nhưng cô sẽ giúp cuộc sống con vui hơn. Kkk. Góp tiền mua đt chơi game. 😀😀😀❤,1,1,1,0,1,1,positive,enjoyment,train,SEACrowd/ViSoBERT
fresh_visobert_03885,thanh hải tạ hiện quẩy đấy,0,0,0,0,0,0,neutral,other,train,SEACrowd/ViSoBERT
fresh_visobert_06192,Xl e hai thì à.!,0,0,0,0,0,0,neutral,other,train,SEACrowd/ViSoBERT
fresh_visobert_01674,nguyễn đức thắng ))),0,0,0,0,0,0,neutral,other,train,SEACrowd/ViSoBERT
fresh_visobert_10018,Khiêm Liễu Sâm chị dfi ko này?,0,0,0,0,0,0,neutral,other,train,SEACrowd/ViSoBERT
fresh_visobert_06372,c Ngọc ơi c đã dùng sản phẩm trắng da rồi có kết quả tốt k c.c cho e biết với ak e cũng muốn dùng nhưng k biết sản phẩm ra sau.,0,0,1,0,0,0,positive,enjoyment,train,SEACrowd/ViSoBERT
fresh_visobert_08469,Đi học kh trễ mà đi tìm phòng học mới trễ :))),1,1,1,0,0,1,neutral,disgust,train,SEACrowd/ViSoBERT
fresh_visobert_10823,Sai rồi người ck tốt là người ví chỉ dùng để đựng nhẫn cưới 🤣,1,1,0,0,0,1,positive,enjoyment,train,SEACrowd/ViSoBERT
fresh_visobert_03911,đm chửi mai cặc nghỉ việc đỡ căng thẳng,1,0,0,0,0,1,negative,anger,train,SEACrowd/ViSoBERT
fresh_visobert_10807,Rất thích em Cường Giang nì,0,0,0,0,0,0,positive,enjoyment,train,SEACrowd/ViSoBERT
fresh_visobert_10848,Tại chị ko chơi đồ đấy,0,0,0,0,0,0,neutral,other,train,SEACrowd/ViSoBERT
fresh_visobert_10770,Hôm nay thứ mà dìa dziaaaaaa,1,0,1,0,0,0,neutral,surprise,train,SEACrowd/ViSoBERT
fresh_visobert_09917,"👉Cơ cấu 4 tầng, Lộ giới 8m",0,0,0,0,0,0,neutral,other,train,SEACrowd/ViSoBERT
fresh_visobert_07649,Con nam mo agi da phat,0,0,0,0,0,0,neutral,other,train,SEACrowd/ViSoBERT
fresh_visobert_06855,Mou tung rat thanh công vs người cũ hết thời Bale cũng vậy thôi,0,0,0,0,0,0,neutral,other,train,SEACrowd/ViSoBERT
fresh_visobert_02096,văn tuấn mai hàng f vi phạm pháp luật hồi,0,0,0,0,0,0,neutral,other,train,SEACrowd/ViSoBERT
fresh_visobert_00279,bit ak trần dần mắc bệnh dịch ak mắc bệnh nguy hiểm covid 9,0,0,0,0,0,0,negative,fear,train,SEACrowd/ViSoBERT
fresh_visobert_07715,phục Thầy ở chỗ là Thầy nói điều gì hay nhận xét vấn đề gì đều nói có sách mách có chứng hết á. 😊,0,0,0,0,0,0,positive,enjoyment,train,SEACrowd/ViSoBERT
fresh_visobert_08558,Huyền Nguyễn hôm naod xuống chs :((,0,0,0,0,0,0,neutral,other,train,SEACrowd/ViSoBERT
fresh_visobert_04526,đem hẳn đặc sản trình làng,0,0,0,0,0,0,neutral,enjoyment,train,SEACrowd/ViSoBERT
fresh_visobert_00636,ơh khoan khoan tùng ngón giữa,0,0,0,0,0,0,neutral,other,train,SEACrowd/ViSoBERT
fresh_visobert_05303,nga nguyễn xem ròi,0,0,0,0,0,0,neutral,other,train,SEACrowd/ViSoBERT
fresh_visobert_09450,ae mk đi thôi,0,0,0,0,0,0,positive,sadness,train,SEACrowd/ViSoBERT
fresh_visobert_03539,hoàng hải vietnam num bơ qoan,0,0,0,0,0,0,neutral,other,train,SEACrowd/ViSoBERT
fresh_visobert_06287,May mà bố mẹ đẻ con ra trước năm 🤣🤣,1,1,1,0,0,1,neutral,enjoyment,train,SEACrowd/ViSoBERT
fresh_visobert_10931,ôi đất nước tôi ... hở ra là bàn thờ bát nhang 😳😳😳,0,0,0,0,0,0,neutral,surprise,train,SEACrowd/ViSoBERT
fresh_visobert_02659,hoàng xuân tâm lươn lẹo,0,0,0,0,0,0,neutral,enjoyment,train,SEACrowd/ViSoBERT
fresh_visobert_01397,ôi thơm tho ko co quan hệ lam cung đào thải mấy nghanh ma dân thuong vn bao gio vao đx má cong an quan đội ngan hang nha nc hang đừng mơ nếu vao đc cung lam cu li sai vat tui no đm,1,0,0,0,1,1,negative,anger,train,SEACrowd/ViSoBERT
fresh_visobert_05530,tộc trưởng bị cáo hành đc,0,0,0,0,0,0,neutral,other,train,SEACrowd/ViSoBERT
fresh_visobert_00882,oke hẹn tối nhá,0,0,0,0,0,0,positive,enjoyment,train,SEACrowd/ViSoBERT
fresh_visobert_00138,vô lí cực kì thuyết phục,0,0,0,1,0,0,neutral,other,train,SEACrowd/ViSoBERT
fresh_visobert_06219,"Mỗi ngày xem phim là ngày vui , hôm nào xem cũng cười :v",0,0,0,0,0,0,positive,enjoyment,train,SEACrowd/ViSoBERT
fresh_visobert_08899,Trong MV em hỏng thấy có miếng nhựa nào lun á,0,0,0,0,1,0,negative,sadness,train,SEACrowd/ViSoBERT
fresh_visobert_01542,lmhtxthayba nha ae,0,0,0,0,1,0,positive,enjoyment,train,SEACrowd/ViSoBERT
fresh_visobert_03815,múa võ bà con,0,0,0,0,0,0,neutral,sadness,train,SEACrowd/ViSoBERT
fresh_visobert_08137,"Đặt shop vài lần r. Hết vẫn đặt shop thêm. Cho 5 sao nhé. Tả đúng hàng chuẩn, dùng rất yên tâm ạ. Sẽ ủng hộ shop dài dài ạ",0,0,0,0,1,0,positive,enjoyment,train,SEACrowd/ViSoBERT
fresh_visobert_07651,thành đạt rùi anh,0,0,0,0,0,0,neutral,sadness,train,SEACrowd/ViSoBERT
fresh_visobert_08849,Có ai biết tải tft trên đt không chỉ cho em với,1,0,0,0,0,0,neutral,other,train,SEACrowd/ViSoBERT
fresh_visobert_10507,Khổ thân các em quá,0,0,0,0,0,0,neutral,other,train,SEACrowd/ViSoBERT
fresh_visobert_11590,VN hãy Chung tay đấy lùi co ro na hãy cố lên VN ơi,0,0,0,0,0,0,neutral,other,train,SEACrowd/ViSoBERT
fresh_visobert_05708,chờ kiếm nick yahho thầy,0,0,0,0,0,0,neutral,other,train,SEACrowd/ViSoBERT
fresh_visobert_04085,rõ ràng vn vô đích sống ô nhiễm nguy hại dân ta cặc vui vẻ bão tướng niểng bảo dân ta vô cùng thông minh đấy,0,0,0,0,0,0,positive,enjoyment,train,SEACrowd/ViSoBERT
fresh_visobert_09984,5 cái thì có 3 cái giống nhau. 1 cái thì giống con traiiiiiiiiii,0,0,0,0,0,0,neutral,other,train,SEACrowd/ViSoBERT
fresh_visobert_01129,nguyễn đức thắngg hơi hmm,0,0,0,0,0,0,neutral,other,train,SEACrowd/ViSoBERT
fresh_visobert_01202,nguyễn đức thắng may khánh nổi mấy hot,0,0,0,0,1,0,neutral,other,train,SEACrowd/ViSoBERT
fresh_visobert_03989,yêu ghê hà,0,0,0,0,0,0,neutral,disgust,train,SEACrowd/ViSoBERT
fresh_visobert_07298,Have a good day nhé My iu của em ❤,0,0,0,0,1,0,positive,enjoyment,train,SEACrowd/ViSoBERT
fresh_visobert_06452,quang minh cặc best xiaolin,0,0,0,0,1,0,positive,enjoyment,train,SEACrowd/ViSoBERT
fresh_visobert_05965,Bộ dior hồng có phải chất cotton ko nhàn oi?,1,0,0,0,0,0,positive,enjoyment,train,SEACrowd/ViSoBERT
fresh_visobert_00086,Thì thôi chứ sao,1,0,0,0,0,0,positive,sadness,train,SEACrowd/ViSoBERT
fresh_visobert_04349,kẻ tổn thương tổn thương ng,0,0,0,0,0,0,neutral,sadness,train,SEACrowd/ViSoBERT
fresh_visobert_01208,thua lào vs campuchia má rùi phát triển thụt lùi cmne,0,0,0,0,0,0,neutral,other,train,SEACrowd/ViSoBERT
fresh_visobert_07153,Đóng 4g cả năm rồi 🥱,0,0,0,0,0,0,positive,sadness,train,SEACrowd/ViSoBERT
fresh_visobert_02535,fb bố fan cứng zai,0,0,0,0,1,0,neutral,other,train,SEACrowd/ViSoBERT
fresh_visobert_11806,Sr hơi mạnh tay xí 🥴,0,0,0,0,0,0,neutral,other,train,SEACrowd/ViSoBERT
fresh_visobert_10775,ở đâu vậy cả nhà ơi hoa đẹp quá,0,0,0,0,0,0,positive,enjoyment,train,SEACrowd/ViSoBERT
fresh_visobert_08747,hàng như hình nhưng vải hơi mỏng,1,0,1,1,0,0,neutral,surprise,train,SEACrowd/ViSoBERT
fresh_visobert_01329,phach nguoi viet co,0,0,0,0,0,0,neutral,other,train,SEACrowd/ViSoBERT
fresh_visobert_10921,💗 chúc các chị em mãi keo,0,0,0,0,0,0,neutral,other,train,SEACrowd/ViSoBERT
fresh_visobert_00808,điểm danh cmn thầy lo )),0,0,0,0,0,0,negative,fear,train,SEACrowd/ViSoBERT
fresh_visobert_08109,Yêu đương không quên nhiệm vụ :)),1,1,0,0,0,1,positive,enjoyment,train,SEACrowd/ViSoBERT
fresh_visobert_05181,ngược dòng quá khứ,0,0,0,0,0,0,positive,sadness,train,SEACrowd/ViSoBERT
fresh_visobert_11168,Ủa rồi kéo ch sao vẫn thấy lùn như thường vậy chời🤣🤣🤣🤣,1,1,0,0,0,0,neutral,surprise,train,SEACrowd/ViSoBERT
fresh_visobert_01757,nói chuyện chân chất dễ thương,1,0,0,0,0,0,positive,enjoyment,train,SEACrowd/ViSoBERT
fresh_visobert_07755,Vũ Thị Trang Nhung Idol nó phải khác,0,0,0,0,1,0,neutral,other,train,SEACrowd/ViSoBERT
fresh_visobert_07074,Nhận đc kèo vô địch 5k chưa a ơi,0,0,0,0,0,0,neutral,other,train,SEACrowd/ViSoBERT
fresh_visobert_08597,Tắm xong vẫn chưa hết nóng thì các anh bật ngay chứ sợ gì. Nhưng mà bật điều hòa nhé,1,0,1,0,0,1,negative,fear,train,SEACrowd/ViSoBERT
fresh_visobert_05356,nguyễn thị thủy tiên tỉnh táo công ty dịch bắt nv nghỉ buồn hết sức ))),0,0,0,0,0,0,negative,sadness,train,SEACrowd/ViSoBERT
fresh_visobert_02411,hóng abe game hard học sinh mãn nhãn,0,0,0,0,1,0,neutral,other,train,SEACrowd/ViSoBERT
fresh_visobert_04652,pepsi coca ))),0,0,0,0,0,0,negative,enjoyment,train,SEACrowd/ViSoBERT
fresh_visobert_10394,Nga Hằng hahA. Dâu rể gì. K có tiền thuê grap Nguyễn Phi Hùng,0,0,0,0,0,0,neutral,enjoyment,train,SEACrowd/ViSoBERT
fresh_visobert_07423,Cháu gái đứng là ca sĩ nhí thứ thiệt,0,0,0,0,0,0,neutral,other,train,SEACrowd/ViSoBERT
fresh_visobert_11038,Sp tốt. Hài lòng,0,0,0,0,0,0,positive,enjoyment,train,SEACrowd/ViSoBERT
fresh_visobert_10255,Isane người đau lòng nhất lúc này,0,0,0,0,0,0,negative,sadness,train,SEACrowd/ViSoBERT
fresh_visobert_04040,má fong rộng ma má la ngột ngạt me,0,0,0,0,1,0,neutral,other,train,SEACrowd/ViSoBERT
fresh_visobert_11550,Bgi Nguyễn Tam Nguyễn Nguyễn Hiệp Phan Anh Kiệt Nghia Pham,0,0,0,0,0,0,neutral,other,train,SEACrowd/ViSoBERT
fresh_visobert_04005,wa wa chi oi,0,0,0,0,0,0,neutral,other,train,SEACrowd/ViSoBERT
fresh_visobert_11771,Anh/Chị inb em tư vấn chi tiết nha [PHONE] (call/mess/zalo/viber),0,0,0,0,1,0,neutral,other,train,SEACrowd/ViSoBERT
fresh_visobert_06710,Team loạn cả lên,0,0,0,0,1,0,neutral,other,train,SEACrowd/ViSoBERT
fresh_visobert_10141,Ngồi mà mơ l sét đúa đi nhé 😀,1,0,1,0,0,0,neutral,surprise,train,SEACrowd/ViSoBERT
fresh_visobert_01451,thay vì má xàm lol,0,0,0,0,1,1,neutral,disgust,train,SEACrowd/ViSoBERT
fresh_visobert_08912,Hè lô bảo my 😊❤🤗❤🤗,0,0,0,0,1,0,positive,enjoyment,train,SEACrowd/ViSoBERT
fresh_visobert_09293,Nhắn mình oder theo tuổi nhé,0,0,0,0,0,0,neutral,other,train,SEACrowd/ViSoBERT
fresh_visobert_06541,Hehe oqowidbco,0,0,0,0,0,0,neutral,enjoyment,train,SEACrowd/ViSoBERT
fresh_visobert_10491,Kem cổ lọ đi e,0,0,0,0,0,0,neutral,other,train,SEACrowd/ViSoBERT
fresh_visobert_11626,Dương Liễu Thanh Hoa lan trứng muối của bọn mình 😭,0,0,0,0,0,0,negative,sadness,train,SEACrowd/ViSoBERT
fresh_visobert_07911,Bồ ơi mua máy mới đi,0,0,0,0,0,0,neutral,other,train,SEACrowd/ViSoBERT
fresh_visobert_07417,Nam mô a Di Đà Phật cầu mong cho mọi người được bình an mạnh khỏe và hạnh phúc,0,0,0,0,0,0,positive,enjoyment,train,SEACrowd/ViSoBERT
fresh_visobert_09100,Để đẹp Nhu đề nghị nên đi vớ da or đen cho nó sexy. Với sẽ trông gầy nữa,0,0,0,0,0,0,positive,enjoyment,train,SEACrowd/ViSoBERT
fresh_visobert_08033,Bỏ máy giặt tuần cữ 😝,0,0,0,0,0,0,neutral,other,train,SEACrowd/ViSoBERT
fresh_visobert_05308,chó điên má sủa cắn,1,0,0,0,0,1,neutral,disgust,train,SEACrowd/ViSoBERT
fresh_visobert_02470,chúc hoàng lân trần dần sức khỏe,0,0,0,0,0,0,neutral,other,train,SEACrowd/ViSoBERT
fresh_visobert_04111,gia đình bé kia bớt tội chở quấn tôn to quấn đc nỗi chỉ khổ chở thuê haizz,0,0,0,0,0,0,neutral,other,train,SEACrowd/ViSoBERT
fresh_visobert_04729,dòng hãng thương hiệu dior chanel thông thường in sx pháp mỹ kia dòng sing hàng fake nha kaka,0,0,0,0,1,0,neutral,sadness,train,SEACrowd/ViSoBERT
fresh_visobert_02820,con trai sinh,0,0,0,0,0,0,positive,sadness,train,SEACrowd/ViSoBERT
fresh_visobert_07803,thầy wzjwz6 đưa ra những đề tài rất hay .,0,0,0,0,0,0,positive,enjoyment,train,SEACrowd/ViSoBERT
fresh_visobert_06820,mặc dù giao trễ 4 ngày nhưng trời mưa tạm chấp nhận được :)),1,1,1,0,0,1,neutral,disgust,train,SEACrowd/ViSoBERT
fresh_visobert_07862,Chạy về bà 9 trả tiền cho. Kaaa,0,0,0,0,0,0,neutral,other,train,SEACrowd/ViSoBERT
fresh_visobert_03855,trời ơi riềng bả ))),0,0,0,0,0,0,neutral,surprise,train,SEACrowd/ViSoBERT
fresh_visobert_11186,now you see me :)),1,0,0,0,1,0,neutral,other,train,SEACrowd/ViSoBERT
fresh_visobert_00053,"M nói thiệt là m k biết m mua đồ cho 2 pé nhà ở bên shop k biết bao nhiêu lần rồi nữa, đồ chất vải bình thường thôi à nhưng đc giá rất là rẻ & kĩu mẫu cưng lắm. Tại m k banh ra chứ nhiều lắm á hihi. Các mẹ cứ yên tâm mua nha 😉",1,1,1,0,1,1,positive,enjoyment,train,SEACrowd/ViSoBERT
fresh_visobert_06310,Lê Hữu Quân a lam tpbank ah,0,0,0,0,0,0,neutral,other,train,SEACrowd/ViSoBERT
fresh_visobert_01310,nhâm phẩm kém vá sena 😂 😂,1,0,0,0,0,0,neutral,enjoyment,train,SEACrowd/ViSoBERT
fresh_visobert_04137,trời ơi =)))),1,0,0,0,0,0,neutral,surprise,train,SEACrowd/ViSoBERT
fresh_visobert_04524,supi trần hự hự cắt tâm hồn,0,0,0,0,0,0,neutral,other,train,SEACrowd/ViSoBERT
fresh_visobert_08142,đầu tư đấy. nhưng vẫn thích shopee hơn :)),1,1,1,0,0,1,positive,enjoyment,train,SEACrowd/ViSoBERT
fresh_visobert_07553,Bọn E đi tầm đầu hoặc giữa tháng thì giá rẻ hơn nhiều,0,0,0,0,0,0,neutral,other,train,SEACrowd/ViSoBERT
fresh_visobert_02245,học hỏi nước ngoài,0,0,0,0,0,0,negative,sadness,train,SEACrowd/ViSoBERT
fresh_visobert_03166,minh muon lam dep,0,0,0,0,1,0,negative,other,train,SEACrowd/ViSoBERT
fresh_visobert_08336,Chất quá a trai,1,0,0,0,0,0,positive,enjoyment,train,SEACrowd/ViSoBERT
fresh_visobert_08671,ôn đêm là đủ r :)),1,0,0,0,0,0,neutral,other,train,SEACrowd/ViSoBERT
fresh_visobert_04775,bình dị mắt đứa trẻ con dối trá trưởng thành đừng cố gắng sống bình dị cuộc sống trở nên bình dị thái cực cân bằng đơn giản cuộc sống,0,0,0,1,0,0,neutral,other,train,SEACrowd/ViSoBERT
fresh_visobert_11053,Ship nhanh,0,0,0,0,1,0,positive,enjoyment,train,SEACrowd/ViSoBERT
fresh_visobert_05520,cưới phù thủy xong hoàng tử ghê dị,0,0,0,0,0,0,negative,disgust,train,SEACrowd/ViSoBERT
fresh_visobert_01772,trinh tú hà võ cánh hoa nè,0,0,0,0,0,0,neutral,other,train,SEACrowd/ViSoBERT
fresh_visobert_04172,má cặc 🤣 🤣,0,0,0,0,0,0,neutral,enjoyment,train,SEACrowd/ViSoBERT
fresh_visobert_10297,Sai lầm đ baoh lặp lại lần : Vào quán điều hoà ăn xiên sạch.,0,0,0,0,0,0,neutral,other,train,SEACrowd/ViSoBERT
fresh_visobert_00828,abe susan 75 toàn thế giới ))),0,0,0,0,0,0,neutral,other,train,SEACrowd/ViSoBERT
fresh_visobert_08181,Mặc chiếc đầm vàng trên canh thử bạn,0,0,0,0,0,0,neutral,other,train,SEACrowd/ViSoBERT
fresh_visobert_08204,Chúc chị may mắn ❤❤❤,0,0,0,0,0,0,positive,enjoyment,train,SEACrowd/ViSoBERT
fresh_visobert_00354,trần bình trọng vừa xog má like sống vl,0,0,0,1,1,0,neutral,surprise,train,SEACrowd/ViSoBERT
fresh_visobert_05828,kiều an bài quảng cáo,0,0,0,0,0,0,neutral,other,train,SEACrowd/ViSoBERT
fresh_visobert_02242,bé nhung ad,0,0,0,0,1,0,positive,other,train,SEACrowd/ViSoBERT
fresh_visobert_05786,dm assmin mặt thộn mài bới cứt cặc giun mặt thộn hơ hơ hơ,1,0,0,0,0,1,neutral,anger,train,SEACrowd/ViSoBERT
fresh_visobert_05604,naut phút bao nhieuy6,0,0,0,0,0,0,positive,other,train,SEACrowd/ViSoBERT
fresh_visobert_03299,vô sinh yếu sinh lý )),0,0,0,0,0,0,neutral,sadness,train,SEACrowd/ViSoBERT
fresh_visobert_09971,Mạc Thị Thảo my my My My Nguyễn 🤣,0,0,0,0,1,0,neutral,enjoyment,train,SEACrowd/ViSoBERT
fresh_visobert_07221,Tý Chuột chi mi,0,0,0,0,0,0,neutral,other,train,SEACrowd/ViSoBERT
fresh_visobert_05053,hình cô giáo nha,0,0,0,0,0,0,positive,sadness,train,SEACrowd/ViSoBERT
fresh_visobert_08573,Mẹ tl: mẹ ở với con với em Tôm,0,0,0,0,0,0,neutral,other,train,SEACrowd/ViSoBERT
fresh_visobert_03175,tphcm tương lai thủ đô cặc ngu thủ đô hn,1,0,0,0,0,1,negative,disgust,train,SEACrowd/ViSoBERT
fresh_visobert_09152,nên mặc ở nhà thì quá oke,0,0,0,0,0,0,positive,enjoyment,train,SEACrowd/ViSoBERT
fresh_visobert_09508,Uầy nhạc cũ nghe lại vẫn hay,0,0,0,0,0,0,positive,enjoyment,train,SEACrowd/ViSoBERT
fresh_visobert_07220,Anh tai hay danh hài?,0,0,0,0,0,0,positive,enjoyment,train,SEACrowd/ViSoBERT
fresh_visobert_05516,mai vy trang mô,0,0,0,0,0,0,neutral,other,train,SEACrowd/ViSoBERT
fresh_visobert_08601,Thật ko thể tin được là tui ko có bạn để tag vào,0,0,0,0,0,0,neutral,other,train,SEACrowd/ViSoBERT
fresh_visobert_00381,dân chúng bớt xoắn thực đấy ngầm đố nhà nước nát bét cặc đừng mơ nhà nước xác định nghề liên nhà nước tao,0,0,0,0,0,0,neutral,other,train,SEACrowd/ViSoBERT
fresh_visobert_11934,Tao gõ chớt mẹ mày chứ ở đó mà múa . Abe said :)),1,1,1,0,0,1,neutral,disgust,train,SEACrowd/ViSoBERT
fresh_visobert_11713,Chị kh ngủ trưa à,0,0,0,0,0,0,neutral,enjoyment,train,SEACrowd/ViSoBERT
fresh_visobert_05748,chúc mừng đà nẵng nha trang phú quốc,0,0,0,0,0,0,neutral,other,train,SEACrowd/ViSoBERT
fresh_visobert_08663,Con làm đi. Rồi cho dì đi với,0,0,0,0,0,0,neutral,other,train,SEACrowd/ViSoBERT
fresh_visobert_06207,Thôi chúa hãy hủy diệt hành tinh này đi mù mắt vcl=)),1,1,0,1,0,1,negative,anger,train,SEACrowd/ViSoBERT
fresh_visobert_04966,bọn bang đảng búa liềm láo vô sỉ miệng bù lu bù loa dân làm chủ nhà nước quản can đầy tớ cặc đầy tớ láo hề trình báo công việc tiến trình kết quả chủ bí,1,0,0,0,0,1,neutral,disgust,train,SEACrowd/ViSoBERT
fresh_visobert_08570,"dạ mẫu này sz nhí giá 9k, sz đại giá 9k ạ, c hỏi cho bé bao nhiêu kí vậy ạ",0,0,0,0,0,0,neutral,other,train,SEACrowd/ViSoBERT
fresh_visobert_01554,đỗ khánh dư tìm hình ảnh,0,0,0,0,0,0,neutral,other,train,SEACrowd/ViSoBERT
fresh_visobert_08076,Chin-ya Lu 😂😂,0,0,0,0,0,0,positive,enjoyment,train,SEACrowd/ViSoBERT
fresh_visobert_00698,đời chồng 7 7 )),0,0,0,0,0,0,neutral,other,train,SEACrowd/ViSoBERT
fresh_visobert_07066,Xay bột nữa đêm cuời xĩu .,0,0,0,0,0,0,neutral,other,train,SEACrowd/ViSoBERT
fresh_visobert_10450,chào bạn giá trên là hàng likenew bạn njes,0,0,0,0,1,0,positive,sadness,train,SEACrowd/ViSoBERT
fresh_visobert_06904,"aC clone người ta cày cuốc mệt nghỉ đem xoá thì chơi game nỗi gì.công sức, thời gian người ta bỏ ra không là tiền là bạc à. mấy người không bỏ công như chúng tôi thì kêu là không công bằng. vậy làm như này là công bằng với chúng tôi saom nói vậy mà nghe được à adm",1,1,1,1,1,1,neutral,disgust,train,SEACrowd/ViSoBERT
fresh_visobert_06083,Cho chi đăt mua mau tim cao 6 năng 5kg,0,0,0,0,0,0,neutral,other,train,SEACrowd/ViSoBERT
fresh_visobert_09141,"súng bắn ko trúng , dao chặt ko đứt Hahaha , tất nhiên tôi bái ông cọp 😂",1,1,0,0,0,1,positive,enjoyment,train,SEACrowd/ViSoBERT
fresh_visobert_00154,nguyễn hữu nhân đớp cặc cháu thứ mắc dạy,0,0,0,0,0,0,neutral,other,train,SEACrowd/ViSoBERT
fresh_visobert_10891,Quynh Tran Hân Nguyễn Thái Ngọc ghê chưa haha,0,0,0,0,0,0,negative,disgust,train,SEACrowd/ViSoBERT
fresh_visobert_06366,Nguyễn Thu Hương Đoàn Thu Hằng này hương thích lắm này. Tag cn hiền hộ t coi,0,0,0,0,0,0,positive,enjoyment,train,SEACrowd/ViSoBERT
fresh_visobert_10802,Biết gạo luộc là gì kh mà ăn rồi =))),1,1,1,0,0,1,neutral,disgust,train,SEACrowd/ViSoBERT
fresh_visobert_10676,Tui được cty cho nghỉ từ /4 rồi,0,0,0,0,0,0,neutral,other,train,SEACrowd/ViSoBERT
fresh_visobert_00087,Linh Khánh đẹp vãi,0,0,0,1,0,0,positive,enjoyment,train,SEACrowd/ViSoBERT
fresh_visobert_09887,lằn khu ăn thua chi :D,0,0,0,0,0,0,neutral,other,train,SEACrowd/ViSoBERT
fresh_visobert_03077,độ đạp xe chất nước cất,1,0,0,0,0,0,positive,enjoyment,train,SEACrowd/ViSoBERT
fresh_visobert_06596,Em la tất cả trong anh,0,0,0,0,0,0,neutral,other,train,SEACrowd/ViSoBERT
fresh_visobert_00217,cắm đầu sừng bảo y như,0,0,0,1,0,0,neutral,other,train,SEACrowd/ViSoBERT
fresh_visobert_04083,minh hiếu dễ thương quá trời đất tập hút hào quang chi tuân ta gầu ghê,0,0,0,0,0,0,positive,disgust,train,SEACrowd/ViSoBERT
fresh_visobert_07839,Sản phẩm này rất kinh tế nếu dùng đủ 6 thành viên.,0,0,0,0,0,0,negative,disgust,train,SEACrowd/ViSoBERT
fresh_visobert_04197,enni ngân )),0,0,0,0,0,0,positive,enjoyment,train,SEACrowd/ViSoBERT
fresh_visobert_00360,love you to ca mo,0,0,0,0,1,0,positive,enjoyment,train,SEACrowd/ViSoBERT
fresh_visobert_03054,tặng jack hú hú,0,0,0,0,0,0,positive,sadness,train,SEACrowd/ViSoBERT
fresh_visobert_00508,diễm ngọc vui đừng vui )))),0,0,0,0,0,0,positive,enjoyment,train,SEACrowd/ViSoBERT
fresh_visobert_07785,nhâm phẩm kém vá sena😂😂,0,0,0,0,0,0,neutral,enjoyment,train,SEACrowd/ViSoBERT
fresh_visobert_05719,chn phúc hậu,0,0,0,0,0,0,positive,enjoyment,train,SEACrowd/ViSoBERT
fresh_visobert_02622,triệu a nghèo lắm 😩 😩,0,0,0,0,0,0,neutral,other,train,SEACrowd/ViSoBERT
fresh_visobert_05591,phương minn nổi cặc out mắc cailon dislike,0,0,0,0,0,0,neutral,other,train,SEACrowd/ViSoBERT
fresh_visobert_06703,Dễ thương qá trời 😊,0,0,0,0,0,0,positive,enjoyment,train,SEACrowd/ViSoBERT
fresh_visobert_02300,sung ban cat km thi ma trung dao chem cach cặc thi lam ma đut nha tien chi phet lac,0,0,0,0,0,0,neutral,other,train,SEACrowd/ViSoBERT
fresh_visobert_02002,love du chu cờ mo 🤣 ♥,0,0,0,0,1,0,positive,enjoyment,train,SEACrowd/ViSoBERT
fresh_visobert_10101,Rồi mắc gì thả mấy cọng hành zô ăn thấy ghia 🤡,0,0,0,0,0,0,neutral,other,train,SEACrowd/ViSoBERT
fresh_visobert_00135,mấy bắc kì cặc bọn bâu vô phân biệt,0,0,0,0,0,0,neutral,other,train,SEACrowd/ViSoBERT
fresh_visobert_01810,rửa nách tiểu tiểu,0,0,0,0,0,0,neutral,other,train,SEACrowd/ViSoBERT
fresh_visobert_01675,con trai 😲 😲 😲 😲 đouma cà khịa tao hả,1,1,0,0,0,0,neutral,surprise,train,SEACrowd/ViSoBERT
fresh_visobert_07017,Ải giải thích cho mk cái video đc ko,0,0,0,0,1,0,positive,enjoyment,train,SEACrowd/ViSoBERT
fresh_visobert_11297,"Thấy cái đó là xỉu vậy giờ bà cũng có cái đó đó cuối xuống nhìn có bị xỉu k, nói chuyện xạo quá",1,0,0,1,0,1,neutral,disgust,train,SEACrowd/ViSoBERT
fresh_visobert_02502,quan chức cức cặc đái đời lộn đức,0,0,0,0,0,0,neutral,other,train,SEACrowd/ViSoBERT
fresh_visobert_01848,mặt đẹp trai vl 😂,1,1,0,1,0,1,positive,enjoyment,train,SEACrowd/ViSoBERT
fresh_visobert_09972,"Ai từng trải sẽ hiểu 😔😔 ấm ức bất lực, dù cho có ôm ngủ thì trong lòng vẫn tủi vì họ không hiểu và luôn muốn thắng mình mới chịu. 😔😔",0,0,0,0,0,0,negative,sadness,train,SEACrowd/ViSoBERT
fresh_visobert_04836,nhầm tòa kia keangnam phạm hùng cầu giấy ảnh hack,0,0,0,0,1,0,neutral,other,train,SEACrowd/ViSoBERT
fresh_visobert_09285,"- salicylic acid: khá nhiều bọt rửa xong da căng ra rất thích - stearyl glycyRhetinate: gần như nước hoa hồng , mùi thơm nhẹ , không hề bóng - sod yêu mình ascorbyl pho sản phẩm hate: mùi thơm nhẹ , màu trong suốt , không có vị đắng như thuốc trị mụn mình dùng trước đây quà tặng cũng rất giá trị",0,0,0,1,0,1,positive,enjoyment,train,SEACrowd/ViSoBERT
fresh_visobert_01745,chào chi đẹp,0,0,0,0,0,0,positive,enjoyment,train,SEACrowd/ViSoBERT
fresh_visobert_11848,A cho em hỏi e nhắn hai mí mắt chỗ a có xóa dược ko,0,0,0,0,0,0,neutral,other,train,SEACrowd/ViSoBERT
fresh_visobert_09635,Còn quẩy rất chi là vui🥴,0,0,0,0,0,0,positive,enjoyment,train,SEACrowd/ViSoBERT
fresh_visobert_07265,Minh NguyệtAnhh PhamJenna Nguyễn 75,0,0,0,0,0,0,neutral,other,train,SEACrowd/ViSoBERT
fresh_visobert_04999,thich chi va,0,0,0,0,0,0,neutral,other,train,SEACrowd/ViSoBERT
fresh_visobert_04685,hieu trung má ưng vcc,0,0,0,0,0,0,positive,enjoyment,train,SEACrowd/ViSoBERT
fresh_visobert_02615,luật chạy làn đường,0,0,0,0,0,0,neutral,other,train,SEACrowd/ViSoBERT
fresh_visobert_09875,lõi này dành cho mấy bố chơi game cày thôi chứ như chúng tôi đánh cho vui thì chệu,0,0,0,0,1,0,positive,enjoyment,train,SEACrowd/ViSoBERT
fresh_visobert_03272,quốc tịch vn sống nghĩa sinh sống tgian nhiễm bệnh vn )),0,0,0,0,0,0,neutral,other,train,SEACrowd/ViSoBERT
fresh_visobert_03794,ta ước gì lão hitler tái sinh cặc đất nước sạch lũ cặn bã dơ bẩn,0,0,0,0,0,0,neutral,disgust,train,SEACrowd/ViSoBERT
fresh_visobert_11641,"Quận Hai Bà Trưng có 8 ca Covid-9, trong đó có 9 ca cộng đồng. Quận có phường: Cầu Dền, Đồng Nhân thuộc cấp độ , còn lại đều thuộc cấp độ .",0,0,0,0,0,0,neutral,other,train,SEACrowd/ViSoBERT
fresh_visobert_10472,Ấn độ chưa bao giờ làm t thất vọng,0,0,0,0,0,0,negative,sadness,train,SEACrowd/ViSoBERT
fresh_visobert_03657,gioi da nguoi nua moi chiu ah 😂 😂,0,0,0,0,0,0,positive,enjoyment,train,SEACrowd/ViSoBERT
fresh_visobert_01758,ci duyên thít ci ghê duyên triệu leli,0,0,0,0,0,0,negative,disgust,train,SEACrowd/ViSoBERT
fresh_visobert_00011,Ngọc Linh đi cái nì xong mà hát karaoke thì hết lấc =)),1,1,1,0,0,1,neutral,disgust,train,SEACrowd/ViSoBERT
fresh_visobert_03933,dc vl oiiiii,0,0,0,1,0,0,negative,surprise,train,SEACrowd/ViSoBERT
fresh_visobert_07310,Dịch giùm a vs e 🤣🤣 Nguyễn Linh,0,0,0,0,0,0,neutral,enjoyment,train,SEACrowd/ViSoBERT
fresh_visobert_09639,I love khoj mj,0,0,0,0,1,0,positive,enjoyment,train,SEACrowd/ViSoBERT
fresh_visobert_02407,cặc cẩm sục kẹc,0,0,0,0,0,0,negative,disgust,train,SEACrowd/ViSoBERT
fresh_visobert_11344,Đẹp quá mà mình mặt k đc,1,1,1,0,0,0,positive,enjoyment,train,SEACrowd/ViSoBERT
fresh_visobert_00860,nói xấu vợ ngó ngó nghiêng nghiêng ))))),0,0,0,0,0,0,negative,sadness,train,SEACrowd/ViSoBERT
fresh_visobert_00190,duy khương nghi cách ly điểu trị xét nghiệm chết khám nghiệm kết luận virus đường đeo khẩu trang bọn đấm mặt điều trị,0,0,0,0,0,0,neutral,other,train,SEACrowd/ViSoBERT
fresh_visobert_03118,xạo quen má 😄,0,0,0,0,0,0,positive,enjoyment,train,SEACrowd/ViSoBERT
fresh_visobert_02851,trần diên dưỡng uầy ghế tình yêu,0,0,0,0,1,0,positive,enjoyment,train,SEACrowd/ViSoBERT
fresh_visobert_10246,Thay vào đó là một cái cửa đung đưa thì là điện trở có giá trị xác định :)),1,0,0,0,0,0,neutral,other,train,SEACrowd/ViSoBERT
fresh_visobert_01410,chào điếc )) quan hệ kk haha,0,0,0,0,0,0,neutral,enjoyment,train,SEACrowd/ViSoBERT
fresh_visobert_01731,đọc cmt đéo nhịn dc cười,0,0,0,0,0,0,negative,anger,train,SEACrowd/ViSoBERT
fresh_visobert_08375,"Cho dù một tôn giáo nào. Đức tin O mất tiền mua, nhưng cứu cả phần hồn và phần xác..! Là chân lý, là ánh sáng,là con đường tốt đẹp cứu cánh cho cả nhân loại O rơi vào bế tắc, tà ma, diệt vong..Chỉ lủ CS học thuyết vô thần làm con người mất phương hướng, làm XH thêm loạn lạc điêu linh mà thôi..! Các bạn cứ chiêm nghiệm đi, rồi sẻ thấy. Mỗi Chúng ta Hãy giữ lấy đức tin cho chính mình..!",0,0,1,1,0,1,positive,enjoyment,train,SEACrowd/ViSoBERT
fresh_visobert_02150,cuộc sống ae ủng hộ album quảng cáo thầy nhe,0,0,0,0,1,0,positive,enjoyment,train,SEACrowd/ViSoBERT
fresh_visobert_04008,share rộng rãi,0,0,0,0,1,0,neutral,other,train,SEACrowd/ViSoBERT
fresh_visobert_04973,đồng nhung nhung 7 nghèo,0,0,0,0,0,0,neutral,other,train,SEACrowd/ViSoBERT
fresh_visobert_04675,giá bh nông dân mua đc xe đường,0,0,0,0,0,0,neutral,other,train,SEACrowd/ViSoBERT
fresh_visobert_10551,"thi ngta rep rôi , con cai",0,0,0,0,0,0,neutral,other,train,SEACrowd/ViSoBERT
fresh_visobert_10897,"Ngày xưa ông Trump đóng cửa với thằng tq thì tụi dân chủ thổ tả la ầm lên phân biệt đối xử, bây giờ bảy dần đóng cửa với Châu Phi thì im như thóc, trúa hề 😏😏😏",1,1,0,1,0,1,neutral,disgust,train,SEACrowd/ViSoBERT
fresh_visobert_00794,cút top bọn lo,0,0,0,0,1,0,negative,fear,train,SEACrowd/ViSoBERT
fresh_visobert_05155,khánh vân chụp ảnh mặc cáo áo cài khuy tử tế kkk,0,0,0,0,0,0,neutral,enjoyment,train,SEACrowd/ViSoBERT
fresh_visobert_09181,"Mua giá quá rẻ luôn. Sale gần 50%, áp thêm mã các thứ còn có 115k. HSD tới 2024 lận nên không lo. Hàng có tem phụ, nhãn mác đầy đủ.",0,0,0,0,1,0,negative,fear,train,SEACrowd/ViSoBERT
fresh_visobert_09885,Chúc c khai trương hồng phát nha c iu,0,0,0,0,0,0,neutral,other,train,SEACrowd/ViSoBERT
fresh_visobert_00270,tóm lại chửi văn hóa 😂 😂 👏 🏻 👏 🏻 page đấy 😂 😂,0,0,0,0,1,0,positive,enjoyment,train,SEACrowd/ViSoBERT
fresh_visobert_00992,hông hiệu hông hiệu,0,0,0,0,0,0,positive,enjoyment,train,SEACrowd/ViSoBERT
fresh_visobert_01938,giang đú đẫn quang trung ba ngày xưa khéo,0,0,0,0,0,0,neutral,other,train,SEACrowd/ViSoBERT
fresh_visobert_06981,"Từ sau Điều Tuyệt Vời Nhất Của Chúng Ta mới có một nam chính mà t mong chờ từng li từng tí. Tuân của chị à ko, Tuân của Chu Vận",1,1,1,0,0,1,positive,enjoyment,train,SEACrowd/ViSoBERT
fresh_visobert_01167,sống chậm thánh,0,0,0,0,0,0,neutral,sadness,train,SEACrowd/ViSoBERT
fresh_visobert_04297,tui cách ly đà nẵng 😓 😓,0,0,0,0,0,0,neutral,other,train,SEACrowd/ViSoBERT
fresh_visobert_09090,Như ngày bth chỉ là kp di học,0,0,0,0,0,0,neutral,other,train,SEACrowd/ViSoBERT
fresh_visobert_07544,Em hi vọng nhận được Retinol c Na ơi ❤,0,0,0,0,0,0,positive,enjoyment,train,SEACrowd/ViSoBERT
fresh_visobert_00105,dẫn ít ví dụ .,0,0,0,0,0,0,positive,enjoyment,train,SEACrowd/ViSoBERT
fresh_visobert_08503,Followage chỗ nào bạn,0,0,0,0,1,0,negative,sadness,train,SEACrowd/ViSoBERT
fresh_visobert_03225,abe vô địch abe vô đối mãi yêu abe,1,0,0,1,0,0,positive,enjoyment,train,SEACrowd/ViSoBERT
fresh_visobert_02243,khúc hương giang dẹp tết coi tết dô zới,0,0,0,0,0,0,neutral,other,train,SEACrowd/ViSoBERT
fresh_visobert_01685,lê thảo nhi tui vl )),0,0,0,1,0,0,neutral,surprise,train,SEACrowd/ViSoBERT
fresh_visobert_03584,dân ta đoàn kết đại đoàn kết thắng covic9,0,0,0,0,0,0,neutral,other,train,SEACrowd/ViSoBERT
fresh_visobert_00233,hoàng anh tư,0,0,0,0,0,0,neutral,enjoyment,train,SEACrowd/ViSoBERT
fresh_visobert_09756,Mỗi tội con cko loser như cc vậy :) nghĩ đến nó càng cay với tức mọe có em xinh tươi k yêu đi làm ny tạm thời với con ruka,1,1,0,1,0,1,positive,anger,train,SEACrowd/ViSoBERT
fresh_visobert_06500,cần lắm cái clip của S.T biểu diễn add ơi,1,0,0,0,1,1,neutral,disgust,train,SEACrowd/ViSoBERT
fresh_visobert_00334,nầy báo công ngủ ác hồ cặc chỉa mặt ác hồ nầy nè,0,0,0,0,0,0,neutral,other,train,SEACrowd/ViSoBERT
fresh_visobert_07832,Để hoi coi zu gì nóng zây,0,0,0,0,0,0,neutral,other,train,SEACrowd/ViSoBERT
fresh_visobert_10789,Đậu đại học nhưng vẫn phải đi chăn bò ;)),1,1,1,0,0,1,positive,surprise,train,SEACrowd/ViSoBERT
fresh_visobert_11115,ttql + mắt seen str nhaa 💗,0,0,0,0,0,0,neutral,other,train,SEACrowd/ViSoBERT
fresh_visobert_03844,dm má chán,1,0,0,0,0,1,negative,anger,train,SEACrowd/ViSoBERT
fresh_visobert_06841,Bai hat ve xu nghe sao ma di vao long nguoi den the,0,0,0,1,1,0,neutral,other,train,SEACrowd/ViSoBERT
fresh_visobert_09281,Sao tui khoái cô này noi chuyện ghê 😍😍 tối ngày mở lên coi cô chửi hoài 😅,0,0,0,0,0,0,neutral,disgust,train,SEACrowd/ViSoBERT
fresh_visobert_08538,Wo sind Sie jetzt ? 😂,0,0,0,0,0,0,neutral,enjoyment,train,SEACrowd/ViSoBERT
fresh_visobert_10091,Cháu lương củ :)) học hành gì nữa cô,1,0,0,0,0,0,neutral,other,train,SEACrowd/ViSoBERT
fresh_visobert_10198,Bận loot đồ,0,0,0,0,0,0,negative,fear,train,SEACrowd/ViSoBERT
fresh_visobert_10784,Giống 18 thế võ bác Hồ quá ta.,0,0,0,0,0,0,neutral,other,train,SEACrowd/ViSoBERT
fresh_visobert_07650,Bỏ em vào nè,0,0,0,0,0,0,positive,other,train,SEACrowd/ViSoBERT
fresh_visobert_08135,mình chụp mấy lần liền chả thấy bác sĩ cho mặc lớp áo gì cả 😭😭😭,0,0,0,0,0,0,negative,sadness,train,SEACrowd/ViSoBERT
fresh_visobert_03110,oki yêu thầy,0,0,0,0,0,0,positive,enjoyment,train,SEACrowd/ViSoBERT
fresh_visobert_11267,Nguyễn Loan thằng nào mà muốn hiếp dâm thì cởi ra là n hết hứng r :)),1,1,1,0,0,1,neutral,disgust,train,SEACrowd/ViSoBERT
fresh_visobert_03190,thầy cặc lồn,0,0,0,0,0,0,negative,disgust,train,SEACrowd/ViSoBERT
fresh_visobert_06674,Sơn Phan có cả ca sĩ khách mời luônnnn,0,0,0,0,0,0,neutral,other,train,SEACrowd/ViSoBERT
fresh_visobert_04485,ca giao thông đứng mấy xe tải to to làn đường xe máy lấn làn tí đụng xe tải mấy thổi,0,0,0,0,0,0,neutral,other,train,SEACrowd/ViSoBERT
fresh_visobert_01577,to be counted,0,0,0,0,1,0,neutral,enjoyment,train,SEACrowd/ViSoBERT
fresh_visobert_04294,phim dở vl hihi má nữ đơ nữ phụ,1,1,0,1,0,1,negative,enjoyment,train,SEACrowd/ViSoBERT
fresh_visobert_01184,đố bắt đấy ))) toangg,1,0,0,1,0,0,neutral,other,train,SEACrowd/ViSoBERT
fresh_visobert_01574,cười đc ))),1,0,0,1,0,0,negative,enjoyment,train,SEACrowd/ViSoBERT
fresh_visobert_01005,ok thầy =))),1,1,0,0,1,0,neutral,surprise,train,SEACrowd/ViSoBERT
fresh_visobert_03566,ha tri đuôi tròn con so hình tam giác sam con so chết,0,0,0,0,0,0,neutral,other,train,SEACrowd/ViSoBERT
fresh_visobert_09924,Cái bứu à? T thấy nó xấu vl,0,0,0,1,0,1,negative,disgust,train,SEACrowd/ViSoBERT
fresh_visobert_03200,be cặc de khung,0,0,0,0,0,0,neutral,other,train,SEACrowd/ViSoBERT
fresh_visobert_02982,tùy ngành miễn dịch yếu tạm bợ banh cưs xài văcxin nc nghèo vacin who môi trường phát triển,0,0,0,0,0,0,neutral,other,train,SEACrowd/ViSoBERT
fresh_visobert_06899,Thai Binh ck ơi,0,0,0,0,0,0,neutral,other,train,SEACrowd/ViSoBERT
fresh_visobert_06166,Họt to phải cao mọt tí nữa mới đẹp,0,0,0,0,0,0,positive,enjoyment,train,SEACrowd/ViSoBERT
fresh_visobert_11866,cái này là ở đâu vậy ?,0,0,0,0,0,0,neutral,surprise,train,SEACrowd/ViSoBERT
fresh_visobert_01626,😂 😂 coi buồn cười ghê minh hiếu tiếu ghê,1,1,0,0,0,1,negative,enjoyment,train,SEACrowd/ViSoBERT
fresh_visobert_08289,Trèn nhìn ông Khánh 😂😂,1,1,0,0,0,1,positive,enjoyment,train,SEACrowd/ViSoBERT
fresh_visobert_01349,hau nguyen cặc cặc,0,0,0,0,0,0,neutral,other,train,SEACrowd/ViSoBERT
fresh_visobert_11948,Khúc Thị Hồng Hạnh tự dưng chuyển chủ đề lì xì đâu thế 🧐,0,0,0,0,0,0,positive,enjoyment,train,SEACrowd/ViSoBERT
fresh_visobert_03874,5 tĩ lương má tâm vốn rách rưới chê khoa học gia nhật,0,0,0,0,0,0,neutral,other,train,SEACrowd/ViSoBERT
fresh_visobert_05257,sống hết mình đam mê gia đình ưi,0,0,0,0,0,0,positive,enjoyment,train,SEACrowd/ViSoBERT
fresh_visobert_04170,phúc xo đấy,0,0,0,0,0,0,positive,enjoyment,train,SEACrowd/ViSoBERT
fresh_visobert_03628,phong hoài khoác tay tôm tôm công ty phá sản mài bank,0,0,0,0,0,0,neutral,other,train,SEACrowd/ViSoBERT
fresh_visobert_05686,ma thông kê,0,0,0,0,0,0,negative,disgust,train,SEACrowd/ViSoBERT
fresh_visobert_11877,Sao tôi nhận k đc vậy,0,0,0,0,0,0,neutral,other,train,SEACrowd/ViSoBERT
fresh_visobert_09224,Thương My quá giờ làm sao,1,0,0,0,1,0,neutral,sadness,train,SEACrowd/ViSoBERT
fresh_visobert_10245,Chị live tối thường xuyên nhen❤,0,0,0,0,1,0,positive,enjoyment,train,SEACrowd/ViSoBERT
fresh_visobert_09434,Nhà nước minh nên có những biện pháp mạnh vs những hành vi đi nước ngoài về trốn khai báo.h đứa nào về nước trốn khai báo khi phát hiện đc là dương tính vs vi rút thì mang ra xử bắn luôn!,0,0,0,0,0,0,neutral,other,train,SEACrowd/ViSoBERT
fresh_visobert_09728,Nhà mình công chúa Có mẫu nào ad cho xin mẫu nhé,0,0,0,0,0,0,neutral,other,train,SEACrowd/ViSoBERT
fresh_visobert_01535,mặt đậm tố chất tộc trưởng,1,0,0,0,0,0,positive,enjoyment,train,SEACrowd/ViSoBERT
fresh_visobert_04963,tui học môn đạo đức,0,0,0,0,0,0,neutral,other,train,SEACrowd/ViSoBERT
fresh_visobert_04066,phương minn nhìu đứa lạ loz dở ng ta chê đéo thể cặc nge nổi nhạc jack tụi mày khen hoài chả thể dc,0,0,0,0,0,1,negative,anger,train,SEACrowd/ViSoBERT
fresh_visobert_11565,Thi đi sao phải sợ hả b,1,0,0,0,0,0,negative,fear,train,SEACrowd/ViSoBERT
fresh_visobert_08122,Trịnh Nam Long sống nước này nước kia. Nhưng quốc tịch VN. Người VN ko lẻ bỏ cho chết trên đất khách à. Lỡ như người đó là con cái hay vợ của bạn thì như thế nào.,0,0,1,1,0,1,positive,enjoyment,train,SEACrowd/ViSoBERT
fresh_visobert_02504,chủ tiệm bánh mì ưi 🤣 🤣,0,0,0,0,0,0,neutral,enjoyment,train,SEACrowd/ViSoBERT
fresh_visobert_00837,toang toang =)),1,1,0,1,0,1,neutral,disgust,train,SEACrowd/ViSoBERT
fresh_visobert_03704,fb minh hiếu nha,0,0,0,0,0,0,positive,enjoyment,train,SEACrowd/ViSoBERT
fresh_visobert_07164,Thanh niên có k 😂😂😂,0,0,0,0,0,0,neutral,enjoyment,train,SEACrowd/ViSoBERT
fresh_visobert_08722,Hằng bỏ cuộc nhanh thế,0,0,0,0,0,0,positive,enjoyment,train,SEACrowd/ViSoBERT
fresh_visobert_11698,Như Vụ Úc bị l,0,0,0,0,0,0,neutral,other,train,SEACrowd/ViSoBERT
fresh_visobert_00949,đóng cửa biên giới,0,0,0,0,0,0,neutral,enjoyment,train,SEACrowd/ViSoBERT
fresh_visobert_10428,hóng mãi mẹ ơi <,0,0,0,0,0,0,neutral,other,train,SEACrowd/ViSoBERT
fresh_visobert_00502,hợp lý nè abe,0,0,0,0,0,0,neutral,other,train,SEACrowd/ViSoBERT
fresh_visobert_08651,tự nhiên bị xóa fan cứng xem lúc nào cx sớm hết sao bị xóa z huhuhuhu hay fb tự xóa đm fb 😭😭😭😭😭,1,0,0,0,1,1,negative,sadness,train,SEACrowd/ViSoBERT
fresh_visobert_05004,hảo đen má cl )),0,0,0,0,0,0,neutral,other,train,SEACrowd/ViSoBERT
fresh_visobert_03119,nguyễn nam má khựa story,0,0,0,0,1,0,neutral,other,train,SEACrowd/ViSoBERT
fresh_visobert_10005,Lệch con mẹ nó màn hình,0,0,0,0,0,0,neutral,other,train,SEACrowd/ViSoBERT
fresh_visobert_03884,hôm qua xây giấy,0,0,0,0,0,0,neutral,other,train,SEACrowd/ViSoBERT
fresh_visobert_09199,nghỉ ngơi một chuỗi ngày sau một năm không làm được cái gì 😃,1,0,1,0,0,0,neutral,surprise,train,SEACrowd/ViSoBERT
fresh_visobert_05541,tâm thần kg trịnh thượng cách hành cặc xử tiền quyền bố láo,0,0,0,1,0,0,neutral,anger,train,SEACrowd/ViSoBERT
fresh_visobert_06484,Nên gắn ở cty mình Nguyễn Thị Thu Trang 🤣,0,0,0,0,0,0,neutral,enjoyment,train,SEACrowd/ViSoBERT
fresh_visobert_06573,Chúc hai bạn hạnh phúc cùng nhau heeeeeeeeeeee 😊😊,0,0,0,0,0,0,positive,enjoyment,train,SEACrowd/ViSoBERT
fresh_visobert_03707,ae sống chậm,0,0,0,0,1,0,neutral,other,train,SEACrowd/ViSoBERT
fresh_visobert_00535,thùy trang nè >>,0,0,0,0,0,0,positive,sadness,train,SEACrowd/ViSoBERT
fresh_visobert_00767,hieu do )) wut,0,0,0,0,1,0,negative,enjoyment,train,SEACrowd/ViSoBERT
fresh_visobert_11887,💚❤ 💛 đi đâu cũng gặp người nhà nha,0,0,0,0,0,0,positive,enjoyment,train,SEACrowd/ViSoBERT
fresh_visobert_02867,vcl má haha,1,1,0,0,0,1,negative,anger,train,SEACrowd/ViSoBERT
fresh_visobert_04228,tuyền phạm,0,0,0,0,0,0,positive,enjoyment,train,SEACrowd/ViSoBERT
fresh_visobert_02513,phạm trần nhật quang anime đòi rút nả bi rồng,0,0,0,0,0,0,neutral,other,train,SEACrowd/ViSoBERT
fresh_visobert_05421,ước mk đg hn tối đc dọc hồ tây thư giãn,0,0,0,0,0,0,neutral,other,train,SEACrowd/ViSoBERT
fresh_visobert_05351,cảm phục nhân sỹ canh cánh nỗi niềm tổ quốc dân tộc can đảm phi thường dám chấp bút viết 👍 🏼 👍 🏼 👍 🏼,0,0,0,1,0,0,positive,enjoyment,train,SEACrowd/ViSoBERT
fresh_visobert_02011,chục triệu mấy,0,0,0,0,0,0,neutral,sadness,train,SEACrowd/ViSoBERT
fresh_visobert_08318,Thôi bỏ qua cho xong,0,0,0,0,0,0,neutral,other,train,SEACrowd/ViSoBERT
fresh_visobert_08312,Chao e KAI coi,0,0,0,0,0,0,neutral,enjoyment,train,SEACrowd/ViSoBERT
fresh_visobert_01222,khánh linh,0,0,0,0,0,0,neutral,other,train,SEACrowd/ViSoBERT
fresh_visobert_03753,ngàn tỷ đại gia dân đứng chống lưng lo kk,0,0,0,0,0,0,neutral,fear,train,SEACrowd/ViSoBERT
fresh_visobert_06191,"Có body tự khắc tỏa sáng, % tập thể dục và 7% chế độ ăn. Qua page mình chơi để cập nhật thêm kiến thức healthy nà",0,0,0,0,1,0,neutral,other,train,SEACrowd/ViSoBERT
fresh_visobert_08756,Cái bà cô vô duyên cực,1,0,0,1,0,1,negative,disgust,train,SEACrowd/ViSoBERT
fresh_visobert_05629,chính phủ nidalee vãi má khoa,0,0,0,1,0,0,neutral,surprise,train,SEACrowd/ViSoBERT
fresh_visobert_08328,Chị thông cảm. Hàng về nhiều quá. Em ko có thời gian để chụp hết mẫu up lên ạ. Có tg rảnh e mời chị ghé trực tiếp cửa hàng xem nhé :D,0,0,0,0,0,0,neutral,other,train,SEACrowd/ViSoBERT
fresh_visobert_07859,Bé Bi đr đâu như ml m :)),1,0,0,0,0,0,neutral,other,train,SEACrowd/ViSoBERT
fresh_visobert_01191,đề nghị add cắt chức vụ fan cứng trao xứng đáng chùa bực mình =)),1,1,0,0,1,1,negative,anger,train,SEACrowd/ViSoBERT
fresh_visobert_03667,hoàng xuân tâm mắc cưòi haha cmt hài hước,0,0,0,0,0,0,neutral,enjoyment,train,SEACrowd/ViSoBERT
fresh_visobert_04983,khoe huy hiệu ))),0,0,0,0,1,0,neutral,other,train,SEACrowd/ViSoBERT
fresh_visobert_07105,Nghỉ nghỉdẹp dẹp tập trung vào giảm bếu,0,0,0,0,0,0,neutral,other,train,SEACrowd/ViSoBERT
fresh_visobert_11079,Chú Snoop mới đăng luôn nè kaka,0,0,0,0,1,0,positive,enjoyment,train,SEACrowd/ViSoBERT
fresh_visobert_11006,Trinhh Phạm Ty Ty nek má,0,0,0,0,0,0,negative,other,train,SEACrowd/ViSoBERT
fresh_visobert_04116,tưởng đc hóa ra đc thâtj hihi sbtc vô địch,1,1,1,0,0,0,neutral,enjoyment,train,SEACrowd/ViSoBERT
fresh_visobert_05924,Nếu phân vân giữa ĐH trong nước và RMIT => RMIT,0,0,0,0,0,0,neutral,other,train,SEACrowd/ViSoBERT
fresh_visobert_02965,trung tốc độ )) trung 6 dú,0,0,0,0,0,0,neutral,other,train,SEACrowd/ViSoBERT
fresh_visobert_01204,lớp du chu cờ mo minh hiếu,0,0,0,0,0,0,neutral,other,train,SEACrowd/ViSoBERT
fresh_visobert_08414,A học xây dựng học trò của Lộcfuho,0,0,0,0,0,0,neutral,other,train,SEACrowd/ViSoBERT
fresh_visobert_10699,Lần đầu tiên thấy chữ ko lại bé vậy,0,0,0,0,0,0,neutral,other,train,SEACrowd/ViSoBERT
fresh_visobert_10199,"gần 2 năm đến sớm nhất để mở cửa lớp , lúc về cũng là người là sau cùng để khóa cửa . đến giờ ra trường được 3 năm vẫn không muốn vứt chìa khóa của lớp ...",0,0,0,0,0,0,negative,sadness,train,SEACrowd/ViSoBERT
fresh_visobert_05190,ms da heo hả abe,1,0,0,0,0,0,neutral,surprise,train,SEACrowd/ViSoBERT
fresh_visobert_05026,ấn tượng cụ dần,0,0,0,0,0,0,neutral,sadness,train,SEACrowd/ViSoBERT
fresh_visobert_04838,học chôn chất thải độc hại má dân nha,1,0,0,0,0,0,positive,enjoyment,train,SEACrowd/ViSoBERT
fresh_visobert_05734,đào anh q đào câu kia cặc độ người lớn th,0,0,0,0,0,0,neutral,other,train,SEACrowd/ViSoBERT
fresh_visobert_09980,Bé vẫn đang ignore sự thật về việc China là nước có niên sử gây ô nhiễm môi trường nhất thế giới này 🥴,0,0,0,0,0,0,neutral,other,train,SEACrowd/ViSoBERT
fresh_visobert_06877,- Lãi suất ưu đãi cho sinh viên: k/ triệu/ ngày,0,0,0,0,0,0,neutral,other,train,SEACrowd/ViSoBERT
fresh_visobert_07419,Xong tuần nữa mới đến hạn trả góp mà nhân viên thay nhau gọi ngày hơn cuộc 😂🤣,1,1,1,0,0,1,positive,enjoyment,train,SEACrowd/ViSoBERT
fresh_visobert_10892,C ơi C có thuốc mọc tóc k? Giá bn c,0,0,0,0,0,0,neutral,other,train,SEACrowd/ViSoBERT
fresh_visobert_06586,Body vòng ngon,0,0,0,0,0,0,negative,sadness,train,SEACrowd/ViSoBERT
fresh_visobert_03973,kệ lồi báo cặc bé dễ thương,0,0,0,0,0,0,positive,enjoyment,train,SEACrowd/ViSoBERT
fresh_visobert_08107,Mình luôn ở đẳng cấp khác,0,0,0,0,1,0,neutral,enjoyment,train,SEACrowd/ViSoBERT
fresh_visobert_00889,cửa khẩu kh mấy ng ý thức ngang ngược trách mãi,0,0,0,0,0,0,negative,sadness,train,SEACrowd/ViSoBERT
fresh_visobert_02147,hâm mộ page chửi vẽ đẹp phát huy ad oiiiiiiiii,0,0,0,0,1,0,positive,enjoyment,train,SEACrowd/ViSoBERT
fresh_visobert_10307,Kiểu phân biệt dân tộc thế ạ,0,0,0,0,0,0,neutral,other,train,SEACrowd/ViSoBERT
fresh_visobert_10161,Đà lạt đi về ý a 🙂,1,1,0,0,0,0,neutral,surprise,train,SEACrowd/ViSoBERT
fresh_visobert_11318,"mẹ à,con chỉ đi bơi thôi mà. bây giờ ,bơi là môn thể thao giữ dáng đó nha mẹ. mẹ cũng xuống ao sen bơi đi cho đẹp dáng đi",1,0,1,0,0,1,positive,disgust,train,SEACrowd/ViSoBERT
fresh_visobert_05286,thiên đường cặc cs,0,0,0,0,0,0,neutral,other,train,SEACrowd/ViSoBERT
fresh_visobert_11332,gì mà còn đẹp hơn củ,1,0,1,0,0,0,positive,surprise,train,SEACrowd/ViSoBERT
fresh_visobert_00081,Bài này nghe dính dính thật sự,0,0,0,0,0,0,neutral,other,train,SEACrowd/ViSoBERT
fresh_visobert_08194,Linh nguyễn style này hợp với cta này =))),1,0,0,0,1,0,neutral,other,train,SEACrowd/ViSoBERT
fresh_visobert_00888,kinh tế thị trường định hướng đấy,0,0,0,0,0,0,negative,disgust,train,SEACrowd/ViSoBERT
fresh_visobert_02102,cố việt nam,0,0,0,0,0,0,positive,other,train,SEACrowd/ViSoBERT
fresh_visobert_02452,mini tae cặc cai,0,0,0,0,0,0,negative,other,train,SEACrowd/ViSoBERT
fresh_visobert_04855,love you refund,0,0,0,0,1,0,positive,enjoyment,train,SEACrowd/ViSoBERT
fresh_visobert_07810,Cô vẻ hongg ạ,0,0,0,0,0,0,positive,enjoyment,train,SEACrowd/ViSoBERT
fresh_visobert_08044,Chưa bao giờ đc cj kêu tên,0,0,0,0,0,0,neutral,other,train,SEACrowd/ViSoBERT
fresh_visobert_01596,tàu miệng bốn 6 vàng bắn ngang lưng rạ cặc gạc ma nhảy tư chừng hốt xong đốt,0,0,0,0,0,0,neutral,other,train,SEACrowd/ViSoBERT
fresh_visobert_10755,"Có lần đang làm bài tập mà bọn bạn nó rủ đi đá bóng mà mình lại kêu là đang bị bắt phải làm xong bài tập, xong cái cno hơn chục đứa lũ lượt kéo nhau đến nhà mình ngồi giải cùng bài tập sum vầy như tết nuôn, cái mẹ nhìn thấy xong xúc động cho đến khi mẹ mình cầm bài lên và đáp án sai bét. Thế là mình không những bị ăn đòn mà còn không được đi chơi 😞",1,0,1,1,0,1,negative,sadness,train,SEACrowd/ViSoBERT
fresh_visobert_08430,"Không thả ảnh trong cmt được chứ nếu không tôi sẽ cho các bác xem con mèo bông bỉ ổi mà mẹ chồng mua cho tôi, người con dâu 9t 😂",1,1,1,0,0,1,positive,enjoyment,train,SEACrowd/ViSoBERT
fresh_visobert_03998,mấy thánh bắt ng vi phạm ntn thánh hành vi vi phạm bất thường đứng kiểu a hùng núp tnày bắt láo kế hoạch,0,0,0,0,0,0,neutral,other,train,SEACrowd/ViSoBERT
fresh_visobert_08110,dùng 3 hôm mới thấy viền 2 bên không cảm ứng được . bấn 10 lần mới được một lần,0,0,0,0,0,0,neutral,other,train,SEACrowd/ViSoBERT
fresh_visobert_10367,bỏ thôi a ạ,0,0,0,0,0,0,neutral,other,train,SEACrowd/ViSoBERT
fresh_visobert_11002,Vài năm nữa thôi,0,0,0,0,0,0,positive,enjoyment,train,SEACrowd/ViSoBERT
fresh_visobert_10446,Roll royce hay sao? :D,0,0,0,0,0,0,positive,enjoyment,train,SEACrowd/ViSoBERT
fresh_visobert_03921,thuốc lào phê,1,0,0,0,0,0,positive,enjoyment,train,SEACrowd/ViSoBERT
fresh_visobert_00094,A oi em da 5tuoi roi khong biet con co the cao dk chut nao nua ko anh .,0,0,0,0,1,0,neutral,other,train,SEACrowd/ViSoBERT
fresh_visobert_09288,Sen Lee c thử mua tôm xem tiến nó có sao ko :)),1,1,0,0,0,1,neutral,disgust,train,SEACrowd/ViSoBERT
fresh_visobert_07119,Thanh Hai Nguyen có con dì chất như nước cất hỉ😁😁😁,1,0,0,1,0,0,positive,enjoyment,train,SEACrowd/ViSoBERT
fresh_visobert_06343,"Cho e hỏi, đt em mới mua sao bin dỏm nóng máy quá z. Để ko cũng tuột phần trăm bin nữa. OPPOA91",0,0,0,0,0,0,neutral,other,train,SEACrowd/ViSoBERT
fresh_visobert_00862,hình gốc =))),1,0,0,0,0,0,neutral,other,train,SEACrowd/ViSoBERT
fresh_visobert_09291,Tưỡng tượng sau này mình cũng vậy.,0,0,0,0,0,0,neutral,other,train,SEACrowd/ViSoBERT
fresh_visobert_08666,Luk nao co hagc bao e lun nha.,0,0,0,0,0,0,neutral,other,train,SEACrowd/ViSoBERT
fresh_visobert_02075,no co vn lam ma dc ban oi,0,0,0,0,1,0,neutral,other,train,SEACrowd/ViSoBERT
fresh_visobert_11798,Lê Nhật Trâm ủa sao lại spoil phim vậy ạ :((,1,0,0,0,0,0,neutral,surprise,train,SEACrowd/ViSoBERT
fresh_visobert_06563,Cẩn thận giọng nha Gấu 😓,0,0,0,0,0,0,neutral,other,train,SEACrowd/ViSoBERT
fresh_visobert_00831,mai vòng vòng toang,1,0,0,1,0,0,negative,sadness,train,SEACrowd/ViSoBERT
fresh_visobert_06217,Uhm thì mình ên mới đi cmt dạo cho bớt sợ chớ sao =)))))))))))))))),0,0,0,0,0,0,negative,fear,train,SEACrowd/ViSoBERT
fresh_visobert_09568,"Ẻm nhìn bạn với ánh mắt rất hiền, ẻm rất mến bạn đấy ạ 🥰",0,0,0,0,0,0,positive,enjoyment,train,SEACrowd/ViSoBERT
fresh_visobert_08443,Bé Xinh Shop - Quần áo trẻ em shop ở tận TPHCM ln ag,0,0,0,0,1,0,neutral,other,train,SEACrowd/ViSoBERT
fresh_visobert_11650,Nguyen Ngoc Kim Ngan rước idol m đi kìa =))),1,1,0,0,1,1,neutral,disgust,train,SEACrowd/ViSoBERT
fresh_visobert_00758,th lào biển nhie,0,0,0,0,0,0,positive,enjoyment,train,SEACrowd/ViSoBERT
fresh_visobert_01924,bố tr tiền donate bố tôm hùm cầm cua hoàng đế cầm bụng còn tiền mua cơm,0,0,0,0,0,0,neutral,other,train,SEACrowd/ViSoBERT
fresh_visobert_11146,Mikaela Hyakuya chủ tịch cái vẹo gì tầm này... Đinh la thăng còn hẹo... Dăm ba thằng chủ tịch ghẻ,0,0,0,0,0,0,neutral,other,train,SEACrowd/ViSoBERT
fresh_visobert_08637,Cười vào mặt Gấu Gấu gg ❤❤,0,0,0,0,1,0,positive,enjoyment,train,SEACrowd/ViSoBERT
fresh_visobert_10793,"Haahaa, giống mình, mình dăt em mình đi Open Day, mấy bạn volunteer toàn kêu mình là em =))) chak nhìn mình tưởng mấy em 96 97 chăng? Hahaaa",1,1,1,0,0,1,neutral,disgust,train,SEACrowd/ViSoBERT
fresh_visobert_08396,"Chị My dễ thương, hat bài mới cho fan nghe ik chị",0,0,0,0,1,0,positive,enjoyment,train,SEACrowd/ViSoBERT
fresh_visobert_03295,dầy chết hon,0,0,0,0,0,0,neutral,other,train,SEACrowd/ViSoBERT
fresh_visobert_11183,đi bộ về.Chắc Rằm tháng 5 về đến nhà :v,0,0,0,0,0,0,neutral,other,train,SEACrowd/ViSoBERT
fresh_visobert_09260,vl yêu nhau từ lớp 9 :)) lớp 9 mấy bé mới lớn chưa đủ suy nghĩ chín chắn thì chả vậy,1,1,0,1,0,1,positive,enjoyment,train,SEACrowd/ViSoBERT
fresh_visobert_11100,"Chán ghê lên đc, con Rr của mình cũng nằm trong số đó 🥲",0,0,0,0,0,0,negative,sadness,train,SEACrowd/ViSoBERT
fresh_visobert_06478,Tusen takk for en fin tilbakemelding og vi setter pris p deres insats.,0,0,0,0,0,0,neutral,other,train,SEACrowd/ViSoBERT
fresh_visobert_08778,"E chưa có điều kiện xài hàng cao cấp, hi vọng e dc trúng quà chị iu ơi.",0,0,0,0,1,0,positive,sadness,train,SEACrowd/ViSoBERT
fresh_visobert_03191,sủa nge má thối quá trời,0,0,0,0,0,0,neutral,other,train,SEACrowd/ViSoBERT
fresh_visobert_01721,trương cự xin phép bổ sung,0,0,0,0,0,0,neutral,other,train,SEACrowd/ViSoBERT
fresh_visobert_04060,nhân cách tiền nhìu cko ngta cai nghiệp kiep truoc ngta cặc méo đc miếng đức hô hào phi,0,0,0,0,0,0,neutral,other,train,SEACrowd/ViSoBERT
fresh_visobert_09278,Đúng cmn rồi còn dề,0,0,0,0,0,0,neutral,other,train,SEACrowd/ViSoBERT
fresh_visobert_01055,đụng chết thanh niên tù ta,0,0,0,0,0,0,neutral,other,train,SEACrowd/ViSoBERT
fresh_visobert_05136,địt mẹ thử cá kho hâm ngon vailone,1,0,0,0,0,1,neutral,disgust,train,SEACrowd/ViSoBERT
fresh_visobert_05587,nguyễn hiếu quảng cáo chất vl 🤣 🤣,1,1,0,1,0,1,positive,enjoyment,train,SEACrowd/ViSoBERT
fresh_visobert_01979,thùy bệnh đa nhân cách )))),0,0,0,0,0,0,neutral,other,train,SEACrowd/ViSoBERT
fresh_visobert_07517,chọn cái nào Huu Thien Nguyen,0,0,0,0,0,0,neutral,other,train,SEACrowd/ViSoBERT
fresh_visobert_10259,"A ra tù , sang việt nam livestream thì đúng bài luôn",0,0,0,0,1,0,neutral,other,train,SEACrowd/ViSoBERT
fresh_visobert_06590,Cai s4 con hk a gui hjh wa cho e xem yk,0,0,0,0,0,0,neutral,other,train,SEACrowd/ViSoBERT
fresh_visobert_01195,hương thanh xuân,0,0,0,0,0,0,neutral,sadness,train,SEACrowd/ViSoBERT
fresh_visobert_03121,lê tấn tài cày cặc view ngu lồn mày,1,0,0,0,1,1,negative,disgust,train,SEACrowd/ViSoBERT
fresh_visobert_09272,"Đợi vài tập nữa bé lên k DEF thì đánh = niềm tin (đấy là chưa cộng thêm skill tăng gấp 4 lần lên nữa , rồi còn thêm chỉ số giáp nữa) , ko có xuyên giáp thì team bạn khóc thét, mà xuyên giáp đi chăng nữa cũng méo gánh nổi đống skill của Maple",1,0,1,1,1,1,neutral,disgust,train,SEACrowd/ViSoBERT
fresh_visobert_00198,hoan nghênh trần dần tư tưởng tiến bộ chống cộng sản việt nam quên quá khứ yêu thương ai già lo tu thân sám hối lựa chọn chúc trần dần sống khỏe mạnh đẹp lão,0,0,0,0,0,0,positive,enjoyment,train,SEACrowd/ViSoBERT
fresh_visobert_09435,Lời thì thầm của đá 🤣,0,0,0,0,0,0,neutral,enjoyment,train,SEACrowd/ViSoBERT
fresh_visobert_10562,Ngô Trung đừng manh động nha a ahihi,0,0,0,0,0,0,neutral,other,train,SEACrowd/ViSoBERT
fresh_visobert_05534,ch nhung đổ lệ ch kinh,0,0,0,0,0,0,negative,disgust,train,SEACrowd/ViSoBERT
fresh_visobert_04826,eo mặt xấu giấy bút tả nổi cặc đừng bẩn miệng coi tệ đống phân,0,0,0,0,0,0,negative,sadness,train,SEACrowd/ViSoBERT
fresh_visobert_07548,Thích mỗi ảnh đầu tiên :)),1,0,0,0,0,0,positive,enjoyment,train,SEACrowd/ViSoBERT
fresh_visobert_11479,Tinhtế kiếm công nghệ để nói hay kiếm tàu lao để nói?,0,0,0,0,0,0,positive,enjoyment,train,SEACrowd/ViSoBERT
fresh_visobert_03033,chúc anh chị kì lễ vui vẻ ❤,0,0,0,0,0,0,positive,enjoyment,train,SEACrowd/ViSoBERT
fresh_visobert_10862,Thoa Le Nguyễn Hân Jiin Pe Dương Hồng Nhung,0,0,0,0,0,0,neutral,other,train,SEACrowd/ViSoBERT
fresh_visobert_06118,thât đó ban ơi bên ban sao rồi chúc ban mk,0,0,0,0,0,0,neutral,other,train,SEACrowd/ViSoBERT
fresh_visobert_02154,loi chi hieu ban dau moi thay chi biet chi la the gioi thu dan moi biet chi dep lắm chi chuyen dễ thương,0,0,0,0,1,0,positive,enjoyment,train,SEACrowd/ViSoBERT
fresh_visobert_11982,Arteta sẽ đưa Arsenal vô địch NHA trong 2-3 năm tới,0,0,0,0,0,0,neutral,other,train,SEACrowd/ViSoBERT
fresh_visobert_02073,mấy mấy hồi xưa bắc tư thế hào hùng đào núi rừng miền nam giải phóng cặc ách đô hộ thực dân pháp vậy khí phách anh hùng hào cường sao than rên chi não ruột,0,0,0,0,0,0,neutral,other,train,SEACrowd/ViSoBERT
fresh_visobert_04233,mặc quần kéo đc khóa 🤣 🤣,0,0,0,0,0,0,neutral,enjoyment,train,SEACrowd/ViSoBERT
fresh_visobert_08580,Nếu xài ok sẽ ủng hộ thêm nữa..,0,0,0,0,1,0,neutral,other,train,SEACrowd/ViSoBERT
fresh_visobert_01445,phạm nguyễn cát má vy cljv,0,0,0,0,0,0,neutral,other,train,SEACrowd/ViSoBERT
fresh_visobert_05250,nguyễn lâm nhật khoa abe tụi bây trò đùa 😂 😂 😂 😂,1,0,0,0,0,0,neutral,enjoyment,train,SEACrowd/ViSoBERT
fresh_visobert_04649,đống chiws,0,0,0,0,0,0,neutral,other,train,SEACrowd/ViSoBERT
fresh_visobert_03892,hoàng thịnh,0,0,0,0,0,0,neutral,enjoyment,train,SEACrowd/ViSoBERT
fresh_visobert_08513,Nên mua nha,0,0,0,0,1,0,positive,enjoyment,train,SEACrowd/ViSoBERT
fresh_visobert_03347,nguyễn trọng thái cặc xạo lol,0,0,0,0,1,1,negative,disgust,train,SEACrowd/ViSoBERT
fresh_visobert_01651,tinh minh truong,0,0,0,0,0,0,positive,enjoyment,train,SEACrowd/ViSoBERT
fresh_visobert_07364,Co mây trăm ty đu concert cua oppa,0,0,0,0,1,0,neutral,other,train,SEACrowd/ViSoBERT
fresh_visobert_08059,Tỷ ấy đẹp ko một góc chết mê mệt,0,0,0,0,0,0,positive,enjoyment,train,SEACrowd/ViSoBERT
fresh_visobert_10926,Mũ xinh lắm lắm lắm luôn ạ. Nên mua nha mụi ngừi ơi,0,0,0,0,0,0,neutral,other,train,SEACrowd/ViSoBERT
fresh_visobert_05085,việt yến chăc lau chìu chổ xui xui đền,0,0,0,0,0,0,neutral,other,train,SEACrowd/ViSoBERT
fresh_visobert_01931,sống nôi cs hàng hn hải phòng hạ long nhộn nhịp mua sắm thông giả ông già noel đồ trang trí trang trọng phòng phân biệt tôn giáo nhà thờ chương trình chào mừng gs ng đọc ngẫm,0,0,0,0,0,0,neutral,other,train,SEACrowd/ViSoBERT
fresh_visobert_03939,cầu chúc dần sống thọ phục vụ nhân dân hải ngoại dần,0,0,0,0,0,0,neutral,other,train,SEACrowd/ViSoBERT
fresh_visobert_07902,lớp thầy lộc luôn chào đón các em 😊,0,0,0,0,0,0,positive,enjoyment,train,SEACrowd/ViSoBERT
fresh_visobert_02856,xuân trường nhe yeyeye,0,0,0,0,0,0,neutral,other,train,SEACrowd/ViSoBERT
fresh_visobert_11394,"Bức xúc quá ko nói ko đc, rõ ràng htrc vừa bảo con là vào nhóm kín có chứa nội dung văn hóa phẩm đồi trụy rồi còn đập máy con public hết tất cả nd tn trong nhóm=)) hqua lại bảo hai mẹ con cùng quản lí và con cũng ko xem những thứ đấy ủa alo nó ko xem sao đập máy nó lên cơn ngộ à",1,1,0,0,0,1,neutral,surprise,train,SEACrowd/ViSoBERT
fresh_visobert_02998,tụt hứng kk,0,0,0,0,0,0,neutral,enjoyment,train,SEACrowd/ViSoBERT
fresh_visobert_06017,Lên lèo 5k đi rồi giảm dần là vừa 🥲,0,0,0,0,0,0,neutral,sadness,train,SEACrowd/ViSoBERT
fresh_visobert_07751,Bs cho e hỏi e mang thai đứa thứ bây giờ dc tuan thì sâ hay có phải làm sét nghiệm gì hok bs,0,0,0,0,0,0,positive,enjoyment,train,SEACrowd/ViSoBERT
fresh_visobert_02893,hài vcl buồn video thầy tự tử )),1,0,0,0,1,1,negative,anger,train,SEACrowd/ViSoBERT
fresh_visobert_05938,Bùi Viết Trọng tìm tìm cc,0,0,0,0,0,0,neutral,other,train,SEACrowd/ViSoBERT
fresh_visobert_02633,đứng dẩy thành ca sĩ đc thế mà đợt a bảnh má đội ca sĩ nổi tiếng đéo tù,1,0,1,0,0,0,negative,anger,train,SEACrowd/ViSoBERT
fresh_visobert_01112,muộn bạo lực cm sống thời đất nước đổi thay,0,0,0,0,0,0,neutral,other,train,SEACrowd/ViSoBERT
fresh_visobert_07700,Nhìn thấy trò xịn xò là thấy ưng rồi ấy,0,0,0,0,0,0,positive,enjoyment,train,SEACrowd/ViSoBERT
fresh_visobert_05805,công an chánh văn phòng tòa án hành pháp tư pháp lập pháp,0,0,0,0,0,0,neutral,other,train,SEACrowd/ViSoBERT
fresh_visobert_06364,Tát phát đau răng ngày 🙂 sợ luôn,1,1,0,0,0,0,negative,fear,train,SEACrowd/ViSoBERT
fresh_visobert_05273,tỷ miến dải chùi lozz =)),0,0,0,0,0,0,neutral,other,train,SEACrowd/ViSoBERT
fresh_visobert_05167,đồq hươq cần thơ,0,0,0,0,0,0,negative,sadness,train,SEACrowd/ViSoBERT
fresh_visobert_11633,"toàn xử ép , đi tù gần được 7 năm rồi đền người ta 200 triệu . thời gian tuổi trẻ của con người rẻ mạt quâ",0,0,0,0,0,0,neutral,other,train,SEACrowd/ViSoBERT
fresh_visobert_11907,Jesse Pinkman cải tiến công thức thầy Bạch chế đá Pinksky à,0,0,0,0,0,0,neutral,other,train,SEACrowd/ViSoBERT
fresh_visobert_10204,Vdeo chất lg vđ :)) đúng là nếu ai đó đã ra đi thì hãy cho họ biết rằng kbh có đg quay lại :)),1,0,1,0,0,0,positive,surprise,train,SEACrowd/ViSoBERT
fresh_visobert_02252,mat duoc nga voi nhung chi cặc an cuc duoc nha chi,0,0,0,0,0,0,neutral,other,train,SEACrowd/ViSoBERT
fresh_visobert_00493,yếu đuối vl nổi sóng gió cuộc đời 😂 😂 😂,1,1,0,1,0,1,neutral,enjoyment,train,SEACrowd/ViSoBERT
fresh_visobert_09598,Tuấn Trần Thanh hóng chờ show,0,0,0,0,1,0,neutral,other,train,SEACrowd/ViSoBERT
fresh_visobert_07593,THẨM MỸ VIỆN MAILISA Dạ em cảm ơn Chị,0,0,0,0,0,0,positive,enjoyment,train,SEACrowd/ViSoBERT
fresh_visobert_07483,Lê Ngọc Minh Châu đóng học phí trong nonolive là chổ nào vậy bạn,0,0,0,0,0,0,neutral,other,train,SEACrowd/ViSoBERT
fresh_visobert_07145,Tưởng bánh mì phải có pate mà giờ còn có trà xanh nữa=))),1,1,1,0,0,1,neutral,disgust,train,SEACrowd/ViSoBERT
fresh_visobert_05592,lưu thị phương thảo cô giáo cmt dạo,0,0,0,0,0,0,neutral,other,train,SEACrowd/ViSoBERT
fresh_visobert_00440,nể phóng viên mặt tỉnh bơ biến sắc,0,0,0,0,0,0,neutral,other,train,SEACrowd/ViSoBERT
fresh_visobert_04645,biết điều ko má cầu sg chít,0,0,0,0,0,0,negative,sadness,train,SEACrowd/ViSoBERT
fresh_visobert_04647,nguyen anh hùng đay minh an sam ban con so cmt đay đau,0,0,0,0,0,0,negative,sadness,train,SEACrowd/ViSoBERT
fresh_visobert_03996,nyc quá ta,0,0,0,0,0,0,positive,sadness,train,SEACrowd/ViSoBERT
fresh_visobert_11604,Phoenix: chắc là được bạn ạ. tốt quá đi chớ,0,0,0,0,0,0,positive,enjoyment,train,SEACrowd/ViSoBERT
fresh_visobert_02151,bố độ chấn tiền ah bô cao lãnh,0,0,0,0,0,0,neutral,other,train,SEACrowd/ViSoBERT
fresh_visobert_01690,tập đầu nhân vật xong phát tập 6 a độ sad,0,0,0,0,1,0,neutral,other,train,SEACrowd/ViSoBERT
fresh_visobert_08925,"dép đẹp y hình , rất tốt",0,0,0,0,0,0,positive,enjoyment,train,SEACrowd/ViSoBERT
fresh_visobert_10032,Xài hệ điều hành Anlonroid có khác. Thần thái dể sợ. 😂😂😂,0,0,0,1,0,0,neutral,fear,train,SEACrowd/ViSoBERT
fresh_visobert_11957,"- Sản phẩm chất lượng, màu đẹp rang mịn thơm",1,0,0,0,0,0,positive,enjoyment,train,SEACrowd/ViSoBERT
fresh_visobert_00213,thành phần hà nội kì thị dân vĩnh phúc bh mấy ngừoi lây nhể,0,0,0,0,0,0,neutral,other,train,SEACrowd/ViSoBERT
fresh_visobert_09620,Diệu Hànghĩ ngay đến nồi bò nhúng dấm,0,0,0,0,0,0,neutral,other,train,SEACrowd/ViSoBERT
fresh_visobert_03198,mặt khác lịch sử,0,0,0,0,0,0,neutral,other,train,SEACrowd/ViSoBERT
fresh_visobert_08029,Oh e lên fan cứng ui ❤,0,0,0,0,1,0,positive,enjoyment,train,SEACrowd/ViSoBERT
fresh_visobert_03142,mấy sống chậm,0,0,0,0,1,0,neutral,sadness,train,SEACrowd/ViSoBERT
fresh_visobert_06457,góp phần xây dựng đất nước chứ gì kkk đóng nhiếu rứa,0,0,0,0,0,0,neutral,enjoyment,train,SEACrowd/ViSoBERT
fresh_visobert_09654,"Chắc cũng rinh bộ để về mix với đào với cam, chanh chắc cũng ngon lắm",0,0,0,0,0,0,neutral,other,train,SEACrowd/ViSoBERT
fresh_visobert_06605,Adm ơi. Tk của mình tự dưng bị khoá. Đi rút cây báo về liên hệ với ngân hàng là sao ạ,0,0,0,0,0,0,neutral,other,train,SEACrowd/ViSoBERT
fresh_visobert_09657,"Hoàng Xuân tôm tít nhiều loại, bác thít loại nào, 1tr8 hay 180k 🤣🤣🤣",0,0,0,0,0,0,positive,enjoyment,train,SEACrowd/ViSoBERT
fresh_visobert_10509,Cầu mong thế giới bình an!,0,0,0,0,0,0,neutral,other,train,SEACrowd/ViSoBERT
fresh_visobert_09921,Shop giao hàng nhanh,0,0,0,0,1,0,positive,enjoyment,train,SEACrowd/ViSoBERT
fresh_visobert_09871,"ở minh bi đc vao vien khám , con ở bọn nc thấy bao la phat triẻn thi ve nha tự cách ly",0,0,0,0,0,0,neutral,other,train,SEACrowd/ViSoBERT
fresh_visobert_04417,su sy chốn,0,0,0,0,0,0,neutral,other,train,SEACrowd/ViSoBERT
fresh_visobert_11226,Trường tăng % học phí đấy,0,0,0,0,0,0,neutral,other,train,SEACrowd/ViSoBERT
fresh_visobert_10638,hàng đặt buổi sáng chiều 3h đã được giao.,0,0,0,0,0,0,neutral,other,train,SEACrowd/ViSoBERT
fresh_visobert_06620,M k nam đc về bên trái nên toàn nằm ngửa,0,0,0,0,0,0,neutral,other,train,SEACrowd/ViSoBERT
fresh_visobert_11468,năm r giờ mơi phá dx án,0,0,0,0,0,0,neutral,other,train,SEACrowd/ViSoBERT
fresh_visobert_07402,Mua Jupiter Fi đi cho nó lành,0,0,0,0,0,0,neutral,other,train,SEACrowd/ViSoBERT
fresh_visobert_11897,Phạm Duy GiangHà Mun lâu lắm k ra hồ tây linh đàm=)))),1,0,0,0,0,0,neutral,other,train,SEACrowd/ViSoBERT
fresh_visobert_08297,Thy Thy ơi <,0,0,0,0,0,0,neutral,other,train,SEACrowd/ViSoBERT
fresh_visobert_01066,thôn xóm lai rùi cấp số nhân cặc thôn phường chi hội hội tỉnh thành trung ương thối fat tởm,0,0,0,0,0,0,neutral,disgust,train,SEACrowd/ViSoBERT
fresh_visobert_06524,"Mình có khoảng 5 hoặc 6 người lớn và một trẻ em,bay từ ngày /6 đến 6/6,em xem giúp chị nhé.",0,0,0,0,0,0,neutral,other,train,SEACrowd/ViSoBERT
fresh_visobert_03877,nhiệt độ hợp lý sài gòn 5 hà nội virus sống nổi hà nội dịch,0,0,0,0,0,0,neutral,other,train,SEACrowd/ViSoBERT
fresh_visobert_02418,gọi biệt danh đừng kèm bố mẹ,0,0,0,0,0,0,neutral,other,train,SEACrowd/ViSoBERT
fresh_visobert_10395,là sắc đẹp của em,0,0,0,0,0,0,positive,enjoyment,train,SEACrowd/ViSoBERT
fresh_visobert_04088,hài cốt đc td xuong thịt,0,0,0,0,0,0,neutral,other,train,SEACrowd/ViSoBERT
fresh_visobert_11980,Chị có ra mv ca khúc mưa rơi vào phòng và đến bao giờ ko,0,0,0,0,1,0,neutral,other,train,SEACrowd/ViSoBERT
fresh_visobert_04145,game phim nhạc ngủ mớ hỗn độn cảm giác khó chịu,0,0,0,0,1,0,negative,anger,train,SEACrowd/ViSoBERT
fresh_visobert_00158,vàng ngọc cặc heo nọc,0,0,0,0,0,0,neutral,other,train,SEACrowd/ViSoBERT
fresh_visobert_01618,mô hình iron man xiền,0,0,0,0,0,0,neutral,other,train,SEACrowd/ViSoBERT
fresh_visobert_04876,meta susan bot =))),1,0,0,0,1,0,neutral,other,train,SEACrowd/ViSoBERT
fresh_visobert_11449,"⚽️quà tặng khi nạp tiền sẽ lên đến 30%,",0,0,0,0,0,0,neutral,other,train,SEACrowd/ViSoBERT
fresh_visobert_10578,Gió nhiều quá đứt dây mạng rui,0,0,0,0,0,0,neutral,other,train,SEACrowd/ViSoBERT
fresh_visobert_10550,"Shop giao hàng siêu nhanh, nhanh nhất trong các đơn 7/7 của mình dù dịch bệnh căng thẳng. Mình thích bánh tráng bơ hơn. Rất bất ngờ vì shop đóng gói rất kỹ và nâng niu từng bịch bánh tráng. Cảm ơn shop nhiều nha.",0,0,0,1,1,0,positive,surprise,train,SEACrowd/ViSoBERT
fresh_visobert_06338,"Cô Samia bảo đọc sách cho nhiều vào mới làm dc, vì sem trước đề dễ quá ai cũng passed @@",0,0,0,0,0,0,neutral,other,train,SEACrowd/ViSoBERT
fresh_visobert_06835,Màu đen dạ hội hết rồi đúng k c,0,0,0,0,0,0,neutral,other,train,SEACrowd/ViSoBERT
fresh_visobert_09850,Sao nhân dân không giúp anh ấy,0,0,0,0,0,1,neutral,disgust,train,SEACrowd/ViSoBERT
fresh_visobert_03587,khỉ trần dần cặc,0,0,0,0,0,0,negative,other,train,SEACrowd/ViSoBERT
fresh_visobert_02927,thầy lol bữa kêu reaction cặc vụ hương ly 😂 😂,0,0,0,0,1,0,positive,enjoyment,train,SEACrowd/ViSoBERT
fresh_visobert_00019,M jkavshsjsjsjjsjsnsns,0,0,0,0,0,0,negative,enjoyment,train,SEACrowd/ViSoBERT
fresh_visobert_11067,Cướp bây h thông minh thế🐮,0,0,0,0,0,0,neutral,other,train,SEACrowd/ViSoBERT
fresh_visobert_10197,Hàng nguyên seal cực xịn luôn. Vừa nhẹ vừa dễ đọc,1,0,0,1,0,0,positive,enjoyment,train,SEACrowd/ViSoBERT
fresh_visobert_03745,mua dần đê,0,0,0,0,0,0,positive,enjoyment,train,SEACrowd/ViSoBERT
fresh_visobert_04694,trung trần m =)),1,0,0,0,0,0,neutral,other,train,SEACrowd/ViSoBERT
fresh_visobert_07080,Em thật là nhỏ bé thôi,1,0,1,0,0,0,neutral,surprise,train,SEACrowd/ViSoBERT
fresh_visobert_05933,giảng bài nhựa nhựa nghe buồn ngủ .,0,0,0,0,0,0,negative,sadness,train,SEACrowd/ViSoBERT
fresh_visobert_08548,Nguyễn Thịnh xin ảnh pro,0,0,0,0,1,0,neutral,other,train,SEACrowd/ViSoBERT
fresh_visobert_04452,sếp ng thay vì thải bớt,0,0,0,0,0,0,neutral,other,train,SEACrowd/ViSoBERT
fresh_visobert_02572,học sinh úc ùng ục đấy ưi 🤣 🤣 🤣,0,0,0,0,0,0,neutral,enjoyment,train,SEACrowd/ViSoBERT
fresh_visobert_08317,"cô bảo dăm ba cái thằng chạy grapbike, sao cua lách bằng cô",0,0,0,0,0,0,neutral,other,train,SEACrowd/ViSoBERT
fresh_visobert_09724,Các phú bà ơii =))) vip quá,1,1,0,0,0,1,neutral,disgust,train,SEACrowd/ViSoBERT
fresh_visobert_06515,hok thi thoi a em hoi biet dau do,0,0,0,0,0,0,neutral,other,train,SEACrowd/ViSoBERT
fresh_visobert_06634,Ai như t xem vào vẫn đ hiểu k :),1,0,0,0,0,0,neutral,other,train,SEACrowd/ViSoBERT
fresh_visobert_02168,đấy đừng dạng háng chờ team gánh nha abe dấu bé,0,0,0,0,1,0,neutral,other,train,SEACrowd/ViSoBERT
fresh_visobert_00760,hoàng ngọc cặc hòa sũa cc,0,0,0,0,0,0,neutral,other,train,SEACrowd/ViSoBERT
fresh_visobert_07948,Iphone xóa tải lại rồi có chơi đc đâu,0,0,0,0,0,0,neutral,other,train,SEACrowd/ViSoBERT
fresh_visobert_02684,chuoi di yeu,0,0,0,0,1,0,neutral,other,train,SEACrowd/ViSoBERT
fresh_visobert_00610,dễ thương love you gờ cu ❤ 🥰,0,0,0,0,1,0,positive,enjoyment,train,SEACrowd/ViSoBERT
fresh_visobert_00856,la quần quần,0,0,0,0,0,0,positive,enjoyment,train,SEACrowd/ViSoBERT
fresh_visobert_03672,chi chuoi đo chi ung hô chi trieu like,0,0,0,0,1,0,neutral,other,train,SEACrowd/ViSoBERT
fresh_visobert_10506,"Sao k viết kiểu chúc người ta hạnh phúc, vui vẻ với những gì ở hiện tại. Để người ra đi thấy nhẹ nhõm hơn, nặng quan điểm thế có vui k",0,0,0,0,0,0,positive,enjoyment,train,SEACrowd/ViSoBERT
fresh_visobert_10083,"Ở cấp đội tuyển , VN thường thua người Thái .",0,0,0,0,0,0,neutral,other,train,SEACrowd/ViSoBERT
fresh_visobert_08211,Xé giày cũ 😌😌 thế là thành người giàu,0,0,0,0,0,0,neutral,other,train,SEACrowd/ViSoBERT
fresh_visobert_09827,Võ Kỳ Duyên 47,0,0,0,0,0,0,neutral,enjoyment,train,SEACrowd/ViSoBERT
fresh_visobert_07091,móc khóa quá đẹp luôn < bạch dạ hành,0,0,0,0,0,0,positive,enjoyment,train,SEACrowd/ViSoBERT
fresh_visobert_04752,trung now never dieeeeeeeeee,0,0,0,0,1,0,neutral,other,train,SEACrowd/ViSoBERT
fresh_visobert_03238,lương tr chẳng cơm ăn tôm hùm sâu răng,0,0,0,0,0,0,neutral,other,train,SEACrowd/ViSoBERT
fresh_visobert_02500,ngoan vãi cức,0,0,0,1,0,0,negative,surprise,train,SEACrowd/ViSoBERT
fresh_visobert_02642,ráng qc kiếm tiền nuôi vợ con đừng,0,0,0,0,0,0,neutral,other,train,SEACrowd/ViSoBERT
fresh_visobert_10272,"Lê Quý Hòa Nguyễn Thanh Như Lâm Nhã Phương xem mà mắc ghét, ngứa đít. Gặp phá game z trong trận chửi cm chúng nó :))",1,1,1,1,1,1,negative,disgust,train,SEACrowd/ViSoBERT
fresh_visobert_11370,"Nồi bé hơn mình nghĩ. Cứ tưởng 1,2L nhưng nồi bên trong chỉ đc 0,8l. Nhà 2 người lớn 1 e bé ko đủ dùng. 😢😢. Đc cái nhìn mẫu mã xinh xắn. 😅 giao hàng nhanh",1,0,1,0,0,0,negative,sadness,train,SEACrowd/ViSoBERT
fresh_visobert_04206,hai chi mat dai an noi tuc tiu cặc lon roi an noi mat dai hai chi may no khoe,0,0,0,0,1,0,neutral,other,train,SEACrowd/ViSoBERT
fresh_visobert_04501,chào chúc tốt lành,0,0,0,0,0,0,positive,enjoyment,train,SEACrowd/ViSoBERT
fresh_visobert_00142,dựa cột cặc độ,0,0,0,0,0,0,negative,other,train,SEACrowd/ViSoBERT
fresh_visobert_09340,T tâm sự bao giờ ?,0,0,0,0,0,0,neutral,other,train,SEACrowd/ViSoBERT
fresh_visobert_03422,tp hcm thi nhật ha nội thi trung quoc,0,0,0,0,0,0,neutral,other,train,SEACrowd/ViSoBERT
fresh_visobert_01076,vàng ngọc nọc mọc háng hai trái dâu cặc lủng lẳng bệnh lắm đồ bóng khùng nói chuyện khùng điên,1,0,0,0,0,1,neutral,disgust,train,SEACrowd/ViSoBERT
fresh_visobert_08121,"Navie Huỳnh Anh tóc bả cũng ko nhiều đâu,nên em sẽ đẹp đc mà ;)))",1,0,1,0,0,1,positive,enjoyment,train,SEACrowd/ViSoBERT
fresh_visobert_06271,B - Đi xuống,0,0,0,0,0,0,negative,sadness,train,SEACrowd/ViSoBERT
fresh_visobert_08156,Đk trên web xong nó gọi hỏi dăm ba câu r mất hút luôn là sao hả chủ thớt,1,1,0,1,0,0,neutral,surprise,train,SEACrowd/ViSoBERT
fresh_visobert_05079,thầy cười cười,1,0,0,1,0,0,positive,enjoyment,train,SEACrowd/ViSoBERT
fresh_visobert_10258,Tối qua hẹn nay ra vlog nhưng hóng mãi vẫn chưa có :((,0,0,1,0,0,0,neutral,surprise,train,SEACrowd/ViSoBERT
fresh_visobert_09164,Em tưởng là Yomost chứ ?,0,0,0,0,0,0,neutral,other,train,SEACrowd/ViSoBERT
fresh_visobert_11213,Vừa nói xong:) đã thấy trên này r,1,0,1,0,0,0,neutral,surprise,train,SEACrowd/ViSoBERT
fresh_visobert_11802,Mn cho em xin về cơ hội việc làm của ngành Đông phương học với ạaaa. Vốn là đứa thích tìm hiểu văn hóa các nước thì ngành này hợp với em lắm : cơ mà em nghe vài người nói cơ hội việc làm thì không rộng cho lắm nên cũng lo ạ 😢,1,0,1,0,0,0,negative,fear,train,SEACrowd/ViSoBERT
fresh_visobert_09611,"Dân cư hàng xóm đông đúc nhưng văn minh, tuyệt đối không gây rối mất trật tự",0,0,1,0,0,0,positive,enjoyment,train,SEACrowd/ViSoBERT
fresh_visobert_04241,tạ thị quỳnh khôn nhề,0,0,0,0,0,0,neutral,other,train,SEACrowd/ViSoBERT
fresh_visobert_09371,"Duy Trương giờ ai đi học làm bác chĩ nữa , người ta ở nhà gọi địn thoại là thành bác chĩ à",0,0,0,0,0,0,neutral,other,train,SEACrowd/ViSoBERT
fresh_visobert_06540,6p sống chậm thui,0,0,0,0,0,0,neutral,sadness,train,SEACrowd/ViSoBERT
fresh_visobert_10675,Uiiii cá sợi này bé nhà mình siêu siêu thích luônnn 😆😆 Lần nào thả vào bát ăn là cũng ăn đầu tiên mà mình chỉ mua gói nhỏ xíu này ăn thử nên mỗi lần cho ăn ít thòm thèm lắm,0,0,1,1,0,0,positive,enjoyment,train,SEACrowd/ViSoBERT
fresh_visobert_09836,th đc r thầy,0,0,0,0,0,0,neutral,other,train,SEACrowd/ViSoBERT
