sample_id,source_row,adjudication_required,disagreement_fields,adjudicated_fields_recorded
fresh_visobert_04343,1,0,,none
fresh_visobert_01432,2,0,,none
fresh_visobert_10072,3,0,,none
fresh_visobert_00448,4,0,,none
fresh_visobert_11413,5,0,,none
fresh_visobert_09668,6,1,polarity,polarity
fresh_visobert_08823,7,0,,none
fresh_visobert_03766,8,1,emotion,emotion
fresh_visobert_06164,9,1,idiom_figurative,idiom_figurative
fresh_visobert_03624,10,1,idiom_figurative|emotion,"idiom_figurative,emotion"
fresh_visobert_02134,11,0,,none
fresh_visobert_10563,12,1,emotion,emotion
fresh_visobert_08400,13,0,,none
fresh_visobert_09983,14,0,,none
fresh_visobert_06858,15,0,,none
fresh_visobert_01073,16,0,,none
fresh_visobert_08764,17,0,,none
fresh_visobert_01866,18,1,polarity,polarity
fresh_visobert_05220,19,1,code_switching,code_switching
fresh_visobert_09222,20,0,,none
fresh_visobert_01831,21,0,,none
fresh_visobert_09664,22,0,,none
fresh_visobert_11127,23,0,,sarcasm
fresh_visobert_10588,24,0,,none
fresh_visobert_09027,25,0,,none
fresh_visobert_09269,26,0,,none
fresh_visobert_03524,27,1,emotion,emotion
fresh_visobert_08183,28,0,,none
fresh_visobert_11617,29,0,,none
fresh_visobert_01229,30,0,,none
fresh_visobert_11308,31,0,,none
fresh_visobert_09934,32,0,,none
fresh_visobert_09255,33,1,implicit_sentiment,implicit_sentiment
fresh_visobert_09268,34,1,mocking|emotion,"mocking,emotion"
fresh_visobert_03741,35,0,,none
fresh_visobert_08979,36,0,,none
fresh_visobert_06141,37,0,,none
fresh_visobert_00656,38,1,polarity,polarity
fresh_visobert_06226,39,1,implicit_sentiment,implicit_sentiment
fresh_visobert_05082,40,0,,none
fresh_visobert_04579,41,1,emotion,emotion
fresh_visobert_11503,42,0,,none
fresh_visobert_03267,43,0,,none
fresh_visobert_07813,44,0,,none
fresh_visobert_07053,45,0,,none
fresh_visobert_08658,46,0,,none
fresh_visobert_11252,47,1,emotion,emotion
fresh_visobert_02425,48,0,,none
fresh_visobert_03237,49,1,code_switching,code_switching
fresh_visobert_11672,50,0,,none
fresh_visobert_10144,51,0,,none
fresh_visobert_11720,52,0,,none
fresh_visobert_01176,53,0,,none
fresh_visobert_05572,54,0,,none
fresh_visobert_10914,55,0,,none
fresh_visobert_01020,56,1,implicit_sentiment|mocking,"implicit_sentiment,mocking"
fresh_visobert_07408,57,0,,none
fresh_visobert_04789,58,1,mocking|emotion,"mocking,emotion"
fresh_visobert_03832,59,0,,none
fresh_visobert_09700,60,1,mocking|emotion,"mocking,emotion"
fresh_visobert_10786,61,0,,none
fresh_visobert_06828,62,0,,none
fresh_visobert_10213,63,1,idiom_figurative|polarity,"idiom_figurative,polarity"
fresh_visobert_00822,64,0,,none
fresh_visobert_11699,65,1,emotion,emotion
fresh_visobert_07919,66,0,,none
fresh_visobert_06320,67,1,emotion,emotion
fresh_visobert_10818,68,0,,none
fresh_visobert_03163,69,0,,none
fresh_visobert_07805,70,1,code_switching,code_switching
fresh_visobert_09325,71,0,,none
fresh_visobert_01274,72,1,emotion,emotion
fresh_visobert_03228,73,1,emotion,emotion
fresh_visobert_10810,74,1,code_switching,code_switching
fresh_visobert_10481,75,0,,none
fresh_visobert_06872,76,0,,none
fresh_visobert_07983,77,0,,none
fresh_visobert_09493,78,0,,none
fresh_visobert_10375,79,0,,none
fresh_visobert_11727,80,1,idiom_figurative,idiom_figurative
fresh_visobert_06323,81,1,emotion,emotion
fresh_visobert_02463,82,0,,none
fresh_visobert_10163,83,0,,none
fresh_visobert_06416,84,0,,none
fresh_visobert_06778,85,1,emotion,emotion
fresh_visobert_05505,86,0,,none
fresh_visobert_09695,87,1,implicit_sentiment,implicit_sentiment
fresh_visobert_11467,88,1,emotion,emotion
fresh_visobert_10076,89,1,mocking|emotion,"mocking,emotion"
fresh_visobert_11657,90,0,,none
fresh_visobert_00076,91,1,emotion,emotion
fresh_visobert_09684,92,1,emotion,emotion
fresh_visobert_11358,93,0,,none
fresh_visobert_09890,94,0,,none
fresh_visobert_02255,95,1,code_switching,code_switching
fresh_visobert_10836,96,1,code_switching|emotion,"code_switching,emotion"
fresh_visobert_11172,97,0,,none
fresh_visobert_03292,98,0,,none
fresh_visobert_09156,99,0,,none
fresh_visobert_08300,100,0,,none
fresh_visobert_05624,101,0,,none
fresh_visobert_02979,102,1,emotion,emotion
fresh_visobert_02670,103,0,,none
fresh_visobert_03679,104,0,,none
fresh_visobert_04555,105,0,,none
fresh_visobert_02196,106,1,emotion,emotion
fresh_visobert_11785,107,0,,none
fresh_visobert_02559,108,0,,none
fresh_visobert_04910,109,0,,none
fresh_visobert_00378,110,0,,none
fresh_visobert_08192,111,1,polarity,polarity
fresh_visobert_08185,112,0,,none
fresh_visobert_09215,113,1,code_switching,code_switching
fresh_visobert_01067,114,0,,none
fresh_visobert_00957,115,0,,none
fresh_visobert_10672,116,0,,none
fresh_visobert_04619,117,1,emotion,emotion
fresh_visobert_06294,118,0,,none
fresh_visobert_03333,119,1,idiom_figurative|emotion,"idiom_figurative,emotion"
fresh_visobert_06842,120,0,,none
fresh_visobert_01127,121,0,,none
fresh_visobert_07977,122,0,,none
fresh_visobert_11323,123,0,,none
fresh_visobert_05585,124,1,emotion,emotion
fresh_visobert_06554,125,1,emotion,"emotion,sarcasm"
fresh_visobert_06657,126,1,emotion,emotion
fresh_visobert_00230,127,0,,none
fresh_visobert_10331,128,0,,none
fresh_visobert_06745,129,1,mocking,mocking
fresh_visobert_10139,130,1,polarity,polarity
fresh_visobert_01871,131,1,emotion,emotion
fresh_visobert_04164,132,1,mocking|emotion,"mocking,emotion"
fresh_visobert_06606,133,1,polarity,polarity
fresh_visobert_11810,134,0,,none
fresh_visobert_06333,135,1,polarity,polarity
fresh_visobert_03735,136,0,,none
fresh_visobert_04410,137,0,,none
fresh_visobert_05057,138,0,,none
fresh_visobert_11510,139,1,polarity,polarity
fresh_visobert_02047,140,0,,none
fresh_visobert_09816,141,1,mocking|emotion,"mocking,emotion"
fresh_visobert_00592,142,0,,none
fresh_visobert_11796,143,0,,none
fresh_visobert_03530,144,1,emotion,emotion
fresh_visobert_04583,145,0,,none
fresh_visobert_00950,146,0,,none
fresh_visobert_06025,147,0,,none
fresh_visobert_01622,148,1,implicit_sentiment|polarity|emotion,"implicit_sentiment,polarity,emotion"
fresh_visobert_00748,149,0,,none
fresh_visobert_00869,150,0,,none
fresh_visobert_03609,151,1,code_switching,code_switching
fresh_visobert_11880,152,0,,none
fresh_visobert_07590,153,0,,none
fresh_visobert_11112,154,0,,none
fresh_visobert_02874,155,1,implicit_sentiment,implicit_sentiment
fresh_visobert_03126,156,0,,none
fresh_visobert_09017,157,0,,none
fresh_visobert_00149,158,0,,none
fresh_visobert_05559,159,1,mocking|emotion,"mocking,emotion"
fresh_visobert_00621,160,0,,none
fresh_visobert_01926,161,0,,none
fresh_visobert_07722,162,1,emotion,emotion
fresh_visobert_06380,163,0,,none
fresh_visobert_05582,164,1,mocking|emotion,"mocking,emotion"
fresh_visobert_03706,165,0,,none
fresh_visobert_11834,166,0,,none
fresh_visobert_06254,167,0,,none
fresh_visobert_05765,168,0,,none
fresh_visobert_00982,169,0,,none
fresh_visobert_06227,170,0,,none
fresh_visobert_07006,171,0,,none
fresh_visobert_03602,172,0,,none
fresh_visobert_08879,173,0,,none
fresh_visobert_01915,174,0,,none
fresh_visobert_01816,175,0,,none
fresh_visobert_09548,176,0,,none
fresh_visobert_02089,177,0,,none
fresh_visobert_07157,178,0,,none
fresh_visobert_07798,179,0,,none
fresh_visobert_01434,180,0,,none
fresh_visobert_08571,181,1,code_switching,code_switching
fresh_visobert_07061,182,0,,none
fresh_visobert_01119,183,0,,none
fresh_visobert_05683,184,0,,none
fresh_visobert_01712,185,0,,none
fresh_visobert_11869,186,0,,none
fresh_visobert_03114,187,0,,none
fresh_visobert_02556,188,0,,none
fresh_visobert_04367,189,0,,none
fresh_visobert_03039,190,1,polarity,polarity
fresh_visobert_02584,191,0,,none
fresh_visobert_01821,192,0,,none
fresh_visobert_07306,193,0,,none
fresh_visobert_03300,194,0,,none
fresh_visobert_06870,195,0,,none
fresh_visobert_00300,196,1,code_switching,code_switching
fresh_visobert_05466,197,0,,none
fresh_visobert_05107,198,0,,none
fresh_visobert_06177,199,1,emotion,emotion
fresh_visobert_08977,200,1,implicit_sentiment|idiom_figurative,"implicit_sentiment,idiom_figurative"
fresh_visobert_04711,201,0,,none
fresh_visobert_11882,202,1,implicit_sentiment,implicit_sentiment
fresh_visobert_05051,203,1,emotion,emotion
fresh_visobert_11210,204,0,,none
fresh_visobert_07907,205,1,code_switching|polarity|emotion,"code_switching,polarity,emotion"
fresh_visobert_11929,206,0,,none
fresh_visobert_05002,207,1,code_switching|mocking|emotion,"code_switching,mocking,emotion"
fresh_visobert_01313,208,1,polarity|emotion,"polarity,emotion"
fresh_visobert_11324,209,0,,none
fresh_visobert_09901,210,0,,none
fresh_visobert_01113,211,0,,none
fresh_visobert_00454,212,0,,none
fresh_visobert_11126,213,0,,none
fresh_visobert_10069,214,1,polarity,polarity
fresh_visobert_04602,215,0,,none
fresh_visobert_10412,216,0,,none
fresh_visobert_11483,217,0,,none
fresh_visobert_07848,218,0,,none
fresh_visobert_07692,219,1,idiom_figurative,idiom_figurative
fresh_visobert_05194,220,0,,none
fresh_visobert_05948,221,0,,none
fresh_visobert_03330,222,1,idiom_figurative,idiom_figurative
fresh_visobert_08768,223,0,,none
fresh_visobert_06159,224,1,emotion,emotion
fresh_visobert_02056,225,0,,none
fresh_visobert_02277,226,0,,none
fresh_visobert_03209,227,0,,none
fresh_visobert_03922,228,0,,none
fresh_visobert_05253,229,0,,none
fresh_visobert_01567,230,1,mocking|emotion,"mocking,emotion"
fresh_visobert_03379,231,1,implicit_sentiment|polarity|emotion,"implicit_sentiment,polarity,emotion"
fresh_visobert_04959,232,0,,none
fresh_visobert_01203,233,0,,none
fresh_visobert_06033,234,0,,none
fresh_visobert_03186,235,0,,none
fresh_visobert_06767,236,0,,none
fresh_visobert_02787,237,1,polarity|emotion,"polarity,emotion"
fresh_visobert_01154,238,1,code_switching,code_switching
fresh_visobert_10684,239,1,polarity,polarity
fresh_visobert_04167,240,0,,none
fresh_visobert_06932,241,0,,sarcasm
fresh_visobert_09474,242,1,polarity|emotion,"polarity,emotion"
fresh_visobert_11476,243,1,polarity,polarity
fresh_visobert_10374,244,1,polarity,polarity
fresh_visobert_02970,245,0,,none
fresh_visobert_02466,246,0,,none
fresh_visobert_03149,247,0,,none
fresh_visobert_01478,248,0,,none
fresh_visobert_05438,249,1,code_switching,code_switching
fresh_visobert_07958,250,1,sarcasm,sarcasm
fresh_visobert_08446,251,1,idiom_figurative,idiom_figurative
fresh_visobert_02854,252,0,,none
fresh_visobert_09058,253,0,,none
fresh_visobert_06931,254,1,code_switching,code_switching
fresh_visobert_07128,255,1,implicit_sentiment|code_switching,"implicit_sentiment,code_switching"
fresh_visobert_02721,256,0,,none
fresh_visobert_05116,257,0,,none
fresh_visobert_01358,258,0,,none
fresh_visobert_04441,259,0,,none
fresh_visobert_03456,260,0,,none
fresh_visobert_09184,261,0,,none
fresh_visobert_05363,262,0,,none
fresh_visobert_04101,263,0,,none
fresh_visobert_10993,264,1,emotion,emotion
fresh_visobert_06708,265,0,,none
fresh_visobert_03876,266,0,,none
fresh_visobert_11536,267,1,emotion,emotion
fresh_visobert_11031,268,1,sarcasm,sarcasm
fresh_visobert_03756,269,0,,none
fresh_visobert_04436,270,1,mocking|emotion,"mocking,emotion"
fresh_visobert_02138,271,1,code_switching,code_switching
fresh_visobert_09237,272,0,,none
fresh_visobert_06501,273,0,,none
fresh_visobert_05831,274,1,implicit_sentiment,implicit_sentiment
fresh_visobert_01260,275,1,idiom_figurative|polarity,"idiom_figurative,polarity"
fresh_visobert_08611,276,0,,none
fresh_visobert_08163,277,0,,none
fresh_visobert_08981,278,1,code_switching,code_switching
fresh_visobert_10727,279,0,,none
fresh_visobert_08268,280,1,code_switching,code_switching
fresh_visobert_07303,281,0,,none
fresh_visobert_04119,282,0,,none
fresh_visobert_00681,283,0,,none
fresh_visobert_10587,284,0,,none
fresh_visobert_00247,285,1,polarity,polarity
fresh_visobert_07394,286,0,,none
fresh_visobert_10441,287,1,emotion,emotion
fresh_visobert_11008,288,0,,none
fresh_visobert_01605,289,1,polarity,polarity
fresh_visobert_07749,290,0,,none
fresh_visobert_07808,291,1,code_switching,code_switching
fresh_visobert_05920,292,0,,none
fresh_visobert_06066,293,1,emotion,emotion
fresh_visobert_09683,294,0,,none
fresh_visobert_04064,295,1,emotion,emotion
fresh_visobert_11826,296,1,polarity,polarity
fresh_visobert_00586,297,0,,none
fresh_visobert_09955,298,0,,sarcasm
fresh_visobert_03531,299,0,,none
fresh_visobert_05131,300,1,emotion,emotion
fresh_visobert_09301,301,0,,none
fresh_visobert_03521,302,1,mocking|emotion,"mocking,emotion"
fresh_visobert_00216,303,0,,none
fresh_visobert_09976,304,0,,none
fresh_visobert_08802,305,0,,none
fresh_visobert_03270,306,1,idiom_figurative|mocking|emotion,"idiom_figurative,mocking,emotion"
fresh_visobert_06890,307,0,,none
fresh_visobert_09079,308,1,emotion,emotion
fresh_visobert_09583,309,1,emotion,emotion
fresh_visobert_00282,310,0,,none
fresh_visobert_08897,311,1,mocking|emotion,"mocking,emotion"
fresh_visobert_09138,312,0,,none
fresh_visobert_08686,313,0,,none
fresh_visobert_00578,314,1,mocking|emotion,"mocking,emotion"
fresh_visobert_11415,315,0,,none
fresh_visobert_01856,316,0,,none
fresh_visobert_04220,317,1,polarity|emotion,"polarity,emotion"
fresh_visobert_04202,318,0,,none
fresh_visobert_06635,319,0,,none
fresh_visobert_10142,320,0,,none
fresh_visobert_01971,321,0,,none
fresh_visobert_05411,322,0,,none
fresh_visobert_02574,323,0,,none
fresh_visobert_07211,324,0,,none
fresh_visobert_04462,325,0,,none
fresh_visobert_04332,326,0,,none
fresh_visobert_01627,327,0,,none
fresh_visobert_05537,328,1,mocking|emotion,"mocking,emotion"
fresh_visobert_01491,329,0,,none
fresh_visobert_11429,330,0,,none
fresh_visobert_04540,331,0,,none
fresh_visobert_06199,332,0,,none
fresh_visobert_01511,333,0,,none
fresh_visobert_01446,334,0,,none
fresh_visobert_00718,335,0,,none
fresh_visobert_11896,336,0,,none
fresh_visobert_04481,337,0,,none
fresh_visobert_10706,338,1,sarcasm,sarcasm
fresh_visobert_10054,339,0,,none
fresh_visobert_09567,340,0,,none
fresh_visobert_07115,341,0,,none
fresh_visobert_01401,342,1,code_switching|emotion,"code_switching,emotion"
fresh_visobert_07499,343,0,,none
fresh_visobert_09603,344,0,,none
fresh_visobert_00759,345,0,,none
fresh_visobert_07358,346,1,emotion,emotion
fresh_visobert_03746,347,0,,none
fresh_visobert_09653,348,0,,none
fresh_visobert_03400,349,0,,none
fresh_visobert_00445,350,0,,none
fresh_visobert_08984,351,0,,none
fresh_visobert_01151,352,1,mocking|emotion,"mocking,emotion"
fresh_visobert_07581,353,1,polarity|emotion,"polarity,emotion"
fresh_visobert_10834,354,1,code_switching,code_switching
fresh_visobert_01266,355,0,,none
fresh_visobert_00946,356,0,,none
fresh_visobert_02928,357,1,idiom_figurative|emotion,"idiom_figurative,emotion"
fresh_visobert_00677,358,0,,none
fresh_visobert_00408,359,0,,none
fresh_visobert_02014,360,1,mocking|emotion,"mocking,emotion"
fresh_visobert_11665,361,0,,none
fresh_visobert_11697,362,0,,none
fresh_visobert_01256,363,1,mocking|emotion,"mocking,emotion"
fresh_visobert_05468,364,0,,none
fresh_visobert_01765,365,0,,none
fresh_visobert_06571,366,0,,none
fresh_visobert_09947,367,0,,none
fresh_visobert_06237,368,0,,none
fresh_visobert_10748,369,0,,none
fresh_visobert_09083,370,0,,none
fresh_visobert_10852,371,1,emotion,emotion
fresh_visobert_05566,372,1,mocking,mocking
fresh_visobert_01991,373,1,emotion,emotion
fresh_visobert_11828,374,0,,none
fresh_visobert_11043,375,0,,none
fresh_visobert_06797,376,0,,none
fresh_visobert_10269,377,0,,none
fresh_visobert_09617,378,1,code_switching|mocking|emotion,"code_switching,mocking,emotion"
fresh_visobert_09872,379,1,emotion,emotion
fresh_visobert_11356,380,1,mocking|emotion,"mocking,emotion"
fresh_visobert_07732,381,0,,none
fresh_visobert_10948,382,1,mocking|emotion,"mocking,emotion"
fresh_visobert_01198,383,1,emotion,emotion
fresh_visobert_06301,384,0,,none
fresh_visobert_00006,385,0,,none
fresh_visobert_10244,386,0,,none
fresh_visobert_02484,387,0,,none
fresh_visobert_03455,388,1,emotion,emotion
fresh_visobert_01121,389,0,,none
fresh_visobert_10220,390,0,,none
fresh_visobert_11065,391,0,,none
fresh_visobert_01294,392,0,,none
fresh_visobert_11521,393,0,,none
fresh_visobert_09283,394,0,,none
fresh_visobert_04504,395,0,,none
fresh_visobert_02174,396,0,,none
fresh_visobert_02064,397,0,,none
fresh_visobert_08828,398,0,,none
fresh_visobert_01442,399,1,emotion,emotion
fresh_visobert_06772,400,0,,none
fresh_visobert_11549,401,0,,none
fresh_visobert_02105,402,0,,none
fresh_visobert_06726,403,1,emotion,emotion
fresh_visobert_11303,404,0,,none
fresh_visobert_09952,405,0,,none
fresh_visobert_08276,406,0,,none
fresh_visobert_06587,407,0,,none
fresh_visobert_02807,408,0,,none
fresh_visobert_10388,409,0,,none
fresh_visobert_11984,410,1,emotion,emotion
fresh_visobert_03703,411,0,,none
fresh_visobert_00927,412,0,,none
fresh_visobert_03371,413,0,,none
fresh_visobert_07568,414,1,emotion,emotion
fresh_visobert_07982,415,0,,none
fresh_visobert_10650,416,1,emotion,emotion
fresh_visobert_01592,417,1,polarity,polarity
fresh_visobert_04103,418,0,,none
fresh_visobert_06977,419,0,,none
fresh_visobert_00752,420,0,,none
fresh_visobert_00768,421,0,,none
fresh_visobert_10300,422,0,,none
fresh_visobert_09491,423,0,,none
fresh_visobert_00825,424,0,,none
fresh_visobert_06216,425,0,,none
fresh_visobert_02234,426,0,,none
fresh_visobert_02050,427,0,,none
fresh_visobert_02539,428,0,,none
fresh_visobert_06935,429,0,,none
fresh_visobert_02943,430,1,emotion,emotion
fresh_visobert_02205,431,1,mocking,mocking
fresh_visobert_04549,432,0,,none
fresh_visobert_09446,433,0,,none
fresh_visobert_03777,434,0,,none
fresh_visobert_09986,435,1,mocking|emotion,"mocking,emotion"
fresh_visobert_01211,436,0,,none
fresh_visobert_07872,437,0,,none
fresh_visobert_03831,438,0,,none
fresh_visobert_07345,439,0,,none
fresh_visobert_06386,440,0,,none
fresh_visobert_09443,441,1,polarity,polarity
fresh_visobert_04128,442,0,,none
fresh_visobert_07673,443,0,,none
fresh_visobert_07841,444,0,,none
fresh_visobert_04825,445,1,mocking|emotion,"mocking,emotion"
fresh_visobert_11977,446,0,,none
fresh_visobert_06683,447,0,,none
fresh_visobert_05113,448,0,,none
fresh_visobert_08974,449,0,,none
fresh_visobert_07133,450,1,implicit_sentiment,implicit_sentiment
fresh_visobert_03822,451,1,mocking|emotion,"mocking,emotion"
fresh_visobert_06896,452,1,implicit_sentiment,implicit_sentiment
fresh_visobert_02661,453,0,,none
fresh_visobert_05502,454,0,,none
fresh_visobert_06937,455,0,,none
fresh_visobert_03966,456,0,,none
fresh_visobert_02492,457,0,,none
fresh_visobert_00002,458,1,idiom_figurative,idiom_figurative
fresh_visobert_10860,459,1,emotion,emotion
fresh_visobert_11857,460,1,emotion,emotion
fresh_visobert_08489,461,1,emotion,emotion
fresh_visobert_05288,462,0,,none
fresh_visobert_09672,463,1,mocking,mocking
fresh_visobert_03182,464,1,mocking|emotion,"mocking,emotion"
fresh_visobert_04467,465,1,code_switching,code_switching
fresh_visobert_05814,466,0,,none
fresh_visobert_05755,467,0,,none
fresh_visobert_02067,468,0,,none
fresh_visobert_08326,469,0,,none
fresh_visobert_09865,470,0,,none
fresh_visobert_04627,471,0,,none
fresh_visobert_06716,472,1,idiom_figurative|polarity|emotion,"idiom_figurative,polarity,emotion"
fresh_visobert_11184,473,1,code_switching,code_switching
fresh_visobert_06522,474,0,,none
fresh_visobert_06344,475,1,implicit_sentiment,implicit_sentiment
fresh_visobert_08999,476,0,,none
fresh_visobert_01199,477,0,,none
fresh_visobert_08673,478,0,,none
fresh_visobert_07736,479,1,emotion,emotion
fresh_visobert_08943,480,0,,none
fresh_visobert_10646,481,0,,none
fresh_visobert_01364,482,0,,none
fresh_visobert_06116,483,0,,none
fresh_visobert_07355,484,0,,none
fresh_visobert_02198,485,0,,none
fresh_visobert_05513,486,1,code_switching,code_switching
fresh_visobert_11791,487,0,,none
fresh_visobert_11708,488,0,,none
fresh_visobert_08450,489,0,,none
fresh_visobert_02429,490,1,idiom_figurative,idiom_figurative
fresh_visobert_01471,491,1,emotion,emotion
fresh_visobert_11403,492,0,,none
fresh_visobert_09339,493,0,,none
fresh_visobert_03491,494,1,mocking,mocking
fresh_visobert_08356,495,0,,none
fresh_visobert_05108,496,0,,none
fresh_visobert_05008,497,0,,none
fresh_visobert_05865,498,0,,none
fresh_visobert_00128,499,0,,none
fresh_visobert_10355,500,0,,none
fresh_visobert_09404,501,0,,none
fresh_visobert_11153,502,0,,none
fresh_visobert_08104,503,1,code_switching,code_switching
fresh_visobert_05111,504,1,idiom_figurative,idiom_figurative
fresh_visobert_10038,505,0,,none
fresh_visobert_02181,506,0,,none
fresh_visobert_04795,507,1,idiom_figurative,idiom_figurative
fresh_visobert_03940,508,1,mocking|emotion,"mocking,emotion"
fresh_visobert_01708,509,0,,none
fresh_visobert_08378,510,0,,none
fresh_visobert_01422,511,0,,none
fresh_visobert_04470,512,1,code_switching,code_switching
fresh_visobert_01526,513,1,emotion,emotion
fresh_visobert_11676,514,0,,none
fresh_visobert_06019,515,0,,sarcasm
fresh_visobert_08991,516,0,,none
fresh_visobert_11155,517,0,,none
fresh_visobert_03953,518,0,,none
fresh_visobert_00791,519,0,,none
fresh_visobert_07055,520,0,,none
fresh_visobert_08951,521,0,,none
fresh_visobert_05562,522,0,,none
fresh_visobert_07016,523,0,,none
fresh_visobert_03789,524,1,emotion,emotion
fresh_visobert_07269,525,1,mocking|emotion,"mocking,emotion"
fresh_visobert_01863,526,0,,none
fresh_visobert_01033,527,0,,none
fresh_visobert_06272,528,0,,none
fresh_visobert_09940,529,0,,none
fresh_visobert_01916,530,0,,none
fresh_visobert_07508,531,1,polarity,polarity
fresh_visobert_00618,532,0,,none
fresh_visobert_02844,533,1,mocking|emotion,"mocking,emotion"
fresh_visobert_10229,534,0,,none
fresh_visobert_11952,535,0,,none
fresh_visobert_03025,536,1,mocking|polarity,"mocking,polarity"
fresh_visobert_09187,537,0,,none
fresh_visobert_05658,538,1,emotion,emotion
fresh_visobert_02784,539,0,,none
fresh_visobert_04395,540,1,code_switching,code_switching
fresh_visobert_08678,541,1,implicit_sentiment|sarcasm,"implicit_sentiment,sarcasm"
fresh_visobert_10969,542,0,,none
fresh_visobert_02451,543,0,,none
fresh_visobert_02612,544,0,,none
fresh_visobert_01584,545,0,,none
fresh_visobert_10113,546,0,,none
fresh_visobert_10398,547,0,,none
fresh_visobert_07339,548,0,,none
fresh_visobert_07389,549,0,,none
fresh_visobert_04723,550,1,implicit_sentiment|mocking|emotion,"implicit_sentiment,mocking,emotion"
fresh_visobert_07059,551,0,,none
fresh_visobert_06223,552,1,idiom_figurative|code_switching,"idiom_figurative,code_switching"
fresh_visobert_11298,553,0,,none
fresh_visobert_08006,554,1,idiom_figurative,idiom_figurative
fresh_visobert_06732,555,1,emotion,emotion
fresh_visobert_11932,556,0,,none
fresh_visobert_00842,557,1,mocking|emotion,"mocking,emotion"
fresh_visobert_01470,558,1,polarity,polarity
fresh_visobert_09898,559,0,,none
fresh_visobert_09834,560,0,,none
fresh_visobert_11048,561,0,,none
fresh_visobert_07955,562,0,,none
fresh_visobert_08434,563,0,,none
fresh_visobert_09735,564,0,,none
fresh_visobert_06905,565,0,,none
fresh_visobert_05292,566,0,,none
fresh_visobert_01304,567,0,,none
fresh_visobert_02653,568,1,mocking,mocking
fresh_visobert_05198,569,0,,none
fresh_visobert_10856,570,0,,none
fresh_visobert_06406,571,0,,none
fresh_visobert_02532,572,0,,none
fresh_visobert_00645,573,0,,none
fresh_visobert_07910,574,0,,none
fresh_visobert_02580,575,0,,none
fresh_visobert_10243,576,0,,none
fresh_visobert_03916,577,0,,none
fresh_visobert_07426,578,1,polarity|emotion,"polarity,emotion"
fresh_visobert_08016,579,0,,none
fresh_visobert_02776,580,0,,none
fresh_visobert_11505,581,1,idiom_figurative,idiom_figurative
fresh_visobert_04291,582,0,,none
fresh_visobert_06426,583,1,emotion,emotion
fresh_visobert_04292,584,0,,none
fresh_visobert_05701,585,0,,none
fresh_visobert_06374,586,0,,sarcasm
fresh_visobert_01860,587,1,emotion,emotion
fresh_visobert_07802,588,0,,none
fresh_visobert_03835,589,0,,none
fresh_visobert_03639,590,0,,none
fresh_visobert_11086,591,0,,none
fresh_visobert_08136,592,1,idiom_figurative,idiom_figurative
fresh_visobert_04243,593,0,,none
fresh_visobert_02352,594,0,,none
fresh_visobert_07599,595,0,,none
fresh_visobert_03578,596,0,,none
fresh_visobert_03950,597,0,,none
fresh_visobert_01614,598,1,mocking|emotion,"mocking,emotion"
fresh_visobert_04712,599,0,,none
fresh_visobert_10888,600,1,polarity|emotion,"polarity,emotion"
fresh_visobert_05823,601,1,code_switching,code_switching
fresh_visobert_00849,602,1,emotion,emotion
fresh_visobert_05239,603,0,,none
fresh_visobert_08037,604,0,,none
fresh_visobert_01298,605,0,,none
fresh_visobert_01185,606,0,,none
fresh_visobert_03669,607,0,,none
fresh_visobert_04763,608,1,sarcasm|mocking,"sarcasm,mocking"
fresh_visobert_01681,609,0,,none
fresh_visobert_03245,610,0,,none
fresh_visobert_08959,611,1,implicit_sentiment|idiom_figurative,"implicit_sentiment,idiom_figurative"
fresh_visobert_02941,612,1,mocking|emotion,"mocking,emotion"
fresh_visobert_02280,613,0,,none
fresh_visobert_11119,614,0,,none
fresh_visobert_00900,615,0,,none
fresh_visobert_03487,616,0,,none
fresh_visobert_11336,617,1,mocking,mocking
fresh_visobert_08635,618,0,,none
fresh_visobert_10855,619,1,emotion,emotion
fresh_visobert_03988,620,0,,none
fresh_visobert_07887,621,0,,none
fresh_visobert_05764,622,1,emotion,emotion
fresh_visobert_03202,623,0,,none
fresh_visobert_06180,624,1,mocking|emotion,"mocking,emotion"
fresh_visobert_07596,625,0,,none
fresh_visobert_08626,626,1,polarity,polarity
fresh_visobert_08963,627,0,,none
fresh_visobert_02439,628,1,emotion,emotion
fresh_visobert_08198,629,1,idiom_figurative|polarity,"idiom_figurative,polarity"
fresh_visobert_06860,630,0,,none
fresh_visobert_01718,631,0,,none
fresh_visobert_03528,632,1,idiom_figurative,idiom_figurative
fresh_visobert_10636,633,0,,none
fresh_visobert_10746,634,0,,none
fresh_visobert_08644,635,0,,none
fresh_visobert_11967,636,0,,none
fresh_visobert_08144,637,0,,none
fresh_visobert_06277,638,0,,none
fresh_visobert_02228,639,0,,none
fresh_visobert_07522,640,0,,none
fresh_visobert_05509,641,0,,none
fresh_visobert_00778,642,0,,none
fresh_visobert_02722,643,1,implicit_sentiment|emotion,"implicit_sentiment,emotion"
fresh_visobert_00188,644,0,,none
fresh_visobert_04894,645,0,,none
fresh_visobert_03057,646,0,,none
fresh_visobert_07714,647,1,emotion,emotion
fresh_visobert_01858,648,0,,none
fresh_visobert_11426,649,0,,none
fresh_visobert_10084,650,0,,none
fresh_visobert_03168,651,0,,none
fresh_visobert_02860,652,1,code_switching,code_switching
fresh_visobert_09009,653,0,,none
fresh_visobert_01036,654,0,,none
fresh_visobert_01071,655,0,,none
fresh_visobert_08468,656,0,,none
fresh_visobert_03651,657,0,,none
fresh_visobert_08224,658,0,,none
fresh_visobert_09500,659,0,,none
fresh_visobert_05461,660,1,code_switching,code_switching
fresh_visobert_10655,661,0,,none
fresh_visobert_09862,662,1,idiom_figurative,idiom_figurative
fresh_visobert_02862,663,0,,none
fresh_visobert_07242,664,0,,none
fresh_visobert_11011,665,0,,none
fresh_visobert_09099,666,1,mocking|emotion,"mocking,emotion"
fresh_visobert_02340,667,1,implicit_sentiment|irony|polarity,"implicit_sentiment,irony,polarity"
fresh_visobert_04133,668,1,idiom_figurative,idiom_figurative
fresh_visobert_10148,669,0,,none
fresh_visobert_07341,670,1,implicit_sentiment|emotion,"implicit_sentiment,emotion"
fresh_visobert_04663,671,1,idiom_figurative|mocking|emotion,"idiom_figurative,mocking,emotion"
fresh_visobert_09024,672,0,,sarcasm
fresh_visobert_00283,673,0,,none
fresh_visobert_05494,674,1,code_switching|mocking|emotion,"code_switching,mocking,emotion"
fresh_visobert_11639,675,0,,none
fresh_visobert_09823,676,0,,none
fresh_visobert_01039,677,0,,none
fresh_visobert_07559,678,0,,none
fresh_visobert_07957,679,0,,none
fresh_visobert_04600,680,0,,none
fresh_visobert_05260,681,0,,none
fresh_visobert_08821,682,0,,none
fresh_visobert_08332,683,1,code_switching,code_switching
fresh_visobert_08174,684,1,emotion,emotion
fresh_visobert_02503,685,0,,none
fresh_visobert_08066,686,0,,none
fresh_visobert_09155,687,0,,none
fresh_visobert_09206,688,1,code_switching|mocking|emotion,"code_switching,mocking,emotion"
fresh_visobert_03294,689,0,,none
fresh_visobert_07196,690,0,,none
fresh_visobert_01704,691,1,code_switching,code_switching
fresh_visobert_08928,692,0,,none
fresh_visobert_01255,693,1,code_switching,code_switching
fresh_visobert_10457,694,0,,none
fresh_visobert_11268,695,0,,none
fresh_visobert_10156,696,1,emotion,emotion
fresh_visobert_07769,697,0,,sarcasm
fresh_visobert_10174,698,0,,none
fresh_visobert_06856,699,0,,none
fresh_visobert_09146,700,0,,none
fresh_visobert_04460,701,0,,none
fresh_visobert_06983,702,0,,none
fresh_visobert_08760,703,0,,none
fresh_visobert_03328,704,0,,none
fresh_visobert_10447,705,0,,none
fresh_visobert_05006,706,0,,none
fresh_visobert_05089,707,0,,none
fresh_visobert_08308,708,0,,none
fresh_visobert_04433,709,1,code_switching,code_switching
fresh_visobert_02667,710,0,,none
fresh_visobert_01153,711,1,emotion,emotion
fresh_visobert_08148,712,0,,none
fresh_visobert_02054,713,0,,none
fresh_visobert_07834,714,0,,none
fresh_visobert_09634,715,0,,none
fresh_visobert_03685,716,1,idiom_figurative,idiom_figurative
fresh_visobert_07461,717,0,,none
fresh_visobert_07571,718,1,code_switching,code_switching
fresh_visobert_01386,719,1,idiom_figurative|mocking|emotion,"idiom_figurative,mocking,emotion"
fresh_visobert_01193,720,1,mocking|emotion,"mocking,emotion"
fresh_visobert_11552,721,1,polarity,polarity
fresh_visobert_00153,722,0,,none
fresh_visobert_07671,723,0,,none
fresh_visobert_03500,724,0,,none
fresh_visobert_09122,725,1,emotion,emotion
fresh_visobert_02434,726,0,,none
fresh_visobert_10796,727,0,,none
fresh_visobert_00893,728,0,,none
fresh_visobert_08007,729,0,,none
fresh_visobert_05491,730,0,,none
fresh_visobert_11104,731,0,,none
fresh_visobert_03659,732,1,emotion,emotion
fresh_visobert_05152,733,0,,none
fresh_visobert_06507,734,0,,none
fresh_visobert_06923,735,0,,none
fresh_visobert_00542,736,0,,none
fresh_visobert_09124,737,1,emotion,emotion
fresh_visobert_00693,738,0,,none
fresh_visobert_10488,739,1,idiom_figurative,idiom_figurative
fresh_visobert_04183,740,0,,none
fresh_visobert_07550,741,1,polarity,polarity
fresh_visobert_05450,742,0,,none
fresh_visobert_10960,743,0,,none
fresh_visobert_00348,744,0,,none
fresh_visobert_05996,745,0,,none
fresh_visobert_04946,746,0,,none
fresh_visobert_10552,747,0,,none
fresh_visobert_08077,748,0,,none
fresh_visobert_00083,749,1,mocking|emotion,"mocking,emotion"
fresh_visobert_01680,750,1,emotion,emotion
fresh_visobert_03354,751,0,,none
fresh_visobert_06056,752,0,,none
fresh_visobert_07214,753,1,emotion,emotion
fresh_visobert_09854,754,0,,none
fresh_visobert_06151,755,0,,none
fresh_visobert_08739,756,1,polarity|emotion,"polarity,emotion"
fresh_visobert_02018,757,0,,none
fresh_visobert_09993,758,0,,none
fresh_visobert_05676,759,0,,none
fresh_visobert_10648,760,1,mocking,mocking
fresh_visobert_01789,761,0,,none
fresh_visobert_02330,762,0,,none
fresh_visobert_02347,763,0,,none
fresh_visobert_09513,764,0,,none
fresh_visobert_01178,765,0,,none
fresh_visobert_10270,766,0,,none
fresh_visobert_02290,767,0,,none
fresh_visobert_02707,768,0,,none
fresh_visobert_06037,769,0,,none
fresh_visobert_00926,770,1,emotion,emotion
fresh_visobert_02515,771,0,,none
fresh_visobert_07816,772,0,,none
fresh_visobert_03932,773,1,mocking,mocking
fresh_visobert_10260,774,0,,none
fresh_visobert_09777,775,1,polarity,polarity
fresh_visobert_05481,776,0,,none
fresh_visobert_04044,777,0,,none
fresh_visobert_07580,778,0,,none
fresh_visobert_00935,779,1,polarity,polarity
fresh_visobert_08669,780,0,,none
fresh_visobert_09822,781,0,,none
fresh_visobert_01026,782,0,,none
fresh_visobert_00239,783,0,,none
fresh_visobert_02060,784,0,,none
fresh_visobert_04087,785,0,,none
fresh_visobert_11847,786,0,,none
fresh_visobert_11895,787,1,polarity,polarity
fresh_visobert_09751,788,0,,none
fresh_visobert_05979,789,0,,none
fresh_visobert_00324,790,0,,none
fresh_visobert_02978,791,1,mocking|emotion,"mocking,emotion"
fresh_visobert_01598,792,1,idiom_figurative,idiom_figurative
fresh_visobert_00152,793,0,,none
fresh_visobert_01238,794,0,,none
fresh_visobert_03636,795,0,,none
fresh_visobert_02450,796,0,,none
fresh_visobert_00945,797,1,code_switching,code_switching
fresh_visobert_05035,798,0,,none
fresh_visobert_03686,799,0,,none
fresh_visobert_01513,800,0,,none
fresh_visobert_09368,801,0,,none
fresh_visobert_11340,802,0,,none
fresh_visobert_05650,803,0,,none
fresh_visobert_02185,804,1,code_switching,code_switching
fresh_visobert_03010,805,0,,none
fresh_visobert_05031,806,0,,none
fresh_visobert_09542,807,0,,none
fresh_visobert_08189,808,0,,none
fresh_visobert_08462,809,0,,none
fresh_visobert_08043,810,1,implicit_sentiment,implicit_sentiment
fresh_visobert_06011,811,0,,none
fresh_visobert_10785,812,0,,none
fresh_visobert_03060,813,0,,none
fresh_visobert_09479,814,1,code_switching,code_switching
fresh_visobert_10639,815,0,,none
fresh_visobert_04642,816,0,,none
fresh_visobert_04543,817,0,,none
fresh_visobert_05112,818,0,,none
fresh_visobert_10191,819,0,,none
fresh_visobert_09069,820,1,idiom_figurative,idiom_figurative
fresh_visobert_00545,821,1,emotion,emotion
fresh_visobert_11546,822,0,,none
fresh_visobert_07493,823,0,,none
fresh_visobert_04695,824,0,,none
fresh_visobert_01212,825,0,,none
fresh_visobert_11658,826,0,,none
fresh_visobert_03469,827,0,,none
fresh_visobert_10124,828,0,,none
fresh_visobert_06346,829,0,,none
fresh_visobert_10872,830,1,idiom_figurative,idiom_figurative
fresh_visobert_08687,831,0,,none
fresh_visobert_00496,832,0,,none
fresh_visobert_11562,833,0,,none
fresh_visobert_00613,834,0,,none
fresh_visobert_05355,835,0,,none
fresh_visobert_08895,836,1,idiom_figurative,idiom_figurative
fresh_visobert_00457,837,0,,none
fresh_visobert_09403,838,0,,none
fresh_visobert_10031,839,0,,none
fresh_visobert_08618,840,0,,none
fresh_visobert_04968,841,0,,none
fresh_visobert_04606,842,0,,none
fresh_visobert_02240,843,0,,none
fresh_visobert_08502,844,0,,none
fresh_visobert_03146,845,0,,none
fresh_visobert_08782,846,0,,none
fresh_visobert_02939,847,1,mocking,mocking
fresh_visobert_07439,848,0,,none
fresh_visobert_05930,849,0,,none
fresh_visobert_07932,850,1,emotion,emotion
fresh_visobert_04437,851,0,,none
fresh_visobert_08063,852,1,sarcasm,sarcasm
fresh_visobert_00554,853,0,,none
fresh_visobert_01800,854,0,,none
fresh_visobert_11263,855,1,emotion,emotion
fresh_visobert_09811,856,0,,none
fresh_visobert_06742,857,1,polarity,polarity
fresh_visobert_00742,858,0,,none
fresh_visobert_05767,859,1,idiom_figurative|emotion,"idiom_figurative,emotion"
fresh_visobert_10281,860,1,mocking|emotion,"mocking,emotion"
fresh_visobert_04904,861,0,,none
fresh_visobert_09053,862,0,,none
fresh_visobert_01612,863,0,,none
fresh_visobert_01443,864,0,,none
fresh_visobert_09501,865,0,,none
fresh_visobert_02805,866,0,,none
fresh_visobert_08789,867,1,emotion,emotion
fresh_visobert_03206,868,0,,none
fresh_visobert_04260,869,1,emotion,emotion
fresh_visobert_03565,870,0,,none
fresh_visobert_06295,871,0,,none
fresh_visobert_04267,872,1,emotion,emotion
fresh_visobert_07653,873,1,polarity|emotion,"polarity,emotion"
fresh_visobert_05120,874,1,idiom_figurative|mocking|emotion,"idiom_figurative,mocking,emotion"
fresh_visobert_00372,875,0,,none
fresh_visobert_07149,876,0,,none
fresh_visobert_05907,877,1,polarity,polarity
fresh_visobert_05649,878,1,mocking|emotion,"mocking,emotion"
fresh_visobert_08427,879,0,,sarcasm
fresh_visobert_05703,880,0,,none
fresh_visobert_09593,881,0,,none
fresh_visobert_02824,882,0,,none
fresh_visobert_01677,883,0,,none
fresh_visobert_00967,884,0,,none
fresh_visobert_09220,885,0,,none
fresh_visobert_08412,886,0,,none
fresh_visobert_05548,887,1,emotion,emotion
fresh_visobert_03485,888,0,,none
fresh_visobert_06404,889,0,,none
fresh_visobert_02483,890,1,emotion,emotion
fresh_visobert_02931,891,0,,none
fresh_visobert_06494,892,0,,none
fresh_visobert_08958,893,0,,none
fresh_visobert_02871,894,0,,none
fresh_visobert_09896,895,0,,none
fresh_visobert_01122,896,1,idiom_figurative,idiom_figurative
fresh_visobert_08058,897,0,,none
fresh_visobert_08944,898,0,,none
fresh_visobert_01484,899,0,,none
fresh_visobert_10251,900,0,,none
fresh_visobert_11808,901,0,,none
fresh_visobert_09559,902,1,implicit_sentiment,implicit_sentiment
fresh_visobert_09911,903,1,emotion,emotion
fresh_visobert_09495,904,0,,none
fresh_visobert_05322,905,0,,none
fresh_visobert_00827,906,1,emotion,emotion
fresh_visobert_07689,907,1,polarity,polarity
fresh_visobert_00932,908,0,,none
fresh_visobert_07603,909,0,,none
fresh_visobert_06998,910,1,code_switching,code_switching
fresh_visobert_09286,911,1,polarity,polarity
fresh_visobert_09348,912,0,,none
fresh_visobert_08445,913,1,mocking,mocking
fresh_visobert_04195,914,1,idiom_figurative|polarity,"idiom_figurative,polarity"
fresh_visobert_06602,915,0,,none
fresh_visobert_05853,916,1,emotion,emotion
fresh_visobert_05631,917,0,,none
fresh_visobert_04503,918,0,,none
fresh_visobert_09035,919,0,,none
fresh_visobert_04468,920,0,,none
fresh_visobert_10019,921,0,,none
fresh_visobert_07474,922,0,,none
fresh_visobert_10487,923,0,,none
fresh_visobert_11007,924,0,,none
fresh_visobert_09115,925,0,,none
fresh_visobert_05225,926,0,,none
fresh_visobert_06601,927,1,emotion,emotion
fresh_visobert_08367,928,0,,none
fresh_visobert_05958,929,0,,none
fresh_visobert_01126,930,0,,none
fresh_visobert_11976,931,0,,none
fresh_visobert_09546,932,0,,none
fresh_visobert_04750,933,0,,none
fresh_visobert_09266,934,0,,none
fresh_visobert_10190,935,1,polarity|emotion,"polarity,emotion"
fresh_visobert_01507,936,0,,none
fresh_visobert_04681,937,0,,none
fresh_visobert_04126,938,0,,none
fresh_visobert_05114,939,0,,none
fresh_visobert_03143,940,1,emotion,emotion
fresh_visobert_06741,941,0,,none
fresh_visobert_08684,942,0,,none
fresh_visobert_08023,943,0,,none
fresh_visobert_02741,944,1,polarity,polarity
fresh_visobert_00260,945,0,,none
fresh_visobert_06493,946,0,,none
fresh_visobert_01664,947,0,,none
fresh_visobert_02448,948,0,,none
fresh_visobert_05517,949,0,,none
fresh_visobert_02656,950,0,,none
fresh_visobert_07095,951,0,,none
fresh_visobert_08399,952,0,,none
fresh_visobert_04586,953,0,,none
fresh_visobert_00792,954,1,emotion,emotion
fresh_visobert_05723,955,1,mocking,mocking
fresh_visobert_01384,956,1,sarcasm,sarcasm
fresh_visobert_02286,957,1,mocking,mocking
fresh_visobert_08366,958,0,,none
fresh_visobert_04768,959,1,mocking|emotion,"mocking,emotion"
fresh_visobert_10122,960,0,,none
fresh_visobert_11937,961,0,,none
fresh_visobert_06317,962,0,,none
fresh_visobert_11629,963,0,,none
fresh_visobert_03380,964,0,,none
fresh_visobert_04845,965,0,,none
fresh_visobert_01994,966,0,,none
fresh_visobert_07210,967,1,idiom_figurative,idiom_figurative
fresh_visobert_11525,968,0,,none
fresh_visobert_01653,969,0,,none
fresh_visobert_06654,970,0,,none
fresh_visobert_09597,971,1,emotion,emotion
fresh_visobert_07748,972,0,,none
fresh_visobert_06920,973,0,,none
fresh_visobert_10634,974,0,,none
fresh_visobert_05141,975,0,,none
fresh_visobert_02914,976,1,idiom_figurative,idiom_figurative
fresh_visobert_00955,977,0,,none
fresh_visobert_09258,978,1,emotion,emotion
fresh_visobert_07870,979,0,,none
fresh_visobert_08321,980,0,,none
fresh_visobert_05244,981,1,emotion,emotion
fresh_visobert_09216,982,0,,none
fresh_visobert_06093,983,1,mocking,mocking
fresh_visobert_09424,984,1,emotion,emotion
fresh_visobert_00289,985,0,,none
fresh_visobert_01522,986,0,,none
fresh_visobert_04902,987,1,mocking|emotion,"mocking,emotion"
fresh_visobert_05243,988,0,,none
fresh_visobert_07618,989,1,sarcasm|polarity,"sarcasm,polarity"
fresh_visobert_08607,990,0,,none
fresh_visobert_11538,991,1,idiom_figurative,idiom_figurative
fresh_visobert_10524,992,0,,none
fresh_visobert_08886,993,0,,none
fresh_visobert_06550,994,0,,none
fresh_visobert_11118,995,1,emotion,emotion
fresh_visobert_05183,996,1,code_switching|emotion,"code_switching,emotion"
fresh_visobert_10074,997,0,,none
fresh_visobert_08848,998,0,,none
fresh_visobert_11074,999,0,,none
fresh_visobert_03687,1000,1,emotion,emotion
fresh_visobert_07285,1001,0,,none
fresh_visobert_01589,1002,1,polarity,polarity
fresh_visobert_01888,1003,0,,none
fresh_visobert_11726,1004,1,idiom_figurative|emotion,"idiom_figurative,emotion"
fresh_visobert_09739,1005,0,,none
fresh_visobert_08054,1006,0,,none
fresh_visobert_05417,1007,1,emotion,emotion
fresh_visobert_00865,1008,0,,none
fresh_visobert_07354,1009,0,,none
fresh_visobert_02200,1010,0,,none
fresh_visobert_07218,1011,0,,none
fresh_visobert_05379,1012,1,polarity|emotion,"polarity,emotion"
fresh_visobert_07903,1013,0,,none
fresh_visobert_07767,1014,0,,none
fresh_visobert_07943,1015,1,sarcasm,sarcasm
fresh_visobert_00075,1016,1,mocking,mocking
fresh_visobert_03298,1017,0,,none
fresh_visobert_00473,1018,0,,none
fresh_visobert_05084,1019,0,,none
fresh_visobert_05040,1020,0,,none
fresh_visobert_03123,1021,0,,none
fresh_visobert_02248,1022,0,,none
fresh_visobert_08682,1023,0,,none
fresh_visobert_00918,1024,1,idiom_figurative,idiom_figurative
fresh_visobert_00116,1025,1,implicit_sentiment,implicit_sentiment
fresh_visobert_00832,1026,1,mocking|emotion,"mocking,emotion"
fresh_visobert_02106,1027,1,emotion,emotion
fresh_visobert_10483,1028,0,,none
fresh_visobert_02849,1029,0,,none
fresh_visobert_03799,1030,0,,none
fresh_visobert_01610,1031,0,,none
fresh_visobert_05796,1032,0,,none
fresh_visobert_03532,1033,1,code_switching,code_switching
fresh_visobert_00915,1034,1,polarity,polarity
fresh_visobert_04556,1035,1,code_switching,code_switching
fresh_visobert_05801,1036,1,emotion,emotion
fresh_visobert_10514,1037,0,,none
fresh_visobert_11923,1038,0,,none
fresh_visobert_04153,1039,0,,none
fresh_visobert_09994,1040,0,,none
fresh_visobert_04918,1041,1,mocking|emotion,"mocking,emotion"
fresh_visobert_01239,1042,1,emotion,emotion
fresh_visobert_02203,1043,0,,none
fresh_visobert_08207,1044,0,,none
fresh_visobert_10905,1045,0,,none
fresh_visobert_06756,1046,0,,none
fresh_visobert_03253,1047,1,implicit_sentiment|code_switching,"implicit_sentiment,code_switching"
fresh_visobert_07455,1048,0,,none
fresh_visobert_03606,1049,0,,none
fresh_visobert_02422,1050,0,,none
fresh_visobert_04873,1051,1,emotion,emotion
fresh_visobert_06038,1052,1,emotion,emotion
fresh_visobert_02601,1053,0,,none
fresh_visobert_07110,1054,0,,none
fresh_visobert_03934,1055,0,,none
fresh_visobert_02974,1056,1,polarity,polarity
fresh_visobert_10760,1057,0,,none
fresh_visobert_04163,1058,0,,none
fresh_visobert_05195,1059,0,,none
fresh_visobert_09402,1060,0,,none
fresh_visobert_08212,1061,0,,none
fresh_visobert_04687,1062,0,,none
fresh_visobert_11983,1063,1,polarity|emotion,"polarity,emotion"
fresh_visobert_01158,1064,0,,none
fresh_visobert_07846,1065,1,emotion,emotion
fresh_visobert_05197,1066,0,,none
fresh_visobert_02964,1067,0,,none
fresh_visobert_04980,1068,0,,none
fresh_visobert_00602,1069,0,,none
fresh_visobert_02478,1070,1,emotion,emotion
fresh_visobert_05738,1071,0,,none
fresh_visobert_09656,1072,0,,none
fresh_visobert_04615,1073,0,,none
fresh_visobert_00651,1074,0,,none
fresh_visobert_07050,1075,0,,none
fresh_visobert_06804,1076,0,,none
fresh_visobert_06676,1077,1,code_switching|emotion,"code_switching,emotion"
fresh_visobert_03067,1078,0,,none
fresh_visobert_08553,1079,0,,none
fresh_visobert_04062,1080,0,,none
fresh_visobert_07409,1081,1,sarcasm,sarcasm
fresh_visobert_03929,1082,0,,none
fresh_visobert_00427,1083,1,mocking,mocking
fresh_visobert_11143,1084,0,,none
fresh_visobert_02760,1085,1,mocking|emotion,"mocking,emotion"
fresh_visobert_01603,1086,0,,none
fresh_visobert_10162,1087,0,,none
fresh_visobert_02812,1088,0,,none
fresh_visobert_05335,1089,1,mocking|emotion,"mocking,emotion"
fresh_visobert_02122,1090,0,,none
fresh_visobert_10609,1091,1,code_switching,code_switching
fresh_visobert_10493,1092,0,,none
fresh_visobert_05251,1093,0,,none
fresh_visobert_00989,1094,1,code_switching,code_switching
fresh_visobert_00357,1095,0,,none
fresh_visobert_07007,1096,1,code_switching,code_switching
fresh_visobert_10553,1097,0,,sarcasm
fresh_visobert_07101,1098,0,,none
fresh_visobert_01152,1099,0,,none
fresh_visobert_01328,1100,0,,none
fresh_visobert_09277,1101,1,code_switching|emotion,"code_switching,emotion"
fresh_visobert_04266,1102,1,code_switching|polarity|emotion,"code_switching,polarity,emotion"
fresh_visobert_06829,1103,0,,none
fresh_visobert_09535,1104,0,,none
fresh_visobert_03432,1105,0,,none
fresh_visobert_07096,1106,0,,none
fresh_visobert_02498,1107,1,emotion,emotion
fresh_visobert_00505,1108,0,,none
fresh_visobert_02293,1109,0,,none
fresh_visobert_03199,1110,1,emotion,emotion
fresh_visobert_01853,1111,0,,none
fresh_visobert_11679,1112,0,,none
fresh_visobert_08165,1113,0,,none
fresh_visobert_10324,1114,0,,none
fresh_visobert_01333,1115,0,,none
fresh_visobert_07712,1116,0,,none
fresh_visobert_07152,1117,1,mocking,mocking
fresh_visobert_04956,1118,0,,none
fresh_visobert_05514,1119,1,code_switching,code_switching
fresh_visobert_06289,1120,0,,none
fresh_visobert_06173,1121,1,idiom_figurative,idiom_figurative
fresh_visobert_11357,1122,1,emotion,emotion
fresh_visobert_03902,1123,0,,none
fresh_visobert_07595,1124,1,emotion,emotion
fresh_visobert_08850,1125,0,,none
fresh_visobert_02472,1126,1,polarity,polarity
fresh_visobert_07507,1127,0,,none
fresh_visobert_02918,1128,0,,none
fresh_visobert_04430,1129,0,,none
fresh_visobert_00581,1130,1,mocking|emotion,"mocking,emotion"
fresh_visobert_11696,1131,0,,none
fresh_visobert_05274,1132,0,,none
fresh_visobert_11359,1133,1,emotion,emotion
fresh_visobert_04304,1134,1,code_switching,code_switching
fresh_visobert_08949,1135,0,,none
fresh_visobert_10406,1136,0,,none
fresh_visobert_11518,1137,1,emotion,emotion
fresh_visobert_04865,1138,0,,none
fresh_visobert_07464,1139,0,,none
fresh_visobert_09789,1140,1,code_switching,code_switching
fresh_visobert_09461,1141,0,,none
fresh_visobert_06895,1142,0,,none
fresh_visobert_04181,1143,0,,none
fresh_visobert_02490,1144,0,,none
fresh_visobert_11302,1145,0,,none
fresh_visobert_06692,1146,0,,none
fresh_visobert_02386,1147,0,,none
fresh_visobert_07182,1148,0,,none
fresh_visobert_00570,1149,0,,none
fresh_visobert_00833,1150,0,,none
fresh_visobert_00879,1151,1,code_switching,code_switching
fresh_visobert_11627,1152,0,,none
fresh_visobert_06288,1153,0,,none
fresh_visobert_05105,1154,0,,none
fresh_visobert_00705,1155,1,emotion,emotion
fresh_visobert_03619,1156,0,,none
fresh_visobert_11709,1157,1,emotion,emotion
fresh_visobert_07251,1158,1,code_switching,code_switching
fresh_visobert_05199,1159,0,,none
fresh_visobert_03282,1160,0,,none
fresh_visobert_03232,1161,0,,none
fresh_visobert_06643,1162,0,,sarcasm
fresh_visobert_07206,1163,1,idiom_figurative,idiom_figurative
fresh_visobert_06713,1164,0,,none
fresh_visobert_09587,1165,0,,none
fresh_visobert_06644,1166,0,,none
fresh_visobert_08444,1167,1,code_switching,code_switching
fresh_visobert_10310,1168,1,emotion,emotion
fresh_visobert_00058,1169,0,,none
fresh_visobert_02738,1170,0,,none
fresh_visobert_00201,1171,0,,none
fresh_visobert_02232,1172,1,emotion,emotion
fresh_visobert_04552,1173,0,,none
fresh_visobert_00027,1174,0,,none
fresh_visobert_08081,1175,1,code_switching,code_switching
fresh_visobert_07616,1176,1,emotion,emotion
fresh_visobert_10039,1177,1,sarcasm,sarcasm
fresh_visobert_05648,1178,0,,none
fresh_visobert_10288,1179,1,emotion,emotion
fresh_visobert_04764,1180,1,sarcasm,sarcasm
fresh_visobert_08229,1181,1,idiom_figurative|emotion,"idiom_figurative,emotion"
fresh_visobert_09831,1182,0,,none
fresh_visobert_05279,1183,0,,none
fresh_visobert_05309,1184,0,,none
fresh_visobert_07489,1185,0,,none
fresh_visobert_03337,1186,0,,none
fresh_visobert_07686,1187,1,polarity,polarity
fresh_visobert_09201,1188,0,,none
fresh_visobert_11515,1189,1,sarcasm|emotion,"sarcasm,emotion"
fresh_visobert_07362,1190,0,,none
fresh_visobert_07725,1191,0,,none
fresh_visobert_08605,1192,1,polarity,polarity
fresh_visobert_02950,1193,0,,none
fresh_visobert_05890,1194,0,,none
fresh_visobert_03716,1195,0,,none
fresh_visobert_05551,1196,0,,none
fresh_visobert_07180,1197,1,polarity,polarity
fresh_visobert_10036,1198,0,,none
fresh_visobert_04727,1199,1,mocking,mocking
fresh_visobert_06546,1200,0,,none
fresh_visobert_07482,1201,1,sarcasm,sarcasm
fresh_visobert_01647,1202,1,code_switching,code_switching
fresh_visobert_05187,1203,0,,none
fresh_visobert_00726,1204,0,,none
fresh_visobert_04719,1205,1,mocking|emotion,"mocking,emotion"
fresh_visobert_08588,1206,0,,none
fresh_visobert_01188,1207,1,idiom_figurative,idiom_figurative
fresh_visobert_08017,1208,1,polarity,polarity
fresh_visobert_07591,1209,1,implicit_sentiment,implicit_sentiment
fresh_visobert_05588,1210,0,,none
fresh_visobert_09370,1211,1,sarcasm|polarity,"sarcasm,polarity"
fresh_visobert_09391,1212,0,,none
fresh_visobert_11444,1213,0,,none
fresh_visobert_06942,1214,0,,none
fresh_visobert_02294,1215,0,,none
fresh_visobert_04562,1216,0,,none
fresh_visobert_03152,1217,0,,none
fresh_visobert_04962,1218,0,,none
fresh_visobert_00776,1219,0,,none
fresh_visobert_08550,1220,0,,none
fresh_visobert_06369,1221,1,idiom_figurative,idiom_figurative
fresh_visobert_00307,1222,0,,none
fresh_visobert_09786,1223,0,,none
fresh_visobert_00479,1224,0,,none
fresh_visobert_00043,1225,1,code_switching,code_switching
fresh_visobert_05733,1226,0,,none
fresh_visobert_04546,1227,0,,none
fresh_visobert_01393,1228,0,,none
fresh_visobert_00133,1229,1,code_switching,code_switching
fresh_visobert_00097,1230,0,,none
fresh_visobert_04821,1231,1,implicit_sentiment|mocking|emotion,"implicit_sentiment,mocking,emotion"
fresh_visobert_01125,1232,0,,none
fresh_visobert_04272,1233,1,emotion,emotion
fresh_visobert_00540,1234,1,idiom_figurative,idiom_figurative
fresh_visobert_04767,1235,0,,none
fresh_visobert_10470,1236,1,emotion,emotion
fresh_visobert_08363,1237,0,,none
fresh_visobert_03411,1238,1,code_switching|polarity,"code_switching,polarity"
fresh_visobert_09276,1239,1,polarity,polarity
fresh_visobert_03770,1240,0,,none
fresh_visobert_07828,1241,0,,none
fresh_visobert_05504,1242,1,emotion,emotion
fresh_visobert_00632,1243,0,,none
fresh_visobert_03506,1244,1,mocking|emotion,"mocking,emotion"
fresh_visobert_01407,1245,0,,none
fresh_visobert_09001,1246,0,,none
fresh_visobert_02086,1247,1,sarcasm|code_switching|polarity|emotion,"sarcasm,code_switching,polarity,emotion"
fresh_visobert_11389,1248,0,,none
fresh_visobert_06251,1249,0,,none
fresh_visobert_04415,1250,0,,none
fresh_visobert_10193,1251,0,,none
fresh_visobert_03260,1252,1,mocking|emotion,"mocking,emotion"
fresh_visobert_09455,1253,1,polarity,polarity
fresh_visobert_07484,1254,0,,none
fresh_visobert_03037,1255,0,,none
fresh_visobert_10462,1256,0,,none
fresh_visobert_03715,1257,1,mocking|emotion,"mocking,emotion"
fresh_visobert_11491,1258,0,,none
fresh_visobert_01755,1259,1,polarity|emotion,"polarity,emotion"
fresh_visobert_09417,1260,0,,none
fresh_visobert_04682,1261,0,,none
fresh_visobert_06492,1262,1,mocking,mocking
fresh_visobert_08655,1263,0,,none
fresh_visobert_03595,1264,1,idiom_figurative|polarity|emotion,"idiom_figurative,polarity,emotion"
fresh_visobert_04559,1265,0,,none
fresh_visobert_06461,1266,0,,none
fresh_visobert_11376,1267,0,,none
fresh_visobert_01018,1268,0,,none
fresh_visobert_11404,1269,0,,none
fresh_visobert_04273,1270,0,,none
fresh_visobert_03345,1271,1,emotion,emotion
fresh_visobert_08889,1272,0,,none
fresh_visobert_01357,1273,0,,none
fresh_visobert_06328,1274,0,,none
fresh_visobert_00738,1275,0,,none
fresh_visobert_10882,1276,1,polarity,"polarity,sarcasm"
fresh_visobert_00911,1277,0,,none
fresh_visobert_04076,1278,0,,none
fresh_visobert_01078,1279,0,,none
fresh_visobert_04907,1280,0,,none
fresh_visobert_03015,1281,0,,none
fresh_visobert_10821,1282,1,emotion,emotion
fresh_visobert_11445,1283,0,,none
fresh_visobert_02314,1284,0,,none
fresh_visobert_10332,1285,0,,none
fresh_visobert_00974,1286,0,,none
fresh_visobert_07509,1287,0,,none
fresh_visobert_01613,1288,1,polarity,polarity
fresh_visobert_09374,1289,1,emotion,emotion
fresh_visobert_00596,1290,0,,none
fresh_visobert_07029,1291,0,,none
fresh_visobert_00771,1292,1,code_switching,code_switching
fresh_visobert_08417,1293,1,implicit_sentiment,implicit_sentiment
fresh_visobert_05296,1294,0,,none
fresh_visobert_03908,1295,0,,none
fresh_visobert_06175,1296,0,,none
fresh_visobert_02909,1297,1,idiom_figurative|mocking|emotion,"idiom_figurative,mocking,emotion"
fresh_visobert_05927,1298,0,,none
fresh_visobert_09818,1299,0,,none
fresh_visobert_07347,1300,0,,none
fresh_visobert_10298,1301,0,,none
fresh_visobert_10828,1302,0,,none
fresh_visobert_03489,1303,1,emotion,emotion
fresh_visobert_05806,1304,1,idiom_figurative,idiom_figurative
fresh_visobert_00072,1305,0,,none
fresh_visobert_06257,1306,0,,none
fresh_visobert_02155,1307,1,emotion,emotion
fresh_visobert_04143,1308,0,,none
fresh_visobert_06699,1309,1,emotion,emotion
fresh_visobert_10043,1310,0,,none
fresh_visobert_08133,1311,1,implicit_sentiment,implicit_sentiment
fresh_visobert_06737,1312,0,,none
fresh_visobert_07615,1313,0,,none
fresh_visobert_05753,1314,0,,none
fresh_visobert_05954,1315,0,,none
fresh_visobert_10129,1316,0,,none
fresh_visobert_10939,1317,1,code_switching,code_switching
fresh_visobert_06913,1318,0,,none
fresh_visobert_09436,1319,1,polarity|emotion,"polarity,emotion"
fresh_visobert_08767,1320,0,,none
fresh_visobert_09462,1321,0,,none
fresh_visobert_03009,1322,0,,none
fresh_visobert_11192,1323,0,,none
fresh_visobert_02406,1324,0,,none
fresh_visobert_04275,1325,0,,none
fresh_visobert_05200,1326,0,,none
fresh_visobert_01217,1327,0,,none
fresh_visobert_09244,1328,1,code_switching|polarity|emotion,"code_switching,polarity,emotion"
fresh_visobert_00355,1329,0,,none
fresh_visobert_04730,1330,0,,none
fresh_visobert_09168,1331,0,,none
fresh_visobert_05990,1332,1,emotion,emotion
fresh_visobert_01059,1333,0,,none
fresh_visobert_06397,1334,0,,none
fresh_visobert_04113,1335,0,,none
fresh_visobert_08512,1336,0,,none
fresh_visobert_07564,1337,1,idiom_figurative|code_switching,"idiom_figurative,code_switching"
fresh_visobert_00048,1338,0,,none
fresh_visobert_09097,1339,0,,none
fresh_visobert_04129,1340,0,,none
fresh_visobert_04052,1341,0,,none
fresh_visobert_03178,1342,0,,none
fresh_visobert_03188,1343,0,,none
fresh_visobert_06791,1344,0,,none
fresh_visobert_10501,1345,0,,none
fresh_visobert_02581,1346,0,,none
fresh_visobert_11405,1347,0,,none
fresh_visobert_05545,1348,0,,none
fresh_visobert_11381,1349,0,,none
fresh_visobert_08744,1350,0,,none
fresh_visobert_02591,1351,1,code_switching,code_switching
fresh_visobert_07233,1352,1,implicit_sentiment,implicit_sentiment
fresh_visobert_09912,1353,0,,none
fresh_visobert_09315,1354,0,,none
fresh_visobert_02657,1355,0,,none
fresh_visobert_02525,1356,0,,none
fresh_visobert_06862,1357,0,,none
fresh_visobert_00192,1358,0,,none
fresh_visobert_10832,1359,0,,none
fresh_visobert_05747,1360,0,,none
fresh_visobert_11513,1361,0,,none
fresh_visobert_08242,1362,0,,none
fresh_visobert_10696,1363,0,,none
fresh_visobert_09527,1364,1,polarity,polarity
fresh_visobert_10604,1365,0,,none
fresh_visobert_05593,1366,0,,none
fresh_visobert_02468,1367,0,,none
fresh_visobert_00363,1368,0,,none
fresh_visobert_09393,1369,0,,none
fresh_visobert_05134,1370,1,mocking|emotion,"mocking,emotion"
fresh_visobert_05992,1371,0,,none
fresh_visobert_06880,1372,0,,none
fresh_visobert_02338,1373,0,,none
fresh_visobert_04050,1374,1,emotion,emotion
fresh_visobert_05371,1375,0,,none
fresh_visobert_11701,1376,0,,none
fresh_visobert_08903,1377,0,,none
fresh_visobert_11730,1378,0,,none
fresh_visobert_10439,1379,0,,none
fresh_visobert_10454,1380,0,,none
fresh_visobert_05005,1381,0,,none
fresh_visobert_03402,1382,1,idiom_figurative,idiom_figurative
fresh_visobert_00187,1383,0,,none
fresh_visobert_03964,1384,1,mocking|emotion,"mocking,emotion"
fresh_visobert_04994,1385,1,implicit_sentiment|mocking,"implicit_sentiment,mocking"
fresh_visobert_00741,1386,1,polarity|emotion,"polarity,emotion"
fresh_visobert_03495,1387,0,,none
fresh_visobert_08620,1388,0,,none
fresh_visobert_02163,1389,1,code_switching,code_switching
fresh_visobert_09748,1390,0,,none
fresh_visobert_06796,1391,0,,none
fresh_visobert_03311,1392,0,,none
fresh_visobert_01794,1393,0,,none
fresh_visobert_08750,1394,1,emotion,emotion
fresh_visobert_08072,1395,0,,none
fresh_visobert_11970,1396,0,,none
fresh_visobert_06808,1397,1,emotion,emotion
fresh_visobert_04247,1398,0,,none
fresh_visobert_03723,1399,0,,none
fresh_visobert_04513,1400,0,,none
fresh_visobert_10341,1401,0,,none
fresh_visobert_08936,1402,0,,none
fresh_visobert_03162,1403,0,,none
fresh_visobert_03637,1404,0,,none
fresh_visobert_10915,1405,0,,none
fresh_visobert_02643,1406,0,,none
fresh_visobert_03329,1407,0,,none
fresh_visobert_03020,1408,0,,none
fresh_visobert_02495,1409,0,,none
fresh_visobert_02675,1410,0,,none
fresh_visobert_00627,1411,0,,none
fresh_visobert_06139,1412,0,,none
fresh_visobert_02848,1413,1,polarity,polarity
fresh_visobert_10715,1414,1,mocking|emotion,"mocking,emotion"
fresh_visobert_04742,1415,1,code_switching,code_switching
fresh_visobert_00978,1416,1,emotion,emotion
fresh_visobert_04120,1417,1,polarity|emotion,"polarity,emotion"
fresh_visobert_06919,1418,0,,sarcasm
fresh_visobert_08182,1419,1,polarity,polarity
fresh_visobert_03259,1420,0,,none
fresh_visobert_11354,1421,1,sarcasm,sarcasm
fresh_visobert_11290,1422,1,mocking,mocking
fresh_visobert_09131,1423,0,,none
fresh_visobert_06655,1424,0,,none
fresh_visobert_04626,1425,0,,none
fresh_visobert_10701,1426,1,code_switching,code_switching
fresh_visobert_06814,1427,0,,none
fresh_visobert_07674,1428,1,emotion,"emotion,sarcasm"
fresh_visobert_07670,1429,0,,none
fresh_visobert_06542,1430,0,,none
fresh_visobert_02569,1431,0,,none
fresh_visobert_05983,1432,0,,none
fresh_visobert_04093,1433,1,polarity,polarity
fresh_visobert_06455,1434,1,polarity,polarity
fresh_visobert_07809,1435,1,sarcasm|emotion,"sarcasm,emotion"
fresh_visobert_01864,1436,1,emotion,emotion
fresh_visobert_09512,1437,0,,none
fresh_visobert_00245,1438,0,,none
fresh_visobert_02065,1439,1,mocking|emotion,"mocking,emotion"
fresh_visobert_05172,1440,0,,none
fresh_visobert_06790,1441,0,,none
fresh_visobert_09533,1442,0,,none
fresh_visobert_02462,1443,0,,none
fresh_visobert_11837,1444,1,emotion,emotion
fresh_visobert_00103,1445,0,,none
fresh_visobert_06168,1446,0,,none
fresh_visobert_10679,1447,0,,none
fresh_visobert_03599,1448,0,,none
fresh_visobert_02920,1449,0,,none
fresh_visobert_03748,1450,1,implicit_sentiment,implicit_sentiment
fresh_visobert_10137,1451,0,,none
fresh_visobert_06043,1452,0,,none
fresh_visobert_08586,1453,0,,none
fresh_visobert_08395,1454,0,,none
fresh_visobert_08704,1455,0,,none
fresh_visobert_04510,1456,0,,none
fresh_visobert_09134,1457,0,,none
fresh_visobert_08543,1458,0,,none
fresh_visobert_08178,1459,1,polarity,polarity
fresh_visobert_10427,1460,0,,none
fresh_visobert_06995,1461,0,,none
fresh_visobert_00996,1462,0,,none
fresh_visobert_04486,1463,1,mocking,mocking
fresh_visobert_06528,1464,0,,none
fresh_visobert_09498,1465,1,idiom_figurative,idiom_figurative
fresh_visobert_11235,1466,0,,none
fresh_visobert_11758,1467,0,,none
fresh_visobert_03290,1468,1,implicit_sentiment,implicit_sentiment
fresh_visobert_06353,1469,0,,none
fresh_visobert_03837,1470,0,,none
fresh_visobert_05601,1471,0,,none
fresh_visobert_10371,1472,1,emotion,emotion
fresh_visobert_01168,1473,0,,none
fresh_visobert_02246,1474,0,,none
fresh_visobert_00483,1475,1,emotion,emotion
fresh_visobert_03829,1476,0,,none
fresh_visobert_00415,1477,1,implicit_sentiment|emotion,"implicit_sentiment,emotion"
fresh_visobert_11110,1478,1,polarity,"polarity,sarcasm"
fresh_visobert_04965,1479,0,,none
fresh_visobert_06989,1480,0,,none
fresh_visobert_03314,1481,0,,none
fresh_visobert_09665,1482,0,,none
fresh_visobert_02641,1483,0,,none
fresh_visobert_02624,1484,0,,none
fresh_visobert_10716,1485,0,,none
fresh_visobert_01947,1486,0,,none
fresh_visobert_09186,1487,0,,none
fresh_visobert_07466,1488,0,,none
fresh_visobert_05170,1489,1,idiom_figurative,idiom_figurative
fresh_visobert_03776,1490,0,,none
fresh_visobert_10962,1491,1,idiom_figurative|emotion,"idiom_figurative,emotion"
fresh_visobert_11373,1492,1,emotion,emotion
fresh_visobert_02475,1493,1,mocking|emotion,"mocking,emotion"
fresh_visobert_08237,1494,0,,none
fresh_visobert_11537,1495,1,code_switching|mocking,"code_switching,mocking"
fresh_visobert_05242,1496,1,emotion,emotion
fresh_visobert_11094,1497,0,,none
fresh_visobert_10669,1498,1,implicit_sentiment,implicit_sentiment
fresh_visobert_05781,1499,0,,none
fresh_visobert_06398,1500,1,mocking|emotion,"mocking,emotion"
fresh_visobert_05654,1501,0,,none
fresh_visobert_07030,1502,1,mocking|emotion,"mocking,emotion"
fresh_visobert_08138,1503,0,,none
fresh_visobert_02648,1504,0,,none
fresh_visobert_04989,1505,0,,none
fresh_visobert_01236,1506,0,,none
fresh_visobert_11428,1507,0,,none
fresh_visobert_03742,1508,0,,none
fresh_visobert_11522,1509,0,,none
fresh_visobert_03699,1510,0,,none
fresh_visobert_10231,1511,0,,none
fresh_visobert_03425,1512,0,,none
fresh_visobert_06321,1513,0,,none
fresh_visobert_07857,1514,1,emotion,emotion
fresh_visobert_06879,1515,0,,none
fresh_visobert_07136,1516,0,,none
fresh_visobert_00065,1517,1,code_switching|mocking,"code_switching,mocking"
fresh_visobert_01189,1518,0,,none
fresh_visobert_01370,1519,0,,none
fresh_visobert_08724,1520,1,code_switching|emotion,"code_switching,emotion"
fresh_visobert_04482,1521,0,,none
fresh_visobert_11587,1522,0,,none
fresh_visobert_06943,1523,1,code_switching,code_switching
fresh_visobert_03396,1524,0,,none
fresh_visobert_08184,1525,0,,none
fresh_visobert_01161,1526,0,,none
fresh_visobert_07790,1527,1,implicit_sentiment,implicit_sentiment
fresh_visobert_10694,1528,0,,none
fresh_visobert_06523,1529,0,,none
fresh_visobert_05020,1530,0,,none
fresh_visobert_05173,1531,0,,none
fresh_visobert_09631,1532,0,,none
fresh_visobert_06281,1533,0,,none
fresh_visobert_07043,1534,0,,none
fresh_visobert_04786,1535,0,,none
fresh_visobert_11743,1536,0,,none
fresh_visobert_05646,1537,1,idiom_figurative,idiom_figurative
fresh_visobert_08825,1538,0,,none
fresh_visobert_07962,1539,0,,none
fresh_visobert_08713,1540,1,polarity,polarity
fresh_visobert_07840,1541,0,,none
fresh_visobert_07458,1542,0,,none
fresh_visobert_04456,1543,0,,none
fresh_visobert_00595,1544,0,,none
fresh_visobert_11411,1545,0,,none
fresh_visobert_00203,1546,1,emotion,emotion
fresh_visobert_00147,1547,1,idiom_figurative,idiom_figurative
fresh_visobert_11490,1548,0,,none
fresh_visobert_10557,1549,0,,none
fresh_visobert_07301,1550,1,code_switching,code_switching
fresh_visobert_00487,1551,0,,none
fresh_visobert_11089,1552,1,mocking,mocking
fresh_visobert_08876,1553,0,,none
fresh_visobert_08820,1554,1,sarcasm,sarcasm
fresh_visobert_08274,1555,0,,none
fresh_visobert_08422,1556,0,,none
fresh_visobert_09967,1557,0,,none
fresh_visobert_11078,1558,0,,none
fresh_visobert_03513,1559,0,,none
fresh_visobert_02915,1560,1,emotion,emotion
fresh_visobert_10620,1561,0,,none
fresh_visobert_09240,1562,1,emotion,emotion
fresh_visobert_00132,1563,1,emotion,emotion
fresh_visobert_11041,1564,0,,none
fresh_visobert_03768,1565,1,code_switching,code_switching
fresh_visobert_05415,1566,0,,none
fresh_visobert_00746,1567,1,polarity,polarity
fresh_visobert_04071,1568,0,,sarcasm
fresh_visobert_08014,1569,0,,none
fresh_visobert_06081,1570,0,,none
fresh_visobert_02025,1571,0,,none
fresh_visobert_04633,1572,1,code_switching,code_switching
fresh_visobert_08451,1573,0,,none
fresh_visobert_02182,1574,0,,none
fresh_visobert_02980,1575,1,idiom_figurative|emotion,"idiom_figurative,emotion"
fresh_visobert_01259,1576,1,emotion,emotion
fresh_visobert_04944,1577,1,code_switching|polarity,"code_switching,polarity"
fresh_visobert_05944,1578,1,mocking,mocking
fresh_visobert_07041,1579,0,,none
fresh_visobert_08177,1580,0,,none
fresh_visobert_07047,1581,1,polarity|emotion,"polarity,emotion"
fresh_visobert_00649,1582,0,,none
fresh_visobert_00637,1583,0,,none
fresh_visobert_03353,1584,1,polarity,polarity
fresh_visobert_02284,1585,0,,none
fresh_visobert_00956,1586,1,mocking,mocking
fresh_visobert_06120,1587,0,,none
fresh_visobert_09810,1588,0,,none
fresh_visobert_03750,1589,0,,none
fresh_visobert_02367,1590,0,,none
fresh_visobert_01990,1591,0,,none
fresh_visobert_01648,1592,0,,none
fresh_visobert_00863,1593,0,,none
fresh_visobert_07011,1594,0,,none
fresh_visobert_10512,1595,0,,none
fresh_visobert_06263,1596,0,,none
fresh_visobert_11612,1597,1,mocking|emotion,"mocking,emotion"
fresh_visobert_01439,1598,1,sarcasm,sarcasm
fresh_visobert_06112,1599,0,,none
fresh_visobert_08893,1600,0,,sarcasm
fresh_visobert_11099,1601,0,,none
fresh_visobert_00322,1602,0,,none
fresh_visobert_09590,1603,0,,none
fresh_visobert_03280,1604,1,code_switching,code_switching
fresh_visobert_05595,1605,0,,none
fresh_visobert_09746,1606,1,implicit_sentiment,implicit_sentiment
fresh_visobert_11203,1607,0,,none
fresh_visobert_11770,1608,1,polarity|emotion,"polarity,emotion"
fresh_visobert_01533,1609,1,emotion,emotion
fresh_visobert_00515,1610,0,,none
fresh_visobert_06347,1611,1,polarity,"sarcasm,polarity"
fresh_visobert_03518,1612,0,,none
fresh_visobert_01547,1613,0,,none
fresh_visobert_01098,1614,0,,none
fresh_visobert_10358,1615,0,,none
fresh_visobert_10976,1616,0,,none
fresh_visobert_02790,1617,0,,none
fresh_visobert_05316,1618,0,,none
fresh_visobert_11057,1619,0,,none
fresh_visobert_09648,1620,0,,none
fresh_visobert_02631,1621,0,,none
fresh_visobert_10742,1622,0,,none
fresh_visobert_05471,1623,0,,none
fresh_visobert_05325,1624,0,,none
fresh_visobert_03255,1625,0,,none
fresh_visobert_01079,1626,1,polarity|emotion,"polarity,emotion"
fresh_visobert_08358,1627,0,,none
fresh_visobert_04658,1628,0,,none
fresh_visobert_09730,1629,0,,none
fresh_visobert_07370,1630,0,,none
fresh_visobert_02723,1631,0,,none
fresh_visobert_07926,1632,1,idiom_figurative,idiom_figurative
fresh_visobert_03111,1633,0,,none
fresh_visobert_01828,1634,0,,none
fresh_visobert_01786,1635,1,emotion,emotion
fresh_visobert_03066,1636,0,,none
fresh_visobert_01688,1637,0,,none
fresh_visobert_06010,1638,0,,none
fresh_visobert_01206,1639,0,,none
fresh_visobert_10314,1640,0,,none
fresh_visobert_10062,1641,1,emotion,emotion
fresh_visobert_08997,1642,0,,none
fresh_visobert_05909,1643,1,code_switching,code_switching
fresh_visobert_00121,1644,0,,none
fresh_visobert_01545,1645,1,mocking|emotion,"mocking,emotion"
fresh_visobert_02471,1646,0,,none
fresh_visobert_08536,1647,1,polarity,polarity
fresh_visobert_04594,1648,0,,none
fresh_visobert_01302,1649,1,polarity,polarity
fresh_visobert_06359,1650,0,,none
fresh_visobert_06297,1651,1,sarcasm|idiom_figurative,"sarcasm,idiom_figurative"
fresh_visobert_05759,1652,0,,none
fresh_visobert_11470,1653,1,emotion,emotion
fresh_visobert_11274,1654,1,emotion,emotion
fresh_visobert_11495,1655,0,,none
fresh_visobert_09188,1656,0,,none
fresh_visobert_02586,1657,1,emotion,emotion
fresh_visobert_09595,1658,0,,none
fresh_visobert_09782,1659,0,,none
fresh_visobert_05528,1660,0,,none
fresh_visobert_09840,1661,0,,none
fresh_visobert_00112,1662,0,,none
fresh_visobert_07198,1663,0,,none
fresh_visobert_10595,1664,0,,none
fresh_visobert_00178,1665,0,,none
fresh_visobert_01537,1666,1,mocking,mocking
fresh_visobert_02212,1667,0,,none
fresh_visobert_07908,1668,1,code_switching,code_switching
fresh_visobert_07453,1669,1,code_switching,code_switching
fresh_visobert_08865,1670,0,,none
fresh_visobert_04883,1671,1,implicit_sentiment|polarity|emotion,"implicit_sentiment,polarity,emotion"
fresh_visobert_05524,1672,0,,none
fresh_visobert_02900,1673,0,,none
fresh_visobert_10114,1674,0,,none
fresh_visobert_07465,1675,1,emotion,emotion
fresh_visobert_08610,1676,0,,none
fresh_visobert_09382,1677,0,,none
fresh_visobert_06329,1678,0,,none
fresh_visobert_05144,1679,1,emotion,emotion
fresh_visobert_01955,1680,0,,none
fresh_visobert_11076,1681,0,,none
fresh_visobert_04466,1682,0,,none
fresh_visobert_09666,1683,0,,none
fresh_visobert_09618,1684,0,,none
fresh_visobert_07502,1685,0,,none
fresh_visobert_02902,1686,1,idiom_figurative,idiom_figurative
fresh_visobert_02346,1687,1,idiom_figurative,idiom_figurative
fresh_visobert_07787,1688,0,,none
fresh_visobert_06794,1689,0,,none
fresh_visobert_10291,1690,0,,none
fresh_visobert_10408,1691,0,,none
fresh_visobert_06418,1692,0,,none
fresh_visobert_01314,1693,0,,none
fresh_visobert_08779,1694,0,,none
fresh_visobert_00913,1695,0,,none
fresh_visobert_09367,1696,0,,none
fresh_visobert_08139,1697,0,,none
fresh_visobert_06079,1698,0,,none
fresh_visobert_05226,1699,1,emotion,emotion
fresh_visobert_03708,1700,0,,none
fresh_visobert_04780,1701,0,,none
fresh_visobert_01251,1702,0,,none
fresh_visobert_08299,1703,1,emotion,emotion
fresh_visobert_03572,1704,0,,none
fresh_visobert_05560,1705,1,mocking|emotion,"mocking,emotion"
fresh_visobert_09378,1706,1,code_switching,code_switching
fresh_visobert_00210,1707,0,,none
fresh_visobert_04303,1708,1,code_switching,code_switching
fresh_visobert_10894,1709,1,polarity|emotion,"polarity,emotion"
fresh_visobert_04397,1710,0,,none
fresh_visobert_04822,1711,0,,none
fresh_visobert_06968,1712,0,,none
fresh_visobert_01228,1713,0,,none
fresh_visobert_11441,1714,0,,none
fresh_visobert_03734,1715,0,,none
fresh_visobert_01654,1716,0,,none
fresh_visobert_06358,1717,0,,none
fresh_visobert_05785,1718,0,,none
fresh_visobert_09833,1719,0,,none
fresh_visobert_03158,1720,0,,none
fresh_visobert_02821,1721,1,code_switching,code_switching
fresh_visobert_05123,1722,0,,none
fresh_visobert_08061,1723,0,,none
fresh_visobert_05413,1724,0,,none
fresh_visobert_10978,1725,0,,none
fresh_visobert_05573,1726,0,,none
fresh_visobert_02329,1727,1,polarity,polarity
fresh_visobert_05496,1728,0,,none
fresh_visobert_09807,1729,0,,none
fresh_visobert_06476,1730,1,mocking|emotion,"mocking,emotion"
fresh_visobert_08214,1731,1,emotion,emotion
fresh_visobert_08049,1732,0,,none
fresh_visobert_05804,1733,1,idiom_figurative,idiom_figurative
fresh_visobert_05235,1734,0,,none
fresh_visobert_00669,1735,1,emotion,emotion
fresh_visobert_11999,1736,0,,none
fresh_visobert_04157,1737,0,,none
fresh_visobert_06903,1738,1,mocking|emotion,"mocking,emotion"
fresh_visobert_09150,1739,1,code_switching,code_switching
fresh_visobert_02674,1740,0,,none
fresh_visobert_02803,1741,0,,none
fresh_visobert_00735,1742,0,,none
fresh_visobert_08463,1743,0,,none
fresh_visobert_09476,1744,1,code_switching|polarity|emotion,"code_switching,polarity,emotion"
fresh_visobert_01579,1745,1,idiom_figurative,idiom_figurative
fresh_visobert_05663,1746,1,emotion,emotion
fresh_visobert_00908,1747,1,polarity,polarity
fresh_visobert_10058,1748,1,emotion,emotion
fresh_visobert_00497,1749,0,,none
fresh_visobert_01920,1750,1,polarity|emotion,"polarity,emotion"
fresh_visobert_11227,1751,1,code_switching,code_switching
fresh_visobert_05101,1752,1,implicit_sentiment|polarity|emotion,"implicit_sentiment,polarity,emotion"
fresh_visobert_03291,1753,0,,none
fresh_visobert_08319,1754,1,mocking,mocking
fresh_visobert_09159,1755,0,,none
fresh_visobert_10970,1756,0,,none
fresh_visobert_03164,1757,0,,none
fresh_visobert_10073,1758,0,,none
fresh_visobert_02570,1759,1,code_switching,code_switching
fresh_visobert_05570,1760,1,polarity|emotion,"polarity,emotion"
fresh_visobert_00806,1761,0,,none
fresh_visobert_08527,1762,1,mocking|emotion,"mocking,emotion"
fresh_visobert_03355,1763,0,,none
fresh_visobert_07008,1764,0,,none
fresh_visobert_08727,1765,0,,none
fresh_visobert_08070,1766,0,,none
fresh_visobert_04597,1767,0,,none
fresh_visobert_00743,1768,0,,none
fresh_visobert_03640,1769,0,,none
fresh_visobert_10360,1770,0,,none
fresh_visobert_03153,1771,1,idiom_figurative,idiom_figurative
fresh_visobert_05630,1772,1,polarity|emotion,"polarity,emotion"
fresh_visobert_01286,1773,0,,none
fresh_visobert_04637,1774,0,,none
fresh_visobert_06930,1775,0,,none
fresh_visobert_01072,1776,0,,none
fresh_visobert_05408,1777,0,,none
fresh_visobert_04352,1778,0,,none
fresh_visobert_11273,1779,0,,none
fresh_visobert_05201,1780,1,mocking|emotion,"mocking,emotion"
fresh_visobert_08220,1781,0,,none
fresh_visobert_10422,1782,0,,none
fresh_visobert_07307,1783,1,idiom_figurative,idiom_figurative
fresh_visobert_05066,1784,0,,none
fresh_visobert_02464,1785,0,,none
fresh_visobert_06537,1786,0,,none
fresh_visobert_06063,1787,1,code_switching|polarity|emotion,"code_switching,polarity,emotion"
fresh_visobert_11185,1788,1,emotion,emotion
fresh_visobert_00925,1789,0,,none
fresh_visobert_02088,1790,0,,none
fresh_visobert_03409,1791,0,,none
fresh_visobert_05718,1792,0,,none
fresh_visobert_02529,1793,0,,none
fresh_visobert_09169,1794,0,,none
fresh_visobert_10133,1795,0,,none
fresh_visobert_08622,1796,1,emotion,emotion
fresh_visobert_08907,1797,0,,none
fresh_visobert_10765,1798,0,,none
fresh_visobert_04313,1799,1,idiom_figurative,idiom_figurative
fresh_visobert_06965,1800,0,,sarcasm
fresh_visobert_01417,1801,0,,none
fresh_visobert_04031,1802,0,,none
fresh_visobert_01878,1803,0,,none
fresh_visobert_07965,1804,0,,none
fresh_visobert_10402,1805,1,code_switching,code_switching
fresh_visobert_06415,1806,0,,none
fresh_visobert_04274,1807,0,,none
fresh_visobert_08533,1808,0,,none
fresh_visobert_11325,1809,0,,none
fresh_visobert_07344,1810,0,,none
fresh_visobert_01047,1811,0,,none
fresh_visobert_02899,1812,0,,none
fresh_visobert_07013,1813,1,polarity,polarity
fresh_visobert_04276,1814,0,,none
fresh_visobert_02262,1815,0,,none
fresh_visobert_09347,1816,1,code_switching,code_switching
fresh_visobert_03854,1817,1,polarity,polarity
fresh_visobert_10840,1818,0,,none
fresh_visobert_00995,1819,1,emotion,emotion
fresh_visobert_05191,1820,0,,none
fresh_visobert_10991,1821,1,idiom_figurative|emotion,"idiom_figurative,emotion"
fresh_visobert_06949,1822,0,,none
fresh_visobert_06429,1823,1,polarity|emotion,"polarity,emotion"
fresh_visobert_03205,1824,0,,none
fresh_visobert_09019,1825,0,,none
fresh_visobert_06407,1826,0,,none
fresh_visobert_02375,1827,1,polarity,polarity
fresh_visobert_01747,1828,0,,none
fresh_visobert_10990,1829,0,,none
fresh_visobert_06688,1830,1,mocking|emotion,"mocking,emotion"
fresh_visobert_05964,1831,1,emotion,emotion
fresh_visobert_09008,1832,1,emotion,emotion
fresh_visobert_02454,1833,0,,none
fresh_visobert_08522,1834,1,mocking|emotion,"mocking,emotion"
fresh_visobert_02987,1835,0,,none
fresh_visobert_03598,1836,0,,none
fresh_visobert_10126,1837,0,,none
fresh_visobert_10988,1838,1,polarity,polarity
fresh_visobert_09335,1839,0,,none
fresh_visobert_02230,1840,0,,none
fresh_visobert_09554,1841,0,,none
fresh_visobert_08345,1842,1,idiom_figurative|polarity,"idiom_figurative,polarity"
fresh_visobert_06874,1843,0,,none
fresh_visobert_11462,1844,0,,none
fresh_visobert_10467,1845,0,,none
fresh_visobert_04957,1846,0,,none
fresh_visobert_09445,1847,0,,none
fresh_visobert_08113,1848,0,,none
fresh_visobert_01793,1849,1,polarity,polarity
fresh_visobert_03479,1850,0,,none
fresh_visobert_09864,1851,0,,none
fresh_visobert_03841,1852,0,,none
fresh_visobert_06228,1853,1,idiom_figurative,idiom_figurative
fresh_visobert_10709,1854,0,,none
fresh_visobert_09173,1855,1,implicit_sentiment,implicit_sentiment
fresh_visobert_10773,1856,1,implicit_sentiment,implicit_sentiment
fresh_visobert_00185,1857,0,,none
fresh_visobert_05074,1858,0,,none
fresh_visobert_06368,1859,1,implicit_sentiment,implicit_sentiment
fresh_visobert_00339,1860,0,,none
fresh_visobert_07889,1861,0,,none
fresh_visobert_03099,1862,0,,none
fresh_visobert_11531,1863,0,,none
fresh_visobert_06258,1864,0,,none
fresh_visobert_01834,1865,0,,none
fresh_visobert_11960,1866,1,emotion,emotion
fresh_visobert_07549,1867,0,,none
fresh_visobert_03843,1868,1,idiom_figurative|emotion,"idiom_figurative,emotion"
fresh_visobert_01111,1869,0,,none
fresh_visobert_08161,1870,0,,none
fresh_visobert_02082,1871,0,,none
fresh_visobert_01984,1872,0,,none
fresh_visobert_11223,1873,1,emotion,emotion
fresh_visobert_10130,1874,0,,none
fresh_visobert_09473,1875,1,code_switching,code_switching
fresh_visobert_11296,1876,0,,none
fresh_visobert_00462,1877,0,,none
fresh_visobert_11985,1878,0,,none
fresh_visobert_10013,1879,1,mocking|emotion,"mocking,emotion"
fresh_visobert_04995,1880,0,,none
fresh_visobert_00376,1881,0,,none
fresh_visobert_01483,1882,1,implicit_sentiment|polarity,"implicit_sentiment,polarity"
fresh_visobert_11355,1883,0,,none
fresh_visobert_06482,1884,0,,none
fresh_visobert_06714,1885,0,,none
fresh_visobert_09826,1886,1,mocking|emotion,"mocking,emotion"
fresh_visobert_04653,1887,0,,none
fresh_visobert_11206,1888,1,code_switching,code_switching
fresh_visobert_06780,1889,0,,none
fresh_visobert_06312,1890,0,,none
fresh_visobert_08898,1891,0,,none
fresh_visobert_03793,1892,1,emotion,emotion
fresh_visobert_00666,1893,0,,none
fresh_visobert_10726,1894,1,idiom_figurative|mocking,"idiom_figurative,mocking"
fresh_visobert_04937,1895,1,polarity,polarity
fresh_visobert_05318,1896,0,,none
fresh_visobert_08325,1897,0,,none
fresh_visobert_02636,1898,1,polarity,polarity
fresh_visobert_11818,1899,0,,none
fresh_visobert_02658,1900,0,,none
fresh_visobert_02345,1901,0,,none
fresh_visobert_05178,1902,0,,none
fresh_visobert_10730,1903,0,,sarcasm
fresh_visobert_09026,1904,0,,none
fresh_visobert_03688,1905,0,,none
fresh_visobert_03138,1906,0,,none
fresh_visobert_07279,1907,1,mocking|polarity|emotion,"mocking,polarity,emotion"
fresh_visobert_03814,1908,0,,none
fresh_visobert_09795,1909,1,polarity|emotion,"polarity,emotion"
fresh_visobert_01387,1910,1,implicit_sentiment|emotion,"implicit_sentiment,emotion"
fresh_visobert_07245,1911,0,,none
fresh_visobert_09331,1912,1,emotion,emotion
fresh_visobert_08837,1913,0,,none
fresh_visobert_03721,1914,0,,none
fresh_visobert_10498,1915,0,,none
fresh_visobert_07462,1916,1,emotion,emotion
fresh_visobert_10012,1917,1,emotion,emotion
fresh_visobert_11432,1918,0,,none
fresh_visobert_01467,1919,1,implicit_sentiment|emotion,"implicit_sentiment,emotion"
fresh_visobert_05698,1920,0,,none
fresh_visobert_00676,1921,0,,none
fresh_visobert_04773,1922,0,,none
fresh_visobert_08448,1923,0,,none
fresh_visobert_08067,1924,0,,none
fresh_visobert_06615,1925,0,,none
fresh_visobert_11909,1926,0,,none
fresh_visobert_00429,1927,0,,none
fresh_visobert_07078,1928,1,implicit_sentiment|polarity|emotion,"implicit_sentiment,polarity,emotion"
fresh_visobert_02533,1929,0,,none
fresh_visobert_04717,1930,1,code_switching,code_switching
fresh_visobert_07361,1931,0,,none
fresh_visobert_03727,1932,0,,none
fresh_visobert_04857,1933,0,,none
fresh_visobert_07126,1934,0,,none
fresh_visobert_07735,1935,1,polarity,polarity
fresh_visobert_04895,1936,0,,none
fresh_visobert_01820,1937,0,,none
fresh_visobert_06266,1938,0,,none
fresh_visobert_04213,1939,0,,none
fresh_visobert_11611,1940,1,polarity|emotion,"polarity,emotion"
fresh_visobert_11997,1941,0,,none
fresh_visobert_05093,1942,0,,none
fresh_visobert_05427,1943,0,,none
fresh_visobert_01128,1944,0,,none
fresh_visobert_10577,1945,0,,none
fresh_visobert_02628,1946,0,,none
fresh_visobert_06641,1947,0,,none
fresh_visobert_11253,1948,0,,none
fresh_visobert_09632,1949,0,,none
fresh_visobert_04048,1950,1,emotion,emotion
fresh_visobert_07094,1951,1,mocking,mocking
fresh_visobert_11198,1952,1,polarity,polarity
fresh_visobert_10338,1953,0,,none
fresh_visobert_03128,1954,0,,none
fresh_visobert_01568,1955,0,,none
fresh_visobert_00984,1956,0,,none
fresh_visobert_09438,1957,1,emotion,emotion
fresh_visobert_09717,1958,1,mocking|emotion,"mocking,emotion"
fresh_visobert_07763,1959,0,,none
fresh_visobert_05164,1960,0,,none
fresh_visobert_11860,1961,1,polarity|emotion,"polarity,emotion"
fresh_visobert_01531,1962,0,,none
fresh_visobert_08004,1963,0,,none
fresh_visobert_09622,1964,0,,none
fresh_visobert_06402,1965,1,code_switching,code_switching
fresh_visobert_10041,1966,1,idiom_figurative|emotion,"idiom_figurative,emotion"
fresh_visobert_11773,1967,0,,none
fresh_visobert_07633,1968,0,,none
fresh_visobert_01482,1969,0,,none
fresh_visobert_11366,1970,0,,none
fresh_visobert_00519,1971,1,code_switching|polarity|emotion,"code_switching,polarity,emotion"
fresh_visobert_00835,1972,1,idiom_figurative,idiom_figurative
fresh_visobert_02281,1973,1,code_switching,code_switching
fresh_visobert_07435,1974,0,,none
fresh_visobert_00117,1975,0,,none
fresh_visobert_02870,1976,1,idiom_figurative,idiom_figurative
fresh_visobert_03157,1977,0,,none
fresh_visobert_02076,1978,0,,none
fresh_visobert_01180,1979,1,emotion,emotion
fresh_visobert_04203,1980,1,code_switching,code_switching
fresh_visobert_02108,1981,1,mocking|emotion,"mocking,emotion"
fresh_visobert_03374,1982,1,idiom_figurative|emotion,"idiom_figurative,emotion"
fresh_visobert_08616,1983,0,,none
fresh_visobert_06525,1984,0,,none
fresh_visobert_08529,1985,1,emotion,emotion
fresh_visobert_04531,1986,0,,none
fresh_visobert_07505,1987,1,implicit_sentiment,implicit_sentiment
fresh_visobert_04493,1988,0,,none
fresh_visobert_08057,1989,0,,none
fresh_visobert_03865,1990,0,,none
fresh_visobert_11991,1991,1,emotion,emotion
fresh_visobert_04991,1992,0,,none
fresh_visobert_11776,1993,1,sarcasm,sarcasm
fresh_visobert_00286,1994,1,polarity,polarity
fresh_visobert_04697,1995,0,,none
fresh_visobert_02318,1996,0,,none
fresh_visobert_04178,1997,0,,none
fresh_visobert_07353,1998,0,,none
fresh_visobert_11362,1999,0,,none
fresh_visobert_02268,2000,1,polarity,polarity
fresh_visobert_10590,2001,0,,none
fresh_visobert_07491,2002,0,,none
fresh_visobert_02555,2003,1,mocking|emotion,"mocking,emotion"
fresh_visobert_07261,2004,0,,none
fresh_visobert_04683,2005,0,,none
fresh_visobert_02178,2006,1,polarity,polarity
fresh_visobert_06936,2007,0,,none
fresh_visobert_02940,2008,1,mocking|emotion,"mocking,emotion"
fresh_visobert_06137,2009,1,emotion,"emotion,sarcasm"
fresh_visobert_08511,2010,0,,none
fresh_visobert_09752,2011,0,,none
fresh_visobert_00881,2012,0,,none
fresh_visobert_04972,2013,1,emotion,emotion
fresh_visobert_01054,2014,1,code_switching,code_switching
fresh_visobert_03896,2015,0,,none
fresh_visobert_07541,2016,0,,none
fresh_visobert_04017,2017,1,polarity,polarity
fresh_visobert_02111,2018,0,,none
fresh_visobert_04670,2019,0,,none
fresh_visobert_06770,2020,0,,none
fresh_visobert_03791,2021,0,,none
fresh_visobert_01096,2022,1,idiom_figurative|emotion,"idiom_figurative,emotion"
fresh_visobert_02041,2023,0,,none
fresh_visobert_02792,2024,0,,none
fresh_visobert_03670,2025,0,,none
fresh_visobert_08592,2026,0,,none
fresh_visobert_06696,2027,0,,none
fresh_visobert_08766,2028,0,,none
fresh_visobert_10120,2029,1,mocking|emotion,"mocking,emotion"
fresh_visobert_08483,2030,1,mocking|emotion,"mocking,emotion"
fresh_visobert_04686,2031,0,,none
fresh_visobert_10171,2032,0,,none
fresh_visobert_06915,2033,1,mocking|emotion,"mocking,emotion"
fresh_visobert_01827,2034,0,,none
fresh_visobert_10917,2035,0,,none
fresh_visobert_07035,2036,0,,none
fresh_visobert_05695,2037,0,,none
fresh_visobert_05950,2038,0,,none
fresh_visobert_05844,2039,0,,none
fresh_visobert_03071,2040,0,,none
fresh_visobert_05177,2041,0,,none
fresh_visobert_01571,2042,0,,none
fresh_visobert_06155,2043,1,emotion,emotion
fresh_visobert_02430,2044,1,emotion,emotion
fresh_visobert_01889,2045,0,,none
fresh_visobert_04801,2046,0,,none
fresh_visobert_00658,2047,0,,none
fresh_visobert_10629,2048,0,,none
fresh_visobert_03947,2049,0,,none
fresh_visobert_02623,2050,0,,none
fresh_visobert_00944,2051,0,,none
fresh_visobert_06566,2052,0,,none
fresh_visobert_06218,2053,0,,none
fresh_visobert_06131,2054,0,,none
fresh_visobert_00480,2055,0,,none
fresh_visobert_03804,2056,1,mocking,mocking
fresh_visobert_08263,2057,0,,none
fresh_visobert_10884,2058,0,,none
fresh_visobert_11707,2059,0,,none
fresh_visobert_04869,2060,1,polarity,polarity
fresh_visobert_11593,2061,1,polarity,polarity
fresh_visobert_07420,2062,1,emotion,emotion
fresh_visobert_06617,2063,0,,none
fresh_visobert_05269,2064,0,,none
fresh_visobert_03458,2065,1,polarity,polarity
fresh_visobert_10400,2066,0,,none
fresh_visobert_01092,2067,0,,none
fresh_visobert_05499,2068,0,,none
fresh_visobert_02758,2069,0,,none
fresh_visobert_02866,2070,0,,none
fresh_visobert_05271,2071,0,,none
fresh_visobert_02405,2072,0,,none
fresh_visobert_11255,2073,1,emotion,emotion
fresh_visobert_02706,2074,0,,none
fresh_visobert_02445,2075,0,,none
fresh_visobert_11545,2076,0,,none
fresh_visobert_04350,2077,0,,none
fresh_visobert_05576,2078,0,,none
fresh_visobert_03240,2079,0,,none
fresh_visobert_11757,2080,1,implicit_sentiment|mocking|polarity,"implicit_sentiment,mocking,polarity"
fresh_visobert_07630,2081,0,,none
fresh_visobert_03840,2082,0,,none
fresh_visobert_11269,2083,0,,none
fresh_visobert_04302,2084,1,mocking,mocking
fresh_visobert_00051,2085,0,,none
fresh_visobert_05791,2086,0,,none
fresh_visobert_09221,2087,0,,none
fresh_visobert_02357,2088,1,code_switching,code_switching
fresh_visobert_02665,2089,0,,none
fresh_visobert_09044,2090,1,implicit_sentiment,implicit_sentiment
fresh_visobert_02259,2091,1,code_switching,code_switching
fresh_visobert_02904,2092,0,,none
fresh_visobert_09372,2093,0,,none
fresh_visobert_03303,2094,0,,none
fresh_visobert_03570,2095,1,mocking|emotion,"mocking,emotion"
fresh_visobert_10383,2096,0,,none
fresh_visobert_11271,2097,0,,none
fresh_visobert_09182,2098,1,emotion,emotion
fresh_visobert_06902,2099,0,,none
fresh_visobert_09329,2100,0,,none
fresh_visobert_06094,2101,1,sarcasm,sarcasm
fresh_visobert_02070,2102,0,,none
fresh_visobert_06075,2103,0,,none
fresh_visobert_08670,2104,0,,none
fresh_visobert_07869,2105,0,,none
fresh_visobert_10490,2106,0,,none
fresh_visobert_01395,2107,0,,none
fresh_visobert_03088,2108,0,,none
fresh_visobert_06980,2109,0,,none
fresh_visobert_04252,2110,0,,none
fresh_visobert_02032,2111,0,,none
fresh_visobert_05671,2112,0,,none
fresh_visobert_07294,2113,1,emotion,emotion
fresh_visobert_06246,2114,0,,none
fresh_visobert_11257,2115,1,polarity|emotion,"polarity,emotion"
fresh_visobert_03805,2116,0,,none
fresh_visobert_10208,2117,0,,none
fresh_visobert_00124,2118,0,,none
fresh_visobert_10534,2119,0,,none
fresh_visobert_05124,2120,0,,none
fresh_visobert_05385,2121,0,,none
fresh_visobert_09456,2122,0,,none
fresh_visobert_09515,2123,0,,none
fresh_visobert_06183,2124,1,mocking,mocking
fresh_visobert_11523,2125,0,,none
fresh_visobert_01883,2126,1,implicit_sentiment|polarity|emotion,"implicit_sentiment,polarity,emotion"
fresh_visobert_02799,2127,1,mocking|polarity,"mocking,polarity"
fresh_visobert_10008,2128,0,,none
fresh_visobert_07606,2129,0,,none
fresh_visobert_08173,2130,0,,none
fresh_visobert_08524,2131,1,mocking,mocking
fresh_visobert_05434,2132,1,code_switching,code_switching
fresh_visobert_11060,2133,0,,none
fresh_visobert_10169,2134,0,,none
fresh_visobert_00809,2135,1,code_switching,code_switching
fresh_visobert_08213,2136,0,,none
fresh_visobert_01548,2137,1,mocking,mocking
fresh_visobert_02226,2138,1,code_switching,code_switching
fresh_visobert_01441,2139,0,,none
fresh_visobert_10528,2140,1,emotion,emotion
fresh_visobert_01743,2141,0,,none
fresh_visobert_05792,2142,0,,none
fresh_visobert_01795,2143,0,,none
fresh_visobert_03655,2144,1,code_switching,code_switching
fresh_visobert_06751,2145,0,,none
fresh_visobert_06396,2146,1,implicit_sentiment,implicit_sentiment
fresh_visobert_11434,2147,0,,none
fresh_visobert_09066,2148,0,,none
fresh_visobert_09783,2149,1,implicit_sentiment,implicit_sentiment
fresh_visobert_01352,2150,0,,none
fresh_visobert_05651,2151,1,emotion,emotion
fresh_visobert_07239,2152,1,mocking|emotion,"mocking,emotion"
fresh_visobert_09036,2153,0,,none
fresh_visobert_02404,2154,0,,none
fresh_visobert_02558,2155,1,emotion,emotion
fresh_visobert_11874,2156,0,,none
fresh_visobert_10267,2157,0,,none
fresh_visobert_08701,2158,1,emotion,emotion
fresh_visobert_08437,2159,0,,none
fresh_visobert_08871,2160,0,,none
fresh_visobert_00615,2161,1,code_switching|emotion,"code_switching,emotion"
fresh_visobert_08706,2162,0,,none
fresh_visobert_01732,2163,1,polarity,polarity
fresh_visobert_03894,2164,0,,none
fresh_visobert_11783,2165,1,code_switching,code_switching
fresh_visobert_00887,2166,0,,none
fresh_visobert_00784,2167,0,,none
fresh_visobert_04496,2168,0,,none
fresh_visobert_02697,2169,0,,none
fresh_visobert_06127,2170,1,emotion,emotion
fresh_visobert_01562,2171,0,,none
fresh_visobert_06521,2172,0,,none
fresh_visobert_07351,2173,0,,none
fresh_visobert_02936,2174,1,polarity,polarity
fresh_visobert_01197,2175,0,,none
fresh_visobert_11306,2176,0,,sarcasm
fresh_visobert_08647,2177,1,implicit_sentiment,implicit_sentiment
fresh_visobert_11763,2178,0,,sarcasm
fresh_visobert_10352,2179,0,,none
fresh_visobert_03344,2180,0,,none
fresh_visobert_09147,2181,1,emotion,emotion
fresh_visobert_09032,2182,0,,none
fresh_visobert_11316,2183,0,,none
fresh_visobert_04986,2184,1,idiom_figurative,idiom_figurative
fresh_visobert_03387,2185,1,idiom_figurative,idiom_figurative
fresh_visobert_09414,2186,0,,none
fresh_visobert_02593,2187,0,,none
fresh_visobert_05137,2188,1,emotion,emotion
fresh_visobert_05670,2189,1,polarity|emotion,"polarity,emotion"
fresh_visobert_02810,2190,1,polarity,polarity
fresh_visobert_05889,2191,0,,none
fresh_visobert_06729,2192,0,,none
fresh_visobert_10740,2193,0,,none
fresh_visobert_07216,2194,0,,none
fresh_visobert_01394,2195,1,idiom_figurative|emotion,"idiom_figurative,emotion"
fresh_visobert_05970,2196,1,emotion,emotion
fresh_visobert_06417,2197,0,,none
fresh_visobert_02126,2198,0,,none
fresh_visobert_10703,2199,1,emotion,emotion
fresh_visobert_01790,2200,0,,none
fresh_visobert_03147,2201,1,code_switching|emotion,"code_switching,emotion"
fresh_visobert_02128,2202,0,,none
fresh_visobert_08852,2203,0,,none
fresh_visobert_06267,2204,1,implicit_sentiment|polarity|emotion,"implicit_sentiment,polarity,emotion"
fresh_visobert_04888,2205,0,,none
fresh_visobert_10657,2206,1,emotion,emotion
fresh_visobert_01378,2207,0,,none
fresh_visobert_02493,2208,0,,none
fresh_visobert_06067,2209,1,mocking,mocking
fresh_visobert_04887,2210,0,,none
fresh_visobert_02575,2211,1,code_switching,code_switching
fresh_visobert_01297,2212,1,idiom_figurative,idiom_figurative
fresh_visobert_07471,2213,0,,none
fresh_visobert_08775,2214,1,idiom_figurative,idiom_figurative
fresh_visobert_06572,2215,0,,none
fresh_visobert_04948,2216,0,,none
fresh_visobert_10157,2217,0,,none
fresh_visobert_08421,2218,0,,none
fresh_visobert_01980,2219,0,,none
fresh_visobert_05381,2220,1,mocking|emotion,"mocking,emotion"
fresh_visobert_00617,2221,0,,none
fresh_visobert_02701,2222,0,,none
fresh_visobert_00130,2223,0,,none
fresh_visobert_09907,2224,0,,none
fresh_visobert_01528,2225,0,,none
fresh_visobert_10935,2226,0,,none
fresh_visobert_05474,2227,1,emotion,emotion
fresh_visobert_07588,2228,0,,none
fresh_visobert_04185,2229,0,,none
fresh_visobert_10782,2230,0,,none
fresh_visobert_07162,2231,0,,none
fresh_visobert_11471,2232,0,,none
fresh_visobert_07675,2233,0,,none
fresh_visobert_10761,2234,0,,none
fresh_visobert_06921,2235,1,code_switching,code_switching
fresh_visobert_04830,2236,1,polarity,polarity
fresh_visobert_07429,2237,1,code_switching,code_switching
fresh_visobert_11059,2238,0,,none
fresh_visobert_09047,2239,0,,sarcasm
fresh_visobert_10075,2240,0,,none
fresh_visobert_08738,2241,0,,none
fresh_visobert_08128,2242,1,emotion,emotion
fresh_visobert_02647,2243,0,,none
fresh_visobert_11711,2244,0,,none
fresh_visobert_06341,2245,0,,none
fresh_visobert_07111,2246,1,mocking|emotion,"mocking,emotion"
fresh_visobert_09876,2247,0,,none
fresh_visobert_06099,2248,0,,none
fresh_visobert_06158,2249,0,,none
fresh_visobert_08964,2250,0,,none
fresh_visobert_07090,2251,0,,none
fresh_visobert_01243,2252,0,,none
fresh_visobert_06578,2253,0,,none
fresh_visobert_10666,2254,0,,none
fresh_visobert_10242,2255,0,,none
fresh_visobert_00144,2256,0,,none
fresh_visobert_10247,2257,1,polarity,polarity
fresh_visobert_07986,2258,0,,none
fresh_visobert_08627,2259,1,implicit_sentiment,implicit_sentiment
fresh_visobert_06678,2260,1,idiom_figurative,idiom_figurative
fresh_visobert_03000,2261,0,,none
fresh_visobert_09273,2262,0,,none
fresh_visobert_05609,2263,1,mocking|emotion,"mocking,emotion"
fresh_visobert_11863,2264,1,emotion,emotion
fresh_visobert_11595,2265,0,,none
fresh_visobert_06036,2266,0,,none
fresh_visobert_10532,2267,0,,none
fresh_visobert_07597,2268,0,,none
fresh_visobert_08753,2269,0,,none
fresh_visobert_02350,2270,0,,none
fresh_visobert_01320,2271,0,,none
fresh_visobert_10887,2272,0,,none
fresh_visobert_09814,2273,1,polarity,polarity
fresh_visobert_01246,2274,0,,none
fresh_visobert_01149,2275,0,,none
fresh_visobert_01600,2276,0,,none
fresh_visobert_08425,2277,1,polarity|emotion,"polarity,emotion"
fresh_visobert_11082,2278,0,,none
fresh_visobert_07836,2279,0,,none
fresh_visobert_10196,2280,0,,none
fresh_visobert_10632,2281,1,code_switching,code_switching
fresh_visobert_01900,2282,1,sarcasm,sarcasm
fresh_visobert_04544,2283,1,mocking|emotion,"mocking,emotion"
fresh_visobert_06730,2284,0,,none
fresh_visobert_06738,2285,0,,none
fresh_visobert_10017,2286,0,,none
fresh_visobert_02600,2287,0,,none
fresh_visobert_02705,2288,1,polarity,polarity
fresh_visobert_09801,2289,0,,none
fresh_visobert_01742,2290,1,implicit_sentiment|polarity|emotion,"implicit_sentiment,polarity,emotion"
fresh_visobert_02639,2291,0,,none
fresh_visobert_01322,2292,0,,none
fresh_visobert_06951,2293,0,,none
fresh_visobert_03846,2294,0,,none
fresh_visobert_02632,2295,0,,none
fresh_visobert_01833,2296,1,idiom_figurative|polarity|emotion,"idiom_figurative,polarity,emotion"
fresh_visobert_06631,2297,1,idiom_figurative,idiom_figurative
fresh_visobert_00115,2298,0,,none
fresh_visobert_00557,2299,1,mocking|emotion,"mocking,emotion"
fresh_visobert_07757,2300,0,,none
fresh_visobert_02090,2301,0,,none
fresh_visobert_01051,2302,1,polarity,polarity
fresh_visobert_09116,2303,1,mocking,mocking
fresh_visobert_08015,2304,0,,none
fresh_visobert_00920,2305,0,,none
fresh_visobert_02456,2306,1,idiom_figurative|emotion,"idiom_figurative,emotion"
fresh_visobert_08403,2307,1,emotion,emotion
fresh_visobert_02177,2308,1,emotion,emotion
fresh_visobert_00464,2309,0,,none
fresh_visobert_08127,2310,0,,none
fresh_visobert_05457,2311,0,,none
fresh_visobert_00513,2312,0,,none
fresh_visobert_10835,2313,0,,none
fresh_visobert_10431,2314,0,,none
fresh_visobert_01822,2315,0,,none
fresh_visobert_05784,2316,0,,none
fresh_visobert_03187,2317,0,,none
fresh_visobert_11898,2318,0,,none
fresh_visobert_05617,2319,1,code_switching|polarity|emotion,"code_switching,polarity,emotion"
fresh_visobert_01925,2320,0,,none
fresh_visobert_02292,2321,0,,none
fresh_visobert_01095,2322,0,,none
fresh_visobert_02634,2323,1,emotion,emotion
fresh_visobert_11207,2324,1,emotion,emotion
fresh_visobert_04824,2325,0,,none
fresh_visobert_06588,2326,1,polarity,polarity
fresh_visobert_05212,2327,1,emotion,emotion
fresh_visobert_07521,2328,0,,none
fresh_visobert_04423,2329,1,emotion,emotion
fresh_visobert_07605,2330,0,,none
fresh_visobert_08349,2331,0,,none
fresh_visobert_09010,2332,0,,none
fresh_visobert_01983,2333,0,,none
fresh_visobert_09939,2334,0,,none
fresh_visobert_08921,2335,1,polarity,polarity
fresh_visobert_09981,2336,0,,none
fresh_visobert_10256,2337,0,,none
fresh_visobert_03192,2338,1,polarity,polarity
fresh_visobert_07222,2339,0,,none
fresh_visobert_07032,2340,1,polarity,polarity
fresh_visobert_07071,2341,1,code_switching,code_switching
fresh_visobert_08475,2342,1,emotion,emotion
fresh_visobert_05714,2343,0,,none
fresh_visobert_03695,2344,0,,none
fresh_visobert_01249,2345,1,polarity,polarity
fresh_visobert_02443,2346,1,polarity,polarity
fresh_visobert_07148,2347,1,polarity,polarity
fresh_visobert_04593,2348,1,code_switching,code_switching
fresh_visobert_11831,2349,0,,none
fresh_visobert_00318,2350,0,,none
fresh_visobert_01876,2351,1,polarity|emotion,"polarity,emotion"
fresh_visobert_09521,2352,0,,none
fresh_visobert_07608,2353,0,,none
fresh_visobert_10555,2354,1,mocking|emotion,"mocking,emotion"
fresh_visobert_09475,2355,0,,none
fresh_visobert_09263,2356,1,polarity,polarity
fresh_visobert_11570,2357,0,,none
fresh_visobert_10217,2358,0,,none
fresh_visobert_06481,2359,0,,none
fresh_visobert_01791,2360,0,,none
fresh_visobert_11339,2361,0,,none
fresh_visobert_07602,2362,0,,none
fresh_visobert_04069,2363,0,,none
fresh_visobert_10424,2364,0,,none
fresh_visobert_01869,2365,1,mocking|emotion,"mocking,emotion"
fresh_visobert_01682,2366,0,,none
fresh_visobert_06886,2367,0,,none
fresh_visobert_08630,2368,1,emotion,emotion
fresh_visobert_09708,2369,1,emotion,emotion
fresh_visobert_05574,2370,0,,none
fresh_visobert_11777,2371,1,code_switching|polarity|emotion,"code_switching,polarity,emotion"
fresh_visobert_02884,2372,1,polarity,polarity
fresh_visobert_02785,2373,0,,none
fresh_visobert_09448,2374,0,,none
fresh_visobert_05281,2375,1,emotion,emotion
fresh_visobert_03774,2376,0,,none
fresh_visobert_11947,2377,0,,none
fresh_visobert_00565,2378,0,,none
fresh_visobert_09959,2379,1,emotion,emotion
fresh_visobert_11946,2380,0,,none
fresh_visobert_02317,2381,0,,none
fresh_visobert_08604,2382,1,implicit_sentiment|idiom_figurative|polarity|emotion,"implicit_sentiment,idiom_figurative,polarity,emotion"
fresh_visobert_00963,2383,0,,none
fresh_visobert_08793,2384,1,emotion,emotion
fresh_visobert_10166,2385,0,,sarcasm
fresh_visobert_01292,2386,1,polarity,polarity
fresh_visobert_05535,2387,0,,none
fresh_visobert_02822,2388,1,code_switching,code_switching
fresh_visobert_08073,2389,0,,none
fresh_visobert_09615,2390,0,,none
fresh_visobert_02774,2391,0,,none
fresh_visobert_04122,2392,0,,none
fresh_visobert_09349,2393,1,mocking|emotion,"mocking,emotion"
fresh_visobert_07200,2394,0,,none
fresh_visobert_01194,2395,1,code_switching,code_switching
fresh_visobert_01207,2396,0,,none
fresh_visobert_01268,2397,1,idiom_figurative|emotion,"idiom_figurative,emotion"
fresh_visobert_05547,2398,1,polarity,polarity
fresh_visobert_06760,2399,0,,none
fresh_visobert_11295,2400,0,,none
fresh_visobert_10403,2401,1,emotion,emotion
fresh_visobert_01619,2402,1,code_switching,code_switching
fresh_visobert_02947,2403,0,,none
fresh_visobert_07472,2404,1,emotion,emotion
fresh_visobert_00631,2405,1,emotion,emotion
fresh_visobert_09701,2406,0,,none
fresh_visobert_03501,2407,0,,none
fresh_visobert_00344,2408,0,,none
fresh_visobert_01146,2409,0,,none
fresh_visobert_05216,2410,1,implicit_sentiment,implicit_sentiment
fresh_visobert_07939,2411,0,,none
fresh_visobert_07027,2412,1,code_switching,code_switching
fresh_visobert_03818,2413,0,,none
fresh_visobert_11149,2414,0,,none
fresh_visobert_06553,2415,0,,none
fresh_visobert_05538,2416,0,,none
fresh_visobert_06070,2417,1,emotion,emotion
fresh_visobert_06296,2418,1,emotion,emotion
fresh_visobert_05233,2419,0,,none
fresh_visobert_08401,2420,0,,none
fresh_visobert_11817,2421,0,,none
fresh_visobert_08814,2422,1,idiom_figurative,idiom_figurative
fresh_visobert_02302,2423,1,mocking|emotion,"mocking,emotion"
fresh_visobert_11221,2424,0,,none
fresh_visobert_11577,2425,0,,none
fresh_visobert_02763,2426,0,,none
fresh_visobert_11996,2427,0,,none
fresh_visobert_05884,2428,0,,none
fresh_visobert_01969,2429,1,emotion,emotion
fresh_visobert_09055,2430,1,mocking|polarity|emotion,"mocking,polarity,emotion"
fresh_visobert_10605,2431,0,,none
fresh_visobert_03946,2432,0,,none
fresh_visobert_00695,2433,0,,none
fresh_visobert_02208,2434,0,,none
fresh_visobert_05987,2435,0,,none
fresh_visobert_03001,2436,0,,none
fresh_visobert_07555,2437,0,,none
fresh_visobert_00573,2438,1,implicit_sentiment|idiom_figurative,"implicit_sentiment,idiom_figurative"
fresh_visobert_05030,2439,0,,none
fresh_visobert_01264,2440,0,,none
fresh_visobert_01290,2441,0,,none
fresh_visobert_08531,2442,0,,none
fresh_visobert_09661,2443,0,,none
fresh_visobert_11731,2444,0,,none
fresh_visobert_03463,2445,0,,none
fresh_visobert_07587,2446,0,,none
fresh_visobert_04232,2447,0,,none
fresh_visobert_02496,2448,0,,none
fresh_visobert_10184,2449,0,,none
fresh_visobert_05291,2450,0,,none
fresh_visobert_04219,2451,0,,none
fresh_visobert_07492,2452,0,,none
fresh_visobert_10404,2453,0,,none
fresh_visobert_10734,2454,1,emotion,emotion
fresh_visobert_04453,2455,1,emotion,emotion
fresh_visobert_05848,2456,1,emotion,emotion
fresh_visobert_05482,2457,0,,none
fresh_visobert_03421,2458,0,,none
fresh_visobert_06315,2459,0,,none
fresh_visobert_10030,2460,0,,none
fresh_visobert_06624,2461,0,,none
fresh_visobert_02905,2462,0,,none
fresh_visobert_05659,2463,0,,none
fresh_visobert_00629,2464,0,,none
fresh_visobert_02204,2465,0,,none
fresh_visobert_00877,2466,0,,none
fresh_visobert_00538,2467,0,,none
fresh_visobert_06408,2468,1,emotion,emotion
fresh_visobert_09213,2469,0,,none
fresh_visobert_00575,2470,0,,none
fresh_visobert_11321,2471,0,,none
fresh_visobert_03059,2472,0,,none
fresh_visobert_06434,2473,0,,none
fresh_visobert_01804,2474,0,,none
fresh_visobert_06449,2475,0,,none
fresh_visobert_02954,2476,1,code_switching,code_switching
fresh_visobert_09439,2477,0,,none
fresh_visobert_10456,2478,0,,none
fresh_visobert_10241,2479,0,,none
fresh_visobert_09770,2480,0,,none
fresh_visobert_02999,2481,1,emotion,emotion
fresh_visobert_09120,2482,1,polarity,polarity
fresh_visobert_11058,2483,0,,none
fresh_visobert_00785,2484,1,implicit_sentiment|mocking,"implicit_sentiment,mocking"
fresh_visobert_11477,2485,0,,none
fresh_visobert_04920,2486,0,,none
fresh_visobert_04053,2487,0,,none
fresh_visobert_07424,2488,0,,none
fresh_visobert_08472,2489,0,,none
fresh_visobert_06637,2490,0,,none
fresh_visobert_00226,2491,0,,none
fresh_visobert_01210,2492,0,,none
fresh_visobert_05728,2493,1,polarity,polarity
fresh_visobert_07766,2494,1,mocking|polarity,"mocking,polarity"
fresh_visobert_01017,2495,0,,none
fresh_visobert_01887,2496,0,,none
fresh_visobert_10645,2497,0,,none
fresh_visobert_10567,2498,1,mocking|emotion,"mocking,emotion"
fresh_visobert_10337,2499,0,,none
fresh_visobert_00030,2500,1,polarity,polarity
fresh_visobert_03472,2501,0,,none
fresh_visobert_10879,2502,0,,none
fresh_visobert_09360,2503,1,polarity|emotion,"polarity,emotion"
fresh_visobert_10925,2504,1,implicit_sentiment,implicit_sentiment
fresh_visobert_06497,2505,0,,none
fresh_visobert_10654,2506,1,polarity,polarity
fresh_visobert_05904,2507,0,,none
fresh_visobert_05294,2508,0,,none
fresh_visobert_04201,2509,0,,none
fresh_visobert_10265,2510,0,,none
fresh_visobert_11979,2511,0,,none
fresh_visobert_01764,2512,0,,none
fresh_visobert_04184,2513,0,,none
fresh_visobert_00716,2514,1,mocking|emotion,"mocking,emotion"
fresh_visobert_01214,2515,0,,none
fresh_visobert_01524,2516,1,code_switching,code_switching
fresh_visobert_04286,2517,0,,none
fresh_visobert_05776,2518,1,implicit_sentiment,implicit_sentiment
fresh_visobert_04112,2519,0,,none
fresh_visobert_07407,2520,0,,sarcasm
fresh_visobert_10845,2521,0,,none
fresh_visobert_09271,2522,0,,none
fresh_visobert_08416,2523,0,,none
fresh_visobert_09540,2524,0,,none
fresh_visobert_00319,2525,0,,none
fresh_visobert_02919,2526,1,mocking|emotion,"mocking,emotion"
fresh_visobert_11215,2527,0,,none
fresh_visobert_06488,2528,1,code_switching|polarity,"code_switching,polarity"
fresh_visobert_08774,2529,0,,none
fresh_visobert_09483,2530,0,,none
fresh_visobert_09324,2531,0,,none
fresh_visobert_03850,2532,1,idiom_figurative|polarity,"idiom_figurative,polarity"
fresh_visobert_04305,2533,0,,none
fresh_visobert_05490,2534,1,polarity,polarity
fresh_visobert_07789,2535,1,sarcasm|code_switching|mocking,"sarcasm,code_switching,mocking"
fresh_visobert_02197,2536,1,polarity,polarity
fresh_visobert_09177,2537,0,,none
fresh_visobert_08776,2538,0,,none
fresh_visobert_03350,2539,0,,none
fresh_visobert_09793,2540,0,,none
fresh_visobert_07641,2541,0,,none
fresh_visobert_11851,2542,0,,none
fresh_visobert_02858,2543,0,,none
fresh_visobert_10254,2544,1,emotion,emotion
fresh_visobert_10401,2545,1,emotion,emotion
fresh_visobert_06852,2546,1,mocking,mocking
fresh_visobert_09505,2547,1,mocking,mocking
fresh_visobert_02098,2548,0,,none
fresh_visobert_05589,2549,0,,none
fresh_visobert_02167,2550,0,,none
fresh_visobert_07176,2551,0,,none
fresh_visobert_02638,2552,0,,none
fresh_visobert_01557,2553,0,,none
fresh_visobert_03811,2554,0,,none
fresh_visobert_05918,2555,1,emotion,emotion
fresh_visobert_04401,2556,0,,none
fresh_visobert_05571,2557,0,,none
fresh_visobert_02007,2558,0,,none
fresh_visobert_09148,2559,1,code_switching,code_switching
fresh_visobert_11034,2560,0,,none
fresh_visobert_09296,2561,1,polarity|emotion,"polarity,emotion"
fresh_visobert_06868,2562,0,,none
fresh_visobert_11397,2563,1,mocking|emotion,"mocking,emotion"
fresh_visobert_07181,2564,0,,none
fresh_visobert_09167,2565,1,emotion,emotion
fresh_visobert_08708,2566,0,,none
fresh_visobert_02842,2567,0,,none
fresh_visobert_02617,2568,0,,none
fresh_visobert_11691,2569,0,,none
fresh_visobert_03467,2570,0,,none
fresh_visobert_05099,2571,0,,none
fresh_visobert_00411,2572,0,,none
fresh_visobert_01080,2573,1,idiom_figurative,idiom_figurative
fresh_visobert_06256,2574,0,,none
fresh_visobert_03031,2575,1,emotion,emotion
fresh_visobert_03828,2576,1,emotion,emotion
fresh_visobert_11891,2577,0,,none
fresh_visobert_05063,2578,1,mocking|emotion,"mocking,emotion"
fresh_visobert_06456,2579,1,implicit_sentiment|code_switching|mocking,"implicit_sentiment,code_switching,mocking"
fresh_visobert_08781,2580,0,,none
fresh_visobert_09954,2581,0,,none
fresh_visobert_10011,2582,1,sarcasm,sarcasm
fresh_visobert_05926,2583,0,,none
fresh_visobert_10463,2584,0,,none
fresh_visobert_00137,2585,1,polarity,"sarcasm,polarity"
fresh_visobert_10278,2586,0,,none
fresh_visobert_06697,2587,0,,none
fresh_visobert_00962,2588,1,polarity|emotion,"polarity,emotion"
fresh_visobert_11748,2589,0,,none
fresh_visobert_11781,2590,0,,none
fresh_visobert_08442,2591,0,,none
fresh_visobert_07535,2592,1,implicit_sentiment,implicit_sentiment
fresh_visobert_03757,2593,1,implicit_sentiment|polarity|emotion,"implicit_sentiment,polarity,emotion"
fresh_visobert_00036,2594,0,,none
fresh_visobert_06389,2595,0,,none
fresh_visobert_10434,2596,0,,none
fresh_visobert_07768,2597,0,,none
fresh_visobert_05821,2598,0,,none
fresh_visobert_04471,2599,1,mocking|emotion,"mocking,emotion"
fresh_visobert_02358,2600,0,,none
fresh_visobert_11922,2601,0,,none
fresh_visobert_11064,2602,1,emotion,emotion
fresh_visobert_07701,2603,0,,none
fresh_visobert_04187,2604,1,emotion,emotion
fresh_visobert_01741,2605,0,,none
fresh_visobert_03596,2606,1,emotion,emotion
fresh_visobert_07072,2607,0,,none
fresh_visobert_07076,2608,0,,none
fresh_visobert_08246,2609,0,,none
fresh_visobert_00854,2610,0,,none
fresh_visobert_09659,2611,0,,none
fresh_visobert_11497,2612,0,,none
fresh_visobert_07797,2613,0,,none
fresh_visobert_09894,2614,1,emotion,emotion
fresh_visobert_09809,2615,0,,none
fresh_visobert_10744,2616,1,mocking|polarity|emotion,"mocking,polarity,emotion"
fresh_visobert_08584,2617,1,code_switching|mocking|emotion,"code_switching,mocking,emotion"
fresh_visobert_06356,2618,1,emotion,emotion
fresh_visobert_09610,2619,0,,none
fresh_visobert_05326,2620,1,mocking,mocking
fresh_visobert_03692,2621,1,polarity|emotion,"polarity,emotion"
fresh_visobert_10965,2622,0,,none
fresh_visobert_07275,2623,0,,none
fresh_visobert_01950,2624,0,,none
fresh_visobert_11594,2625,1,code_switching,code_switching
fresh_visobert_11529,2626,0,,none
fresh_visobert_11942,2627,1,polarity|emotion,"polarity,emotion"
fresh_visobert_01953,2628,1,polarity|emotion,"polarity,emotion"
fresh_visobert_07488,2629,0,,none
fresh_visobert_11573,2630,0,,none
fresh_visobert_07936,2631,1,mocking|emotion,"mocking,emotion"
fresh_visobert_04982,2632,0,,none
fresh_visobert_01911,2633,0,,none
fresh_visobert_03675,2634,0,,none
fresh_visobert_08277,2635,1,implicit_sentiment,implicit_sentiment
fresh_visobert_01284,2636,1,emotion,emotion
fresh_visobert_11625,2637,0,,none
fresh_visobert_04179,2638,1,polarity|emotion,"polarity,emotion"
fresh_visobert_01421,2639,0,,none
fresh_visobert_08703,2640,0,,none
fresh_visobert_10460,2641,0,,none
fresh_visobert_01014,2642,0,,none
fresh_visobert_08166,2643,0,,none
fresh_visobert_01135,2644,0,,none
fresh_visobert_05117,2645,0,,none
fresh_visobert_10296,2646,0,,none
fresh_visobert_01315,2647,1,polarity,polarity
fresh_visobert_11266,2648,0,,none
fresh_visobert_06342,2649,0,,none
fresh_visobert_04551,2650,0,,none
fresh_visobert_05349,2651,1,implicit_sentiment,implicit_sentiment
fresh_visobert_01988,2652,0,,none
fresh_visobert_08624,2653,0,,sarcasm
fresh_visobert_08484,2654,0,,none
fresh_visobert_07392,2655,0,,none
fresh_visobert_06752,2656,0,,none
fresh_visobert_00311,2657,1,emotion,emotion
fresh_visobert_10323,2658,0,,none
fresh_visobert_04672,2659,0,,none
fresh_visobert_04051,2660,0,,none
fresh_visobert_03862,2661,0,,none
fresh_visobert_09051,2662,1,mocking|emotion,"mocking,emotion"
fresh_visobert_11596,2663,1,implicit_sentiment|emotion,"implicit_sentiment,emotion"
fresh_visobert_01040,2664,0,,none
fresh_visobert_02815,2665,1,emotion,emotion
fresh_visobert_08286,2666,0,,none
fresh_visobert_03726,2667,0,,none
fresh_visobert_05419,2668,0,,none
fresh_visobert_02482,2669,1,polarity|emotion,"polarity,emotion"
fresh_visobert_04805,2670,0,,none
fresh_visobert_06718,2671,0,,none
fresh_visobert_02312,2672,1,emotion,emotion
fresh_visobert_10781,2673,0,,none
fresh_visobert_02489,2674,0,,none
fresh_visobert_09432,2675,0,,none
fresh_visobert_05340,2676,0,,none
fresh_visobert_05998,2677,1,implicit_sentiment,implicit_sentiment
fresh_visobert_09492,2678,1,polarity,polarity
fresh_visobert_09425,2679,0,,none
fresh_visobert_07113,2680,0,,none
fresh_visobert_11182,2681,0,,none
fresh_visobert_00383,2682,1,idiom_figurative,idiom_figurative
fresh_visobert_09362,2683,0,,none
fresh_visobert_08547,2684,1,mocking,mocking
fresh_visobert_04596,2685,0,,none
fresh_visobert_08201,2686,0,,none
fresh_visobert_03251,2687,1,mocking|emotion,"mocking,emotion"
fresh_visobert_00441,2688,0,,none
fresh_visobert_04725,2689,0,,none
fresh_visobert_03759,2690,0,,none
fresh_visobert_01912,2691,0,,none
fresh_visobert_05032,2692,0,,none
fresh_visobert_03616,2693,0,,none
fresh_visobert_08169,2694,0,,none
fresh_visobert_08119,2695,0,,none
fresh_visobert_10938,2696,1,code_switching,code_switching
fresh_visobert_10414,2697,0,,none
fresh_visobert_02683,2698,0,,none
fresh_visobert_10792,2699,0,,none
fresh_visobert_01498,2700,1,emotion,emotion
fresh_visobert_08490,2701,0,,none
fresh_visobert_04847,2702,0,,none
fresh_visobert_08574,2703,0,,none
fresh_visobert_02133,2704,0,,none
fresh_visobert_08804,2705,0,,none
fresh_visobert_01611,2706,1,polarity,polarity
fresh_visobert_00899,2707,0,,none
fresh_visobert_09553,2708,1,implicit_sentiment,implicit_sentiment
fresh_visobert_07062,2709,1,polarity,polarity
fresh_visobert_09433,2710,0,,none
fresh_visobert_11478,2711,0,,none
fresh_visobert_05837,2712,1,code_switching,code_switching
fresh_visobert_06623,2713,1,emotion,emotion
fresh_visobert_11574,2714,0,,none
fresh_visobert_08324,2715,0,,none
fresh_visobert_10997,2716,0,,none
fresh_visobert_06784,2717,1,emotion,emotion
fresh_visobert_11517,2718,0,,none
fresh_visobert_03048,2719,0,,none
fresh_visobert_05854,2720,0,,none
fresh_visobert_02662,2721,0,,none
fresh_visobert_08131,2722,0,,none
fresh_visobert_11567,2723,0,,none
fresh_visobert_00172,2724,0,,none
fresh_visobert_06255,2725,1,implicit_sentiment,implicit_sentiment
fresh_visobert_08296,2726,1,emotion,emotion
fresh_visobert_05616,2727,0,,none
fresh_visobert_07775,2728,1,sarcasm,sarcasm
fresh_visobert_01346,2729,0,,none
fresh_visobert_05795,2730,1,emotion,emotion
fresh_visobert_11346,2731,1,implicit_sentiment,implicit_sentiment
fresh_visobert_07951,2732,0,,none
fresh_visobert_09320,2733,1,polarity,polarity
fresh_visobert_09545,2734,0,,none
fresh_visobert_05452,2735,0,,none
fresh_visobert_03213,2736,0,,none
fresh_visobert_06734,2737,0,,none
fresh_visobert_11166,2738,0,,none
fresh_visobert_09566,2739,0,,none
fresh_visobert_03124,2740,1,implicit_sentiment|mocking,"implicit_sentiment,mocking"
fresh_visobert_09366,2741,0,,none
fresh_visobert_04225,2742,0,,none
fresh_visobert_06373,2743,0,,none
fresh_visobert_06672,2744,0,,none
fresh_visobert_00797,2745,0,,none
fresh_visobert_00168,2746,0,,none
fresh_visobert_09290,2747,0,,none
fresh_visobert_11249,2748,0,,none
fresh_visobert_11821,2749,0,,none
fresh_visobert_03788,2750,0,,none
fresh_visobert_05822,2751,0,,none
fresh_visobert_02023,2752,0,,none
fresh_visobert_04684,2753,0,,none
fresh_visobert_07097,2754,0,,none
fresh_visobert_07349,2755,0,,none
fresh_visobert_08078,2756,0,,none
fresh_visobert_05898,2757,0,,none
fresh_visobert_11162,2758,1,code_switching|mocking|polarity,"code_switching,mocking,polarity"
fresh_visobert_09705,2759,0,,none
fresh_visobert_08661,2760,1,emotion,emotion
fresh_visobert_09647,2761,0,,none
fresh_visobert_09062,2762,0,,none
fresh_visobert_07607,2763,0,,none
fresh_visobert_07131,2764,0,,none
fresh_visobert_10594,2765,0,,none
fresh_visobert_01559,2766,0,,none
fresh_visobert_02253,2767,1,emotion,emotion
fresh_visobert_00514,2768,1,polarity,polarity
fresh_visobert_09326,2769,1,emotion,emotion
fresh_visobert_00929,2770,1,emotion,emotion
fresh_visobert_05460,2771,0,,none
fresh_visobert_08948,2772,1,emotion,emotion
fresh_visobert_05679,2773,0,,none
fresh_visobert_08733,2774,0,,none
fresh_visobert_11519,2775,0,,none
fresh_visobert_10047,2776,0,,none
fresh_visobert_00855,2777,0,,none
fresh_visobert_10797,2778,1,idiom_figurative,idiom_figurative
fresh_visobert_10794,2779,0,,none
fresh_visobert_03898,2780,0,,none
fresh_visobert_02374,2781,0,,none
fresh_visobert_03550,2782,0,,none
fresh_visobert_00729,2783,1,idiom_figurative,idiom_figurative
fresh_visobert_03942,2784,0,,none
fresh_visobert_07477,2785,1,polarity,"polarity,sarcasm"
fresh_visobert_00417,2786,0,,none
fresh_visobert_00549,2787,0,,none
fresh_visobert_06261,2788,0,,none
fresh_visobert_07302,2789,0,,none
fresh_visobert_01360,2790,0,,none
fresh_visobert_01666,2791,1,polarity|emotion,"polarity,emotion"
fresh_visobert_03023,2792,0,,none
fresh_visobert_04777,2793,1,emotion,emotion
fresh_visobert_04283,2794,1,emotion,emotion
fresh_visobert_07208,2795,0,,none
fresh_visobert_03498,2796,0,,none
fresh_visobert_00089,2797,0,,none
fresh_visobert_11130,2798,1,emotion,emotion
fresh_visobert_03802,2799,1,polarity|emotion,"polarity,emotion"
fresh_visobert_08307,2800,1,polarity,polarity
fresh_visobert_02319,2801,0,,none
fresh_visobert_02833,2802,1,polarity,polarity
fresh_visobert_10548,2803,1,polarity,polarity
fresh_visobert_10186,2804,0,,none
fresh_visobert_08792,2805,1,code_switching,code_switching
fresh_visobert_01231,2806,1,mocking|emotion,"mocking,emotion"
fresh_visobert_06534,2807,1,code_switching,code_switching
fresh_visobert_06999,2808,1,implicit_sentiment|idiom_figurative,"implicit_sentiment,idiom_figurative"
fresh_visobert_04809,2809,1,polarity,polarity
fresh_visobert_01773,2810,0,,none
fresh_visobert_02783,2811,0,,none
fresh_visobert_04250,2812,0,,none
fresh_visobert_03963,2813,0,,none
fresh_visobert_01767,2814,1,implicit_sentiment|polarity|emotion,"implicit_sentiment,polarity,emotion"
fresh_visobert_07705,2815,0,,none
fresh_visobert_02730,2816,1,code_switching,code_switching
fresh_visobert_10010,2817,0,,none
fresh_visobert_10959,2818,0,,none
fresh_visobert_02538,2819,0,,none
fresh_visobert_05208,2820,1,code_switching,code_switching
fresh_visobert_11966,2821,1,emotion,emotion
fresh_visobert_00761,2822,0,,none
fresh_visobert_06138,2823,1,polarity|emotion,"polarity,emotion"
fresh_visobert_02521,2824,1,emotion,emotion
fresh_visobert_02289,2825,1,polarity,polarity
fresh_visobert_09532,2826,0,,none
fresh_visobert_07446,2827,0,,none
fresh_visobert_09101,2828,0,,none
fresh_visobert_05395,2829,1,emotion,emotion
fresh_visobert_04457,2830,0,,none
fresh_visobert_01090,2831,0,,none
fresh_visobert_05845,2832,0,,none
fresh_visobert_03690,2833,1,implicit_sentiment|polarity|emotion,"implicit_sentiment,polarity,emotion"
fresh_visobert_03971,2834,0,,none
fresh_visobert_09564,2835,1,polarity,polarity
fresh_visobert_04081,2836,0,,none
fresh_visobert_06600,2837,1,mocking|emotion,"mocking,emotion"
fresh_visobert_10471,2838,0,,none
fresh_visobert_11171,2839,0,,none
fresh_visobert_09794,2840,0,,none
fresh_visobert_03486,2841,1,implicit_sentiment|code_switching,"implicit_sentiment,code_switching"
fresh_visobert_03779,2842,1,emotion,emotion
fresh_visobert_10152,2843,0,,none
fresh_visobert_08560,2844,0,,none
fresh_visobert_04321,2845,1,idiom_figurative,"idiom_figurative,sarcasm"
fresh_visobert_06607,2846,1,implicit_sentiment|code_switching,"implicit_sentiment,code_switching"
fresh_visobert_00959,2847,1,code_switching,code_switching
fresh_visobert_09988,2848,0,,none
fresh_visobert_04271,2849,0,,none
fresh_visobert_05824,2850,1,idiom_figurative|polarity,"idiom_figurative,polarity"
fresh_visobert_11484,2851,1,polarity,polarity
fresh_visobert_07057,2852,1,emotion,emotion
fresh_visobert_05214,2853,0,,none
fresh_visobert_05742,2854,0,,none
fresh_visobert_01967,2855,0,,none
fresh_visobert_07625,2856,0,,none
fresh_visobert_01784,2857,0,,none
fresh_visobert_11807,2858,1,idiom_figurative|polarity,"idiom_figurative,polarity"
fresh_visobert_03285,2859,0,,none
fresh_visobert_06663,2860,1,polarity,polarity
fresh_visobert_04289,2861,1,idiom_figurative,idiom_figurative
fresh_visobert_11747,2862,0,,none
fresh_visobert_02020,2863,0,,none
fresh_visobert_07405,2864,0,,none
fresh_visobert_10511,2865,0,,none
fresh_visobert_02747,2866,0,,none
fresh_visobert_05638,2867,0,,none
fresh_visobert_02714,2868,0,,none
fresh_visobert_08507,2869,0,,none
fresh_visobert_05215,2870,0,,none
fresh_visobert_04226,2871,0,,none
fresh_visobert_00733,2872,0,,none
fresh_visobert_00471,2873,0,,none
fresh_visobert_01086,2874,1,idiom_figurative,idiom_figurative
fresh_visobert_08074,2875,1,code_switching,code_switching
fresh_visobert_02013,2876,1,code_switching,code_switching
fresh_visobert_00814,2877,0,,none
fresh_visobert_11667,2878,0,,none
fresh_visobert_00546,2879,1,polarity,polarity
fresh_visobert_11558,2880,0,,none
fresh_visobert_10042,2881,0,,none
fresh_visobert_09943,2882,0,,none
fresh_visobert_02576,2883,0,,none
fresh_visobert_05204,2884,0,,none
fresh_visobert_05393,2885,0,,none
fresh_visobert_00552,2886,1,emotion,emotion
fresh_visobert_10955,2887,0,,none
fresh_visobert_10287,2888,0,,none
fresh_visobert_08929,2889,0,,none
fresh_visobert_00432,2890,1,implicit_sentiment|polarity|emotion,"implicit_sentiment,polarity,emotion"
fresh_visobert_10710,2891,1,emotion,emotion
fresh_visobert_05245,2892,0,,none
fresh_visobert_04121,2893,1,polarity|emotion,"polarity,emotion"
fresh_visobert_00326,2894,0,,none
fresh_visobert_03817,2895,1,mocking,mocking
fresh_visobert_11827,2896,1,mocking|polarity,"mocking,polarity"
fresh_visobert_00035,2897,0,,none
fresh_visobert_09232,2898,1,emotion,emotion
fresh_visobert_04688,2899,1,mocking,mocking
fresh_visobert_04951,2900,0,,none
fresh_visobert_00878,2901,1,emotion,emotion
fresh_visobert_04936,2902,0,,none
fresh_visobert_00751,2903,1,code_switching|polarity|emotion,"code_switching,polarity,emotion"
fresh_visobert_04458,2904,1,code_switching,code_switching
fresh_visobert_02527,2905,1,polarity,polarity
fresh_visobert_10556,2906,0,,none
fresh_visobert_10762,2907,0,,none
fresh_visobert_11348,2908,1,implicit_sentiment,implicit_sentiment
fresh_visobert_06675,2909,0,,none
fresh_visobert_05690,2910,1,mocking|emotion,"mocking,emotion"
fresh_visobert_06004,2911,1,polarity,"polarity,sarcasm"
fresh_visobert_02571,2912,0,,none
fresh_visobert_00025,2913,1,code_switching|emotion,"code_switching,emotion"
fresh_visobert_01679,2914,0,,none
fresh_visobert_04568,2915,1,code_switching,code_switching
fresh_visobert_09000,2916,0,,none
fresh_visobert_10228,2917,0,,none
fresh_visobert_03567,2918,0,,none
fresh_visobert_07527,2919,0,,none
fresh_visobert_04412,2920,1,mocking|emotion,"mocking,emotion"
fresh_visobert_02384,2921,0,,none
fresh_visobert_07129,2922,1,emotion,emotion
fresh_visobert_08348,2923,0,,none
fresh_visobert_04098,2924,1,idiom_figurative,idiom_figurative
fresh_visobert_01805,2925,0,,none
fresh_visobert_10274,2926,0,,none
fresh_visobert_11026,2927,0,,none
fresh_visobert_05431,2928,0,,none
fresh_visobert_08589,2929,1,code_switching,code_switching
fresh_visobert_03018,2930,0,,none
fresh_visobert_02688,2931,1,idiom_figurative,idiom_figurative
fresh_visobert_03254,2932,1,idiom_figurative|emotion,"idiom_figurative,emotion"
fresh_visobert_01245,2933,1,polarity|emotion,"polarity,emotion"
fresh_visobert_11951,2934,0,,none
fresh_visobert_11751,2935,0,,none
fresh_visobert_08645,2936,0,,none
fresh_visobert_01237,2937,0,,none
fresh_visobert_03931,2938,1,implicit_sentiment|idiom_figurative,"implicit_sentiment,idiom_figurative"
fresh_visobert_03233,2939,0,,none
fresh_visobert_09007,2940,0,,none
fresh_visobert_11844,2941,0,,none
fresh_visobert_00628,2942,0,,none
fresh_visobert_07318,2943,0,,none
fresh_visobert_00399,2944,1,polarity|emotion,"polarity,emotion"
fresh_visobert_03941,2945,0,,none
fresh_visobert_02809,2946,1,code_switching|emotion,"code_switching,emotion"
fresh_visobert_06556,2947,0,,none
fresh_visobert_06197,2948,0,,sarcasm
fresh_visobert_11217,2949,0,,none
fresh_visobert_11498,2950,0,,none
fresh_visobert_10704,2951,1,emotion,"emotion,sarcasm"
fresh_visobert_05282,2952,0,,none
fresh_visobert_10000,2953,1,polarity|emotion,"polarity,emotion"
fresh_visobert_03234,2954,0,,none
fresh_visobert_06042,2955,0,,none
fresh_visobert_09679,2956,0,,none
fresh_visobert_04327,2957,0,,none
fresh_visobert_03563,2958,0,,none
fresh_visobert_06058,2959,0,,none
fresh_visobert_06178,2960,0,,none
fresh_visobert_01972,2961,0,,none
fresh_visobert_11083,2962,0,,none
fresh_visobert_09675,2963,0,,none
fresh_visobert_07604,2964,1,idiom_figurative|emotion,"idiom_figurative,emotion"
fresh_visobert_02629,2965,0,,none
fresh_visobert_02009,2966,1,code_switching,code_switching
fresh_visobert_03309,2967,1,polarity,polarity
fresh_visobert_04476,2968,0,,none
fresh_visobert_07632,2969,0,,none
fresh_visobert_00274,2970,1,idiom_figurative,idiom_figurative
fresh_visobert_10357,2971,0,,none
fresh_visobert_05150,2972,0,,none
fresh_visobert_02039,2973,0,,none
fresh_visobert_06743,2974,0,,none
fresh_visobert_05906,2975,0,,none
fresh_visobert_03547,2976,0,,none
fresh_visobert_00845,2977,1,polarity,polarity
fresh_visobert_02863,2978,0,,none
fresh_visobert_10910,2979,0,,none
fresh_visobert_01216,2980,0,,none
fresh_visobert_02696,2981,0,,none
fresh_visobert_04785,2982,0,,none
fresh_visobert_07137,2983,0,,none
fresh_visobert_08239,2984,1,emotion,emotion
fresh_visobert_11139,2985,1,emotion,emotion
fresh_visobert_09868,2986,0,,none
fresh_visobert_06505,2987,0,,none
fresh_visobert_11678,2988,0,,none
fresh_visobert_04854,2989,0,,none
fresh_visobert_00690,2990,0,,none
fresh_visobert_10499,2991,0,,none
fresh_visobert_00310,2992,0,,none
fresh_visobert_02825,2993,0,,none
fresh_visobert_02679,2994,1,idiom_figurative|polarity,"idiom_figurative,polarity"
fresh_visobert_09143,2995,0,,none
fresh_visobert_10635,2996,1,implicit_sentiment,implicit_sentiment
fresh_visobert_07386,2997,0,,none
fresh_visobert_01615,2998,0,,none
fresh_visobert_00123,2999,1,implicit_sentiment|idiom_figurative,"implicit_sentiment,idiom_figurative"
fresh_visobert_02564,3000,0,,none
fresh_visobert_00912,3001,0,,none
fresh_visobert_04566,3002,0,,none
fresh_visobert_06458,3003,1,emotion,"emotion,sarcasm"
fresh_visobert_03359,3004,0,,none
fresh_visobert_08794,3005,0,,none
fresh_visobert_07847,3006,0,,none
fresh_visobert_05932,3007,0,,none
fresh_visobert_00009,3008,1,idiom_figurative|emotion,"idiom_figurative,emotion,sarcasm"
fresh_visobert_01424,3009,0,,none
fresh_visobert_03738,3010,0,,none
fresh_visobert_03991,3011,1,mocking|emotion,"mocking,emotion"
fresh_visobert_00022,3012,1,emotion,emotion
fresh_visobert_07795,3013,1,mocking,mocking
fresh_visobert_09626,3014,1,code_switching,code_switching
fresh_visobert_03834,3015,1,polarity|emotion,"polarity,emotion"
fresh_visobert_02031,3016,0,,none
fresh_visobert_03926,3017,0,,none
fresh_visobert_07380,3018,1,idiom_figurative,idiom_figurative
fresh_visobert_00885,3019,0,,none
fresh_visobert_08968,3020,0,,none
fresh_visobert_08149,3021,0,,none
fresh_visobert_07844,3022,1,code_switching|emotion,"code_switching,emotion"
fresh_visobert_11804,3023,1,idiom_figurative,idiom_figurative
fresh_visobert_06032,3024,1,mocking|emotion,"mocking,emotion"
fresh_visobert_02589,3025,0,,none
fresh_visobert_02010,3026,0,,none
fresh_visobert_03274,3027,1,emotion,"emotion,sarcasm"
fresh_visobert_07194,3028,1,mocking|emotion,"mocking,emotion"
fresh_visobert_08520,3029,0,,none
fresh_visobert_09327,3030,0,,none
fresh_visobert_08352,3031,0,,none
fresh_visobert_07195,3032,1,mocking,mocking
fresh_visobert_00364,3033,0,,none
fresh_visobert_06189,3034,0,,none
fresh_visobert_08154,3035,1,emotion,emotion
fresh_visobert_07173,3036,0,,none
fresh_visobert_00587,3037,0,,none
fresh_visobert_07237,3038,1,mocking,mocking
fresh_visobert_07155,3039,0,,none
fresh_visobert_02711,3040,0,,none
fresh_visobert_01825,3041,0,,none
fresh_visobert_08176,3042,0,,none
fresh_visobert_06953,3043,1,code_switching|polarity|emotion,"code_switching,polarity,emotion"
fresh_visobert_09628,3044,0,,none
fresh_visobert_01623,3045,0,,none
fresh_visobert_08695,3046,0,,none
fresh_visobert_06834,3047,1,polarity,polarity
fresh_visobert_11191,3048,1,idiom_figurative|emotion,"idiom_figurative,emotion"
fresh_visobert_08672,3049,1,code_switching,code_switching
fresh_visobert_08913,3050,0,,none
fresh_visobert_09390,3051,0,,none
fresh_visobert_06843,3052,1,emotion,emotion
fresh_visobert_04487,3053,1,idiom_figurative,idiom_figurative
fresh_visobert_07864,3054,0,,none
fresh_visobert_04863,3055,0,,none
fresh_visobert_08783,3056,0,,none
fresh_visobert_07160,3057,1,implicit_sentiment,implicit_sentiment
fresh_visobert_04657,3058,0,,none
fresh_visobert_01942,3059,0,,none
fresh_visobert_06076,3060,0,,none
fresh_visobert_02924,3061,1,mocking|emotion,"mocking,emotion"
fresh_visobert_05782,3062,1,emotion,emotion
fresh_visobert_06934,3063,0,,none
fresh_visobert_04474,3064,1,mocking,mocking
fresh_visobert_00328,3065,1,implicit_sentiment|mocking|polarity|emotion,"implicit_sentiment,mocking,polarity,emotion"
fresh_visobert_09028,3066,0,,none
fresh_visobert_10087,3067,1,implicit_sentiment,implicit_sentiment
fresh_visobert_05007,3068,0,,none
fresh_visobert_09975,3069,0,,none
fresh_visobert_09843,3070,0,,none
fresh_visobert_09060,3071,1,mocking,mocking
fresh_visobert_04030,3072,0,,none
fresh_visobert_02692,3073,1,mocking|emotion,"mocking,emotion"
fresh_visobert_00653,3074,1,idiom_figurative,idiom_figurative
fresh_visobert_00146,3075,0,,none
fresh_visobert_08855,3076,0,,none
fresh_visobert_04811,3077,0,,none
fresh_visobert_01576,3078,1,emotion,emotion
fresh_visobert_03681,3079,0,,none
fresh_visobert_01997,3080,1,code_switching,code_switching
fresh_visobert_04714,3081,0,,none
fresh_visobert_01855,3082,0,,none
fresh_visobert_03833,3083,1,idiom_figurative,idiom_figurative
fresh_visobert_11619,3084,0,,none
fresh_visobert_09575,3085,0,,none
fresh_visobert_01506,3086,0,,none
fresh_visobert_03297,3087,0,,none
fresh_visobert_03548,3088,0,,none
fresh_visobert_04123,3089,0,,none
fresh_visobert_07917,3090,0,,none
fresh_visobert_03450,3091,1,polarity|emotion,"polarity,emotion"
fresh_visobert_00824,3092,0,,none
fresh_visobert_08335,3093,0,,none
fresh_visobert_08441,3094,1,polarity|emotion,"polarity,emotion"
fresh_visobert_09720,3095,0,,none
fresh_visobert_07069,3096,0,,none
fresh_visobert_06765,3097,0,,none
fresh_visobert_09776,3098,0,,none
fresh_visobert_03542,3099,0,,none
fresh_visobert_02160,3100,0,,none
fresh_visobert_06638,3101,0,,none
fresh_visobert_06846,3102,0,,sarcasm
fresh_visobert_10020,3103,0,,none
fresh_visobert_04673,3104,0,,none
fresh_visobert_06653,3105,0,,none
fresh_visobert_04023,3106,0,,none
fresh_visobert_04306,3107,1,emotion,emotion
fresh_visobert_03211,3108,0,,none
fresh_visobert_00423,3109,0,,none
fresh_visobert_02627,3110,0,,none
fresh_visobert_04512,3111,0,,none
fresh_visobert_05484,3112,1,code_switching,code_switching
fresh_visobert_05707,3113,0,,none
fresh_visobert_10173,3114,0,,none
fresh_visobert_10177,3115,1,sarcasm|code_switching,"sarcasm,code_switching"
fresh_visobert_05059,3116,0,,none
fresh_visobert_07929,3117,0,,none
fresh_visobert_02103,3118,0,,none
fresh_visobert_11075,3119,0,,none
fresh_visobert_06677,3120,1,emotion,emotion
fresh_visobert_07885,3121,0,,none
fresh_visobert_10878,3122,0,,none
fresh_visobert_03671,3123,0,,none
fresh_visobert_01908,3124,0,,none
fresh_visobert_05715,3125,0,,none
fresh_visobert_06950,3126,1,sarcasm,sarcasm
fresh_visobert_10316,3127,0,,none
fresh_visobert_06201,3128,0,,none
fresh_visobert_00266,3129,0,,none
fresh_visobert_10496,3130,1,emotion,emotion
fresh_visobert_08458,3131,0,,none
fresh_visobert_03160,3132,0,,none
fresh_visobert_02886,3133,0,,none
fresh_visobert_07330,3134,0,,none
fresh_visobert_08002,3135,0,,none
fresh_visobert_01468,3136,0,,none
fresh_visobert_11591,3137,0,,none
fresh_visobert_03782,3138,0,,none
fresh_visobert_10252,3139,0,,none
fresh_visobert_06651,3140,0,,none
fresh_visobert_06960,3141,1,mocking|emotion,"mocking,emotion"
fresh_visobert_02663,3142,0,,none
fresh_visobert_01996,3143,0,,none
fresh_visobert_02110,3144,0,,none
fresh_visobert_00934,3145,0,,none
fresh_visobert_11843,3146,0,,none
fresh_visobert_03266,3147,0,,none
fresh_visobert_06405,3148,1,idiom_figurative,idiom_figurative
fresh_visobert_10063,3149,0,,none
fresh_visobert_00412,3150,0,,none
fresh_visobert_10680,3151,0,,none
fresh_visobert_10942,3152,0,,none
fresh_visobert_02948,3153,0,,none
fresh_visobert_05694,3154,0,,none
fresh_visobert_00894,3155,0,,none
fresh_visobert_02364,3156,0,,none
fresh_visobert_10361,3157,0,,none
fresh_visobert_11833,3158,0,,none
fresh_visobert_08393,3159,0,,none
fresh_visobert_05687,3160,0,,none
fresh_visobert_02083,3161,0,,none
fresh_visobert_07799,3162,1,code_switching,code_switching
fresh_visobert_05011,3163,1,polarity,polarity
fresh_visobert_10451,3164,0,,none
fresh_visobert_01205,3165,0,,none
fresh_visobert_03904,3166,0,,none
fresh_visobert_02673,3167,0,,none
fresh_visobert_01232,3168,1,idiom_figurative|emotion,"idiom_figurative,emotion"
fresh_visobert_00670,3169,0,,none
fresh_visobert_01289,3170,1,emotion,emotion
fresh_visobert_03764,3171,1,emotion,emotion
fresh_visobert_09096,3172,1,polarity,polarity
fresh_visobert_05893,3173,0,,none
fresh_visobert_00474,3174,0,,none
fresh_visobert_10707,3175,1,mocking|emotion,"mocking,emotion"
fresh_visobert_09999,3176,0,,none
fresh_visobert_03465,3177,1,code_switching,code_switching
fresh_visobert_03780,3178,1,emotion,emotion
fresh_visobert_00910,3179,0,,none
fresh_visobert_07257,3180,1,emotion,emotion
fresh_visobert_01917,3181,1,mocking|emotion,"mocking,emotion"
fresh_visobert_02353,3182,0,,none
fresh_visobert_07552,3183,1,code_switching,code_switching
fresh_visobert_02518,3184,1,polarity,polarity
fresh_visobert_06238,3185,0,,none
fresh_visobert_10612,3186,0,,none
fresh_visobert_09375,3187,0,,none
fresh_visobert_11084,3188,1,emotion,emotion
fresh_visobert_02044,3189,0,,none
fresh_visobert_07783,3190,0,,none
fresh_visobert_06200,3191,1,implicit_sentiment|polarity|emotion,"implicit_sentiment,polarity,emotion"
fresh_visobert_02283,3192,0,,none
fresh_visobert_03045,3193,1,implicit_sentiment|idiom_figurative,"implicit_sentiment,idiom_figurative"
fresh_visobert_05129,3194,0,,none
fresh_visobert_08447,3195,0,,none
fresh_visobert_08510,3196,1,emotion,emotion
fresh_visobert_02780,3197,0,,none
fresh_visobert_10411,3198,1,code_switching,code_switching
fresh_visobert_08091,3199,0,,none
fresh_visobert_03062,3200,1,emotion,emotion
fresh_visobert_10998,3201,0,,none
fresh_visobert_01348,3202,0,,none
fresh_visobert_00646,3203,0,,none
fresh_visobert_04391,3204,0,,none
fresh_visobert_08046,3205,1,emotion,emotion
fresh_visobert_10907,3206,0,,none
fresh_visobert_05754,3207,0,,none
fresh_visobert_00520,3208,0,,none
fresh_visobert_10029,3209,0,,none
fresh_visobert_09165,3210,1,irony,irony
fresh_visobert_09014,3211,0,,none
fresh_visobert_02063,3212,0,,none
fresh_visobert_06938,3213,0,,none
fresh_visobert_10932,3214,0,,none
fresh_visobert_05536,3215,0,,none
fresh_visobert_03480,3216,1,polarity|emotion,"polarity,emotion"
fresh_visobert_02830,3217,0,,none
fresh_visobert_03755,3218,0,,none
fresh_visobert_05850,3219,1,polarity,polarity
fresh_visobert_09048,3220,0,,none
fresh_visobert_08966,3221,1,mocking,mocking
fresh_visobert_03136,3222,0,,none
fresh_visobert_06906,3223,1,code_switching|polarity|emotion,"code_switching,polarity,emotion"
fresh_visobert_00258,3224,1,mocking|emotion,"mocking,emotion"
fresh_visobert_10135,3225,0,,none
fresh_visobert_08333,3226,0,,none
fresh_visobert_00049,3227,1,sarcasm|code_switching|polarity,"sarcasm,code_switching,polarity"
fresh_visobert_02819,3228,0,,none
fresh_visobert_11651,3229,0,,none
fresh_visobert_11956,3230,0,,none
fresh_visobert_00092,3231,0,,none
fresh_visobert_09555,3232,1,mocking|emotion,"mocking,emotion"
fresh_visobert_10386,3233,1,emotion,emotion
fresh_visobert_07901,3234,1,mocking,mocking
fresh_visobert_10033,3235,0,,none
fresh_visobert_04952,3236,0,,none
fresh_visobert_11288,3237,1,code_switching,code_switching
fresh_visobert_01606,3238,0,,none
fresh_visobert_07777,3239,1,polarity,polarity
fresh_visobert_06552,3240,0,,none
fresh_visobert_05462,3241,0,,none
fresh_visobert_10037,3242,0,,none
fresh_visobert_02048,3243,0,,none
fresh_visobert_02680,3244,0,,none
fresh_visobert_05396,3245,1,mocking|emotion,"mocking,emotion"
fresh_visobert_00377,3246,1,polarity,polarity
fresh_visobert_02123,3247,0,,none
fresh_visobert_08473,3248,0,,none
fresh_visobert_00685,3249,0,,none
fresh_visobert_11021,3250,1,polarity,polarity
fresh_visobert_08455,3251,0,,sarcasm
fresh_visobert_01460,3252,0,,none
fresh_visobert_10692,3253,1,emotion,emotion
fresh_visobert_09877,3254,1,mocking|emotion,"mocking,emotion"
fresh_visobert_11987,3255,0,,none
fresh_visobert_05391,3256,0,,none
fresh_visobert_03586,3257,0,,none
fresh_visobert_00333,3258,0,,none
fresh_visobert_07874,3259,0,,none
fresh_visobert_08424,3260,0,,none
fresh_visobert_01580,3261,1,idiom_figurative,idiom_figurative
fresh_visobert_01049,3262,0,,none
fresh_visobert_08389,3263,0,,none
fresh_visobert_11694,3264,1,idiom_figurative,idiom_figurative
fresh_visobert_04529,3265,0,,none
fresh_visobert_04561,3266,1,polarity,polarity
fresh_visobert_08868,3267,0,,none
fresh_visobert_05510,3268,0,,none
fresh_visobert_01729,3269,1,idiom_figurative|polarity,"idiom_figurative,polarity"
fresh_visobert_04628,3270,1,polarity|emotion,"polarity,emotion"
fresh_visobert_06583,3271,1,sarcasm,sarcasm
fresh_visobert_10369,3272,1,emotion,emotion
fresh_visobert_06229,3273,0,,none
fresh_visobert_09416,3274,0,,none
fresh_visobert_10477,3275,0,,none
fresh_visobert_10961,3276,1,emotion,emotion
fresh_visobert_06709,3277,0,,sarcasm
fresh_visobert_03523,3278,1,emotion,emotion
fresh_visobert_08712,3279,0,,none
fresh_visobert_02739,3280,1,emotion,emotion
fresh_visobert_00739,3281,1,mocking|emotion,"mocking,emotion"
fresh_visobert_09879,3282,0,,none
fresh_visobert_06978,3283,0,,none
fresh_visobert_08197,3284,0,,none
fresh_visobert_02216,3285,0,,none
fresh_visobert_08530,3286,0,,none
fresh_visobert_01271,3287,1,implicit_sentiment,implicit_sentiment
fresh_visobert_08805,3288,0,,none
fresh_visobert_03430,3289,0,,none
fresh_visobert_03882,3290,0,,none
fresh_visobert_00084,3291,0,,none
fresh_visobert_05332,3292,0,,none
fresh_visobert_05527,3293,0,,none
fresh_visobert_08045,3294,1,code_switching,code_switching
fresh_visobert_01305,3295,1,mocking,mocking
fresh_visobert_01038,3296,0,,none
fresh_visobert_00815,3297,0,,none
fresh_visobert_03771,3298,0,,none
fresh_visobert_00492,3299,0,,none
fresh_visobert_08209,3300,0,,none
fresh_visobert_05106,3301,0,,none
fresh_visobert_11742,3302,0,,none
fresh_visobert_00544,3303,0,,none
fresh_visobert_09963,3304,0,,none
fresh_visobert_04909,3305,0,,none
fresh_visobert_08523,3306,1,implicit_sentiment|polarity|emotion,"implicit_sentiment,polarity,emotion"
fresh_visobert_03383,3307,0,,none
fresh_visobert_04929,3308,0,,none
fresh_visobert_10022,3309,0,,none
fresh_visobert_07770,3310,0,,none
fresh_visobert_05175,3311,1,sarcasm|emotion,"sarcasm,emotion"
fresh_visobert_07823,3312,0,,none
fresh_visobert_02218,3313,0,,none
fresh_visobert_04758,3314,1,code_switching,code_switching
fresh_visobert_00708,3315,1,mocking|emotion,"mocking,emotion"
fresh_visobert_08085,3316,1,implicit_sentiment|polarity|emotion,"implicit_sentiment,polarity,emotion"
fresh_visobert_09953,3317,0,,none
fresh_visobert_08337,3318,0,,none
fresh_visobert_04974,3319,1,emotion,emotion
fresh_visobert_07015,3320,0,,none
fresh_visobert_05963,3321,1,idiom_figurative|emotion,"idiom_figurative,emotion,sarcasm"
fresh_visobert_11196,3322,0,,none
fresh_visobert_11337,3323,1,idiom_figurative,idiom_figurative
fresh_visobert_03711,3324,1,implicit_sentiment,implicit_sentiment
fresh_visobert_05529,3325,0,,none
fresh_visobert_05476,3326,0,,none
fresh_visobert_00986,3327,0,,none
fresh_visobert_04572,3328,0,,none
fresh_visobert_04935,3329,0,,none
fresh_visobert_08952,3330,1,implicit_sentiment,implicit_sentiment
fresh_visobert_10136,3331,0,,none
fresh_visobert_11557,3332,0,,none
fresh_visobert_10001,3333,0,,none
fresh_visobert_09591,3334,1,polarity|emotion,"polarity,emotion"
fresh_visobert_04204,3335,0,,none
fresh_visobert_05064,3336,1,emotion,emotion
fresh_visobert_10826,3337,1,idiom_figurative|polarity,"idiom_figurative,polarity"
fresh_visobert_10380,3338,1,mocking,mocking
fresh_visobert_06195,3339,0,,none
fresh_visobert_07762,3340,0,,none
fresh_visobert_05227,3341,0,,none
fresh_visobert_11560,3342,0,,sarcasm
fresh_visobert_08240,3343,0,,none
fresh_visobert_07374,3344,0,,none
fresh_visobert_04665,3345,0,,none
fresh_visobert_06055,3346,0,,none
fresh_visobert_06570,3347,0,,none
fresh_visobert_09957,3348,0,,none
fresh_visobert_08040,3349,0,,sarcasm
fresh_visobert_06656,3350,0,,none
fresh_visobert_02195,3351,0,,none
fresh_visobert_06982,3352,0,,none
fresh_visobert_11992,3353,0,,none
fresh_visobert_11664,3354,0,,none
fresh_visobert_05615,3355,1,polarity|emotion,"polarity,emotion"
fresh_visobert_06309,3356,0,,none
fresh_visobert_01499,3357,0,,none
fresh_visobert_01369,3358,1,emotion,emotion
fresh_visobert_09111,3359,0,,none
fresh_visobert_11586,3360,1,emotion,emotion
fresh_visobert_05989,3361,0,,none
fresh_visobert_05080,3362,0,,none
fresh_visobert_09279,3363,0,,none
fresh_visobert_07470,3364,1,emotion,emotion
fresh_visobert_01726,3365,0,,none
fresh_visobert_00335,3366,1,polarity,polarity
fresh_visobert_09341,3367,0,,none
fresh_visobert_06876,3368,1,idiom_figurative,idiom_figurative
fresh_visobert_03016,3369,1,sarcasm|polarity|emotion,"sarcasm,polarity,emotion"
fresh_visobert_10756,3370,0,,none
fresh_visobert_02698,3371,0,,none
fresh_visobert_02972,3372,0,,none
fresh_visobert_04151,3373,0,,none
fresh_visobert_03127,3374,0,,none
fresh_visobert_02554,3375,0,,none
fresh_visobert_10804,3376,1,mocking|emotion,"mocking,emotion"
fresh_visobert_00379,3377,1,mocking|emotion,"mocking,emotion"
fresh_visobert_04536,3378,0,,none
fresh_visobert_05855,3379,0,,none
fresh_visobert_03112,3380,0,,none
fresh_visobert_05811,3381,0,,none
fresh_visobert_02946,3382,0,,none
fresh_visobert_11132,3383,1,idiom_figurative|polarity,"idiom_figurative,polarity"
fresh_visobert_05942,3384,0,,none
fresh_visobert_02172,3385,0,,none
fresh_visobert_01502,3386,0,,none
fresh_visobert_11188,3387,1,code_switching,code_switching
fresh_visobert_03217,3388,0,,none
fresh_visobert_10540,3389,0,,none
fresh_visobert_00931,3390,1,polarity,polarity
fresh_visobert_05626,3391,0,,none
fresh_visobert_11692,3392,1,code_switching,code_switching
fresh_visobert_00175,3393,1,code_switching,code_switching
fresh_visobert_07276,3394,0,,none
fresh_visobert_03830,3395,0,,none
fresh_visobert_06490,3396,0,,none
fresh_visobert_07487,3397,0,,none
fresh_visobert_10430,3398,0,,none
fresh_visobert_01928,3399,0,,none
fresh_visobert_00567,3400,0,,none
fresh_visobert_10929,3401,0,,none
fresh_visobert_05238,3402,0,,none
fresh_visobert_03635,3403,0,,none
fresh_visobert_06878,3404,1,mocking|emotion,"mocking,emotion"
fresh_visobert_09687,3405,0,,none
fresh_visobert_02619,3406,0,,none
fresh_visobert_01927,3407,1,mocking|emotion,"mocking,emotion"
fresh_visobert_04584,3408,1,code_switching,code_switching
fresh_visobert_06388,3409,1,mocking|emotion,"mocking,emotion"
fresh_visobert_05665,3410,0,,none
fresh_visobert_01832,3411,1,sarcasm|emotion,"sarcasm,emotion"
fresh_visobert_08812,3412,0,,none
fresh_visobert_07756,3413,0,,none
fresh_visobert_03326,3414,1,code_switching,code_switching
fresh_visobert_05359,3415,0,,none
fresh_visobert_00374,3416,0,,none
fresh_visobert_02473,3417,1,mocking|emotion,"mocking,emotion"
fresh_visobert_08410,3418,1,polarity,polarity
fresh_visobert_10554,3419,1,emotion,emotion
fresh_visobert_08973,3420,1,sarcasm,sarcasm
fresh_visobert_08819,3421,0,,none
fresh_visobert_10999,3422,0,,none
fresh_visobert_04196,3423,0,,none
fresh_visobert_01444,3424,0,,none
fresh_visobert_11904,3425,0,,none
fresh_visobert_10574,3426,0,,none
fresh_visobert_08493,3427,1,polarity,polarity
fresh_visobert_04400,3428,1,code_switching,code_switching
fresh_visobert_03581,3429,0,,none
fresh_visobert_05590,3430,1,polarity,polarity
fresh_visobert_01104,3431,0,,none
fresh_visobert_05526,3432,0,,none
fresh_visobert_09964,3433,0,,none
fresh_visobert_05149,3434,1,code_switching,code_switching
fresh_visobert_11648,3435,1,code_switching,code_switching
fresh_visobert_04218,3436,1,implicit_sentiment|idiom_figurative,"implicit_sentiment,idiom_figurative"
fresh_visobert_00088,3437,0,,none
fresh_visobert_06928,3438,0,,none
fresh_visobert_08758,3439,1,mocking|emotion,"mocking,emotion"
fresh_visobert_04726,3440,0,,none
fresh_visobert_05219,3441,1,emotion,emotion
fresh_visobert_05500,3442,0,,none
fresh_visobert_03943,3443,0,,none
fresh_visobert_10837,3444,0,,none
fresh_visobert_06187,3445,0,,none
fresh_visobert_11673,3446,0,,none
fresh_visobert_03454,3447,0,,none
fresh_visobert_05657,3448,1,emotion,emotion
fresh_visobert_11382,3449,0,,none
fresh_visobert_01521,3450,1,emotion,emotion
fresh_visobert_02488,3451,0,,none
fresh_visobert_03302,3452,0,,none
fresh_visobert_00337,3453,0,,none
fresh_visobert_07081,3454,1,mocking|emotion,"mocking,emotion"
fresh_visobert_08863,3455,0,,none
fresh_visobert_00238,3456,0,,none
fresh_visobert_04671,3457,0,,none
fresh_visobert_01952,3458,0,,none
fresh_visobert_08247,3459,0,,none
fresh_visobert_11774,3460,0,,none
fresh_visobert_00973,3461,0,,none
fresh_visobert_07431,3462,0,,none
fresh_visobert_03433,3463,0,,none
fresh_visobert_09013,3464,1,emotion,emotion
fresh_visobert_00119,3465,0,,none
fresh_visobert_05232,3466,0,,none
fresh_visobert_00532,3467,1,sarcasm|polarity,"sarcasm,polarity"
fresh_visobert_11408,3468,1,sarcasm,sarcasm
fresh_visobert_09579,3469,1,emotion,emotion
fresh_visobert_07562,3470,0,,none
fresh_visobert_06650,3471,0,,none
fresh_visobert_01707,3472,0,,none
fresh_visobert_05813,3473,0,,none
fresh_visobert_11941,3474,0,,none
fresh_visobert_01093,3475,0,,none
fresh_visobert_01115,3476,1,mocking|emotion,"mocking,emotion"
fresh_visobert_06101,3477,1,emotion,"emotion,sarcasm"
fresh_visobert_09696,3478,0,,none
fresh_visobert_03997,3479,0,,none
fresh_visobert_08380,3480,1,code_switching,code_switching
fresh_visobert_05640,3481,1,implicit_sentiment,implicit_sentiment
fresh_visobert_11117,3482,1,polarity,polarity
fresh_visobert_01291,3483,0,,none
fresh_visobert_03065,3484,1,code_switching,code_switching
fresh_visobert_09192,3485,0,,none
fresh_visobert_01561,3486,0,,none
fresh_visobert_10226,3487,1,mocking|emotion,"mocking,emotion"
fresh_visobert_07184,3488,0,,none
fresh_visobert_06051,3489,0,,none
fresh_visobert_09522,3490,1,mocking|emotion,"mocking,emotion"
fresh_visobert_01683,3491,1,emotion,emotion
fresh_visobert_02953,3492,1,mocking|emotion,"mocking,emotion"
fresh_visobert_05464,3493,0,,none
fresh_visobert_04950,3494,1,mocking|emotion,"mocking,emotion"
fresh_visobert_09428,3495,1,irony|emotion,"irony,emotion"
fresh_visobert_00522,3496,0,,none
fresh_visobert_04699,3497,0,,none
fresh_visobert_02176,3498,0,,none
fresh_visobert_11551,3499,1,emotion,emotion
fresh_visobert_08831,3500,0,,none
fresh_visobert_08869,3501,0,,none
fresh_visobert_09671,3502,0,,none
fresh_visobert_01943,3503,0,,none
fresh_visobert_11950,3504,0,,none
fresh_visobert_11890,3505,0,,none
fresh_visobert_10444,3506,0,,none
fresh_visobert_02433,3507,1,idiom_figurative|emotion,"idiom_figurative,emotion"
fresh_visobert_07241,3508,0,,none
fresh_visobert_07260,3509,0,,none
fresh_visobert_07320,3510,0,,none
fresh_visobert_10712,3511,0,,none
fresh_visobert_06715,3512,0,,none
fresh_visobert_03417,3513,0,,none
fresh_visobert_02778,3514,0,,none
fresh_visobert_00720,3515,1,implicit_sentiment|sarcasm|mocking|emotion,"implicit_sentiment,sarcasm,mocking,emotion"
fresh_visobert_05763,3516,1,idiom_figurative|emotion,"idiom_figurative,emotion"
fresh_visobert_01453,3517,0,,none
fresh_visobert_05656,3518,0,,none
fresh_visobert_07004,3519,0,,none
fresh_visobert_06006,3520,0,,none
fresh_visobert_02829,3521,0,,none
fresh_visobert_05778,3522,0,,none
fresh_visobert_08394,3523,0,,none
fresh_visobert_05858,3524,0,,none
fresh_visobert_09330,3525,0,,none
fresh_visobert_04977,3526,0,,none
fresh_visobert_09068,3527,0,,none
fresh_visobert_01655,3528,0,,none
fresh_visobert_05558,3529,1,mocking|emotion,"mocking,emotion"
fresh_visobert_04557,3530,1,mocking|emotion,"mocking,emotion"
fresh_visobert_05041,3531,1,implicit_sentiment|polarity,"implicit_sentiment,polarity"
fresh_visobert_09895,3532,1,emotion,emotion
fresh_visobert_05847,3533,0,,none
fresh_visobert_02745,3534,0,,none
fresh_visobert_10668,3535,0,,none
fresh_visobert_11965,3536,1,mocking|emotion,"mocking,emotion"
fresh_visobert_10944,3537,0,,none
fresh_visobert_11010,3538,1,code_switching,code_switching
fresh_visobert_00467,3539,1,emotion,emotion
fresh_visobert_05368,3540,0,,none
fresh_visobert_02737,3541,0,,none
fresh_visobert_05139,3542,0,,none
fresh_visobert_06450,3543,1,emotion,emotion
fresh_visobert_05720,3544,0,,none
fresh_visobert_09948,3545,0,,none
fresh_visobert_09806,3546,0,,none
fresh_visobert_01686,3547,1,emotion,emotion
fresh_visobert_06240,3548,1,polarity|emotion,"polarity,emotion"
fresh_visobert_01175,3549,1,polarity|emotion,"polarity,emotion"
fresh_visobert_09650,3550,0,,none
fresh_visobert_11092,3551,0,,none
fresh_visobert_08123,3552,0,,none
fresh_visobert_00722,3553,0,,none
fresh_visobert_06061,3554,0,,none
fresh_visobert_07543,3555,0,,none
fresh_visobert_01555,3556,0,,none
fresh_visobert_04635,3557,0,,none
fresh_visobert_02474,3558,0,,none
fresh_visobert_09576,3559,1,idiom_figurative|polarity,"idiom_figurative,polarity"
fresh_visobert_09791,3560,0,,none
fresh_visobert_09043,3561,0,,none
fresh_visobert_08105,3562,0,,none
fresh_visobert_11835,3563,1,idiom_figurative,idiom_figurative
fresh_visobert_03423,3564,0,,none
fresh_visobert_04180,3565,0,,none
fresh_visobert_07114,3566,0,,none
fresh_visobert_02868,3567,1,mocking|emotion,"mocking,emotion"
fresh_visobert_03443,3568,0,,none
fresh_visobert_05600,3569,0,,none
fresh_visobert_04756,3570,0,,none
fresh_visobert_01970,3571,0,,none
fresh_visobert_10143,3572,1,implicit_sentiment,implicit_sentiment
fresh_visobert_02081,3573,0,,none
fresh_visobert_01084,3574,0,,none
fresh_visobert_06711,3575,0,,none
fresh_visobert_07968,3576,0,,none
fresh_visobert_00297,3577,0,,none
fresh_visobert_08271,3578,0,,none
fresh_visobert_01488,3579,0,,none
fresh_visobert_10335,3580,0,,none
fresh_visobert_03068,3581,0,,none
fresh_visobert_09431,3582,0,,none
fresh_visobert_00757,3583,0,,none
fresh_visobert_06468,3584,0,,none
fresh_visobert_02831,3585,1,implicit_sentiment,implicit_sentiment
fresh_visobert_00511,3586,1,idiom_figurative|polarity,"idiom_figurative,polarity"
fresh_visobert_06827,3587,0,,none
fresh_visobert_05685,3588,0,,none
fresh_visobert_00325,3589,1,emotion,emotion
fresh_visobert_05185,3590,0,,none
fresh_visobert_05857,3591,0,,none
fresh_visobert_09355,3592,0,,none
fresh_visobert_04535,3593,1,emotion,emotion
fresh_visobert_01588,3594,0,,none
fresh_visobert_05908,3595,1,implicit_sentiment|emotion,"implicit_sentiment,emotion"
fresh_visobert_04351,3596,1,mocking|emotion,"mocking,emotion"
fresh_visobert_02865,3597,0,,none
fresh_visobert_03952,3598,0,,none
fresh_visobert_10778,3599,0,,none
fresh_visobert_04782,3600,1,code_switching|polarity|emotion,"code_switching,polarity,emotion"
fresh_visobert_10565,3601,1,code_switching,code_switching
fresh_visobert_11893,3602,1,implicit_sentiment,implicit_sentiment
fresh_visobert_00034,3603,0,,none
fresh_visobert_10752,3604,0,,none
fresh_visobert_08540,3605,0,,sarcasm
fresh_visobert_00993,3606,0,,none
fresh_visobert_11042,3607,0,,none
fresh_visobert_06062,3608,0,,none
fresh_visobert_06812,3609,0,,none
fresh_visobert_01761,3610,0,,none
fresh_visobert_06888,3611,0,,sarcasm
fresh_visobert_04293,3612,0,,none
fresh_visobert_02917,3613,0,,none
fresh_visobert_06196,3614,0,,none
fresh_visobert_02188,3615,0,,none
fresh_visobert_07107,3616,0,,none
fresh_visobert_05161,3617,1,code_switching,code_switching
fresh_visobert_00839,3618,0,,none
fresh_visobert_08426,3619,0,,sarcasm
fresh_visobert_08715,3620,1,implicit_sentiment,implicit_sentiment
fresh_visobert_02326,3621,0,,none
fresh_visobert_00821,3622,1,polarity,polarity
fresh_visobert_01140,3623,1,polarity,polarity
fresh_visobert_03574,3624,0,,none
fresh_visobert_11442,3625,0,,none
fresh_visobert_09107,3626,0,,none
fresh_visobert_07863,3627,1,polarity,polarity
fresh_visobert_01156,3628,1,mocking|polarity|emotion,"mocking,polarity,emotion"
fresh_visobert_09317,3629,1,implicit_sentiment|polarity|emotion,"implicit_sentiment,polarity,emotion"
fresh_visobert_06030,3630,0,,none
fresh_visobert_06945,3631,0,,none
fresh_visobert_11872,3632,0,,none
fresh_visobert_08985,3633,0,,none
fresh_visobert_08765,3634,0,,none
fresh_visobert_10230,3635,0,,none
fresh_visobert_04290,3636,0,,none
fresh_visobert_08552,3637,1,emotion,emotion
fresh_visobert_08729,3638,0,,none
fresh_visobert_09265,3639,0,,none
fresh_visobert_02408,3640,0,,none
fresh_visobert_10545,3641,0,,none
fresh_visobert_00916,3642,1,code_switching,code_switching
fresh_visobert_01035,3643,0,,none
fresh_visobert_09563,3644,0,,none
fresh_visobert_10285,3645,1,polarity|emotion,"polarity,emotion"
fresh_visobert_11936,3646,0,,none
fresh_visobert_10791,3647,0,,none
fresh_visobert_10353,3648,0,,none
fresh_visobert_09933,3649,0,,none
fresh_visobert_04954,3650,1,implicit_sentiment,implicit_sentiment
fresh_visobert_04651,3651,1,idiom_figurative|emotion,"idiom_figurative,emotion"
fresh_visobert_10468,3652,0,,none
fresh_visobert_09815,3653,0,,none
fresh_visobert_06954,3654,0,,none
fresh_visobert_06788,3655,0,,none
fresh_visobert_06148,3656,0,,none
fresh_visobert_03137,3657,0,,none
fresh_visobert_05575,3658,1,mocking|emotion,"mocking,emotion"
fresh_visobert_09248,3659,0,,none
fresh_visobert_00299,3660,1,emotion,emotion
fresh_visobert_09888,3661,0,,none
fresh_visobert_10571,3662,0,,none
fresh_visobert_11597,3663,1,emotion,emotion
fresh_visobert_02845,3664,1,emotion,emotion
fresh_visobert_10903,3665,0,,none
fresh_visobert_00438,3666,0,,none
fresh_visobert_01634,3667,1,emotion,emotion
fresh_visobert_04507,3668,0,,none
fresh_visobert_02985,3669,1,idiom_figurative,idiom_figurative
fresh_visobert_09307,3670,0,,none
fresh_visobert_00469,3671,0,,none
fresh_visobert_08449,3672,0,,none
fresh_visobert_09093,3673,0,,none
fresh_visobert_05306,3674,0,,none
fresh_visobert_04722,3675,1,emotion,emotion
fresh_visobert_10379,3676,1,emotion,emotion
fresh_visobert_09884,3677,0,,none
fresh_visobert_03847,3678,0,,none
fresh_visobert_11125,3679,0,,none
fresh_visobert_09602,3680,1,code_switching,code_switching
fresh_visobert_03519,3681,0,,none
fresh_visobert_10159,3682,0,,none
fresh_visobert_08124,3683,1,sarcasm,sarcasm
fresh_visobert_02028,3684,0,,none
fresh_visobert_11368,3685,1,idiom_figurative,"idiom_figurative,sarcasm"
fresh_visobert_04744,3686,0,,none
fresh_visobert_05737,3687,1,mocking|emotion,"mocking,emotion"
fresh_visobert_10263,3688,1,mocking|emotion,"mocking,emotion"
fresh_visobert_02095,3689,0,,none
fresh_visobert_02303,3690,1,mocking|emotion,"mocking,emotion"
fresh_visobert_07018,3691,0,,none
fresh_visobert_07125,3692,0,,none
fresh_visobert_01631,3693,1,polarity|emotion,"polarity,emotion"
fresh_visobert_11073,3694,0,,none
fresh_visobert_06022,3695,1,emotion,emotion
fresh_visobert_01247,3696,0,,none
fresh_visobert_05991,3697,0,,none
fresh_visobert_06035,3698,0,,none
fresh_visobert_00964,3699,0,,none
fresh_visobert_07343,3700,0,,none
fresh_visobert_11194,3701,1,mocking|emotion,"mocking,emotion"
fresh_visobert_06090,3702,0,,none
fresh_visobert_07411,3703,1,code_switching|emotion,"code_switching,emotion"
fresh_visobert_09716,3704,0,,none
fresh_visobert_00788,3705,0,,none
fresh_visobert_08362,3706,1,code_switching,code_switching
fresh_visobert_11022,3707,0,,none
fresh_visobert_02583,3708,0,,none
fresh_visobert_01940,3709,1,code_switching|polarity|emotion,"code_switching,polarity,emotion"
fresh_visobert_01226,3710,1,emotion,emotion
fresh_visobert_06948,3711,1,emotion,emotion
fresh_visobert_07109,3712,0,,none
fresh_visobert_11333,3713,0,,none
fresh_visobert_08625,3714,1,polarity,"polarity,sarcasm"
fresh_visobert_08382,3715,0,,none
fresh_visobert_11437,3716,0,,none
fresh_visobert_08988,3717,1,emotion,emotion
fresh_visobert_08842,3718,0,,none
fresh_visobert_00359,3719,0,,none
fresh_visobert_00650,3720,1,polarity,polarity
fresh_visobert_09270,3721,0,,none
fresh_visobert_11369,3722,0,,none
fresh_visobert_08381,3723,0,,none
fresh_visobert_03040,3724,1,idiom_figurative,idiom_figurative
fresh_visobert_00021,3725,0,,none
fresh_visobert_03133,3726,0,,none
fresh_visobert_11108,3727,0,,none
fresh_visobert_06023,3728,0,,none
fresh_visobert_06984,3729,1,code_switching,code_switching
fresh_visobert_04152,3730,0,,none
fresh_visobert_09132,3731,0,,none
fresh_visobert_04770,3732,0,,none
fresh_visobert_02266,3733,0,,none
fresh_visobert_06163,3734,0,,none
fresh_visobert_09571,3735,1,emotion,emotion
fresh_visobert_05681,3736,0,,none
fresh_visobert_05328,3737,0,,none
fresh_visobert_08222,3738,0,,none
fresh_visobert_00265,3739,1,mocking|emotion,"mocking,emotion"
fresh_visobert_11494,3740,1,code_switching,code_switching
fresh_visobert_04227,3741,0,,none
fresh_visobert_04875,3742,0,,none
fresh_visobert_03529,3743,1,polarity|emotion,"polarity,emotion"
fresh_visobert_00481,3744,1,code_switching|polarity|emotion,"code_switching,polarity,emotion"
fresh_visobert_01944,3745,1,emotion,emotion
fresh_visobert_02992,3746,0,,none
fresh_visobert_10529,3747,0,,none
fresh_visobert_06129,3748,1,code_switching|emotion,"code_switching,emotion"
fresh_visobert_00937,3749,0,,none
fresh_visobert_10758,3750,0,,none
fresh_visobert_01837,3751,1,polarity|emotion,"polarity,emotion"
fresh_visobert_11420,3752,0,,none
fresh_visobert_10718,3753,0,,none
fresh_visobert_01962,3754,0,,none
fresh_visobert_04316,3755,0,,none
fresh_visobert_00449,3756,0,,none
fresh_visobert_07334,3757,1,code_switching,code_switching
fresh_visobert_11013,3758,1,emotion,emotion
fresh_visobert_08143,3759,0,,none
fresh_visobert_01814,3760,0,,none
fresh_visobert_08623,3761,0,,none
fresh_visobert_01355,3762,1,code_switching|emotion,"code_switching,emotion"
fresh_visobert_00126,3763,0,,none
fresh_visobert_05478,3764,0,,none
fresh_visobert_09405,3765,0,,none
fresh_visobert_08108,3766,0,,none
fresh_visobert_00594,3767,0,,none
fresh_visobert_06947,3768,0,,none
fresh_visobert_04002,3769,1,code_switching,code_switching
fresh_visobert_00099,3770,0,,none
fresh_visobert_07042,3771,0,,none
fresh_visobert_07263,3772,1,mocking|emotion,"mocking,emotion"
fresh_visobert_00692,3773,0,,none
fresh_visobert_00343,3774,1,mocking|emotion,"mocking,emotion"
fresh_visobert_02264,3775,0,,none
fresh_visobert_09723,3776,1,polarity,polarity
fresh_visobert_11637,3777,0,,none
fresh_visobert_03717,3778,0,,none
fresh_visobert_08012,3779,0,,none
fresh_visobert_07665,3780,0,,none
fresh_visobert_10049,3781,0,,none
fresh_visobert_06231,3782,0,,none
fresh_visobert_04171,3783,0,,none
fresh_visobert_07468,3784,1,idiom_figurative,idiom_figurative
fresh_visobert_04147,3785,0,,none
fresh_visobert_02210,3786,0,,none
fresh_visobert_06171,3787,1,mocking|emotion,"mocking,emotion"
fresh_visobert_08598,3788,0,,none
fresh_visobert_02969,3789,1,code_switching,code_switching
fresh_visobert_08190,3790,1,emotion,emotion
fresh_visobert_02823,3791,0,,none
fresh_visobert_01608,3792,0,,none
fresh_visobert_08102,3793,0,,none
fresh_visobert_08836,3794,0,,none
fresh_visobert_04707,3795,0,,none
fresh_visobert_01500,3796,0,,none
fresh_visobert_10086,3797,1,mocking|emotion,"mocking,emotion"
fresh_visobert_09225,3798,1,code_switching,code_switching
fresh_visobert_11638,3799,1,polarity|emotion,"polarity,emotion"
fresh_visobert_04141,3800,0,,none
fresh_visobert_01628,3801,0,,none
fresh_visobert_07278,3802,1,mocking|emotion,"mocking,emotion"
fresh_visobert_03786,3803,0,,none
fresh_visobert_08515,3804,0,,none
fresh_visobert_04886,3805,0,,none
fresh_visobert_05412,3806,0,,none
fresh_visobert_01132,3807,0,,none
fresh_visobert_02826,3808,0,,none
fresh_visobert_09453,3809,1,sarcasm|emotion,"sarcasm,emotion"
fresh_visobert_09004,3810,0,,none
fresh_visobert_10078,3811,1,code_switching,code_switching
fresh_visobert_06589,3812,1,mocking|emotion,"mocking,emotion"
fresh_visobert_07287,3813,0,,none
fresh_visobert_11238,3814,0,,none
fresh_visobert_09537,3815,0,,none
fresh_visobert_05377,3816,0,,none
fresh_visobert_01932,3817,0,,none
fresh_visobert_11097,3818,0,,none
fresh_visobert_08052,3819,0,,none
fresh_visobert_00241,3820,0,,none
fresh_visobert_10478,3821,0,,none
fresh_visobert_04264,3822,0,,none
fresh_visobert_06952,3823,0,,none
fresh_visobert_10187,3824,0,,none
fresh_visobert_02278,3825,1,mocking|emotion,"mocking,emotion"
fresh_visobert_01159,3826,0,,none
fresh_visobert_08384,3827,0,,none
fresh_visobert_10652,3828,0,,none
fresh_visobert_03622,3829,1,idiom_figurative,idiom_figurative
fresh_visobert_07972,3830,0,,none
fresh_visobert_07927,3831,1,code_switching,code_switching
fresh_visobert_08411,3832,0,,none
fresh_visobert_07852,3833,0,,none
fresh_visobert_11978,3834,0,,none
fresh_visobert_09918,3835,1,emotion,emotion
fresh_visobert_10714,3836,0,,none
fresh_visobert_11279,3837,0,,none
fresh_visobert_02190,3838,0,,none
fresh_visobert_10937,3839,1,sarcasm|code_switching|polarity,"sarcasm,code_switching,polarity"
fresh_visobert_08315,3840,0,,none
fresh_visobert_09873,3841,0,,none
fresh_visobert_04356,3842,0,,none
fresh_visobert_04150,3843,0,,none
fresh_visobert_03646,3844,0,,none
fresh_visobert_02270,3845,1,mocking|emotion,"mocking,emotion"
fresh_visobert_08937,3846,0,,sarcasm
fresh_visobert_09038,3847,1,emotion,emotion
fresh_visobert_06837,3848,0,,none
fresh_visobert_06746,3849,0,,none
fresh_visobert_01436,3850,1,polarity|emotion,"polarity,emotion"
fresh_visobert_06002,3851,1,code_switching,code_switching
fresh_visobert_03796,3852,1,mocking|emotion,"mocking,emotion"
fresh_visobert_05579,3853,0,,none
fresh_visobert_06667,3854,0,,none
fresh_visobert_03150,3855,1,code_switching,code_switching
fresh_visobert_05312,3856,1,mocking,mocking
fresh_visobert_07028,3857,0,,none
fresh_visobert_05826,3858,0,,none
fresh_visobert_03787,3859,0,,none
fresh_visobert_03810,3860,0,,none
fresh_visobert_04450,3861,1,code_switching,code_switching
fresh_visobert_05436,3862,0,,none
fresh_visobert_08880,3863,0,,none
fresh_visobert_00988,3864,1,mocking|emotion,"mocking,emotion"
fresh_visobert_01219,3865,1,implicit_sentiment|idiom_figurative,"implicit_sentiment,idiom_figurative"
fresh_visobert_03084,3866,0,,none
fresh_visobert_01656,3867,1,idiom_figurative,idiom_figurative
fresh_visobert_03408,3868,1,code_switching|emotion,"code_switching,emotion"
fresh_visobert_10992,3869,0,,none
fresh_visobert_07376,3870,0,,none
fresh_visobert_11328,3871,1,implicit_sentiment,implicit_sentiment
fresh_visobert_06394,3872,0,,none
fresh_visobert_08557,3873,1,implicit_sentiment|emotion,"implicit_sentiment,emotion"
fresh_visobert_09259,3874,1,code_switching,code_switching
fresh_visobert_04796,3875,0,,none
fresh_visobert_03264,3876,0,,none
fresh_visobert_01481,3877,0,,none
fresh_visobert_10982,3878,0,,none
fresh_visobert_09930,3879,0,,none
fresh_visobert_06881,3880,1,implicit_sentiment|emotion,"implicit_sentiment,emotion"
fresh_visobert_04242,3881,0,,none
fresh_visobert_05098,3882,1,code_switching,code_switching
fresh_visobert_04643,3883,1,polarity|emotion,"polarity,emotion"
fresh_visobert_01670,3884,0,,none
fresh_visobert_11695,3885,0,,none
fresh_visobert_07340,3886,0,,none
fresh_visobert_07953,3887,1,emotion,emotion
fresh_visobert_06170,3888,1,polarity|emotion,"polarity,emotion"
fresh_visobert_10233,3889,1,mocking|emotion,"mocking,emotion"
fresh_visobert_09322,3890,1,emotion,emotion
fresh_visobert_11886,3891,0,,none
fresh_visobert_10660,3892,1,polarity,polarity
fresh_visobert_09467,3893,0,,none
fresh_visobert_07338,3894,1,polarity,polarity
fresh_visobert_05249,3895,0,,none
fresh_visobert_03544,3896,0,,none
fresh_visobert_08022,3897,1,mocking|emotion,"mocking,emotion"
fresh_visobert_11995,3898,1,implicit_sentiment|sarcasm,"implicit_sentiment,sarcasm"
fresh_visobert_10347,3899,0,,none
fresh_visobert_00793,3900,1,polarity,polarity
fresh_visobert_07240,3901,1,polarity,"polarity,sarcasm"
fresh_visobert_02239,3902,0,,none
fresh_visobert_02440,3903,0,,none
fresh_visobert_00873,3904,0,,none
fresh_visobert_08218,3905,0,,none
fresh_visobert_04819,3906,0,,none
fresh_visobert_08302,3907,1,polarity|emotion,"polarity,emotion"
fresh_visobert_03372,3908,1,mocking|emotion,"mocking,emotion"
fresh_visobert_03861,3909,1,code_switching,code_switching
fresh_visobert_01342,3910,0,,none
fresh_visobert_09920,3911,1,emotion,emotion
fresh_visobert_02033,3912,0,,none
fresh_visobert_00699,3913,1,code_switching,code_switching
fresh_visobert_00732,3914,1,implicit_sentiment|idiom_figurative|mocking|emotion,"implicit_sentiment,idiom_figurative,mocking,emotion"
fresh_visobert_01540,3915,0,,none
fresh_visobert_07460,3916,0,,none
fresh_visobert_04378,3917,1,mocking|emotion,"mocking,emotion"
fresh_visobert_06424,3918,1,idiom_figurative|emotion,"idiom_figurative,emotion"
fresh_visobert_04587,3919,1,emotion,emotion
fresh_visobert_03625,3920,0,,none
fresh_visobert_08341,3921,1,polarity,polarity
fresh_visobert_00040,3922,0,,none
fresh_visobert_04885,3923,0,,none
fresh_visobert_07375,3924,0,,none
fresh_visobert_11914,3925,0,,none
fresh_visobert_06152,3926,0,,none
fresh_visobert_07447,3927,1,sarcasm|idiom_figurative|emotion,"sarcasm,idiom_figurative,emotion"
fresh_visobert_04039,3928,0,,none
fresh_visobert_02594,3929,0,,none
fresh_visobert_05674,3930,0,,none
fresh_visobert_11824,3931,0,,none
fresh_visobert_02100,3932,1,code_switching,code_switching
fresh_visobert_10633,3933,1,polarity|emotion,"polarity,emotion"
fresh_visobert_05945,3934,1,emotion,emotion
fresh_visobert_01978,3935,1,mocking|emotion,"mocking,emotion"
fresh_visobert_00723,3936,0,,none
fresh_visobert_03418,3937,0,,none
fresh_visobert_10585,3938,0,,none
fresh_visobert_07463,3939,0,,none
fresh_visobert_00498,3940,0,,none
fresh_visobert_02764,3941,0,,none
fresh_visobert_05856,3942,0,,none
fresh_visobert_05469,3943,0,,none
fresh_visobert_05905,3944,0,,none
fresh_visobert_04667,3945,0,,none
fresh_visobert_08719,3946,0,,none
fresh_visobert_09023,3947,0,,none
fresh_visobert_01847,3948,0,,none
fresh_visobert_05058,3949,0,,none
fresh_visobert_09860,3950,0,,none
fresh_visobert_03416,3951,0,,none
fresh_visobert_03392,3952,0,,none
fresh_visobert_02903,3953,0,,none
fresh_visobert_01624,3954,0,,none
fresh_visobert_06991,3955,0,,none
fresh_visobert_00710,3956,0,,none
fresh_visobert_00537,3957,0,,none
fresh_visobert_06763,3958,0,,none
fresh_visobert_11712,3959,1,code_switching,code_switching
fresh_visobert_02389,3960,1,code_switching,code_switching
fresh_visobert_02223,3961,0,,none
fresh_visobert_04211,3962,0,,none
fresh_visobert_02901,3963,0,,none
fresh_visobert_07205,3964,0,,none
fresh_visobert_10841,3965,0,,none
fresh_visobert_00073,3966,0,,none
fresh_visobert_03038,3967,0,,none
fresh_visobert_04662,3968,1,idiom_figurative,idiom_figurative
fresh_visobert_04868,3969,1,mocking|emotion,"mocking,emotion"
fresh_visobert_00404,3970,0,,none
fresh_visobert_00979,3971,0,,none
fresh_visobert_08845,3972,0,,sarcasm
fresh_visobert_07699,3973,0,,none
fresh_visobert_00045,3974,1,emotion,emotion
fresh_visobert_02949,3975,0,,none
fresh_visobert_01209,3976,0,,none
fresh_visobert_08858,3977,1,idiom_figurative,idiom_figurative
fresh_visobert_03554,3978,1,polarity,polarity
fresh_visobert_10769,3979,1,mocking|emotion,"mocking,emotion"
fresh_visobert_01108,3980,0,,none
fresh_visobert_10736,3981,1,code_switching,code_switching
fresh_visobert_08419,3982,0,,none
fresh_visobert_08873,3983,1,idiom_figurative,idiom_figurative
fresh_visobert_01269,3984,1,emotion,emotion
fresh_visobert_11264,3985,0,,none
fresh_visobert_08130,3986,0,,none
fresh_visobert_10589,3987,1,polarity,polarity
fresh_visobert_01350,3988,0,,none
fresh_visobert_02236,3989,0,,none
fresh_visobert_10504,3990,0,,none
fresh_visobert_04392,3991,0,,none
fresh_visobert_07696,3992,0,,none
fresh_visobert_04923,3993,0,,none
fresh_visobert_11760,3994,0,,none
fresh_visobert_00005,3995,0,,none
fresh_visobert_02895,3996,0,,none
fresh_visobert_09805,3997,0,,none
fresh_visobert_11285,3998,0,,none
fresh_visobert_01781,3999,0,,none
fresh_visobert_10503,4000,1,mocking|emotion,"mocking,emotion"
fresh_visobert_00607,4001,0,,none
fresh_visobert_02838,4002,0,,none
fresh_visobert_04509,4003,0,,none
fresh_visobert_02890,4004,0,,none
fresh_visobert_02660,4005,0,,none
fresh_visobert_09202,4006,0,,none
fresh_visobert_04092,4007,0,,none
fresh_visobert_10687,4008,0,,none
fresh_visobert_03719,4009,0,,none
fresh_visobert_06091,4010,0,,none
fresh_visobert_03864,4011,0,,none
fresh_visobert_05859,4012,1,mocking|emotion,"mocking,emotion"
fresh_visobert_03649,4013,0,,none
fresh_visobert_04829,4014,0,,none
fresh_visobert_05350,4015,0,,none
fresh_visobert_11737,4016,0,,none
fresh_visobert_06085,4017,1,mocking|emotion,"mocking,emotion"
fresh_visobert_02996,4018,0,,none
fresh_visobert_09343,4019,0,,none
fresh_visobert_02531,4020,0,,none
fresh_visobert_09486,4021,1,implicit_sentiment,implicit_sentiment
fresh_visobert_01775,4022,1,polarity,polarity
fresh_visobert_11528,4023,0,,none
fresh_visobert_11193,4024,0,,none
fresh_visobert_05652,4025,0,,none
fresh_visobert_01539,4026,0,,none
fresh_visobert_07890,4027,0,,none
fresh_visobert_04277,4028,0,,none
fresh_visobert_00140,4029,0,,none
fresh_visobert_02084,4030,0,,none
fresh_visobert_01509,4031,0,,none
fresh_visobert_04571,4032,0,,none
fresh_visobert_05696,4033,1,sarcasm,sarcasm
fresh_visobert_03043,4034,0,,none
fresh_visobert_09490,4035,0,,none
fresh_visobert_07117,4036,0,,none
fresh_visobert_07897,4037,1,code_switching,code_switching
fresh_visobert_10339,4038,0,,none
fresh_visobert_04903,4039,1,polarity|emotion,"polarity,emotion"
fresh_visobert_09190,4040,1,code_switching,code_switching
fresh_visobert_05367,4041,0,,none
fresh_visobert_01661,4042,0,,none
fresh_visobert_04623,4043,0,,none
fresh_visobert_03363,4044,0,,none
fresh_visobert_10007,4045,0,,none
fresh_visobert_09910,4046,0,,none
fresh_visobert_07966,4047,0,,none
fresh_visobert_09737,4048,0,,none
fresh_visobert_08967,4049,1,implicit_sentiment,implicit_sentiment
fresh_visobert_10150,4050,1,emotion,emotion
fresh_visobert_00212,4051,0,,none
fresh_visobert_01532,4052,0,,none
fresh_visobert_06531,4053,0,,none
fresh_visobert_09736,4054,0,,none
fresh_visobert_00332,4055,1,implicit_sentiment|emotion,"implicit_sentiment,emotion"
fresh_visobert_05758,4056,0,,none
fresh_visobert_02390,4057,1,mocking|emotion,"mocking,emotion"
fresh_visobert_04679,4058,1,idiom_figurative,idiom_figurative
fresh_visobert_01536,4059,0,,none
fresh_visobert_00907,4060,0,,none
fresh_visobert_11320,4061,0,,none
fresh_visobert_06826,4062,0,,none
fresh_visobert_05594,4063,0,,none
fresh_visobert_05634,4064,1,implicit_sentiment|emotion,"implicit_sentiment,emotion"
fresh_visobert_02328,4065,1,idiom_figurative,idiom_figurative
fresh_visobert_08320,4066,1,emotion,emotion
fresh_visobert_10719,4067,0,,none
fresh_visobert_07609,4068,0,,none
fresh_visobert_02613,4069,0,,none
fresh_visobert_03583,4070,0,,none
fresh_visobert_04979,4071,0,,none
fresh_visobert_07280,4072,1,idiom_figurative,idiom_figurative
fresh_visobert_05463,4073,1,emotion,emotion
fresh_visobert_09046,4074,1,emotion,emotion
fresh_visobert_03918,4075,0,,none
fresh_visobert_04445,4076,0,,none
fresh_visobert_02337,4077,1,mocking|emotion,"mocking,emotion"
fresh_visobert_02141,4078,0,,none
fresh_visobert_02237,4079,0,,none
fresh_visobert_05070,4080,1,code_switching|emotion,"code_switching,emotion"
fresh_visobert_07295,4081,1,emotion,emotion
fresh_visobert_00231,4082,1,emotion,emotion
fresh_visobert_01880,4083,0,,none
fresh_visobert_06866,4084,0,,none
fresh_visobert_03607,4085,0,,none
fresh_visobert_00772,4086,0,,none
fresh_visobert_10674,4087,0,,none
fresh_visobert_00805,4088,0,,none
fresh_visobert_05430,4089,0,,none
fresh_visobert_04837,4090,0,,none
fresh_visobert_01882,4091,0,,none
fresh_visobert_05841,4092,1,code_switching,code_switching
fresh_visobert_00683,4093,0,,none
fresh_visobert_01657,4094,1,polarity,polarity
fresh_visobert_11416,4095,0,,none
fresh_visobert_00640,4096,1,code_switching|polarity|emotion,"code_switching,polarity,emotion"
fresh_visobert_06898,4097,1,polarity|emotion,"polarity,emotion"
fresh_visobert_02754,4098,0,,none
fresh_visobert_07058,4099,0,,none
fresh_visobert_08466,4100,0,,none
fresh_visobert_08053,4101,1,code_switching,code_switching
fresh_visobert_00994,4102,0,,none
fresh_visobert_07073,4103,0,,none
fresh_visobert_08859,4104,0,,none
fresh_visobert_10909,4105,0,,none
fresh_visobert_06252,4106,0,,none
fresh_visobert_00150,4107,0,,none
fresh_visobert_09292,4108,0,,none
fresh_visobert_01336,4109,0,,none
fresh_visobert_00186,4110,0,,none
fresh_visobert_10014,4111,0,,none
fresh_visobert_09356,4112,1,implicit_sentiment,implicit_sentiment
fresh_visobert_03917,4113,0,,none
fresh_visobert_11693,4114,0,,none
fresh_visobert_10889,4115,1,code_switching,code_switching
fresh_visobert_00472,4116,1,polarity,polarity
fresh_visobert_03094,4117,0,,none
fresh_visobert_00490,4118,0,,none
fresh_visobert_05623,4119,0,,none
fresh_visobert_10510,4120,0,,none
fresh_visobert_02437,4121,1,polarity,polarity
fresh_visobert_04841,4122,1,implicit_sentiment|emotion,"implicit_sentiment,emotion"
fresh_visobert_06964,4123,0,,none
fresh_visobert_10949,4124,0,,none
fresh_visobert_10956,4125,0,,none
fresh_visobert_00930,4126,0,,none
fresh_visobert_05241,4127,0,,none
fresh_visobert_10671,4128,1,emotion,emotion
fresh_visobert_05154,4129,1,idiom_figurative,idiom_figurative
fresh_visobert_07253,4130,1,sarcasm|code_switching|polarity|emotion,"sarcasm,code_switching,polarity,emotion"
fresh_visobert_02356,4131,1,polarity|emotion,"polarity,emotion"
fresh_visobert_03747,4132,0,,none
fresh_visobert_03696,4133,0,,none
fresh_visobert_11087,4134,0,,none
fresh_visobert_08982,4135,0,,none
fresh_visobert_01323,4136,0,,none
fresh_visobert_07335,4137,0,,none
fresh_visobert_07898,4138,0,,none
fresh_visobert_02344,4139,0,,none
fresh_visobert_06648,4140,0,,none
fresh_visobert_02457,4141,1,implicit_sentiment|idiom_figurative,"implicit_sentiment,idiom_figurative"
fresh_visobert_05871,4142,0,,none
fresh_visobert_11460,4143,0,,none
fresh_visobert_02922,4144,0,,none
fresh_visobert_10898,4145,1,mocking|emotion,"mocking,emotion"
fresh_visobert_07528,4146,0,,none
fresh_visobert_03504,4147,0,,none
fresh_visobert_00715,4148,1,mocking|emotion,"mocking,emotion"
fresh_visobert_08884,4149,1,implicit_sentiment,implicit_sentiment
fresh_visobert_03664,4150,0,,none
fresh_visobert_08086,4151,0,,none
fresh_visobert_04198,4152,0,,none
fresh_visobert_11916,4153,0,,none
fresh_visobert_04377,4154,0,,none
fresh_visobert_10363,4155,0,,none
fresh_visobert_02644,4156,0,,none
fresh_visobert_06211,4157,0,,none
fresh_visobert_11508,4158,0,,none
fresh_visobert_05305,4159,0,,none
fresh_visobert_01141,4160,1,mocking|emotion,"mocking,emotion"
fresh_visobert_00420,4161,0,,none
fresh_visobert_08787,4162,0,,none
fresh_visobert_04454,4163,1,code_switching,code_switching
fresh_visobert_10168,4164,0,,none
fresh_visobert_06777,4165,0,,none
fresh_visobert_10002,4166,1,sarcasm,sarcasm
fresh_visobert_04010,4167,1,idiom_figurative,idiom_figurative
fresh_visobert_10559,4168,0,,none
fresh_visobert_03871,4169,0,,none
fresh_visobert_01865,4170,0,,none
fresh_visobert_06512,4171,0,,none
fresh_visobert_08200,4172,0,,none
fresh_visobert_10825,4173,1,emotion,emotion
fresh_visobert_02505,4174,0,,none
fresh_visobert_05022,4175,0,,none
fresh_visobert_00701,4176,0,,none
fresh_visobert_08972,4177,0,,none
fresh_visobert_01914,4178,0,,none
fresh_visobert_00731,4179,0,,none
fresh_visobert_02366,4180,1,polarity|emotion,"polarity,emotion"
fresh_visobert_02573,4181,0,,none
fresh_visobert_03223,4182,0,,none
fresh_visobert_07282,4183,0,,none
fresh_visobert_10940,4184,0,,none
fresh_visobert_07570,4185,0,,none
fresh_visobert_06822,4186,0,,none
fresh_visobert_09517,4187,0,,none
fresh_visobert_05126,4188,0,,none
fresh_visobert_03613,4189,0,,none
fresh_visobert_02201,4190,0,,none
fresh_visobert_05159,4191,1,implicit_sentiment|emotion,"implicit_sentiment,emotion"
fresh_visobert_00630,4192,0,,none
fresh_visobert_08210,4193,0,,none
fresh_visobert_11222,4194,0,,none
fresh_visobert_11958,4195,0,,none
fresh_visobert_04161,4196,0,,none
fresh_visobert_00273,4197,0,,none
fresh_visobert_06508,4198,0,,none
fresh_visobert_08867,4199,0,,sarcasm
fresh_visobert_01124,4200,0,,none
fresh_visobert_03173,4201,0,,none
fresh_visobert_11157,4202,1,polarity,polarity
fresh_visobert_01388,4203,0,,none
fresh_visobert_07647,4204,0,,none
fresh_visobert_07764,4205,0,,none
fresh_visobert_11632,4206,1,implicit_sentiment,implicit_sentiment
fresh_visobert_02846,4207,0,,none
fresh_visobert_04882,4208,0,,none
fresh_visobert_06383,4209,0,,none
fresh_visobert_02094,4210,1,emotion,emotion
fresh_visobert_00564,4211,0,,none
fresh_visobert_04080,4212,1,code_switching,code_switching
fresh_visobert_11555,4213,0,,none
fresh_visobert_08249,4214,0,,none
fresh_visobert_09908,4215,1,implicit_sentiment|idiom_figurative,"implicit_sentiment,idiom_figurative"
fresh_visobert_11116,4216,0,,none
fresh_visobert_01145,4217,0,,none
fresh_visobert_05104,4218,0,,none
fresh_visobert_02027,4219,1,mocking|emotion,"mocking,emotion"
fresh_visobert_07999,4220,0,,none
fresh_visobert_10146,4221,0,,none
fresh_visobert_06851,4222,1,emotion,"emotion,sarcasm"
fresh_visobert_10661,4223,0,,none
fresh_visobert_01418,4224,0,,none
fresh_visobert_09520,4225,1,code_switching|emotion,"code_switching,emotion"
fresh_visobert_11443,4226,1,sarcasm|polarity,"sarcasm,polarity"
fresh_visobert_00551,4227,1,mocking|emotion,"mocking,emotion"
fresh_visobert_06472,4228,0,,none
fresh_visobert_08459,4229,0,,none
fresh_visobert_00435,4230,1,code_switching,code_switching
fresh_visobert_05048,4231,0,,none
fresh_visobert_10334,4232,0,,none
fresh_visobert_08009,4233,1,mocking,mocking
fresh_visobert_01351,4234,1,mocking,mocking
fresh_visobert_06460,4235,0,,none
fresh_visobert_04802,4236,0,,none
fresh_visobert_08405,4237,1,code_switching|emotion,"code_switching,emotion"
fresh_visobert_03769,4238,0,,none
fresh_visobert_06839,4239,0,,none
fresh_visobert_07108,4240,1,idiom_figurative,idiom_figurative
fresh_visobert_07989,4241,0,,none
fresh_visobert_08323,4242,0,,none
fresh_visobert_10221,4243,0,,none
fresh_visobert_01620,4244,0,,none
fresh_visobert_00171,4245,1,emotion,emotion
fresh_visobert_08150,4246,0,,none
fresh_visobert_07381,4247,1,emotion,emotion
fresh_visobert_07387,4248,1,idiom_figurative,idiom_figurative
fresh_visobert_06381,4249,0,,none
fresh_visobert_05096,4250,0,,none
fresh_visobert_03215,4251,0,,none
fresh_visobert_04278,4252,0,,none
fresh_visobert_07250,4253,0,,none
fresh_visobert_03346,4254,0,,none
fresh_visobert_08476,4255,0,,none
fresh_visobert_01396,4256,0,,none
fresh_visobert_10336,4257,1,emotion,emotion
fresh_visobert_08556,4258,0,,none
fresh_visobert_04223,4259,1,idiom_figurative|emotion,"idiom_figurative,emotion"
fresh_visobert_06900,4260,0,,none
fresh_visobert_00267,4261,0,,none
fresh_visobert_08457,4262,0,,none
fresh_visobert_04182,4263,0,,none
fresh_visobert_01885,4264,0,,none
fresh_visobert_03564,4265,0,,none
fresh_visobert_11733,4266,0,,none
fresh_visobert_10378,4267,0,,none
fresh_visobert_07835,4268,0,,none
fresh_visobert_11365,4269,0,,none
fresh_visobert_11240,4270,1,code_switching,code_switching
fresh_visobert_07451,4271,0,,none
fresh_visobert_02209,4272,1,mocking,mocking
fresh_visobert_08083,4273,1,implicit_sentiment,implicit_sentiment
fresh_visobert_06474,4274,1,idiom_figurative,idiom_figurative
fresh_visobert_03395,4275,0,,none
fresh_visobert_05009,4276,0,,none
fresh_visobert_05807,4277,1,idiom_figurative,idiom_figurative
fresh_visobert_03231,4278,0,,none
fresh_visobert_06580,4279,1,polarity|emotion,"polarity,emotion"
fresh_visobert_10759,4280,0,,none
fresh_visobert_01001,4281,0,,none
fresh_visobert_03080,4282,1,code_switching,code_switching
fresh_visobert_02162,4283,0,,none
fresh_visobert_03288,4284,1,polarity,polarity
fresh_visobert_03261,4285,0,,none
fresh_visobert_02112,4286,1,polarity|emotion,"polarity,emotion"
fresh_visobert_02702,4287,1,polarity,polarity
fresh_visobert_06306,4288,0,,none
fresh_visobert_03085,4289,0,,none
fresh_visobert_02383,4290,0,,none
fresh_visobert_01139,4291,0,,none
fresh_visobert_09267,4292,0,,none
fresh_visobert_01324,4293,0,,none
fresh_visobert_09556,4294,0,,none
fresh_visobert_05777,4295,0,,none
fresh_visobert_03420,4296,1,code_switching|polarity|emotion,"code_switching,polarity,emotion"
fresh_visobert_11779,4297,0,,none
fresh_visobert_11998,4298,0,,none
fresh_visobert_11106,4299,0,,none
fresh_visobert_06234,4300,0,,none
fresh_visobert_02731,4301,1,code_switching|polarity|emotion,"code_switching,polarity,emotion"
fresh_visobert_07445,4302,0,,none
fresh_visobert_03798,4303,0,,none
fresh_visobert_06811,4304,0,,none
fresh_visobert_05554,4305,1,polarity,polarity
fresh_visobert_03277,4306,1,idiom_figurative,idiom_figurative
fresh_visobert_09772,4307,0,,none
fresh_visobert_05037,4308,1,idiom_figurative,idiom_figurative
fresh_visobert_08700,4309,1,polarity,polarity
fresh_visobert_09294,4310,0,,none
fresh_visobert_11846,4311,1,polarity,polarity
fresh_visobert_04238,4312,0,,none
fresh_visobert_04168,4313,0,,none
fresh_visobert_11327,4314,0,,none
fresh_visobert_04363,4315,1,idiom_figurative,idiom_figurative
fresh_visobert_08872,4316,0,,none
fresh_visobert_09927,4317,0,,none
fresh_visobert_08847,4318,1,mocking|emotion,"mocking,emotion"
fresh_visobert_03990,4319,0,,none
fresh_visobert_01354,4320,0,,none
fresh_visobert_08082,4321,0,,none
fresh_visobert_04193,4322,0,,none
fresh_visobert_09866,4323,0,,none
fresh_visobert_10697,4324,0,,none
fresh_visobert_01117,4325,0,,none
fresh_visobert_02146,4326,0,,none
fresh_visobert_07997,4327,0,,none
fresh_visobert_08654,4328,0,,none
fresh_visobert_06236,4329,0,,none
fresh_visobert_09977,4330,0,,none
fresh_visobert_00177,4331,0,,none
fresh_visobert_05556,4332,0,,none
fresh_visobert_09987,4333,0,,none
fresh_visobert_04772,4334,0,,none
fresh_visobert_10642,4335,1,sarcasm,sarcasm
fresh_visobert_10963,4336,1,emotion,emotion
fresh_visobert_07067,4337,0,,none
fresh_visobert_00714,4338,0,,none
fresh_visobert_02392,4339,0,,none
fresh_visobert_11016,4340,1,emotion,emotion
fresh_visobert_06526,4341,0,,none
fresh_visobert_11453,4342,0,,none
fresh_visobert_09494,4343,1,idiom_figurative,idiom_figurative
fresh_visobert_09345,4344,0,,none
fresh_visobert_02847,4345,1,mocking|emotion,"mocking,emotion"
fresh_visobert_01399,4346,1,emotion,emotion
fresh_visobert_10640,4347,0,,none
fresh_visobert_10924,4348,0,,none
fresh_visobert_02365,4349,1,polarity|emotion,"polarity,emotion"
fresh_visobert_04605,4350,1,emotion,emotion
fresh_visobert_00668,4351,0,,none
fresh_visobert_07191,4352,0,,none
fresh_visobert_04370,4353,1,emotion,emotion
fresh_visobert_04731,4354,0,,none
fresh_visobert_06869,4355,0,,none
fresh_visobert_00550,4356,0,,none
fresh_visobert_09702,4357,0,,none
fresh_visobert_06100,4358,0,,none
fresh_visobert_00271,4359,0,,none
fresh_visobert_06153,4360,1,emotion,emotion
fresh_visobert_04019,4361,0,,none
fresh_visobert_06410,4362,0,,none
fresh_visobert_06421,4363,0,,none
fresh_visobert_08656,4364,0,,none
fresh_visobert_00353,4365,1,emotion,emotion
fresh_visobert_02973,4366,1,mocking|emotion,"mocking,emotion"
fresh_visobert_11652,4367,1,emotion,emotion
fresh_visobert_08838,4368,1,code_switching,code_switching
fresh_visobert_10893,4369,0,,none
fresh_visobert_11189,4370,0,,none
fresh_visobert_02889,4371,0,,none
fresh_visobert_00028,4372,1,mocking,mocking
fresh_visobert_11387,4373,1,mocking|emotion,"mocking,emotion"
fresh_visobert_05607,4374,0,,none
fresh_visobert_01430,4375,0,,none
fresh_visobert_10682,4376,1,polarity,polarity
fresh_visobert_04221,4377,0,,none
fresh_visobert_04864,4378,1,mocking|emotion,"mocking,emotion"
fresh_visobert_02913,4379,0,,none
fresh_visobert_05160,4380,1,idiom_figurative|emotion,"idiom_figurative,emotion"
fresh_visobert_06174,4381,0,,none
fresh_visobert_10392,4382,0,,sarcasm
fresh_visobert_05673,4383,0,,none
fresh_visobert_09596,4384,0,,none
fresh_visobert_03130,4385,0,,none
fresh_visobert_09175,4386,1,emotion,emotion
fresh_visobert_05387,4387,0,,none
fresh_visobert_07723,4388,0,,none
fresh_visobert_07254,4389,0,,none
fresh_visobert_08562,4390,0,,none
fresh_visobert_07833,4391,0,,none
fresh_visobert_08436,4392,0,,none
fresh_visobert_00014,4393,0,,none
fresh_visobert_00844,4394,1,polarity,polarity
fresh_visobert_06103,4395,0,,none
fresh_visobert_07365,4396,0,,none
fresh_visobert_08260,4397,0,,none
fresh_visobert_04704,4398,0,,none
fresh_visobert_01692,4399,0,,none
fresh_visobert_09275,4400,1,emotion,emotion
fresh_visobert_11601,4401,0,,none
fresh_visobert_06361,4402,0,,none
fresh_visobert_07875,4403,1,code_switching,code_switching
fresh_visobert_04154,4404,0,,none
fresh_visobert_00781,4405,1,emotion,emotion
fresh_visobert_02380,4406,0,,none
fresh_visobert_01717,4407,1,code_switching|polarity,"code_switching,polarity"
fresh_visobert_03648,4408,0,,none
fresh_visobert_02975,4409,0,,none
fresh_visobert_01877,4410,0,,none
fresh_visobert_06391,4411,1,mocking|emotion,"mocking,emotion"
fresh_visobert_03074,4412,1,code_switching,code_switching
fresh_visobert_10863,4413,0,,none
fresh_visobert_01504,4414,0,,none
fresh_visobert_09808,4415,1,code_switching|polarity|emotion,"code_switching,polarity,emotion"
fresh_visobert_10815,4416,1,emotion,emotion
fresh_visobert_09516,4417,1,mocking|emotion,"mocking,emotion"
fresh_visobert_09616,4418,0,,none
fresh_visobert_10293,4419,1,polarity|emotion,"polarity,emotion"
fresh_visobert_10743,4420,0,,none
fresh_visobert_00184,4421,1,mocking|emotion,"mocking,emotion"
fresh_visobert_09172,4422,1,sarcasm|mocking,"sarcasm,mocking"
fresh_visobert_00456,4423,0,,none
fresh_visobert_02413,4424,1,mocking|emotion,"mocking,emotion"
fresh_visobert_01949,4425,0,,none
fresh_visobert_02986,4426,0,,none
fresh_visobert_08933,4427,1,code_switching,"code_switching,sarcasm"
fresh_visobert_03891,4428,0,,none
fresh_visobert_11319,4429,0,,none
fresh_visobert_06802,4430,0,,none
fresh_visobert_07430,4431,1,emotion,emotion
fresh_visobert_08327,4432,0,,none
fresh_visobert_01715,4433,0,,none
fresh_visobert_03169,4434,0,,none
fresh_visobert_11465,4435,1,polarity,polarity
fresh_visobert_00340,4436,1,polarity|emotion,"polarity,emotion"
fresh_visobert_11147,4437,0,,none
fresh_visobert_11924,4438,0,,none
fresh_visobert_06448,4439,1,mocking|polarity|emotion,"mocking,polarity,emotion"
fresh_visobert_05613,4440,0,,none
fresh_visobert_05012,4441,0,,none
fresh_visobert_01367,4442,0,,none
fresh_visobert_10271,4443,0,,none
fresh_visobert_01711,4444,0,,none
fresh_visobert_02993,4445,0,,none
fresh_visobert_07634,4446,1,emotion,emotion
fresh_visobert_10236,4447,0,,none
fresh_visobert_04933,4448,0,,none
fresh_visobert_00789,4449,0,,none
fresh_visobert_04724,4450,1,mocking|emotion,"mocking,emotion"
fresh_visobert_00541,4451,0,,none
fresh_visobert_11502,4452,1,idiom_figurative,idiom_figurative
fresh_visobert_11338,4453,0,,none
fresh_visobert_01658,4454,1,emotion,emotion
fresh_visobert_09915,4455,0,,none
fresh_visobert_06665,4456,0,,none
fresh_visobert_02507,4457,0,,none
fresh_visobert_01543,4458,1,emotion,emotion
fresh_visobert_10089,4459,0,,none
fresh_visobert_10600,4460,1,sarcasm|idiom_figurative|code_switching|polarity,"sarcasm,idiom_figurative,code_switching,polarity"
fresh_visobert_08841,4461,0,,none
fresh_visobert_00390,4462,0,,none
fresh_visobert_06179,4463,0,,none
fresh_visobert_08514,4464,0,,none
fresh_visobert_08807,4465,1,polarity,polarity
fresh_visobert_04522,4466,1,polarity,polarity
fresh_visobert_07827,4467,0,,none
fresh_visobert_09067,4468,0,,none
fresh_visobert_00478,4469,1,idiom_figurative,idiom_figurative
fresh_visobert_04736,4470,0,,none
fresh_visobert_03304,4471,0,,none
fresh_visobert_02602,4472,0,,none
fresh_visobert_08987,4473,0,,none
fresh_visobert_01343,4474,0,,none
fresh_visobert_11955,4475,0,,none
fresh_visobert_05264,4476,1,mocking|emotion,"mocking,emotion"
fresh_visobert_02605,4477,0,,none
fresh_visobert_02677,4478,0,,none
fresh_visobert_10774,4479,0,,none
fresh_visobert_00999,4480,0,,none
fresh_visobert_03762,4481,1,idiom_figurative,idiom_figurative
fresh_visobert_01796,4482,0,,none
fresh_visobert_03975,4483,0,,none
fresh_visobert_03203,4484,0,,none
fresh_visobert_11080,4485,0,,none
fresh_visobert_09257,4486,1,idiom_figurative,idiom_figurative
fresh_visobert_03870,4487,0,,none
fresh_visobert_06367,4488,0,,none
fresh_visobert_11169,4489,0,,none
fresh_visobert_05645,4490,1,code_switching|mocking|emotion,"code_switching,mocking,emotion"
fresh_visobert_05637,4491,0,,none
fresh_visobert_08844,4492,0,,none
fresh_visobert_10384,4493,1,code_switching,code_switching
fresh_visobert_05488,4494,0,,none
fresh_visobert_08152,4495,0,,none
fresh_visobert_10325,4496,1,emotion,emotion
fresh_visobert_01594,4497,1,emotion,emotion
fresh_visobert_00971,4498,0,,none
fresh_visobert_01475,4499,0,,none
fresh_visobert_09633,4500,1,emotion,emotion
fresh_visobert_03722,4501,0,,none
fresh_visobert_04455,4502,1,mocking|emotion,"mocking,emotion"
fresh_visobert_05283,4503,0,,none
fresh_visobert_06630,4504,1,mocking|emotion,"mocking,emotion"
fresh_visobert_02265,4505,1,mocking|emotion,"mocking,emotion"
fresh_visobert_02175,4506,0,,none
fresh_visobert_00362,4507,0,,sarcasm
fresh_visobert_00838,4508,1,polarity|emotion,"polarity,emotion"
fresh_visobert_01671,4509,0,,none
fresh_visobert_05090,4510,0,,none
fresh_visobert_02097,4511,1,idiom_figurative,idiom_figurative
fresh_visobert_00218,4512,0,,none
fresh_visobert_06847,4513,0,,none
fresh_visobert_05713,4514,1,code_switching|emotion,"code_switching,emotion"
fresh_visobert_04891,4515,0,,none
fresh_visobert_11854,4516,0,,none
fresh_visobert_00308,4517,1,idiom_figurative,idiom_figurative
fresh_visobert_07914,4518,0,,none
fresh_visobert_11740,4519,0,,none
fresh_visobert_10327,4520,0,,none
fresh_visobert_03632,4521,0,,none
fresh_visobert_04964,4522,0,,none
fresh_visobert_06731,4523,1,sarcasm|polarity,"sarcasm,polarity"
fresh_visobert_00672,4524,0,,none
fresh_visobert_11745,4525,0,,none
fresh_visobert_07034,4526,1,irony|emotion,"irony,emotion"
fresh_visobert_06298,4527,0,,none
fresh_visobert_04086,4528,1,polarity,polarity
fresh_visobert_00840,4529,0,,none
fresh_visobert_11375,4530,0,,none
fresh_visobert_00211,4531,1,mocking|emotion,"mocking,emotion"
fresh_visobert_05186,4532,0,,none
fresh_visobert_11174,4533,1,polarity,polarity
fresh_visobert_08896,4534,0,,sarcasm
fresh_visobert_09642,4535,0,,none
fresh_visobert_11683,4536,1,mocking|emotion,"mocking,emotion"
fresh_visobert_11654,4537,0,,none
fresh_visobert_05010,4538,0,,none
fresh_visobert_02480,4539,0,,none
fresh_visobert_04095,4540,0,,none
fresh_visobert_10849,4541,0,,none
fresh_visobert_11973,4542,0,,none
fresh_visobert_10209,4543,1,mocking|emotion,"mocking,emotion"
fresh_visobert_08545,4544,1,code_switching,code_switching
fresh_visobert_11425,4545,0,,none
fresh_visobert_03913,4546,0,,none
fresh_visobert_11634,4547,1,implicit_sentiment,implicit_sentiment
fresh_visobert_06972,4548,0,,none
fresh_visobert_11400,4549,0,,none
fresh_visobert_08304,4550,1,implicit_sentiment|polarity|emotion,"implicit_sentiment,polarity,emotion"
fresh_visobert_07534,4551,1,mocking,mocking
fresh_visobert_07001,4552,0,,none
fresh_visobert_08834,4553,1,emotion,emotion
fresh_visobert_09764,4554,0,,none
fresh_visobert_06375,4555,0,,none
fresh_visobert_06882,4556,1,emotion,emotion
fresh_visobert_10968,4557,0,,none
fresh_visobert_04813,4558,0,,none
fresh_visobert_04748,4559,0,,none
fresh_visobert_07490,4560,1,polarity,polarity
fresh_visobert_08689,4561,0,,none
fresh_visobert_10333,4562,1,emotion,emotion
fresh_visobert_03358,4563,1,polarity,polarity
fresh_visobert_11883,4564,1,implicit_sentiment,implicit_sentiment
fresh_visobert_07815,4565,0,,none
fresh_visobert_03856,4566,0,,none
fresh_visobert_04439,4567,1,implicit_sentiment|irony,"implicit_sentiment,irony"
fresh_visobert_08696,4568,1,emotion,emotion
fresh_visobert_09880,4569,1,emotion,emotion
fresh_visobert_02127,4570,1,code_switching,code_switching
fresh_visobert_00208,4571,1,emotion,emotion
fresh_visobert_02159,4572,0,,none
fresh_visobert_09174,4573,0,,none
fresh_visobert_02894,4574,0,,none
fresh_visobert_05248,4575,0,,none
fresh_visobert_03222,4576,0,,none
fresh_visobert_07305,4577,1,emotion,emotion
fresh_visobert_11765,4578,1,implicit_sentiment,implicit_sentiment
fresh_visobert_03662,4579,1,emotion,emotion
fresh_visobert_04207,4580,0,,none
fresh_visobert_07037,4581,0,,none
fresh_visobert_06652,4582,1,emotion,emotion
fresh_visobert_04307,4583,1,implicit_sentiment|code_switching,"implicit_sentiment,code_switching"
fresh_visobert_05072,4584,1,idiom_figurative,idiom_figurative
fresh_visobert_08036,4585,1,emotion,emotion
fresh_visobert_10653,4586,0,,none
fresh_visobert_08001,4587,0,,none
fresh_visobert_08025,4588,1,code_switching,code_switching
fresh_visobert_01427,4589,0,,none
fresh_visobert_05751,4590,1,polarity|emotion,"polarity,emotion"
fresh_visobert_01431,4591,0,,none
fresh_visobert_03537,4592,1,emotion,emotion
fresh_visobert_00712,4593,1,implicit_sentiment,implicit_sentiment
fresh_visobert_06362,4594,1,code_switching|emotion,"code_switching,emotion"
fresh_visobert_11070,4595,0,,none
fresh_visobert_05202,4596,0,,none
fresh_visobert_10979,4597,1,implicit_sentiment|idiom_figurative|emotion,"implicit_sentiment,idiom_figurative,emotion"
fresh_visobert_10343,4598,1,mocking|emotion,"mocking,emotion"
fresh_visobert_05619,4599,0,,none
fresh_visobert_01998,4600,1,mocking|emotion,"mocking,emotion"
fresh_visobert_10656,4601,0,,none
fresh_visobert_00773,4602,0,,none
fresh_visobert_03673,4603,0,,none
fresh_visobert_06992,4604,0,,none
fresh_visobert_07321,4605,1,polarity,polarity
fresh_visobert_02906,4606,0,,none
fresh_visobert_02891,4607,0,,none
fresh_visobert_01503,4608,0,,none
fresh_visobert_06705,4609,0,,none
fresh_visobert_02859,4610,0,,none
fresh_visobert_09409,4611,1,idiom_figurative,idiom_figurative
fresh_visobert_11858,4612,0,,none
fresh_visobert_00798,4613,0,,none
fresh_visobert_03008,4614,0,,none
fresh_visobert_09758,4615,0,,none
fresh_visobert_03356,4616,0,,none
fresh_visobert_06371,4617,0,,none
fresh_visobert_08092,4618,0,,none
fresh_visobert_08505,4619,1,implicit_sentiment|polarity|emotion,"implicit_sentiment,polarity,emotion"
fresh_visobert_09965,4620,1,idiom_figurative|polarity|emotion,"idiom_figurative,polarity,emotion"
fresh_visobert_05407,4621,0,,none
fresh_visobert_02804,4622,0,,none
fresh_visobert_01048,4623,1,code_switching,code_switching
fresh_visobert_04988,4624,1,emotion,emotion
fresh_visobert_01751,4625,1,mocking|emotion,"mocking,emotion"
fresh_visobert_11178,4626,1,mocking|emotion,"mocking,emotion"
fresh_visobert_04807,4627,0,,none
fresh_visobert_04520,4628,0,,none
fresh_visobert_03819,4629,1,polarity,polarity
fresh_visobert_11830,4630,0,,none
fresh_visobert_00485,4631,0,,none
fresh_visobert_03334,4632,1,code_switching,code_switching
fresh_visobert_06973,4633,0,,none
fresh_visobert_01361,4634,0,,none
fresh_visobert_03053,4635,0,,none
fresh_visobert_11018,4636,1,emotion,emotion
fresh_visobert_08702,4637,0,,none
fresh_visobert_00850,4638,0,,none
fresh_visobert_01663,4639,1,idiom_figurative,idiom_figurative
fresh_visobert_05001,4640,0,,none
fresh_visobert_07377,4641,0,,none
fresh_visobert_06082,4642,0,,none
fresh_visobert_05189,4643,0,,none
fresh_visobert_08649,4644,1,emotion,emotion
fresh_visobert_05633,4645,0,,none
fresh_visobert_00416,4646,1,mocking|emotion,"mocking,emotion"
fresh_visobert_03335,4647,1,implicit_sentiment|code_switching,"implicit_sentiment,code_switching"
fresh_visobert_06208,4648,1,idiom_figurative,idiom_figurative
fresh_visobert_10452,4649,0,,none
fresh_visobert_11799,4650,0,,none
fresh_visobert_00278,4651,0,,none
fresh_visobert_00400,4652,1,code_switching,code_switching
fresh_visobert_11732,4653,1,emotion,emotion
fresh_visobert_06579,4654,0,,none
fresh_visobert_08206,4655,0,,none
fresh_visobert_02843,4656,0,,none
fresh_visobert_04251,4657,0,,none
fresh_visobert_02907,4658,1,polarity,polarity
fresh_visobert_01546,4659,0,,none
fresh_visobert_04554,4660,0,,none
fresh_visobert_03447,4661,1,mocking|emotion,"mocking,emotion"
fresh_visobert_05835,4662,0,,none
fresh_visobert_11177,4663,1,polarity|emotion,"polarity,emotion"
fresh_visobert_09411,4664,1,mocking|emotion,"mocking,emotion"
fresh_visobert_03905,4665,0,,none
fresh_visobert_03349,4666,0,,none
fresh_visobert_11563,4667,0,,none
fresh_visobert_01725,4668,0,,none
fresh_visobert_00611,4669,0,,none
fresh_visobert_07022,4670,1,sarcasm|mocking,"sarcasm,mocking"
fresh_visobert_09945,4671,1,polarity,polarity
fresh_visobert_03244,4672,0,,none
fresh_visobert_01756,4673,0,,none
fresh_visobert_09219,4674,0,,none
fresh_visobert_08480,4675,0,,none
fresh_visobert_07545,4676,1,idiom_figurative|emotion,"idiom_figurative,emotion"
fresh_visobert_04032,4677,0,,none
fresh_visobert_00753,4678,0,,none
fresh_visobert_05428,4679,0,,none
fresh_visobert_06053,4680,0,,none
fresh_visobert_02566,4681,0,,none
fresh_visobert_10690,4682,0,,none
fresh_visobert_05888,4683,0,,none
fresh_visobert_05969,4684,0,,none
fresh_visobert_01215,4685,0,,none
fresh_visobert_11197,4686,0,,none
fresh_visobert_07991,4687,1,mocking|emotion,"mocking,emotion"
fresh_visobert_02786,4688,0,,none
fresh_visobert_04239,4689,1,emotion,emotion
fresh_visobert_10886,4690,0,,none
fresh_visobert_10911,4691,0,,none
fresh_visobert_01835,4692,0,,none
fresh_visobert_05353,4693,0,,none
fresh_visobert_05967,4694,0,,none
fresh_visobert_00127,4695,1,code_switching,code_switching
fresh_visobert_00465,4696,1,code_switching|mocking|emotion,"code_switching,mocking,emotion"
fresh_visobert_01520,4697,0,,none
fresh_visobert_11276,4698,0,,none
fresh_visobert_11167,4699,0,,none
fresh_visobert_02257,4700,0,,none
fresh_visobert_00624,4701,0,,none
fresh_visobert_06044,4702,0,,none
fresh_visobert_00402,4703,1,emotion,emotion
fresh_visobert_07371,4704,1,mocking|emotion,"mocking,emotion"
fresh_visobert_10459,4705,1,emotion,emotion
fresh_visobert_00892,4706,0,,none
fresh_visobert_05664,4707,0,,none
fresh_visobert_09316,4708,0,,none
fresh_visobert_01281,4709,0,,none
fresh_visobert_09600,4710,0,,none
fresh_visobert_07014,4711,1,idiom_figurative,idiom_figurative
fresh_visobert_00215,4712,0,,none
fresh_visobert_03977,4713,0,,none
fresh_visobert_10957,4714,1,polarity,polarity
fresh_visobert_02537,4715,1,idiom_figurative|emotion,"idiom_figurative,emotion"
fresh_visobert_11609,4716,0,,none
fresh_visobert_02192,4717,1,idiom_figurative,idiom_figurative
fresh_visobert_06844,4718,0,,none
fresh_visobert_08467,4719,1,emotion,emotion
fresh_visobert_03808,4720,0,,none
fresh_visobert_03752,4721,0,,none
fresh_visobert_02769,4722,0,,none
fresh_visobert_07691,4723,0,,none
fresh_visobert_11148,4724,0,,none
fresh_visobert_10767,4725,0,,none
fresh_visobert_03511,4726,1,polarity,polarity
fresh_visobert_03258,4727,0,,none
fresh_visobert_00277,4728,0,,none
fresh_visobert_05913,4729,0,,none
fresh_visobert_06462,4730,0,,none
fresh_visobert_04893,4731,0,,none
fresh_visobert_10057,4732,1,emotion,emotion
fresh_visobert_02604,4733,0,,none
fresh_visobert_11585,4734,0,,none
fresh_visobert_02171,4735,0,,none
fresh_visobert_00756,4736,0,,none
fresh_visobert_07613,4737,1,implicit_sentiment|polarity|emotion,"implicit_sentiment,polarity,emotion"
fresh_visobert_08088,4738,0,,none
fresh_visobert_02342,4739,0,,none
fresh_visobert_01448,4740,1,idiom_figurative,idiom_figurative
fresh_visobert_05724,4741,0,,none
fresh_visobert_08334,4742,0,,none
fresh_visobert_01699,4743,0,,none
fresh_visobert_02187,4744,0,,none
fresh_visobert_03097,4745,1,emotion,emotion
fresh_visobert_10615,4746,1,code_switching|emotion,"code_switching,emotion"
fresh_visobert_04254,4747,0,,none
fresh_visobert_05584,4748,0,,none
fresh_visobert_09637,4749,1,mocking|emotion,"mocking,emotion"
fresh_visobert_03132,4750,1,polarity|emotion,"polarity,emotion"
fresh_visobert_00577,4751,0,,none
fresh_visobert_04323,4752,0,,none
fresh_visobert_05304,4753,0,,none
fresh_visobert_10320,4754,0,,none
fresh_visobert_02170,4755,0,,none
fresh_visobert_10779,4756,1,idiom_figurative,"idiom_figurative,sarcasm"
fresh_visobert_06645,4757,0,,none
fresh_visobert_11945,4758,1,polarity,polarity
fresh_visobert_03307,4759,1,idiom_figurative,idiom_figurative
fresh_visobert_10530,4760,0,,none
fresh_visobert_02370,4761,0,,none
fresh_visobert_08555,4762,0,,none
fresh_visobert_03938,4763,1,polarity,polarity
fresh_visobert_04354,4764,0,,none
fresh_visobert_01489,4765,0,,none
fresh_visobert_08342,4766,0,,none
fresh_visobert_09923,4767,0,,none
fresh_visobert_10100,4768,0,,none
fresh_visobert_05389,4769,1,mocking|emotion,"mocking,emotion"
fresh_visobert_07950,4770,0,,none
fresh_visobert_10102,4771,1,code_switching|emotion,"code_switching,emotion"
fresh_visobert_04094,4772,0,,none
fresh_visobert_02590,4773,0,,none
fresh_visobert_03394,4774,1,code_switching,code_switching
fresh_visobert_03653,4775,0,,none
fresh_visobert_01257,4776,1,implicit_sentiment|mocking|polarity|emotion,"implicit_sentiment,mocking,polarity,emotion"
fresh_visobert_01951,4777,1,idiom_figurative|emotion,"idiom_figurative,emotion"
fresh_visobert_02560,4778,0,,none
fresh_visobert_08596,4779,1,idiom_figurative,idiom_figurative
fresh_visobert_01901,4780,0,,none
fresh_visobert_00020,4781,0,,none
fresh_visobert_08705,4782,0,,none
fresh_visobert_09211,4783,0,,none
fresh_visobert_00600,4784,0,,none
fresh_visobert_04735,4785,0,,none
fresh_visobert_09482,4786,0,,none
fresh_visobert_00251,4787,0,,none
fresh_visobert_07174,4788,0,,none
fresh_visobert_02194,4789,0,,none
fresh_visobert_01172,4790,0,,none
fresh_visobert_03992,4791,1,emotion,emotion
fresh_visobert_03090,4792,1,polarity,polarity
fresh_visobert_10670,4793,0,,none
fresh_visobert_04853,4794,1,idiom_figurative|emotion,"idiom_figurative,emotion"
fresh_visobert_05334,4795,0,,none
fresh_visobert_02395,4796,0,,none
fresh_visobert_02221,4797,1,polarity,polarity
fresh_visobert_10519,4798,0,,none
fresh_visobert_06533,4799,0,,none
fresh_visobert_02043,4800,0,,none
fresh_visobert_07906,4801,0,,none
fresh_visobert_03278,4802,0,,none
fresh_visobert_00922,4803,0,,none
fresh_visobert_11892,4804,0,,none
fresh_visobert_11090,4805,1,mocking|polarity,"mocking,polarity"
fresh_visobert_09011,4806,0,,none
fresh_visobert_06244,4807,0,,none
fresh_visobert_04014,4808,0,,none
fresh_visobert_09310,4809,1,code_switching,code_switching
fresh_visobert_10809,4810,0,,none
fresh_visobert_09530,4811,0,,none
fresh_visobert_03949,4812,0,,none
fresh_visobert_09543,4813,0,,none
fresh_visobert_05062,4814,0,,none
fresh_visobert_10516,4815,1,polarity|emotion,"polarity,emotion"
fresh_visobert_10003,4816,1,idiom_figurative,idiom_figurative
fresh_visobert_02968,4817,0,,none
fresh_visobert_07372,4818,0,,none
fresh_visobert_08162,4819,0,,none
fresh_visobert_04280,4820,0,,none
fresh_visobert_04564,4821,0,,none
fresh_visobert_03588,4822,1,implicit_sentiment|emotion,"implicit_sentiment,emotion"
fresh_visobert_02453,4823,0,,none
fresh_visobert_00275,4824,0,,none
fresh_visobert_06698,4825,0,,none
fresh_visobert_11164,4826,0,,none
fresh_visobert_07976,4827,1,code_switching,code_switching
fresh_visobert_06661,4828,1,sarcasm,sarcasm
fresh_visobert_02517,4829,1,idiom_figurative|mocking|emotion,"idiom_figurative,mocking,emotion"
fresh_visobert_03967,4830,1,emotion,emotion
fresh_visobert_08429,4831,0,,none
fresh_visobert_08431,4832,1,code_switching,code_switching
fresh_visobert_08718,4833,0,,none
fresh_visobert_08892,4834,0,,none
fresh_visobert_08354,4835,0,,none
fresh_visobert_02937,4836,1,idiom_figurative,idiom_figurative
fresh_visobert_11009,4837,0,,sarcasm
fresh_visobert_09078,4838,1,code_switching,code_switching
fresh_visobert_11463,4839,1,polarity,polarity
fresh_visobert_07518,4840,1,polarity|emotion,"polarity,emotion"
fresh_visobert_08018,4841,0,,none
fresh_visobert_11746,4842,0,,none
fresh_visobert_05627,4843,0,,none
fresh_visobert_09178,4844,0,,none
fresh_visobert_10052,4845,0,,none
fresh_visobert_11472,4846,0,,none
fresh_visobert_07539,4847,0,,none
fresh_visobert_05092,4848,0,,none
fresh_visobert_06955,4849,0,,none
fresh_visobert_01738,4850,0,,none
fresh_visobert_00263,4851,0,,none
fresh_visobert_03357,4852,0,,none
fresh_visobert_03825,4853,0,,none
fresh_visobert_11500,4854,0,,none
fresh_visobert_04011,4855,1,mocking,mocking
fresh_visobert_06574,4856,0,,none
fresh_visobert_07434,4857,1,mocking|emotion,"mocking,emotion"
fresh_visobert_06324,4858,1,implicit_sentiment,implicit_sentiment
fresh_visobert_05222,4859,1,code_switching,code_switching
fresh_visobert_05863,4860,1,implicit_sentiment,implicit_sentiment
fresh_visobert_01241,4861,0,,none
fresh_visobert_05398,4862,0,,none
fresh_visobert_04175,4863,0,,none
fresh_visobert_10544,4864,1,idiom_figurative|mocking|emotion,"idiom_figurative,mocking,emotion"
fresh_visobert_10953,4865,0,,none
fresh_visobert_11534,4866,0,,none
fresh_visobert_03961,4867,1,mocking|emotion,"mocking,emotion"
fresh_visobert_01296,4868,0,,none
fresh_visobert_01099,4869,0,,none
fresh_visobert_08694,4870,1,sarcasm|emotion,"sarcasm,emotion"
fresh_visobert_05846,4871,0,,none
fresh_visobert_06390,4872,1,idiom_figurative|emotion,"idiom_figurative,emotion"
fresh_visobert_00657,4873,0,,none
fresh_visobert_09332,4874,0,,none
fresh_visobert_04255,4875,0,,none
fresh_visobert_10803,4876,0,,none
fresh_visobert_09052,4877,1,sarcasm,sarcasm
fresh_visobert_02991,4878,1,code_switching|mocking,"code_switching,mocking"
fresh_visobert_02541,4879,1,mocking|emotion,"mocking,emotion"
fresh_visobert_09969,4880,0,,none
fresh_visobert_09573,4881,1,implicit_sentiment|code_switching|polarity,"implicit_sentiment,code_switching,polarity"
fresh_visobert_07750,4882,0,,none
fresh_visobert_05446,4883,1,code_switching,code_switching
fresh_visobert_08608,4884,0,,none
fresh_visobert_10596,4885,0,,none
fresh_visobert_07778,4886,1,implicit_sentiment|code_switching|polarity,"implicit_sentiment,code_switching,polarity"
fresh_visobert_11584,4887,1,code_switching,code_switching
fresh_visobert_06047,4888,1,emotion,emotion
fresh_visobert_03558,4889,1,idiom_figurative,idiom_figurative
fresh_visobert_05980,4890,0,,none
fresh_visobert_10749,4891,1,emotion,emotion
fresh_visobert_02260,4892,0,,none
fresh_visobert_06181,4893,0,,none
fresh_visobert_04027,4894,0,,none
fresh_visobert_11849,4895,0,,none
fresh_visobert_03052,4896,0,,none
fresh_visobert_05921,4897,0,,none
fresh_visobert_11436,4898,0,,none
fresh_visobert_04818,4899,0,,none
fresh_visobert_06319,4900,1,idiom_figurative,idiom_figurative
fresh_visobert_05333,4901,1,mocking|emotion,"mocking,emotion"
fresh_visobert_06220,4902,1,mocking,mocking
fresh_visobert_06818,4903,0,,none
fresh_visobert_08638,4904,0,,none
fresh_visobert_06485,4905,1,mocking|emotion,"mocking,emotion"
fresh_visobert_11488,4906,0,,none
fresh_visobert_10880,4907,0,,none
fresh_visobert_05802,4908,1,sarcasm|emotion,"sarcasm,emotion"
fresh_visobert_02852,4909,0,,none
fresh_visobert_07187,4910,0,,none
fresh_visobert_01253,4911,0,,none
fresh_visobert_11964,4912,1,code_switching,"code_switching,sarcasm"
fresh_visobert_00486,4913,1,idiom_figurative,idiom_figurative
fresh_visobert_08922,4914,0,,none
fresh_visobert_01433,4915,0,,none
fresh_visobert_04497,4916,1,mocking,mocking
fresh_visobert_08257,4917,0,,sarcasm
fresh_visobert_07286,4918,0,,none
fresh_visobert_00261,4919,0,,none
fresh_visobert_08525,4920,0,,none
fresh_visobert_10290,4921,0,,none
fresh_visobert_04190,4922,0,,none
fresh_visobert_11822,4923,0,,none
fresh_visobert_10899,4924,0,,sarcasm
fresh_visobert_08784,4925,0,,none
fresh_visobert_11201,4926,1,polarity|emotion,"polarity,emotion"
fresh_visobert_00387,4927,0,,none
fresh_visobert_08577,4928,0,,none
fresh_visobert_04373,4929,0,,none
fresh_visobert_03083,4930,1,implicit_sentiment|polarity|emotion,"implicit_sentiment,polarity,emotion"
fresh_visobert_06414,4931,0,,none
fresh_visobert_07511,4932,0,,none
fresh_visobert_00997,4933,0,,none
fresh_visobert_06444,4934,0,,none
fresh_visobert_06819,4935,1,idiom_figurative,idiom_figurative
fresh_visobert_01276,4936,0,,none
fresh_visobert_11903,4937,0,,none
fresh_visobert_10024,4938,1,emotion,emotion
fresh_visobert_09408,4939,1,irony|emotion,"irony,emotion"
fresh_visobert_09478,4940,0,,none
fresh_visobert_06568,4941,0,,none
fresh_visobert_01703,4942,1,mocking|emotion,"mocking,emotion"
fresh_visobert_04029,4943,0,,none
fresh_visobert_02882,4944,0,,none
fresh_visobert_04608,4945,0,,none
fresh_visobert_05870,4946,0,,none
fresh_visobert_01273,4947,0,,none
fresh_visobert_01053,4948,0,,none
fresh_visobert_03070,4949,0,,none
fresh_visobert_11839,4950,0,,none
fresh_visobert_11458,4951,1,idiom_figurative,idiom_figurative
fresh_visobert_01807,4952,1,emotion,emotion
fresh_visobert_01016,4953,1,emotion,emotion
fresh_visobert_04036,4954,0,,none
fresh_visobert_07083,4955,1,implicit_sentiment|emotion,"implicit_sentiment,emotion"
fresh_visobert_11710,4956,0,,none
fresh_visobert_00969,4957,1,emotion,emotion
fresh_visobert_09655,4958,0,,none
fresh_visobert_02308,4959,0,,none
fresh_visobert_11729,4960,0,,none
fresh_visobert_00237,4961,0,,none
fresh_visobert_11687,4962,1,emotion,emotion
fresh_visobert_03910,4963,1,mocking|emotion,"mocking,emotion"
fresh_visobert_04346,4964,1,idiom_figurative|mocking|emotion,"idiom_figurative,mocking,emotion"
fresh_visobert_04769,4965,1,idiom_figurative,idiom_figurative
fresh_visobert_10663,4966,0,,none
fresh_visobert_09413,4967,0,,none
fresh_visobert_03621,4968,0,,none
fresh_visobert_11640,4969,0,,none
fresh_visobert_11578,4970,1,emotion,emotion
fresh_visobert_00223,4971,1,idiom_figurative|mocking,"idiom_figurative,mocking"
fresh_visobert_02598,4972,1,mocking|emotion,"mocking,emotion"
fresh_visobert_04399,4973,1,mocking|polarity|emotion,"mocking,polarity,emotion"
fresh_visobert_05838,4974,0,,none
fresh_visobert_11396,4975,1,mocking|emotion,"mocking,emotion"
fresh_visobert_01873,4976,0,,none
fresh_visobert_11202,4977,0,,none
fresh_visobert_07838,4978,0,,none
fresh_visobert_06221,4979,0,,none
fresh_visobert_04817,4980,0,,none
fresh_visobert_04616,4981,0,,none
fresh_visobert_03029,4982,0,,none
fresh_visobert_08298,4983,0,,none
fresh_visobert_03857,4984,1,polarity,polarity
fresh_visobert_07397,4985,0,,none
fresh_visobert_11239,4986,0,,none
fresh_visobert_01405,4987,1,emotion,emotion
fresh_visobert_05378,4988,0,,none
fresh_visobert_10112,4989,1,emotion,emotion
fresh_visobert_01798,4990,1,idiom_figurative,idiom_figurative
fresh_visobert_07084,4991,0,,none
fresh_visobert_05957,4992,1,polarity|emotion,"polarity,emotion"
fresh_visobert_10436,4993,0,,none
fresh_visobert_01311,4994,0,,none
fresh_visobert_07537,4995,1,mocking|emotion,"mocking,emotion"
fresh_visobert_01638,4996,0,,none
fresh_visobert_03909,4997,0,,none
fresh_visobert_02402,4998,0,,none
fresh_visobert_04934,4999,0,,none
fresh_visobert_04574,5000,0,,none
fresh_visobert_08030,5001,0,,none
fresh_visobert_10051,5002,0,,none
fresh_visobert_10686,5003,0,,none
fresh_visobert_00663,5004,0,,none
fresh_visobert_08901,5005,1,implicit_sentiment,implicit_sentiment
fresh_visobert_03488,5006,1,implicit_sentiment|mocking,"implicit_sentiment,mocking"
fresh_visobert_10065,5007,0,,none
fresh_visobert_08039,5008,0,,sarcasm
fresh_visobert_02397,5009,0,,none
fresh_visobert_00523,5010,0,,none
fresh_visobert_01440,5011,0,,none
fresh_visobert_07825,5012,0,,none
fresh_visobert_09239,5013,0,,none
fresh_visobert_02512,5014,0,,none
fresh_visobert_10947,5015,0,,none
fresh_visobert_04188,5016,0,,none
fresh_visobert_00583,5017,0,,none
fresh_visobert_11258,5018,1,emotion,emotion
fresh_visobert_03451,5019,0,,none
fresh_visobert_00976,5020,1,polarity,polarity
fresh_visobert_00494,5021,0,,none
fresh_visobert_00568,5022,0,,none
fresh_visobert_07540,5023,0,,none
fresh_visobert_11280,5024,0,,none
fresh_visobert_01254,5025,1,emotion,emotion
fresh_visobert_01372,5026,0,,none
fresh_visobert_03049,5027,0,,none
fresh_visobert_03508,5028,0,,none
fresh_visobert_07774,5029,0,,none
fresh_visobert_09609,5030,1,idiom_figurative|emotion,"idiom_figurative,emotion"
fresh_visobert_08465,5031,1,polarity,polarity
fresh_visobert_07829,5032,0,,none
fresh_visobert_10118,5033,0,,none
fresh_visobert_04358,5034,1,code_switching|polarity|emotion,"code_switching,polarity,emotion"
fresh_visobert_11474,5035,0,,none
fresh_visobert_07248,5036,0,,none
fresh_visobert_08723,5037,1,mocking,mocking
fresh_visobert_00161,5038,1,emotion,emotion
fresh_visobert_03510,5039,1,mocking,mocking
fresh_visobert_04897,5040,0,,none
fresh_visobert_04961,5041,0,,none
fresh_visobert_03912,5042,0,,none
fresh_visobert_07837,5043,0,,none
fresh_visobert_09839,5044,0,,none
fresh_visobert_00750,5045,0,,none
fresh_visobert_01170,5046,0,,none
fresh_visobert_03095,5047,0,,none
fresh_visobert_02678,5048,0,,none
fresh_visobert_02672,5049,0,,none
fresh_visobert_08402,5050,0,,none
fresh_visobert_00580,5051,0,,none
fresh_visobert_02501,5052,1,code_switching,code_switching
fresh_visobert_04808,5053,0,,none
fresh_visobert_09745,5054,0,,none
fresh_visobert_08803,5055,1,idiom_figurative,idiom_figurative
fresh_visobert_08544,5056,0,,none
fresh_visobert_08116,5057,1,emotion,emotion
fresh_visobert_05684,5058,1,polarity|emotion,"polarity,emotion"
fresh_visobert_05862,5059,1,mocking|emotion,"mocking,emotion"
fresh_visobert_03925,5060,0,,none
fresh_visobert_10227,5061,1,emotion,emotion
fresh_visobert_11098,5062,0,,none
fresh_visobert_03927,5063,1,polarity,polarity
fresh_visobert_06133,5064,0,,none
fresh_visobert_05263,5065,0,,none
fresh_visobert_04404,5066,0,,none
fresh_visobert_04823,5067,0,,none
fresh_visobert_05669,5068,0,,none
fresh_visobert_08910,5069,0,,none
fresh_visobert_04696,5070,0,,none
fresh_visobert_03713,5071,0,,none
fresh_visobert_07348,5072,1,emotion,emotion
fresh_visobert_08961,5073,0,,none
fresh_visobert_07695,5074,0,,none
fresh_visobert_06848,5075,0,,none
fresh_visobert_07687,5076,1,code_switching,code_switching
fresh_visobert_07557,5077,0,,none
fresh_visobert_04516,5078,1,implicit_sentiment|polarity|emotion,"implicit_sentiment,polarity,emotion"
fresh_visobert_09518,5079,0,,none
fresh_visobert_05635,5080,1,idiom_figurative|polarity|emotion,"idiom_figurative,polarity,emotion"
fresh_visobert_01213,5081,0,,none
fresh_visobert_07444,5082,1,code_switching|emotion,"code_switching,emotion"
fresh_visobert_06454,5083,0,,none
fresh_visobert_03608,5084,0,,none
fresh_visobert_05839,5085,0,,none
fresh_visobert_02782,5086,0,,none
fresh_visobert_05511,5087,0,,none
fresh_visobert_06830,5088,0,,none
fresh_visobert_04710,5089,0,,none
fresh_visobert_04581,5090,1,polarity|emotion,"polarity,emotion"
fresh_visobert_11795,5091,0,,none
fresh_visobert_00560,5092,0,,none
fresh_visobert_01165,5093,0,,none
fresh_visobert_10240,5094,0,,none
fresh_visobert_05972,5095,0,,none
fresh_visobert_03549,5096,0,,none
fresh_visobert_11282,5097,1,mocking,mocking
fresh_visobert_06420,5098,0,,none
fresh_visobert_02652,5099,1,idiom_figurative|emotion,"idiom_figurative,emotion"
fresh_visobert_06395,5100,1,sarcasm,sarcasm
fresh_visobert_03340,5101,1,code_switching,code_switching
fresh_visobert_03221,5102,0,,none
fresh_visobert_07792,5103,1,idiom_figurative,idiom_figurative
fresh_visobert_04426,5104,1,mocking|emotion,"mocking,emotion"
fresh_visobert_07646,5105,0,,none
fresh_visobert_07843,5106,0,,none
fresh_visobert_09785,5107,0,,none
fresh_visobert_07438,5108,1,code_switching,code_switching
fresh_visobert_05569,5109,0,,none
fresh_visobert_04091,5110,1,mocking|polarity|emotion,"mocking,polarity,emotion"
fresh_visobert_07326,5111,0,,none
fresh_visobert_11352,5112,1,emotion,emotion
fresh_visobert_02883,5113,0,,none
fresh_visobert_04217,5114,0,,none
fresh_visobert_01347,5115,0,,none
fresh_visobert_06719,5116,0,,none
fresh_visobert_04301,5117,1,code_switching,code_switching
fresh_visobert_06340,5118,0,,none
fresh_visobert_01224,5119,1,mocking,mocking
fresh_visobert_08376,5120,0,,none
fresh_visobert_01325,5121,0,,none
fresh_visobert_10591,5122,0,,none
fresh_visobert_03096,5123,0,,none
fresh_visobert_09003,5124,1,sarcasm,sarcasm
fresh_visobert_03102,5125,0,,none
fresh_visobert_01527,5126,1,idiom_figurative|polarity,"idiom_figurative,polarity"
fresh_visobert_00347,5127,0,,none
fresh_visobert_09646,5128,0,,none
fresh_visobert_06499,5129,0,,none
fresh_visobert_03824,5130,0,,none
fresh_visobert_02582,5131,0,,none
fresh_visobert_09838,5132,1,mocking|emotion,"mocking,emotion"
fresh_visobert_07944,5133,1,emotion,emotion
fresh_visobert_09153,5134,1,implicit_sentiment|polarity|emotion,"implicit_sentiment,polarity,emotion"
fresh_visobert_04317,5135,0,,none
fresh_visobert_10216,5136,0,,none
fresh_visobert_00504,5137,1,mocking,mocking
fresh_visobert_09034,5138,0,,none
fresh_visobert_09913,5139,0,,none
fresh_visobert_06115,5140,0,,none
fresh_visobert_06535,5141,0,,none
fresh_visobert_11527,5142,1,code_switching,code_switching
fresh_visobert_05182,5143,0,,none
fresh_visobert_04368,5144,0,,none
fresh_visobert_08609,5145,1,emotion,emotion
fresh_visobert_01845,5146,0,,none
fresh_visobert_00220,5147,1,polarity,polarity
fresh_visobert_05540,5148,1,idiom_figurative,idiom_figurative
fresh_visobert_10438,5149,0,,none
fresh_visobert_10608,5150,0,,none
fresh_visobert_04939,5151,0,,none
fresh_visobert_03650,5152,0,,none
fresh_visobert_02877,5153,0,,none
fresh_visobert_04563,5154,0,,none
fresh_visobert_01587,5155,0,,none
fresh_visobert_09531,5156,0,,none
fresh_visobert_05329,5157,0,,none
fresh_visobert_08662,5158,0,,none
fresh_visobert_06748,5159,1,implicit_sentiment|mocking,"implicit_sentiment,mocking"
fresh_visobert_10662,5160,0,,none
fresh_visobert_01130,5161,0,,none
fresh_visobert_05981,5162,0,,none
fresh_visobert_05725,5163,1,polarity,polarity
fresh_visobert_02369,5164,0,,none
fresh_visobert_04860,5165,0,,none
fresh_visobert_00818,5166,1,mocking,mocking
fresh_visobert_09496,5167,0,,none
fresh_visobert_09488,5168,0,,none
fresh_visobert_06050,5169,0,,none
fresh_visobert_04406,5170,0,,none
fresh_visobert_10425,5171,0,,none
fresh_visobert_06599,5172,1,polarity,polarity
fresh_visobert_11663,5173,0,,none
fresh_visobert_11205,5174,1,implicit_sentiment|code_switching,"implicit_sentiment,code_switching"
fresh_visobert_08777,5175,1,sarcasm|mocking,"sarcasm,mocking"
fresh_visobert_02725,5176,0,,none
fresh_visobert_00939,5177,0,,none
fresh_visobert_02410,5178,1,emotion,emotion
fresh_visobert_00320,5179,0,,none
fresh_visobert_10165,5180,0,,none
fresh_visobert_06871,5181,1,emotion,emotion
fresh_visobert_00403,5182,1,idiom_figurative,idiom_figurative
fresh_visobert_10223,5183,0,,none
fresh_visobert_00591,5184,0,,none
fresh_visobert_04861,5185,1,polarity,polarity
fresh_visobert_11204,5186,0,,none
fresh_visobert_05146,5187,0,,none
fresh_visobert_02925,5188,0,,none
fresh_visobert_00079,5189,1,emotion,emotion
fresh_visobert_03017,5190,0,,none
fresh_visobert_01550,5191,0,,none
fresh_visobert_03061,5192,0,,none
fresh_visobert_08579,5193,0,,none
fresh_visobert_00389,5194,0,,none
fresh_visobert_11613,5195,1,code_switching,code_switching
fresh_visobert_07868,5196,0,,none
fresh_visobert_03879,5197,1,implicit_sentiment,implicit_sentiment
fresh_visobert_06604,5198,0,,none
fresh_visobert_03642,5199,0,,none
fresh_visobert_07404,5200,0,,none
fresh_visobert_10304,5201,0,,none
fresh_visobert_10989,5202,1,emotion,emotion
fresh_visobert_08993,5203,0,,none
fresh_visobert_07203,5204,0,,none
fresh_visobert_05209,5205,0,,none
fresh_visobert_03579,5206,0,,none
fresh_visobert_01941,5207,0,,none
fresh_visobert_00280,5208,0,,none
fresh_visobert_01662,5209,0,,none
fresh_visobert_03006,5210,1,sarcasm,sarcasm
fresh_visobert_00960,5211,0,,none
fresh_visobert_02603,5212,1,code_switching|mocking,"code_switching,mocking"
fresh_visobert_07300,5213,0,,none
fresh_visobert_09641,5214,0,,none
fresh_visobert_08371,5215,0,,none
fresh_visobert_03803,5216,0,,none
fresh_visobert_06875,5217,0,,none
fresh_visobert_07930,5218,0,,none
fresh_visobert_11778,5219,0,,none
fresh_visobert_03224,5220,1,idiom_figurative,idiom_figurative
fresh_visobert_03527,5221,0,,none
fresh_visobert_04402,5222,0,,none
fresh_visobert_02387,5223,0,,none
fresh_visobert_00108,5224,0,,none
fresh_visobert_01102,5225,0,,none
fresh_visobert_05612,5226,0,,none
fresh_visobert_05709,5227,0,,none
fresh_visobert_01244,5228,0,,none
fresh_visobert_06445,5229,1,code_switching|polarity|emotion,"code_switching,polarity,emotion"
fresh_visobert_02310,5230,0,,none
fresh_visobert_00358,5231,0,,none
fresh_visobert_11482,5232,1,mocking,mocking
fresh_visobert_11655,5233,1,sarcasm|idiom_figurative|emotion,"sarcasm,idiom_figurative,emotion"
fresh_visobert_01123,5234,0,,none
fresh_visobert_07946,5235,0,,sarcasm
fresh_visobert_11440,5236,1,emotion,emotion
fresh_visobert_04664,5237,0,,none
fresh_visobert_00820,5238,0,,none
fresh_visobert_09581,5239,0,,none
fresh_visobert_06959,5240,0,,none
fresh_visobert_09114,5241,0,,none
fresh_visobert_10871,5242,1,mocking|emotion,"mocking,emotion"
fresh_visobert_09857,5243,0,,sarcasm
fresh_visobert_00078,5244,1,mocking,mocking
fresh_visobert_04222,5245,1,sarcasm|code_switching,"sarcasm,code_switching"
fresh_visobert_04165,5246,0,,none
fresh_visobert_10673,5247,1,code_switching|mocking|emotion,"code_switching,mocking,emotion"
fresh_visobert_07456,5248,1,idiom_figurative|emotion,"idiom_figurative,emotion"
fresh_visobert_08815,5249,1,code_switching,code_switching
fresh_visobert_00395,5250,0,,none
fresh_visobert_10916,5251,1,emotion,emotion
fresh_visobert_04149,5252,0,,none
fresh_visobert_03207,5253,0,,none
fresh_visobert_01669,5254,0,,none
fresh_visobert_04310,5255,1,emotion,emotion
fresh_visobert_05956,5256,1,mocking|emotion,"mocking,emotion"
fresh_visobert_02710,5257,0,,none
fresh_visobert_07077,5258,0,,none
fresh_visobert_06260,5259,0,,sarcasm
fresh_visobert_05794,5260,1,implicit_sentiment|polarity,"implicit_sentiment,polarity"
fresh_visobert_04749,5261,0,,none
fresh_visobert_01466,5262,0,,none
fresh_visobert_09364,5263,0,,none
fresh_visobert_02751,5264,0,,none
fresh_visobert_10453,5265,0,,none
fresh_visobert_06268,5266,0,,none
fresh_visobert_10292,5267,1,code_switching,code_switching
fresh_visobert_10473,5268,0,,none
fresh_visobert_05533,5269,1,mocking|emotion,"mocking,emotion"
fresh_visobert_05961,5270,1,polarity,polarity
fresh_visobert_11930,5271,0,,none
fresh_visobert_09392,5272,1,implicit_sentiment,implicit_sentiment
fresh_visobert_03540,5273,0,,none
fresh_visobert_07403,5274,1,emotion,emotion
fresh_visobert_05768,5275,0,,none
fresh_visobert_07003,5276,0,,none
fresh_visobert_10109,5277,0,,none
fresh_visobert_04025,5278,0,,none
fresh_visobert_09040,5279,0,,none
fresh_visobert_10277,5280,0,,none
fresh_visobert_05477,5281,0,,none
fresh_visobert_07036,5282,1,polarity,polarity
fresh_visobert_07236,5283,0,,none
fresh_visobert_10954,5284,0,,none
fresh_visobert_08290,5285,1,sarcasm|emotion,"sarcasm,emotion"
fresh_visobert_02438,5286,0,,none
fresh_visobert_03161,5287,1,mocking|emotion,"mocking,emotion"
fresh_visobert_03710,5288,1,idiom_figurative|emotion,"idiom_figurative,emotion"
fresh_visobert_06285,5289,0,,none
fresh_visobert_10214,5290,0,,none
fresh_visobert_00243,5291,0,,none
fresh_visobert_11762,5292,1,code_switching,code_switching
fresh_visobert_07284,5293,0,,none
fresh_visobert_01283,5294,1,polarity,polarity
fresh_visobert_02267,5295,0,,none
fresh_visobert_08725,5296,1,sarcasm,sarcasm
fresh_visobert_01843,5297,0,,none
fresh_visobert_08397,5298,0,,none
fresh_visobert_04382,5299,0,,none
fresh_visobert_08440,5300,0,,none
fresh_visobert_02368,5301,1,emotion,emotion
fresh_visobert_07716,5302,0,,none
fresh_visobert_02579,5303,0,,none
fresh_visobert_02923,5304,0,,none
fresh_visobert_03985,5305,1,mocking,mocking
fresh_visobert_04669,5306,0,,none
fresh_visobert_06172,5307,0,,none
fresh_visobert_04595,5308,0,,none
fresh_visobert_11618,5309,1,implicit_sentiment|polarity|emotion,"implicit_sentiment,polarity,emotion"
fresh_visobert_08891,5310,1,mocking|emotion,"mocking,emotion"
fresh_visobert_02595,5311,1,code_switching,code_switching
fresh_visobert_07038,5312,1,sarcasm|polarity|emotion,"sarcasm,polarity,emotion"
fresh_visobert_01010,5313,0,,none
fresh_visobert_07586,5314,1,mocking,mocking
fresh_visobert_00294,5315,0,,none
fresh_visobert_04689,5316,0,,none
fresh_visobert_06725,5317,0,,none
fresh_visobert_06910,5318,1,emotion,emotion
fresh_visobert_10733,5319,1,idiom_figurative|emotion,"idiom_figurative,emotion"
fresh_visobert_08602,5320,0,,none
fresh_visobert_06558,5321,1,code_switching,code_switching
fresh_visobert_09463,5322,0,,none
fresh_visobert_04265,5323,1,emotion,emotion
fresh_visobert_08665,5324,1,polarity,polarity
fresh_visobert_07178,5325,0,,none
fresh_visobert_06873,5326,1,code_switching,code_switching
fresh_visobert_10722,5327,0,,none
fresh_visobert_01607,5328,0,,none
fresh_visobert_02001,5329,1,polarity,polarity
fresh_visobert_11646,5330,0,,none
fresh_visobert_06001,5331,0,,none
fresh_visobert_05176,5332,0,,none
fresh_visobert_05912,5333,1,idiom_figurative,idiom_figurative
fresh_visobert_09949,5334,0,,none
fresh_visobert_04655,5335,1,emotion,emotion
fresh_visobert_09572,5336,0,,none
fresh_visobert_05045,5337,1,code_switching|polarity|emotion,"code_switching,polarity,emotion"
fresh_visobert_09750,5338,0,,none
fresh_visobert_04473,5339,0,,none
fresh_visobert_09582,5340,0,,none
fresh_visobert_04449,5341,0,,none
fresh_visobert_03827,5342,0,,none
fresh_visobert_03836,5343,0,,none
fresh_visobert_05732,5344,0,,none
fresh_visobert_08129,5345,0,,none
fresh_visobert_00980,5346,0,,none
fresh_visobert_06755,5347,0,,none
fresh_visobert_03027,5348,0,,none
fresh_visobert_09086,5349,0,,none
fresh_visobert_07561,5350,0,,none
fresh_visobert_06123,5351,0,,none
fresh_visobert_04414,5352,1,polarity|emotion,"polarity,emotion"
fresh_visobert_10772,5353,1,mocking|emotion,"mocking,emotion"
fresh_visobert_00811,5354,1,implicit_sentiment|emotion,"implicit_sentiment,emotion"
fresh_visobert_07569,5355,0,,none
fresh_visobert_04355,5356,0,,none
fresh_visobert_00255,5357,0,,none
fresh_visobert_08471,5358,1,emotion,emotion
fresh_visobert_03739,5359,0,,none
fresh_visobert_06143,5360,1,implicit_sentiment,implicit_sentiment
fresh_visobert_02911,5361,1,idiom_figurative|emotion,"idiom_figurative,emotion"
fresh_visobert_06681,5362,1,polarity|emotion,"polarity,emotion"
fresh_visobert_02526,5363,0,,none
fresh_visobert_00770,5364,1,mocking|emotion,"mocking,emotion"
fresh_visobert_10525,5365,0,,none
fresh_visobert_01799,5366,0,,none
fresh_visobert_11452,5367,0,,none
fresh_visobert_03462,5368,0,,none
fresh_visobert_10028,5369,1,irony|emotion,"irony,emotion"
fresh_visobert_08487,5370,0,,none
fresh_visobert_03195,5371,0,,none
fresh_visobert_00394,5372,1,idiom_figurative,idiom_figurative
fresh_visobert_08636,5373,1,emotion,emotion
fresh_visobert_07524,5374,0,,none
fresh_visobert_03516,5375,0,,none
fresh_visobert_04771,5376,0,,none
fresh_visobert_11209,5377,1,code_switching,code_switching
fresh_visobert_04852,5378,0,,none
fresh_visobert_04413,5379,0,,none
fresh_visobert_07146,5380,0,,none
fresh_visobert_05372,5381,0,,none
fresh_visobert_04582,5382,0,,none
fresh_visobert_04625,5383,0,,none
fresh_visobert_07913,5384,0,,none
fresh_visobert_05435,5385,0,,none
fresh_visobert_01964,5386,1,implicit_sentiment|idiom_figurative,"implicit_sentiment,idiom_figurative"
fresh_visobert_01306,5387,0,,none
fresh_visobert_09410,5388,1,polarity,polarity
fresh_visobert_03167,5389,1,emotion,emotion
fresh_visobert_06350,5390,0,,none
fresh_visobert_01734,5391,0,,none
fresh_visobert_08755,5392,1,emotion,emotion
fresh_visobert_01564,5393,0,,none
fresh_visobert_01190,5394,1,polarity|emotion,"polarity,emotion"
fresh_visobert_10322,5395,1,idiom_figurative,idiom_figurative
fresh_visobert_06787,5396,0,,none
fresh_visobert_10225,5397,1,code_switching,code_switching
fresh_visobert_00766,5398,0,,none
fresh_visobert_08491,5399,1,emotion,emotion
fresh_visobert_03315,5400,1,mocking|emotion,"mocking,emotion"
fresh_visobert_05343,5401,0,,none
fresh_visobert_07252,5402,1,polarity,polarity
fresh_visobert_08055,5403,1,emotion,emotion
fresh_visobert_03860,5404,0,,none
fresh_visobert_08535,5405,1,emotion,emotion
fresh_visobert_01317,5406,1,polarity,polarity
fresh_visobert_06052,5407,0,,none
fresh_visobert_05416,5408,0,,none
fresh_visobert_04831,5409,0,,none
fresh_visobert_05797,5410,0,,none
fresh_visobert_01893,5411,0,,none
fresh_visobert_00859,5412,0,,none
fresh_visobert_06126,5413,0,,none
fresh_visobert_05262,5414,0,,none
fresh_visobert_03184,5415,0,,none
fresh_visobert_06299,5416,1,implicit_sentiment|code_switching|mocking,"implicit_sentiment,code_switching,mocking"
fresh_visobert_09379,5417,1,polarity|emotion,"polarity,emotion"
fresh_visobert_08098,5418,0,,none
fresh_visobert_09604,5419,1,polarity,polarity
fresh_visobert_01022,5420,0,,none
fresh_visobert_04419,5421,1,sarcasm,sarcasm
fresh_visobert_04105,5422,0,,none
fresh_visobert_08075,5423,0,,none
fresh_visobert_06639,5424,0,,none
fresh_visobert_09407,5425,1,mocking|emotion,"mocking,emotion"
fresh_visobert_04337,5426,0,,none
fresh_visobert_01646,5427,1,polarity,polarity
fresh_visobert_11378,5428,1,polarity,polarity
fresh_visobert_06673,5429,1,mocking|emotion,"mocking,emotion"
fresh_visobert_06049,5430,1,implicit_sentiment,implicit_sentiment
fresh_visobert_09256,5431,0,,none
fresh_visobert_02263,5432,0,,none
fresh_visobert_11033,5433,1,idiom_figurative|code_switching,"idiom_figurative,code_switching"
fresh_visobert_02149,5434,1,mocking|emotion,"mocking,emotion"
fresh_visobert_00954,5435,0,,none
fresh_visobert_02274,5436,0,,none
fresh_visobert_00548,5437,0,,none
fresh_visobert_09394,5438,0,,none
fresh_visobert_07359,5439,1,mocking|emotion,"mocking,emotion"
fresh_visobert_04074,5440,0,,none
fresh_visobert_11526,5441,1,mocking,mocking
fresh_visobert_11943,5442,0,,none
fresh_visobert_08887,5443,1,implicit_sentiment,implicit_sentiment
fresh_visobert_04913,5444,0,,none
fresh_visobert_10261,5445,0,,none
fresh_visobert_08748,5446,0,,none
fresh_visobert_11564,5447,0,,none
fresh_visobert_06241,5448,0,,none
fresh_visobert_01778,5449,1,implicit_sentiment|sarcasm|idiom_figurative|mocking|emotion,"implicit_sentiment,sarcasm,idiom_figurative,mocking,emotion"
fresh_visobert_11129,5450,0,,none
fresh_visobert_07217,5451,0,,none
fresh_visobert_11103,5452,0,,none
fresh_visobert_05206,5453,0,,none
fresh_visobert_03556,5454,1,mocking|emotion,"mocking,emotion"
fresh_visobert_07708,5455,0,,none
fresh_visobert_00706,5456,0,,none
fresh_visobert_05901,5457,1,emotion,emotion
fresh_visobert_06911,5458,1,emotion,emotion
fresh_visobert_08745,5459,0,,none
fresh_visobert_10613,5460,0,,none
fresh_visobert_04916,5461,0,,none
fresh_visobert_07154,5462,0,,none
fresh_visobert_03397,5463,1,emotion,emotion
fresh_visobert_00071,5464,0,,none
fresh_visobert_08657,5465,0,,none
fresh_visobert_07378,5466,0,,none
fresh_visobert_10071,5467,1,mocking|emotion,"mocking,emotion"
fresh_visobert_06384,5468,0,,none
fresh_visobert_11329,5469,0,,none
fresh_visobert_01838,5470,0,,none
fresh_visobert_02614,5471,1,emotion,emotion
fresh_visobert_11361,5472,1,mocking|emotion,"mocking,emotion"
fresh_visobert_00717,5473,1,emotion,emotion
fresh_visobert_01275,5474,1,idiom_figurative,idiom_figurative
fresh_visobert_08096,5475,1,emotion,emotion
fresh_visobert_02578,5476,0,,none
fresh_visobert_00397,5477,1,mocking|emotion,"mocking,emotion"
fresh_visobert_07519,5478,0,,none
fresh_visobert_09197,5479,0,,none
fresh_visobert_04311,5480,0,,none
fresh_visobert_03969,5481,0,,none
fresh_visobert_11486,5482,0,,none
fresh_visobert_03246,5483,0,,none
fresh_visobert_02016,5484,1,polarity,polarity
fresh_visobert_11045,5485,0,,none
fresh_visobert_03419,5486,0,,none
fresh_visobert_01597,5487,0,,none
fresh_visobert_11504,5488,1,polarity|emotion,"polarity,emotion"
fresh_visobert_03816,5489,0,,none
fresh_visobert_11968,5490,0,,none
fresh_visobert_05680,5491,0,,none
fresh_visobert_01514,5492,1,implicit_sentiment|emotion,"implicit_sentiment,emotion"
fresh_visobert_02637,5493,1,idiom_figurative,idiom_figurative
fresh_visobert_04928,5494,1,idiom_figurative,idiom_figurative
fresh_visobert_10593,5495,0,,none
fresh_visobert_10783,5496,0,,none
fresh_visobert_09189,5497,1,sarcasm,sarcasm
fresh_visobert_07772,5498,0,,none
fresh_visobert_02929,5499,0,,none
fresh_visobert_00484,5500,1,emotion,emotion
fresh_visobert_02753,5501,1,code_switching,code_switching
fresh_visobert_02139,5502,1,implicit_sentiment|polarity|emotion,"implicit_sentiment,polarity,emotion"
fresh_visobert_09685,5503,1,implicit_sentiment,implicit_sentiment
fresh_visobert_04791,5504,0,,none
fresh_visobert_03229,5505,0,,none
fresh_visobert_10831,5506,0,,none
fresh_visobert_10798,5507,0,,none
fresh_visobert_07297,5508,0,,none
fresh_visobert_02034,5509,0,,none
fresh_visobert_05817,5510,0,,none
fresh_visobert_00754,5511,0,,none
fresh_visobert_05184,5512,0,,none
fresh_visobert_09619,5513,0,,none
fresh_visobert_08813,5514,0,,none
fresh_visobert_08726,5515,0,,none
fresh_visobert_09323,5516,0,,none
fresh_visobert_00157,5517,0,,none
fresh_visobert_06477,5518,1,polarity,polarity
fresh_visobert_03520,5519,0,,none
fresh_visobert_08360,5520,0,,none
fresh_visobert_06469,5521,0,,none
fresh_visobert_07704,5522,1,implicit_sentiment,implicit_sentiment
fresh_visobert_11091,5523,0,,none
fresh_visobert_10873,5524,0,,none
fresh_visobert_04138,5525,0,,none
fresh_visobert_00977,5526,0,,none
fresh_visobert_05498,5527,1,polarity|emotion,"polarity,emotion"
fresh_visobert_05228,5528,0,,none
fresh_visobert_04385,5529,1,code_switching,code_switching
fresh_visobert_00643,5530,0,,none
fresh_visobert_06466,5531,0,,none
fresh_visobert_11864,5532,0,,none
fresh_visobert_03928,5533,1,polarity|emotion,"polarity,emotion"
fresh_visobert_00015,5534,0,,none
fresh_visobert_04018,5535,1,code_switching,code_switching
fresh_visobert_04418,5536,0,,none
fresh_visobert_04892,5537,0,,none
fresh_visobert_07617,5538,1,code_switching|mocking|emotion,"code_switching,mocking,emotion"
fresh_visobert_09691,5539,0,,none
fresh_visobert_06431,5540,0,,none
fresh_visobert_01760,5541,1,emotion,emotion
fresh_visobert_11686,5542,0,,none
fresh_visobert_04617,5543,0,,none
fresh_visobert_03560,5544,0,,none
fresh_visobert_09662,5545,0,,none
fresh_visobert_07291,5546,1,emotion,emotion
fresh_visobert_01085,5547,0,,none
fresh_visobert_05949,5548,1,emotion,emotion
fresh_visobert_03493,5549,1,emotion,emotion
fresh_visobert_11660,5550,1,emotion,emotion
fresh_visobert_04090,5551,1,idiom_figurative,idiom_figurative
fresh_visobert_10698,5552,1,code_switching,code_switching
fresh_visobert_11868,5553,0,,none
fresh_visobert_06807,5554,0,,none
fresh_visobert_07010,5555,0,,none
fresh_visobert_07706,5556,1,code_switching,code_switching
fresh_visobert_05899,5557,0,,none
fresh_visobert_07009,5558,0,,none
fresh_visobert_05050,5559,0,,none
fresh_visobert_06274,5560,0,,none
fresh_visobert_06800,5561,0,,none
fresh_visobert_05756,5562,0,,none
fresh_visobert_08676,5563,1,implicit_sentiment|polarity|emotion,"implicit_sentiment,polarity,emotion"
fresh_visobert_08754,5564,1,implicit_sentiment|sarcasm,"implicit_sentiment,sarcasm"
fresh_visobert_01332,5565,0,,none
fresh_visobert_07526,5566,0,,none
fresh_visobert_05810,5567,0,,none
fresh_visobert_03601,5568,0,,none
fresh_visobert_08492,5569,0,,none
fresh_visobert_08392,5570,1,idiom_figurative,idiom_figurative
fresh_visobert_03035,5571,0,,none
fresh_visobert_08762,5572,0,,none
fresh_visobert_05688,5573,1,mocking|emotion,"mocking,emotion"
fresh_visobert_03101,5574,1,polarity,polarity
fresh_visobert_04567,5575,0,,none
fresh_visobert_11794,5576,1,code_switching,code_switching
fresh_visobert_07432,5577,0,,none
fresh_visobert_00800,5578,0,,none
fresh_visobert_01759,5579,0,,none
fresh_visobert_00182,5580,0,,none
fresh_visobert_02426,5581,0,,none
fresh_visobert_01936,5582,1,code_switching,code_switching
fresh_visobert_08599,5583,1,polarity,"polarity,sarcasm"
fresh_visobert_08908,5584,0,,none
fresh_visobert_07614,5585,0,,none
fresh_visobert_11315,5586,0,,none
fresh_visobert_06884,5587,0,,none
fresh_visobert_08439,5588,1,implicit_sentiment|polarity|emotion,"implicit_sentiment,polarity,emotion"
fresh_visobert_07771,5589,0,,none
fresh_visobert_02611,5590,1,emotion,emotion
fresh_visobert_04716,5591,0,,none
fresh_visobert_01691,5592,1,emotion,emotion
fresh_visobert_10108,5593,0,,none
fresh_visobert_07688,5594,1,emotion,emotion
fresh_visobert_07854,5595,0,,none
fresh_visobert_05039,5596,0,,none
fresh_visobert_02720,5597,0,,none
fresh_visobert_10009,5598,1,emotion,emotion
fresh_visobert_03478,5599,0,,none
fresh_visobert_08902,5600,0,,none
fresh_visobert_06813,5601,0,,none
fresh_visobert_02746,5602,1,idiom_figurative,idiom_figurative
fresh_visobert_08643,5603,1,polarity,polarity
fresh_visobert_06262,5604,0,,none
fresh_visobert_07186,5605,0,,none
fresh_visobert_03154,5606,0,,none
fresh_visobert_10584,5607,1,mocking,mocking
fresh_visobert_10839,5608,1,mocking,mocking
fresh_visobert_11614,5609,1,implicit_sentiment|polarity|emotion,"implicit_sentiment,polarity,emotion"
fresh_visobert_08256,5610,0,,none
fresh_visobert_00069,5611,1,code_switching,code_switching
fresh_visobert_07046,5612,0,,none
fresh_visobert_08578,5613,0,,none
fresh_visobert_07112,5614,1,mocking,mocking
fresh_visobert_00777,5615,1,code_switching,code_switching
fresh_visobert_08946,5616,0,,none
fresh_visobert_06584,5617,1,code_switching|emotion,"code_switching,emotion"
fresh_visobert_09699,5618,0,,none
fresh_visobert_03319,5619,0,,none
fresh_visobert_02553,5620,1,mocking|emotion,"mocking,emotion"
fresh_visobert_09926,5621,0,,none
fresh_visobert_02491,5622,1,emotion,emotion
fresh_visobert_06649,5623,1,code_switching,code_switching
fresh_visobert_10695,5624,0,,none
fresh_visobert_00970,5625,1,idiom_figurative,idiom_figurative
fresh_visobert_08934,5626,1,polarity|emotion,"polarity,emotion"
fresh_visobert_00250,5627,0,,none
fresh_visobert_08528,5628,1,emotion,emotion
fresh_visobert_01823,5629,0,,none
fresh_visobert_02912,5630,1,mocking|emotion,"mocking,emotion"
fresh_visobert_02609,5631,0,,none
fresh_visobert_04550,5632,1,emotion,emotion
fresh_visobert_01173,5633,1,mocking,mocking
fresh_visobert_05422,5634,0,,none
fresh_visobert_10751,5635,0,,none
fresh_visobert_05324,5636,0,,none
fresh_visobert_10928,5637,0,,none
fresh_visobert_11313,5638,1,polarity,polarity
fresh_visobert_00622,5639,0,,none
fresh_visobert_01225,5640,0,,none
fresh_visobert_07589,5641,1,idiom_figurative,idiom_figurative
fresh_visobert_05465,5642,0,,none
fresh_visobert_10321,5643,1,emotion,emotion
fresh_visobert_09108,5644,0,,none
fresh_visobert_09016,5645,0,,none
fresh_visobert_00543,5646,0,,none
fresh_visobert_06702,5647,0,,none
fresh_visobert_09892,5648,0,,none
fresh_visobert_06809,5649,1,polarity,polarity
fresh_visobert_09800,5650,1,emotion,emotion
fresh_visobert_08798,5651,0,,none
fresh_visobert_01898,5652,0,,none
fresh_visobert_08728,5653,0,,none
fresh_visobert_01452,5654,0,,none
fresh_visobert_08720,5655,0,,none
fresh_visobert_04958,5656,1,emotion,emotion
fresh_visobert_05843,5657,0,,none
fresh_visobert_09588,5658,1,code_switching,code_switching
fresh_visobert_05531,5659,0,,none
fresh_visobert_08386,5660,1,polarity,polarity
fresh_visobert_11136,5661,0,,none
fresh_visobert_08587,5662,0,,none
fresh_visobert_06222,5663,0,,none
fresh_visobert_02276,5664,1,idiom_figurative|emotion,"idiom_figurative,emotion"
fresh_visobert_06483,5665,1,idiom_figurative|emotion,"idiom_figurative,emotion"
fresh_visobert_01512,5666,0,,none
fresh_visobert_10906,5667,1,emotion,emotion
fresh_visobert_11423,5668,1,code_switching,code_switching
fresh_visobert_06185,5669,0,,none
fresh_visobert_02388,5670,0,,none
fresh_visobert_03503,5671,0,,none
fresh_visobert_05373,5672,0,,none
fresh_visobert_11543,5673,0,,none
fresh_visobert_07761,5674,0,,none
fresh_visobert_06074,5675,0,,none
fresh_visobert_11963,5676,1,emotion,emotion
fresh_visobert_08914,5677,0,,none
fresh_visobert_00413,5678,0,,none
fresh_visobert_01811,5679,0,,none
fresh_visobert_00563,5680,0,,none
fresh_visobert_06821,5681,1,sarcasm|emotion,"sarcasm,emotion"
fresh_visobert_04949,5682,0,,none
fresh_visobert_02324,5683,0,,none
fresh_visobert_06594,5684,0,,none
fresh_visobert_02250,5685,0,,none
fresh_visobert_02690,5686,0,,none
fresh_visobert_11921,5687,1,emotion,"emotion,sarcasm"
fresh_visobert_02371,5688,0,,none
fresh_visobert_07190,5689,0,,none
fresh_visobert_04148,5690,1,idiom_figurative,idiom_figurative
fresh_visobert_11123,5691,1,code_switching,code_switching
fresh_visobert_07992,5692,0,,none
fresh_visobert_10016,5693,1,polarity,polarity
fresh_visobert_06712,5694,1,idiom_figurative|polarity,"idiom_figurative,polarity"
fresh_visobert_05444,5695,0,,none
fresh_visobert_02640,5696,0,,none
fresh_visobert_04408,5697,0,,none
fresh_visobert_04844,5698,0,,none
fresh_visobert_04859,5699,1,code_switching,code_switching
fresh_visobert_10116,5700,0,,none
fresh_visobert_07683,5701,0,,none
fresh_visobert_01642,5702,1,mocking|emotion,"mocking,emotion"
fresh_visobert_08011,5703,0,,none
fresh_visobert_01801,5704,0,,none
fresh_visobert_01293,5705,0,,none
fresh_visobert_02988,5706,1,polarity|emotion,"polarity,emotion"
fresh_visobert_05174,5707,1,polarity,polarity
fresh_visobert_04521,5708,0,,none
fresh_visobert_03386,5709,0,,none
fresh_visobert_06581,5710,0,,none
fresh_visobert_06060,5711,0,,none
fresh_visobert_01737,5712,0,,none
fresh_visobert_07273,5713,0,,none
fresh_visobert_08193,5714,0,,none
fresh_visobert_10410,5715,0,,none
fresh_visobert_10149,5716,0,,none
fresh_visobert_09396,5717,1,polarity,polarity
fresh_visobert_01906,5718,0,,none
fresh_visobert_08919,5719,1,emotion,emotion
fresh_visobert_08377,5720,1,emotion,emotion
fresh_visobert_02837,5721,0,,none
fresh_visobert_00673,5722,1,emotion,emotion
fresh_visobert_11583,5723,1,polarity|emotion,"polarity,emotion"
fresh_visobert_01841,5724,1,idiom_figurative|emotion,"idiom_figurative,emotion"
fresh_visobert_04548,5725,0,,none
fresh_visobert_11448,5726,0,,none
fresh_visobert_09299,5727,0,,none
fresh_visobert_08965,5728,0,,none
fresh_visobert_00830,5729,0,,none
fresh_visobert_03517,5730,0,,none
fresh_visobert_02724,5731,1,code_switching|polarity|emotion,"code_switching,polarity,emotion"
fresh_visobert_11393,5732,1,polarity|emotion,"polarity,emotion"
fresh_visobert_09033,5733,1,idiom_figurative,idiom_figurative
fresh_visobert_07503,5734,1,emotion,emotion
fresh_visobert_06411,5735,0,,none
fresh_visobert_11928,5736,1,code_switching,code_switching
fresh_visobert_05565,5737,1,mocking|emotion,"mocking,emotion"
fresh_visobert_11277,5738,0,,none
fresh_visobert_08659,5739,0,,none
fresh_visobert_10558,5740,0,,none
fresh_visobert_04692,5741,0,,none
fresh_visobert_04985,5742,1,code_switching,code_switching
fresh_visobert_07400,5743,0,,none
fresh_visobert_03731,5744,0,,none
fresh_visobert_00306,5745,0,,none
fresh_visobert_11330,5746,1,mocking|emotion,"mocking,emotion"
fresh_visobert_11815,5747,0,,none
fresh_visobert_00038,5748,1,implicit_sentiment,implicit_sentiment
fresh_visobert_05298,5749,0,,none
fresh_visobert_10026,5750,1,polarity|emotion,"polarity,emotion"
fresh_visobert_11309,5751,0,,none
fresh_visobert_06039,5752,0,,none
fresh_visobert_09205,5753,0,,none
fresh_visobert_11265,5754,0,,none
fresh_visobert_02391,5755,1,emotion,emotion
fresh_visobert_11524,5756,0,,none
fresh_visobert_09400,5757,0,,none
fresh_visobert_01223,5758,0,,none
fresh_visobert_10313,5759,0,,none
fresh_visobert_04677,5760,0,,none
fresh_visobert_11792,5761,0,,none
fresh_visobert_03982,5762,1,idiom_figurative,idiom_figurative
fresh_visobert_02427,5763,0,,none
fresh_visobert_00813,5764,0,,none
fresh_visobert_01100,5765,1,emotion,emotion
fresh_visobert_02995,5766,0,,none
fresh_visobert_08639,5767,1,implicit_sentiment,implicit_sentiment
fresh_visobert_05432,5768,0,,none
fresh_visobert_02309,5769,1,emotion,emotion
fresh_visobert_03737,5770,0,,none
fresh_visobert_10853,5771,0,,none
fresh_visobert_05060,5772,0,,none
fresh_visobert_04800,5773,1,emotion,emotion
fresh_visobert_10329,5774,0,,none
fresh_visobert_03907,5775,0,,none
fresh_visobert_02092,5776,1,idiom_figurative|emotion,"idiom_figurative,emotion"
fresh_visobert_11592,5777,0,,none
fresh_visobert_08882,5778,1,code_switching|polarity|emotion,"code_switching,polarity,emotion"
fresh_visobert_05874,5779,0,,none
fresh_visobert_07449,5780,0,,none
fresh_visobert_01105,5781,0,,none
fresh_visobert_03845,5782,0,,none
fresh_visobert_00491,5783,1,code_switching,code_switching
fresh_visobert_11653,5784,0,,none
fresh_visobert_00576,5785,0,,none
fresh_visobert_09578,5786,1,emotion,emotion
fresh_visobert_11971,5787,1,mocking|emotion,"mocking,emotion"
fresh_visobert_01021,5788,1,mocking|emotion,"mocking,emotion"
fresh_visobert_01976,5789,1,mocking|emotion,"mocking,emotion"
fresh_visobert_01693,5790,1,emotion,emotion
fresh_visobert_05910,5791,0,,none
fresh_visobert_07779,5792,0,,none
fresh_visobert_06832,5793,0,,none
fresh_visobert_11343,5794,1,implicit_sentiment,implicit_sentiment
fresh_visobert_09586,5795,0,,none
fresh_visobert_11027,5796,0,,none
fresh_visobert_11842,5797,0,,none
fresh_visobert_02415,5798,0,,none
fresh_visobert_09471,5799,1,implicit_sentiment|emotion,"implicit_sentiment,emotion"
fresh_visobert_05276,5800,0,,none
fresh_visobert_01019,5801,0,,none
fresh_visobert_00875,5802,0,,none
fresh_visobert_11623,5803,1,emotion,emotion
fresh_visobert_07554,5804,1,emotion,emotion
fresh_visobert_09333,5805,0,,none
fresh_visobert_08311,5806,0,,none
fresh_visobert_06109,5807,0,,none
fresh_visobert_05741,5808,1,emotion,emotion
fresh_visobert_04693,5809,0,,none
fresh_visobert_04798,5810,0,,none
fresh_visobert_05614,5811,0,,none
fresh_visobert_01166,5812,0,,none
fresh_visobert_01730,5813,0,,none
fresh_visobert_07821,5814,0,,none
fresh_visobert_03897,5815,0,,none
fresh_visobert_02285,5816,0,,none
fresh_visobert_01267,5817,0,,none
fresh_visobert_01011,5818,0,,none
fresh_visobert_06762,5819,0,,none
fresh_visobert_01404,5820,0,,none
fresh_visobert_09002,5821,0,,none
fresh_visobert_07975,5822,0,,none
fresh_visobert_05873,5823,1,mocking|emotion,"mocking,emotion"
fresh_visobert_07743,5824,0,,none
fresh_visobert_11962,5825,0,,none
fresh_visobert_09951,5826,1,emotion,emotion
fresh_visobert_04650,5827,0,,none
fresh_visobert_11575,5828,0,,none
fresh_visobert_02343,5829,0,,none
fresh_visobert_00725,5830,1,mocking|emotion,"mocking,emotion"
fresh_visobert_08568,5831,0,,none
fresh_visobert_01177,5832,1,code_switching,code_switching
fresh_visobert_08278,5833,1,emotion,emotion
fresh_visobert_05962,5834,1,emotion,emotion
fresh_visobert_02956,5835,0,,none
fresh_visobert_04079,5836,0,,none
fresh_visobert_03108,5837,0,,none
fresh_visobert_02460,5838,0,,none
fresh_visobert_00584,5839,0,,none
fresh_visobert_04814,5840,1,implicit_sentiment|polarity|emotion,"implicit_sentiment,polarity,emotion"
fresh_visobert_01935,5841,0,,none
fresh_visobert_09778,5842,1,idiom_figurative,idiom_figurative
fresh_visobert_04776,5843,1,polarity|emotion,"polarity,emotion"
fresh_visobert_11703,5844,0,,none
fresh_visobert_05456,5845,0,,none
fresh_visobert_10123,5846,0,,none
fresh_visobert_03452,5847,0,,none
fresh_visobert_00303,5848,1,mocking|emotion,"mocking,emotion"
fresh_visobert_09217,5849,1,code_switching,code_switching
fresh_visobert_00350,5850,1,sarcasm|emotion,"sarcasm,emotion"
fresh_visobert_01585,5851,0,,none
fresh_visobert_11158,5852,0,,none
fresh_visobert_05192,5853,0,,none
fresh_visobert_00605,5854,0,,none
fresh_visobert_04341,5855,0,,none
fresh_visobert_11241,5856,1,emotion,emotion
fresh_visobert_00235,5857,0,,none
fresh_visobert_02165,5858,0,,none
fresh_visobert_08824,5859,0,,none
fresh_visobert_04461,5860,0,,none
fresh_visobert_08668,5861,0,,none
fresh_visobert_04130,5862,1,emotion,emotion
fresh_visobert_06838,5863,0,,none
fresh_visobert_00829,5864,0,,none
fresh_visobert_00953,5865,0,,none
fresh_visobert_06939,5866,1,code_switching,code_switching
fresh_visobert_04236,5867,1,idiom_figurative|emotion,"idiom_figurative,emotion"
fresh_visobert_05922,5868,1,idiom_figurative|emotion,"idiom_figurative,emotion"
fresh_visobert_03684,5869,1,emotion,emotion
fresh_visobert_02712,5870,0,,none
fresh_visobert_09909,5871,0,,none
fresh_visobert_00536,5872,0,,none
fresh_visobert_10790,5873,0,,none
fresh_visobert_08516,5874,1,code_switching,code_switching
fresh_visobert_09931,5875,1,emotion,emotion
fresh_visobert_06792,5876,1,emotion,emotion
fresh_visobert_08653,5877,0,,none
fresh_visobert_07573,5878,1,code_switching,code_switching
fresh_visobert_10876,5879,0,,none
fresh_visobert_05054,5880,0,,none
fresh_visobert_05449,5881,0,,none
fresh_visobert_09241,5882,1,emotion,emotion
fresh_visobert_07068,5883,0,,none
fresh_visobert_01640,5884,1,emotion,emotion
fresh_visobert_06034,5885,0,,none
fresh_visobert_02511,5886,1,idiom_figurative|emotion,"idiom_figurative,emotion"
fresh_visobert_11109,5887,0,,none
fresh_visobert_02030,5888,1,code_switching,code_switching
fresh_visobert_04375,5889,1,emotion,emotion
fresh_visobert_00098,5890,0,,none
fresh_visobert_03875,5891,0,,none
fresh_visobert_02557,5892,0,,none
fresh_visobert_06764,5893,1,sarcasm,sarcasm
fresh_visobert_03806,5894,1,polarity|emotion,"polarity,emotion"
fresh_visobert_11360,5895,0,,none
fresh_visobert_04499,5896,1,emotion,emotion
fresh_visobert_03437,5897,0,,none
fresh_visobert_11173,5898,0,,none
fresh_visobert_02855,5899,0,,none
fresh_visobert_04339,5900,1,implicit_sentiment|sarcasm|mocking|emotion,"implicit_sentiment,sarcasm,mocking,emotion"
fresh_visobert_04125,5901,1,idiom_figurative,idiom_figurative
fresh_visobert_05736,5902,0,,none
fresh_visobert_02351,5903,0,,none
fresh_visobert_07388,5904,1,mocking|emotion,"mocking,emotion"
fresh_visobert_09118,5905,0,,none
fresh_visobert_09932,5906,0,,none
fresh_visobert_08145,5907,1,code_switching|mocking,"code_switching,mocking"
fresh_visobert_11231,5908,1,polarity,polarity
fresh_visobert_09678,5909,0,,none
fresh_visobert_01668,5910,0,,none
fresh_visobert_04774,5911,0,,none
fresh_visobert_07070,5912,1,sarcasm|emotion,"sarcasm,emotion"
fresh_visobert_06105,5913,1,emotion,emotion
fresh_visobert_00675,5914,0,,none
fresh_visobert_09841,5915,1,code_switching,code_switching
fresh_visobert_04411,5916,0,,none
fresh_visobert_09398,5917,0,,none
fresh_visobert_03440,5918,1,polarity,polarity
fresh_visobert_08688,5919,0,,none
fresh_visobert_00118,5920,0,,none
fresh_visobert_07088,5921,0,,none
fresh_visobert_08822,5922,0,,none
fresh_visobert_11766,5923,1,code_switching,code_switching
fresh_visobert_07934,5924,1,emotion,emotion
fresh_visobert_09191,5925,0,,none
fresh_visobert_10816,5926,1,emotion,emotion
fresh_visobert_00031,5927,0,,sarcasm
fresh_visobert_08938,5928,0,,none
fresh_visobert_09057,5929,1,implicit_sentiment,implicit_sentiment
fresh_visobert_02444,5930,0,,none
fresh_visobert_10572,5931,1,emotion,emotion
fresh_visobert_00346,5932,1,implicit_sentiment|polarity|emotion,"implicit_sentiment,polarity,emotion"
fresh_visobert_06970,5933,0,,none
fresh_visobert_00734,5934,1,emotion,emotion
fresh_visobert_07122,5935,0,,none
fresh_visobert_00205,5936,0,,none
fresh_visobert_09484,5937,0,,none
fresh_visobert_00852,5938,0,,none
fresh_visobert_05532,5939,0,,none
fresh_visobert_04245,5940,0,,none
fresh_visobert_01894,5941,1,polarity,polarity
fresh_visobert_02093,5942,0,,none
fresh_visobert_09697,5943,1,code_switching,code_switching
fresh_visobert_09798,5944,1,code_switching,code_switching
fresh_visobert_06782,5945,0,,none
fresh_visobert_07941,5946,0,,none
fresh_visobert_09071,5947,0,,none
fresh_visobert_03767,5948,1,polarity,polarity
fresh_visobert_09166,5949,0,,none
fresh_visobert_00870,5950,1,idiom_figurative|emotion,"idiom_figurative,emotion"
fresh_visobert_02215,5951,0,,none
fresh_visobert_11175,5952,0,,none
fresh_visobert_06135,5953,1,mocking|emotion,"mocking,emotion"
fresh_visobert_11643,5954,0,,none
fresh_visobert_05710,5955,0,,none
fresh_visobert_08519,5956,1,code_switching,code_switching
fresh_visobert_07560,5957,1,mocking|polarity|emotion,"mocking,polarity,emotion"
fresh_visobert_07796,5958,0,,none
fresh_visobert_03424,5959,0,,none
fresh_visobert_06437,5960,0,,none
fresh_visobert_01728,5961,0,,none
fresh_visobert_00010,5962,0,,none
fresh_visobert_05552,5963,0,,none
fresh_visobert_05213,5964,1,polarity,polarity
fresh_visobert_08314,5965,0,,none
fresh_visobert_04624,5966,0,,none
fresh_visobert_07945,5967,0,,none
fresh_visobert_07940,5968,0,,none
fresh_visobert_06532,5969,1,idiom_figurative,idiom_figurative
fresh_visobert_00200,5970,0,,none
fresh_visobert_03183,5971,1,mocking|emotion,"mocking,emotion"
fresh_visobert_00254,5972,0,,none
fresh_visobert_05976,5973,1,mocking|emotion,"mocking,emotion"
fresh_visobert_09226,5974,0,,none
fresh_visobert_00281,5975,1,mocking|emotion,"mocking,emotion"
fresh_visobert_04850,5976,0,,none
fresh_visobert_05689,5977,0,,none
fresh_visobert_06944,5978,1,emotion,emotion
fresh_visobert_07264,5979,0,,none
fresh_visobert_07678,5980,0,,none
fresh_visobert_00351,5981,1,code_switching,code_switching
fresh_visobert_02116,5982,1,mocking|emotion,"mocking,emotion"
fresh_visobert_11725,5983,1,emotion,emotion
fresh_visobert_10373,5984,1,sarcasm,sarcasm
fresh_visobert_08575,5985,0,,none
fresh_visobert_11988,5986,0,,sarcasm
fresh_visobert_09233,5987,0,,none
fresh_visobert_07159,5988,0,,none
fresh_visobert_08677,5989,0,,none
fresh_visobert_02976,5990,0,,none
fresh_visobert_04328,5991,1,mocking|emotion,"mocking,emotion"
fresh_visobert_09193,5992,0,,none
fresh_visobert_02311,5993,0,,none
fresh_visobert_02254,5994,1,emotion,emotion
fresh_visobert_04908,5995,1,mocking|emotion,"mocking,emotion"
fresh_visobert_09054,5996,1,mocking,mocking
fresh_visobert_01974,5997,0,,none
fresh_visobert_05704,5998,1,emotion,emotion
fresh_visobert_07244,5999,0,,none
fresh_visobert_11243,6000,1,mocking,mocking
fresh_visobert_11113,6001,0,,none
fresh_visobert_02258,6002,1,polarity,polarity
fresh_visobert_11553,6003,0,,none
fresh_visobert_06318,6004,0,,none
fresh_visobert_01768,6005,0,,none
fresh_visobert_05055,6006,0,,none
fresh_visobert_02933,6007,0,,none
fresh_visobert_09385,6008,0,,none
fresh_visobert_02655,6009,0,,none
fresh_visobert_07922,6010,1,polarity|emotion,"polarity,emotion"
fresh_visobert_00958,6011,1,emotion,emotion
fresh_visobert_10155,6012,0,,none
fresh_visobert_09227,6013,1,idiom_figurative|mocking,"idiom_figurative,mocking"
fresh_visobert_00401,6014,1,implicit_sentiment,implicit_sentiment
fresh_visobert_05153,6015,0,,none
fresh_visobert_06555,6016,1,polarity,polarity
fresh_visobert_07904,6017,1,emotion,emotion
fresh_visobert_04420,6018,1,code_switching,code_switching
fresh_visobert_10881,6019,0,,none
fresh_visobert_08032,6020,0,,none
fresh_visobert_06966,6021,0,,none
fresh_visobert_02193,6022,0,,none
fresh_visobert_04334,6023,1,idiom_figurative,idiom_figurative
fresh_visobert_04192,6024,1,mocking|emotion,"mocking,emotion"
fresh_visobert_03744,6025,0,,none
fresh_visobert_05021,6026,0,,none
fresh_visobert_08432,6027,1,emotion,emotion
fresh_visobert_11081,6028,0,,none
fresh_visobert_07093,6029,1,emotion,emotion
fresh_visobert_03743,6030,0,,none
fresh_visobert_08566,6031,0,,none
fresh_visobert_05132,6032,0,,none
fresh_visobert_04024,6033,1,polarity,polarity
fresh_visobert_08433,6034,0,,none
fresh_visobert_06041,6035,0,,none
fresh_visobert_07969,6036,0,,none
fresh_visobert_05341,6037,0,,none
fresh_visobert_11933,6038,0,,none
fresh_visobert_04905,6039,0,,none
fresh_visobert_05564,6040,0,,none
fresh_visobert_03868,6041,0,,none
fresh_visobert_06961,6042,0,,none
fresh_visobert_09104,6043,0,,none
fresh_visobert_03728,6044,1,polarity|emotion,"polarity,emotion"
fresh_visobert_07123,6045,0,,none
fresh_visobert_09711,6046,1,polarity,polarity
fresh_visobert_04177,6047,0,,none
fresh_visobert_03236,6048,1,idiom_figurative,idiom_figurative
fresh_visobert_00780,6049,1,sarcasm|emotion,"sarcasm,emotion"
fresh_visobert_03273,6050,1,idiom_figurative|polarity,"idiom_figurative,polarity"
fresh_visobert_11884,6051,0,,none
fresh_visobert_04533,6052,0,,none
fresh_visobert_00257,6053,1,polarity|emotion,"polarity,emotion"
fresh_visobert_01063,6054,0,,none
fresh_visobert_07655,6055,0,,none
fresh_visobert_01922,6056,0,,none
fresh_visobert_02514,6057,0,,none
fresh_visobert_04511,6058,0,,none
fresh_visobert_01479,6059,0,,none
fresh_visobert_00687,6060,0,,none
fresh_visobert_05618,6061,1,code_switching,code_switching
fresh_visobert_07443,6062,0,,none
fresh_visobert_05347,6063,0,,none
fresh_visobert_06897,6064,0,,none
fresh_visobert_00648,6065,1,polarity|emotion,"polarity,emotion"
fresh_visobert_03019,6066,0,,none
fresh_visobert_09797,6067,0,,none
fresh_visobert_01412,6068,1,emotion,emotion
fresh_visobert_11782,6069,0,,none
fresh_visobert_04804,6070,0,,none
fresh_visobert_06270,6071,0,,none
fresh_visobert_11507,6072,0,,none
fresh_visobert_09852,6073,1,polarity,polarity
fresh_visobert_11024,6074,1,code_switching,code_switching
fresh_visobert_05642,6075,0,,none
fresh_visobert_05809,6076,0,,none
fresh_visobert_05254,6077,1,emotion,emotion
fresh_visobert_00365,6078,0,,none
fresh_visobert_11145,6079,1,emotion,emotion
fresh_visobert_08353,6080,1,polarity,polarity
fresh_visobert_01234,6081,0,,none
fresh_visobert_11023,6082,0,,none
fresh_visobert_07299,6083,1,idiom_figurative,"idiom_figurative,sarcasm"
fresh_visobert_10920,6084,1,emotion,emotion
fresh_visobert_00571,6085,0,,none
fresh_visobert_02963,6086,0,,none
fresh_visobert_02813,6087,0,,none
fresh_visobert_11134,6088,0,,none
fresh_visobert_04592,6089,0,,none
fresh_visobert_05487,6090,0,,none
fresh_visobert_09198,6091,0,,none
fresh_visobert_00585,6092,0,,none
fresh_visobert_10125,6093,1,emotion,emotion
fresh_visobert_06385,6094,0,,none
fresh_visobert_07271,6095,0,,none
fresh_visobert_01476,6096,1,emotion,emotion
fresh_visobert_00853,6097,0,,none
fresh_visobert_01469,6098,0,,none
fresh_visobert_01753,6099,1,emotion,emotion
fresh_visobert_00054,6100,0,,none
fresh_visobert_04803,6101,0,,none
fresh_visobert_02202,6102,0,,none
fresh_visobert_02565,6103,1,emotion,emotion
fresh_visobert_05849,6104,1,idiom_figurative,idiom_figurative
fresh_visobert_04475,6105,1,implicit_sentiment|polarity|emotion,"implicit_sentiment,polarity,emotion"
fresh_visobert_01089,6106,0,,none
fresh_visobert_02958,6107,0,,none
fresh_visobert_09236,6108,1,idiom_figurative,idiom_figurative
fresh_visobert_05986,6109,0,,none
fresh_visobert_01993,6110,1,polarity,polarity
fresh_visobert_07311,6111,0,,none
fresh_visobert_08027,6112,0,,none
fresh_visobert_09526,6113,1,emotion,emotion
fresh_visobert_09731,6114,0,,none
fresh_visobert_07357,6115,0,,none
fresh_visobert_07442,6116,1,emotion,emotion
fresh_visobert_05420,6117,1,mocking|emotion,"mocking,emotion"
fresh_visobert_11326,6118,0,,none
fresh_visobert_02887,6119,1,idiom_figurative,idiom_figurative
fresh_visobert_02322,6120,0,,none
fresh_visobert_08065,6121,1,emotion,emotion
fresh_visobert_01344,6122,0,,none
fresh_visobert_01705,6123,0,,none
fresh_visobert_03220,6124,0,,none
fresh_visobert_00533,6125,1,mocking|emotion,"mocking,emotion"
fresh_visobert_09077,6126,0,,none
fresh_visobert_03611,6127,1,mocking,mocking
fresh_visobert_03678,6128,0,,none
fresh_visobert_03590,6129,0,,none
fresh_visobert_04054,6130,0,,none
fresh_visobert_04097,6131,0,,none
fresh_visobert_08112,6132,0,,none
fresh_visobert_09916,6133,0,,none
fresh_visobert_11364,6134,1,emotion,emotion
fresh_visobert_01601,6135,0,,none
fresh_visobert_03105,6136,0,,none
fresh_visobert_06443,6137,1,polarity|emotion,"polarity,emotion"
fresh_visobert_02789,6138,0,,none
fresh_visobert_02892,6139,0,,none
fresh_visobert_10115,6140,0,,none
fresh_visobert_01069,6141,1,mocking|emotion,"mocking,emotion"
fresh_visobert_03551,6142,0,,none
fresh_visobert_03406,6143,0,,none
fresh_visobert_00858,6144,1,polarity,polarity
fresh_visobert_07436,6145,1,implicit_sentiment,implicit_sentiment
fresh_visobert_03538,6146,0,,none
fresh_visobert_01408,6147,0,,none
fresh_visobert_01604,6148,0,,none
fresh_visobert_03287,6149,0,,none
fresh_visobert_10289,6150,0,,none
fresh_visobert_04214,6151,0,,none
fresh_visobert_06024,6152,1,emotion,emotion
fresh_visobert_04194,6153,0,,none
fresh_visobert_04971,6154,0,,none
fresh_visobert_09103,6155,0,,none
fresh_visobert_00287,6156,0,,none
fresh_visobert_03813,6157,0,,none
fresh_visobert_07963,6158,0,,none
fresh_visobert_02715,6159,0,,none
fresh_visobert_02669,6160,0,,none
fresh_visobert_07635,6161,0,,none
fresh_visobert_08743,6162,1,mocking,mocking
fresh_visobert_06660,6163,0,,none
fresh_visobert_02485,6164,0,,none
fresh_visobert_09889,6165,0,,none
fresh_visobert_06612,6166,0,,none
fresh_visobert_04077,6167,0,,none
fresh_visobert_02145,6168,1,mocking|emotion,"mocking,emotion"
fresh_visobert_11541,6169,0,,sarcasm
fresh_visobert_08120,6170,0,,none
fresh_visobert_02279,6171,1,mocking|emotion,"mocking,emotion"
fresh_visobert_10189,6172,0,,none
fresh_visobert_00848,6173,1,mocking|emotion,"mocking,emotion"
fresh_visobert_09636,6174,1,idiom_figurative,idiom_figurative
fresh_visobert_03668,6175,0,,none
fresh_visobert_09897,6176,0,,none
fresh_visobert_03546,6177,0,,none
fresh_visobert_05088,6178,0,,none
fresh_visobert_11829,6179,1,polarity,polarity
fresh_visobert_11888,6180,0,,none
fresh_visobert_00531,6181,0,,none
fresh_visobert_00823,6182,0,,none
fresh_visobert_01672,6183,1,mocking|emotion,"mocking,emotion"
fresh_visobert_00000,6184,0,,none
fresh_visobert_03410,6185,0,,none
fresh_visobert_08950,6186,0,,none
fresh_visobert_04914,6187,1,mocking,mocking
fresh_visobert_06269,6188,0,,none
fresh_visobert_04590,6189,0,,none
fresh_visobert_04858,6190,0,,none
fresh_visobert_07773,6191,0,,none
fresh_visobert_01812,6192,0,,none
fresh_visobert_03212,6193,0,,none
fresh_visobert_00082,6194,1,emotion,emotion
fresh_visobert_01891,6195,0,,none
fresh_visobert_09440,6196,0,,none
fresh_visobert_00626,6197,0,,none
fresh_visobert_03995,6198,1,polarity,polarity
fresh_visobert_11723,6199,0,,none
fresh_visobert_04284,6200,0,,none
fresh_visobert_04816,6201,0,,none
fresh_visobert_05947,6202,0,,none
fresh_visobert_07316,6203,0,,none
fresh_visobert_07485,6204,0,,none
fresh_visobert_00421,6205,0,,none
fresh_visobert_09592,6206,0,,none
fresh_visobert_03318,6207,0,,none
fresh_visobert_11631,6208,0,,none
fresh_visobert_11780,6209,0,,none
fresh_visobert_05261,6210,0,,none
fresh_visobert_10732,6211,0,,none
fresh_visobert_10586,6212,1,code_switching,code_switching
fresh_visobert_00679,6213,1,emotion,emotion
fresh_visobert_11530,6214,0,,none
fresh_visobert_03509,6215,0,,none
fresh_visobert_01987,6216,0,,none
fresh_visobert_05330,6217,1,mocking|emotion,"mocking,emotion"
fresh_visobert_01525,6218,1,polarity|emotion,"polarity,emotion"
fresh_visobert_08080,6219,1,emotion,emotion
fresh_visobert_04057,6220,0,,none
fresh_visobert_10531,6221,1,polarity|emotion,"polarity,emotion"
fresh_visobert_01338,6222,1,idiom_figurative|polarity,"idiom_figurative,polarity"
fresh_visobert_07659,6223,0,,none
fresh_visobert_07401,6224,0,,none
fresh_visobert_08485,6225,0,,none
fresh_visobert_00407,6226,1,emotion,emotion
fresh_visobert_02606,6227,0,,none
fresh_visobert_03638,6228,0,,none
fresh_visobert_09351,6229,0,,none
fresh_visobert_03959,6230,0,,none
fresh_visobert_01960,6231,0,,none
fresh_visobert_02530,6232,0,,none
fresh_visobert_11414,6233,1,polarity,polarity
fresh_visobert_10967,6234,0,,sarcasm
fresh_visobert_04372,6235,0,,none
fresh_visobert_01844,6236,0,,none
fresh_visobert_03145,6237,1,idiom_figurative,idiom_figurative
fresh_visobert_03502,6238,0,,none
fresh_visobert_00661,6239,0,,none
fresh_visobert_01381,6240,0,,none
fresh_visobert_09170,6241,0,,none
fresh_visobert_08542,6242,0,,none
fresh_visobert_03522,6243,0,,none
fresh_visobert_04480,6244,0,,none
fresh_visobert_05994,6245,1,polarity,polarity
fresh_visobert_07277,6246,0,,none
fresh_visobert_06439,6247,0,,none
fresh_visobert_09549,6248,1,emotion,emotion
fresh_visobert_05404,6249,0,,none
fresh_visobert_03647,6250,0,,none
fresh_visobert_10415,6251,0,,none
fresh_visobert_09674,6252,0,,none
fresh_visobert_00004,6253,0,,none
fresh_visobert_10607,6254,1,code_switching|polarity|emotion,"code_switching,polarity,emotion"
fresh_visobert_01875,6255,0,,none
fresh_visobert_11981,6256,1,emotion,emotion
fresh_visobert_06723,6257,1,emotion,emotion
fresh_visobert_05042,6258,0,,none
fresh_visobert_09230,6259,1,emotion,emotion
fresh_visobert_06628,6260,1,mocking|polarity,"mocking,polarity"
fresh_visobert_09466,6261,1,polarity,polarity
fresh_visobert_00569,6262,0,,none
fresh_visobert_05073,6263,1,mocking,mocking
fresh_visobert_09427,6264,0,,none
fresh_visobert_05019,6265,1,sarcasm|mocking,"sarcasm,mocking"
fresh_visobert_09030,6266,1,mocking|emotion,"mocking,emotion"
fresh_visobert_03880,6267,1,code_switching,code_switching
fresh_visobert_09185,6268,1,code_switching|emotion,"code_switching,emotion"
fresh_visobert_03003,6269,0,,none
fresh_visobert_11093,6270,1,emotion,emotion
fresh_visobert_02994,6271,0,,none
fresh_visobert_06974,6272,0,,none
fresh_visobert_06694,6273,0,,none
fresh_visobert_07623,6274,1,polarity,polarity
fresh_visobert_07497,6275,0,,none
fresh_visobert_08306,6276,1,mocking|emotion,"mocking,emotion"
fresh_visobert_04405,6277,1,emotion,emotion
fresh_visobert_05429,6278,0,,none
fresh_visobert_08731,6279,1,idiom_figurative|emotion,"idiom_figurative,emotion"
fresh_visobert_01830,6280,0,,none
fresh_visobert_01678,6281,0,,none
fresh_visobert_11461,6282,0,,none
fresh_visobert_07384,6283,1,emotion,emotion
fresh_visobert_04636,6284,1,code_switching,code_switching
fresh_visobert_05620,6285,0,,none
fresh_visobert_04987,6286,0,,none
fresh_visobert_10941,6287,0,,none
fresh_visobert_10854,6288,1,polarity|emotion,"polarity,emotion"
fresh_visobert_04329,6289,0,,none
fresh_visobert_11605,6290,1,emotion,emotion
fresh_visobert_10644,6291,0,,none
fresh_visobert_02793,6292,0,,none
fresh_visobert_11939,6293,0,,none
fresh_visobert_04186,6294,0,,none
fresh_visobert_07667,6295,0,,none
fresh_visobert_06849,6296,0,,none
fresh_visobert_06506,6297,0,,none
fresh_visobert_10021,6298,0,,none
fresh_visobert_00526,6299,0,,none
fresh_visobert_08565,6300,0,,none
fresh_visobert_09180,6301,0,,none
fresh_visobert_06926,6302,1,implicit_sentiment|emotion,"implicit_sentiment,emotion"
fresh_visobert_01645,6303,0,,none
fresh_visobert_00461,6304,0,,none
fresh_visobert_09126,6305,0,,none
fresh_visobert_09506,6306,1,idiom_figurative,idiom_figurative
fresh_visobert_00512,6307,0,,none
fresh_visobert_00721,6308,1,code_switching,code_switching
fresh_visobert_11399,6309,0,,none
fresh_visobert_06840,6310,0,,none
fresh_visobert_10348,6311,0,,none
fresh_visobert_11535,6312,0,,none
fresh_visobert_07710,6313,1,idiom_figurative|emotion,"idiom_figurative,emotion"
fresh_visobert_03460,6314,1,implicit_sentiment|code_switching,"implicit_sentiment,code_switching"
fresh_visobert_08554,6315,0,,none
fresh_visobert_05109,6316,0,,none
fresh_visobert_08273,6317,1,polarity,polarity
fresh_visobert_06994,6318,0,,none
fresh_visobert_07776,6319,1,code_switching,code_switching
fresh_visobert_02476,6320,0,,none
fresh_visobert_00114,6321,0,,none
fresh_visobert_10111,6322,0,,none
fresh_visobert_04479,6323,0,,none
fresh_visobert_07207,6324,0,,none
fresh_visobert_05016,6325,1,polarity,polarity
fresh_visobert_02458,6326,1,emotion,emotion
fresh_visobert_08056,6327,0,,none
fresh_visobert_01736,6328,1,implicit_sentiment|idiom_figurative,"implicit_sentiment,idiom_figurative"
fresh_visobert_03414,6329,0,,none
fresh_visobert_03265,6330,0,,none
fresh_visobert_03724,6331,0,,none
fresh_visobert_11464,6332,0,,none
fresh_visobert_09386,6333,1,polarity,polarity
fresh_visobert_05773,6334,0,,none
fresh_visobert_11610,6335,1,sarcasm,sarcasm
fresh_visobert_02961,6336,0,,none
fresh_visobert_05705,6337,0,,none
fresh_visobert_11855,6338,0,,none
fresh_visobert_05036,6339,1,polarity,polarity
fresh_visobert_07731,6340,0,,none
fresh_visobert_01383,6341,0,,none
fresh_visobert_02878,6342,1,mocking,mocking
fresh_visobert_04947,6343,0,,none
fresh_visobert_04896,6344,0,,none
fresh_visobert_02770,6345,0,,none
fresh_visobert_09311,6346,0,,none
fresh_visobert_01118,6347,1,polarity,polarity
fresh_visobert_00292,6348,0,,none
fresh_visobert_10356,6349,0,,none
fresh_visobert_06564,6350,0,,none
fresh_visobert_01836,6351,1,code_switching|emotion,"code_switching,emotion"
fresh_visobert_02587,6352,1,mocking|emotion,"mocking,emotion"
fresh_visobert_05038,6353,0,,none
fresh_visobert_01282,6354,0,,none
fresh_visobert_10362,6355,0,,none
fresh_visobert_03360,6356,0,,none
fresh_visobert_10576,6357,0,,none
fresh_visobert_08084,6358,0,,none
fresh_visobert_00139,6359,0,,none
fresh_visobert_07005,6360,0,,none
fresh_visobert_09528,6361,0,,none
fresh_visobert_00620,6362,0,,none
fresh_visobert_10097,6363,1,sarcasm|polarity|emotion,"sarcasm,polarity,emotion"
fresh_visobert_08883,6364,0,,none
fresh_visobert_04833,6365,0,,none
fresh_visobert_11644,6366,1,code_switching|polarity|emotion,"code_switching,polarity,emotion"
fresh_visobert_05043,6367,0,,none
fresh_visobert_04553,6368,0,,none
fresh_visobert_02839,6369,0,,none
fresh_visobert_06918,6370,0,,none
fresh_visobert_08851,6371,0,,none
fresh_visobert_09869,6372,0,,none
fresh_visobert_10046,6373,1,emotion,emotion
fresh_visobert_00559,6374,0,,none
fresh_visobert_11003,6375,0,,none
fresh_visobert_10419,6376,0,,none
fresh_visobert_05424,6377,0,,none
fresh_visobert_00639,6378,1,idiom_figurative,idiom_figurative
fresh_visobert_03972,6379,0,,none
fresh_visobert_07935,6380,0,,none
fresh_visobert_03286,6381,0,,none
fresh_visobert_10354,6382,1,emotion,emotion
fresh_visobert_06114,6383,0,,none
fresh_visobert_09087,6384,0,,none
fresh_visobert_10994,6385,1,code_switching,code_switching
fresh_visobert_03390,6386,0,,none
fresh_visobert_07933,6387,0,,none
fresh_visobert_02607,6388,1,polarity|emotion,"polarity,emotion"
fresh_visobert_06291,6389,0,,none
fresh_visobert_03044,6390,0,,none
fresh_visobert_11889,6391,0,,none
fresh_visobert_05750,6392,0,,none
fresh_visobert_02588,6393,1,polarity|emotion,"polarity,emotion"
fresh_visobert_07532,6394,0,,none
fresh_visobert_05507,6395,0,,none
fresh_visobert_03954,6396,0,,none
fresh_visobert_03248,6397,0,,none
fresh_visobert_05453,6398,1,idiom_figurative,idiom_figurative
fresh_visobert_10665,6399,1,emotion,emotion
fresh_visobert_05787,6400,0,,none
fresh_visobert_05278,6401,0,,none
fresh_visobert_11759,6402,0,,none
fresh_visobert_01907,6403,1,code_switching,code_switching
fresh_visobert_04269,6404,0,,none
fresh_visobert_11859,6405,0,,none
fresh_visobert_07479,6406,1,emotion,emotion
fresh_visobert_05426,6407,0,,none
fresh_visobert_09359,6408,1,code_switching|polarity|emotion,"code_switching,polarity,emotion"
fresh_visobert_00101,6409,1,code_switching,code_switching
fresh_visobert_03968,6410,0,,none
fresh_visobert_07382,6411,1,code_switching,code_switching
fresh_visobert_02703,6412,0,,none
fresh_visobert_06749,6413,0,,none
fresh_visobert_10306,6414,0,,none
fresh_visobert_01787,6415,1,polarity,polarity
fresh_visobert_00682,6416,0,,none
fresh_visobert_01183,6417,1,idiom_figurative|emotion,"idiom_figurative,emotion"
fresh_visobert_10458,6418,0,,none
fresh_visobert_10390,6419,1,polarity|emotion,"polarity,emotion"
fresh_visobert_11656,6420,0,,none
fresh_visobert_03193,6421,0,,none
fresh_visobert_09744,6422,1,emotion,emotion
fresh_visobert_09194,6423,0,,none
fresh_visobert_11649,6424,1,mocking,mocking
fresh_visobert_00329,6425,1,code_switching|emotion,"code_switching,emotion"
fresh_visobert_01454,6426,1,idiom_figurative,idiom_figurative
fresh_visobert_00202,6427,0,,none
fresh_visobert_07501,6428,0,,none
fresh_visobert_01030,6429,0,,none
fresh_visobert_04877,6430,0,,none
fresh_visobert_05454,6431,0,,none
fresh_visobert_01155,6432,0,,none
fresh_visobert_09763,6433,1,emotion,emotion
fresh_visobert_01769,6434,0,,none
fresh_visobert_09050,6435,0,,none
fresh_visobert_10705,6436,1,code_switching|polarity|emotion,"code_switching,polarity,emotion"
fresh_visobert_10902,6437,0,,none
fresh_visobert_10582,6438,0,,none
fresh_visobert_01846,6439,0,,none
fresh_visobert_03448,6440,0,,none
fresh_visobert_04285,6441,1,emotion,emotion
fresh_visobert_03555,6442,0,,none
fresh_visobert_08269,6443,0,,none
fresh_visobert_06640,6444,0,,none
fresh_visobert_02244,6445,0,,none
fresh_visobert_07031,6446,0,,none
fresh_visobert_02306,6447,1,mocking|emotion,"mocking,emotion"
fresh_visobert_07601,6448,1,idiom_figurative|emotion,"idiom_figurative,emotion"
fresh_visobert_10766,6449,0,,none
fresh_visobert_08199,6450,1,emotion,emotion
fresh_visobert_04431,6451,0,,none
fresh_visobert_11671,6452,0,,none
fresh_visobert_07256,6453,0,,none
fresh_visobert_11662,6454,1,code_switching,code_switching
fresh_visobert_08357,6455,0,,none
fresh_visobert_11025,6456,0,,none
fresh_visobert_11659,6457,1,mocking|polarity|emotion,"mocking,polarity,emotion"
fresh_visobert_07542,6458,0,,none
fresh_visobert_06504,6459,0,,none
fresh_visobert_10573,6460,0,,none
fresh_visobert_01107,6461,1,idiom_figurative,idiom_figurative
fresh_visobert_07850,6462,1,emotion,emotion
fresh_visobert_01719,6463,0,,none
fresh_visobert_05268,6464,0,,none
fresh_visobert_06360,6465,0,,none
fresh_visobert_04166,6466,0,,none
fresh_visobert_02649,6467,1,emotion,emotion
fresh_visobert_04362,6468,0,,none
fresh_visobert_11764,6469,1,polarity,polarity
fresh_visobert_09397,6470,0,,none
fresh_visobert_04484,6471,0,,none
fresh_visobert_08361,6472,0,,none
fresh_visobert_09694,6473,1,polarity|emotion,"polarity,emotion"
fresh_visobert_00436,6474,0,,none
fresh_visobert_09539,6475,1,emotion,emotion
fresh_visobert_05985,6476,1,emotion,emotion
fresh_visobert_04006,6477,0,,none
fresh_visobert_05255,6478,0,,none
fresh_visobert_06145,6479,0,,none
fresh_visobert_11261,6480,1,emotion,emotion
fresh_visobert_05966,6481,0,,none
fresh_visobert_00393,6482,1,idiom_figurative|emotion,"idiom_figurative,emotion"
fresh_visobert_06798,6483,0,,none
fresh_visobert_07877,6484,0,,none
fresh_visobert_07234,6485,0,,none
fresh_visobert_08359,6486,0,,none
fresh_visobert_01602,6487,0,,none
fresh_visobert_10877,6488,0,,none
fresh_visobert_10745,6489,0,,none
fresh_visobert_09525,6490,0,,none
fresh_visobert_10901,6491,0,,none
fresh_visobert_04063,6492,0,,none
fresh_visobert_09200,6493,1,sarcasm,sarcasm
fresh_visobert_07830,6494,0,,none
fresh_visobert_11615,6495,1,idiom_figurative,idiom_figurative
fresh_visobert_08498,6496,0,,none
fresh_visobert_02091,6497,0,,none
fresh_visobert_01582,6498,0,,none
fresh_visobert_00528,6499,0,,none
fresh_visobert_09377,6500,1,sarcasm,sarcasm
fresh_visobert_05392,6501,0,,none
fresh_visobert_09784,6502,1,polarity,polarity
fresh_visobert_00923,6503,1,code_switching,code_switching
fresh_visobert_09308,6504,0,,none
fresh_visobert_01923,6505,0,,none
fresh_visobert_00985,6506,0,,none
fresh_visobert_05443,6507,0,,none
fresh_visobert_08094,6508,0,,none
fresh_visobert_08292,6509,1,emotion,emotion
fresh_visobert_10207,6510,0,,none
fresh_visobert_10521,6511,1,polarity,polarity
fresh_visobert_02548,6512,0,,none
fresh_visobert_08228,6513,0,,none
fresh_visobert_07612,6514,1,polarity,polarity
fresh_visobert_11398,6515,0,,none
fresh_visobert_11383,6516,1,polarity,polarity
fresh_visobert_00961,6517,0,,none
fresh_visobert_01494,6518,0,,none
fresh_visobert_09282,6519,1,emotion,emotion
fresh_visobert_11032,6520,0,,none
fresh_visobert_07421,6521,0,,none
fresh_visobert_01000,6522,0,,none
fresh_visobert_10624,6523,1,emotion,emotion
fresh_visobert_05903,6524,0,,none
fresh_visobert_01748,6525,0,,none
fresh_visobert_02791,6526,1,mocking|emotion,"mocking,emotion"
fresh_visobert_07325,6527,1,emotion,emotion
fresh_visobert_01558,6528,1,idiom_figurative,idiom_figurative
fresh_visobert_10090,6529,0,,none
fresh_visobert_07085,6530,0,,none
fresh_visobert_08005,6531,0,,none
fresh_visobert_11140,6532,0,,none
fresh_visobert_04656,6533,1,code_switching,code_switching
fresh_visobert_01879,6534,0,,none
fresh_visobert_08267,6535,1,polarity,polarity
fresh_visobert_11685,6536,0,,none
fresh_visobert_02497,6537,0,,none
fresh_visobert_06021,6538,0,,none
fresh_visobert_01042,6539,0,,none
fresh_visobert_01977,6540,0,,none
fresh_visobert_10060,6541,0,,none
fresh_visobert_03471,6542,0,,none
fresh_visobert_03140,6543,0,,none
fresh_visobert_09979,6544,1,emotion,emotion
fresh_visobert_07851,6545,1,implicit_sentiment,implicit_sentiment
fresh_visobert_08634,6546,0,,none
fresh_visobert_07019,6547,1,code_switching,code_switching
fresh_visobert_08900,6548,1,polarity,polarity
fresh_visobert_10095,6549,0,,none
fresh_visobert_01181,6550,0,,none
fresh_visobert_10738,6551,1,polarity,polarity
fresh_visobert_06014,6552,0,,none
fresh_visobert_06593,6553,0,,none
fresh_visobert_05919,6554,1,emotion,"emotion,sarcasm"
fresh_visobert_10035,6555,0,,none
fresh_visobert_00037,6556,1,polarity|emotion,"polarity,emotion"
fresh_visobert_00903,6557,0,,none
fresh_visobert_00033,6558,0,,none
fresh_visobert_08862,6559,1,emotion,emotion
fresh_visobert_01595,6560,0,,none
fresh_visobert_04371,6561,0,,none
fresh_visobert_06865,6562,1,idiom_figurative|emotion,"idiom_figurative,emotion"
fresh_visobert_03676,6563,1,polarity,polarity
fresh_visobert_05067,6564,1,mocking|emotion,"mocking,emotion"
fresh_visobert_04438,6565,0,,none
fresh_visobert_05423,6566,0,,none
fresh_visobert_00111,6567,0,,none
fresh_visobert_03812,6568,0,,none
fresh_visobert_10500,6569,1,code_switching,code_switching
fresh_visobert_05145,6570,1,mocking|emotion,"mocking,emotion"
fresh_visobert_01008,6571,0,,none
fresh_visobert_11039,6572,1,polarity,polarity
fresh_visobert_01902,6573,1,mocking|emotion,"mocking,emotion"
fresh_visobert_02423,6574,0,,none
fresh_visobert_03367,6575,0,,none
fresh_visobert_11993,6576,0,,none
fresh_visobert_05442,6577,0,,none
fresh_visobert_03445,6578,0,,none
fresh_visobert_10788,6579,0,,none
fresh_visobert_00064,6580,1,emotion,emotion
fresh_visobert_08344,6581,0,,none
fresh_visobert_07143,6582,1,emotion,emotion
fresh_visobert_04191,6583,0,,none
fresh_visobert_08861,6584,0,,none
fresh_visobert_03645,6585,0,,none
fresh_visobert_08355,6586,0,,none
fresh_visobert_00336,6587,1,implicit_sentiment,implicit_sentiment
fresh_visobert_05997,6588,1,code_switching,code_switching
fresh_visobert_02362,6589,0,,none
fresh_visobert_00342,6590,0,,none
fresh_visobert_07529,6591,0,,none
fresh_visobert_02814,6592,0,,none
fresh_visobert_00783,6593,1,emotion,emotion
fresh_visobert_05069,6594,1,polarity|emotion,"polarity,emotion"
fresh_visobert_04705,6595,0,,none
fresh_visobert_01353,6596,0,,none
fresh_visobert_06530,6597,1,mocking|emotion,"mocking,emotion"
fresh_visobert_00371,6598,0,,none
fresh_visobert_03050,6599,0,,none
fresh_visobert_01196,6600,0,,none
fresh_visobert_01939,6601,0,,none
fresh_visobert_05935,6602,1,polarity,polarity
fresh_visobert_04035,6603,1,code_switching,code_switching
fresh_visobert_00426,6604,0,,none
fresh_visobert_02053,6605,0,,none
fresh_visobert_03373,6606,0,,none
fresh_visobert_08885,6607,0,,none
fresh_visobert_06186,6608,0,,none
fresh_visobert_05169,6609,0,,none
fresh_visobert_10382,6610,0,,none
fresh_visobert_06766,6611,1,mocking|emotion,"mocking,emotion"
fresh_visobert_08474,6612,1,polarity,polarity
fresh_visobert_00193,6613,1,emotion,emotion
fresh_visobert_00747,6614,1,idiom_figurative,idiom_figurative
fresh_visobert_00447,6615,0,,none
fresh_visobert_07866,6616,0,,none
fresh_visobert_00707,6617,0,,none
fresh_visobert_08508,6618,0,,none
fresh_visobert_10603,6619,0,,none
fresh_visobert_08008,6620,1,idiom_figurative,idiom_figurative
fresh_visobert_00293,6621,0,,none
fresh_visobert_11878,6622,1,implicit_sentiment,implicit_sentiment
fresh_visobert_10495,6623,0,,none
fresh_visobert_00507,6624,1,polarity|emotion,"polarity,emotion"
fresh_visobert_06275,6625,0,,none
fresh_visobert_05265,6626,1,mocking|emotion,"mocking,emotion"
fresh_visobert_09906,6627,0,,none
fresh_visobert_04001,6628,0,,none
fresh_visobert_10066,6629,0,,none
fresh_visobert_09121,6630,1,sarcasm|code_switching,"sarcasm,code_switching"
fresh_visobert_09974,6631,0,,none
fresh_visobert_02608,6632,0,,none
fresh_visobert_08890,6633,0,,none
fresh_visobert_10385,6634,1,mocking,mocking
fresh_visobert_11728,6635,0,,none
fresh_visobert_00296,6636,0,,none
fresh_visobert_02231,6637,0,,none
fresh_visobert_07928,6638,1,code_switching|mocking|emotion,"code_switching,mocking,emotion"
fresh_visobert_09995,6639,1,emotion,emotion
fresh_visobert_10713,6640,0,,none
fresh_visobert_03219,6641,0,,none
fresh_visobert_04387,6642,0,,none
fresh_visobert_00110,6643,0,,none
fresh_visobert_00556,6644,0,,none
fresh_visobert_00214,6645,1,emotion,emotion
fresh_visobert_07179,6646,0,,none
fresh_visobert_09902,6647,0,,none
fresh_visobert_01187,6648,0,,none
fresh_visobert_05310,6649,0,,none
fresh_visobert_04760,6650,1,code_switching|emotion,"code_switching,emotion"
fresh_visobert_01792,6651,0,,none
fresh_visobert_02069,6652,0,,none
fresh_visobert_06864,6653,0,,none
fresh_visobert_07391,6654,0,,sarcasm
fresh_visobert_07023,6655,0,,none
fresh_visobert_02875,6656,0,,none
fresh_visobert_08275,6657,1,code_switching,code_switching
fresh_visobert_08924,6658,0,,none
fresh_visobert_10952,6659,1,emotion,emotion
fresh_visobert_06924,6660,0,,none
fresh_visobert_10711,6661,0,,none
fresh_visobert_05519,6662,0,,none
fresh_visobert_07893,6663,1,polarity,polarity
fresh_visobert_03011,6664,0,,none
fresh_visobert_01639,6665,1,idiom_figurative|emotion,"idiom_figurative,emotion"
fresh_visobert_10377,6666,1,emotion,emotion
fresh_visobert_00895,6667,1,idiom_figurative|emotion,"idiom_figurative,emotion"
fresh_visobert_02910,6668,1,polarity,polarity
fresh_visobert_05207,6669,0,,none
fresh_visobert_10107,6670,1,emotion,emotion
fresh_visobert_04257,6671,1,mocking|emotion,"mocking,emotion"
fresh_visobert_03475,6672,0,,none
fresh_visobert_09707,6673,0,,none
fresh_visobert_09075,6674,0,,none
fresh_visobert_11876,6675,0,,none
fresh_visobert_09817,6676,1,polarity,polarity
fresh_visobert_03853,6677,1,mocking,mocking
fresh_visobert_06768,6678,0,,none
fresh_visobert_11738,6679,0,,none
fresh_visobert_10547,6680,1,emotion,emotion
fresh_visobert_09426,6681,1,emotion,emotion
fresh_visobert_00122,6682,1,emotion,emotion
fresh_visobert_03994,6683,0,,none
fresh_visobert_04607,6684,1,polarity|emotion,"polarity,emotion"
fresh_visobert_09612,6685,0,,none
fresh_visobert_02446,6686,1,idiom_figurative,idiom_figurative
fresh_visobert_00466,6687,0,,none
fresh_visobert_03197,6688,0,,none
fresh_visobert_04981,6689,1,code_switching,code_switching
fresh_visobert_08683,6690,1,implicit_sentiment|code_switching|mocking|polarity,"implicit_sentiment,code_switching,mocking,polarity"
fresh_visobert_01221,6691,0,,none
fresh_visobert_10088,6692,0,,none
fresh_visobert_09041,6693,1,polarity,polarity
fresh_visobert_09214,6694,0,,none
fresh_visobert_08494,6695,0,,none
fresh_visobert_05300,6696,0,,none
fresh_visobert_11417,6697,0,,none
fresh_visobert_09477,6698,0,,none
fresh_visobert_06245,6699,1,emotion,emotion
fresh_visobert_01409,6700,0,,none
fresh_visobert_11908,6701,1,emotion,emotion
fresh_visobert_08013,6702,1,emotion,emotion
fresh_visobert_03428,6703,1,mocking|emotion,"mocking,emotion"
fresh_visobert_08827,6704,1,emotion,emotion
fresh_visobert_02686,6705,0,,none
fresh_visobert_06538,6706,0,,none
fresh_visobert_07099,6707,0,,none
fresh_visobert_09630,6708,0,,none
fresh_visobert_11514,6709,0,,none
fresh_visobert_02709,6710,0,,none
fresh_visobert_03042,6711,0,,none
fresh_visobert_05122,6712,0,,none
fresh_visobert_10250,6713,1,sarcasm|code_switching|polarity|emotion,"sarcasm,code_switching,polarity,emotion"
fresh_visobert_07413,6714,0,,none
fresh_visobert_06962,6715,1,mocking|emotion,"mocking,emotion"
fresh_visobert_05078,6716,1,code_switching,code_switching
fresh_visobert_03289,6717,0,,none
fresh_visobert_07760,6718,0,,none
fresh_visobert_02816,6719,0,,none
fresh_visobert_08856,6720,0,,none
fresh_visobert_03644,6721,0,,none
fresh_visobert_08202,6722,1,emotion,emotion
fresh_visobert_02299,6723,0,,none
fresh_visobert_10776,6724,0,,sarcasm
fresh_visobert_01665,6725,0,,none
fresh_visobert_02189,6726,1,sarcasm,sarcasm
fresh_visobert_03185,6727,1,polarity|emotion,"polarity,emotion"
fresh_visobert_05678,6728,1,emotion,emotion
fresh_visobert_00023,6729,0,,none
fresh_visobert_10977,6730,0,,none
fresh_visobert_08000,6731,0,,none
fresh_visobert_07994,6732,1,emotion,emotion
fresh_visobert_07530,6733,0,,none
fresh_visobert_08064,6734,0,,none
fresh_visobert_00195,6735,0,,none
fresh_visobert_11953,6736,0,,none
fresh_visobert_09073,6737,0,,sarcasm
fresh_visobert_09837,6738,0,,none
fresh_visobert_04787,6739,0,,none
fresh_visobert_08854,6740,0,,none
fresh_visobert_07781,6741,0,,none
fresh_visobert_01379,6742,0,,none
fresh_visobert_04588,6743,1,code_switching,code_switching
fresh_visobert_08409,6744,1,emotion,emotion
fresh_visobert_06603,6745,1,emotion,emotion
fresh_visobert_10677,6746,0,,none
fresh_visobert_06986,6747,0,,none
fresh_visobert_01817,6748,0,,none
fresh_visobert_09084,6749,1,implicit_sentiment|idiom_figurative,"implicit_sentiment,idiom_figurative"
fresh_visobert_06225,6750,1,emotion,emotion
fresh_visobert_00775,6751,0,,none
fresh_visobert_06700,6752,0,,none
fresh_visobert_05783,6753,1,emotion,emotion
fresh_visobert_05774,6754,0,,none
fresh_visobert_10971,6755,0,,none
fresh_visobert_01227,6756,0,,none
fresh_visobert_06757,6757,0,,none
fresh_visobert_05931,6758,0,,none
fresh_visobert_07987,6759,0,,none
fresh_visobert_09802,6760,0,,none
fresh_visobert_02206,6761,1,mocking|emotion,"mocking,emotion"
fresh_visobert_05880,6762,1,emotion,emotion
fresh_visobert_10409,6763,0,,none
fresh_visobert_00951,6764,1,polarity|emotion,"polarity,emotion"
fresh_visobert_07480,6765,1,code_switching,code_switching
fresh_visobert_05934,6766,0,,none
fresh_visobert_03316,6767,1,implicit_sentiment|polarity|emotion,"implicit_sentiment,polarity,emotion"
fresh_visobert_06560,6768,1,mocking|emotion,"mocking,emotion"
fresh_visobert_03626,6769,0,,none
fresh_visobert_00606,6770,0,,none
fresh_visobert_06419,6771,1,sarcasm|code_switching,"sarcasm,code_switching"
fresh_visobert_04108,6772,0,,none
fresh_visobert_03577,6773,1,mocking|emotion,"mocking,emotion"
fresh_visobert_05302,6774,0,,none
fresh_visobert_01068,6775,0,,none
fresh_visobert_11801,6776,1,emotion,emotion
fresh_visobert_10151,6777,1,sarcasm|emotion,"sarcasm,emotion"
fresh_visobert_08079,6778,0,,none
fresh_visobert_03754,6779,0,,none
fresh_visobert_07290,6780,1,code_switching,code_switching
fresh_visobert_11845,6781,1,emotion,emotion
fresh_visobert_01989,6782,0,,none
fresh_visobert_01065,6783,0,,none
fresh_visobert_08232,6784,1,emotion,emotion
fresh_visobert_08488,6785,0,,none
fresh_visobert_09757,6786,0,,none
fresh_visobert_03585,6787,1,implicit_sentiment,implicit_sentiment
fresh_visobert_02727,6788,1,polarity,polarity
fresh_visobert_11894,6789,0,,none
fresh_visobert_06816,6790,0,,none
fresh_visobert_06963,6791,1,code_switching,code_switching
fresh_visobert_07538,6792,0,,none
fresh_visobert_03633,6793,0,,none
fresh_visobert_03283,6794,0,,none
fresh_visobert_03618,6795,0,,none
fresh_visobert_03705,6796,0,,none
fresh_visobert_03176,6797,1,mocking|emotion,"mocking,emotion"
fresh_visobert_07267,6798,0,,none
fresh_visobert_09133,6799,1,code_switching,code_switching
fresh_visobert_07452,6800,0,,none
fresh_visobert_01713,6801,0,,none
fresh_visobert_02596,6802,0,,none
fresh_visobert_00380,6803,0,,none
fresh_visobert_02682,6804,0,,none
fresh_visobert_05816,6805,1,emotion,emotion
fresh_visobert_08093,6806,0,,none
fresh_visobert_11814,6807,0,,none
fresh_visobert_06300,6808,1,implicit_sentiment,implicit_sentiment
fresh_visobert_04609,6809,0,,none
fresh_visobert_03923,6810,1,emotion,emotion
fresh_visobert_09941,6811,1,code_switching,code_switching
fresh_visobert_11208,6812,1,mocking,mocking
fresh_visobert_06078,6813,0,,none
fresh_visobert_06733,6814,0,,none
fresh_visobert_01881,6815,0,,none
fresh_visobert_07161,6816,0,,none
fresh_visobert_07738,6817,0,,none
fresh_visobert_09844,6818,0,,sarcasm
fresh_visobert_01137,6819,1,implicit_sentiment|idiom_figurative,"implicit_sentiment,idiom_figurative"
fresh_visobert_11170,6820,0,,none
fresh_visobert_11163,6821,1,emotion,emotion
fresh_visobert_04309,6822,1,polarity|emotion,"polarity,emotion"
fresh_visobert_01815,6823,0,,none
fresh_visobert_06284,6824,0,,none
fresh_visobert_07147,6825,0,,none
fresh_visobert_01308,6826,0,,none
fresh_visobert_10218,6827,0,,none
fresh_visobert_01147,6828,0,,none
fresh_visobert_04134,6829,0,,none
fresh_visobert_04638,6830,0,,none
fresh_visobert_05866,6831,0,,none
fresh_visobert_11636,6832,1,code_switching|emotion,"code_switching,emotion"
fresh_visobert_00529,6833,0,,none
fresh_visobert_08331,6834,0,,none
fresh_visobert_00868,6835,0,,none
fresh_visobert_00635,6836,0,,none
fresh_visobert_10895,6837,1,polarity,polarity
fresh_visobert_05583,6838,0,,none
fresh_visobert_08208,6839,1,code_switching,code_switching
fresh_visobert_08265,6840,1,sarcasm|emotion,"sarcasm,emotion"
fresh_visobert_06190,6841,0,,none
fresh_visobert_05317,6842,0,,none
fresh_visobert_10266,6843,0,,none
fresh_visobert_04432,6844,0,,none
fresh_visobert_03656,6845,0,,none
fresh_visobert_06098,6846,0,,none
fresh_visobert_05044,6847,0,,none
fresh_visobert_08809,6848,0,,none
fresh_visobert_07481,6849,1,mocking|emotion,"mocking,emotion"
fresh_visobert_03839,6850,0,,none
fresh_visobert_03919,6851,1,mocking|emotion,"mocking,emotion"
fresh_visobert_06909,6852,0,,none
fresh_visobert_00134,6853,1,mocking|polarity,"mocking,polarity"
fresh_visobert_04490,6854,0,,sarcasm
fresh_visobert_04256,6855,0,,none
fresh_visobert_09065,6856,1,emotion,emotion
fresh_visobert_04505,6857,1,idiom_figurative,idiom_figurative
fresh_visobert_01389,6858,0,,none
fresh_visobert_05361,6859,1,polarity,polarity
fresh_visobert_00061,6860,0,,none
fresh_visobert_10317,6861,1,code_switching,code_switching
fresh_visobert_00680,6862,1,implicit_sentiment|polarity|emotion,"implicit_sentiment,polarity,emotion"
fresh_visobert_07336,6863,1,polarity,polarity
fresh_visobert_04938,6864,0,,none
fresh_visobert_00790,6865,0,,none
fresh_visobert_06567,6866,0,,sarcasm
fresh_visobert_10234,6867,0,,none
fresh_visobert_02120,6868,0,,none
fresh_visobert_04263,6869,1,code_switching,code_switching
fresh_visobert_08205,6870,0,,none
fresh_visobert_03312,6871,0,,none
fresh_visobert_04851,6872,0,,none
fresh_visobert_10210,6873,0,,none
fresh_visobert_06313,6874,1,mocking|emotion,"mocking,emotion"
fresh_visobert_09863,6875,1,implicit_sentiment,implicit_sentiment
fresh_visobert_04258,6876,0,,none
fresh_visobert_02957,6877,0,,none
fresh_visobert_06520,6878,1,emotion,emotion
fresh_visobert_09089,6879,0,,none
fresh_visobert_04668,6880,0,,none
fresh_visobert_04396,6881,0,,none
fresh_visobert_04146,6882,0,,none
fresh_visobert_09223,6883,1,idiom_figurative,idiom_figurative
fresh_visobert_04519,6884,1,mocking|emotion,"mocking,emotion"
fresh_visobert_11341,6885,0,,none
fresh_visobert_02220,6886,0,,none
fresh_visobert_05342,6887,0,,none
fresh_visobert_09686,6888,1,code_switching|emotion,"code_switching,emotion"
fresh_visobert_06144,6889,0,,none
fresh_visobert_02853,6890,0,,none
fresh_visobert_03820,6891,1,mocking|emotion,"mocking,emotion"
fresh_visobert_09499,6892,0,,none
fresh_visobert_09442,6893,0,,none
fresh_visobert_01490,6894,0,,none
fresh_visobert_10580,6895,0,,none
fresh_visobert_00917,6896,1,emotion,emotion
fresh_visobert_01457,6897,0,,none
fresh_visobert_10053,6898,1,mocking|emotion,"mocking,emotion"
fresh_visobert_01551,6899,0,,none
fresh_visobert_05331,6900,1,mocking|emotion,"mocking,emotion"
fresh_visobert_04611,6901,0,,none
fresh_visobert_01560,6902,0,,none
fresh_visobert_08757,6903,1,mocking|polarity|emotion,"mocking,polarity,emotion"
fresh_visobert_03398,6904,1,implicit_sentiment,implicit_sentiment
fresh_visobert_09714,6905,0,,none
fresh_visobert_04870,6906,1,emotion,emotion
fresh_visobert_02798,6907,0,,none
fresh_visobert_06176,6908,1,emotion,emotion
fresh_visobert_01081,6909,0,,none
fresh_visobert_03915,6910,0,,none
fresh_visobert_09136,6911,0,,none
fresh_visobert_09760,6912,0,,none
fresh_visobert_09106,6913,0,,none
fresh_visobert_05946,6914,0,,none
fresh_visobert_04056,6915,0,,none
fresh_visobert_03194,6916,0,,none
fresh_visobert_03388,6917,0,,none
fresh_visobert_02238,6918,0,,none
fresh_visobert_10056,6919,0,,none
fresh_visobert_02036,6920,0,,none
fresh_visobert_11030,6921,0,,none
fresh_visobert_09204,6922,0,,none
fresh_visobert_11181,6923,0,,none
fresh_visobert_09254,6924,1,emotion,emotion
fresh_visobert_00227,6925,1,polarity,polarity
fresh_visobert_11621,6926,1,emotion,emotion
fresh_visobert_06108,6927,1,emotion,emotion
fresh_visobert_03483,6928,1,mocking|emotion,"mocking,emotion"
fresh_visobert_06331,6929,0,,none
fresh_visobert_07416,6930,0,,none
fresh_visobert_11972,6931,0,,none
fresh_visobert_11622,6932,1,code_switching,code_switching
fresh_visobert_11635,6933,0,,none
fresh_visobert_02249,6934,1,code_switching,code_switching
fresh_visobert_01437,6935,0,,none
fresh_visobert_02021,6936,0,,none
fresh_visobert_03615,6937,1,emotion,emotion
fresh_visobert_08438,6938,0,,none
fresh_visobert_07258,6939,1,code_switching,code_switching
fresh_visobert_07886,6940,0,,none
fresh_visobert_08526,6941,0,,none
fresh_visobert_11825,6942,1,mocking|emotion,"mocking,emotion"
fresh_visobert_01150,6943,0,,none
fresh_visobert_10418,6944,1,code_switching|mocking|emotion,"code_switching,mocking,emotion"
fresh_visobert_09388,6945,0,,none
fresh_visobert_11029,6946,0,,none
fresh_visobert_05739,6947,0,,none
fresh_visobert_02832,6948,1,emotion,emotion
fresh_visobert_01064,6949,0,,none
fresh_visobert_07579,6950,0,,none
fresh_visobert_03749,6951,0,,none
fresh_visobert_06544,6952,0,,none
fresh_visobert_07729,6953,0,,none
fresh_visobert_03081,6954,0,,none
fresh_visobert_02320,6955,0,,none
fresh_visobert_02077,6956,0,,none
fresh_visobert_10731,6957,1,mocking|emotion,"mocking,emotion"
fresh_visobert_07322,6958,0,,none
fresh_visobert_01037,6959,1,polarity,polarity
fresh_visobert_01868,6960,0,,none
fresh_visobert_02398,6961,1,mocking|emotion,"mocking,emotion"
fresh_visobert_05323,6962,0,,none
fresh_visobert_09342,6963,1,idiom_figurative,idiom_figurative
fresh_visobert_01252,6964,0,,none
fresh_visobert_06817,6965,0,,none
fresh_visobert_07658,6966,0,,none
fresh_visobert_08710,6967,1,code_switching,code_switching
fresh_visobert_04398,6968,1,mocking,mocking
fresh_visobert_10484,6969,0,,none
fresh_visobert_03439,6970,0,,none
fresh_visobert_02327,6971,0,,none
fresh_visobert_11256,6972,0,,none
fresh_visobert_06040,6973,0,,none
fresh_visobert_07506,6974,0,,none
fresh_visobert_08980,6975,1,emotion,emotion
fresh_visobert_01300,6976,0,,none
fresh_visobert_01826,6977,0,,none
fresh_visobert_02908,6978,0,,none
fresh_visobert_02756,6979,0,,none
fresh_visobert_01109,6980,1,polarity|emotion,"polarity,emotion"
fresh_visobert_05103,6981,0,,none
fresh_visobert_03104,6982,0,,none
fresh_visobert_07644,6983,0,,none
fresh_visobert_09076,6984,1,emotion,emotion
fresh_visobert_07331,6985,0,,none
fresh_visobert_02563,6986,0,,none
fresh_visobert_08340,6987,0,,none
fresh_visobert_02676,6988,0,,none
fresh_visobert_02217,6989,0,,none
fresh_visobert_00764,6990,0,,none
fresh_visobert_00796,6991,0,,none
fresh_visobert_06496,6992,1,sarcasm|emotion,"sarcasm,emotion"
fresh_visobert_02752,6993,0,,none
fresh_visobert_09457,6994,0,,none
fresh_visobert_09523,6995,0,,none
fresh_visobert_06854,6996,0,,none
fresh_visobert_11055,6997,1,emotion,emotion
fresh_visobert_06486,6998,1,polarity|emotion,"polarity,emotion"
fresh_visobert_06519,6999,0,,none
fresh_visobert_02144,7000,0,,none
fresh_visobert_07151,7001,0,,none
fresh_visobert_03886,7002,0,,none
fresh_visobert_09681,7003,0,,none
fresh_visobert_01632,7004,0,,none
fresh_visobert_11047,7005,0,,none
fresh_visobert_09755,7006,1,sarcasm,sarcasm
fresh_visobert_02037,7007,0,,none
fresh_visobert_06769,7008,0,,none
fresh_visobert_05193,7009,1,implicit_sentiment|polarity,"implicit_sentiment,polarity"
fresh_visobert_01258,7010,1,polarity,polarity
fresh_visobert_03269,7011,1,emotion,emotion
fresh_visobert_09904,7012,0,,none
fresh_visobert_03534,7013,0,,none
fresh_visobert_08415,7014,0,,none
fresh_visobert_09160,7015,0,,none
fresh_visobert_05702,7016,1,polarity,"polarity,sarcasm"
fresh_visobert_08648,7017,1,implicit_sentiment|sarcasm|idiom_figurative|mocking|emotion,"implicit_sentiment,sarcasm,idiom_figurative,mocking,emotion"
fresh_visobert_11569,7018,0,,none
fresh_visobert_05955,7019,1,code_switching|emotion,"code_switching,emotion"
fresh_visobert_09561,7020,0,,none
fresh_visobert_05825,7021,0,,none
fresh_visobert_07175,7022,0,,none
fresh_visobert_10763,7023,0,,none
fresh_visobert_01088,7024,0,,none
fresh_visobert_08255,7025,0,,none
fresh_visobert_09768,7026,0,,none
fresh_visobert_02298,7027,0,,none
fresh_visobert_06511,7028,1,sarcasm|polarity,"sarcasm,polarity"
fresh_visobert_09997,7029,0,,none
fresh_visobert_02666,7030,0,,none
fresh_visobert_03091,7031,1,polarity,polarity
fresh_visobert_07791,7032,1,polarity,polarity
fresh_visobert_09621,7033,1,mocking,mocking
fresh_visobert_09300,7034,0,,none
fresh_visobert_07746,7035,0,,none
fresh_visobert_10601,7036,0,,none
fresh_visobert_11926,7037,1,emotion,emotion
fresh_visobert_05168,7038,1,polarity|emotion,"polarity,emotion"
fresh_visobert_07437,7039,0,,none
fresh_visobert_08338,7040,0,,none
fresh_visobert_01272,7041,0,,none
fresh_visobert_07938,7042,0,,none
fresh_visobert_09710,7043,0,,none
fresh_visobert_08994,7044,0,,none
fresh_visobert_07577,7045,0,,none
fresh_visobert_02794,7046,0,,none
fresh_visobert_09796,7047,1,code_switching,code_switching
fresh_visobert_05384,7048,0,,none
fresh_visobert_11582,7049,0,,none
fresh_visobert_01616,7050,0,,none
fresh_visobert_01985,7051,0,,none
fresh_visobert_05256,7052,1,emotion,emotion
fresh_visobert_00120,7053,0,,none
fresh_visobert_02332,7054,0,,none
fresh_visobert_02058,7055,0,,none
fresh_visobert_04922,7056,0,,none
fresh_visobert_00032,7057,1,polarity,polarity
fresh_visobert_06142,7058,1,polarity,polarity
fresh_visobert_08564,7059,1,polarity,polarity
fresh_visobert_09721,7060,0,,none
fresh_visobert_07819,7061,0,,none
fresh_visobert_01556,7062,1,idiom_figurative,idiom_figurative
fresh_visobert_03863,7063,1,emotion,emotion
fresh_visobert_05495,7064,1,polarity,polarity
fresh_visobert_06547,7065,0,,none
fresh_visobert_06121,7066,1,emotion,emotion
fresh_visobert_08707,7067,1,code_switching,code_switching
fresh_visobert_02022,7068,0,,none
fresh_visobert_03978,7069,0,,none
fresh_visobert_06290,7070,0,,none
fresh_visobert_07582,7071,0,,none
fresh_visobert_05046,7072,1,code_switching,code_switching
fresh_visobert_09547,7073,0,,none
fresh_visobert_10598,7074,0,,none
fresh_visobert_02376,7075,0,,none
fresh_visobert_05100,7076,0,,none
fresh_visobert_00419,7077,1,mocking|emotion,"mocking,emotion"
fresh_visobert_07684,7078,0,,none
fresh_visobert_09729,7079,0,,none
fresh_visobert_11769,7080,0,,none
fresh_visobert_04347,7081,1,emotion,emotion
fresh_visobert_00998,7082,0,,none
fresh_visobert_05746,7083,0,,none
fresh_visobert_05982,7084,0,,none
fresh_visobert_03012,7085,0,,none
fresh_visobert_11684,7086,0,,none
fresh_visobert_11572,7087,0,,none
fresh_visobert_10735,7088,1,polarity,polarity
fresh_visobert_08561,7089,0,,none
fresh_visobert_06157,7090,0,,none
fresh_visobert_02713,7091,1,mocking|emotion,"mocking,emotion"
fresh_visobert_09601,7092,0,,none
fresh_visobert_09734,7093,0,,none
fresh_visobert_10429,7094,0,,none
fresh_visobert_09102,7095,0,,sarcasm
fresh_visobert_00428,7096,1,polarity,polarity
fresh_visobert_07845,7097,0,,none
fresh_visobert_09280,7098,0,,none
fresh_visobert_11512,7099,1,code_switching,code_switching
fresh_visobert_05521,7100,0,,none
fresh_visobert_09088,7101,0,,none
fresh_visobert_01617,7102,0,,none
fresh_visobert_06908,7103,0,,none
fresh_visobert_02767,7104,0,,none
fresh_visobert_02873,7105,0,,none
fresh_visobert_09680,7106,0,,none
fresh_visobert_02997,7107,0,,none
fresh_visobert_03134,7108,1,emotion,emotion
fresh_visobert_06354,7109,1,mocking|emotion,"mocking,emotion"
fresh_visobert_08478,7110,1,emotion,emotion
fresh_visobert_01583,7111,0,,none
fresh_visobert_05386,7112,1,code_switching,code_switching
fresh_visobert_10649,7113,1,code_switching,code_switching
fresh_visobert_03306,7114,1,polarity,polarity
fresh_visobert_08741,7115,1,emotion,emotion
fresh_visobert_00633,7116,1,idiom_figurative|emotion,"idiom_figurative,emotion"
fresh_visobert_03903,7117,0,,none
fresh_visobert_00062,7118,0,,none
fresh_visobert_10616,7119,0,,none
fresh_visobert_09460,7120,0,,none
fresh_visobert_01918,7121,0,,none
fresh_visobert_05369,7122,0,,none
fresh_visobert_10851,7123,1,emotion,emotion
fresh_visobert_08146,7124,1,emotion,emotion
fresh_visobert_04425,7125,0,,none
fresh_visobert_01307,7126,0,,none
fresh_visobert_07990,7127,0,,none
fresh_visobert_01578,7128,0,,none
fresh_visobert_06165,7129,1,idiom_figurative,idiom_figurative
fresh_visobert_08990,7130,0,,none
fresh_visobert_01340,7131,1,emotion,emotion
fresh_visobert_03321,7132,1,mocking|emotion,"mocking,emotion"
fresh_visobert_07628,7133,0,,none
fresh_visobert_03976,7134,1,code_switching|polarity|emotion,"code_switching,polarity,emotion"
fresh_visobert_11293,7135,1,idiom_figurative|code_switching|polarity,"idiom_figurative,code_switching,polarity"
fresh_visobert_04978,7136,0,,none
fresh_visobert_08612,7137,0,,none
fresh_visobert_06370,7138,0,,none
fresh_visobert_01959,7139,1,mocking|emotion,"mocking,emotion"
fresh_visobert_04874,7140,0,,none
fresh_visobert_04102,7141,0,,none
fresh_visobert_06065,7142,1,code_switching,code_switching
fresh_visobert_01609,7143,0,,none
fresh_visobert_11516,7144,0,,none
fresh_visobert_08771,7145,0,,none
fresh_visobert_06467,7146,0,,none
fresh_visobert_06355,7147,1,emotion,emotion
fresh_visobert_08549,7148,0,,none
fresh_visobert_05790,7149,0,,none
fresh_visobert_06438,7150,1,emotion,emotion
fresh_visobert_05338,7151,0,,none
fresh_visobert_09056,7152,1,emotion,emotion
fresh_visobert_01186,7153,0,,none
fresh_visobert_10874,7154,0,,none
fresh_visobert_04429,7155,0,,none
fresh_visobert_01295,7156,0,,none
fresh_visobert_08087,7157,1,code_switching,code_switching
fresh_visobert_09774,7158,0,,none
fresh_visobert_06687,7159,0,,none
fresh_visobert_05018,7160,1,emotion,emotion
fresh_visobert_11702,7161,0,,none
fresh_visobert_07793,7162,0,,none
fresh_visobert_07638,7163,1,emotion,emotion
fresh_visobert_06747,7164,1,polarity,polarity
fresh_visobert_03426,7165,0,,none
fresh_visobert_08406,7166,0,,none
fresh_visobert_03214,7167,0,,none
fresh_visobert_09358,7168,0,,none
fresh_visobert_11668,7169,0,,none
fresh_visobert_00938,7170,1,emotion,emotion
fresh_visobert_09996,7171,0,,none
fresh_visobert_03893,7172,1,code_switching,code_switching
fresh_visobert_08117,7173,0,,none
fresh_visobert_08264,7174,0,,none
fresh_visobert_07379,7175,0,,none
fresh_visobert_08517,7176,0,,none
fresh_visobert_02222,7177,1,emotion,emotion
fresh_visobert_08681,7178,1,emotion,emotion
fresh_visobert_03028,7179,0,,none
fresh_visobert_07308,7180,1,mocking|emotion,"mocking,emotion"
fresh_visobert_07324,7181,0,,sarcasm
fresh_visobert_04634,7182,0,,none
fresh_visobert_09644,7183,0,,none
fresh_visobert_08615,7184,0,,none
fresh_visobert_11800,7185,0,,none
fresh_visobert_05581,7186,0,,none
fresh_visobert_07679,7187,0,,none
fresh_visobert_11254,7188,1,idiom_figurative|emotion,"idiom_figurative,emotion"
fresh_visobert_08631,7189,0,,none
fresh_visobert_10059,7190,0,,none
fresh_visobert_07510,7191,0,,none
fresh_visobert_01416,7192,1,emotion,emotion
fresh_visobert_01270,7193,0,,none
fresh_visobert_11342,7194,1,mocking|emotion,"mocking,emotion"
fresh_visobert_07399,7195,0,,none
fresh_visobert_01031,7196,0,,none
fresh_visobert_02962,7197,0,,none
fresh_visobert_03208,7198,1,sarcasm,sarcasm
fresh_visobert_00109,7199,1,mocking,mocking
fresh_visobert_10996,7200,0,,none
fresh_visobert_00736,7201,0,,none
fresh_visobert_07082,7202,0,,none
fresh_visobert_05472,7203,0,,none
fresh_visobert_08640,7204,1,implicit_sentiment,implicit_sentiment
fresh_visobert_06774,7205,0,,none
fresh_visobert_03078,7206,0,,none
fresh_visobert_09264,7207,0,,none
fresh_visobert_00302,7208,0,,none
fresh_visobert_08955,7209,1,sarcasm,sarcasm
fresh_visobert_06054,7210,1,sarcasm,sarcasm
fresh_visobert_03098,7211,0,,none
fresh_visobert_03026,7212,0,,none
fresh_visobert_10391,7213,0,,none
fresh_visobert_06214,7214,1,emotion,emotion
fresh_visobert_00659,7215,0,,none
fresh_visobert_06463,7216,0,,none
fresh_visobert_00948,7217,0,,none
fresh_visobert_09196,7218,1,polarity,"polarity,sarcasm"
fresh_visobert_11311,7219,1,idiom_figurative,idiom_figurative
fresh_visobert_03247,7220,0,,none
fresh_visobert_03765,7221,0,,none
fresh_visobert_06162,7222,0,,none
fresh_visobert_02788,7223,0,,none
fresh_visobert_06106,7224,1,idiom_figurative,idiom_figurative
fresh_visobert_03262,7225,0,,none
fresh_visobert_02229,7226,1,polarity,polarity
fresh_visobert_00972,7227,1,implicit_sentiment|sarcasm|idiom_figurative|emotion,"implicit_sentiment,sarcasm,idiom_figurative,emotion"
fresh_visobert_09759,7228,1,idiom_figurative|mocking|emotion,"idiom_figurative,mocking,emotion"
fresh_visobert_07931,7229,1,code_switching|mocking,"code_switching,mocking"
fresh_visobert_07584,7230,0,,none
fresh_visobert_06691,7231,0,,none
fresh_visobert_01472,7232,1,polarity,polarity
fresh_visobert_06619,7233,1,code_switching,code_switching
fresh_visobert_03243,7234,0,,none
fresh_visobert_03172,7235,1,mocking|emotion,"mocking,emotion"
fresh_visobert_04941,7236,0,,none
fresh_visobert_06068,7237,0,,none
fresh_visobert_00662,7238,0,,none
fresh_visobert_06539,7239,0,,none
fresh_visobert_01534,7240,0,,none
fresh_visobert_06352,7241,0,,none
fresh_visobert_08749,7242,0,,none
fresh_visobert_07332,7243,0,,none
fresh_visobert_11790,7244,0,,none
fresh_visobert_04235,7245,1,code_switching,code_switching
fresh_visobert_09298,7246,1,polarity|emotion,"polarity,emotion"
fresh_visobert_06669,7247,0,,none
fresh_visobert_05549,7248,0,,none
fresh_visobert_11873,7249,0,,none
fresh_visobert_05668,7250,0,,none
fresh_visobert_02734,7251,1,code_switching,code_switching
fresh_visobert_00338,7252,0,,none
fresh_visobert_04344,7253,0,,none
fresh_visobert_10539,7254,1,emotion,emotion
fresh_visobert_06280,7255,1,emotion,emotion
fresh_visobert_09415,7256,0,,none
fresh_visobert_01032,7257,0,,none
fresh_visobert_07702,7258,1,polarity,polarity
fresh_visobert_11496,7259,1,mocking|emotion,"mocking,emotion"
fresh_visobert_02955,7260,0,,none
fresh_visobert_10945,7261,0,,none
fresh_visobert_00085,7262,0,,none
fresh_visobert_09469,7263,1,mocking|emotion,"mocking,emotion"
fresh_visobert_05971,7264,0,,none
fresh_visobert_08521,7265,0,,none
fresh_visobert_07373,7266,0,,none
fresh_visobert_11144,7267,1,code_switching,code_switching
fresh_visobert_02932,7268,0,,none
fresh_visobert_02898,7269,0,,none
fresh_visobert_00525,7270,0,,none
fresh_visobert_06233,7271,0,,none
fresh_visobert_09464,7272,0,,none
fresh_visobert_02562,7273,1,mocking|emotion,"mocking,emotion"
fresh_visobert_10515,7274,0,,none
fresh_visobert_01621,7275,0,,none
fresh_visobert_07598,7276,1,emotion,emotion
fresh_visobert_03935,7277,0,,none
fresh_visobert_10182,7278,0,,none
fresh_visobert_04046,7279,0,,none
fresh_visobert_07393,7280,0,,none
fresh_visobert_03826,7281,0,,none
fresh_visobert_07899,7282,1,polarity,polarity
fresh_visobert_04422,7283,0,,none
fresh_visobert_02735,7284,0,,none
fresh_visobert_06464,7285,0,,none
fresh_visobert_02467,7286,0,,none
fresh_visobert_05027,7287,0,,none
fresh_visobert_04174,7288,0,,none
fresh_visobert_06028,7289,0,,none
fresh_visobert_10522,7290,1,mocking|emotion,"mocking,emotion"
fresh_visobert_09742,7291,1,polarity|emotion,"polarity,emotion"
fresh_visobert_02301,7292,0,,none
fresh_visobert_05441,7293,0,,none
fresh_visobert_05479,7294,1,idiom_figurative,idiom_figurative
fresh_visobert_10466,7295,0,,none
fresh_visobert_01374,7296,1,implicit_sentiment,implicit_sentiment
fresh_visobert_01341,7297,1,code_switching|polarity|emotion,"code_switching,polarity,emotion"
fresh_visobert_00947,7298,0,,none
fresh_visobert_06971,7299,0,,none
fresh_visobert_01235,7300,0,,none
fresh_visobert_05376,7301,0,,none
fresh_visobert_11199,7302,1,sarcasm,sarcasm
fresh_visobert_09070,7303,0,,none
fresh_visobert_02291,7304,1,polarity|emotion,"polarity,emotion"
fresh_visobert_01179,7305,0,,none
fresh_visobert_03375,7306,0,,none
fresh_visobert_00029,7307,0,,none
fresh_visobert_07127,7308,1,polarity,polarity
fresh_visobert_01968,7309,0,,none
fresh_visobert_05047,7310,1,emotion,emotion
fresh_visobert_10685,7311,0,,none
fresh_visobert_06979,7312,1,mocking|emotion,"mocking,emotion"
fresh_visobert_09470,7313,0,,none
fresh_visobert_05512,7314,1,emotion,emotion
fresh_visobert_03155,7315,0,,none
fresh_visobert_09336,7316,0,,none
fresh_visobert_11190,7317,0,,none
fresh_visobert_11250,7318,1,mocking|emotion,"mocking,emotion"
fresh_visobert_09832,7319,1,polarity,polarity
fresh_visobert_01288,7320,1,code_switching,code_switching
fresh_visobert_04541,7321,1,code_switching,code_switching
fresh_visobert_00244,7322,0,,none
fresh_visobert_04746,7323,1,implicit_sentiment,implicit_sentiment
fresh_visobert_06473,7324,0,,none
fresh_visobert_07858,7325,0,,none
fresh_visobert_04856,7326,1,emotion,emotion
fresh_visobert_01201,7327,0,,none
fresh_visobert_00459,7328,1,polarity,polarity
fresh_visobert_06048,7329,0,,none
fresh_visobert_00439,7330,1,code_switching,code_switching
fresh_visobert_05352,7331,0,,none
fresh_visobert_05486,7332,0,,none
fresh_visobert_04114,7333,0,,none
fresh_visobert_05234,7334,0,,none
fresh_visobert_06922,7335,0,,none
fresh_visobert_05711,7336,0,,none
fresh_visobert_07328,7337,0,,none
fresh_visobert_08751,7338,1,implicit_sentiment,implicit_sentiment
fresh_visobert_08970,7339,1,emotion,emotion
fresh_visobert_01573,7340,1,implicit_sentiment,implicit_sentiment
fresh_visobert_00256,7341,1,emotion,emotion
fresh_visobert_07878,7342,1,idiom_figurative,idiom_figurative
fresh_visobert_02717,7343,1,polarity,polarity
fresh_visobert_07243,7344,0,,none
fresh_visobert_00056,7345,1,implicit_sentiment,implicit_sentiment
fresh_visobert_04969,7346,0,,none
fresh_visobert_01114,7347,0,,none
fresh_visobert_09318,7348,1,idiom_figurative,idiom_figurative
fresh_visobert_02626,7349,0,,none
fresh_visobert_09389,7350,0,,none
fresh_visobert_01013,7351,0,,none
fresh_visobert_11816,7352,0,,none
fresh_visobert_10202,7353,1,idiom_figurative,idiom_figurative
fresh_visobert_01003,7354,1,idiom_figurative|emotion,"idiom_figurative,emotion"
fresh_visobert_03944,7355,0,,none
fresh_visobert_11797,7356,1,emotion,emotion
fresh_visobert_03823,7357,1,code_switching,code_switching
fresh_visobert_04878,7358,0,,none
fresh_visobert_11245,7359,0,,none
fresh_visobert_10561,7360,0,,none
fresh_visobert_06092,7361,0,,none
fresh_visobert_02651,7362,0,,none
fresh_visobert_09761,7363,1,polarity,polarity
fresh_visobert_06894,7364,0,,none
fresh_visobert_05672,7365,0,,none
fresh_visobert_00786,7366,0,,none
fresh_visobert_00803,7367,0,,none
fresh_visobert_10611,7368,0,,none
fresh_visobert_01142,7369,0,,none
fresh_visobert_08709,7370,1,polarity|emotion,"polarity,emotion"
fresh_visobert_09848,7371,0,,none
fresh_visobert_11001,7372,0,,sarcasm
fresh_visobert_03196,7373,0,,none
fresh_visobert_09437,7374,1,mocking|emotion,"mocking,emotion"
fresh_visobert_11913,7375,0,,none
fresh_visobert_00719,7376,0,,none
fresh_visobert_00451,7377,0,,none
fresh_visobert_07317,7378,1,emotion,emotion
fresh_visobert_07923,7379,0,,none
fresh_visobert_07871,7380,0,,none
fresh_visobert_10813,7381,1,sarcasm,sarcasm
fresh_visobert_01366,7382,0,,none
fresh_visobert_01599,7383,0,,none
fresh_visobert_06666,7384,1,polarity|emotion,"polarity,emotion"
fresh_visobert_10523,7385,0,,none
fresh_visobert_09893,7386,0,,none
fresh_visobert_02499,7387,0,,none
fresh_visobert_01094,7388,0,,none
fresh_visobert_08734,7389,1,polarity,polarity
fresh_visobert_09558,7390,1,idiom_figurative|polarity,"idiom_figurative,polarity"
fresh_visobert_06613,7391,0,,none
fresh_visobert_08167,7392,0,,none
fresh_visobert_08690,7393,0,,none
fresh_visobert_10875,7394,0,,none
fresh_visobert_07780,7395,0,,none
fresh_visobert_08179,7396,0,,none
fresh_visobert_09511,7397,0,,none
fresh_visobert_10747,7398,0,,none
fresh_visobert_07156,7399,0,,none
fresh_visobert_04022,7400,1,code_switching,code_switching
fresh_visobert_09387,7401,1,code_switching,code_switching
fresh_visobert_02349,7402,0,,none
fresh_visobert_03807,7403,0,,none
fresh_visobert_02313,7404,1,emotion,emotion
fresh_visobert_02282,7405,1,polarity|emotion,"polarity,emotion"
fresh_visobert_02049,7406,1,emotion,emotion
fresh_visobert_00143,7407,0,,none
fresh_visobert_11131,7408,0,,none
fresh_visobert_02781,7409,0,,none
fresh_visobert_09804,7410,1,sarcasm,sarcasm
fresh_visobert_06831,7411,0,,none
fresh_visobert_02494,7412,0,,none
fresh_visobert_09529,7413,0,,none
fresh_visobert_11450,7414,0,,none
fresh_visobert_07719,7415,0,,none
fresh_visobert_00370,7416,0,,none
fresh_visobert_08347,7417,0,,none
fresh_visobert_10647,7418,1,emotion,emotion
fresh_visobert_06627,7419,0,,none
fresh_visobert_01913,7420,0,,none
fresh_visobert_09039,7421,0,,none
fresh_visobert_05611,7422,0,,none
fresh_visobert_02983,7423,0,,none
fresh_visobert_10683,7424,0,,none
fresh_visobert_01061,7425,1,polarity,polarity
fresh_visobert_01744,7426,0,,none
fresh_visobert_00382,7427,0,,none
fresh_visobert_03878,7428,0,,none
fresh_visobert_02568,7429,0,,none
fresh_visobert_04747,7430,1,code_switching,code_switching
fresh_visobert_10079,7431,0,,none
fresh_visobert_11812,7432,0,,none
fresh_visobert_04926,7433,0,,none
fresh_visobert_11838,7434,0,,none
fresh_visobert_01368,7435,0,,none
fresh_visobert_10103,7436,0,,none
fresh_visobert_04136,7437,0,,none
fresh_visobert_04702,7438,0,,none
fresh_visobert_10345,7439,0,,none
fresh_visobert_04792,7440,0,,none
fresh_visobert_05188,7441,0,,none
fresh_visobert_10432,7442,1,polarity,polarity
fresh_visobert_08103,7443,1,code_switching,code_switching
fresh_visobert_09722,7444,0,,none
fresh_visobert_04659,7445,0,,none
fresh_visobert_09538,7446,0,,none
fresh_visobert_10147,7447,0,,none
fresh_visobert_05437,7448,0,,none
fresh_visobert_03322,7449,1,polarity,polarity
fresh_visobert_11559,7450,0,,none
fresh_visobert_10372,7451,1,sarcasm,sarcasm
fresh_visobert_11457,7452,1,emotion,emotion
fresh_visobert_00891,7453,1,polarity,polarity
fresh_visobert_06721,7454,1,emotion,emotion
fresh_visobert_00091,7455,0,,none
fresh_visobert_01752,7456,0,,none
fresh_visobert_11374,7457,0,,none
fresh_visobert_09973,7458,1,emotion,emotion
fresh_visobert_11228,7459,0,,none
fresh_visobert_06188,7460,0,,none
fresh_visobert_09882,7461,0,,none
fresh_visobert_09465,7462,1,polarity,polarity
fresh_visobert_11881,7463,0,,none
fresh_visobert_11741,7464,0,,none
fresh_visobert_01565,7465,0,,none
fresh_visobert_01981,7466,0,,none
fresh_visobert_07139,7467,1,mocking|emotion,"mocking,emotion"
fresh_visobert_11547,7468,1,emotion,emotion
fresh_visobert_09613,7469,1,mocking,"mocking,sarcasm"
fresh_visobert_10568,7470,0,,none
fresh_visobert_10280,7471,0,,none
fresh_visobert_11756,7472,1,polarity,polarity
fresh_visobert_10344,7473,0,,none
fresh_visobert_02125,7474,0,,none
fresh_visobert_08034,7475,1,code_switching,code_switching
fresh_visobert_04407,7476,0,,none
fresh_visobert_11120,7477,0,,none
fresh_visobert_04827,7478,1,emotion,emotion
fresh_visobert_06614,7479,0,,none
fresh_visobert_09395,7480,0,,none
fresh_visobert_10883,7481,1,idiom_figurative,idiom_figurative
fresh_visobert_05380,7482,1,mocking|emotion,"mocking,emotion"
fresh_visobert_09599,7483,0,,none
fresh_visobert_03677,7484,0,,none
fresh_visobert_08835,7485,0,,none
fresh_visobert_08248,7486,0,,none
fresh_visobert_05666,7487,0,,none
fresh_visobert_02029,7488,1,implicit_sentiment,implicit_sentiment
fresh_visobert_03712,7489,0,,none
fresh_visobert_10858,7490,0,,none
fresh_visobert_11005,7491,0,,none
fresh_visobert_07985,7492,0,,none
fresh_visobert_06308,7493,1,code_switching,code_switching
fresh_visobert_08398,7494,0,,none
fresh_visobert_07627,7495,1,code_switching|emotion,"code_switching,emotion"
fresh_visobert_01070,7496,1,emotion,emotion
fresh_visobert_03623,7497,0,,none
fresh_visobert_04632,7498,1,idiom_figurative,idiom_figurative
fresh_visobert_03890,7499,0,,none
fresh_visobert_05744,7500,1,mocking|emotion,"mocking,emotion"
fresh_visobert_09251,7501,0,,none
fresh_visobert_11180,7502,0,,none
fresh_visobert_09905,7503,0,,none
fresh_visobert_08423,7504,0,,none
fresh_visobert_09607,7505,1,emotion,emotion
fresh_visobert_02287,7506,1,code_switching,code_switching
fresh_visobert_09740,7507,0,,none
fresh_visobert_11879,7508,1,implicit_sentiment,implicit_sentiment
fresh_visobert_04440,7509,0,,none
fresh_visobert_10508,7510,0,,none
fresh_visobert_10416,7511,0,,none
fresh_visobert_06591,7512,0,,none
fresh_visobert_04793,7513,0,,none
fresh_visobert_05951,7514,0,,none
fresh_visobert_08372,7515,1,polarity|emotion,"polarity,emotion"
fresh_visobert_10330,7516,0,,none
fresh_visobert_07049,7517,1,emotion,emotion
fresh_visobert_11788,7518,1,mocking,mocking
fresh_visobert_09747,7519,0,,none
fresh_visobert_08089,7520,0,,none
fresh_visobert_07410,7521,0,,none
fresh_visobert_00510,7522,0,,none
fresh_visobert_00898,7523,0,,none
fresh_visobert_09383,7524,0,,none
fresh_visobert_02323,7525,0,,none
fresh_visobert_11071,7526,1,emotion,emotion
fresh_visobert_07826,7527,0,,none
fresh_visobert_03135,7528,0,,none
fresh_visobert_08506,7529,0,,none
fresh_visobert_08894,7530,0,,none
fresh_visobert_08829,7531,0,,none
fresh_visobert_10482,7532,0,,none
fresh_visobert_11229,7533,1,emotion,emotion
fresh_visobert_03589,7534,0,,none
fresh_visobert_00765,7535,0,,none
fresh_visobert_03341,7536,1,polarity|emotion,"polarity,emotion"
fresh_visobert_08660,7537,1,code_switching,code_switching
fresh_visobert_00730,7538,0,,none
fresh_visobert_00634,7539,0,,none
fresh_visobert_02934,7540,0,,none
fresh_visobert_04906,7541,0,,none
fresh_visobert_10094,7542,0,,none
fresh_visobert_08158,7543,0,,none
fresh_visobert_03571,7544,1,code_switching,code_switching
fresh_visobert_10349,7545,0,,none
fresh_visobert_10420,7546,0,,none
fresh_visobert_08613,7547,1,emotion,emotion
fresh_visobert_08759,7548,1,emotion,emotion
fresh_visobert_08420,7549,1,code_switching,code_switching
fresh_visobert_00368,7550,1,mocking,mocking
fresh_visobert_06597,7551,1,implicit_sentiment,implicit_sentiment
fresh_visobert_03120,7552,1,idiom_figurative,idiom_figurative
fresh_visobert_10004,7553,1,emotion,emotion
fresh_visobert_04200,7554,0,,none
fresh_visobert_11386,7555,0,,none
fresh_visobert_04932,7556,0,,none
fresh_visobert_02736,7557,1,polarity,polarity
fresh_visobert_11384,7558,1,code_switching,code_switching
fresh_visobert_08978,7559,0,,none
fresh_visobert_09534,7560,0,,none
fresh_visobert_11012,7561,1,polarity,polarity
fresh_visobert_07329,7562,0,,none
fresh_visobert_03370,7563,0,,none
fresh_visobert_05749,7564,0,,none
fresh_visobert_09481,7565,0,,none
fresh_visobert_04890,7566,0,,none
fresh_visobert_08390,7567,0,,none
fresh_visobert_04055,7568,1,code_switching,code_switching
fresh_visobert_11721,7569,1,polarity|emotion,"polarity,emotion"
fresh_visobert_00921,7570,1,polarity,polarity
fresh_visobert_01464,7571,0,,none
fresh_visobert_08388,7572,1,code_switching|emotion,"code_switching,emotion,sarcasm"
fresh_visobert_06680,7573,0,,none
fresh_visobert_07134,7574,0,,none
fresh_visobert_05289,7575,0,,none
fresh_visobert_11630,7576,1,emotion,emotion
fresh_visobert_01493,7577,0,,none
fresh_visobert_01819,7578,0,,none
fresh_visobert_10085,7579,0,,none
fresh_visobert_04678,7580,0,,none
fresh_visobert_05925,7581,0,,none
fresh_visobert_00074,7582,0,,none
fresh_visobert_01854,7583,0,,none
fresh_visobert_10599,7584,0,,none
fresh_visobert_11054,7585,1,mocking|emotion,"mocking,emotion"
fresh_visobert_09514,7586,1,emotion,emotion
fresh_visobert_03047,7587,1,idiom_figurative,idiom_figurative
fresh_visobert_03449,7588,0,,none
fresh_visobert_06850,7589,1,emotion,emotion
fresh_visobert_01965,7590,0,,none
fresh_visobert_10549,7591,1,sarcasm,sarcasm
fresh_visobert_09421,7592,0,,none
fresh_visobert_06230,7593,1,implicit_sentiment,implicit_sentiment
fresh_visobert_02137,7594,0,,none
fresh_visobert_09363,7595,0,,none
fresh_visobert_11363,7596,0,,none
fresh_visobert_09144,7597,0,,none
fresh_visobert_06887,7598,0,,none
fresh_visobert_04295,7599,0,,none
fresh_visobert_11069,7600,0,,none
fresh_visobert_03364,7601,0,,none
fresh_visobert_11750,7602,0,,none
fresh_visobert_06845,7603,0,,none
fresh_visobert_04589,7604,1,polarity,polarity
fresh_visobert_02762,7605,1,mocking|emotion,"mocking,emotion"
fresh_visobert_05697,7606,0,,none
fresh_visobert_05868,7607,1,mocking|emotion,"mocking,emotion"
fresh_visobert_11805,7608,0,,none
fresh_visobert_09799,7609,1,emotion,emotion
fresh_visobert_08153,7610,1,idiom_figurative,idiom_figurative
fresh_visobert_11602,7611,1,sarcasm|polarity|emotion,"sarcasm,polarity,emotion"
fresh_visobert_07171,7612,0,,none
fresh_visobert_00141,7613,0,,none
fresh_visobert_06086,7614,0,,none
fresh_visobert_04781,7615,1,emotion,emotion
fresh_visobert_05171,7616,0,,none
fresh_visobert_06925,7617,0,,none
fresh_visobert_06679,7618,0,,none
fresh_visobert_04072,7619,1,emotion,emotion
fresh_visobert_02046,7620,1,mocking|emotion,"mocking,emotion"
fresh_visobert_05258,7621,1,sarcasm,sarcasm
fresh_visobert_03960,7622,1,code_switching|polarity|emotion,"code_switching,polarity,emotion"
fresh_visobert_04835,7623,0,,none
fresh_visobert_11037,7624,0,,none
fresh_visobert_01278,7625,1,implicit_sentiment|idiom_figurative,"implicit_sentiment,idiom_figurative"
fresh_visobert_02773,7626,0,,none
fresh_visobert_07664,7627,0,,none
fresh_visobert_07916,7628,1,idiom_figurative,idiom_figurative
fresh_visobert_11787,7629,1,polarity|emotion,"polarity,emotion"
fresh_visobert_04041,7630,0,,none
fresh_visobert_03129,7631,0,,none
fresh_visobert_01411,7632,0,,none
fresh_visobert_09970,7633,0,,none
fresh_visobert_08646,7634,1,implicit_sentiment|idiom_figurative,"implicit_sentiment,idiom_figurative"
fresh_visobert_03075,7635,0,,none
fresh_visobert_02348,7636,0,,none
fresh_visobert_10449,7637,1,sarcasm|code_switching|emotion,"sarcasm,code_switching,emotion"
fresh_visobert_08501,7638,0,,none
fresh_visobert_10535,7639,0,,none
fresh_visobert_01549,7640,1,polarity,polarity
fresh_visobert_06059,7641,0,,none
fresh_visobert_10904,7642,0,,none
fresh_visobert_08916,7643,0,,none
fresh_visobert_07390,7644,0,,none
fresh_visobert_04799,7645,0,,none
fresh_visobert_01339,7646,0,,none
fresh_visobert_07021,7647,1,mocking,mocking
fresh_visobert_05455,7648,1,implicit_sentiment|code_switching|polarity|emotion,"implicit_sentiment,code_switching,polarity,emotion"
fresh_visobert_02297,7649,0,,none
fresh_visobert_11917,7650,0,,none
fresh_visobert_00762,7651,0,,none
fresh_visobert_01771,7652,0,,none
fresh_visobert_11371,7653,0,,none
fresh_visobert_03592,7654,0,,none
fresh_visobert_02479,7655,0,,none
fresh_visobert_08259,7656,0,,none
fresh_visobert_02796,7657,0,,none
fresh_visobert_09384,7658,0,,none
fresh_visobert_01148,7659,1,implicit_sentiment|mocking|polarity,"implicit_sentiment,mocking,polarity"
fresh_visobert_04361,7660,0,,none
fresh_visobert_10569,7661,0,,none
fresh_visobert_05827,7662,0,,none
fresh_visobert_08258,7663,1,idiom_figurative|emotion,"idiom_figurative,emotion"
fresh_visobert_01541,7664,1,idiom_figurative,idiom_figurative
fresh_visobert_08927,7665,1,implicit_sentiment,implicit_sentiment
fresh_visobert_10455,7666,0,,none
fresh_visobert_04013,7667,0,,none
fresh_visobert_10542,7668,1,mocking|emotion,"mocking,emotion"
fresh_visobert_10268,7669,0,,sarcasm
fresh_visobert_11314,7670,0,,none
fresh_visobert_10492,7671,1,emotion,emotion
fresh_visobert_04654,7672,1,mocking|emotion,"mocking,emotion"
fresh_visobert_08857,7673,0,,none
fresh_visobert_08281,7674,0,,none
fresh_visobert_10526,7675,0,,none
fresh_visobert_08772,7676,0,,none
fresh_visobert_10160,7677,1,emotion,emotion
fresh_visobert_08996,7678,1,mocking,mocking
fresh_visobert_00268,7679,1,polarity,polarity
fresh_visobert_10064,7680,0,,none
fresh_visobert_00369,7681,0,,none
fresh_visobert_06392,7682,0,,none
fresh_visobert_01382,7683,1,code_switching,code_switching
fresh_visobert_07199,7684,0,,none
fresh_visobert_05766,7685,0,,none
fresh_visobert_03125,7686,0,,none
fresh_visobert_06633,7687,0,,none
fresh_visobert_05218,7688,0,,none
fresh_visobert_07225,7689,1,mocking|emotion,"mocking,emotion"
fresh_visobert_00700,7690,0,,none
fresh_visobert_02664,7691,1,idiom_figurative|mocking|emotion,"idiom_figurative,mocking,emotion"
fresh_visobert_06215,7692,0,,none
fresh_visobert_02273,7693,0,,none
fresh_visobert_10628,7694,0,,none
fresh_visobert_01171,7695,1,emotion,emotion
fresh_visobert_05231,7696,1,idiom_figurative,idiom_figurative
fresh_visobert_05448,7697,0,,none
fresh_visobert_04879,7698,1,mocking|polarity|emotion,"mocking,polarity,emotion"
fresh_visobert_01501,7699,0,,none
fresh_visobert_08931,7700,0,,none
fresh_visobert_09715,7701,1,polarity,polarity
fresh_visobert_00455,7702,0,,none
fresh_visobert_04330,7703,0,,none
fresh_visobert_10239,7704,1,emotion,emotion
fresh_visobert_05544,7705,0,,none
fresh_visobert_10739,7706,0,,none
fresh_visobert_02068,7707,0,,none
fresh_visobert_00711,7708,0,,none
fresh_visobert_00437,7709,0,,none
fresh_visobert_05902,7710,1,emotion,emotion
fresh_visobert_10104,7711,1,code_switching,code_switching
fresh_visobert_09673,7712,0,,none
fresh_visobert_04331,7713,0,,none
fresh_visobert_07814,7714,0,,none
fresh_visobert_11767,7715,0,,none
fresh_visobert_11056,7716,0,,none
fresh_visobert_08051,7717,0,,none
fresh_visobert_04070,7718,0,,none
fresh_visobert_08518,7719,0,,none
fresh_visobert_03156,7720,1,emotion,emotion
fresh_visobert_00755,7721,0,,none
fresh_visobert_03171,7722,0,,none
fresh_visobert_11456,7723,0,,none
fresh_visobert_06064,7724,0,,none
fresh_visobert_00249,7725,0,,none
fresh_visobert_07794,7726,1,mocking|emotion,"mocking,emotion"
fresh_visobert_11910,7727,0,,none
fresh_visobert_05121,7728,0,,none
fresh_visobert_03032,7729,0,,none
fresh_visobert_04061,7730,0,,none
fresh_visobert_08853,7731,0,,none
fresh_visobert_07717,7732,0,,none
fresh_visobert_08187,7733,0,,none
fresh_visobert_03494,7734,0,,none
fresh_visobert_08619,7735,0,,none
fresh_visobert_11704,7736,0,,none
fresh_visobert_01136,7737,0,,none
fresh_visobert_05049,7738,1,emotion,emotion
fresh_visobert_05247,7739,0,,none
fresh_visobert_03036,7740,0,,none
fresh_visobert_06403,7741,1,emotion,emotion
fresh_visobert_10579,7742,1,mocking|emotion,"mocking,emotion"
fresh_visobert_07104,7743,0,,none
fresh_visobert_09978,7744,0,,none
fresh_visobert_10070,7745,0,,none
fresh_visobert_00534,7746,0,,none
fresh_visobert_02417,7747,0,,none
fresh_visobert_08243,7748,0,,none
fresh_visobert_06658,7749,0,,none
fresh_visobert_11433,7750,0,,none
fresh_visobert_09162,7751,1,emotion,emotion
fresh_visobert_00727,7752,0,,none
fresh_visobert_00392,7753,0,,none
fresh_visobert_00050,7754,0,,none
fresh_visobert_04342,7755,0,,none
fresh_visobert_04527,7756,0,,none
fresh_visobert_11454,7757,0,,none
fresh_visobert_03257,7758,0,,none
fresh_visobert_07721,7759,1,polarity|emotion,"polarity,emotion"
fresh_visobert_09025,7760,0,,none
fresh_visobert_06739,7761,0,,none
fresh_visobert_07682,7762,0,,none
fresh_visobert_10318,7763,0,,none
fresh_visobert_07867,7764,0,,none
fresh_visobert_06136,7765,1,sarcasm,sarcasm
fresh_visobert_00452,7766,0,,none
fresh_visobert_06008,7767,0,,none
fresh_visobert_01138,7768,1,emotion,emotion
fresh_visobert_05867,7769,0,,none
fresh_visobert_02630,7770,1,code_switching,code_switching
fresh_visobert_03385,7771,0,,none
fresh_visobert_05561,7772,1,polarity,polarity
fresh_visobert_09037,7773,1,polarity|emotion,"polarity,emotion"
fresh_visobert_08097,7774,0,,none
fresh_visobert_03492,7775,0,,none
fresh_visobert_06249,7776,1,sarcasm,sarcasm
fresh_visobert_03541,7777,0,,none
fresh_visobert_08126,7778,0,,none
fresh_visobert_07572,7779,1,polarity,polarity
fresh_visobert_06345,7780,0,,none
fresh_visobert_09092,7781,0,,none
fresh_visobert_06224,7782,1,code_switching,code_switching
fresh_visobert_00136,7783,1,code_switching,code_switching
fresh_visobert_03725,7784,0,,none
fresh_visobert_01143,7785,0,,none
fresh_visobert_03476,7786,0,,none
fresh_visobert_07993,7787,1,code_switching,code_switching
fresh_visobert_05641,7788,1,code_switching,code_switching
fresh_visobert_06988,7789,1,idiom_figurative,idiom_figurative
fresh_visobert_03620,7790,0,,none
fresh_visobert_03535,7791,0,,none
fresh_visobert_10708,7792,0,,none
fresh_visobert_09787,7793,0,,none
fresh_visobert_00667,7794,1,code_switching,code_switching
fresh_visobert_01590,7795,0,,none
fresh_visobert_09117,7796,0,,none
fresh_visobert_10178,7797,0,,none
fresh_visobert_11940,7798,0,,none
fresh_visobert_07514,7799,0,,none
fresh_visobert_11085,7800,1,sarcasm|code_switching,"sarcasm,code_switching"
fresh_visobert_05622,7801,1,emotion,emotion
fresh_visobert_10128,7802,0,,none
fresh_visobert_02523,7803,0,,none
fresh_visobert_00264,7804,1,mocking,mocking
fresh_visobert_10426,7805,0,,none
fresh_visobert_03848,7806,1,mocking|emotion,"mocking,emotion"
fresh_visobert_04576,7807,1,mocking|emotion,"mocking,emotion"
fresh_visobert_02944,7808,0,,none
fresh_visobert_08262,7809,1,emotion,"emotion,sarcasm"
fresh_visobert_00558,7810,1,emotion,emotion
fresh_visobert_04333,7811,0,,none
fresh_visobert_07033,7812,0,,none
fresh_visobert_03526,7813,0,,none
fresh_visobert_06045,7814,1,emotion,emotion
fresh_visobert_10870,7815,1,implicit_sentiment,implicit_sentiment
fresh_visobert_06783,7816,0,,none
fresh_visobert_00952,7817,0,,none
fresh_visobert_01380,7818,1,code_switching,code_switching
fresh_visobert_01956,7819,0,,none
fresh_visobert_03858,7820,1,emotion,emotion
fresh_visobert_11919,7821,1,irony|emotion,"irony,emotion"
fresh_visobert_06892,7822,1,mocking,mocking
fresh_visobert_10232,7823,0,,none
fresh_visobert_07855,7824,1,emotion,emotion
fresh_visobert_11803,7825,0,,none
fresh_visobert_04082,7826,1,emotion,emotion
fresh_visobert_11608,7827,1,polarity,polarity
fresh_visobert_09712,7828,0,,none
fresh_visobert_02881,7829,0,,none
fresh_visobert_06616,7830,1,emotion,emotion
fresh_visobert_09962,7831,1,emotion,emotion
fresh_visobert_07467,7832,0,,none
fresh_visobert_09765,7833,1,polarity|emotion,"polarity,emotion"
fresh_visobert_06529,7834,0,,none
fresh_visobert_03391,7835,0,,none
fresh_visobert_00990,7836,1,polarity|emotion,"polarity,emotion"
fresh_visobert_00884,7837,1,polarity|emotion,"polarity,emotion"
fresh_visobert_05459,7838,1,idiom_figurative|polarity,"idiom_figurative,polarity"
fresh_visobert_09082,7839,0,,none
fresh_visobert_11447,7840,1,emotion,emotion
fresh_visobert_01046,7841,1,polarity|emotion,"polarity,emotion"
fresh_visobert_05034,7842,0,,none
fresh_visobert_07925,7843,0,,none
fresh_visobert_04089,7844,0,,none
fresh_visobert_04709,7845,0,,none
fresh_visobert_07192,7846,0,,none
fresh_visobert_02199,7847,0,,none
fresh_visobert_02625,7848,1,emotion,emotion
fresh_visobert_07498,7849,0,,none
fresh_visobert_04107,7850,0,,none
fresh_visobert_02750,7851,0,,none
fresh_visobert_05399,7852,0,,none
fresh_visobert_08714,7853,1,code_switching,code_switching
fresh_visobert_10286,7854,1,emotion,emotion
fresh_visobert_09163,7855,1,idiom_figurative|polarity,"idiom_figurative,polarity"
fresh_visobert_02797,7856,0,,none
fresh_visobert_11152,7857,1,polarity,polarity
fresh_visobert_05892,7858,0,,none
fresh_visobert_08808,7859,0,,none
fresh_visobert_00524,7860,0,,none
fresh_visobert_11455,7861,0,,none
fresh_visobert_04570,7862,1,code_switching,code_switching
fresh_visobert_01025,7863,1,polarity,polarity
fresh_visobert_11628,7864,0,,none
fresh_visobert_05830,7865,0,,none
fresh_visobert_05916,7866,0,,none
fresh_visobert_03005,7867,0,,none
fresh_visobert_05337,7868,0,,none
fresh_visobert_04558,7869,1,idiom_figurative,idiom_figurative
fresh_visobert_08164,7870,0,,none
fresh_visobert_10048,7871,0,,none
fresh_visobert_07888,7872,1,code_switching,code_switching
fresh_visobert_03252,7873,1,polarity,polarity
fresh_visobert_04924,7874,0,,none
fresh_visobert_02432,7875,0,,none
fresh_visobert_02419,7876,0,,none
fresh_visobert_09337,7877,1,polarity,polarity
fresh_visobert_03730,7878,0,,none
fresh_visobert_01435,7879,1,emotion,emotion
fresh_visobert_10896,7880,0,,none
fresh_visobert_00609,7881,1,code_switching,code_switching
fresh_visobert_01840,7882,1,code_switching,code_switching
fresh_visobert_09900,7883,0,,none
fresh_visobert_04325,7884,0,,none
fresh_visobert_09125,7885,0,,none
fresh_visobert_10502,7886,0,,none
fresh_visobert_08693,7887,1,emotion,emotion
fresh_visobert_06459,7888,0,,none
fresh_visobert_10838,7889,1,polarity|emotion,"polarity,emotion"
fresh_visobert_00055,7890,0,,none
fresh_visobert_03999,7891,0,,none
fresh_visobert_06975,7892,0,,none
fresh_visobert_00774,7893,0,,none
fresh_visobert_03434,7894,0,,none
fresh_visobert_11493,7895,0,,none
fresh_visobert_11540,7896,0,,none
fresh_visobert_10966,7897,0,,none
fresh_visobert_03076,7898,0,,none
fresh_visobert_06441,7899,1,emotion,emotion
fresh_visobert_08365,7900,1,idiom_figurative,idiom_figurative
fresh_visobert_03201,7901,0,,none
fresh_visobert_02761,7902,0,,none
fresh_visobert_04359,7903,1,polarity|emotion,"polarity,emotion"
fresh_visobert_05606,7904,0,,none
fresh_visobert_08196,7905,0,,none
fresh_visobert_08641,7906,1,idiom_figurative,idiom_figurative
fresh_visobert_04565,7907,1,mocking|emotion,"mocking,emotion"
fresh_visobert_08737,7908,0,,none
fresh_visobert_10015,7909,0,,none
fresh_visobert_01779,7910,1,implicit_sentiment,implicit_sentiment
fresh_visobert_05374,7911,0,,none
fresh_visobert_03775,7912,0,,none
fresh_visobert_01921,7913,0,,none
fresh_visobert_06253,7914,0,,none
fresh_visobert_01886,7915,0,,none
fresh_visobert_10723,7916,0,,none
fresh_visobert_01134,7917,0,,none
fresh_visobert_04498,7918,0,,none
fresh_visobert_07745,7919,1,polarity,polarity
fresh_visobert_05493,7920,0,,none
fresh_visobert_06685,7921,1,emotion,emotion
fresh_visobert_01303,7922,0,,none
fresh_visobert_02131,7923,1,idiom_figurative|mocking|emotion,"idiom_figurative,mocking,emotion"
fresh_visobert_01813,7924,0,,none
fresh_visobert_02191,7925,0,,none
fresh_visobert_01724,7926,0,,none
fresh_visobert_01376,7927,1,polarity,polarity
fresh_visobert_09944,7928,0,,none
fresh_visobert_00197,7929,0,,none
fresh_visobert_09507,7930,1,sarcasm,sarcasm
fresh_visobert_05252,7931,0,,none
fresh_visobert_02211,7932,0,,none
fresh_visobert_02261,7933,0,,none
fresh_visobert_07086,7934,0,,none
fresh_visobert_11380,7935,1,implicit_sentiment|sarcasm|idiom_figurative|mocking|emotion,"implicit_sentiment,sarcasm,idiom_figurative,mocking,emotion"
fresh_visobert_10485,7936,0,,none
fresh_visobert_04912,7937,0,,none
fresh_visobert_03665,7938,1,polarity|emotion,"polarity,emotion"
fresh_visobert_06824,7939,0,,none
fresh_visobert_03733,7940,0,,none
fresh_visobert_06088,7941,0,,none
fresh_visobert_03226,7942,0,,none
fresh_visobert_10158,7943,0,,none
fresh_visobert_11753,7944,0,,none
fresh_visobert_06789,7945,0,,none
fresh_visobert_08241,7946,0,,none
fresh_visobert_01486,7947,0,,none
fresh_visobert_10006,7948,0,,none
fresh_visobert_03979,7949,1,idiom_figurative,idiom_figurative
fresh_visobert_09856,7950,0,,none
fresh_visobert_05881,7951,0,,none
fresh_visobert_08600,7952,0,,none
fresh_visobert_06914,7953,1,code_switching,code_switching
fresh_visobert_05726,7954,0,,none
fresh_visobert_11014,7955,1,emotion,emotion
fresh_visobert_05365,7956,0,,none
fresh_visobert_04320,7957,0,,none
fresh_visobert_09422,7958,0,,none
fresh_visobert_07964,7959,0,,none
fresh_visobert_08147,7960,0,,none
fresh_visobert_08251,7961,0,,none
fresh_visobert_01777,7962,0,,none
fresh_visobert_05895,7963,0,,none
fresh_visobert_03617,7964,0,,none
fresh_visobert_09072,7965,0,,none
fresh_visobert_03351,7966,1,polarity|emotion,"polarity,emotion"
fresh_visobert_08252,7967,1,emotion,emotion
fresh_visobert_05745,7968,0,,none
fresh_visobert_04828,7969,0,,none
fresh_visobert_03100,7970,0,,none
fresh_visobert_01797,7971,0,,none
fresh_visobert_00834,7972,0,,none
fresh_visobert_02085,7973,0,,none
fresh_visobert_04871,7974,0,,none
fresh_visobert_02071,7975,1,polarity|emotion,"polarity,emotion"
fresh_visobert_00096,7976,0,,none
fresh_visobert_09688,7977,0,,none
fresh_visobert_04820,7978,0,,none
fresh_visobert_00285,7979,1,mocking,mocking
fresh_visobert_05602,7980,1,code_switching,code_switching
fresh_visobert_07525,7981,0,,none
fresh_visobert_11642,7982,1,sarcasm|emotion,"sarcasm,emotion"
fresh_visobert_10201,7983,0,,none
fresh_visobert_00106,7984,0,,none
fresh_visobert_11752,7985,0,,none
fresh_visobert_07680,7986,0,,none
fresh_visobert_00204,7987,1,idiom_figurative|emotion,"idiom_figurative,emotion"
fresh_visobert_06933,7988,1,mocking,mocking
fresh_visobert_08652,7989,0,,none
fresh_visobert_05320,7990,0,,none
fresh_visobert_02104,7991,0,,none
fresh_visobert_08581,7992,1,code_switching,code_switching
fresh_visobert_08069,7993,0,,none
fresh_visobert_10023,7994,0,,none
fresh_visobert_00425,7995,1,idiom_figurative|emotion,"idiom_figurative,emotion"
fresh_visobert_11345,7996,0,,none
fresh_visobert_03603,7997,1,emotion,emotion
fresh_visobert_10688,7998,0,,none
fresh_visobert_00179,7999,1,idiom_figurative,idiom_figurative
fresh_visobert_03073,8000,0,,none
fresh_visobert_03453,8001,0,,none
fresh_visobert_11620,8002,0,,none
fresh_visobert_01450,8003,0,,none
fresh_visobert_06917,8004,1,mocking|emotion,"mocking,emotion"
fresh_visobert_06422,8005,0,,none
fresh_visobert_08191,8006,0,,none
fresh_visobert_01321,8007,0,,none
fresh_visobert_02227,8008,1,idiom_figurative|emotion,"idiom_figurative,emotion"
fresh_visobert_11986,8009,1,code_switching|mocking,"code_switching,mocking"
fresh_visobert_06232,8010,1,sarcasm,sarcasm
fresh_visobert_10623,8011,0,,none
fresh_visobert_04004,8012,1,polarity,polarity
fresh_visobert_03536,8013,1,idiom_figurative|emotion,"idiom_figurative,emotion"
fresh_visobert_09418,8014,0,,none
fresh_visobert_09313,8015,1,idiom_figurative|emotion,"idiom_figurative,emotion"
fresh_visobert_10626,8016,0,,none
fresh_visobert_11195,8017,1,emotion,emotion
fresh_visobert_00183,8018,1,mocking|emotion,"mocking,emotion"
fresh_visobert_06801,8019,0,,none
fresh_visobert_02755,8020,0,,none
fresh_visobert_03327,8021,0,,none
fresh_visobert_09420,8022,0,,none
fresh_visobert_09942,8023,1,sarcasm|mocking,"sarcasm,mocking"
fresh_visobert_04547,8024,0,,none
fresh_visobert_09741,8025,1,idiom_figurative,idiom_figurative
fresh_visobert_03109,8026,0,,none
fresh_visobert_07396,8027,0,,none
fresh_visobert_09669,8028,0,,none
fresh_visobert_09677,8029,1,code_switching,code_switching
fresh_visobert_07817,8030,1,polarity|emotion,"polarity,emotion"
fresh_visobert_11784,8031,0,,none
fresh_visobert_07636,8032,0,,none
fresh_visobert_11350,8033,0,,none
fresh_visobert_11789,8034,0,,none
fresh_visobert_10308,8035,0,,none
fresh_visobert_01425,8036,1,polarity,polarity
fresh_visobert_02879,8037,0,,none
fresh_visobert_07406,8038,1,polarity,polarity
fresh_visobert_11044,8039,0,,none
fresh_visobert_05628,8040,0,,none
fresh_visobert_01909,8041,0,,none
fresh_visobert_02897,8042,0,,none
fresh_visobert_04268,8043,0,,none
fresh_visobert_07707,8044,1,idiom_figurative|polarity,"idiom_figurative,polarity"
fresh_visobert_09950,8045,0,,none
fresh_visobert_01851,8046,0,,none
fresh_visobert_03381,8047,0,,none
fresh_visobert_02592,8048,0,,none
fresh_visobert_04319,8049,1,idiom_figurative|emotion,"idiom_figurative,emotion"
fresh_visobert_00539,8050,1,code_switching|polarity|emotion,"code_switching,polarity,emotion"
fresh_visobert_10127,8051,1,mocking|polarity,"mocking,polarity"
fresh_visobert_10312,8052,1,polarity|emotion,"polarity,emotion"
fresh_visobert_00222,8053,0,,none
fresh_visobert_06722,8054,0,,none
fresh_visobert_00189,8055,0,,none
fresh_visobert_00876,8056,0,,none
fresh_visobert_06487,8057,0,,none
fresh_visobert_09480,8058,0,,none
fresh_visobert_03177,8059,1,idiom_figurative,idiom_figurative
fresh_visobert_04884,8060,0,,none
fresh_visobert_02729,8061,1,emotion,emotion
fresh_visobert_02759,8062,0,,none
fresh_visobert_11823,8063,0,,none
fresh_visobert_08904,8064,0,,none
fresh_visobert_08906,8065,0,,none
fresh_visobert_06378,8066,1,mocking|polarity,"mocking,polarity"
fresh_visobert_03951,8067,0,,none
fresh_visobert_07056,8068,1,polarity|emotion,"polarity,emotion"
fresh_visobert_07516,8069,1,code_switching,code_switching
fresh_visobert_08947,8070,1,idiom_figurative,idiom_figurative
fresh_visobert_05017,8071,0,,none
fresh_visobert_06110,8072,0,,none
fresh_visobert_10464,8073,0,,none
fresh_visobert_07065,8074,1,emotion,emotion
fresh_visobert_02921,8075,1,emotion,emotion
fresh_visobert_03851,8076,0,,none
fresh_visobert_03230,8077,0,,none
fresh_visobert_06292,8078,0,,none
fresh_visobert_10194,8079,0,,none
fresh_visobert_03552,8080,1,mocking|emotion,"mocking,emotion"
fresh_visobert_00367,8081,0,,none
fresh_visobert_07296,8082,0,,none
fresh_visobert_08945,8083,1,sarcasm,sarcasm
fresh_visobert_01316,8084,1,polarity,polarity
fresh_visobert_00063,8085,0,,none
fresh_visobert_06326,8086,1,emotion,emotion
fresh_visobert_07183,8087,1,idiom_figurative,idiom_figurative
fresh_visobert_08800,8088,1,code_switching|emotion,"code_switching,emotion"
fresh_visobert_04691,8089,1,code_switching,code_switching
fresh_visobert_03004,8090,0,,none
fresh_visobert_06548,8091,0,,none
fresh_visobert_08106,8092,1,polarity,polarity
fresh_visobert_00749,8093,0,,none
fresh_visobert_01009,8094,1,implicit_sentiment,implicit_sentiment
fresh_visobert_10520,8095,0,,none
fresh_visobert_02005,8096,0,,none
fresh_visobert_07811,8097,0,,none
fresh_visobert_00744,8098,0,,none
fresh_visobert_08740,8099,1,code_switching,code_switching
fresh_visobert_07807,8100,0,,none
fresh_visobert_11165,8101,0,,none
fresh_visobert_09119,8102,0,,none
fresh_visobert_00131,8103,0,,none
fresh_visobert_04477,8104,1,polarity|emotion,"polarity,emotion"
fresh_visobert_06239,8105,0,,none
fresh_visobert_08282,8106,0,,none
fresh_visobert_03141,8107,0,,none
fresh_visobert_02078,8108,0,,none
fresh_visobert_10275,8109,0,,none
fresh_visobert_10844,8110,0,,none
fresh_visobert_07168,8111,0,,none
fresh_visobert_01015,8112,0,,none
fresh_visobert_06815,8113,0,,none
fresh_visobert_06104,8114,1,code_switching,code_switching
fresh_visobert_06671,8115,0,,none
fresh_visobert_00007,8116,0,,none
fresh_visobert_04604,8117,0,,none
fresh_visobert_05911,8118,1,idiom_figurative,idiom_figurative
fresh_visobert_05928,8119,0,,none
fresh_visobert_11935,8120,1,mocking|emotion,"mocking,emotion"
fresh_visobert_10987,8121,0,,none
fresh_visobert_00737,8122,0,,none
fresh_visobert_06031,8123,1,code_switching,code_switching
fresh_visobert_03305,8124,0,,none
fresh_visobert_03204,8125,1,polarity,polarity
fresh_visobert_08989,8126,0,,none
fresh_visobert_09859,8127,0,,none
fresh_visobert_06805,8128,0,,none
fresh_visobert_03468,8129,1,idiom_figurative|polarity|emotion,"idiom_figurative,polarity,emotion"
fresh_visobert_02742,8130,1,idiom_figurative,idiom_figurative
fresh_visobert_10273,8131,0,,none
fresh_visobert_06072,8132,1,emotion,emotion
fresh_visobert_09061,8133,0,,none
fresh_visobert_09229,8134,0,,none
fresh_visobert_07611,8135,1,emotion,emotion
fresh_visobert_09828,8136,1,mocking|emotion,"mocking,emotion"
fresh_visobert_02119,8137,0,,none
fresh_visobert_09726,8138,0,,none
fresh_visobert_11351,8139,1,polarity|emotion,"polarity,emotion"
fresh_visobert_08221,8140,0,,none
fresh_visobert_04620,8141,1,mocking,mocking
fresh_visobert_08461,8142,0,,none
fresh_visobert_03275,8143,0,,none
fresh_visobert_05362,8144,0,,none
fresh_visobert_00295,8145,0,,none
fresh_visobert_08234,8146,0,,none
fresh_visobert_06861,8147,1,polarity|emotion,"polarity,emotion"
fresh_visobert_05259,8148,0,,none
fresh_visobert_08219,8149,1,polarity|emotion,"polarity,emotion"
fresh_visobert_08790,8150,0,,none
fresh_visobert_08699,8151,0,,none
fresh_visobert_03901,8152,0,,none
fresh_visobert_05127,8153,1,code_switching,code_switching
fresh_visobert_06080,8154,0,,none
fresh_visobert_08905,8155,0,,none
fresh_visobert_03778,8156,0,,none
fresh_visobert_07891,8157,1,code_switching,code_switching
fresh_visobert_05451,8158,0,,none
fresh_visobert_03087,8159,0,,none
fresh_visobert_02802,8160,0,,none
fresh_visobert_03849,8161,1,emotion,emotion
fresh_visobert_06562,8162,0,,none
fresh_visobert_01083,8163,0,,none
fresh_visobert_09447,8164,1,emotion,emotion
fresh_visobert_06740,8165,1,mocking|emotion,"mocking,emotion"
fresh_visobert_05539,8166,0,,none
fresh_visobert_00066,8167,0,,none
fresh_visobert_08233,8168,0,,none
fresh_visobert_07624,8169,0,,none
fresh_visobert_07711,8170,0,,none
fresh_visobert_08322,8171,0,,none
fresh_visobert_07978,8172,0,,sarcasm
fresh_visobert_06322,8173,1,mocking|emotion,"mocking,emotion"
fresh_visobert_08795,8174,0,,none
fresh_visobert_01643,8175,0,,none
fresh_visobert_11137,8176,0,,none
fresh_visobert_00871,8177,0,,none
fresh_visobert_09354,8178,0,,none
fresh_visobert_07690,8179,1,emotion,emotion
fresh_visobert_11211,8180,1,polarity|emotion,"polarity,emotion"
fresh_visobert_04848,8181,0,,none
fresh_visobert_02620,8182,1,polarity,polarity
fresh_visobert_03957,8183,0,,none
fresh_visobert_07523,8184,0,,none
fresh_visobert_03227,8185,0,,none
fresh_visobert_09792,8186,1,polarity,polarity
fresh_visobert_00904,8187,0,,none
fresh_visobert_08418,8188,0,,none
fresh_visobert_09652,8189,1,mocking|emotion,"mocking,emotion"
fresh_visobert_05525,8190,0,,none
fresh_visobert_11700,8191,0,,none
fresh_visobert_09698,8192,1,mocking|emotion,"mocking,emotion"
fresh_visobert_04599,8193,1,polarity,polarity
fresh_visobert_08404,8194,0,,none
fresh_visobert_00555,8195,0,,none
fresh_visobert_05425,8196,0,,none
fresh_visobert_05706,8197,1,polarity,polarity
fresh_visobert_08788,8198,1,code_switching,code_switching
fresh_visobert_02079,8199,0,,none
fresh_visobert_03889,8200,0,,none
fresh_visobert_07309,8201,1,mocking|emotion,"mocking,emotion"
fresh_visobert_04601,8202,0,,none
fresh_visobert_01776,8203,1,implicit_sentiment,implicit_sentiment
fresh_visobert_07895,8204,1,polarity,polarity
fresh_visobert_05940,8205,1,emotion,emotion
fresh_visobert_00003,8206,0,,none
fresh_visobert_11133,8207,0,,none
fresh_visobert_03612,8208,0,,none
fresh_visobert_11214,8209,1,sarcasm,sarcasm
fresh_visobert_09250,8210,0,,none
fresh_visobert_04364,8211,1,idiom_figurative,idiom_figurative
fresh_visobert_05179,8212,0,,none
fresh_visobert_10771,8213,0,,none
fresh_visobert_01780,8214,1,emotion,emotion
fresh_visobert_09903,8215,0,,none
fresh_visobert_06569,8216,0,,none
fresh_visobert_10750,8217,1,implicit_sentiment,implicit_sentiment
fresh_visobert_06833,8218,0,,none
fresh_visobert_10517,8219,1,code_switching|polarity|emotion,"code_switching,polarity,emotion"
fresh_visobert_11179,8220,1,polarity|emotion,"polarity,emotion"
fresh_visobert_04495,8221,1,emotion,emotion
fresh_visobert_02749,8222,1,polarity|emotion,"polarity,emotion"
fresh_visobert_05327,8223,0,,none
fresh_visobert_04326,8224,0,,none
fresh_visobert_08583,8225,1,mocking|emotion,"mocking,emotion"
fresh_visobert_03324,8226,0,,none
fresh_visobert_05800,8227,0,,none
fresh_visobert_09112,8228,1,emotion,emotion
fresh_visobert_07697,8229,0,,none
fresh_visobert_02719,8230,1,polarity,polarity
fresh_visobert_05503,8231,0,,none
fresh_visobert_04812,8232,1,idiom_figurative|emotion,"idiom_figurative,emotion"
fresh_visobert_08679,8233,0,,none
fresh_visobert_00068,8234,0,,sarcasm
fresh_visobert_02836,8235,0,,none
fresh_visobert_07158,8236,1,idiom_figurative|emotion,"idiom_figurative,emotion"
fresh_visobert_03431,8237,1,idiom_figurative,idiom_figurative
fresh_visobert_07433,8238,1,emotion,emotion
fresh_visobert_10890,8239,0,,none
fresh_visobert_01698,8240,0,,none
fresh_visobert_11568,8241,0,,none
fresh_visobert_04205,8242,0,,none
fresh_visobert_06000,8243,0,,none
fresh_visobert_05275,8244,1,implicit_sentiment|emotion,"implicit_sentiment,emotion"
fresh_visobert_01735,8245,0,,none
fresh_visobert_04034,8246,0,,none
fresh_visobert_10597,8247,0,,none
fresh_visobert_02341,8248,0,,none
fresh_visobert_08261,8249,1,implicit_sentiment|polarity|emotion,"implicit_sentiment,polarity,emotion"
fresh_visobert_07747,8250,1,sarcasm,sarcasm
fresh_visobert_00812,8251,0,,none
fresh_visobert_00410,8252,0,,none
fresh_visobert_09922,8253,0,,none
fresh_visobert_09452,8254,1,implicit_sentiment,implicit_sentiment
fresh_visobert_07118,8255,0,,none
fresh_visobert_08295,8256,1,emotion,emotion
fresh_visobert_09925,8257,1,polarity,polarity
fresh_visobert_08435,8258,0,,none
fresh_visobert_01517,8259,1,polarity,polarity
fresh_visobert_01714,8260,0,,none
fresh_visobert_08368,8261,0,,none
fresh_visobert_02435,8262,1,idiom_figurative,idiom_figurative
fresh_visobert_02960,8263,1,polarity|emotion,"polarity,emotion"
fresh_visobert_09562,8264,1,implicit_sentiment|sarcasm|mocking|emotion,"implicit_sentiment,sarcasm,mocking,emotion"
fresh_visobert_06393,8265,0,,none
fresh_visobert_05360,8266,0,,none
fresh_visobert_06786,8267,1,idiom_figurative,idiom_figurative
fresh_visobert_04765,8268,0,,none
fresh_visobert_02441,8269,0,,none
fresh_visobert_08504,8270,0,,none
fresh_visobert_08606,8271,0,,none
fresh_visobert_05319,8272,1,code_switching,code_switching
fresh_visobert_04308,8273,0,,none
fresh_visobert_09991,8274,0,,none
fresh_visobert_08090,8275,0,,none
fresh_visobert_02431,8276,1,emotion,emotion
fresh_visobert_07045,8277,1,code_switching,code_switching
fresh_visobert_06307,8278,1,emotion,emotion
fresh_visobert_05445,8279,0,,none
fresh_visobert_03634,8280,0,,none
fresh_visobert_07583,8281,0,,none
fresh_visobert_06453,8282,0,,none
fresh_visobert_06128,8283,0,,none
fresh_visobert_01676,8284,0,,none
fresh_visobert_04131,8285,0,,none
fresh_visobert_02577,8286,0,,none
fresh_visobert_03144,8287,1,emotion,emotion
fresh_visobert_02777,8288,0,,none
fresh_visobert_04249,8289,1,emotion,emotion
fresh_visobert_01335,8290,1,emotion,emotion
fresh_visobert_03051,8291,0,,none
fresh_visobert_09472,8292,1,emotion,emotion
fresh_visobert_01727,8293,0,,none
fresh_visobert_04465,8294,1,code_switching|polarity|emotion,"code_switching,polarity,emotion"
fresh_visobert_09919,8295,0,,none
fresh_visobert_04033,8296,0,,none
fresh_visobert_07752,8297,0,,none
fresh_visobert_07213,8298,1,emotion,emotion
fresh_visobert_09550,8299,1,mocking|emotion,"mocking,emotion"
fresh_visobert_07739,8300,0,,none
fresh_visobert_11579,8301,1,code_switching,code_switching
fresh_visobert_11176,8302,0,,none
fresh_visobert_11487,8303,0,,none
fresh_visobert_03984,8304,1,implicit_sentiment,implicit_sentiment
fresh_visobert_03268,8305,0,,none
fresh_visobert_10900,8306,0,,none
fresh_visobert_00664,8307,0,,none
fresh_visobert_10342,8308,0,,none
fresh_visobert_09899,8309,1,code_switching,code_switching
fresh_visobert_02295,8310,0,,none
fresh_visobert_00905,8311,1,code_switching,code_switching
fresh_visobert_04117,8312,0,,none
fresh_visobert_08691,8313,1,sarcasm|idiom_figurative|polarity|emotion,"sarcasm,idiom_figurative,polarity,emotion"
fresh_visobert_07293,8314,0,,none
fresh_visobert_08976,8315,0,,none
fresh_visobert_06543,8316,0,,none
fresh_visobert_02718,8317,0,,none
fresh_visobert_07315,8318,0,,none
fresh_visobert_03970,8319,0,,none
fresh_visobert_09064,8320,0,,none
fresh_visobert_09063,8321,0,,none
fresh_visobert_05163,8322,1,idiom_figurative|emotion,"idiom_figurative,emotion"
fresh_visobert_08717,8323,1,sarcasm,none
fresh_visobert_06859,8324,0,,none
fresh_visobert_02916,8325,1,implicit_sentiment|mocking|emotion,"implicit_sentiment,mocking,emotion"
fresh_visobert_06102,8326,1,idiom_figurative,idiom_figurative
fresh_visobert_11772,8327,0,,none
fresh_visobert_08664,8328,0,,none
fresh_visobert_04067,8329,1,implicit_sentiment|polarity|emotion,"implicit_sentiment,polarity,emotion"
fresh_visobert_07314,8330,0,,none
fresh_visobert_10857,8331,0,,none
fresh_visobert_05721,8332,1,sarcasm,sarcasm
fresh_visobert_01689,8333,0,,none
fresh_visobert_08111,8334,0,,none
fresh_visobert_02646,8335,0,,none
fresh_visobert_04751,8336,1,polarity,polarity
fresh_visobert_08310,8337,1,idiom_figurative|emotion,"idiom_figurative,emotion"
fresh_visobert_07947,8338,0,,none
fresh_visobert_02850,8339,0,,none
fresh_visobert_08038,8340,0,,none
fresh_visobert_02800,8341,1,code_switching,code_switching
fresh_visobert_05662,8342,1,code_switching,code_switching
fresh_visobert_10110,8343,0,,none
fresh_visobert_07177,8344,0,,none
fresh_visobert_05015,8345,0,,none
fresh_visobert_01449,8346,0,,none
fresh_visobert_11588,8347,0,,none
fresh_visobert_03113,8348,0,,none
fresh_visobert_05523,8349,0,,none
fresh_visobert_06130,8350,1,sarcasm|polarity|emotion,"polarity,emotion"
fresh_visobert_01057,8351,0,,none
fresh_visobert_09031,8352,0,,none
fresh_visobert_01529,8353,0,,none
fresh_visobert_07733,8354,0,,none
fresh_visobert_04104,8355,1,emotion,emotion
fresh_visobert_05840,8356,0,,none
fresh_visobert_10564,8357,0,,none
fresh_visobert_02510,8358,0,,none
fresh_visobert_00093,8359,0,,none
fresh_visobert_08175,8360,1,emotion,emotion
fresh_visobert_03412,8361,0,,none
fresh_visobert_04047,8362,0,,none
fresh_visobert_09560,8363,0,,none
fresh_visobert_04990,8364,0,,none
fresh_visobert_03435,8365,1,polarity,polarity
fresh_visobert_02748,8366,0,,none
fresh_visobert_07758,8367,1,emotion,emotion
fresh_visobert_00795,8368,0,,none
fresh_visobert_04881,8369,0,,none
fresh_visobert_03569,8370,0,,none
fresh_visobert_01326,8371,1,polarity,polarity
fresh_visobert_11421,8372,0,,none
fresh_visobert_05501,8373,0,,none
fresh_visobert_00259,8374,1,code_switching,code_switching
fresh_visobert_07120,8375,0,,none
fresh_visobert_02052,8376,0,,none
fresh_visobert_01563,8377,1,emotion,emotion
fresh_visobert_03785,8378,1,polarity|emotion,"polarity,emotion"
fresh_visobert_10387,8379,0,,none
fresh_visobert_02795,8380,0,,none
fresh_visobert_07288,8381,0,,none
fresh_visobert_03281,8382,0,,none
fresh_visobert_01074,8383,0,,none
fresh_visobert_02247,8384,1,polarity,polarity
fresh_visobert_02269,8385,1,mocking|emotion,"mocking,emotion"
fresh_visobert_01242,8386,1,polarity|emotion,"polarity,emotion"
fresh_visobert_06795,8387,0,,none
fresh_visobert_02325,8388,1,idiom_figurative,"idiom_figurative,sarcasm"
fresh_visobert_02779,8389,1,mocking,mocking
fresh_visobert_01101,8390,0,,none
fresh_visobert_07536,8391,0,,none
fresh_visobert_09989,8392,1,code_switching,code_switching
fresh_visobert_00604,8393,1,polarity,polarity
fresh_visobert_05270,8394,0,,none
fresh_visobert_03481,8395,1,polarity,polarity
fresh_visobert_00060,8396,0,,none
fresh_visobert_02740,8397,0,,none
fresh_visobert_09874,8398,0,,none
fresh_visobert_06327,8399,1,code_switching|mocking,"code_switching,mocking"
fresh_visobert_07713,8400,1,emotion,emotion
fresh_visobert_01701,8401,0,,none
fresh_visobert_10546,8402,1,idiom_figurative|emotion,"idiom_figurative,emotion"
fresh_visobert_05246,8403,1,mocking,mocking
fresh_visobert_11499,8404,0,,none
fresh_visobert_05095,8405,0,,none
fresh_visobert_09373,8406,1,emotion,emotion
fresh_visobert_04199,8407,0,,none
fresh_visobert_03086,8408,0,,none
fresh_visobert_08141,8409,0,,none
fresh_visobert_06146,8410,0,,none
fresh_visobert_02545,8411,0,,none
fresh_visobert_04680,8412,1,implicit_sentiment,implicit_sentiment
fresh_visobert_01377,8413,0,,none
fresh_visobert_06632,8414,0,,none
fresh_visobert_01870,8415,0,,none
fresh_visobert_00173,8416,0,,none
fresh_visobert_05999,8417,0,,none
fresh_visobert_10359,8418,0,,none
fresh_visobert_02354,8419,0,,none
fresh_visobert_10442,8420,0,,none
fresh_visobert_01365,8421,0,,none
fresh_visobert_04840,8422,0,,none
fresh_visobert_11284,8423,1,emotion,emotion
fresh_visobert_07741,8424,0,,none
fresh_visobert_09157,8425,0,,none
fresh_visobert_02654,8426,0,,none
fresh_visobert_09753,8427,1,emotion,emotion
fresh_visobert_05820,8428,1,mocking|emotion,"mocking,emotion"
fresh_visobert_05091,8429,0,,none
fresh_visobert_06701,8430,0,,none
fresh_visobert_08650,8431,1,polarity|emotion,"polarity,emotion"
fresh_visobert_09238,8432,0,,none
fresh_visobert_06210,8433,0,,none
fresh_visobert_07996,8434,1,sarcasm|code_switching,code_switching
fresh_visobert_11156,8435,1,implicit_sentiment,implicit_sentiment
fresh_visobert_05383,8436,0,,none
fresh_visobert_10080,8437,0,,none
fresh_visobert_00418,8438,0,,none
fresh_visobert_01872,8439,0,,none
fresh_visobert_05977,8440,0,,none
fresh_visobert_05075,8441,1,polarity|emotion,"polarity,emotion"
fresh_visobert_00987,8442,0,,none
fresh_visobert_02251,8443,1,code_switching,code_switching
fresh_visobert_00966,8444,0,,none
fresh_visobert_06096,8445,0,,none
fresh_visobert_03641,8446,0,,none
fresh_visobert_03924,8447,0,,none
fresh_visobert_10830,8448,1,emotion,emotion
fresh_visobert_09231,8449,0,,none
fresh_visobert_00652,8450,0,,none
fresh_visobert_11469,8451,0,,none
fresh_visobert_10764,8452,0,,none
fresh_visobert_03368,8453,1,emotion,emotion
fresh_visobert_07504,8454,0,,none
fresh_visobert_00763,8455,1,mocking|emotion,"mocking,emotion"
fresh_visobert_04208,8456,1,emotion,emotion
fresh_visobert_00475,8457,0,,none
fresh_visobert_04360,8458,1,polarity,polarity
fresh_visobert_05097,8459,1,mocking,mocking
fresh_visobert_06479,8460,0,,none
fresh_visobert_00272,8461,0,,none
fresh_visobert_02152,8462,0,,none
fresh_visobert_10625,8463,0,,none
fresh_visobert_04866,8464,0,,none
fresh_visobert_07063,8465,0,,none
fresh_visobert_11809,8466,1,mocking|emotion,"mocking,emotion"
fresh_visobert_04701,8467,0,,none
fresh_visobert_11300,8468,0,,none
fresh_visobert_03490,8469,0,,none
fresh_visobert_08551,8470,0,,sarcasm
fresh_visobert_09249,8471,0,,none
fresh_visobert_09842,8472,1,mocking|emotion,"mocking,emotion"
fresh_visobert_06759,8473,0,,none
fresh_visobert_08746,8474,0,,none
fresh_visobert_07228,8475,0,,none
fresh_visobert_04210,8476,0,,none
fresh_visobert_09551,8477,0,,none
fresh_visobert_07342,8478,0,,none
fresh_visobert_05943,8479,1,mocking|polarity,"mocking,polarity"
fresh_visobert_11102,8480,0,,none
fresh_visobert_11237,8481,1,idiom_figurative,"idiom_figurative,sarcasm"
fresh_visobert_08330,8482,0,,none
fresh_visobert_05370,8483,1,mocking|emotion,"mocking,emotion"
fresh_visobert_04578,8484,0,,none
fresh_visobert_04648,8485,0,,none
fresh_visobert_03013,8486,1,idiom_figurative,idiom_figurative
fresh_visobert_05307,8487,1,emotion,emotion
fresh_visobert_03930,8488,0,,none
fresh_visobert_03093,8489,0,,none
fresh_visobert_05597,8490,1,code_switching,code_switching
fresh_visobert_10284,8491,0,,none
fresh_visobert_09929,8492,0,,none
fresh_visobert_02691,8493,1,mocking,mocking
fresh_visobert_00861,8494,0,,none
fresh_visobert_07116,8495,0,,none
fresh_visobert_09605,8496,0,,none
fresh_visobert_05869,8497,0,,none
fresh_visobert_09643,8498,0,,none
fresh_visobert_09704,8499,0,,none
fresh_visobert_08992,8500,0,,none
fresh_visobert_09441,8501,0,,none
fresh_visobert_10200,8502,0,,none
fresh_visobert_03056,8503,0,,none
fresh_visobert_06853,8504,0,,none
fresh_visobert_07520,8505,1,implicit_sentiment,implicit_sentiment
fresh_visobert_01644,8506,1,mocking,mocking
fresh_visobert_05211,8507,1,polarity|emotion,"polarity,emotion"
fresh_visobert_07075,8508,0,,none
fresh_visobert_10581,8509,1,polarity,polarity
fresh_visobert_09458,8510,0,,none
fresh_visobert_01857,8511,0,,none
fresh_visobert_07905,8512,1,emotion,emotion
fresh_visobert_07415,8513,0,,none
fresh_visobert_07842,8514,0,,none
fresh_visobert_04757,8515,0,,none
fresh_visobert_09246,8516,0,,none
fresh_visobert_07040,8517,0,,none
fresh_visobert_07238,8518,0,,none
fresh_visobert_02339,8519,1,implicit_sentiment|idiom_figurative,"implicit_sentiment,idiom_figurative"
fresh_visobert_07594,8520,1,emotion,emotion
fresh_visobert_00330,8521,1,idiom_figurative|emotion,"idiom_figurative,emotion"
fresh_visobert_09183,8522,0,,none
fresh_visobert_02733,8523,0,,none
fresh_visobert_07333,8524,1,polarity|emotion,"polarity,emotion"
fresh_visobert_08285,8525,0,,none
fresh_visobert_06825,8526,0,,none
fresh_visobert_04394,8527,0,,none
fresh_visobert_03014,8528,0,,none
fresh_visobert_05382,8529,0,,none
fresh_visobert_00424,8530,1,emotion,emotion
fresh_visobert_06561,8531,1,mocking,mocking
fresh_visobert_11412,8532,0,,sarcasm
fresh_visobert_10303,8533,1,emotion,emotion
fresh_visobert_07229,8534,0,,none
fresh_visobert_11688,8535,0,,none
fresh_visobert_03429,8536,1,idiom_figurative,idiom_figurative
fresh_visobert_06436,8537,0,,none
fresh_visobert_01849,8538,0,,none
fresh_visobert_07292,8539,0,,none
fresh_visobert_07223,8540,0,,none
fresh_visobert_03873,8541,1,idiom_figurative,idiom_figurative
fresh_visobert_05900,8542,0,,none
fresh_visobert_04038,8543,0,,none
fresh_visobert_04489,8544,1,idiom_figurative|code_switching,"idiom_figurative,code_switching"
fresh_visobert_03366,8545,0,,none
fresh_visobert_09580,8546,1,emotion,emotion
fresh_visobert_04911,8547,0,,none
fresh_visobert_07144,8548,0,,none
fresh_visobert_10399,8549,0,,none
fresh_visobert_01301,8550,0,,none
fresh_visobert_05988,8551,1,polarity|emotion,"polarity,emotion"
fresh_visobert_07920,8552,0,,none
fresh_visobert_03320,8553,1,code_switching,code_switching
fresh_visobert_11430,8554,1,mocking|emotion,"mocking,emotion"
fresh_visobert_11600,8555,0,,none
fresh_visobert_07880,8556,0,,none
fresh_visobert_04901,8557,0,,none
fresh_visobert_07718,8558,0,,none
fresh_visobert_07138,8559,1,idiom_figurative,idiom_figurative
fresh_visobert_11865,8560,0,,none
fresh_visobert_07677,8561,0,,none
fresh_visobert_02315,8562,1,polarity|emotion,"polarity,emotion"
fresh_visobert_03936,8563,0,,none
fresh_visobert_02938,8564,0,,none
fresh_visobert_08309,8565,1,sarcasm|polarity,polarity
fresh_visobert_06235,8566,0,,none
fresh_visobert_10025,8567,1,mocking|emotion,"mocking,emotion"
fresh_visobert_02101,8568,1,idiom_figurative|emotion,"idiom_figurative,emotion"
fresh_visobert_10753,8569,0,,none
fresh_visobert_04374,8570,0,,none
fresh_visobert_05025,8571,1,emotion,emotion
fresh_visobert_04761,8572,0,,none
fresh_visobert_02006,8573,0,,none
fresh_visobert_02459,8574,1,code_switching,code_switching
fresh_visobert_01859,8575,0,,none
fresh_visobert_08500,8576,0,,none
fresh_visobert_10689,8577,0,,none
fresh_visobert_02689,8578,0,,none
fresh_visobert_01818,8579,0,,none
fresh_visobert_05667,8580,1,emotion,emotion
fresh_visobert_06575,8581,1,emotion,emotion
fresh_visobert_10913,8582,0,,none
fresh_visobert_09552,8583,0,,none
fresh_visobert_07513,8584,0,,none
fresh_visobert_03576,8585,1,implicit_sentiment,implicit_sentiment
fresh_visobert_09020,8586,0,,none
fresh_visobert_04043,8587,0,,none
fresh_visobert_05883,8588,0,,sarcasm
fresh_visobert_08486,8589,1,code_switching,code_switching
fresh_visobert_01637,8590,0,,none
fresh_visobert_02536,8591,0,,none
fresh_visobert_10475,8592,0,,none
fresh_visobert_06182,8593,0,,none
fresh_visobert_11035,8594,0,,none
fresh_visobert_09113,8595,0,,none
fresh_visobert_06204,8596,1,emotion,emotion
fresh_visobert_08572,8597,0,,none
fresh_visobert_06073,8598,0,,none
fresh_visobert_11224,8599,0,,none
fresh_visobert_02732,8600,0,,none
fresh_visobert_06412,8601,0,,none
fresh_visobert_10575,8602,0,,none
fresh_visobert_09243,8603,0,,none
fresh_visobert_02567,8604,0,,none
fresh_visobert_04975,8605,0,,none
fresh_visobert_02080,8606,0,,none
fresh_visobert_08280,8607,0,,none
fresh_visobert_01839,8608,0,,none
fresh_visobert_04389,8609,0,,none
fresh_visobert_07806,8610,1,code_switching,code_switching
fresh_visobert_08801,8611,0,,none
fresh_visobert_04976,8612,0,,none
fresh_visobert_00799,8613,0,,none
fresh_visobert_05515,8614,0,,none
fresh_visobert_00500,8615,1,polarity,polarity
fresh_visobert_10741,8616,1,idiom_figurative,idiom_figurative
fresh_visobert_11246,8617,0,,none
fresh_visobert_04007,8618,1,code_switching,code_switching
fresh_visobert_11850,8619,0,,none
fresh_visobert_00779,8620,0,,none
fresh_visobert_11322,8621,0,,none
fresh_visobert_05014,8622,1,code_switching|emotion,"code_switching,emotion"
fresh_visobert_09487,8623,1,mocking|emotion,"mocking,emotion"
fresh_visobert_00601,8624,1,mocking|polarity|emotion,"mocking,polarity,emotion"
fresh_visobert_02121,8625,0,,none
fresh_visobert_03250,8626,0,,none
fresh_visobert_11511,8627,0,,none
fresh_visobert_11624,8628,1,mocking,mocking
fresh_visobert_02477,8629,1,code_switching,code_switching
fresh_visobert_11862,8630,0,,none
fresh_visobert_05894,8631,0,,none
fresh_visobert_05290,8632,0,,none
fresh_visobert_11969,8633,0,,none
fresh_visobert_05923,8634,0,,none
fresh_visobert_00638,8635,0,,none
fresh_visobert_11459,8636,0,,none
fresh_visobert_08866,8637,0,,none
fresh_visobert_07740,8638,0,,none
fresh_visobert_01391,8639,0,,none
fresh_visobert_01720,8640,1,code_switching,code_switching
fresh_visobert_11705,8641,0,,none
fresh_visobert_01462,8642,0,,none
fresh_visobert_11533,8643,0,,none
fresh_visobert_10681,8644,0,,none
fresh_visobert_06690,8645,1,polarity|emotion,"polarity,emotion"
fresh_visobert_04660,8646,0,,none
fresh_visobert_10918,8647,1,sarcasm,none
fresh_visobert_05033,8648,1,polarity|emotion,"polarity,emotion"
fresh_visobert_02186,8649,0,,none
fresh_visobert_01569,8650,0,,none
fresh_visobert_11410,8651,0,,none
fresh_visobert_02827,8652,0,,none
fresh_visobert_05735,8653,0,,none
fresh_visobert_05485,8654,0,,none
fresh_visobert_10034,8655,1,polarity|emotion,"polarity,emotion"
fresh_visobert_10842,8656,0,,none
fresh_visobert_10132,8657,0,,none
fresh_visobert_08617,8658,1,mocking,mocking
fresh_visobert_08272,8659,0,,none
fresh_visobert_08464,8660,0,,none
fresh_visobert_01538,8661,0,,none
fresh_visobert_10850,8662,0,,none
fresh_visobert_07567,8663,0,,none
fresh_visobert_06250,8664,0,,none
fresh_visobert_11840,8665,0,,none
fresh_visobert_09690,8666,0,,none
fresh_visobert_02379,8667,0,,none
fresh_visobert_03403,8668,1,code_switching|polarity|emotion,"code_switching,polarity,emotion"
fresh_visobert_05203,8669,0,,none
fresh_visobert_01426,8670,0,,none
fresh_visobert_07873,8671,1,idiom_figurative|emotion,"idiom_figurative,emotion"
fresh_visobert_02681,8672,0,,none
fresh_visobert_00623,8673,1,implicit_sentiment,implicit_sentiment
fresh_visobert_00314,8674,1,mocking|emotion,"mocking,emotion"
fresh_visobert_10806,8675,0,,none
fresh_visobert_02166,8676,1,emotion,emotion
fresh_visobert_10222,8677,0,,none
fresh_visobert_04159,8678,0,,none
fresh_visobert_06611,8679,0,,none
fresh_visobert_07831,8680,0,,none
fresh_visobert_08763,8681,0,,none
fresh_visobert_01280,8682,0,,none
fresh_visobert_02183,8683,0,,none
fresh_visobert_11424,8684,0,,none
fresh_visobert_04424,8685,0,,none
fresh_visobert_07856,8686,0,,none
fresh_visobert_04312,8687,1,mocking|emotion,"mocking,emotion"
fresh_visobert_08343,8688,0,,none
fresh_visobert_00052,8689,1,code_switching,code_switching
fresh_visobert_08495,8690,0,,none
fresh_visobert_00301,8691,0,,none
fresh_visobert_09312,8692,1,mocking,mocking
fresh_visobert_08860,8693,0,,none
fresh_visobert_03593,8694,0,,none
fresh_visobert_11661,8695,0,,none
fresh_visobert_07600,8696,0,,none
fresh_visobert_07574,8697,1,code_switching,code_switching
fresh_visobert_09627,8698,1,polarity,polarity
fresh_visobert_11473,8699,0,,none
fresh_visobert_10864,8700,0,,none
fresh_visobert_07765,8701,0,,none
fresh_visobert_04300,8702,1,code_switching,code_switching
fresh_visobert_08939,8703,1,code_switching,code_switching
fresh_visobert_04488,8704,0,,none
fresh_visobert_07189,8705,1,code_switching|mocking,"code_switching,mocking"
fresh_visobert_00166,8706,0,,none
fresh_visobert_09733,8707,1,emotion,emotion
fresh_visobert_09306,8708,1,polarity,polarity
fresh_visobert_06140,8709,0,,none
fresh_visobert_07959,8710,1,mocking|emotion,"mocking,emotion"
fresh_visobert_03955,8711,1,polarity|emotion,"polarity,emotion"
fresh_visobert_09110,8712,1,mocking,mocking
fresh_visobert_04545,8713,0,,none
fresh_visobert_10728,8714,0,,none
fresh_visobert_03545,8715,1,idiom_figurative|polarity,"idiom_figurative,polarity"
fresh_visobert_08954,8716,0,,none
fresh_visobert_05743,8717,1,emotion,emotion
fresh_visobert_11234,8718,0,,none
fresh_visobert_08270,8719,1,polarity,polarity
fresh_visobert_02695,8720,1,emotion,emotion
fresh_visobert_04506,8721,0,,none
fresh_visobert_04898,8722,0,,none
fresh_visobert_10044,8723,0,,none
fresh_visobert_02062,8724,1,code_switching,code_switching
fresh_visobert_07495,8725,0,,none
fresh_visobert_03790,8726,0,,none
fresh_visobert_06247,8727,1,mocking|polarity,"mocking,polarity"
fresh_visobert_11852,8728,0,,none
fresh_visobert_03103,8729,0,,none
fresh_visobert_03559,8730,0,,none
fresh_visobert_08118,8731,1,polarity,polarity
fresh_visobert_01933,8732,0,,none
fresh_visobert_11475,8733,1,emotion,emotion
fresh_visobert_11820,8734,0,,none
fresh_visobert_06337,8735,1,emotion,emotion
fresh_visobert_09749,8736,1,mocking|emotion,"mocking,emotion"
fresh_visobert_11480,8737,0,,none
fresh_visobert_02161,8738,1,code_switching|emotion,"code_switching,emotion"
fresh_visobert_02841,8739,0,,none
fresh_visobert_09252,8740,0,,none
fresh_visobert_08180,8741,0,,none
fresh_visobert_00113,8742,0,,none
fresh_visobert_09154,8743,0,,none
fresh_visobert_02074,8744,0,,none
fresh_visobert_01082,8745,0,,none
fresh_visobert_08830,8746,0,,none
fresh_visobert_03058,8747,0,,none
fresh_visobert_01327,8748,0,,none
fresh_visobert_00518,8749,1,code_switching|emotion,"code_switching,emotion"
fresh_visobert_05348,8750,1,polarity,polarity
fresh_visobert_10536,8751,1,emotion,emotion
fresh_visobert_10543,8752,0,,none
fresh_visobert_07657,8753,0,,none
fresh_visobert_10167,8754,0,,none
fresh_visobert_08101,8755,0,,none
fresh_visobert_01629,8756,0,,none
fresh_visobert_01852,8757,0,,none
fresh_visobert_06007,8758,0,,none
fresh_visobert_11124,8759,1,mocking|emotion,"mocking,emotion"
fresh_visobert_01516,8760,0,,none
fresh_visobert_06704,8761,0,,none
fresh_visobert_01948,8762,0,,none
fresh_visobert_05115,8763,0,,none
fresh_visobert_07422,8764,0,,none
fresh_visobert_08151,8765,0,,none
fresh_visobert_06305,8766,0,,none
fresh_visobert_06203,8767,1,polarity|emotion,"polarity,emotion"
fresh_visobert_11278,8768,1,polarity,polarity
fresh_visobert_03484,8769,1,emotion,emotion
fresh_visobert_11372,8770,0,,none
fresh_visobert_04641,8771,0,,none
fresh_visobert_10276,8772,0,,none
fresh_visobert_10413,8773,1,code_switching,code_switching
fresh_visobert_07165,8774,0,,none
fresh_visobert_03920,8775,0,,none
fresh_visobert_11052,8776,0,,none
fresh_visobert_04109,8777,0,,none
fresh_visobert_07428,8778,1,polarity,polarity
fresh_visobert_00398,8779,1,emotion,emotion
fresh_visobert_06684,8780,1,sarcasm,sarcasm
fresh_visobert_02828,8781,0,,none
fresh_visobert_04515,8782,0,,none
fresh_visobert_02271,8783,0,,none
fresh_visobert_03317,8784,0,,none
fresh_visobert_00174,8785,0,,none
fresh_visobert_01892,8786,0,,none
fresh_visobert_09878,8787,0,,none
fresh_visobert_10885,8788,0,,none
fresh_visobert_09608,8789,0,,none
fresh_visobert_05762,8790,0,,none
fresh_visobert_08225,8791,1,sarcasm|code_switching|polarity,"sarcasm,code_switching,polarity"
fresh_visobert_06286,8792,1,emotion,emotion
fresh_visobert_00422,8793,0,,none
fresh_visobert_10927,8794,1,implicit_sentiment|polarity|emotion,"implicit_sentiment,polarity,emotion"
fresh_visobert_09005,8795,0,,sarcasm
fresh_visobert_09095,8796,0,,none
fresh_visobert_00671,8797,0,,none
fresh_visobert_06167,8798,0,,none
fresh_visobert_07020,8799,0,,none
fresh_visobert_00375,8800,0,,none
fresh_visobert_09135,8801,1,implicit_sentiment,implicit_sentiment
fresh_visobert_10866,8802,0,,none
fresh_visobert_00847,8803,1,code_switching,code_switching
fresh_visobert_03325,8804,1,idiom_figurative|mocking|emotion,"idiom_figurative,mocking,emotion"
fresh_visobert_04517,8805,0,,none
fresh_visobert_05272,8806,0,,none
fresh_visobert_09242,8807,1,code_switching,code_switching
fresh_visobert_05102,8808,0,,none
fresh_visobert_05475,8809,0,,none
fresh_visobert_00470,8810,1,mocking,mocking
fresh_visobert_10678,8811,1,emotion,emotion
fresh_visobert_02400,8812,1,code_switching|emotion,"code_switching,emotion"
fresh_visobert_08374,8813,0,,none
fresh_visobert_08217,8814,0,,none
fresh_visobert_10537,8815,0,,none
fresh_visobert_02420,8816,0,,none
fresh_visobert_01515,8817,0,,none
fresh_visobert_03562,8818,1,code_switching,code_switching
fresh_visobert_07312,8819,0,,none
fresh_visobert_01903,8820,0,,none
fresh_visobert_08050,8821,1,polarity,"polarity,sarcasm"
fresh_visobert_09870,8822,1,emotion,emotion
fresh_visobert_03821,8823,0,,none
fresh_visobert_01345,8824,1,implicit_sentiment|polarity|emotion,"implicit_sentiment,polarity,emotion"
fresh_visobert_05205,8825,0,,none
fresh_visobert_11722,8826,0,,none
fresh_visobert_06471,8827,0,,none
fresh_visobert_08675,8828,1,emotion,emotion
fresh_visobert_04867,8829,0,,none
fresh_visobert_03867,8830,0,,none
fresh_visobert_06969,8831,0,,none
fresh_visobert_10469,8832,0,,none
fresh_visobert_03652,8833,1,emotion,emotion
fresh_visobert_07000,8834,1,emotion,emotion
fresh_visobert_09738,8835,0,,none
fresh_visobert_06754,8836,0,,none
fresh_visobert_04421,8837,0,,none
fresh_visobert_03533,8838,1,emotion,emotion
fresh_visobert_10780,8839,0,,none
fresh_visobert_07672,8840,0,,none
fresh_visobert_04759,8841,0,,none
fresh_visobert_03115,8842,1,idiom_figurative|emotion,"idiom_figurative,emotion"
fresh_visobert_06929,8843,0,,none
fresh_visobert_07024,8844,0,,none
fresh_visobert_09489,8845,0,,none
fresh_visobert_02399,8846,0,,none
fresh_visobert_04447,8847,0,,none
fresh_visobert_00155,8848,0,,none
fresh_visobert_07363,8849,1,emotion,emotion
fresh_visobert_05267,8850,0,,none
fresh_visobert_05397,8851,1,emotion,emotion
fresh_visobert_07473,8852,0,,none
fresh_visobert_02272,8853,0,,none
fresh_visobert_11481,8854,0,,none
fresh_visobert_06243,8855,1,emotion,emotion
fresh_visobert_07135,8856,0,,none
fresh_visobert_04970,8857,0,,none
fresh_visobert_07262,8858,1,emotion,emotion
fresh_visobert_07098,8859,0,,none
fresh_visobert_07824,8860,0,,none
fresh_visobert_05339,8861,0,,none
fresh_visobert_08806,8862,0,,none
fresh_visobert_09021,8863,0,,none
fresh_visobert_01774,8864,1,code_switching,code_switching
fresh_visobert_02363,8865,0,,none
fresh_visobert_01240,8866,1,code_switching,code_switching
fresh_visobert_03937,8867,1,sarcasm,sarcasm
fresh_visobert_07960,8868,1,idiom_figurative,idiom_figurative
fresh_visobert_07974,8869,0,,none
fresh_visobert_01056,8870,0,,none
fresh_visobert_02164,8871,0,,none
fresh_visobert_05960,8872,0,,none
fresh_visobert_02876,8873,1,idiom_figurative,idiom_figurative
fresh_visobert_08238,8874,0,,none
fresh_visobert_08818,8875,0,,none
fresh_visobert_08160,8876,0,,none
fresh_visobert_05793,8877,1,mocking|emotion,"mocking,emotion"
fresh_visobert_05692,8878,0,,none
fresh_visobert_00352,8879,1,emotion,emotion
fresh_visobert_05799,8880,0,,none
fresh_visobert_02304,8881,0,,none
fresh_visobert_00312,8882,1,polarity|emotion,"polarity,emotion"
fresh_visobert_10302,8883,1,polarity,polarity
fresh_visobert_11875,8884,0,,none
fresh_visobert_10981,8885,0,,none
fresh_visobert_04469,8886,0,,none
fresh_visobert_08941,8887,0,,none
fresh_visobert_04728,8888,0,,none
fresh_visobert_00463,8889,0,,none
fresh_visobert_00458,8890,1,emotion,emotion
fresh_visobert_05625,8891,0,,none
fresh_visobert_07734,8892,1,code_switching,code_switching
fresh_visobert_04279,8893,0,,none
fresh_visobert_09423,8894,0,,none
fresh_visobert_10205,8895,0,,none
fresh_visobert_00012,8896,1,code_switching,code_switching
fresh_visobert_10538,8897,1,mocking,mocking
fresh_visobert_10465,8898,0,,none
fresh_visobert_09295,8899,1,emotion,emotion
fresh_visobert_06686,8900,1,emotion,emotion
fresh_visobert_05682,8901,0,,none
fresh_visobert_06316,8902,1,emotion,emotion
fresh_visobert_09451,8903,0,,none
fresh_visobert_07454,8904,0,,none
fresh_visobert_09960,8905,1,polarity|emotion,"polarity,emotion"
fresh_visobert_00665,8906,0,,none
fresh_visobert_07441,8907,0,,none
fresh_visobert_02372,8908,0,,none
fresh_visobert_00641,8909,0,,none
fresh_visobert_08799,8910,0,,none
fresh_visobert_06160,8911,1,code_switching|polarity|emotion,"code_switching,polarity,emotion"
fresh_visobert_03310,8912,1,idiom_figurative,idiom_figurative
fresh_visobert_01392,8913,0,,none
fresh_visobert_04162,8914,0,,none
fresh_visobert_11101,8915,0,,none
fresh_visobert_01485,8916,0,,none
fresh_visobert_11216,8917,0,,none
fresh_visobert_00897,8918,1,polarity,polarity
fresh_visobert_09614,8919,0,,none
fresh_visobert_06432,8920,0,,none
fresh_visobert_04955,8921,1,polarity,polarity
fresh_visobert_10811,8922,1,code_switching,code_switching
fresh_visobert_05984,8923,1,mocking|polarity,"mocking,polarity"
fresh_visobert_04577,8924,0,,none
fresh_visobert_06334,8925,0,,none
fresh_visobert_07150,8926,1,emotion,emotion
fresh_visobert_04494,8927,0,,none
fresh_visobert_01438,8928,0,,none
fresh_visobert_08010,8929,0,,none
fresh_visobert_03180,8930,1,emotion,emotion
fresh_visobert_05094,8931,1,implicit_sentiment,implicit_sentiment
fresh_visobert_03046,8932,0,,none
fresh_visobert_09938,8933,0,,none
fresh_visobert_07202,8934,1,sarcasm,none
fresh_visobert_03159,8935,1,mocking|emotion,"mocking,emotion"
fresh_visobert_04940,8936,0,,none
fresh_visobert_09703,8937,1,polarity,polarity
fresh_visobert_08942,8938,0,,none
fresh_visobert_02942,8939,1,polarity|emotion,"polarity,emotion"
fresh_visobert_02945,8940,1,code_switching,code_switching
fresh_visobert_05297,8941,0,,none
fresh_visobert_02481,8942,0,,none
fresh_visobert_07130,8943,1,polarity|emotion,"polarity,emotion"
fresh_visobert_04142,8944,1,code_switching,code_switching
fresh_visobert_07637,8945,0,,none
fresh_visobert_01012,8946,0,,none
fresh_visobert_11920,8947,0,,sarcasm
fresh_visobert_10195,8948,0,,none
fresh_visobert_10787,8949,1,mocking,mocking
fresh_visobert_08215,8950,0,,none
fresh_visobert_01279,8951,1,mocking,mocking
fresh_visobert_05285,8952,0,,none
fresh_visobert_09853,8953,1,mocking|emotion,"mocking,emotion"
fresh_visobert_07576,8954,0,,none
fresh_visobert_11281,8955,0,,none
fresh_visobert_04100,8956,0,,none
fresh_visobert_05757,8957,1,polarity,polarity
fresh_visobert_07266,8958,1,emotion,emotion
fresh_visobert_11301,8959,1,code_switching,code_switching
fresh_visobert_10092,8960,0,,none
fresh_visobert_11331,8961,0,,none
fresh_visobert_07921,8962,0,,none
fresh_visobert_07937,8963,1,implicit_sentiment,implicit_sentiment
fresh_visobert_06517,8964,0,,none
fresh_visobert_11307,8965,0,,none
fresh_visobert_10799,8966,1,polarity,polarity
fresh_visobert_01461,8967,1,polarity,polarity
fresh_visobert_02645,8968,1,idiom_figurative|emotion,"idiom_figurative,emotion"
fresh_visobert_02256,8969,0,,none
fresh_visobert_04246,8970,0,,none
fresh_visobert_10045,8971,1,code_switching,code_switching
fresh_visobert_10986,8972,0,,none
fresh_visobert_07369,8973,1,emotion,emotion
fresh_visobert_02708,8974,0,,none
fresh_visobert_09059,8975,0,,none
fresh_visobert_06867,8976,0,,none
fresh_visobert_01961,8977,0,,none
fresh_visobert_07551,8978,0,,none
fresh_visobert_05599,8979,0,,none
fresh_visobert_06761,8980,1,sarcasm|code_switching,"sarcasm,code_switching"
fresh_visobert_06069,8981,1,code_switching|polarity|emotion,"code_switching,polarity,emotion"
fresh_visobert_07412,8982,0,,none
fresh_visobert_06509,8983,0,,none
fresh_visobert_04491,8984,0,,none
fresh_visobert_08159,8985,0,,none
fresh_visobert_08062,8986,0,,none
fresh_visobert_11088,8987,0,,none
fresh_visobert_05293,8988,0,,none
fresh_visobert_04442,8989,0,,none
fresh_visobert_04931,8990,0,,sarcasm
fresh_visobert_08791,8991,0,,none
fresh_visobert_02896,8992,0,,none
fresh_visobert_11072,8993,0,,none
fresh_visobert_04155,8994,0,,none
fresh_visobert_11670,8995,0,,none
fresh_visobert_02072,8996,0,,none
fresh_visobert_02360,8997,0,,none
fresh_visobert_00598,8998,0,,none
fresh_visobert_09670,8999,1,emotion,emotion
fresh_visobert_00341,9000,1,emotion,emotion
fresh_visobert_02000,9001,0,,none
fresh_visobert_11506,9002,1,polarity,polarity
fresh_visobert_07448,9003,0,,none
fresh_visobert_02066,9004,0,,none
fresh_visobert_08797,9005,1,mocking|emotion,"mocking,emotion"
fresh_visobert_04575,9006,1,polarity,polarity
fresh_visobert_09006,9007,1,implicit_sentiment,implicit_sentiment
fresh_visobert_03002,9008,0,,none
fresh_visobert_07012,9009,1,emotion,emotion
fresh_visobert_01330,9010,0,,none
fresh_visobert_11121,9011,0,,none
fresh_visobert_06409,9012,1,mocking|emotion,"mocking,emotion"
fresh_visobert_01480,9013,1,idiom_figurative,idiom_figurative
fresh_visobert_04379,9014,0,,none
fresh_visobert_06401,9015,1,emotion,emotion
fresh_visobert_10082,9016,0,,none
fresh_visobert_06332,9017,0,,none
fresh_visobert_02546,9018,0,,none
fresh_visobert_05993,9019,0,,none
fresh_visobert_00373,9020,1,mocking,mocking
fresh_visobert_01004,9021,0,,none
fresh_visobert_03682,9022,1,code_switching,code_switching
fresh_visobert_02355,9023,0,,none
fresh_visobert_10350,9024,0,,none
fresh_visobert_09430,9025,0,,none
fresh_visobert_03021,9026,0,,none
fresh_visobert_07728,9027,0,,none
fresh_visobert_02059,9028,0,,none
fresh_visobert_11272,9029,0,,none
fresh_visobert_06582,9030,0,,none
fresh_visobert_09303,9031,0,,none
fresh_visobert_00527,9032,1,emotion,emotion
fresh_visobert_06351,9033,0,,none
fresh_visobert_09821,9034,1,polarity,polarity
fresh_visobert_08379,9035,1,mocking|emotion,"mocking,emotion"
fresh_visobert_03514,9036,0,,none
fresh_visobert_02869,9037,1,emotion,emotion
fresh_visobert_11431,9038,0,,none
fresh_visobert_09623,9039,1,emotion,emotion
fresh_visobert_11905,9040,0,,none
fresh_visobert_00246,9041,1,emotion,emotion
fresh_visobert_01097,9042,1,code_switching,code_switching
fresh_visobert_09208,9043,0,,none
fresh_visobert_06883,9044,0,,none
fresh_visobert_01319,9045,0,,none
fresh_visobert_07346,9046,0,,none
fresh_visobert_02135,9047,0,,none
fresh_visobert_11466,9048,0,,none
fresh_visobert_00026,9049,1,irony,irony
fresh_visobert_07124,9050,0,,none
fresh_visobert_10212,9051,0,,none
fresh_visobert_03405,9052,1,emotion,emotion
fresh_visobert_02241,9053,0,,none
fresh_visobert_02184,9054,0,,none
fresh_visobert_02359,9055,0,,none
fresh_visobert_01050,9056,0,,none
fresh_visobert_10098,9057,0,,none
fresh_visobert_06901,9058,0,,none
fresh_visobert_07918,9059,1,idiom_figurative,idiom_figurative
fresh_visobert_07629,9060,1,emotion,emotion
fresh_visobert_11870,9061,1,emotion,emotion
fresh_visobert_07801,9062,0,,none
fresh_visobert_04630,9063,1,code_switching,code_switching
fresh_visobert_10497,9064,1,emotion,emotion
fresh_visobert_02331,9065,0,,none
fresh_visobert_02003,9066,1,sarcasm|mocking,"sarcasm,mocking"
fresh_visobert_06514,9067,0,,none
fresh_visobert_00396,9068,0,,none
fresh_visobert_07249,9069,0,,none
fresh_visobert_00482,9070,1,polarity,polarity
fresh_visobert_02935,9071,1,sarcasm|emotion,"sarcasm,emotion"
fresh_visobert_10768,9072,1,idiom_figurative,idiom_figurative
fresh_visobert_00164,9073,0,,none
fresh_visobert_03413,9074,0,,none
fresh_visobert_00488,9075,0,,none
fresh_visobert_07496,9076,0,,none
fresh_visobert_06198,9077,1,code_switching,code_switching
fresh_visobert_06132,9078,1,emotion,emotion
fresh_visobert_10819,9079,0,,none
fresh_visobert_09693,9080,0,,none
fresh_visobert_07089,9081,0,,none
fresh_visobert_08846,9082,0,,none
fresh_visobert_02840,9083,0,,none
fresh_visobert_10861,9084,0,,none
fresh_visobert_08452,9085,1,emotion,emotion
fresh_visobert_06695,9086,0,,none
fresh_visobert_00874,9087,0,,none
fresh_visobert_08917,9088,0,,none
fresh_visobert_10702,9089,0,,none
fresh_visobert_05818,9090,0,,none
fresh_visobert_09891,9091,0,,none
fresh_visobert_09928,9092,0,,none
fresh_visobert_01806,9093,0,,none
fresh_visobert_07313,9094,0,,none
fresh_visobert_08245,9095,1,mocking|emotion,"mocking,emotion"
fresh_visobert_05580,9096,1,code_switching,code_switching
fresh_visobert_01463,9097,1,idiom_figurative,idiom_figurative
fresh_visobert_06433,9098,0,,none
fresh_visobert_03332,9099,0,,none
fresh_visobert_10131,9100,1,polarity|emotion,"polarity,emotion"
fresh_visobert_00724,9101,0,,none
fresh_visobert_11606,9102,0,,none
fresh_visobert_07054,9103,0,,none
fresh_visobert_04003,9104,0,,none
fresh_visobert_02213,9105,0,,none
fresh_visobert_07626,9106,0,,none
fresh_visobert_06693,9107,0,,none
fresh_visobert_11539,9108,1,code_switching,"code_switching,sarcasm"
fresh_visobert_06302,9109,0,,none
fresh_visobert_06993,9110,0,,none
fresh_visobert_07575,9111,0,,none
fresh_visobert_04075,9112,0,,none
fresh_visobert_00151,9113,0,,none
fresh_visobert_06646,9114,0,,none
fresh_visobert_05440,9115,0,,none
fresh_visobert_11251,9116,0,,none
fresh_visobert_11379,9117,0,,none
fresh_visobert_11819,9118,0,,none
fresh_visobert_08986,9119,0,,none
fresh_visobert_02305,9120,0,,none
fresh_visobert_05240,9121,0,,none
fresh_visobert_11161,9122,0,,none
fresh_visobert_10480,9123,0,,none
fresh_visobert_11299,9124,1,emotion,emotion
fresh_visobert_05401,9125,1,mocking|emotion,"mocking,emotion"
fresh_visobert_11275,9126,0,,none
fresh_visobert_00248,9127,1,implicit_sentiment,implicit_sentiment
fresh_visobert_00703,9128,0,,none
fresh_visobert_09660,9129,0,,none
fresh_visobert_02506,9130,0,,none
fresh_visobert_11242,9131,1,sarcasm,none
fresh_visobert_09334,9132,0,,none
fresh_visobert_06304,9133,0,,none
fresh_visobert_08736,9134,1,emotion,emotion
fresh_visobert_05555,9135,0,,none
fresh_visobert_08840,9136,0,,none
fresh_visobert_02772,9137,1,mocking|emotion,"mocking,emotion"
fresh_visobert_03377,9138,0,,none
fresh_visobert_11989,9139,1,emotion,emotion
fresh_visobert_10183,9140,0,,none
fresh_visobert_06527,9141,0,,none
fresh_visobert_09179,9142,1,code_switching,code_switching
fresh_visobert_00817,9143,0,,none
fresh_visobert_03216,9144,0,,none
fresh_visobert_03852,9145,0,,none
fresh_visobert_06956,9146,1,emotion,emotion
fresh_visobert_03627,9147,1,code_switching,code_switching
fresh_visobert_07592,9148,0,,none
fresh_visobert_02861,9149,1,sarcasm|idiom_figurative|emotion,"sarcasm,idiom_figurative,emotion"
fresh_visobert_03122,9150,0,,none
fresh_visobert_02542,9151,0,,none
fresh_visobert_02524,9152,0,,none
fresh_visobert_00323,9153,0,,none
fresh_visobert_04106,9154,0,,none
fresh_visobert_06625,9155,1,mocking,mocking
fresh_visobert_00909,9156,0,,none
fresh_visobert_00080,9157,0,,none
fresh_visobert_00100,9158,0,,none
fresh_visobert_11616,9159,1,sarcasm|code_switching|polarity,"sarcasm,code_switching,polarity"
fresh_visobert_04234,9160,1,idiom_figurative,idiom_figurative
fresh_visobert_10340,9161,1,emotion,emotion
fresh_visobert_01362,9162,1,implicit_sentiment,implicit_sentiment
fresh_visobert_07368,9163,1,emotion,emotion
fresh_visobert_01131,9164,0,,none
fresh_visobert_09830,9165,0,,none
fresh_visobert_03760,9166,1,implicit_sentiment|emotion,"implicit_sentiment,emotion"
fresh_visobert_11305,9167,1,emotion,emotion
fresh_visobert_08920,9168,1,code_switching,code_switching
fresh_visobert_01487,9169,0,,none
fresh_visobert_05473,9170,1,emotion,emotion
fresh_visobert_08235,9171,1,code_switching,code_switching
fresh_visobert_01739,9172,1,polarity,polarity
fresh_visobert_09713,9173,0,,none
fresh_visobert_04569,9174,1,sarcasm,sarcasm
fresh_visobert_08742,9175,0,,none
fresh_visobert_01695,9176,0,,none
fresh_visobert_06213,9177,1,mocking|emotion,"mocking,emotion"
fresh_visobert_04318,9178,0,,none
fresh_visobert_07676,9179,1,polarity,polarity
fresh_visobert_06400,9180,1,emotion,emotion
fresh_visobert_10396,9181,1,emotion,emotion
fresh_visobert_00872,9182,0,,none
fresh_visobert_04842,9183,0,,none
fresh_visobert_02385,9184,0,,none
fresh_visobert_00018,9185,1,emotion,emotion
fresh_visobert_00476,9186,1,polarity,polarity
fresh_visobert_03605,9187,0,,none
fresh_visobert_11020,9188,0,,none
fresh_visobert_07818,9189,0,,none
fresh_visobert_04416,9190,0,,none
fresh_visobert_08369,9191,0,,none
fresh_visobert_04448,9192,0,,none
fresh_visobert_04614,9193,0,,none
fresh_visobert_07170,9194,1,polarity,polarity
fresh_visobert_01230,9195,0,,none
fresh_visobert_10119,9196,0,,none
fresh_visobert_00269,9197,0,,none
fresh_visobert_01803,9198,1,polarity,polarity
fresh_visobert_00276,9199,0,,none
fresh_visobert_05138,9200,0,,none
fresh_visobert_09692,9201,1,code_switching,code_switching
fresh_visobert_07894,9202,1,polarity|emotion,"polarity,emotion"
fresh_visobert_00225,9203,0,,none
fresh_visobert_11138,9204,0,,none
fresh_visobert_03446,9205,0,,none
fresh_visobert_03239,9206,0,,none
fresh_visobert_08301,9207,0,,none
fresh_visobert_03859,9208,0,,none
fresh_visobert_10179,9209,0,,none
fresh_visobert_10950,9210,0,,none
fresh_visobert_01007,9211,0,,none
fresh_visobert_00589,9212,0,,none
fresh_visobert_03210,9213,1,mocking|emotion,"mocking,emotion"
fresh_visobert_11061,9214,0,,none
fresh_visobert_06799,9215,0,,none
fresh_visobert_04718,9216,0,,none
fresh_visobert_01023,9217,0,,none
fresh_visobert_03271,9218,0,,none
fresh_visobert_02551,9219,1,emotion,emotion
fresh_visobert_01552,9220,0,,none
fresh_visobert_11915,9221,0,,none
fresh_visobert_00807,9222,1,idiom_figurative,idiom_figurative
fresh_visobert_05877,9223,0,,sarcasm
fresh_visobert_01630,9224,0,,none
fresh_visobert_01162,9225,0,,none
fresh_visobert_02173,9226,1,idiom_figurative,idiom_figurative
fresh_visobert_11542,9227,0,,none
fresh_visobert_06781,9228,0,,none
fresh_visobert_00199,9229,0,,none
fresh_visobert_05162,9230,1,code_switching|polarity|emotion,"code_switching,polarity,emotion"
fresh_visobert_11283,9231,0,,none
fresh_visobert_00229,9232,0,,none
fresh_visobert_09042,9233,0,,none
fresh_visobert_09676,9234,0,,none
fresh_visobert_11598,9235,1,mocking|emotion,"mocking,emotion"
fresh_visobert_09127,9236,0,,none
fresh_visobert_04127,9237,0,,none
fresh_visobert_10397,9238,1,polarity,polarity
fresh_visobert_04135,9239,0,,none
fresh_visobert_11392,9240,0,,none
fresh_visobert_05236,9241,0,,none
fresh_visobert_06647,9242,0,,none
fresh_visobert_11581,9243,0,,sarcasm
fresh_visobert_02442,9244,1,implicit_sentiment|idiom_figurative,"implicit_sentiment,idiom_figurative"
fresh_visobert_04427,9245,0,,none
fresh_visobert_02114,9246,0,,none
fresh_visobert_03781,9247,0,,none
fresh_visobert_02396,9248,1,code_switching,code_switching
fresh_visobert_01650,9249,1,emotion,emotion
fresh_visobert_04872,9250,1,polarity|emotion,"polarity,emotion"
fresh_visobert_03600,9251,0,,none
fresh_visobert_05299,9252,0,,none
fresh_visobert_06335,9253,0,,none
fresh_visobert_08413,9254,0,,none
fresh_visobert_00689,9255,0,,none
fresh_visobert_10592,9256,0,,none
fresh_visobert_08915,9257,0,,none
fresh_visobert_06565,9258,1,mocking,mocking
fresh_visobert_11599,9259,0,,none
fresh_visobert_03284,9260,0,,none
fresh_visobert_08095,9261,0,,none
fresh_visobert_00162,9262,0,,none
fresh_visobert_08769,9263,0,,none
fresh_visobert_03082,9264,1,implicit_sentiment,implicit_sentiment
fresh_visobert_04610,9265,0,,none
fresh_visobert_04230,9266,1,idiom_figurative,idiom_figurative
fresh_visobert_07998,9267,0,,none
fresh_visobert_05653,9268,0,,none
fresh_visobert_02461,9269,0,,none
fresh_visobert_10154,9270,0,,none
fresh_visobert_02716,9271,0,,none
fresh_visobert_06276,9272,0,,none
fresh_visobert_03441,9273,0,,none
fresh_visobert_00309,9274,0,,none
fresh_visobert_10301,9275,0,,none
fresh_visobert_03751,9276,0,,none
fresh_visobert_00846,9277,1,code_switching|polarity|emotion,"code_switching,polarity,emotion"
fresh_visobert_01428,9278,0,,none
fresh_visobert_10622,9279,1,emotion,emotion
fresh_visobert_09577,9280,0,,none
fresh_visobert_04843,9281,1,emotion,emotion
fresh_visobert_00590,9282,0,,none
fresh_visobert_07853,9283,0,,none
fresh_visobert_01277,9284,0,,none
fresh_visobert_06618,9285,0,,none
fresh_visobert_03962,9286,1,idiom_figurative|emotion,"idiom_figurative,emotion"
fresh_visobert_11706,9287,0,,none
fresh_visobert_09992,9288,0,,none
fresh_visobert_04176,9289,0,,none
fresh_visobert_05065,9290,0,,none
fresh_visobert_06465,9291,1,implicit_sentiment|polarity,"implicit_sentiment,polarity"
fresh_visobert_07025,9292,0,,none
fresh_visobert_09829,9293,1,emotion,emotion
fresh_visobert_03838,9294,1,polarity|emotion,"polarity,emotion"
fresh_visobert_10936,9295,1,idiom_figurative|polarity,"idiom_figurative,polarity"
fresh_visobert_11561,9296,1,emotion,emotion
fresh_visobert_01263,9297,1,idiom_figurative,idiom_figurative
fresh_visobert_08031,9298,0,,none
fresh_visobert_06293,9299,0,,none
fresh_visobert_00928,9300,0,,none
fresh_visobert_08203,9301,0,,none
fresh_visobert_11040,9302,1,idiom_figurative|emotion,"idiom_figurative,emotion"
fresh_visobert_03630,9303,1,polarity,"sarcasm,polarity"
fresh_visobert_00366,9304,1,emotion,emotion
fresh_visobert_04537,9305,0,,none
fresh_visobert_10737,9306,1,emotion,emotion
fresh_visobert_11912,9307,0,,none
fresh_visobert_10869,9308,1,polarity|emotion,"polarity,emotion"
fresh_visobert_05632,9309,0,,none
fresh_visobert_10437,9310,0,,none
fresh_visobert_04639,9311,1,polarity,polarity
fresh_visobert_00443,9312,1,implicit_sentiment|polarity|emotion,"implicit_sentiment,polarity,emotion"
fresh_visobert_06585,9313,1,emotion,emotion
fresh_visobert_05543,9314,0,,none
fresh_visobert_05643,9315,1,polarity,polarity
fresh_visobert_04967,9316,1,polarity|emotion,"polarity,emotion"
fresh_visobert_08041,9317,0,,none
fresh_visobert_11292,9318,0,,none
fresh_visobert_02926,9319,0,,none
fresh_visobert_00851,9320,0,,none
fresh_visobert_01904,9321,0,,none
fresh_visobert_03674,9322,0,,none
fresh_visobert_07685,9323,1,idiom_figurative|polarity,"idiom_figurative,polarity"
fresh_visobert_00232,9324,0,,none
fresh_visobert_04734,9325,1,mocking|emotion,"mocking,emotion"
fresh_visobert_11142,9326,0,,none
fresh_visobert_04766,9327,0,,none
fresh_visobert_10055,9328,0,,none
fresh_visobert_03055,9329,0,,none
fresh_visobert_07759,9330,0,,none
fresh_visobert_03557,9331,0,,none
fresh_visobert_05557,9332,0,,none
fresh_visobert_06325,9333,1,implicit_sentiment|mocking,"implicit_sentiment,mocking"
fresh_visobert_04078,9334,1,code_switching,code_switching
fresh_visobert_08563,9335,1,polarity,polarity
fresh_visobert_11310,9336,0,,none
fresh_visobert_00965,9337,1,polarity,"polarity,sarcasm"
fresh_visobert_03444,9338,1,polarity|emotion,"polarity,emotion"
fresh_visobert_00836,9339,0,,none
fresh_visobert_02447,9340,0,,none
fresh_visobert_10757,9341,0,,none
fresh_visobert_06803,9342,0,,none
fresh_visobert_04451,9343,0,,none
fresh_visobert_06727,9344,0,,none
fresh_visobert_05439,9345,0,,none
fresh_visobert_08541,9346,1,emotion,emotion
fresh_visobert_04282,9347,0,,none
fresh_visobert_10541,9348,0,,none
fresh_visobert_08881,9349,1,emotion,emotion
fresh_visobert_06273,9350,0,,none
fresh_visobert_05403,9351,1,polarity,polarity
fresh_visobert_09497,9352,0,,none
fresh_visobert_08313,9353,0,,none
fresh_visobert_01723,9354,0,,none
fresh_visobert_02671,9355,1,code_switching,code_switching
fresh_visobert_10908,9356,0,,none
fresh_visobert_10800,9357,0,,none
fresh_visobert_07924,9358,0,,none
fresh_visobert_05605,9359,1,sarcasm|mocking|emotion,"sarcasm,mocking,emotion"
fresh_visobert_06610,9360,1,emotion,emotion
fresh_visobert_04708,9361,0,,none
fresh_visobert_06682,9362,0,,none
fresh_visobert_07475,9363,0,,none
fresh_visobert_09444,9364,1,mocking|emotion,"mocking,emotion"
fresh_visobert_10170,9365,1,mocking|emotion,"mocking,emotion"
fresh_visobert_11944,9366,0,,none
fresh_visobert_10995,9367,1,code_switching,code_switching
fresh_visobert_03720,9368,0,,none
fresh_visobert_07064,9369,1,mocking|emotion,"mocking,emotion"
fresh_visobert_00647,9370,0,,none
fresh_visobert_02035,9371,0,,none
fresh_visobert_05770,9372,0,,none
fresh_visobert_01028,9373,0,,none
fresh_visobert_09640,9374,0,,none
fresh_visobert_04806,9375,1,polarity,polarity
fresh_visobert_00942,9376,0,,none
fresh_visobert_08254,9377,0,,none
fresh_visobert_09018,9378,0,,none
fresh_visobert_10264,9379,1,code_switching,code_switching
fresh_visobert_04661,9380,0,,none
fresh_visobert_00313,9381,0,,none
fresh_visobert_03308,9382,1,code_switching,code_switching
fresh_visobert_05081,9383,1,code_switching,code_switching
fresh_visobert_03089,9384,0,,none
fresh_visobert_10494,9385,0,,none
fresh_visobert_07800,9386,1,implicit_sentiment|idiom_figurative|code_switching,"implicit_sentiment,idiom_figurative,code_switching"
fresh_visobert_00616,9387,0,,none
fresh_visobert_07515,9388,1,emotion,emotion
fresh_visobert_01824,9389,0,,none
fresh_visobert_09935,9390,0,,none
fresh_visobert_00414,9391,0,,none
fresh_visobert_03842,9392,0,,none
fresh_visobert_09449,9393,0,,none
fresh_visobert_02522,9394,1,idiom_figurative,idiom_figurative
fresh_visobert_07531,9395,1,emotion,emotion
fresh_visobert_00933,9396,0,,none
fresh_visobert_02952,9397,0,,none
fresh_visobert_04862,9398,0,,none
fresh_visobert_05568,9399,0,,none
fresh_visobert_01586,9400,0,,none
fresh_visobert_01024,9401,0,,none
fresh_visobert_08186,9402,0,,none
fresh_visobert_01709,9403,0,,none
fresh_visobert_11715,9404,1,emotion,emotion
fresh_visobert_02099,9405,0,,none
fresh_visobert_04703,9406,0,,none
fresh_visobert_08697,9407,1,mocking|emotion,"mocking,emotion"
fresh_visobert_07478,9408,0,,none
fresh_visobert_06946,9409,1,polarity,polarity
fresh_visobert_07861,9410,1,implicit_sentiment,implicit_sentiment
fresh_visobert_11724,9411,0,,none
fresh_visobert_03497,9412,0,,none
fresh_visobert_09212,9413,0,,none
fresh_visobert_04026,9414,0,,none
fresh_visobert_08667,9415,0,,none
fresh_visobert_01474,9416,1,emotion,emotion
fresh_visobert_00702,9417,0,,none
fresh_visobert_10975,9418,1,emotion,emotion
fresh_visobert_00221,9419,1,emotion,emotion
fresh_visobert_11744,9420,0,,none
fresh_visobert_11918,9421,0,,none
fresh_visobert_00460,9422,1,polarity,polarity
fresh_visobert_06430,9423,0,,none
fresh_visobert_01233,9424,0,,none
fresh_visobert_04538,9425,0,,none
fresh_visobert_04690,9426,1,mocking|emotion,"mocking,emotion"
fresh_visobert_00384,9427,0,,none
fresh_visobert_03457,9428,0,,none
fresh_visobert_06736,9429,1,mocking,mocking
fresh_visobert_02157,9430,0,,none
fresh_visobert_01829,9431,0,,none
fresh_visobert_05287,9432,0,,none
fresh_visobert_09365,9433,0,,none
fresh_visobert_00129,9434,0,,none
fresh_visobert_04532,9435,1,mocking,mocking
fresh_visobert_09779,9436,1,emotion,emotion
fresh_visobert_07002,9437,0,,none
fresh_visobert_00553,9438,0,,none
fresh_visobert_02610,9439,1,polarity|emotion,"polarity,emotion"
fresh_visobert_07643,9440,1,idiom_figurative,idiom_figurative
fresh_visobert_09937,9441,1,implicit_sentiment,implicit_sentiment
fresh_visobert_05941,9442,0,,none
fresh_visobert_09098,9443,0,,none
fresh_visobert_04492,9444,1,polarity|emotion,"polarity,emotion"
fresh_visobert_05388,9445,0,,none
fresh_visobert_10311,9446,0,,none
fresh_visobert_10505,9447,0,,none
fresh_visobert_09080,9448,1,polarity,polarity
fresh_visobert_06976,9449,0,,none
fresh_visobert_01371,9450,1,polarity|emotion,"polarity,emotion"
fresh_visobert_07026,9451,0,,none
fresh_visobert_06314,9452,1,mocking,mocking
fresh_visobert_08329,9453,0,,none
fresh_visobert_07744,9454,1,implicit_sentiment,implicit_sentiment
fresh_visobert_06282,9455,0,,none
fresh_visobert_01492,9456,0,,none
fresh_visobert_02148,9457,0,,none
fresh_visobert_01337,9458,0,,none
fresh_visobert_04229,9459,0,,none
fresh_visobert_00317,9460,0,,none
fresh_visobert_05727,9461,1,emotion,emotion
fresh_visobert_03697,9462,1,polarity|emotion,"polarity,emotion"
fresh_visobert_10134,9463,1,emotion,emotion
fresh_visobert_07703,9464,0,,none
fresh_visobert_04446,9465,0,,none
fresh_visobert_06498,9466,0,,none
fresh_visobert_04713,9467,1,polarity|emotion,"polarity,emotion"
fresh_visobert_05886,9468,0,,none
fresh_visobert_10106,9469,0,,none
fresh_visobert_08732,9470,0,,none
fresh_visobert_05553,9471,0,,none
fresh_visobert_10368,9472,1,sarcasm,sarcasm
fresh_visobert_06330,9473,1,emotion,emotion
fresh_visobert_11230,9474,1,emotion,emotion
fresh_visobert_07166,9475,1,implicit_sentiment,implicit_sentiment
fresh_visobert_04158,9476,0,,none
fresh_visobert_02061,9477,0,,none
fresh_visobert_07106,9478,0,,none
fresh_visobert_04585,9479,0,,none
fresh_visobert_05166,9480,0,,none
fresh_visobert_05836,9481,0,,none
fresh_visobert_10658,9482,1,mocking|emotion,"mocking,emotion"
fresh_visobert_03331,9483,0,,none
fresh_visobert_06376,9484,1,polarity|emotion,"polarity,emotion"
fresh_visobert_06957,9485,0,,none
fresh_visobert_05480,9486,1,emotion,emotion
fresh_visobert_10923,9487,1,code_switching|polarity|emotion,"code_switching,polarity,emotion"
fresh_visobert_04741,9488,1,idiom_figurative,idiom_figurative
fresh_visobert_01465,9489,1,mocking,mocking
fresh_visobert_00709,9490,0,,none
fresh_visobert_01593,9491,1,emotion,emotion
fresh_visobert_11666,9492,1,code_switching,code_switching
fresh_visobert_10238,9493,1,implicit_sentiment,implicit_sentiment
fresh_visobert_03783,9494,1,code_switching,code_switching
fresh_visobert_01220,9495,0,,none
fresh_visobert_04139,9496,1,code_switching,code_switching
fresh_visobert_00886,9497,0,,none
fresh_visobert_03980,9498,1,code_switching|emotion,"code_switching,emotion"
fresh_visobert_11446,9499,0,,none
fresh_visobert_05829,9500,1,emotion,emotion
fresh_visobert_03983,9501,0,,none
fresh_visobert_01946,9502,0,,none
fresh_visobert_11187,9503,1,emotion,emotion
fresh_visobert_05717,9504,0,,none
fresh_visobert_02990,9505,0,,none
fresh_visobert_07720,9506,0,,none
fresh_visobert_07140,9507,0,,none
fresh_visobert_05029,9508,0,,none
fresh_visobert_06336,9509,0,,none
fresh_visobert_06985,9510,0,,none
fresh_visobert_04388,9511,0,,none
fresh_visobert_04016,9512,0,,none
fresh_visobert_00981,9513,1,polarity|emotion,"polarity,emotion"
fresh_visobert_10181,9514,0,,none
fresh_visobert_00446,9515,0,,none
fresh_visobert_03293,9516,0,,none
fresh_visobert_09274,9517,0,,none
fresh_visobert_11262,9518,1,emotion,emotion
fresh_visobert_08048,9519,1,polarity,polarity
fresh_visobert_00160,9520,0,,none
fresh_visobert_04288,9521,1,idiom_figurative|emotion,"idiom_figurative,emotion"
fresh_visobert_10614,9522,1,idiom_figurative,idiom_figurative
fresh_visobert_09129,9523,1,emotion,emotion
fresh_visobert_00196,9524,0,,none
fresh_visobert_02038,9525,1,emotion,emotion
fresh_visobert_07259,9526,0,,none
fresh_visobert_08114,9527,1,emotion,emotion
fresh_visobert_02153,9528,0,,none
fresh_visobert_02621,9529,0,,none
fresh_visobert_01334,9530,0,,none
fresh_visobert_06495,9531,0,,none
fresh_visobert_10445,9532,1,emotion,emotion
fresh_visobert_10566,9533,0,,none
fresh_visobert_04124,9534,0,,none
fresh_visobert_01635,9535,0,,none
fresh_visobert_09139,9536,1,sarcasm|idiom_figurative,"sarcasm,idiom_figurative"
fresh_visobert_05995,9537,0,,none
fresh_visobert_01285,9538,1,emotion,emotion
fresh_visobert_08115,9539,0,,none
fresh_visobert_08339,9540,0,,none
fresh_visobert_04917,9541,1,code_switching,code_switching
fresh_visobert_07052,9542,1,implicit_sentiment,implicit_sentiment
fresh_visobert_00697,9543,0,,none
fresh_visobert_00194,9544,0,,none
fresh_visobert_06077,9545,1,code_switching,code_switching
fresh_visobert_01930,9546,0,,sarcasm
fresh_visobert_04020,9547,1,emotion,emotion
fresh_visobert_08770,9548,0,,none
fresh_visobert_08370,9549,1,emotion,emotion
fresh_visobert_07578,9550,0,,none
fresh_visobert_06595,9551,1,polarity|emotion,"polarity,emotion"
fresh_visobert_00561,9552,0,,none
fresh_visobert_06775,9553,0,,none
fresh_visobert_06576,9554,0,,none
fresh_visobert_06536,9555,0,,none
fresh_visobert_11680,9556,0,,none
fresh_visobert_01510,9557,0,,none
fresh_visobert_05128,9558,1,idiom_figurative,idiom_figurative
fresh_visobert_00694,9559,1,polarity,polarity
fresh_visobert_00316,9560,1,emotion,emotion
fresh_visobert_03256,9561,0,,none
fresh_visobert_11150,9562,1,mocking|emotion,"mocking,emotion"
fresh_visobert_09091,9563,0,,none
fresh_visobert_06440,9564,0,,none
fresh_visobert_09504,9565,1,mocking|emotion,"mocking,emotion"
fresh_visobert_05937,9566,1,sarcasm,none
fresh_visobert_04618,9567,0,,none
fresh_visobert_05815,9568,0,,none
fresh_visobert_06379,9569,0,,none
fresh_visobert_03427,9570,1,mocking|emotion,"mocking,emotion"
fresh_visobert_05879,9571,0,,none
fresh_visobert_10725,9572,1,polarity,polarity
fresh_visobert_08786,9573,0,,none
fresh_visobert_00047,9574,0,,none
fresh_visobert_00562,9575,0,,none
fresh_visobert_03092,9576,1,polarity,polarity
fresh_visobert_10919,9577,1,mocking,mocking
fresh_visobert_05151,9578,0,,none
fresh_visobert_06117,9579,0,,none
fresh_visobert_06161,9580,0,,none
fresh_visobert_00642,9581,1,emotion,emotion
fresh_visobert_05142,9582,1,mocking|emotion,"mocking,emotion"
fresh_visobert_02757,9583,1,emotion,emotion
fresh_visobert_11735,9584,0,,none
fresh_visobert_09145,9585,1,emotion,emotion
fresh_visobert_05522,9586,0,,none
fresh_visobert_07350,9587,0,,none
fresh_visobert_05722,9588,0,,none
fresh_visobert_01497,9589,0,,none
fresh_visobert_02024,9590,0,,none
fresh_visobert_02547,9591,1,idiom_figurative|emotion,"idiom_figurative,emotion"
fresh_visobert_01414,9592,1,polarity,polarity
fresh_visobert_10943,9593,1,emotion,emotion
fresh_visobert_00740,9594,0,,none
fresh_visobert_04169,9595,0,,none
fresh_visobert_02951,9596,0,,none
fresh_visobert_04706,9597,0,,none
fresh_visobert_00688,9598,1,mocking|emotion,"mocking,emotion"
fresh_visobert_01982,9599,0,,none
fresh_visobert_04262,9600,0,,none
fresh_visobert_10912,9601,0,,none
fresh_visobert_03336,9602,0,,none
fresh_visobert_10476,9603,0,,none
fresh_visobert_04348,9604,0,,none
fresh_visobert_08971,9605,0,,none
fresh_visobert_03064,9606,0,,none
fresh_visobert_08532,9607,0,,none
fresh_visobert_04613,9608,0,,none
fresh_visobert_09845,9609,0,,none
fresh_visobert_10812,9610,0,,none
fresh_visobert_03792,9611,1,idiom_figurative,idiom_figurative
fresh_visobert_05789,9612,1,mocking|emotion,"mocking,emotion"
fresh_visobert_04315,9613,0,,none
fresh_visobert_07980,9614,0,,none
fresh_visobert_03024,9615,1,emotion,emotion
fresh_visobert_05418,9616,0,,none
fresh_visobert_07822,9617,0,,none
fresh_visobert_08383,9618,0,,none
fresh_visobert_03693,9619,0,,none
fresh_visobert_05518,9620,0,,none
fresh_visobert_02520,9621,0,,none
fresh_visobert_06773,9622,1,sarcasm,none
fresh_visobert_09858,9623,0,,none
fresh_visobert_03573,9624,0,,none
fresh_visobert_01770,9625,1,polarity,polarity
fresh_visobert_02971,9626,0,,none
fresh_visobert_03407,9627,0,,none
fresh_visobert_08956,9628,0,,none
fresh_visobert_11160,9629,0,,none
fresh_visobert_10235,9630,0,,none
fresh_visobert_03729,9631,0,,none
fresh_visobert_00331,9632,1,polarity,polarity
fresh_visobert_11990,9633,1,mocking,mocking
fresh_visobert_11036,9634,0,,none
fresh_visobert_10754,9635,0,,none
fresh_visobert_05861,9636,0,,none
fresh_visobert_06071,9637,0,,none
fresh_visobert_10972,9638,0,,none
fresh_visobert_06147,9639,0,,none
fresh_visobert_03763,9640,1,idiom_figurative,idiom_figurative
fresh_visobert_09195,9641,0,,none
fresh_visobert_01385,9642,0,,none
fresh_visobert_05196,9643,0,,none
fresh_visobert_04296,9644,1,polarity|emotion,"polarity,emotion"
fresh_visobert_07103,9645,0,,none
fresh_visobert_10294,9646,0,,none
fresh_visobert_08316,9647,0,,none
fresh_visobert_04753,9648,1,mocking|emotion,"mocking,emotion"
fresh_visobert_00802,9649,1,idiom_figurative,idiom_figurative
fresh_visobert_01687,9650,0,,none
fresh_visobert_09663,9651,0,,none
fresh_visobert_00655,9652,1,idiom_figurative,idiom_figurative
fresh_visobert_00163,9653,0,,none
fresh_visobert_05885,9654,0,,none
fresh_visobert_03543,9655,1,emotion,emotion
fresh_visobert_08935,9656,0,,none
fresh_visobert_09625,9657,1,emotion,emotion
fresh_visobert_09353,9658,1,emotion,emotion
fresh_visobert_09210,9659,0,,none
fresh_visobert_10859,9660,0,,none
fresh_visobert_08621,9661,1,sarcasm,none
fresh_visobert_10145,9662,0,,none
fresh_visobert_03442,9663,0,,none
fresh_visobert_05314,9664,1,implicit_sentiment,implicit_sentiment
fresh_visobert_11220,9665,0,,none
fresh_visobert_01867,9666,0,,none
fresh_visobert_10249,9667,0,,none
fresh_visobert_05952,9668,0,,none
fresh_visobert_02699,9669,1,polarity,polarity
fresh_visobert_05752,9670,0,,none
fresh_visobert_06119,9671,0,,sarcasm
fresh_visobert_02700,9672,0,,none
fresh_visobert_09346,9673,1,emotion,emotion
fresh_visobert_00059,9674,0,,none
fresh_visobert_00148,9675,0,,none
fresh_visobert_09176,9676,1,implicit_sentiment,implicit_sentiment
fresh_visobert_00165,9677,0,,none
fresh_visobert_00041,9678,1,emotion,emotion
fresh_visobert_02143,9679,1,implicit_sentiment|idiom_figurative,"implicit_sentiment,idiom_figurative"
fresh_visobert_01696,9680,0,,none
fresh_visobert_01192,9681,0,,none
fresh_visobert_01075,9682,0,,none
fresh_visobert_04834,9683,0,,none
fresh_visobert_03263,9684,0,,none
fresh_visobert_11388,9685,1,emotion,emotion
fresh_visobert_05221,9686,1,polarity|emotion,"polarity,emotion"
fresh_visobert_02235,9687,0,,none
fresh_visobert_02136,9688,0,,none
fresh_visobert_04365,9689,1,implicit_sentiment|sarcasm|idiom_figurative|mocking|emotion,"implicit_sentiment,sarcasm,idiom_figurative,mocking,emotion"
fresh_visobert_07730,9690,0,,none
fresh_visobert_07215,9691,0,,none
fresh_visobert_00430,9692,0,,none
fresh_visobert_03709,9693,0,,none
fresh_visobert_06149,9694,0,,none
fresh_visobert_00501,9695,0,,none
fresh_visobert_06020,9696,0,,none
fresh_visobert_10474,9697,0,,none
fresh_visobert_06549,9698,0,,none
fresh_visobert_01722,9699,0,,none
fresh_visobert_11232,9700,0,,none
fresh_visobert_05563,9701,1,emotion,emotion
fresh_visobert_03352,9702,1,polarity,polarity
fresh_visobert_11259,9703,0,,none
fresh_visobert_07882,9704,0,,none
fresh_visobert_00125,9705,1,polarity|emotion,"polarity,emotion"
fresh_visobert_04612,9706,0,,none
fresh_visobert_07395,9707,0,,none
fresh_visobert_09369,9708,0,,none
fresh_visobert_06012,9709,0,,none
fresh_visobert_10381,9710,1,code_switching,code_switching
fresh_visobert_08428,9711,0,,none
fresh_visobert_03170,9712,0,,none
fresh_visobert_09218,9713,0,,none
fresh_visobert_09788,9714,1,emotion,emotion
fresh_visobert_06399,9715,0,,none
fresh_visobert_07367,9716,0,,none
fresh_visobert_03464,9717,0,,none
fresh_visobert_08567,9718,0,,none
fresh_visobert_04073,9719,0,,none
fresh_visobert_01937,9720,1,idiom_figurative,idiom_figurative
fresh_visobert_07782,9721,0,,none
fresh_visobert_11260,9722,0,,none
fresh_visobert_01809,9723,1,code_switching|mocking|emotion,"code_switching,mocking,emotion"
fresh_visobert_10405,9724,1,emotion,emotion
fresh_visobert_08391,9725,1,code_switching,code_switching
fresh_visobert_09769,9726,1,sarcasm|code_switching,"sarcasm,code_switching"
fresh_visobert_11294,9727,0,,none
fresh_visobert_01423,9728,0,,none
fresh_visobert_09847,9729,0,,none
fresh_visobert_09510,9730,1,mocking,mocking
fresh_visobert_10664,9731,0,,none
fresh_visobert_01041,9732,0,,none
fresh_visobert_11385,9733,0,,none
fresh_visobert_05603,9734,0,,none
fresh_visobert_11719,9735,0,,none
fresh_visobert_01062,9736,1,polarity,polarity
fresh_visobert_01966,9737,0,,none
fresh_visobert_07784,9738,1,sarcasm|irony|idiom_figurative|mocking,"sarcasm,irony,idiom_figurative,mocking"
fresh_visobert_06771,9739,0,,none
fresh_visobert_05677,9740,0,,none
fresh_visobert_08170,9741,0,,none
fresh_visobert_02378,9742,1,emotion,emotion
fresh_visobert_04698,9743,1,mocking|emotion,"mocking,emotion"
fresh_visobert_09881,9744,0,,none
fresh_visobert_05644,9745,0,,none
fresh_visobert_07961,9746,0,,none
fresh_visobert_03361,9747,1,sarcasm|emotion,"sarcasm,emotion"
fresh_visobert_06113,9748,0,,none
fresh_visobert_11212,9749,0,,none
fresh_visobert_10983,9750,0,,none
fresh_visobert_00102,9751,0,,none
fresh_visobert_07398,9752,0,,none
fresh_visobert_11287,9753,0,,none
fresh_visobert_08870,9754,0,,none
fresh_visobert_05506,9755,0,,none
fresh_visobert_09771,9756,0,,none
fresh_visobert_11422,9757,0,,none
fresh_visobert_04755,9758,0,,none
fresh_visobert_10365,9759,1,implicit_sentiment|code_switching,"implicit_sentiment,code_switching"
fresh_visobert_02835,9760,1,polarity|emotion,"polarity,emotion"
fresh_visobert_06089,9761,1,emotion,emotion
fresh_visobert_02817,9762,0,,none
fresh_visobert_09966,9763,0,,none
fresh_visobert_05887,9764,0,,none
fresh_visobert_03459,9765,1,polarity,polarity
fresh_visobert_01783,9766,0,,none
fresh_visobert_02307,9767,1,polarity,polarity
fresh_visobert_09638,9768,1,idiom_figurative|polarity|emotion,"idiom_figurative,polarity,emotion"
fresh_visobert_09284,9769,0,,none
fresh_visobert_06728,9770,0,,none
fresh_visobert_07956,9771,1,polarity,polarity
fresh_visobert_04889,9772,0,,none
fresh_visobert_07585,9773,0,,none
fresh_visobert_00305,9774,1,code_switching,code_switching
fresh_visobert_10440,9775,0,,none
fresh_visobert_10829,9776,0,,none
fresh_visobert_11734,9777,0,,none
fresh_visobert_05301,9778,0,,none
fresh_visobert_01060,9779,1,emotion,emotion
fresh_visobert_10513,9780,0,,none
fresh_visobert_05023,9781,0,,none
fresh_visobert_01636,9782,0,,none
fresh_visobert_08874,9783,1,polarity|emotion,"polarity,emotion,sarcasm"
fresh_visobert_09029,9784,1,polarity,polarity
fresh_visobert_03474,9785,1,polarity|emotion,"polarity,emotion"
fresh_visobert_05147,9786,1,idiom_figurative|polarity|emotion,"idiom_figurative,polarity,emotion"
fresh_visobert_01029,9787,0,,none
fresh_visobert_07546,9788,1,emotion,emotion
fresh_visobert_11451,9789,1,polarity,polarity
fresh_visobert_11761,9790,1,mocking|emotion,"mocking,emotion"
fresh_visobert_07912,9791,1,polarity|emotion,"polarity,emotion"
fresh_visobert_11994,9792,1,emotion,emotion
fresh_visobert_11492,9793,0,,none
fresh_visobert_04435,9794,1,emotion,emotion
fresh_visobert_03279,9795,0,,none
fresh_visobert_08019,9796,1,code_switching|polarity|emotion,"code_switching,polarity,emotion"
fresh_visobert_00919,9797,0,,none
fresh_visobert_08373,9798,0,,none
fresh_visobert_02124,9799,0,,none
fresh_visobert_10421,9800,0,,none
fresh_visobert_07121,9801,0,,none
fresh_visobert_05458,9802,0,,none
fresh_visobert_10117,9803,1,code_switching,code_switching
fresh_visobert_10489,9804,0,,none
fresh_visobert_04849,9805,0,,none
fresh_visobert_11714,9806,0,,none
fresh_visobert_03809,9807,0,,none
fresh_visobert_00434,9808,0,,none
fresh_visobert_03376,9809,0,,none
fresh_visobert_05410,9810,0,,none
fresh_visobert_11681,9811,0,,none
fresh_visobert_02694,9812,1,emotion,emotion
fresh_visobert_02140,9813,0,,none
fresh_visobert_01120,9814,0,,none
fresh_visobert_07753,9815,0,,none
fresh_visobert_08407,9816,0,,none
fresh_visobert_10570,9817,1,emotion,emotion
fresh_visobert_01746,9818,0,,none
fresh_visobert_10319,9819,0,,none
fresh_visobert_01356,9820,0,,none
fresh_visobert_02214,9821,1,implicit_sentiment|emotion,"implicit_sentiment,emotion"
fresh_visobert_04591,9822,0,,none
fresh_visobert_07681,9823,0,,none
fresh_visobert_09235,9824,0,,none
fresh_visobert_08042,9825,0,,none
fresh_visobert_00503,9826,1,emotion,emotion
fresh_visobert_07185,9827,1,emotion,emotion
fresh_visobert_11151,9828,1,emotion,emotion
fresh_visobert_10667,9829,1,emotion,emotion
fresh_visobert_01110,9830,0,,none
fresh_visobert_06863,9831,0,,none
fresh_visobert_08305,9832,0,,none
fresh_visobert_06413,9833,0,,none
fresh_visobert_07698,9834,1,emotion,emotion
fresh_visobert_05230,9835,1,implicit_sentiment,implicit_sentiment
fresh_visobert_05354,9836,0,,none
fresh_visobert_11291,9837,1,implicit_sentiment,implicit_sentiment
fresh_visobert_06029,9838,0,,none
fresh_visobert_08253,9839,1,emotion,emotion
fresh_visobert_09585,9840,0,,none
fresh_visobert_00678,9841,0,,none
fresh_visobert_04743,9842,0,,none
fresh_visobert_00654,9843,1,polarity|emotion,"polarity,emotion"
fresh_visobert_04603,9844,0,,none
fresh_visobert_02486,9845,1,polarity,polarity
fresh_visobert_01309,9846,0,,none
fresh_visobert_00625,9847,0,,none
fresh_visobert_10560,9848,0,,none
fresh_visobert_02335,9849,0,,none
fresh_visobert_02012,9850,0,,none
fresh_visobert_02834,9851,0,,none
fresh_visobert_03339,9852,1,idiom_figurative,idiom_figurative
fresh_visobert_04096,9853,0,,none
fresh_visobert_03399,9854,1,emotion,emotion
fresh_visobert_00566,9855,1,code_switching,code_switching
fresh_visobert_04720,9856,0,,none
fresh_visobert_07459,9857,0,,none
fresh_visobert_11050,9858,1,sarcasm,sarcasm
fresh_visobert_01673,9859,1,idiom_figurative,idiom_figurative
fresh_visobert_00940,9860,0,,none
fresh_visobert_08288,9861,1,code_switching,code_switching
fresh_visobert_08537,9862,0,,none
fresh_visobert_07620,9863,0,,none
fresh_visobert_01455,9864,0,,none
fresh_visobert_08287,9865,1,polarity,polarity
fresh_visobert_04335,9866,0,,none
fresh_visobert_06662,9867,0,,none
fresh_visobert_03869,9868,0,,none
fresh_visobert_04832,9869,1,emotion,emotion
fresh_visobert_06857,9870,0,,none
fresh_visobert_04915,9871,0,,none
fresh_visobert_03680,9872,0,,none
fresh_visobert_08283,9873,0,,sarcasm
fresh_visobert_07414,9874,0,,none
fresh_visobert_11063,9875,0,,none
fresh_visobert_06480,9876,0,,none
fresh_visobert_05118,9877,0,,none
fresh_visobert_02540,9878,0,,none
fresh_visobert_03477,9879,1,emotion,emotion
fresh_visobert_04386,9880,0,,none
fresh_visobert_05771,9881,0,,none
fresh_visobert_10067,9882,1,idiom_figurative,idiom_figurative
fresh_visobert_08364,9883,1,mocking,mocking
fresh_visobert_03872,9884,1,mocking|emotion,"mocking,emotion"
fresh_visobert_06087,9885,1,code_switching,code_switching
fresh_visobert_03654,9886,0,,none
fresh_visobert_08633,9887,1,mocking,mocking
fresh_visobert_07235,9888,0,,none
fresh_visobert_01248,9889,0,,none
fresh_visobert_11236,9890,0,,none
fresh_visobert_03784,9891,0,,none
fresh_visobert_11128,9892,0,,none
fresh_visobert_05716,9893,1,code_switching,code_switching
fresh_visobert_10295,9894,1,mocking|emotion,"mocking,emotion"
fresh_visobert_07656,9895,0,,none
fresh_visobert_03643,9896,0,,none
fresh_visobert_08585,9897,0,,none
fresh_visobert_10435,9898,1,emotion,emotion
fresh_visobert_07556,9899,0,,none
fresh_visobert_04778,9900,1,emotion,emotion
fresh_visobert_09819,9901,0,,none
fresh_visobert_05345,9902,1,code_switching,code_switching
fresh_visobert_03610,9903,0,,none
fresh_visobert_03181,9904,0,,none
fresh_visobert_05608,9905,0,,none
fresh_visobert_06156,9906,1,emotion,emotion
fresh_visobert_00684,9907,0,,none
fresh_visobert_00234,9908,0,,none
fresh_visobert_05470,9909,0,,none
fresh_visobert_02169,9910,0,,none
fresh_visobert_03800,9911,1,emotion,emotion
fresh_visobert_11544,9912,0,,none
fresh_visobert_04224,9913,0,,none
fresh_visobert_00191,9914,1,emotion,emotion
fresh_visobert_11938,9915,0,,none
fresh_visobert_03069,9916,0,,none
fresh_visobert_09468,9917,1,polarity,polarity
fresh_visobert_07100,9918,1,polarity,polarity
fresh_visobert_00660,9919,0,,none
fresh_visobert_01716,9920,0,,none
fresh_visobert_10461,9921,1,polarity,polarity
fresh_visobert_09319,9922,0,,none
fresh_visobert_00321,9923,1,polarity|emotion,"polarity,emotion"
fresh_visobert_03034,9924,0,,none
fresh_visobert_02008,9925,1,polarity,polarity
fresh_visobert_06264,9926,0,,none
fresh_visobert_01459,9927,0,,none
fresh_visobert_08878,9928,0,,none
fresh_visobert_01890,9929,1,polarity,polarity
fresh_visobert_04621,9930,0,,none
fresh_visobert_09503,9931,1,idiom_figurative|polarity|emotion,"idiom_figurative,polarity,emotion"
fresh_visobert_02401,9932,1,implicit_sentiment,implicit_sentiment
fresh_visobert_03148,9933,0,,none
fresh_visobert_02508,9934,0,,none
fresh_visobert_03343,9935,0,,none
fresh_visobert_11856,9936,0,,none
fresh_visobert_03348,9937,1,emotion,emotion
fresh_visobert_03249,9938,1,idiom_figurative,idiom_figurative
fresh_visobert_09780,9939,1,emotion,emotion
fresh_visobert_00104,9940,0,,none
fresh_visobert_08460,9941,0,,none
fresh_visobert_04336,9942,0,,none
fresh_visobert_07533,9943,0,,none
fresh_visobert_02051,9944,1,implicit_sentiment|emotion,"implicit_sentiment,emotion"
fresh_visobert_01058,9945,0,,none
fresh_visobert_07896,9946,0,,none
fresh_visobert_04261,9947,0,,none
fresh_visobert_03881,9948,0,,none
fresh_visobert_11159,9949,0,,none
fresh_visobert_04502,9950,0,,none
fresh_visobert_02336,9951,1,code_switching,code_switching
fresh_visobert_11754,9952,0,,none
fresh_visobert_04500,9953,0,,none
fresh_visobert_00209,9954,1,idiom_figurative,idiom_figurative
fresh_visobert_01957,9955,0,,none
fresh_visobert_06303,9956,0,,none
fresh_visobert_05130,9957,1,mocking,mocking
fresh_visobert_02693,9958,0,,none
fresh_visobert_06545,9959,0,,none
fresh_visobert_04580,9960,0,,none
fresh_visobert_08482,9961,0,,none
fresh_visobert_04369,9962,0,,none
fresh_visobert_08711,9963,0,,none
fresh_visobert_11244,9964,0,,none
fresh_visobert_09158,9965,1,mocking,mocking
fresh_visobert_05978,9966,0,,none
fresh_visobert_06997,9967,0,,none
fresh_visobert_10315,9968,0,,none
fresh_visobert_11004,9969,1,emotion,emotion
fresh_visobert_01002,9970,0,,none
fresh_visobert_05210,9971,1,implicit_sentiment|polarity|emotion,"implicit_sentiment,polarity,emotion"
fresh_visobert_00975,9972,1,code_switching,code_switching
fresh_visobert_08998,9973,1,emotion,emotion
fresh_visobert_08930,9974,0,,none
fresh_visobert_11114,9975,1,emotion,emotion
fresh_visobert_04943,9976,0,,none
fresh_visobert_03313,9977,0,,none
fresh_visobert_02207,9978,1,code_switching,code_switching
fresh_visobert_06717,9979,0,,none
fresh_visobert_07224,9980,0,,none
fresh_visobert_04298,9981,1,polarity,polarity
fresh_visobert_11949,9982,0,,none
fresh_visobert_10175,9983,0,,none
fresh_visobert_08539,9984,0,,none
fresh_visobert_10140,9985,0,,none
fresh_visobert_11247,9986,1,code_switching,code_switching
fresh_visobert_08594,9987,0,,none
fresh_visobert_04380,9988,0,,none
fresh_visobert_05812,9989,0,,none
fresh_visobert_02113,9990,0,,none
fresh_visobert_06428,9991,0,,none
fresh_visobert_01929,9992,0,,none
fresh_visobert_09012,9993,0,,none
fresh_visobert_03732,9994,1,polarity|emotion,"polarity,emotion"
fresh_visobert_10833,9995,1,irony,irony
fresh_visobert_05953,9996,0,,none
fresh_visobert_04012,9997,0,,none
fresh_visobert_06785,9998,0,,none
fresh_visobert_05772,9999,0,,none
fresh_visobert_02428,10000,0,,none
fresh_visobert_10631,10001,1,implicit_sentiment|emotion,"implicit_sentiment,emotion"
fresh_visobert_05056,10002,0,,none
fresh_visobert_04287,10003,0,,none
fresh_visobert_01862,10004,0,,none
fresh_visobert_03235,10005,0,,none
fresh_visobert_03661,10006,0,,none
fresh_visobert_10606,10007,0,,none
fresh_visobert_07970,10008,0,,none
fresh_visobert_08875,10009,1,code_switching,code_switching
fresh_visobert_08680,10010,1,mocking,mocking
fresh_visobert_02544,10011,0,,none
fresh_visobert_10659,10012,0,,none
fresh_visobert_10619,10013,1,implicit_sentiment,implicit_sentiment
fresh_visobert_05852,10014,0,,none
fresh_visobert_06735,10015,1,emotion,emotion
fresh_visobert_08780,10016,1,code_switching,code_switching
fresh_visobert_10846,10017,0,,none
fresh_visobert_06793,10018,1,implicit_sentiment,implicit_sentiment
fresh_visobert_03276,10019,0,,none
fresh_visobert_11218,10020,0,,none
fresh_visobert_06046,10021,0,,none
fresh_visobert_09813,10022,0,,none
fresh_visobert_02808,10023,1,idiom_figurative|mocking|emotion,"idiom_figurative,mocking,emotion"
fresh_visobert_00046,10024,0,,none
fresh_visobert_07039,10025,1,idiom_figurative,idiom_figurative
fresh_visobert_09305,10026,1,emotion,emotion
fresh_visobert_01373,10027,0,,none
fresh_visobert_09454,10028,1,mocking|emotion,"mocking,emotion"
fresh_visobert_08020,10029,1,emotion,emotion
fresh_visobert_09851,10030,0,,none
fresh_visobert_06363,10031,0,,none
fresh_visobert_05224,10032,0,,none
fresh_visobert_04666,10033,0,,none
fresh_visobert_09234,10034,1,sarcasm|emotion,"sarcasm,emotion"
fresh_visobert_06907,10035,0,,none
fresh_visobert_08877,10036,0,,none
fresh_visobert_10370,10037,1,polarity,polarity
fresh_visobert_07547,10038,0,,none
fresh_visobert_08983,10039,1,mocking|emotion,"mocking,emotion"
fresh_visobert_01375,10040,1,implicit_sentiment|idiom_figurative|code_switching,"implicit_sentiment,idiom_figurative,code_switching"
fresh_visobert_04508,10041,0,,none
fresh_visobert_04393,10042,0,,none
fresh_visobert_08071,10043,0,,none
fresh_visobert_11501,10044,0,,none
fresh_visobert_09883,10045,1,emotion,emotion
fresh_visobert_09140,10046,0,,none
fresh_visobert_05346,10047,0,,none
fresh_visobert_00388,10048,0,,none
fresh_visobert_03986,10049,0,,none
fresh_visobert_11219,10050,0,,none
fresh_visobert_11435,10051,0,,none
fresh_visobert_03030,10052,0,,none
fresh_visobert_09743,10053,0,,none
fresh_visobert_10518,10054,1,mocking|emotion,"mocking,emotion"
fresh_visobert_07486,10055,0,,none
fresh_visobert_01429,10056,1,emotion,emotion
fresh_visobert_09245,10057,1,idiom_figurative,idiom_figurative
fresh_visobert_02019,10058,1,mocking,mocking
fresh_visobert_06621,10059,0,,none
fresh_visobert_01625,10060,0,,none
fresh_visobert_08099,10061,1,emotion,emotion
fresh_visobert_02455,10062,0,,none
fresh_visobert_00579,10063,1,mocking|emotion,"mocking,emotion"
fresh_visobert_11233,10064,0,,none
fresh_visobert_05315,10065,0,,none
fresh_visobert_07289,10066,0,,none
fresh_visobert_09459,10067,1,implicit_sentiment,implicit_sentiment
fresh_visobert_07694,10068,0,,none
fresh_visobert_05076,10069,0,,none
fresh_visobert_09253,10070,0,,none
fresh_visobert_09606,10071,1,mocking|polarity,"mocking,polarity"
fresh_visobert_03629,10072,0,,none
fresh_visobert_02650,10073,1,code_switching|polarity,"code_switching,polarity"
fresh_visobert_05661,10074,0,,none
fresh_visobert_03691,10075,0,,none
fresh_visobert_06559,10076,0,,none
fresh_visobert_06423,10077,1,polarity,polarity
fresh_visobert_11911,10078,0,,none
fresh_visobert_04783,10079,1,emotion,emotion
fresh_visobert_04779,10080,0,,none
fresh_visobert_11867,10081,0,,none
fresh_visobert_07915,10082,0,,none
fresh_visobert_04015,10083,0,,none
fresh_visobert_11046,10084,1,mocking|emotion,"mocking,emotion"
fresh_visobert_00530,10085,0,,none
fresh_visobert_02685,10086,0,,none
fresh_visobert_11051,10087,0,,none
fresh_visobert_01218,10088,0,,none
fresh_visobert_11736,10089,0,,none
fresh_visobert_09524,10090,0,,none
fresh_visobert_07270,10091,1,polarity,polarity
fresh_visobert_00468,10092,0,,none
fresh_visobert_07727,10093,0,,none
fresh_visobert_09137,10094,1,polarity,polarity
fresh_visobert_05052,10095,0,,none
fresh_visobert_10627,10096,0,,none
fresh_visobert_11675,10097,0,,none
fresh_visobert_04464,10098,0,,none
fresh_visobert_00612,10099,0,,none
fresh_visobert_10164,10100,1,code_switching,code_switching
fresh_visobert_10279,10101,1,emotion,emotion
fresh_visobert_11419,10102,0,,none
fresh_visobert_00042,10103,1,mocking|emotion,"mocking,emotion"
fresh_visobert_11793,10104,0,,none
fresh_visobert_05447,10105,0,,none
fresh_visobert_04993,10106,0,,none
fresh_visobert_09867,10107,0,,none
fresh_visobert_06134,10108,1,code_switching,code_switching
fresh_visobert_00284,10109,0,,none
fresh_visobert_04839,10110,0,,none
fresh_visobert_11391,10111,0,,none
fresh_visobert_00704,10112,0,,none
fresh_visobert_11406,10113,1,emotion,emotion
fresh_visobert_09015,10114,1,polarity,polarity
fresh_visobert_07892,10115,0,,none
fresh_visobert_10180,10116,1,mocking,mocking
fresh_visobert_00983,10117,0,,none
fresh_visobert_07163,10118,0,,none
fresh_visobert_03883,10119,1,mocking,mocking
fresh_visobert_08569,10120,1,emotion,emotion
fresh_visobert_04732,10121,1,polarity|emotion,"polarity,emotion"
fresh_visobert_10309,10122,0,,none
fresh_visobert_09509,10123,0,,none
fresh_visobert_11402,10124,1,mocking,mocking
fresh_visobert_05467,10125,0,,none
fresh_visobert_04992,10126,1,code_switching,code_switching
fresh_visobert_06592,10127,0,,none
fresh_visobert_03981,10128,0,,none
fresh_visobert_04357,10129,1,mocking|emotion,"mocking,emotion"
fresh_visobert_05550,10130,0,,none
fresh_visobert_06005,10131,1,code_switching,code_switching
fresh_visobert_09344,10132,0,,none
fresh_visobert_04110,10133,0,,none
fresh_visobert_04700,10134,0,,none
fresh_visobert_03906,10135,0,,none
fresh_visobert_08035,10136,1,code_switching,code_switching
fresh_visobert_01986,10137,0,,none
fresh_visobert_03948,10138,1,polarity,polarity
fresh_visobert_06489,10139,0,,none
fresh_visobert_11000,10140,1,polarity|emotion,"polarity,emotion"
fresh_visobert_01710,10141,1,mocking|emotion,"mocking,emotion"
fresh_visobert_07610,10142,1,code_switching|mocking|emotion,"code_switching,mocking,emotion"
fresh_visobert_00433,10143,1,mocking,mocking
fresh_visobert_10176,10144,0,,none
fresh_visobert_05586,10145,0,,none
fresh_visobert_10720,10146,1,mocking,mocking
fresh_visobert_07319,10147,0,,none
fresh_visobert_03512,10148,0,,none
fresh_visobert_02516,10149,0,,none
fresh_visobert_07226,10150,0,,none
fresh_visobert_06205,10151,1,polarity,"polarity,sarcasm"
fresh_visobert_09861,10152,0,,none
fresh_visobert_11716,10153,0,,none
fresh_visobert_08595,10154,0,,none
fresh_visobert_02984,10155,1,code_switching,code_switching
fresh_visobert_04058,10156,0,,none
fresh_visobert_07979,10157,0,,none
fresh_visobert_07804,10158,1,emotion,emotion
fresh_visobert_03106,10159,0,,none
fresh_visobert_06184,10160,1,emotion,emotion
fresh_visobert_05284,10161,0,,none
fresh_visobert_05157,10162,0,,none
fresh_visobert_04065,10163,0,,none
fresh_visobert_06026,10164,0,,none
fresh_visobert_08293,10165,1,polarity|emotion,"polarity,emotion"
fresh_visobert_03131,10166,0,,none
fresh_visobert_08195,10167,0,,none
fresh_visobert_04281,10168,0,,none
fresh_visobert_00039,10169,0,,none
fresh_visobert_07209,10170,0,,none
fresh_visobert_09350,10171,0,,none
fresh_visobert_08068,10172,1,emotion,emotion
fresh_visobert_05655,10173,0,,none
fresh_visobert_00442,10174,0,,none
fresh_visobert_09381,10175,0,,none
fresh_visobert_08960,10176,0,,none
fresh_visobert_07812,10177,0,,none
fresh_visobert_06357,10178,0,,none
fresh_visobert_01808,10179,1,emotion,emotion
fresh_visobert_10958,10180,1,emotion,"emotion,sarcasm"
fresh_visobert_06753,10181,0,,none
fresh_visobert_07087,10182,0,,none
fresh_visobert_10721,10183,0,,none
fresh_visobert_07352,10184,0,,none
fresh_visobert_08188,10185,0,,none
fresh_visobert_10602,10186,0,,none
fresh_visobert_08231,10187,0,,none
fresh_visobert_08216,10188,1,polarity,polarity
fresh_visobert_04381,10189,1,emotion,emotion
fresh_visobert_02704,10190,0,,none
fresh_visobert_07169,10191,1,sarcasm|emotion,"sarcasm,emotion"
fresh_visobert_10219,10192,0,,none
fresh_visobert_00477,10193,0,,none
fresh_visobert_08918,10194,1,emotion,emotion
fresh_visobert_02528,10195,0,,none
fresh_visobert_05731,10196,1,emotion,emotion
fresh_visobert_02057,10197,1,emotion,emotion
fresh_visobert_09886,10198,0,,none
fresh_visobert_04715,10199,0,,none
fresh_visobert_09338,10200,0,,none
fresh_visobert_05083,10201,0,,none
fresh_visobert_08632,10202,0,,none
fresh_visobert_00453,10203,0,,none
fresh_visobert_08810,10204,0,,none
fresh_visobert_02393,10205,0,,none
fresh_visobert_00180,10206,0,,none
fresh_visobert_02585,10207,1,mocking,mocking
fresh_visobert_09321,10208,0,,none
fresh_visobert_11154,10209,1,polarity,polarity
fresh_visobert_09732,10210,0,,none
fresh_visobert_03151,10211,0,,none
fresh_visobert_09855,10212,0,,none
fresh_visobert_09812,10213,1,emotion,emotion
fresh_visobert_08603,10214,0,,none
fresh_visobert_09754,10215,1,mocking|emotion,"mocking,emotion"
fresh_visobert_02321,10216,1,code_switching,code_switching
fresh_visobert_09171,10217,0,,none
fresh_visobert_07693,10218,0,,none
fresh_visobert_04216,10219,0,,none
fresh_visobert_10964,10220,0,,none
fresh_visobert_03470,10221,0,,none
fresh_visobert_10933,10222,0,,none
fresh_visobert_04248,10223,0,,none
fresh_visobert_08816,10224,0,,none
fresh_visobert_07274,10225,0,,none
fresh_visobert_00070,10226,1,emotion,emotion
fresh_visobert_10096,10227,0,,none
fresh_visobert_11349,10228,1,emotion,emotion
fresh_visobert_05497,10229,0,,none
fresh_visobert_04132,10230,0,,none
fresh_visobert_10407,10231,0,,none
fresh_visobert_00304,10232,1,emotion,emotion
fresh_visobert_06107,10233,0,,none
fresh_visobert_06125,10234,1,idiom_figurative,idiom_figurative
fresh_visobert_11899,10235,1,idiom_figurative|emotion,"idiom_figurative,emotion,sarcasm"
fresh_visobert_00405,10236,1,code_switching,code_switching
fresh_visobert_05071,10237,0,,none
fresh_visobert_05013,10238,0,,none
fresh_visobert_07967,10239,1,emotion,emotion
fresh_visobert_07044,10240,0,,none
fresh_visobert_09565,10241,0,,none
fresh_visobert_01754,10242,0,,none
fresh_visobert_11975,10243,1,implicit_sentiment,implicit_sentiment
fresh_visobert_11200,10244,0,,none
fresh_visobert_03702,10245,1,implicit_sentiment,implicit_sentiment
fresh_visobert_03575,10246,1,polarity|emotion,"polarity,emotion"
fresh_visobert_07909,10247,0,,none
fresh_visobert_08826,10248,0,,none
fresh_visobert_07327,10249,1,polarity,polarity
fresh_visobert_10121,10250,0,,none
fresh_visobert_07652,10251,0,,none
fresh_visobert_06447,10252,0,,none
fresh_visobert_00506,10253,0,,none
fresh_visobert_04240,10254,1,implicit_sentiment|polarity|emotion,"implicit_sentiment,polarity,emotion"
fresh_visobert_03895,10255,0,,none
fresh_visobert_04059,10256,0,,none
fresh_visobert_03041,10257,1,mocking|emotion,"mocking,emotion"
fresh_visobert_02728,10258,0,,none
fresh_visobert_11317,10259,1,emotion,emotion
fresh_visobert_09689,10260,0,,none
fresh_visobert_08817,10261,1,polarity|emotion,"polarity,emotion"
fresh_visobert_01945,10262,0,,none
fresh_visobert_09998,10263,0,,none
fresh_visobert_05483,10264,0,,none
fresh_visobert_01963,10265,0,,none
fresh_visobert_03296,10266,0,,none
fresh_visobert_07709,10267,0,,none
fresh_visobert_04815,10268,1,code_switching|emotion,"code_switching,emotion"
fresh_visobert_02381,10269,0,,none
fresh_visobert_05740,10270,0,,none
fresh_visobert_00691,10271,1,polarity,polarity
fresh_visobert_09709,10272,0,,none
fresh_visobert_01144,10273,1,idiom_figurative|mocking,"idiom_figurative,mocking"
fresh_visobert_00674,10274,1,polarity,polarity
fresh_visobert_04338,10275,0,,none
fresh_visobert_07212,10276,0,,none
fresh_visobert_11906,10277,0,,none
fresh_visobert_04259,10278,0,,none
fresh_visobert_09045,10279,0,,none
fresh_visobert_05165,10280,0,,none
fresh_visobert_10691,10281,0,,none
fresh_visobert_00521,10282,0,,none
fresh_visobert_10533,10283,0,,none
fresh_visobert_06470,10284,0,,none
fresh_visobert_08047,10285,0,,none
fresh_visobert_07323,10286,0,,none
fresh_visobert_06212,10287,0,,none
fresh_visobert_03974,10288,0,,none
fresh_visobert_02233,10289,0,,none
fresh_visobert_07860,10290,1,emotion,emotion
fresh_visobert_08923,10291,0,,none
fresh_visobert_07204,10292,0,,none
fresh_visobert_08926,10293,1,code_switching,code_switching
fresh_visobert_11786,10294,1,code_switching|emotion,"code_switching,emotion"
fresh_visobert_06084,10295,0,,none
fresh_visobert_09557,10296,0,,none
fresh_visobert_05699,10297,0,,none
fresh_visobert_07820,10298,0,,none
fresh_visobert_07661,10299,1,idiom_figurative,idiom_figurative
fresh_visobert_00593,10300,1,emotion,emotion
fresh_visobert_07304,10301,1,polarity|emotion,"polarity,emotion"
fresh_visobert_10934,10302,1,mocking,mocking
fresh_visobert_08629,10303,0,,none
fresh_visobert_00345,10304,0,,none
fresh_visobert_00572,10305,0,,none
fresh_visobert_01403,10306,0,,none
fresh_visobert_04754,10307,1,implicit_sentiment|mocking,"implicit_sentiment,mocking"
fresh_visobert_09485,10308,1,emotion,emotion
fresh_visobert_11418,10309,1,emotion,emotion
fresh_visobert_01415,10310,1,emotion,emotion
fresh_visobert_09123,10311,0,,none
fresh_visobert_00095,10312,0,,none
fresh_visobert_00242,10313,1,polarity|emotion,"polarity,emotion"
fresh_visobert_09658,10314,0,,none
fresh_visobert_10423,10315,1,mocking|emotion,"mocking,emotion"
fresh_visobert_07283,10316,0,,none
fresh_visobert_03561,10317,0,,none
fresh_visobert_11439,10318,1,mocking,mocking
fresh_visobert_01766,10319,0,,none
fresh_visobert_05000,10320,0,,none
fresh_visobert_03072,10321,1,polarity,polarity
fresh_visobert_10985,10322,0,,none
fresh_visobert_06206,10323,0,,none
fresh_visobert_00574,10324,0,,none
fresh_visobert_10448,10325,1,emotion,emotion
fresh_visobert_11485,10326,0,,none
fresh_visobert_07662,10327,0,,none
fresh_visobert_06242,10328,1,mocking|emotion,"mocking,emotion"
fresh_visobert_07268,10329,0,,none
fresh_visobert_07469,10330,0,,none
fresh_visobert_09380,10331,1,sarcasm,sarcasm
fresh_visobert_01519,10332,1,idiom_figurative|emotion,"idiom_figurative,emotion"
fresh_visobert_11377,10333,0,,none
fresh_visobert_00298,10334,1,polarity|emotion,"polarity,emotion"
fresh_visobert_09651,10335,0,,none
fresh_visobert_11580,10336,0,,none
fresh_visobert_05808,10337,1,mocking|emotion,"mocking,emotion"
fresh_visobert_07949,10338,0,,none
fresh_visobert_10843,10339,0,,none
fresh_visobert_10211,10340,0,,none
fresh_visobert_00713,10341,1,mocking|emotion,"mocking,emotion"
fresh_visobert_09936,10342,0,,none
fresh_visobert_09128,10343,0,,none
fresh_visobert_00866,10344,0,,none
fresh_visobert_02017,10345,1,emotion,emotion
fresh_visobert_03436,10346,1,mocking|emotion,"mocking,emotion"
fresh_visobert_00728,10347,1,sarcasm,sarcasm
fresh_visobert_02668,10348,1,implicit_sentiment,implicit_sentiment
fresh_visobert_01312,10349,0,,none
fresh_visobert_05409,10350,1,mocking|emotion,"mocking,emotion"
fresh_visobert_09261,10351,0,,none
fresh_visobert_03515,10352,0,,none
fresh_visobert_03384,10353,0,,none
fresh_visobert_00819,10354,0,,none
fresh_visobert_01850,10355,0,,none
fresh_visobert_02864,10356,0,,none
fresh_visobert_01749,10357,1,idiom_figurative|emotion,"idiom_figurative,emotion"
fresh_visobert_06916,10358,0,,none
fresh_visobert_04640,10359,0,,none
fresh_visobert_04646,10360,1,mocking,mocking
fresh_visobert_05229,10361,0,,none
fresh_visobert_01406,10362,0,,none
fresh_visobert_10974,10363,1,polarity,polarity
fresh_visobert_08785,10364,0,,none
fresh_visobert_00252,10365,0,,none
fresh_visobert_07193,10366,0,,none
fresh_visobert_05876,10367,1,code_switching,code_switching
fresh_visobert_00016,10368,0,,none
fresh_visobert_09914,10369,0,,none
fresh_visobert_01782,10370,0,,none
fresh_visobert_08021,10371,0,,none
fresh_visobert_00224,10372,1,code_switching,code_switching
fresh_visobert_02599,10373,1,emotion,emotion
fresh_visobert_04622,10374,0,,none
fresh_visobert_08953,10375,0,,none
fresh_visobert_09287,10376,0,,none
fresh_visobert_00206,10377,0,,none
fresh_visobert_03365,10378,0,,none
fresh_visobert_08223,10379,1,polarity,polarity
fresh_visobert_04299,10380,0,,none
fresh_visobert_11954,10381,0,,none
fresh_visobert_08024,10382,1,polarity,polarity
fresh_visobert_00588,10383,1,mocking|emotion,"mocking,emotion"
fresh_visobert_01999,10384,0,,none
fresh_visobert_02377,10385,1,polarity|emotion,"polarity,emotion"
fresh_visobert_09706,10386,1,mocking|emotion,"mocking,emotion"
fresh_visobert_00843,10387,1,idiom_figurative,idiom_figurative
fresh_visobert_06810,10388,0,,none
fresh_visobert_04525,10389,0,,none
fresh_visobert_07881,10390,1,code_switching,code_switching
fresh_visobert_10364,10391,0,,none
fresh_visobert_08456,10392,1,idiom_figurative,idiom_figurative
fresh_visobert_06349,10393,0,,none
fresh_visobert_07726,10394,0,,none
fresh_visobert_08497,10395,1,implicit_sentiment|emotion,"implicit_sentiment,emotion"
fresh_visobert_05567,10396,0,,none
fresh_visobert_11811,10397,1,code_switching,code_switching
fresh_visobert_04045,10398,1,code_switching,code_switching
fresh_visobert_07786,10399,1,emotion,emotion
fresh_visobert_04253,10400,1,emotion,emotion
fresh_visobert_09109,10401,0,,none
fresh_visobert_05832,10402,0,,none
fresh_visobert_06598,10403,1,mocking,mocking
fresh_visobert_04428,10404,1,idiom_figurative,idiom_figurative
fresh_visobert_03022,10405,0,,none
fresh_visobert_04740,10406,0,,none
fresh_visobert_05660,10407,0,,none
fresh_visobert_11931,10408,0,,none
fresh_visobert_00067,10409,0,,none
fresh_visobert_01495,10410,1,emotion,emotion
fresh_visobert_01706,10411,0,,none
fresh_visobert_00499,10412,0,,none
fresh_visobert_06967,10413,0,,none
fresh_visobert_02409,10414,0,,none
fresh_visobert_01087,10415,0,,none
fresh_visobert_07849,10416,0,,none
fresh_visobert_00936,10417,0,,none
fresh_visobert_00801,10418,0,,none
fresh_visobert_06927,10419,0,,none
fresh_visobert_08477,10420,1,polarity,polarity
fresh_visobert_09419,10421,0,,none
fresh_visobert_11718,10422,0,,none
fresh_visobert_05779,10423,0,,none
fresh_visobert_01641,10424,0,,none
fresh_visobert_04762,10425,0,,none
fresh_visobert_07360,10426,1,emotion,emotion
fresh_visobert_07500,10427,0,,none
fresh_visobert_01043,10428,0,,none
fresh_visobert_04340,10429,0,,none
fresh_visobert_08674,10430,0,,none
fresh_visobert_06836,10431,0,,none
fresh_visobert_00906,10432,0,,none
fresh_visobert_05775,10433,1,code_switching,code_switching
fresh_visobert_08284,10434,0,,none
fresh_visobert_10253,10435,0,,none
fresh_visobert_09946,10436,0,,none
fresh_visobert_10305,10437,0,,none
fresh_visobert_01649,10438,1,implicit_sentiment|emotion,"implicit_sentiment,emotion"
fresh_visobert_07281,10439,0,,none
fresh_visobert_02959,10440,0,,none
fresh_visobert_10061,10441,0,,none
fresh_visobert_11775,10442,0,,none
fresh_visobert_00943,10443,1,polarity,polarity
fresh_visobert_02394,10444,0,,none
fresh_visobert_05061,10445,1,polarity,polarity
fresh_visobert_09835,10446,0,,none
fresh_visobert_03139,10447,0,,none
fresh_visobert_08940,10448,0,,none
fresh_visobert_01400,10449,0,,none
fresh_visobert_05135,10450,1,mocking|emotion,"mocking,emotion"
fresh_visobert_05730,10451,1,emotion,emotion
fresh_visobert_00516,10452,1,emotion,emotion
fresh_visobert_00349,10453,1,implicit_sentiment|polarity|emotion,"implicit_sentiment,polarity,emotion"
fresh_visobert_03899,10454,0,,none
fresh_visobert_00001,10455,0,,none
fresh_visobert_02487,10456,0,,none
fresh_visobert_10824,10457,1,mocking|emotion,"mocking,emotion"
fresh_visobert_09961,10458,0,,none
fresh_visobert_10417,10459,0,,none
fresh_visobert_08721,10460,0,,none
fresh_visobert_00619,10461,0,,none
fresh_visobert_01103,10462,0,,none
fresh_visobert_10050,10463,0,,none
fresh_visobert_06122,10464,0,,none
fresh_visobert_00236,10465,1,implicit_sentiment|emotion,"implicit_sentiment,emotion"
fresh_visobert_09519,10466,0,,none
fresh_visobert_01897,10467,0,,none
fresh_visobert_09302,10468,1,emotion,emotion
fresh_visobert_01740,10469,1,polarity,polarity
fresh_visobert_04738,10470,0,,none
fresh_visobert_11019,10471,0,,none
fresh_visobert_09142,10472,0,,none
fresh_visobert_09304,10473,0,,none
fresh_visobert_11961,10474,0,,none
fresh_visobert_07619,10475,0,,none
fresh_visobert_03740,10476,0,,none
fresh_visobert_07142,10477,0,,none
fresh_visobert_00253,10478,1,mocking|emotion,"mocking,emotion"
fresh_visobert_05864,10479,1,emotion,emotion
fresh_visobert_06689,10480,1,mocking|emotion,"mocking,emotion"
fresh_visobert_05405,10481,0,,none
fresh_visobert_09569,10482,0,,none
fresh_visobert_09049,10483,0,,none
fresh_visobert_10328,10484,0,,none
fresh_visobert_10105,10485,1,emotion,emotion
fresh_visobert_09085,10486,1,mocking|emotion,"mocking,emotion"
fresh_visobert_11407,10487,0,,none
fresh_visobert_08140,10488,0,,none
fresh_visobert_01505,10489,1,code_switching|emotion,"code_switching,emotion"
fresh_visobert_07876,10490,0,,none
fresh_visobert_04156,10491,0,,none
fresh_visobert_00857,10492,0,,none
fresh_visobert_04042,10493,0,,none
fresh_visobert_06706,10494,1,code_switching|polarity|emotion,"code_switching,polarity,emotion"
fresh_visobert_03482,10495,0,,none
fresh_visobert_05266,10496,0,,none
fresh_visobert_06750,10497,0,,none
fresh_visobert_01398,10498,0,,none
fresh_visobert_07385,10499,1,code_switching,code_switching
fresh_visobert_05402,10500,0,,none
fresh_visobert_00356,10501,0,,none
fresh_visobert_02333,10502,0,,none
fresh_visobert_09849,10503,1,sarcasm,sarcasm
fresh_visobert_01733,10504,0,,none
fresh_visobert_01954,10505,0,,none
fresh_visobert_03797,10506,0,,none
fresh_visobert_04996,10507,1,polarity,polarity
fresh_visobert_00219,10508,0,,none
fresh_visobert_04270,10509,0,,none
fresh_visobert_01250,10510,0,,none
fresh_visobert_09209,10511,0,,none
fresh_visobert_02045,10512,0,,none
fresh_visobert_05366,10513,0,,none
fresh_visobert_09956,10514,0,,none
fresh_visobert_05842,10515,0,,none
fresh_visobert_11520,10516,1,emotion,emotion
fresh_visobert_04021,10517,0,,none
fresh_visobert_11548,10518,1,code_switching,code_switching
fresh_visobert_03242,10519,1,idiom_figurative|emotion,"idiom_figurative,emotion"
fresh_visobert_08470,10520,1,polarity,polarity
fresh_visobert_05542,10521,0,,none
fresh_visobert_00444,10522,0,,none
fresh_visobert_09105,10523,0,,none
fresh_visobert_07167,10524,1,emotion,emotion
fresh_visobert_06279,10525,0,,none
fresh_visobert_05357,10526,0,,none
fresh_visobert_10973,10527,0,,none
fresh_visobert_00169,10528,0,,none
fresh_visobert_03773,10529,0,,none
fresh_visobert_01874,10530,1,implicit_sentiment,implicit_sentiment
fresh_visobert_02775,10531,1,idiom_figurative,idiom_figurative
fresh_visobert_06451,10532,1,idiom_figurative,idiom_figurative
fresh_visobert_02424,10533,1,polarity|emotion,"polarity,emotion"
fresh_visobert_04953,10534,0,,none
fresh_visobert_08481,10535,0,,none
fresh_visobert_11571,10536,0,,none
fresh_visobert_02469,10537,0,,none
fresh_visobert_00787,10538,0,,none
fresh_visobert_01182,10539,0,,none
fresh_visobert_08969,10540,0,,none
fresh_visobert_00290,10541,0,,none
fresh_visobert_05433,10542,0,,none
fresh_visobert_04144,10543,0,,none
fresh_visobert_01331,10544,0,,none
fresh_visobert_01265,10545,0,,none
fresh_visobert_02416,10546,0,,none
fresh_visobert_04846,10547,1,mocking|polarity|emotion,"mocking,polarity,emotion"
fresh_visobert_01133,10548,0,,none
fresh_visobert_04244,10549,0,,none
fresh_visobert_01785,10550,0,,none
fresh_visobert_00170,10551,0,,none
fresh_visobert_03404,10552,0,,none
fresh_visobert_07337,10553,0,,none
fresh_visobert_03438,10554,0,,none
fresh_visobert_11739,10555,1,polarity|emotion,"polarity,emotion"
fresh_visobert_07232,10556,0,,none
fresh_visobert_06003,10557,0,,none
fresh_visobert_07622,10558,0,,none
fresh_visobert_07563,10559,0,,none
fresh_visobert_06513,10560,0,,none
fresh_visobert_08387,10561,1,implicit_sentiment,implicit_sentiment
fresh_visobert_02316,10562,1,emotion,emotion
fresh_visobert_04231,10563,0,,none
fresh_visobert_09624,10564,0,,none
fresh_visobert_04530,10565,0,,none
fresh_visobert_08839,10566,1,implicit_sentiment|mocking,"implicit_sentiment,mocking"
fresh_visobert_10724,10567,0,,none
fresh_visobert_02818,10568,0,,none
fresh_visobert_01572,10569,1,emotion,emotion
fresh_visobert_10865,10570,0,,none
fresh_visobert_00207,10571,0,,none
fresh_visobert_06609,10572,0,,none
fresh_visobert_10366,10573,0,,none
fresh_visobert_03658,10574,1,idiom_figurative,idiom_figurative
fresh_visobert_07669,10575,0,,none
fresh_visobert_11107,10576,0,,none
fresh_visobert_04049,10577,0,,none
fresh_visobert_05974,10578,0,,none
fresh_visobert_00228,10579,0,,none
fresh_visobert_04444,10580,0,,none
fresh_visobert_08499,10581,1,implicit_sentiment,implicit_sentiment
fresh_visobert_10847,10582,1,polarity,polarity
fresh_visobert_04784,10583,0,,none
fresh_visobert_07754,10584,0,,none
fresh_visobert_06425,10585,0,,none
fresh_visobert_08060,10586,1,code_switching,code_switching
fresh_visobert_11669,10587,1,mocking,mocking
fresh_visobert_05712,10588,1,emotion,emotion
fresh_visobert_07981,10589,1,emotion,emotion
fresh_visobert_01413,10590,0,,none
fresh_visobert_05336,10591,1,sarcasm,sarcasm
fresh_visobert_09719,10592,1,mocking|emotion,"mocking,emotion"
fresh_visobert_09594,10593,1,mocking|emotion,"mocking,emotion"
fresh_visobert_11885,10594,0,,none
fresh_visobert_01633,10595,0,,none
fresh_visobert_01077,10596,1,emotion,emotion
fresh_visobert_01575,10597,1,mocking,mocking
fresh_visobert_11509,10598,0,,none
fresh_visobert_04434,10599,0,,none
fresh_visobert_01473,10600,0,,none
fresh_visobert_09825,10601,0,,none
fresh_visobert_09574,10602,0,,none
fresh_visobert_02465,10603,0,,none
fresh_visobert_01667,10604,1,polarity,polarity
fresh_visobert_03466,10605,0,,none
fresh_visobert_05891,10606,0,,none
fresh_visobert_06435,10607,1,idiom_figurative|polarity|emotion,"idiom_figurative,polarity,emotion"
fresh_visobert_03956,10608,0,,none
fresh_visobert_01899,10609,0,,none
fresh_visobert_01523,10610,1,code_switching,code_switching
fresh_visobert_03241,10611,1,emotion,emotion
fresh_visobert_09406,10612,1,code_switching,code_switching
fresh_visobert_08226,10613,1,code_switching,code_switching
fresh_visobert_06779,10614,0,,none
fresh_visobert_07724,10615,0,,none
fresh_visobert_03801,10616,0,,none
fresh_visobert_05610,10617,0,,none
fresh_visobert_06265,10618,0,,none
fresh_visobert_10610,10619,0,,none
fresh_visobert_01458,10620,1,idiom_figurative|code_switching|mocking|emotion,"idiom_figurative,code_switching,mocking,emotion"
fresh_visobert_01700,10621,0,,none
fresh_visobert_07663,10622,1,idiom_figurative|polarity,"idiom_figurative,polarity"
fresh_visobert_05596,10623,1,code_switching,code_switching
fresh_visobert_02015,10624,0,,none
fresh_visobert_09151,10625,0,,none
fresh_visobert_10717,10626,1,emotion,emotion
fresh_visobert_10027,10627,0,,none
fresh_visobert_05313,10628,1,polarity|emotion,"polarity,emotion"
fresh_visobert_05798,10629,0,,none
fresh_visobert_10099,10630,0,,none
fresh_visobert_10346,10631,0,,none
fresh_visobert_08534,10632,0,,none
fresh_visobert_02224,10633,0,,none
fresh_visobert_11554,10634,0,,none
fresh_visobert_10583,10635,0,,none
fresh_visobert_08250,10636,1,polarity,polarity
fresh_visobert_09584,10637,0,,none
fresh_visobert_11532,10638,0,,none
fresh_visobert_00156,10639,1,code_switching,code_switching
fresh_visobert_07565,10640,0,,none
fresh_visobert_01044,10641,0,,none
fresh_visobert_08303,10642,0,,sarcasm
fresh_visobert_02550,10643,0,,none
fresh_visobert_00181,10644,0,,none
fresh_visobert_02743,10645,0,,none
fresh_visobert_10077,10646,0,,none
fresh_visobert_04745,10647,1,code_switching,code_switching
fresh_visobert_00385,10648,1,implicit_sentiment|idiom_figurative,"implicit_sentiment,idiom_figurative"
fresh_visobert_04927,10649,1,mocking|emotion,"mocking,emotion"
fresh_visobert_06664,10650,1,mocking|emotion,"mocking,emotion"
fresh_visobert_03683,10651,0,,none
fresh_visobert_07172,10652,0,,none
fresh_visobert_05143,10653,0,,none
fresh_visobert_00804,10654,0,,none
fresh_visobert_01157,10655,1,code_switching,code_switching
fresh_visobert_03888,10656,0,,none
fresh_visobert_05148,10657,1,idiom_figurative|emotion,"idiom_figurative,emotion"
fresh_visobert_06642,10658,0,,none
fresh_visobert_11395,10659,0,,none
fresh_visobert_03945,10660,1,code_switching,code_switching
fresh_visobert_10040,10661,0,,none
fresh_visobert_05119,10662,0,,none
fresh_visobert_01762,10663,0,,none
fresh_visobert_03461,10664,1,emotion,emotion
fresh_visobert_09094,10665,1,polarity|emotion,"polarity,emotion"
fresh_visobert_08294,10666,1,emotion,emotion
fresh_visobert_08408,10667,0,,none
fresh_visobert_09985,10668,1,emotion,emotion
fresh_visobert_08716,10669,0,,none
fresh_visobert_07457,10670,0,,none
fresh_visobert_03591,10671,1,emotion,emotion
fresh_visobert_01163,10672,1,mocking|emotion,"mocking,emotion"
fresh_visobert_03393,10673,0,,none
fresh_visobert_00826,10674,1,polarity|emotion,"polarity,emotion"
fresh_visobert_05133,10675,0,,none
fresh_visobert_11135,10676,1,implicit_sentiment|mocking,"implicit_sentiment,mocking"
fresh_visobert_00599,10677,1,implicit_sentiment,implicit_sentiment
fresh_visobert_07427,10678,0,,none
fresh_visobert_04739,10679,0,,none
fresh_visobert_01973,10680,0,,none
fresh_visobert_11674,10681,1,emotion,emotion
fresh_visobert_00291,10682,0,,none
fresh_visobert_04998,10683,0,,none
fresh_visobert_08100,10684,0,,none
fresh_visobert_10814,10685,0,,none
fresh_visobert_06806,10686,0,,none
fresh_visobert_05875,10687,0,,none
fresh_visobert_07884,10688,0,,none
fresh_visobert_02414,10689,0,,none
fresh_visobert_02107,10690,1,code_switching|mocking|emotion,"code_switching,mocking,emotion"
fresh_visobert_07642,10691,0,,none
fresh_visobert_05077,10692,0,,none
fresh_visobert_05761,10693,0,,none
fresh_visobert_05217,10694,0,,none
fresh_visobert_09667,10695,0,,none
fresh_visobert_02156,10696,0,,none
fresh_visobert_07231,10697,0,,none
fresh_visobert_05358,10698,0,,none
fresh_visobert_02026,10699,0,,none
fresh_visobert_00017,10700,0,,none
fresh_visobert_07865,10701,1,polarity|emotion,"polarity,emotion"
fresh_visobert_08932,10702,0,,none
fresh_visobert_07201,10703,0,,none
fresh_visobert_03189,10704,0,,none
fresh_visobert_04037,10705,1,emotion,emotion
fresh_visobert_07788,10706,0,,none
fresh_visobert_02040,10707,1,code_switching,code_switching
fresh_visobert_10068,10708,0,,none
fresh_visobert_02885,10709,1,idiom_figurative|emotion,"idiom_figurative,emotion"
fresh_visobert_06259,10710,0,,none
fresh_visobert_02880,10711,0,,none
fresh_visobert_06958,10712,0,,none
fresh_visobert_01390,10713,0,,none
fresh_visobert_01169,10714,0,,none
fresh_visobert_00159,10715,0,,none
fresh_visobert_03499,10716,1,emotion,emotion
fresh_visobert_11974,10717,0,,none
fresh_visobert_06365,10718,1,code_switching|polarity|emotion,"code_switching,polarity,emotion"
fresh_visobert_04676,10719,0,,none
fresh_visobert_06377,10720,1,emotion,emotion
fresh_visobert_11861,10721,0,,none
fresh_visobert_07188,10722,0,,none
fresh_visobert_04942,10723,0,,none
fresh_visobert_06013,10724,1,sarcasm,sarcasm
fresh_visobert_10621,10725,0,,none
fresh_visobert_00057,10726,1,polarity,polarity
fresh_visobert_02275,10727,0,,none
fresh_visobert_05156,10728,0,,none
fresh_visobert_05578,10729,0,,none
fresh_visobert_09990,10730,1,polarity,polarity
fresh_visobert_01034,10731,1,polarity,polarity
fresh_visobert_10808,10732,1,polarity,polarity
fresh_visobert_03700,10733,0,,none
fresh_visobert_02771,10734,1,code_switching,code_switching
fresh_visobert_04644,10735,1,mocking|emotion,"mocking,emotion"
fresh_visobert_02597,10736,0,,none
fresh_visobert_11286,10737,0,,none
fresh_visobert_02635,10738,0,,none
fresh_visobert_06912,10739,1,emotion,emotion
fresh_visobert_08227,10740,0,,none
fresh_visobert_06990,10741,1,code_switching,code_switching
fresh_visobert_09022,10742,0,,none
fresh_visobert_07227,10743,0,,none
fresh_visobert_09682,10744,1,implicit_sentiment,implicit_sentiment
fresh_visobert_04084,10745,1,code_switching|polarity|emotion,"code_switching,polarity,emotion"
fresh_visobert_00547,10746,0,,none
fresh_visobert_05546,10747,0,,none
fresh_visobert_09203,10748,0,,none
fresh_visobert_06577,10749,1,mocking|emotion,"mocking,emotion"
fresh_visobert_05311,10750,0,,none
fresh_visobert_11096,10751,0,,none
fresh_visobert_11062,10752,1,emotion,emotion
fresh_visobert_04674,10753,0,,none
fresh_visobert_08614,10754,1,emotion,emotion
fresh_visobert_06169,10755,1,emotion,emotion
fresh_visobert_00327,10756,0,,none
fresh_visobert_01975,10757,0,,none
fresh_visobert_08172,10758,0,,none
fresh_visobert_10257,10759,0,,none
fresh_visobert_05915,10760,1,polarity,polarity
fresh_visobert_03342,10761,1,polarity,polarity
fresh_visobert_09775,10762,0,,none
fresh_visobert_07645,10763,1,implicit_sentiment,implicit_sentiment
fresh_visobert_04794,10764,0,,none
fresh_visobert_04483,10765,1,mocking|emotion,"mocking,emotion"
fresh_visobert_03594,10766,1,code_switching,code_switching
fresh_visobert_06670,10767,0,,none
fresh_visobert_06278,10768,0,,none
fresh_visobert_05819,10769,0,,none
fresh_visobert_02180,10770,0,,none
fresh_visobert_10951,10771,0,,none
fresh_visobert_07640,10772,0,,none
fresh_visobert_02179,10773,1,emotion,emotion
fresh_visobert_05400,10774,1,emotion,emotion
fresh_visobert_00941,10775,1,idiom_figurative|emotion,"idiom_figurative,emotion"
fresh_visobert_11347,10776,0,,none
fresh_visobert_03382,10777,1,idiom_figurative|mocking|polarity|emotion,"idiom_figurative,mocking,polarity,emotion"
fresh_visobert_01363,10778,1,polarity,polarity
fresh_visobert_02977,10779,0,,none
fresh_visobert_05959,10780,0,,none
fresh_visobert_04788,10781,1,emotion,emotion
fresh_visobert_11755,10782,0,,none
fresh_visobert_00008,10783,0,,none
fresh_visobert_06758,10784,1,emotion,emotion
fresh_visobert_01402,10785,0,,none
fresh_visobert_10618,10786,1,code_switching,code_switching
fresh_visobert_05321,10787,0,,sarcasm
fresh_visobert_05277,10788,0,,none
fresh_visobert_08157,10789,0,,none
fresh_visobert_02115,10790,1,polarity,polarity
fresh_visobert_01842,10791,0,,none
fresh_visobert_08698,10792,0,,none
fresh_visobert_04631,10793,0,,none
fresh_visobert_00240,10794,1,polarity,polarity
fresh_visobert_04919,10795,1,mocking|emotion,"mocking,emotion"
fresh_visobert_11438,10796,0,,none
fresh_visobert_10729,10797,0,,none
fresh_visobert_10868,10798,1,code_switching,code_switching
fresh_visobert_08479,10799,1,idiom_figurative,idiom_figurative
fresh_visobert_04900,10800,0,,none
fresh_visobert_11900,10801,0,,none
fresh_visobert_02857,10802,0,,none
fresh_visobert_06202,10803,0,,none
fresh_visobert_03218,10804,0,,none
fresh_visobert_04366,10805,1,polarity,polarity
fresh_visobert_11015,10806,0,,none
fresh_visobert_06111,10807,0,,none
fresh_visobert_07079,10808,0,,none
fresh_visobert_08692,10809,0,,none
fresh_visobert_02509,10810,0,,none
fresh_visobert_03614,10811,0,,none
fresh_visobert_09357,10812,0,,none
fresh_visobert_11390,10813,0,,none
fresh_visobert_05492,10814,0,,none
fresh_visobert_09766,10815,1,polarity,polarity
fresh_visobert_04028,10816,0,,none
fresh_visobert_00867,10817,0,,none
fresh_visobert_00968,10818,0,,none
fresh_visobert_01652,10819,0,,none
fresh_visobert_03900,10820,0,,none
fresh_visobert_05364,10821,1,idiom_figurative|emotion,"idiom_figurative,emotion"
fresh_visobert_09328,10822,0,,none
fresh_visobert_07971,10823,0,,none
fresh_visobert_11576,10824,0,,none
fresh_visobert_05577,10825,1,mocking|emotion,"mocking,emotion"
fresh_visobert_02561,10826,0,,none
fresh_visobert_10326,10827,0,,none
fresh_visobert_01262,10828,0,,none
fresh_visobert_10617,10829,0,,none
fresh_visobert_01174,10830,0,,none
fresh_visobert_07988,10831,1,mocking|emotion,"mocking,emotion"
fresh_visobert_02687,10832,0,,none
fresh_visobert_02109,10833,1,mocking|emotion,"mocking,emotion"
fresh_visobert_04945,10834,0,,none
fresh_visobert_03914,10835,1,mocking|emotion,"mocking,emotion"
fresh_visobert_05406,10836,0,,none
fresh_visobert_09399,10837,0,,none
fresh_visobert_03507,10838,0,,none
fresh_visobert_00696,10839,1,polarity,polarity
fresh_visobert_04322,10840,0,,none
fresh_visobert_09824,10841,1,code_switching,code_switching
fresh_visobert_09297,10842,1,sarcasm,sarcasm
fresh_visobert_05140,10843,0,,none
fresh_visobert_10651,10844,0,,none
fresh_visobert_07230,10845,0,,none
fresh_visobert_08590,10846,0,,none
fresh_visobert_05639,10847,0,,none
fresh_visobert_05780,10848,0,,none
fresh_visobert_08454,10849,0,,none
fresh_visobert_06446,10850,0,,none
fresh_visobert_05878,10851,0,,none
fresh_visobert_08171,10852,1,code_switching|polarity|emotion,"code_switching,polarity,emotion"
fresh_visobert_09429,10853,0,,none
fresh_visobert_01694,10854,0,,none
fresh_visobert_08385,10855,0,,none
fresh_visobert_03165,10856,0,,none
fresh_visobert_10224,10857,1,code_switching,code_switching
fresh_visobert_04472,10858,1,idiom_figurative,idiom_figurative
fresh_visobert_00896,10859,1,polarity,polarity
fresh_visobert_01496,10860,0,,none
fresh_visobert_08864,10861,1,code_switching,code_switching
fresh_visobert_10172,10862,0,,none
fresh_visobert_09541,10863,0,,none
fresh_visobert_07494,10864,0,,none
fresh_visobert_08811,10865,0,,none
fresh_visobert_08155,10866,0,,none
fresh_visobert_09820,10867,1,emotion,emotion
fresh_visobert_02118,10868,0,,none
fresh_visobert_00077,10869,0,,none
fresh_visobert_05803,10870,0,,none
fresh_visobert_07246,10871,0,,none
fresh_visobert_10805,10872,1,implicit_sentiment,implicit_sentiment
fresh_visobert_08833,10873,0,,none
fresh_visobert_05180,10874,0,,none
fresh_visobert_04542,10875,1,idiom_figurative|emotion,"idiom_figurative,emotion"
fresh_visobert_04921,10876,0,,none
fresh_visobert_02361,10877,0,,none
fresh_visobert_02618,10878,0,,none
fresh_visobert_02132,10879,1,implicit_sentiment|idiom_figurative|mocking|emotion,"implicit_sentiment,idiom_figurative,mocking,emotion"
fresh_visobert_06503,10880,0,,none
fresh_visobert_09289,10881,0,,none
fresh_visobert_00361,10882,0,,none
fresh_visobert_07476,10883,0,,none
fresh_visobert_03795,10884,0,,none
fresh_visobert_01160,10885,1,emotion,emotion
fresh_visobert_08168,10886,1,emotion,emotion
fresh_visobert_00090,10887,0,,none
fresh_visobert_08761,10888,0,,none
fresh_visobert_10433,10889,0,,none
fresh_visobert_00864,10890,1,mocking|emotion,"mocking,emotion"
fresh_visobert_00145,10891,0,,none
fresh_visobert_07255,10892,0,,none
fresh_visobert_06097,10893,0,,none
fresh_visobert_09228,10894,0,,none
fresh_visobert_01591,10895,0,,none
fresh_visobert_00614,10896,1,implicit_sentiment|polarity|emotion,"implicit_sentiment,polarity,emotion"
fresh_visobert_03553,10897,0,,none
fresh_visobert_03694,10898,0,,none
fresh_visobert_02087,10899,0,,none
fresh_visobert_04534,10900,1,emotion,emotion
fresh_visobert_09968,10901,1,emotion,emotion
fresh_visobert_08582,10902,0,,none
fresh_visobert_04478,10903,0,,none
fresh_visobert_11836,10904,1,emotion,emotion
fresh_visobert_02219,10905,1,idiom_figurative,idiom_figurative
fresh_visobert_06150,10906,0,,none
fresh_visobert_03369,10907,0,,none
fresh_visobert_08546,10908,1,emotion,emotion
fresh_visobert_05896,10909,1,idiom_figurative|emotion,"idiom_figurative,emotion"
fresh_visobert_01027,10910,0,,none
fresh_visobert_08026,10911,0,,none
fresh_visobert_10188,10912,0,,none
fresh_visobert_01570,10913,1,emotion,emotion
fresh_visobert_00890,10914,0,,none
fresh_visobert_09781,10915,0,,none
fresh_visobert_00902,10916,0,,none
fresh_visobert_11902,10917,0,,none
fresh_visobert_02549,10918,1,idiom_figurative|emotion,"idiom_figurative,emotion"
fresh_visobert_05394,10919,1,emotion,emotion
fresh_visobert_04960,10920,1,polarity,polarity
fresh_visobert_10081,10921,0,,none
fresh_visobert_05860,10922,0,,none
fresh_visobert_11066,10923,0,,none
fresh_visobert_03107,10924,0,,none
fresh_visobert_02989,10925,0,,none
fresh_visobert_07639,10926,0,,none
fresh_visobert_06339,10927,0,,none
fresh_visobert_01566,10928,1,sarcasm,sarcasm
fresh_visobert_01750,10929,1,implicit_sentiment,implicit_sentiment
fresh_visobert_07558,10930,1,emotion,emotion
fresh_visobert_05693,10931,0,,none
fresh_visobert_10376,10932,0,,none
fresh_visobert_00914,10933,0,,none
fresh_visobert_03338,10934,0,,none
fresh_visobert_08125,10935,0,,none
fresh_visobert_03761,10936,1,emotion,emotion
fresh_visobert_10203,10937,1,mocking|emotion,"mocking,emotion"
fresh_visobert_01045,10938,1,polarity|emotion,"polarity,emotion"
fresh_visobert_08957,10939,0,,none
fresh_visobert_04997,10940,0,,none
fresh_visobert_04523,10941,0,,none
fresh_visobert_06387,10942,0,,none
fresh_visobert_06707,10943,0,,none
fresh_visobert_06475,10944,1,emotion,emotion
fresh_visobert_02768,10945,0,,none
fresh_visobert_11122,10946,0,,none
fresh_visobert_11489,10947,1,idiom_figurative,idiom_figurative
fresh_visobert_10248,10948,0,,none
fresh_visobert_06744,10949,0,,none
fresh_visobert_07450,10950,0,,none
fresh_visobert_06382,10951,0,,none
fresh_visobert_05621,10952,0,,none
fresh_visobert_02534,10953,0,,none
fresh_visobert_00509,10954,0,,none
fresh_visobert_06608,10955,0,,none
fresh_visobert_04514,10956,0,,none
fresh_visobert_10820,10957,0,,none
fresh_visobert_07737,10958,0,,none
fresh_visobert_10867,10959,0,,none
fresh_visobert_09412,10960,1,emotion,emotion
fresh_visobert_01287,10961,0,,none
fresh_visobert_04345,10962,0,,none
fresh_visobert_08453,10963,0,,none
fresh_visobert_10630,10964,0,,none
fresh_visobert_06940,10965,0,,none
fresh_visobert_08685,10966,0,,none
fresh_visobert_03993,10967,0,,none
fresh_visobert_11853,10968,0,,none
fresh_visobert_01660,10969,0,,none
fresh_visobert_06209,10970,0,,none
fresh_visobert_00816,10971,0,,none
fresh_visobert_09649,10972,0,,none
fresh_visobert_11832,10973,1,mocking|emotion,"mocking,emotion"
fresh_visobert_11749,10974,0,,none
fresh_visobert_10637,10975,0,,none
fresh_visobert_06193,10976,0,,none
fresh_visobert_03079,10977,0,,none
fresh_visobert_04383,10978,0,,none
fresh_visobert_10443,10979,0,,none
fresh_visobert_04880,10980,0,,none
fresh_visobert_03772,10981,0,,none
fresh_visobert_05973,10982,0,,none
fresh_visobert_05028,10983,0,,none
fresh_visobert_01992,10984,1,mocking|emotion,"mocking,emotion"
fresh_visobert_05086,10985,1,implicit_sentiment|polarity,"implicit_sentiment,polarity"
fresh_visobert_00841,10986,0,,none
fresh_visobert_00167,10987,0,,none
fresh_visobert_00924,10988,0,,none
fresh_visobert_01697,10989,1,idiom_figurative|emotion,"idiom_figurative,emotion"
fresh_visobert_08576,10990,1,mocking|emotion,"mocking,emotion"
fresh_visobert_11304,10991,0,,none
fresh_visobert_05598,10992,0,,none
fresh_visobert_05636,10993,0,,none
fresh_visobert_05110,10994,0,,none
fresh_visobert_05295,10995,1,code_switching,code_switching
fresh_visobert_08350,10996,0,,none
fresh_visobert_11901,10997,1,emotion,emotion
fresh_visobert_05675,10998,1,emotion,emotion
fresh_visobert_10206,10999,1,implicit_sentiment,implicit_sentiment
fresh_visobert_04899,11000,1,implicit_sentiment|emotion,"implicit_sentiment,emotion"
fresh_visobert_00582,11001,0,,none
fresh_visobert_06248,11002,0,,none
fresh_visobert_06720,11003,1,code_switching,code_switching
fresh_visobert_11401,11004,0,,none
fresh_visobert_11645,11005,1,emotion,emotion
fresh_visobert_03362,11006,0,,none
fresh_visobert_01518,11007,1,emotion,emotion
fresh_visobert_01006,11008,1,idiom_figurative|emotion,"idiom_figurative,emotion"
fresh_visobert_08962,11009,0,,none
fresh_visobert_04733,11010,0,,none
fresh_visobert_07566,11011,1,idiom_figurative,idiom_figurative
fresh_visobert_02158,11012,0,,none
fresh_visobert_10185,11013,0,,none
fresh_visobert_06016,11014,0,,none
fresh_visobert_09767,11015,1,emotion,emotion
fresh_visobert_00495,11016,1,emotion,emotion
fresh_visobert_04790,11017,0,,none
fresh_visobert_11270,11018,0,,none
fresh_visobert_01052,11019,0,,none
fresh_visobert_01896,11020,0,,none
fresh_visobert_03866,11021,1,code_switching,code_switching
fresh_visobert_11049,11022,0,,none
fresh_visobert_04173,11023,0,,none
fresh_visobert_10641,11024,0,,none
fresh_visobert_00262,11025,1,emotion,emotion
fresh_visobert_02616,11026,0,,none
fresh_visobert_09376,11027,0,,none
fresh_visobert_00391,11028,0,,none
fresh_visobert_04376,11029,0,,none
fresh_visobert_11690,11030,1,emotion,emotion
fresh_visobert_10946,11031,0,,none
fresh_visobert_04160,11032,0,,none
fresh_visobert_08773,11033,1,emotion,emotion
fresh_visobert_05508,11034,1,emotion,emotion
fresh_visobert_01995,11035,0,,none
fresh_visobert_05237,11036,0,,none
fresh_visobert_04118,11037,1,code_switching,code_switching
fresh_visobert_09502,11038,0,,none
fresh_visobert_05769,11039,0,,none
fresh_visobert_00176,11040,0,,none
fresh_visobert_07512,11041,0,,none
fresh_visobert_00991,11042,0,,none
fresh_visobert_00883,11043,0,,none
fresh_visobert_04209,11044,0,,none
fresh_visobert_08266,11045,0,,none
fresh_visobert_10984,11046,0,,none
fresh_visobert_05833,11047,1,emotion,emotion
fresh_visobert_11925,11048,0,,none
fresh_visobert_04403,11049,0,,none
fresh_visobert_10283,11050,0,,none
fresh_visobert_09544,11051,1,polarity,polarity
fresh_visobert_11141,11052,0,,none
fresh_visobert_05125,11053,1,idiom_figurative|mocking|polarity,"idiom_figurative,mocking,polarity"
fresh_visobert_01581,11054,1,idiom_figurative,idiom_figurative
fresh_visobert_11017,11055,0,,none
fresh_visobert_01200,11056,0,,none
fresh_visobert_05691,11057,0,,none
fresh_visobert_07648,11058,1,emotion,emotion
fresh_visobert_00769,11059,0,,none
fresh_visobert_08134,11060,1,emotion,emotion
fresh_visobert_05158,11061,0,,none
fresh_visobert_06348,11062,0,,none
fresh_visobert_08628,11063,0,,none
fresh_visobert_05390,11064,0,,none
fresh_visobert_03117,11065,0,,none
fresh_visobert_01659,11066,1,idiom_figurative,idiom_figurative
fresh_visobert_11105,11067,0,,none
fresh_visobert_07366,11068,0,,none
fresh_visobert_06668,11069,1,emotion,emotion
fresh_visobert_04384,11070,0,,none
fresh_visobert_08843,11071,0,,none
fresh_visobert_04925,11072,1,implicit_sentiment|idiom_figurative,"implicit_sentiment,idiom_figurative"
fresh_visobert_07742,11073,0,,none
fresh_visobert_11095,11074,1,emotion,emotion
fresh_visobert_10822,11075,0,,none
fresh_visobert_01420,11076,1,emotion,emotion
fresh_visobert_06518,11077,0,,none
fresh_visobert_09262,11078,0,,none
fresh_visobert_10299,11079,0,,none
fresh_visobert_03660,11080,1,emotion,emotion
fresh_visobert_04797,11081,1,idiom_figurative|emotion,"idiom_figurative,emotion"
fresh_visobert_05939,11082,0,,sarcasm
fresh_visobert_07654,11083,0,,none
fresh_visobert_03597,11084,0,,none
fresh_visobert_03666,11085,0,,none
fresh_visobert_06659,11086,1,emotion,emotion
fresh_visobert_03496,11087,0,,none
fresh_visobert_02129,11088,0,,none
fresh_visobert_03987,11089,0,,none
fresh_visobert_04463,11090,0,,none
fresh_visobert_10237,11091,0,,none
fresh_visobert_10138,11092,0,,none
fresh_visobert_04560,11093,1,code_switching,code_switching
fresh_visobert_06009,11094,0,,none
fresh_visobert_01763,11095,0,,none
fresh_visobert_09361,11096,1,implicit_sentiment,implicit_sentiment
fresh_visobert_02726,11097,1,code_switching|mocking|emotion,"code_switching,mocking,emotion"
fresh_visobert_02872,11098,1,code_switching,code_switching
fresh_visobert_08909,11099,0,,none
fresh_visobert_11927,11100,0,,none
fresh_visobert_01116,11101,0,,none
fresh_visobert_01684,11102,0,,none
fresh_visobert_04984,11103,0,,none
fresh_visobert_01106,11104,1,emotion,emotion
fresh_visobert_02421,11105,0,,none
fresh_visobert_06636,11106,0,,none
fresh_visobert_03582,11107,0,,none
fresh_visobert_09247,11108,0,,none
fresh_visobert_08796,11109,0,,none
fresh_visobert_02766,11110,0,,none
fresh_visobert_02130,11111,0,,none
fresh_visobert_07418,11112,1,polarity,polarity
fresh_visobert_06427,11113,0,,none
fresh_visobert_07102,11114,0,,none
fresh_visobert_03473,11115,1,idiom_figurative|mocking|emotion,"idiom_figurative,mocking,emotion"
fresh_visobert_11028,11116,0,,none
fresh_visobert_07272,11117,1,idiom_figurative,idiom_figurative
fresh_visobert_11566,11118,1,idiom_figurative,idiom_figurative
fresh_visobert_11312,11119,1,emotion,emotion
fresh_visobert_07060,11120,1,implicit_sentiment|polarity|emotion,"implicit_sentiment,polarity,emotion"
fresh_visobert_11682,11121,1,idiom_figurative,idiom_figurative
fresh_visobert_06551,11122,1,idiom_figurative|emotion,"idiom_figurative,emotion"
fresh_visobert_05936,11123,1,polarity,polarity
fresh_visobert_04721,11124,1,code_switching,code_switching
fresh_visobert_10153,11125,1,mocking|polarity|emotion,"mocking,polarity,emotion"
fresh_visobert_03568,11126,1,polarity|emotion,"polarity,emotion"
fresh_visobert_02967,11127,1,idiom_figurative|emotion,"idiom_figurative,emotion"
fresh_visobert_10192,11128,1,implicit_sentiment,implicit_sentiment
fresh_visobert_06442,11129,1,polarity,polarity
fresh_visobert_06502,11130,0,,none
fresh_visobert_00880,11131,0,,none
fresh_visobert_07973,11132,0,,none
fresh_visobert_07995,11133,1,polarity|emotion,"polarity,emotion"
fresh_visobert_04598,11134,0,,none
fresh_visobert_05872,11135,0,,none
fresh_visobert_06622,11136,1,code_switching|mocking|emotion,"code_switching,mocking,emotion"
fresh_visobert_06124,11137,0,,none
fresh_visobert_03885,11138,0,,none
fresh_visobert_06192,11139,0,,none
fresh_visobert_01674,11140,1,mocking|emotion,"mocking,emotion"
fresh_visobert_10018,11141,0,,none
fresh_visobert_02981,11142,1,code_switching,code_switching
fresh_visobert_06372,11143,0,,none
fresh_visobert_10479,11144,0,,none
fresh_visobert_08469,11145,1,emotion,emotion
fresh_visobert_08975,11146,1,polarity,polarity
fresh_visobert_09718,11147,0,,none
fresh_visobert_01359,11148,0,,none
fresh_visobert_03718,11149,1,emotion,emotion
fresh_visobert_10823,11150,0,,none
fresh_visobert_03911,11151,0,,none
fresh_visobert_10807,11152,0,,none
fresh_visobert_10848,11153,0,,none
fresh_visobert_06027,11154,0,,none
fresh_visobert_10770,11155,0,,none
fresh_visobert_09917,11156,0,,none
fresh_visobert_07649,11157,0,,none
fresh_visobert_06855,11158,0,,none
fresh_visobert_02096,11159,0,,none
fresh_visobert_00279,11160,0,,none
fresh_visobert_07715,11161,0,,none
fresh_visobert_08558,11162,1,mocking|emotion,"mocking,emotion"
fresh_visobert_04526,11163,0,,none
fresh_visobert_00636,11164,0,,none
fresh_visobert_05303,11165,1,mocking|emotion,"mocking,emotion"
fresh_visobert_09450,11166,0,,none
fresh_visobert_07092,11167,0,,none
fresh_visobert_02744,11168,0,,none
fresh_visobert_03539,11169,0,,none
fresh_visobert_06287,11170,0,,none
fresh_visobert_10931,11171,0,,none
fresh_visobert_02659,11172,0,,none
fresh_visobert_10527,11173,0,,none
fresh_visobert_01884,11174,0,,none
fresh_visobert_01702,11175,0,,none
fresh_visobert_03179,11176,0,,none
fresh_visobert_10801,11177,0,,none
fresh_visobert_00288,11178,1,idiom_figurative,idiom_figurative
fresh_visobert_05024,11179,0,,none
fresh_visobert_01397,11180,1,code_switching,code_switching
fresh_visobert_05530,11181,0,,none
fresh_visobert_01318,11182,0,,none
fresh_visobert_00882,11183,1,polarity|emotion,"polarity,emotion"
fresh_visobert_00138,11184,1,idiom_figurative,idiom_figurative
fresh_visobert_03389,11185,0,,none
fresh_visobert_06219,11186,0,,none
fresh_visobert_08899,11187,0,,none
fresh_visobert_01542,11188,1,code_switching,code_switching
fresh_visobert_05897,11189,0,,none
fresh_visobert_03815,11190,0,,none
fresh_visobert_11603,11191,1,idiom_figurative,idiom_figurative
fresh_visobert_08137,11192,1,polarity|emotion,"polarity,emotion"
fresh_visobert_05914,11193,1,idiom_figurative,idiom_figurative
fresh_visobert_07651,11194,0,,none
fresh_visobert_08849,11195,1,implicit_sentiment,implicit_sentiment
fresh_visobert_10507,11196,0,,none
fresh_visobert_11590,11197,0,,none
fresh_visobert_05708,11198,0,,none
fresh_visobert_04085,11199,1,mocking|polarity,"mocking,polarity"
fresh_visobert_04409,11200,0,,none
fresh_visobert_05975,11201,0,,none
fresh_visobert_07900,11202,1,emotion,emotion
fresh_visobert_02806,11203,0,,none
fresh_visobert_09984,11204,0,,none
fresh_visobert_08291,11205,0,,none
fresh_visobert_01129,11206,1,mocking|emotion,"mocking,emotion"
fresh_visobert_01202,11207,1,mocking|emotion,"mocking,emotion"
fresh_visobert_03989,11208,0,,none
fresh_visobert_07621,11209,1,implicit_sentiment|mocking|emotion,"implicit_sentiment,mocking,emotion"
fresh_visobert_07298,11210,0,,none
fresh_visobert_06452,11211,0,,none
fresh_visobert_10922,11212,0,,none
fresh_visobert_05965,11213,1,polarity|emotion,"polarity,emotion"
fresh_visobert_00086,11214,1,implicit_sentiment,implicit_sentiment
fresh_visobert_04349,11215,0,,none
fresh_visobert_01208,11216,0,,none
fresh_visobert_11111,11217,1,polarity,polarity
fresh_visobert_07153,11218,1,emotion,emotion
fresh_visobert_02535,11219,0,,none
fresh_visobert_11806,11220,0,,none
fresh_visobert_10775,11221,0,,none
fresh_visobert_08747,11222,0,,none
fresh_visobert_01329,11223,1,mocking|emotion,"mocking,emotion"
fresh_visobert_10921,11224,0,,none
fresh_visobert_00808,11225,1,polarity,polarity
fresh_visobert_03698,11226,1,idiom_figurative,idiom_figurative
fresh_visobert_08109,11227,0,,none
fresh_visobert_05181,11228,0,,none
fresh_visobert_11168,11229,0,,none
fresh_visobert_06015,11230,0,,none
fresh_visobert_02449,11231,0,,none
fresh_visobert_00409,11232,0,,none
fresh_visobert_01757,11233,1,implicit_sentiment,implicit_sentiment
fresh_visobert_07755,11234,0,,none
fresh_visobert_04115,11235,0,,none
fresh_visobert_07074,11236,0,,none
fresh_visobert_08597,11237,1,polarity,polarity
fresh_visobert_09762,11238,0,,none
fresh_visobert_05356,11239,1,mocking,mocking
fresh_visobert_02411,11240,0,,none
fresh_visobert_04652,11241,1,code_switching,code_switching
fresh_visobert_10394,11242,1,mocking,mocking
fresh_visobert_07423,11243,0,,none
fresh_visobert_11038,11244,0,,none
fresh_visobert_10255,11245,1,polarity,polarity
fresh_visobert_04040,11246,1,code_switching,code_switching
fresh_visobert_11550,11247,0,,none
fresh_visobert_04005,11248,0,,none
fresh_visobert_11771,11249,1,code_switching,code_switching
fresh_visobert_06710,11250,0,,none
fresh_visobert_10141,11251,0,,none
fresh_visobert_01544,11252,1,emotion,emotion
fresh_visobert_01451,11253,0,,none
fresh_visobert_02382,11254,0,,none
fresh_visobert_08912,11255,1,code_switching,code_switching
fresh_visobert_09293,11256,0,,none
fresh_visobert_06541,11257,0,,none
fresh_visobert_10491,11258,0,,none
fresh_visobert_03505,11259,0,,none
fresh_visobert_11626,11260,0,,none
fresh_visobert_07911,11261,0,,none
fresh_visobert_07417,11262,1,polarity,polarity
fresh_visobert_09100,11263,0,,none
fresh_visobert_08033,11264,0,,none
fresh_visobert_01905,11265,1,emotion,emotion
fresh_visobert_05308,11266,0,,none
fresh_visobert_02470,11267,0,,none
fresh_visobert_03631,11268,1,polarity|emotion,"polarity,emotion"
fresh_visobert_09725,11269,0,,none
fresh_visobert_04111,11270,0,,none
fresh_visobert_04729,11271,0,,none
fresh_visobert_02820,11272,0,,none
fresh_visobert_07803,11273,0,,none
fresh_visobert_08888,11274,0,,none
fresh_visobert_06820,11275,1,emotion,emotion
fresh_visobert_05882,11276,0,,none
fresh_visobert_07862,11277,0,,none
fresh_visobert_03855,11278,0,,none
fresh_visobert_11186,11279,1,emotion,emotion
fresh_visobert_00053,11280,0,,none
fresh_visobert_06310,11281,0,,none
fresh_visobert_05700,11282,1,emotion,emotion
fresh_visobert_01310,11283,1,sarcasm,sarcasm
fresh_visobert_04137,11284,0,,none
fresh_visobert_04524,11285,0,,none
fresh_visobert_08142,11286,0,,none
fresh_visobert_07553,11287,0,,none
fresh_visobert_02245,11288,0,,none
fresh_visobert_01802,11289,1,emotion,emotion
fresh_visobert_03166,11290,1,code_switching,code_switching
fresh_visobert_06893,11291,0,,none
fresh_visobert_08336,11292,1,implicit_sentiment|polarity|emotion,"implicit_sentiment,polarity,emotion"
fresh_visobert_11353,11293,0,,none
fresh_visobert_08671,11294,1,emotion,emotion
fresh_visobert_04775,11295,1,idiom_figurative|emotion,"idiom_figurative,emotion"
fresh_visobert_04539,11296,0,,none
fresh_visobert_11053,11297,1,polarity|emotion,"polarity,emotion"
fresh_visobert_01553,11298,0,,none
fresh_visobert_05520,11299,1,polarity,polarity
fresh_visobert_06491,11300,0,,none
fresh_visobert_01772,11301,0,,none
fresh_visobert_03116,11302,0,,none
fresh_visobert_04172,11303,0,,none
fresh_visobert_10297,11304,0,,none
fresh_visobert_00828,11305,0,,none
fresh_visobert_10389,11306,0,,none
fresh_visobert_08181,11307,0,,none
fresh_visobert_08204,11308,0,,none
fresh_visobert_04737,11309,1,idiom_figurative|emotion,"idiom_figurative,emotion"
fresh_visobert_09773,11310,1,code_switching,code_switching
fresh_visobert_09314,11311,1,idiom_figurative,idiom_figurative
fresh_visobert_00354,11312,1,idiom_figurative|emotion,"idiom_figurative,emotion"
fresh_visobert_05828,11313,0,,none
fresh_visobert_02242,11314,1,code_switching,code_switching
fresh_visobert_06724,11315,1,idiom_figurative,idiom_figurative
fresh_visobert_05786,11316,1,polarity,polarity
fresh_visobert_05604,11317,0,,none
fresh_visobert_03299,11318,0,,none
fresh_visobert_09971,11319,1,mocking,mocking
fresh_visobert_05834,11320,0,,none
fresh_visobert_07221,11321,0,,none
fresh_visobert_05053,11322,0,,none
fresh_visobert_08735,11323,0,,none
fresh_visobert_04140,11324,0,,none
fresh_visobert_04573,11325,0,,none
fresh_visobert_08573,11326,0,,none
fresh_visobert_02334,11327,0,,none
fresh_visobert_03175,11328,0,,none
fresh_visobert_06311,11329,1,mocking|emotion,"mocking,emotion"
fresh_visobert_09152,11330,1,polarity|emotion,"polarity,emotion"
fresh_visobert_11647,11331,1,polarity,polarity
fresh_visobert_09508,11332,0,,none
fresh_visobert_04629,11333,1,implicit_sentiment,implicit_sentiment
fresh_visobert_07220,11334,0,,none
fresh_visobert_05516,11335,0,,none
fresh_visobert_08601,11336,0,,none
fresh_visobert_00381,11337,1,mocking|emotion,"mocking,emotion"
fresh_visobert_11934,11338,1,emotion,emotion
fresh_visobert_11713,11339,0,,none
fresh_visobert_08132,11340,1,polarity,polarity
fresh_visobert_00107,11341,1,sarcasm|code_switching,"sarcasm,code_switching"
fresh_visobert_08351,11342,0,,none
fresh_visobert_00024,11343,0,,none
fresh_visobert_05748,11344,0,,none
fresh_visobert_08663,11345,0,,none
fresh_visobert_00431,11346,0,,none
fresh_visobert_06207,11347,0,,none
fresh_visobert_04966,11348,1,emotion,emotion
fresh_visobert_08570,11349,0,,none
fresh_visobert_09074,11350,1,mocking,mocking
fresh_visobert_01554,11351,0,,none
fresh_visobert_08076,11352,1,polarity,polarity
fresh_visobert_08509,11353,0,,none
fresh_visobert_00698,11354,0,,none
fresh_visobert_07066,11355,0,,none
fresh_visobert_10450,11356,1,mocking,mocking
fresh_visobert_06904,11357,0,,none
fresh_visobert_06083,11358,0,,none
fresh_visobert_09141,11359,1,polarity,polarity
fresh_visobert_00154,11360,1,mocking|emotion,"mocking,emotion"
fresh_visobert_00782,11361,0,,none
fresh_visobert_10891,11362,1,mocking,mocking
fresh_visobert_06366,11363,1,mocking|polarity,"mocking,polarity"
fresh_visobert_04528,11364,1,code_switching,code_switching
fresh_visobert_10802,11365,1,emotion,emotion
fresh_visobert_00644,11366,0,,none
fresh_visobert_10676,11367,0,,none
fresh_visobert_00087,11368,1,idiom_figurative|emotion,"idiom_figurative,emotion"
fresh_visobert_11077,11369,0,,none
fresh_visobert_09887,11370,1,emotion,emotion
fresh_visobert_03077,11371,1,implicit_sentiment|polarity|emotion,"implicit_sentiment,polarity,emotion"
fresh_visobert_06596,11372,0,,none
fresh_visobert_06154,11373,0,,none
fresh_visobert_01299,11374,1,code_switching|emotion,"code_switching,emotion"
fresh_visobert_10700,11375,1,polarity,polarity
fresh_visobert_00217,11376,1,idiom_figurative,idiom_figurative
fresh_visobert_04083,11377,1,polarity,polarity
fresh_visobert_07839,11378,1,polarity,polarity
fresh_visobert_00013,11379,0,,none
fresh_visobert_03415,11380,0,,none
fresh_visobert_04197,11381,1,emotion,emotion
fresh_visobert_00360,11382,0,,none
fresh_visobert_03054,11383,0,,none
fresh_visobert_00508,11384,0,,none
fresh_visobert_07785,11385,0,,none
fresh_visobert_05719,11386,0,,none
fresh_visobert_02622,11387,0,,none
fresh_visobert_05591,11388,0,,none
fresh_visobert_06703,11389,0,,none
fresh_visobert_02300,11390,0,,none
fresh_visobert_02004,11391,0,,none
fresh_visobert_02002,11392,0,,none
fresh_visobert_10101,11393,0,,none
fresh_visobert_00135,11394,0,,none
fresh_visobert_01810,11395,0,,none
fresh_visobert_01675,11396,0,,none
fresh_visobert_07017,11397,0,,none
fresh_visobert_11297,11398,1,implicit_sentiment|idiom_figurative,"implicit_sentiment,idiom_figurative"
fresh_visobert_02502,11399,0,,none
fresh_visobert_06996,11400,0,,none
fresh_visobert_01848,11401,1,idiom_figurative,idiom_figurative
fresh_visobert_09972,11402,0,,none
fresh_visobert_02436,11403,0,,none
fresh_visobert_04836,11404,1,code_switching,code_switching
fresh_visobert_09285,11405,0,,none
fresh_visobert_09207,11406,0,,none
fresh_visobert_01745,11407,0,,none
fresh_visobert_11848,11408,0,,none
fresh_visobert_09635,11409,0,,none
fresh_visobert_01895,11410,0,,none
fresh_visobert_07265,11411,1,mocking|emotion,"mocking,emotion"
fresh_visobert_04999,11412,0,,none
fresh_visobert_06557,11413,1,code_switching,code_switching
fresh_visobert_04685,11414,1,polarity|emotion,"polarity,emotion"
fresh_visobert_02615,11415,0,,none
fresh_visobert_09875,11416,0,,none
fresh_visobert_03272,11417,0,,none
fresh_visobert_03794,11418,0,,none
fresh_visobert_11641,11419,0,,none
fresh_visobert_10472,11420,0,,none
fresh_visobert_03657,11421,1,mocking|polarity,"mocking,polarity"
fresh_visobert_01758,11422,1,polarity,polarity
fresh_visobert_03887,11423,0,,none
fresh_visobert_00011,11424,1,emotion,emotion
fresh_visobert_03933,11425,1,sarcasm|idiom_figurative|mocking|emotion,"sarcasm,idiom_figurative,mocking,emotion"
fresh_visobert_05223,11426,1,emotion,emotion
fresh_visobert_09589,11427,1,emotion,emotion
fresh_visobert_11717,11428,1,polarity|emotion,"polarity,emotion"
fresh_visobert_08911,11429,1,emotion,emotion
fresh_visobert_07310,11430,1,mocking,mocking
fresh_visobert_09639,11431,0,,none
fresh_visobert_02519,11432,1,polarity,polarity
fresh_visobert_02407,11433,1,emotion,emotion
fresh_visobert_11344,11434,0,,none
fresh_visobert_00860,11435,0,,none
fresh_visobert_00190,11436,0,,none
fresh_visobert_03118,11437,1,mocking,mocking
fresh_visobert_02851,11438,0,,none
fresh_visobert_10246,11439,1,sarcasm|emotion,"sarcasm,emotion"
fresh_visobert_00901,11440,0,,none
fresh_visobert_02966,11441,1,idiom_figurative,idiom_figurative
fresh_visobert_06510,11442,1,polarity,polarity
fresh_visobert_01410,11443,0,,none
fresh_visobert_01731,11444,0,,none
fresh_visobert_08375,11445,0,,none
fresh_visobert_02150,11446,1,code_switching|polarity|emotion,"code_switching,polarity,emotion"
fresh_visobert_04008,11447,0,,none
fresh_visobert_09982,11448,0,,none
fresh_visobert_03965,11449,0,,none
fresh_visobert_04973,11450,0,,none
fresh_visobert_07668,11451,0,,none
fresh_visobert_10980,11452,1,idiom_figurative,idiom_figurative
fresh_visobert_04675,11453,0,,none
fresh_visobert_10551,11454,0,,none
fresh_visobert_10897,11455,1,emotion,emotion
fresh_visobert_07051,11456,0,,none
fresh_visobert_00794,11457,1,polarity,polarity
fresh_visobert_05155,11458,0,,none
fresh_visobert_09181,11459,1,polarity,polarity
fresh_visobert_09885,11460,0,,none
fresh_visobert_01477,11461,1,emotion,emotion
fresh_visobert_00270,11462,1,code_switching|polarity,"code_switching,polarity"
fresh_visobert_00992,11463,0,,none
fresh_visobert_11427,11464,1,polarity,polarity
fresh_visobert_01938,11465,0,,none
fresh_visobert_06981,11466,0,,none
fresh_visobert_01167,11467,0,,none
fresh_visobert_04297,11468,0,,none
fresh_visobert_01910,11469,0,,none
fresh_visobert_09090,11470,0,,none
fresh_visobert_07544,11471,0,,none
fresh_visobert_00105,11472,0,,none
fresh_visobert_08503,11473,0,,none
fresh_visobert_03225,11474,0,,none
fresh_visobert_07383,11475,1,polarity|emotion,"polarity,emotion"
fresh_visobert_02243,11476,0,,none
fresh_visobert_01685,11477,1,idiom_figurative|emotion,"idiom_figurative,emotion"
fresh_visobert_03584,11478,0,,none
fresh_visobert_00233,11479,1,mocking,mocking
fresh_visobert_09756,11480,0,,none
fresh_visobert_06500,11481,0,,none
fresh_visobert_00334,11482,0,,none
fresh_visobert_03736,11483,0,,none
fresh_visobert_11607,11484,1,sarcasm|code_switching,"sarcasm,code_switching"
fresh_visobert_07832,11485,0,,none
fresh_visobert_02055,11486,0,,none
fresh_visobert_03378,11487,0,,none
fresh_visobert_10789,11488,0,,sarcasm
fresh_visobert_10930,11489,1,polarity,polarity
fresh_visobert_08003,11490,0,,none
fresh_visobert_11115,11491,1,emotion,emotion
fresh_visobert_10262,11492,1,polarity,polarity
fresh_visobert_03844,11493,0,,none
fresh_visobert_06841,11494,1,idiom_figurative|code_switching|mocking|emotion,"idiom_figurative,code_switching,mocking,emotion"
fresh_visobert_06095,11495,0,,none
fresh_visobert_09281,11496,1,polarity,polarity
fresh_visobert_11871,11497,1,polarity|emotion,"polarity,emotion"
fresh_visobert_08538,11498,0,,none
fresh_visobert_01958,11499,0,,none
fresh_visobert_10091,11500,1,emotion,emotion
fresh_visobert_10198,11501,0,,none
fresh_visobert_06889,11502,1,polarity|emotion,"polarity,emotion"
fresh_visobert_10784,11503,0,,none
fresh_visobert_07650,11504,0,,none
fresh_visobert_04189,11505,1,code_switching,code_switching
fresh_visobert_08135,11506,0,,none
fresh_visobert_04212,11507,1,mocking|emotion,"mocking,emotion"
fresh_visobert_03110,11508,0,,none
fresh_visobert_11367,11509,0,,none
fresh_visobert_11267,11510,1,emotion,emotion
fresh_visobert_00044,11511,0,,none
fresh_visobert_09149,11512,1,polarity,polarity
fresh_visobert_03190,11513,1,emotion,emotion
fresh_visobert_06674,11514,0,,none
fresh_visobert_04485,11515,0,,none
fresh_visobert_01577,11516,1,code_switching,code_switching
fresh_visobert_00406,11517,0,,none
fresh_visobert_04294,11518,1,idiom_figurative,idiom_figurative
fresh_visobert_11334,11519,0,,none
fresh_visobert_01184,11520,0,,none
fresh_visobert_01574,11521,0,,none
fresh_visobert_01005,11522,1,code_switching|polarity|emotion,"code_switching,polarity,emotion"
fresh_visobert_08591,11523,1,polarity,polarity
fresh_visobert_04324,11524,0,,none
fresh_visobert_03566,11525,0,,none
fresh_visobert_08279,11526,0,,none
fresh_visobert_09924,11527,1,idiom_figurative|emotion,"idiom_figurative,emotion"
fresh_visobert_03200,11528,0,,none
fresh_visobert_02982,11529,0,,none
fresh_visobert_06899,11530,0,,none
fresh_visobert_06166,11531,0,,none
fresh_visobert_11866,11532,1,emotion,emotion
fresh_visobert_01626,11533,0,,sarcasm
fresh_visobert_00489,11534,1,implicit_sentiment|emotion,"implicit_sentiment,emotion"
fresh_visobert_04443,11535,0,,none
fresh_visobert_11409,11536,1,emotion,emotion
fresh_visobert_08289,11537,1,polarity,polarity
fresh_visobert_02225,11538,1,implicit_sentiment|sarcasm|idiom_figurative|polarity|emotion,"implicit_sentiment,sarcasm,idiom_figurative,polarity,emotion"
fresh_visobert_01349,11539,1,mocking|emotion,"mocking,emotion"
fresh_visobert_11948,11540,0,,none
fresh_visobert_03874,11541,1,mocking|emotion,"mocking,emotion"
fresh_visobert_01456,11542,1,idiom_figurative,idiom_figurative
fresh_visobert_05257,11543,1,polarity|emotion,"polarity,emotion"
fresh_visobert_01530,11544,1,emotion,emotion
fresh_visobert_04170,11545,1,polarity,polarity
fresh_visobert_04459,11546,0,,none
fresh_visobert_03628,11547,0,,none
fresh_visobert_05686,11548,0,,none
fresh_visobert_11877,11549,0,,none
fresh_visobert_09224,11550,1,implicit_sentiment|code_switching,"implicit_sentiment,code_switching"
fresh_visobert_03701,11551,0,,none
fresh_visobert_10245,11552,0,,none
fresh_visobert_09434,11553,0,,none
fresh_visobert_04353,11554,1,polarity,polarity
fresh_visobert_09728,11555,0,,none
fresh_visobert_01535,11556,1,implicit_sentiment|polarity|emotion,"implicit_sentiment,polarity,emotion"
fresh_visobert_04963,11557,0,,none
fresh_visobert_04066,11558,0,,none
fresh_visobert_11565,11559,1,implicit_sentiment,implicit_sentiment
fresh_visobert_03301,11560,0,,none
fresh_visobert_03714,11561,1,mocking|emotion,"mocking,emotion"
fresh_visobert_08122,11562,0,,none
fresh_visobert_10282,11563,1,mocking,mocking
fresh_visobert_02504,11564,0,,none
fresh_visobert_00837,11565,1,polarity|emotion,"polarity,emotion"
fresh_visobert_03704,11566,1,code_switching,code_switching
fresh_visobert_04215,11567,0,,none
fresh_visobert_07164,11568,0,,none
fresh_visobert_04930,11569,1,emotion,emotion
fresh_visobert_06629,11570,0,,none
fresh_visobert_08722,11571,1,polarity|emotion,"polarity,emotion"
fresh_visobert_11698,11572,0,,none
fresh_visobert_07631,11573,1,mocking|emotion,"mocking,emotion"
fresh_visobert_04390,11574,1,emotion,emotion
fresh_visobert_00949,11575,0,,none
fresh_visobert_10428,11576,0,,none
fresh_visobert_00517,11577,1,emotion,emotion
fresh_visobert_09536,11578,0,,none
fresh_visobert_11768,11579,1,mocking,mocking
fresh_visobert_00502,11580,0,,none
fresh_visobert_08651,11581,0,,none
fresh_visobert_05004,11582,0,,none
fresh_visobert_09629,11583,0,,none
fresh_visobert_03119,11584,1,mocking|emotion,"mocking,emotion"
fresh_visobert_10005,11585,0,,none
fresh_visobert_11248,11586,0,,none
fresh_visobert_03884,11587,0,,none
fresh_visobert_09199,11588,0,,none
fresh_visobert_05541,11589,1,idiom_figurative,idiom_figurative
fresh_visobert_09309,11590,0,,sarcasm
fresh_visobert_05788,11591,1,emotion,emotion
fresh_visobert_07883,11592,0,,none
fresh_visobert_06484,11593,0,,none
fresh_visobert_06573,11594,0,,none
fresh_visobert_09081,11595,0,,none
fresh_visobert_03707,11596,1,code_switching,code_switching
fresh_visobert_05760,11597,0,,none
fresh_visobert_00535,11598,0,,none
fresh_visobert_09958,11599,1,mocking|emotion,"mocking,emotion"
fresh_visobert_05647,11600,0,,none
fresh_visobert_00767,11601,1,emotion,emotion
fresh_visobert_11887,11602,0,,none
fresh_visobert_02867,11603,0,,sarcasm
fresh_visobert_04228,11604,0,,none
fresh_visobert_02142,11605,0,,none
fresh_visobert_02513,11606,0,,none
fresh_visobert_05421,11607,0,,none
fresh_visobert_04099,11608,0,,none
fresh_visobert_02296,11609,0,,none
fresh_visobert_00745,11610,0,,none
fresh_visobert_05351,11611,1,idiom_figurative,idiom_figurative
fresh_visobert_02011,11612,0,,none
fresh_visobert_10817,11613,0,,none
fresh_visobert_08318,11614,0,,none
fresh_visobert_08593,11615,0,,none
fresh_visobert_08312,11616,0,,none
fresh_visobert_08559,11617,1,emotion,emotion
fresh_visobert_09846,11618,1,idiom_figurative,idiom_figurative
fresh_visobert_01222,11619,0,,none
fresh_visobert_03753,11620,1,polarity,polarity
fresh_visobert_06191,11621,1,code_switching,code_switching
fresh_visobert_05280,11622,0,,none
fresh_visobert_01447,11623,0,,none
fresh_visobert_08756,11624,1,idiom_figurative|polarity,"idiom_figurative,polarity"
fresh_visobert_05629,11625,1,idiom_figurative|emotion,"idiom_figurative,emotion"
fresh_visobert_06987,11626,1,emotion,emotion
fresh_visobert_08328,11627,1,emotion,emotion
fresh_visobert_00450,11628,0,,none
fresh_visobert_07859,11629,1,emotion,emotion
fresh_visobert_06776,11630,0,,none
fresh_visobert_01191,11631,0,,none
fresh_visobert_03667,11632,0,,none
fresh_visobert_04983,11633,1,code_switching,code_switching
fresh_visobert_07105,11634,0,,none
fresh_visobert_11079,11635,0,,none
fresh_visobert_11006,11636,0,,none
fresh_visobert_04116,11637,0,,none
fresh_visobert_05924,11638,0,,none
fresh_visobert_02965,11639,0,,none
fresh_visobert_01204,11640,0,,none
fresh_visobert_08414,11641,0,,none
fresh_visobert_10699,11642,0,,none
fresh_visobert_10199,11643,0,,none
fresh_visobert_05190,11644,1,implicit_sentiment,implicit_sentiment
fresh_visobert_05026,11645,0,,none
fresh_visobert_05375,11646,0,,none
fresh_visobert_00597,11647,1,mocking|emotion,"mocking,emotion"
fresh_visobert_04838,11648,1,implicit_sentiment|polarity|emotion,"implicit_sentiment,polarity,emotion"
fresh_visobert_05734,11649,0,,none
fresh_visobert_10777,11650,0,,none
fresh_visobert_09980,11651,0,,none
fresh_visobert_11841,11652,1,emotion,emotion
fresh_visobert_06877,11653,0,,none
fresh_visobert_07419,11654,1,polarity,polarity
fresh_visobert_10892,11655,0,,none
fresh_visobert_06018,11656,0,,none
fresh_visobert_06586,11657,0,,none
fresh_visobert_02373,11658,1,emotion,emotion
fresh_visobert_03973,11659,0,,none
fresh_visobert_08107,11660,1,code_switching,code_switching
fresh_visobert_00889,11661,0,,none
fresh_visobert_02147,11662,1,implicit_sentiment|mocking|polarity|emotion,"implicit_sentiment,mocking,polarity,emotion"
fresh_visobert_10307,11663,0,,none
fresh_visobert_10161,11664,1,emotion,emotion
fresh_visobert_09161,11665,1,polarity|emotion,"polarity,emotion"
fresh_visobert_11318,11666,1,emotion,emotion
fresh_visobert_05286,11667,0,,none
fresh_visobert_11332,11668,1,emotion,emotion
fresh_visobert_00081,11669,0,,none
fresh_visobert_08194,11670,1,code_switching|mocking|emotion,"code_switching,mocking,emotion"
fresh_visobert_02288,11671,0,,none
fresh_visobert_00888,11672,0,,none
fresh_visobert_02102,11673,0,,none
fresh_visobert_02452,11674,0,,none
fresh_visobert_07660,11675,0,,none
fresh_visobert_04855,11676,0,,none
fresh_visobert_07810,11677,1,polarity|emotion,"polarity,emotion"
fresh_visobert_07141,11678,0,,none
fresh_visobert_08044,11679,0,,none
fresh_visobert_08752,11680,1,emotion,emotion
fresh_visobert_03604,11681,1,idiom_figurative|emotion,"idiom_figurative,emotion"
fresh_visobert_02403,11682,0,,none
fresh_visobert_01596,11683,0,,none
fresh_visobert_10755,11684,0,,none
fresh_visobert_01508,11685,0,,none
fresh_visobert_08430,11686,1,polarity,polarity
fresh_visobert_00686,11687,1,emotion,emotion
fresh_visobert_03998,11688,1,emotion,emotion
fresh_visobert_08110,11689,0,,none
fresh_visobert_10367,11690,0,,none
fresh_visobert_03063,11691,1,code_switching,code_switching
fresh_visobert_08028,11692,1,polarity,polarity
fresh_visobert_11002,11693,0,,none
fresh_visobert_10446,11694,0,,none
fresh_visobert_10393,11695,1,code_switching,code_switching
fresh_visobert_02042,11696,0,,none
fresh_visobert_03921,11697,1,implicit_sentiment|polarity|emotion,"implicit_sentiment,polarity,emotion"
fresh_visobert_00094,11698,1,code_switching,code_switching
fresh_visobert_08832,11699,0,,none
fresh_visobert_09288,11700,1,emotion,emotion
fresh_visobert_07119,11701,0,,none
fresh_visobert_06343,11702,0,,none
fresh_visobert_05851,11703,1,idiom_figurative|emotion,"idiom_figurative,emotion"
fresh_visobert_00862,11704,1,emotion,emotion
fresh_visobert_09291,11705,0,,none
fresh_visobert_08666,11706,0,,none
fresh_visobert_02075,11707,1,code_switching,code_switching
fresh_visobert_05917,11708,0,,none
fresh_visobert_11798,11709,1,implicit_sentiment,implicit_sentiment
fresh_visobert_10215,11710,0,,none
fresh_visobert_11689,11711,0,,none
fresh_visobert_07247,11712,1,code_switching,code_switching
fresh_visobert_03689,11713,1,mocking,mocking
fresh_visobert_07356,11714,0,,none
fresh_visobert_02552,11715,0,,none
fresh_visobert_01091,11716,1,emotion,emotion
fresh_visobert_06563,11717,0,,none
fresh_visobert_00831,11718,1,polarity|emotion,"polarity,emotion"
fresh_visobert_06217,11719,0,,none
fresh_visobert_11289,11720,0,,none
fresh_visobert_09568,11721,0,,none
fresh_visobert_08443,11722,0,,none
fresh_visobert_00603,11723,1,code_switching,code_switching
fresh_visobert_02765,11724,1,idiom_figurative,idiom_figurative
fresh_visobert_11650,11725,1,emotion,emotion
fresh_visobert_00758,11726,0,,none
fresh_visobert_02412,11727,1,idiom_figurative|emotion,"idiom_figurative,emotion"
fresh_visobert_01924,11728,0,,none
fresh_visobert_07954,11729,1,sarcasm|code_switching|mocking,"sarcasm,code_switching,mocking"
fresh_visobert_11146,11730,0,,none
fresh_visobert_08637,11731,0,,none
fresh_visobert_10793,11732,1,emotion,emotion
fresh_visobert_01788,11733,1,mocking|emotion,"mocking,emotion"
fresh_visobert_03007,11734,1,mocking|emotion,"mocking,emotion"
fresh_visobert_08396,11735,0,,none
fresh_visobert_03295,11736,0,,none
fresh_visobert_11183,11737,0,,none
fresh_visobert_09260,11738,1,idiom_figurative,idiom_figurative
fresh_visobert_11100,11739,1,mocking,mocking
fresh_visobert_06478,11740,1,emotion,emotion
fresh_visobert_05489,11741,0,,none
fresh_visobert_08778,11742,1,code_switching,code_switching
fresh_visobert_03191,11743,0,,none
fresh_visobert_01721,11744,0,,none
fresh_visobert_04060,11745,0,,none
fresh_visobert_09278,11746,0,,none
fresh_visobert_01055,11747,0,,none
fresh_visobert_05136,11748,0,,none
fresh_visobert_05587,11749,1,idiom_figurative,idiom_figurative
fresh_visobert_01979,11750,0,,none
fresh_visobert_07517,11751,1,mocking|emotion,"mocking,emotion"
fresh_visobert_07952,11752,0,,none
fresh_visobert_09727,11753,0,,none
fresh_visobert_01919,11754,0,,none
fresh_visobert_10259,11755,0,,none
fresh_visobert_06057,11756,0,,none
fresh_visobert_06590,11757,0,,none
fresh_visobert_01195,11758,0,,none
fresh_visobert_05087,11759,0,,none
fresh_visobert_03121,11760,0,,none
fresh_visobert_10795,11761,0,,none
fresh_visobert_09272,11762,1,emotion,emotion
fresh_visobert_00198,11763,1,mocking,mocking
fresh_visobert_03580,11764,1,emotion,emotion
fresh_visobert_10827,11765,0,,none
fresh_visobert_09435,11766,0,,none
fresh_visobert_08642,11767,0,,none
fresh_visobert_04237,11768,0,,none
fresh_visobert_10562,11769,1,emotion,emotion
fresh_visobert_05534,11770,0,,none
fresh_visobert_04826,11771,1,emotion,emotion
fresh_visobert_11813,11772,0,,none
fresh_visobert_07548,11773,1,sarcasm,sarcasm
fresh_visobert_11479,11774,0,,none
fresh_visobert_03033,11775,0,,none
fresh_visobert_10862,11776,1,mocking|emotion,"mocking,emotion"
fresh_visobert_04000,11777,0,,none
fresh_visobert_06118,11778,0,,none
fresh_visobert_02154,11779,1,code_switching,code_switching
fresh_visobert_05729,11780,0,,none
fresh_visobert_11982,11781,0,,none
fresh_visobert_07048,11782,1,polarity,polarity
fresh_visobert_02073,11783,0,,none
fresh_visobert_01934,11784,0,,none
fresh_visobert_04233,11785,0,,none
fresh_visobert_03663,11786,1,emotion,emotion
fresh_visobert_08580,11787,1,code_switching,code_switching
fresh_visobert_05003,11788,1,mocking,mocking
fresh_visobert_08230,11789,1,emotion,emotion
fresh_visobert_01445,11790,1,mocking|emotion,"mocking,emotion"
fresh_visobert_05250,11791,1,mocking,mocking
fresh_visobert_04649,11792,0,,none
fresh_visobert_03892,11793,0,,none
fresh_visobert_08513,11794,1,emotion,emotion
fresh_visobert_03347,11795,1,polarity,polarity
fresh_visobert_09352,11796,1,sarcasm|code_switching,"sarcasm,code_switching"
fresh_visobert_08995,11797,1,polarity|emotion,"polarity,emotion"
fresh_visobert_01651,11798,0,,none
fresh_visobert_00608,11799,0,,none
fresh_visobert_07364,11800,1,code_switching,code_switching
fresh_visobert_08244,11801,0,,none
fresh_visobert_03174,11802,0,,none
fresh_visobert_04314,11803,0,,none
fresh_visobert_07219,11804,0,,none
fresh_visobert_08059,11805,0,,none
fresh_visobert_10926,11806,0,,none
fresh_visobert_05085,11807,0,,none
fresh_visobert_06823,11808,0,,sarcasm
fresh_visobert_09401,11809,0,,none
fresh_visobert_01931,11810,0,,none
fresh_visobert_07666,11811,1,mocking,mocking
fresh_visobert_10643,11812,0,,none
fresh_visobert_07942,11813,1,idiom_figurative,idiom_figurative
fresh_visobert_03939,11814,0,,none
fresh_visobert_03758,11815,0,,none
fresh_visobert_08496,11816,1,idiom_figurative,idiom_figurative
fresh_visobert_07902,11817,0,,none
fresh_visobert_02856,11818,0,,none
fresh_visobert_11394,11819,0,,none
fresh_visobert_02998,11820,0,,none
fresh_visobert_06017,11821,0,,none
fresh_visobert_11068,11822,1,emotion,emotion
fresh_visobert_07751,11823,0,,none
fresh_visobert_02893,11824,0,,none
fresh_visobert_05938,11825,0,,none
fresh_visobert_07440,11826,0,,none
fresh_visobert_02633,11827,0,,none
fresh_visobert_01112,11828,0,,none
fresh_visobert_07700,11829,0,,none
fresh_visobert_01419,11830,0,,none
fresh_visobert_05805,11831,0,,none
fresh_visobert_10351,11832,0,,none
fresh_visobert_06885,11833,0,,none
fresh_visobert_11225,11834,1,polarity|emotion,"polarity,emotion"
fresh_visobert_05068,11835,0,,none
fresh_visobert_06364,11836,0,,none
fresh_visobert_05273,11837,1,emotion,emotion
fresh_visobert_11589,11838,1,idiom_figurative,idiom_figurative
fresh_visobert_05167,11839,0,,none
fresh_visobert_04810,11840,0,,none
fresh_visobert_11633,11841,0,,none
fresh_visobert_11907,11842,0,,none
fresh_visobert_01164,11843,1,mocking|emotion,"mocking,emotion"
fresh_visobert_10204,11844,1,emotion,emotion
fresh_visobert_02252,11845,0,,none
fresh_visobert_00493,11846,1,idiom_figurative,idiom_figurative
fresh_visobert_09598,11847,1,code_switching,code_switching
fresh_visobert_07593,11848,1,polarity,polarity
fresh_visobert_07483,11849,0,,none
fresh_visobert_07145,11850,1,emotion,emotion
fresh_visobert_05592,11851,0,,none
fresh_visobert_07197,11852,0,,none
fresh_visobert_03401,11853,0,,none
fresh_visobert_00440,11854,0,,none
fresh_visobert_04645,11855,0,,none
fresh_visobert_04647,11856,1,mocking|emotion,"mocking,emotion"
fresh_visobert_03996,11857,0,,none
fresh_visobert_11604,11858,0,,none
fresh_visobert_02151,11859,0,,none
fresh_visobert_01690,11860,1,code_switching,code_switching
fresh_visobert_02930,11861,0,,none
fresh_visobert_08925,11862,0,,none
fresh_visobert_10032,11863,1,sarcasm|idiom_figurative|polarity,"sarcasm,idiom_figurative,polarity"
fresh_visobert_11957,11864,1,implicit_sentiment,implicit_sentiment
fresh_visobert_00213,11865,0,,none
fresh_visobert_09620,11866,0,,none
fresh_visobert_03198,11867,0,,none
fresh_visobert_08029,11868,0,,none
fresh_visobert_06626,11869,0,,none
fresh_visobert_03142,11870,1,code_switching,code_switching
fresh_visobert_06457,11871,0,,none
fresh_visobert_09654,11872,0,,none
fresh_visobert_06605,11873,0,,none
fresh_visobert_09657,11874,0,,none
fresh_visobert_07132,11875,0,,none
fresh_visobert_10509,11876,0,,none
fresh_visobert_05968,11877,0,,none
fresh_visobert_09921,11878,1,polarity|emotion,"polarity,emotion"
fresh_visobert_09871,11879,0,,none
fresh_visobert_02117,11880,0,,none
fresh_visobert_04417,11881,0,,none
fresh_visobert_05929,11882,0,,none
fresh_visobert_11226,11883,0,,none
fresh_visobert_10638,11884,0,,none
fresh_visobert_06620,11885,0,,none
fresh_visobert_11468,11886,0,,none
fresh_visobert_07402,11887,0,,none
fresh_visobert_11897,11888,1,emotion,emotion
fresh_visobert_08297,11889,0,,none
fresh_visobert_01066,11890,0,,none
fresh_visobert_06516,11891,1,emotion,emotion
fresh_visobert_06524,11892,0,,none
fresh_visobert_03877,11893,0,,none
fresh_visobert_02418,11894,0,,none
fresh_visobert_09790,11895,0,,none
fresh_visobert_08236,11896,1,mocking,mocking
fresh_visobert_10395,11897,0,,none
fresh_visobert_04088,11898,1,emotion,emotion
fresh_visobert_11980,11899,0,,none
fresh_visobert_04145,11900,1,polarity,polarity
fresh_visobert_00158,11901,0,,none
fresh_visobert_01618,11902,0,,none
fresh_visobert_01861,11903,0,,none
fresh_visobert_04876,11904,1,code_switching|emotion,"code_switching,emotion"
fresh_visobert_06941,11905,0,,none
fresh_visobert_03525,11906,0,,none
fresh_visobert_11449,11907,0,,none
fresh_visobert_10578,11908,0,,none
fresh_visobert_09803,11909,0,,none
fresh_visobert_10550,11910,1,idiom_figurative,idiom_figurative
fresh_visobert_06338,11911,0,,none
fresh_visobert_04068,11912,1,mocking|emotion,"mocking,emotion"
fresh_visobert_10693,11913,0,,none
fresh_visobert_06835,11914,0,,none
fresh_visobert_05414,11915,0,,none
fresh_visobert_06194,11916,1,emotion,emotion
fresh_visobert_09850,11917,0,,none
fresh_visobert_03587,11918,0,,none
fresh_visobert_02927,11919,1,polarity,polarity
fresh_visobert_00019,11920,0,,none
fresh_visobert_02888,11921,0,,none
fresh_visobert_11067,11922,0,,none
fresh_visobert_00386,11923,0,,none
fresh_visobert_07984,11924,1,mocking,mocking
fresh_visobert_02801,11925,0,,none
fresh_visobert_10197,11926,1,implicit_sentiment|idiom_figurative|mocking,"implicit_sentiment,idiom_figurative,mocking"
fresh_visobert_03745,11927,0,,none
fresh_visobert_09645,11928,0,,none
fresh_visobert_03958,11929,0,,none
fresh_visobert_08346,11930,1,polarity,polarity
fresh_visobert_04694,11931,1,emotion,emotion
fresh_visobert_07080,11932,0,,none
fresh_visobert_11959,11933,0,,none
fresh_visobert_05933,11934,0,,none
fresh_visobert_08548,11935,1,mocking|emotion,"mocking,emotion"
fresh_visobert_04452,11936,0,,none
fresh_visobert_02572,11937,0,,none
fresh_visobert_08317,11938,0,,none
fresh_visobert_09724,11939,1,emotion,emotion
fresh_visobert_06515,11940,0,,none
fresh_visobert_07425,11941,1,mocking|emotion,"mocking,emotion"
fresh_visobert_06634,11942,1,emotion,emotion
fresh_visobert_02168,11943,0,,none
fresh_visobert_00760,11944,0,,none
fresh_visobert_07948,11945,0,,none
fresh_visobert_06283,11946,0,,none
fresh_visobert_02684,11947,1,code_switching,code_switching
fresh_visobert_00610,11948,0,,none
fresh_visobert_00810,11949,1,polarity,polarity
fresh_visobert_00856,11950,0,,none
fresh_visobert_02811,11951,1,idiom_figurative|polarity|emotion,"idiom_figurative,polarity,emotion"
fresh_visobert_06891,11952,1,implicit_sentiment,implicit_sentiment
fresh_visobert_05344,11953,1,emotion,emotion
fresh_visobert_03672,11954,0,,none
fresh_visobert_02543,11955,1,emotion,emotion
fresh_visobert_10506,11956,0,,none
fresh_visobert_10083,11957,0,,none
fresh_visobert_08211,11958,0,,none
fresh_visobert_10486,11959,0,,none
fresh_visobert_09827,11960,0,,none
fresh_visobert_04518,11961,1,code_switching|mocking|emotion,"code_switching,mocking,emotion"
fresh_visobert_07091,11962,0,,none
fresh_visobert_04752,11963,1,code_switching,code_switching
fresh_visobert_03238,11964,0,,none
fresh_visobert_08730,11965,1,polarity,polarity
fresh_visobert_02500,11966,1,idiom_figurative|emotion,"idiom_figurative,emotion"
fresh_visobert_02642,11967,0,,none
fresh_visobert_10272,11968,1,emotion,emotion
fresh_visobert_03323,11969,0,,none
fresh_visobert_01261,11970,0,,none
fresh_visobert_11370,11971,1,polarity,polarity
fresh_visobert_09570,11972,0,,none
fresh_visobert_04206,11973,1,code_switching,code_switching
fresh_visobert_11677,11974,1,idiom_figurative,idiom_figurative
fresh_visobert_04501,11975,0,,none
fresh_visobert_00142,11976,0,,none
fresh_visobert_09340,11977,0,,none
fresh_visobert_11335,11978,1,idiom_figurative|emotion,"idiom_figurative,emotion"
fresh_visobert_03422,11979,0,,none
fresh_visobert_04009,11980,1,mocking|emotion,"mocking,emotion"
fresh_visobert_01076,11981,0,,none
fresh_visobert_00315,11982,0,,none
fresh_visobert_08121,11983,0,,none
fresh_visobert_06271,11984,0,,none
fresh_visobert_08156,11985,1,idiom_figurative,idiom_figurative
fresh_visobert_09130,11986,0,,none
fresh_visobert_05079,11987,0,,none
fresh_visobert_10258,11988,1,emotion,emotion
fresh_visobert_09164,11989,1,irony|emotion,"irony,emotion"
fresh_visobert_11213,11990,1,emotion,emotion
fresh_visobert_11802,11991,0,,none
fresh_visobert_09611,11992,0,,none
fresh_visobert_04241,11993,1,mocking|emotion,"mocking,emotion"
fresh_visobert_09371,11994,0,,none
fresh_visobert_06540,11995,1,implicit_sentiment|code_switching,"implicit_sentiment,code_switching"
fresh_visobert_10675,11996,1,idiom_figurative,idiom_figurative
fresh_visobert_09836,11997,0,,none
