is_sarcasm_positive,positive_selected_for_budget,rationale_loss_mask,sample_id,sarcasm_target_mask
0,0,0,fresh_visobert_10072,1
0,0,0,fresh_visobert_00448,1
0,0,0,fresh_visobert_08823,1
0,0,0,fresh_visobert_03624,1
0,0,0,fresh_visobert_10563,1
0,0,0,fresh_visobert_08400,1
0,0,0,fresh_visobert_06858,1
0,0,0,fresh_visobert_01866,1
0,0,0,fresh_visobert_05220,1
0,0,0,fresh_visobert_09664,1
1,1,1,fresh_visobert_11127,1
0,0,0,fresh_visobert_10588,1
0,0,0,fresh_visobert_09027,1
0,0,0,fresh_visobert_03524,1
0,0,0,fresh_visobert_08183,1
0,0,0,fresh_visobert_01229,1
1,1,1,fresh_visobert_11308,1
0,0,0,fresh_visobert_09934,1
0,0,0,fresh_visobert_09268,1
0,0,0,fresh_visobert_03741,1
0,0,0,fresh_visobert_08979,1
0,0,0,fresh_visobert_00656,1
0,0,0,fresh_visobert_06226,1
0,0,0,fresh_visobert_11503,1
0,0,0,fresh_visobert_03267,1
0,0,0,fresh_visobert_07813,1
0,0,0,fresh_visobert_07053,1
0,0,0,fresh_visobert_02425,1
0,0,0,fresh_visobert_03237,1
0,0,0,fresh_visobert_11672,1
0,0,0,fresh_visobert_10144,1
0,0,0,fresh_visobert_11720,1
0,0,0,fresh_visobert_10914,1
1,1,1,fresh_visobert_07408,1
0,0,0,fresh_visobert_04789,1
0,0,0,fresh_visobert_06828,1
0,0,0,fresh_visobert_10213,1
0,0,0,fresh_visobert_00822,1
0,0,0,fresh_visobert_11699,1
0,0,0,fresh_visobert_07919,1
0,0,0,fresh_visobert_10818,1
0,0,0,fresh_visobert_09325,1
0,0,0,fresh_visobert_01274,1
0,0,0,fresh_visobert_10810,1
0,0,0,fresh_visobert_07983,1
0,0,0,fresh_visobert_10375,1
0,0,0,fresh_visobert_11727,1
0,0,0,fresh_visobert_02463,1
0,0,0,fresh_visobert_10163,1
0,0,0,fresh_visobert_06416,1
0,0,0,fresh_visobert_06778,1
0,0,0,fresh_visobert_05505,1
0,0,0,fresh_visobert_10076,1
0,0,0,fresh_visobert_11657,1
1,1,1,fresh_visobert_00076,1
0,0,0,fresh_visobert_09684,1
0,0,0,fresh_visobert_11358,1
0,0,0,fresh_visobert_09890,1
0,0,0,fresh_visobert_02255,1
0,0,0,fresh_visobert_09156,1
0,0,0,fresh_visobert_08300,1
0,0,0,fresh_visobert_05624,1
0,0,0,fresh_visobert_02979,1
0,0,0,fresh_visobert_03679,1
0,0,0,fresh_visobert_04555,1
0,0,0,fresh_visobert_02196,1
0,0,0,fresh_visobert_11785,1
0,0,0,fresh_visobert_04910,1
0,0,0,fresh_visobert_00378,1
0,0,0,fresh_visobert_08192,1
0,0,0,fresh_visobert_08185,1
0,0,0,fresh_visobert_10672,1
0,0,0,fresh_visobert_04619,1
0,0,0,fresh_visobert_06294,1
0,0,0,fresh_visobert_03333,1
0,0,0,fresh_visobert_06842,1
0,0,0,fresh_visobert_07977,1
0,0,0,fresh_visobert_06657,1
0,0,0,fresh_visobert_00230,1
0,0,0,fresh_visobert_10331,1
0,0,0,fresh_visobert_06745,1
0,0,0,fresh_visobert_10139,1
0,0,0,fresh_visobert_06606,1
0,0,0,fresh_visobert_11810,1
0,0,0,fresh_visobert_06333,1
0,0,0,fresh_visobert_03735,1
0,0,0,fresh_visobert_04410,1
0,0,0,fresh_visobert_05057,1
0,0,0,fresh_visobert_11510,1
0,0,0,fresh_visobert_09816,1
0,0,0,fresh_visobert_00592,1
0,0,0,fresh_visobert_03530,1
0,0,0,fresh_visobert_06025,1
0,0,0,fresh_visobert_01622,1
0,0,0,fresh_visobert_00748,1
0,0,0,fresh_visobert_00869,1
0,0,0,fresh_visobert_03609,1
0,0,0,fresh_visobert_11880,1
0,0,0,fresh_visobert_07590,1
1,1,1,fresh_visobert_02874,1
0,0,0,fresh_visobert_03126,1
0,0,0,fresh_visobert_09017,1
0,0,0,fresh_visobert_00149,1
0,0,0,fresh_visobert_05559,1
0,0,0,fresh_visobert_00621,1
0,0,0,fresh_visobert_01926,1
0,0,0,fresh_visobert_07722,1
0,0,0,fresh_visobert_06380,1
0,0,0,fresh_visobert_11834,1
0,0,0,fresh_visobert_06254,1
0,0,0,fresh_visobert_05765,1
0,0,0,fresh_visobert_00982,1
0,0,0,fresh_visobert_03602,1
0,0,0,fresh_visobert_08879,1
0,0,0,fresh_visobert_01915,1
0,0,0,fresh_visobert_01816,1
0,0,0,fresh_visobert_02089,1
0,0,0,fresh_visobert_07157,1
0,0,0,fresh_visobert_01434,1
0,0,0,fresh_visobert_08571,1
0,0,0,fresh_visobert_07061,1
0,0,0,fresh_visobert_01119,1
0,0,0,fresh_visobert_05683,1
0,0,0,fresh_visobert_11869,1
0,0,0,fresh_visobert_04367,1
0,0,0,fresh_visobert_03039,1
0,0,0,fresh_visobert_02584,1
0,0,0,fresh_visobert_01821,1
0,0,0,fresh_visobert_07306,1
0,0,0,fresh_visobert_03300,1
0,0,0,fresh_visobert_05466,1
0,0,0,fresh_visobert_06177,1
0,0,0,fresh_visobert_08977,1
0,0,0,fresh_visobert_11882,1
0,0,0,fresh_visobert_05051,1
0,0,0,fresh_visobert_07907,1
0,0,0,fresh_visobert_11929,1
0,0,0,fresh_visobert_11324,1
0,0,0,fresh_visobert_11126,1
0,0,0,fresh_visobert_10069,1
0,0,0,fresh_visobert_04602,1
0,0,0,fresh_visobert_07692,1
0,0,0,fresh_visobert_08768,1
1,1,1,fresh_visobert_06159,1
0,0,0,fresh_visobert_02056,1
0,0,0,fresh_visobert_01567,1
0,0,0,fresh_visobert_03379,1
0,0,0,fresh_visobert_04959,1
0,0,0,fresh_visobert_01203,1
0,0,0,fresh_visobert_03186,1
0,0,0,fresh_visobert_06767,1
0,0,0,fresh_visobert_02787,1
0,0,0,fresh_visobert_10684,1
0,0,0,fresh_visobert_04167,1
1,1,1,fresh_visobert_06932,1
1,1,1,fresh_visobert_09474,1
0,0,0,fresh_visobert_11476,1
0,0,0,fresh_visobert_10374,1
0,0,0,fresh_visobert_02970,1
0,0,0,fresh_visobert_02466,1
0,0,0,fresh_visobert_01478,1
0,0,0,fresh_visobert_05438,1
0,0,0,fresh_visobert_07958,1
0,0,0,fresh_visobert_08446,1
0,0,0,fresh_visobert_02854,1
0,0,0,fresh_visobert_06931,1
0,0,0,fresh_visobert_07128,1
0,0,0,fresh_visobert_02721,1
0,0,0,fresh_visobert_01358,1
0,0,0,fresh_visobert_04441,1
0,0,0,fresh_visobert_09184,1
0,0,0,fresh_visobert_05363,1
0,0,0,fresh_visobert_04101,1
0,0,0,fresh_visobert_11536,1
0,0,0,fresh_visobert_11031,1
0,0,0,fresh_visobert_02138,1
0,0,0,fresh_visobert_09237,1
0,0,0,fresh_visobert_06501,1
1,1,1,fresh_visobert_01260,1
1,1,1,fresh_visobert_08611,1
0,0,0,fresh_visobert_08163,1
0,0,0,fresh_visobert_08268,1
0,0,0,fresh_visobert_07303,1
0,0,0,fresh_visobert_04119,1
0,0,0,fresh_visobert_00681,1
0,0,0,fresh_visobert_00247,1
0,0,0,fresh_visobert_07749,1
0,0,0,fresh_visobert_05920,1
0,0,0,fresh_visobert_04064,1
0,0,0,fresh_visobert_11826,1
1,1,1,fresh_visobert_09955,1
0,0,0,fresh_visobert_03531,1
0,0,0,fresh_visobert_05131,1
0,0,0,fresh_visobert_09301,1
0,0,0,fresh_visobert_03521,1
0,0,0,fresh_visobert_09976,1
0,0,0,fresh_visobert_06890,1
0,0,0,fresh_visobert_08897,1
0,0,0,fresh_visobert_09138,1
0,0,0,fresh_visobert_00578,1
1,1,1,fresh_visobert_11415,1
0,0,0,fresh_visobert_01856,1
0,0,0,fresh_visobert_04220,1
0,0,0,fresh_visobert_04202,1
0,0,0,fresh_visobert_01971,1
0,0,0,fresh_visobert_05411,1
0,0,0,fresh_visobert_02574,1
0,0,0,fresh_visobert_04462,1
0,0,0,fresh_visobert_01627,1
0,0,0,fresh_visobert_01491,1
0,0,0,fresh_visobert_01446,1
0,0,0,fresh_visobert_00718,1
1,1,1,fresh_visobert_10706,1
0,0,0,fresh_visobert_09567,1
0,0,0,fresh_visobert_07115,1
0,0,0,fresh_visobert_01401,1
0,0,0,fresh_visobert_07499,1
0,0,0,fresh_visobert_09603,1
0,0,0,fresh_visobert_00759,1
0,0,0,fresh_visobert_03746,1
0,0,0,fresh_visobert_09653,1
0,0,0,fresh_visobert_03400,1
0,0,0,fresh_visobert_00445,1
0,0,0,fresh_visobert_08984,1
0,0,0,fresh_visobert_01151,1
0,0,0,fresh_visobert_10834,1
0,0,0,fresh_visobert_01266,1
0,0,0,fresh_visobert_00946,1
0,0,0,fresh_visobert_02928,1
0,0,0,fresh_visobert_02014,1
0,0,0,fresh_visobert_11665,1
0,0,0,fresh_visobert_11697,1
0,0,0,fresh_visobert_01256,1
0,0,0,fresh_visobert_05468,1
0,0,0,fresh_visobert_06571,1
0,0,0,fresh_visobert_09947,1
1,1,1,fresh_visobert_06237,1
0,0,0,fresh_visobert_10748,1
0,0,0,fresh_visobert_09083,1
0,0,0,fresh_visobert_11043,1
0,0,0,fresh_visobert_10269,1
0,0,0,fresh_visobert_11356,1
0,0,0,fresh_visobert_07732,1
0,0,0,fresh_visobert_10948,1
0,0,0,fresh_visobert_06301,1
0,0,0,fresh_visobert_10244,1
0,0,0,fresh_visobert_02484,1
0,0,0,fresh_visobert_10220,1
1,1,1,fresh_visobert_11521,1
0,0,0,fresh_visobert_09283,1
0,0,0,fresh_visobert_04504,1
0,0,0,fresh_visobert_02174,1
0,0,0,fresh_visobert_02064,1
0,0,0,fresh_visobert_11549,1
0,0,0,fresh_visobert_06726,1
0,0,0,fresh_visobert_11303,1
0,0,0,fresh_visobert_09952,1
0,0,0,fresh_visobert_08276,1
0,0,0,fresh_visobert_02807,1
0,0,0,fresh_visobert_10388,1
0,0,0,fresh_visobert_03371,1
0,0,0,fresh_visobert_07568,1
0,0,0,fresh_visobert_01592,1
0,0,0,fresh_visobert_06977,1
0,0,0,fresh_visobert_00752,1
0,0,0,fresh_visobert_10300,1
1,1,1,fresh_visobert_09491,1
0,0,0,fresh_visobert_02234,1
0,0,0,fresh_visobert_06935,1
0,0,0,fresh_visobert_02205,1
0,0,0,fresh_visobert_04549,1
0,0,0,fresh_visobert_09446,1
0,0,0,fresh_visobert_03777,1
0,0,0,fresh_visobert_09986,1
0,0,0,fresh_visobert_01211,1
0,0,0,fresh_visobert_07872,1
0,0,0,fresh_visobert_03831,1
0,0,0,fresh_visobert_06386,1
0,0,0,fresh_visobert_07673,1
0,0,0,fresh_visobert_11977,1
0,0,0,fresh_visobert_06683,1
0,0,0,fresh_visobert_05113,1
0,0,0,fresh_visobert_08974,1
0,0,0,fresh_visobert_06896,1
0,0,0,fresh_visobert_02661,1
0,0,0,fresh_visobert_05502,1
0,0,0,fresh_visobert_06937,1
0,0,0,fresh_visobert_03966,1
0,0,0,fresh_visobert_02492,1
0,0,0,fresh_visobert_08489,1
1,1,1,fresh_visobert_05288,1
0,0,0,fresh_visobert_09672,1
0,0,0,fresh_visobert_03182,1
0,0,0,fresh_visobert_05755,1
0,0,0,fresh_visobert_02067,1
0,0,0,fresh_visobert_08326,1
0,0,0,fresh_visobert_09865,1
0,0,0,fresh_visobert_04627,1
1,1,1,fresh_visobert_06716,1
0,0,0,fresh_visobert_11184,1
0,0,0,fresh_visobert_06522,1
0,0,0,fresh_visobert_06344,1
0,0,0,fresh_visobert_08999,1
0,0,0,fresh_visobert_08673,1
1,1,1,fresh_visobert_07736,1
0,0,0,fresh_visobert_08943,1
0,0,0,fresh_visobert_06116,1
0,0,0,fresh_visobert_07355,1
0,0,0,fresh_visobert_02198,1
0,0,0,fresh_visobert_05513,1
0,0,0,fresh_visobert_11708,1
0,0,0,fresh_visobert_08450,1
0,0,0,fresh_visobert_01471,1
0,0,0,fresh_visobert_11403,1
0,0,0,fresh_visobert_09339,1
0,0,0,fresh_visobert_03491,1
0,0,0,fresh_visobert_08356,1
0,0,0,fresh_visobert_05865,1
0,0,0,fresh_visobert_00128,1
0,0,0,fresh_visobert_10355,1
0,0,0,fresh_visobert_11153,1
0,0,0,fresh_visobert_08104,1
0,0,0,fresh_visobert_05111,1
1,1,1,fresh_visobert_04795,1
0,0,0,fresh_visobert_03940,1
1,1,1,fresh_visobert_08378,1
0,0,0,fresh_visobert_01422,1
0,0,0,fresh_visobert_04470,1
1,1,1,fresh_visobert_06019,1
0,0,0,fresh_visobert_08991,1
0,0,0,fresh_visobert_11155,1
0,0,0,fresh_visobert_03953,1
0,0,0,fresh_visobert_07055,1
0,0,0,fresh_visobert_08951,1
0,0,0,fresh_visobert_05562,1
0,0,0,fresh_visobert_07016,1
1,1,1,fresh_visobert_03789,1
0,0,0,fresh_visobert_01863,1
0,0,0,fresh_visobert_01033,1
0,0,0,fresh_visobert_06272,1
0,0,0,fresh_visobert_01916,1
0,0,0,fresh_visobert_07508,1
0,0,0,fresh_visobert_00618,1
0,0,0,fresh_visobert_10229,1
0,0,0,fresh_visobert_11952,1
0,0,0,fresh_visobert_03025,1
0,0,0,fresh_visobert_09187,1
0,0,0,fresh_visobert_05658,1
0,0,0,fresh_visobert_02784,1
0,0,0,fresh_visobert_04395,1
1,1,1,fresh_visobert_08678,1
0,0,0,fresh_visobert_02451,1
0,0,0,fresh_visobert_02612,1
0,0,0,fresh_visobert_01584,1
0,0,0,fresh_visobert_10398,1
0,0,0,fresh_visobert_07389,1
0,0,0,fresh_visobert_07059,1
0,0,0,fresh_visobert_08006,1
1,1,1,fresh_visobert_06732,1
0,0,0,fresh_visobert_11932,1
0,0,0,fresh_visobert_00842,1
0,0,0,fresh_visobert_09898,1
0,0,0,fresh_visobert_09834,1
0,0,0,fresh_visobert_11048,1
0,0,0,fresh_visobert_07955,1
1,1,1,fresh_visobert_09735,1
0,0,0,fresh_visobert_01304,1
0,0,0,fresh_visobert_02653,1
0,0,0,fresh_visobert_05198,1
0,0,0,fresh_visobert_10856,1
0,0,0,fresh_visobert_06406,1
0,0,0,fresh_visobert_00645,1
0,0,0,fresh_visobert_02580,1
0,0,0,fresh_visobert_10243,1
0,0,0,fresh_visobert_03916,1
0,0,0,fresh_visobert_07426,1
0,0,0,fresh_visobert_02776,1
0,0,0,fresh_visobert_04291,1
1,1,1,fresh_visobert_06426,1
0,0,0,fresh_visobert_04292,1
1,1,1,fresh_visobert_06374,1
0,0,0,fresh_visobert_07802,1
0,0,0,fresh_visobert_03835,1
0,0,0,fresh_visobert_02352,1
0,0,0,fresh_visobert_07599,1
0,0,0,fresh_visobert_03578,1
0,0,0,fresh_visobert_03950,1
0,0,0,fresh_visobert_01614,1
0,0,0,fresh_visobert_10888,1
0,0,0,fresh_visobert_00849,1
0,0,0,fresh_visobert_01298,1
0,0,0,fresh_visobert_01185,1
0,0,0,fresh_visobert_03669,1
0,0,0,fresh_visobert_04763,1
0,0,0,fresh_visobert_01681,1
0,0,0,fresh_visobert_03245,1
0,0,0,fresh_visobert_08959,1
0,0,0,fresh_visobert_02280,1
0,0,0,fresh_visobert_11119,1
0,0,0,fresh_visobert_00900,1
0,0,0,fresh_visobert_03487,1
0,0,0,fresh_visobert_11336,1
0,0,0,fresh_visobert_08635,1
0,0,0,fresh_visobert_03988,1
0,0,0,fresh_visobert_07887,1
0,0,0,fresh_visobert_06180,1
0,0,0,fresh_visobert_08963,1
0,0,0,fresh_visobert_08198,1
0,0,0,fresh_visobert_06860,1
0,0,0,fresh_visobert_01718,1
0,0,0,fresh_visobert_03528,1
0,0,0,fresh_visobert_10636,1
0,0,0,fresh_visobert_10746,1
0,0,0,fresh_visobert_11967,1
0,0,0,fresh_visobert_08144,1
0,0,0,fresh_visobert_06277,1
0,0,0,fresh_visobert_02228,1
0,0,0,fresh_visobert_07522,1
0,0,0,fresh_visobert_05509,1
0,0,0,fresh_visobert_00778,1
0,0,0,fresh_visobert_04894,1
0,0,0,fresh_visobert_03057,1
0,0,0,fresh_visobert_01858,1
0,0,0,fresh_visobert_11426,1
0,0,0,fresh_visobert_10084,1
0,0,0,fresh_visobert_03168,1
0,0,0,fresh_visobert_02860,1
0,0,0,fresh_visobert_09009,1
0,0,0,fresh_visobert_03651,1
0,0,0,fresh_visobert_09500,1
0,0,0,fresh_visobert_05461,1
0,0,0,fresh_visobert_10655,1
0,0,0,fresh_visobert_09862,1
0,0,0,fresh_visobert_02862,1
0,0,0,fresh_visobert_07242,1
0,0,0,fresh_visobert_09099,1
0,0,0,fresh_visobert_02340,1
0,0,0,fresh_visobert_04133,1
0,0,0,fresh_visobert_10148,1
0,0,0,fresh_visobert_07341,1
0,0,0,fresh_visobert_04663,1
0,0,0,fresh_visobert_00283,1
0,0,0,fresh_visobert_05494,1
0,0,0,fresh_visobert_09823,1
0,0,0,fresh_visobert_07559,1
0,0,0,fresh_visobert_07957,1
0,0,0,fresh_visobert_04600,1
0,0,0,fresh_visobert_08821,1
0,0,0,fresh_visobert_08332,1
0,0,0,fresh_visobert_08174,1
0,0,0,fresh_visobert_02503,1
0,0,0,fresh_visobert_09155,1
0,0,0,fresh_visobert_01255,1
0,0,0,fresh_visobert_11268,1
0,0,0,fresh_visobert_10174,1
0,0,0,fresh_visobert_06856,1
0,0,0,fresh_visobert_09146,1
0,0,0,fresh_visobert_04460,1
0,0,0,fresh_visobert_08760,1
0,0,0,fresh_visobert_10447,1
0,0,0,fresh_visobert_05006,1
0,0,0,fresh_visobert_08308,1
0,0,0,fresh_visobert_04433,1
0,0,0,fresh_visobert_01153,1
1,1,1,fresh_visobert_08148,1
0,0,0,fresh_visobert_02054,1
0,0,0,fresh_visobert_07834,1
0,0,0,fresh_visobert_07571,1
0,0,0,fresh_visobert_01386,1
0,0,0,fresh_visobert_11552,1
0,0,0,fresh_visobert_00153,1
0,0,0,fresh_visobert_07671,1
0,0,0,fresh_visobert_03500,1
0,0,0,fresh_visobert_02434,1
0,0,0,fresh_visobert_10796,1
0,0,0,fresh_visobert_00893,1
0,0,0,fresh_visobert_05491,1
0,0,0,fresh_visobert_11104,1
0,0,0,fresh_visobert_03659,1
0,0,0,fresh_visobert_05152,1
0,0,0,fresh_visobert_06507,1
0,0,0,fresh_visobert_06923,1
0,0,0,fresh_visobert_00542,1
1,1,1,fresh_visobert_09124,1
0,0,0,fresh_visobert_00693,1
0,0,0,fresh_visobert_04183,1
0,0,0,fresh_visobert_07550,1
0,0,0,fresh_visobert_05450,1
0,0,0,fresh_visobert_00348,1
0,0,0,fresh_visobert_05996,1
0,0,0,fresh_visobert_04946,1
0,0,0,fresh_visobert_10552,1
0,0,0,fresh_visobert_01680,1
0,0,0,fresh_visobert_03354,1
0,0,0,fresh_visobert_06056,1
1,1,1,fresh_visobert_07214,1
0,0,0,fresh_visobert_06151,1
0,0,0,fresh_visobert_05676,1
0,0,0,fresh_visobert_10648,1
0,0,0,fresh_visobert_02347,1
0,0,0,fresh_visobert_09513,1
0,0,0,fresh_visobert_10270,1
0,0,0,fresh_visobert_02290,1
0,0,0,fresh_visobert_06037,1
0,0,0,fresh_visobert_00926,1
0,0,0,fresh_visobert_02515,1
0,0,0,fresh_visobert_03932,1
0,0,0,fresh_visobert_10260,1
0,0,0,fresh_visobert_05481,1
0,0,0,fresh_visobert_04044,1
0,0,0,fresh_visobert_07580,1
0,0,0,fresh_visobert_00935,1
0,0,0,fresh_visobert_08669,1
0,0,0,fresh_visobert_01026,1
0,0,0,fresh_visobert_00239,1
0,0,0,fresh_visobert_02060,1
1,0,1,fresh_visobert_04087,0
0,0,0,fresh_visobert_11895,1
0,0,0,fresh_visobert_09751,1
0,0,0,fresh_visobert_05979,1
0,0,0,fresh_visobert_00324,1
0,0,0,fresh_visobert_02978,1
1,1,1,fresh_visobert_01598,1
0,0,0,fresh_visobert_00152,1
0,0,0,fresh_visobert_03636,1
0,0,0,fresh_visobert_02450,1
0,0,0,fresh_visobert_00945,1
0,0,0,fresh_visobert_05035,1
0,0,0,fresh_visobert_03686,1
0,0,0,fresh_visobert_09368,1
0,0,0,fresh_visobert_11340,1
0,0,0,fresh_visobert_02185,1
0,0,0,fresh_visobert_05031,1
0,0,0,fresh_visobert_08189,1
0,0,0,fresh_visobert_08462,1
0,0,0,fresh_visobert_06011,1
1,1,1,fresh_visobert_10785,1
0,0,0,fresh_visobert_03060,1
0,0,0,fresh_visobert_09479,1
0,0,0,fresh_visobert_10639,1
0,0,0,fresh_visobert_04543,1
0,0,0,fresh_visobert_05112,1
1,1,1,fresh_visobert_10191,1
0,0,0,fresh_visobert_09069,1
0,0,0,fresh_visobert_01212,1
0,0,0,fresh_visobert_11658,1
0,0,0,fresh_visobert_03469,1
0,0,0,fresh_visobert_06346,1
0,0,0,fresh_visobert_08687,1
0,0,0,fresh_visobert_05355,1
0,0,0,fresh_visobert_08895,1
0,0,0,fresh_visobert_00457,1
0,0,0,fresh_visobert_09403,1
0,0,0,fresh_visobert_10031,1
0,0,0,fresh_visobert_04968,1
0,0,0,fresh_visobert_02939,1
0,0,0,fresh_visobert_07439,1
0,0,0,fresh_visobert_05930,1
1,1,1,fresh_visobert_07932,1
0,0,0,fresh_visobert_08063,1
0,0,0,fresh_visobert_01800,1
0,0,0,fresh_visobert_05767,1
0,0,0,fresh_visobert_10281,1
0,0,0,fresh_visobert_04904,1
0,0,0,fresh_visobert_09053,1
0,0,0,fresh_visobert_01612,1
0,0,0,fresh_visobert_01443,1
0,0,0,fresh_visobert_09501,1
0,0,0,fresh_visobert_02805,1
1,1,1,fresh_visobert_08789,1
0,0,0,fresh_visobert_03206,1
0,0,0,fresh_visobert_04260,1
0,0,0,fresh_visobert_03565,1
0,0,0,fresh_visobert_06295,1
0,0,0,fresh_visobert_04267,1
0,0,0,fresh_visobert_07653,1
0,0,0,fresh_visobert_05120,1
0,0,0,fresh_visobert_07149,1
0,0,0,fresh_visobert_05907,1
0,0,0,fresh_visobert_05649,1
1,1,1,fresh_visobert_08427,1
0,0,0,fresh_visobert_05703,1
0,0,0,fresh_visobert_02824,1
0,0,0,fresh_visobert_00967,1
0,0,0,fresh_visobert_09220,1
0,0,0,fresh_visobert_03485,1
0,0,0,fresh_visobert_06404,1
0,0,0,fresh_visobert_02483,1
0,0,0,fresh_visobert_02931,1
0,0,0,fresh_visobert_06494,1
0,0,0,fresh_visobert_09896,1
0,0,0,fresh_visobert_01122,1
0,0,0,fresh_visobert_08058,1
0,0,0,fresh_visobert_10251,1
0,0,0,fresh_visobert_09559,1
0,0,0,fresh_visobert_05322,1
0,0,0,fresh_visobert_07689,1
0,0,0,fresh_visobert_00932,1
0,0,0,fresh_visobert_09348,1
0,0,0,fresh_visobert_04195,1
0,0,0,fresh_visobert_06602,1
0,0,0,fresh_visobert_04503,1
0,0,0,fresh_visobert_09035,1
0,0,0,fresh_visobert_10019,1
0,0,0,fresh_visobert_07474,1
0,0,0,fresh_visobert_11007,1
0,0,0,fresh_visobert_05225,1
0,0,0,fresh_visobert_08367,1
0,0,0,fresh_visobert_05958,1
0,0,0,fresh_visobert_01126,1
0,0,0,fresh_visobert_04750,1
0,0,0,fresh_visobert_09266,1
0,0,0,fresh_visobert_10190,1
0,0,0,fresh_visobert_01507,1
0,0,0,fresh_visobert_06741,1
0,0,0,fresh_visobert_08684,1
0,0,0,fresh_visobert_08023,1
0,0,0,fresh_visobert_02741,1
0,0,0,fresh_visobert_06493,1
0,0,0,fresh_visobert_02448,1
0,0,0,fresh_visobert_07095,1
0,0,0,fresh_visobert_04586,1
0,0,0,fresh_visobert_05723,1
0,0,0,fresh_visobert_01384,1
0,0,0,fresh_visobert_02286,1
0,0,0,fresh_visobert_04768,1
0,0,0,fresh_visobert_10122,1
0,0,0,fresh_visobert_06317,1
0,0,0,fresh_visobert_11629,1
0,0,0,fresh_visobert_04845,1
0,0,0,fresh_visobert_07210,1
0,0,0,fresh_visobert_01653,1
1,1,1,fresh_visobert_06654,1
0,0,0,fresh_visobert_09597,1
0,0,0,fresh_visobert_06920,1
0,0,0,fresh_visobert_10634,1
0,0,0,fresh_visobert_00955,1
0,0,0,fresh_visobert_09258,1
0,0,0,fresh_visobert_08321,1
0,0,0,fresh_visobert_05244,1
0,0,0,fresh_visobert_09216,1
0,0,0,fresh_visobert_06093,1
0,0,0,fresh_visobert_09424,1
0,0,0,fresh_visobert_00289,1
0,0,0,fresh_visobert_01522,1
0,0,0,fresh_visobert_04902,1
0,0,0,fresh_visobert_05243,1
1,1,1,fresh_visobert_07618,1
0,0,0,fresh_visobert_11538,1
1,1,1,fresh_visobert_08886,1
0,0,0,fresh_visobert_06550,1
0,0,0,fresh_visobert_11118,1
1,1,1,fresh_visobert_08848,1
0,0,0,fresh_visobert_11074,1
0,0,0,fresh_visobert_07285,1
1,1,1,fresh_visobert_01589,1
0,0,0,fresh_visobert_01888,1
1,1,1,fresh_visobert_11726,1
0,0,0,fresh_visobert_08054,1
0,0,0,fresh_visobert_00865,1
0,0,0,fresh_visobert_07354,1
0,0,0,fresh_visobert_02200,1
0,0,0,fresh_visobert_07218,1
0,0,0,fresh_visobert_05379,1
0,0,0,fresh_visobert_07903,1
0,0,0,fresh_visobert_07767,1
0,0,0,fresh_visobert_00075,1
0,0,0,fresh_visobert_03298,1
0,0,0,fresh_visobert_00473,1
0,0,0,fresh_visobert_05040,1
0,0,0,fresh_visobert_03123,1
0,0,0,fresh_visobert_02248,1
0,0,0,fresh_visobert_00918,1
0,0,0,fresh_visobert_00116,1
0,0,0,fresh_visobert_00832,1
1,1,1,fresh_visobert_02106,1
0,0,0,fresh_visobert_10483,1
0,0,0,fresh_visobert_02849,1
0,0,0,fresh_visobert_01610,1
0,0,0,fresh_visobert_05796,1
0,0,0,fresh_visobert_03532,1
0,0,0,fresh_visobert_04556,1
0,0,0,fresh_visobert_05801,1
0,0,0,fresh_visobert_11923,1
0,0,0,fresh_visobert_04153,1
0,0,0,fresh_visobert_02203,1
0,0,0,fresh_visobert_08207,1
0,0,0,fresh_visobert_10905,1
0,0,0,fresh_visobert_03253,1
0,0,0,fresh_visobert_07455,1
0,0,0,fresh_visobert_02422,1
0,0,0,fresh_visobert_06038,1
0,0,0,fresh_visobert_03934,1
1,1,1,fresh_visobert_10760,1
0,0,0,fresh_visobert_04163,1
0,0,0,fresh_visobert_05195,1
0,0,0,fresh_visobert_09402,1
0,0,0,fresh_visobert_08212,1
0,0,0,fresh_visobert_04687,1
1,1,1,fresh_visobert_11983,1
0,0,0,fresh_visobert_02964,1
0,0,0,fresh_visobert_04980,1
0,0,0,fresh_visobert_00602,1
0,0,0,fresh_visobert_02478,1
0,0,0,fresh_visobert_09656,1
0,0,0,fresh_visobert_07050,1
0,0,0,fresh_visobert_06804,1
0,0,0,fresh_visobert_03067,1
0,0,0,fresh_visobert_08553,1
0,0,0,fresh_visobert_07409,1
0,0,0,fresh_visobert_03929,1
0,0,0,fresh_visobert_00427,1
0,0,0,fresh_visobert_02760,1
0,0,0,fresh_visobert_01603,1
0,0,0,fresh_visobert_10162,1
0,0,0,fresh_visobert_02812,1
0,0,0,fresh_visobert_05335,1
0,0,0,fresh_visobert_02122,1
0,0,0,fresh_visobert_10609,1
0,0,0,fresh_visobert_10493,1
0,0,0,fresh_visobert_05251,1
0,0,0,fresh_visobert_00989,1
0,0,0,fresh_visobert_00357,1
0,0,0,fresh_visobert_07007,1
1,1,1,fresh_visobert_10553,1
0,0,0,fresh_visobert_07101,1
0,0,0,fresh_visobert_01152,1
0,0,0,fresh_visobert_09277,1
0,0,0,fresh_visobert_04266,1
0,0,0,fresh_visobert_06829,1
0,0,0,fresh_visobert_09535,1
0,0,0,fresh_visobert_03432,1
0,0,0,fresh_visobert_00505,1
0,0,0,fresh_visobert_02293,1
0,0,0,fresh_visobert_03199,1
0,0,0,fresh_visobert_11679,1
0,0,0,fresh_visobert_08165,1
0,0,0,fresh_visobert_10324,1
0,0,0,fresh_visobert_01333,1
0,0,0,fresh_visobert_07152,1
0,0,0,fresh_visobert_04956,1
0,0,0,fresh_visobert_05514,1
0,0,0,fresh_visobert_06289,1
0,0,0,fresh_visobert_07595,1
0,0,0,fresh_visobert_02472,1
0,0,0,fresh_visobert_07507,1
0,0,0,fresh_visobert_02918,1
0,0,0,fresh_visobert_04430,1
0,0,0,fresh_visobert_00581,1
0,0,0,fresh_visobert_11696,1
0,0,0,fresh_visobert_05274,1
0,0,0,fresh_visobert_11359,1
0,0,0,fresh_visobert_08949,1
0,0,0,fresh_visobert_11518,1
0,0,0,fresh_visobert_09789,1
0,0,0,fresh_visobert_06895,1
0,0,0,fresh_visobert_04181,1
0,0,0,fresh_visobert_02490,1
0,0,0,fresh_visobert_11302,1
0,0,0,fresh_visobert_02386,1
1,1,1,fresh_visobert_07182,1
1,1,1,fresh_visobert_00833,1
0,0,0,fresh_visobert_11627,1
0,0,0,fresh_visobert_06288,1
0,0,0,fresh_visobert_05105,1
0,0,0,fresh_visobert_11709,1
0,0,0,fresh_visobert_07251,1
0,0,0,fresh_visobert_05199,1
0,0,0,fresh_visobert_03282,1
1,1,1,fresh_visobert_06643,1
0,0,0,fresh_visobert_06644,1
0,0,0,fresh_visobert_08444,1
0,0,0,fresh_visobert_00201,1
0,0,0,fresh_visobert_00027,1
1,1,1,fresh_visobert_08081,1
0,0,0,fresh_visobert_07616,1
0,0,0,fresh_visobert_10039,1
0,0,0,fresh_visobert_05648,1
0,0,0,fresh_visobert_04764,1
0,0,0,fresh_visobert_08229,1
0,0,0,fresh_visobert_05279,1
0,0,0,fresh_visobert_09201,1
0,0,0,fresh_visobert_07362,1
0,0,0,fresh_visobert_07725,1
0,0,0,fresh_visobert_02950,1
0,0,0,fresh_visobert_03716,1
0,0,0,fresh_visobert_05551,1
0,0,0,fresh_visobert_04727,1
0,0,0,fresh_visobert_06546,1
1,1,1,fresh_visobert_07482,1
0,0,0,fresh_visobert_01647,1
0,0,0,fresh_visobert_05187,1
0,0,0,fresh_visobert_00726,1
0,0,0,fresh_visobert_08588,1
0,0,0,fresh_visobert_07591,1
0,0,0,fresh_visobert_05588,1
0,0,0,fresh_visobert_09370,1
0,0,0,fresh_visobert_09391,1
0,0,0,fresh_visobert_04562,1
0,0,0,fresh_visobert_04962,1
0,0,0,fresh_visobert_00776,1
0,0,0,fresh_visobert_08550,1
1,1,1,fresh_visobert_06369,1
0,0,0,fresh_visobert_09786,1
0,0,0,fresh_visobert_00479,1
0,0,0,fresh_visobert_05733,1
0,0,0,fresh_visobert_01393,1
0,0,0,fresh_visobert_00133,1
0,0,0,fresh_visobert_00097,1
0,0,0,fresh_visobert_04272,1
0,0,0,fresh_visobert_00540,1
0,0,0,fresh_visobert_04767,1
0,0,0,fresh_visobert_08363,1
0,0,0,fresh_visobert_03411,1
0,0,0,fresh_visobert_09276,1
0,0,0,fresh_visobert_03770,1
0,0,0,fresh_visobert_05504,1
1,1,1,fresh_visobert_00632,1
0,0,0,fresh_visobert_03506,1
0,0,0,fresh_visobert_01407,1
0,0,0,fresh_visobert_09001,1
1,1,1,fresh_visobert_02086,1
0,0,0,fresh_visobert_04415,1
0,0,0,fresh_visobert_03260,1
0,0,0,fresh_visobert_09455,1
0,0,0,fresh_visobert_10462,1
0,0,0,fresh_visobert_03715,1
0,0,0,fresh_visobert_09417,1
0,0,0,fresh_visobert_08655,1
0,0,0,fresh_visobert_03595,1
0,0,0,fresh_visobert_04559,1
0,0,0,fresh_visobert_11376,1
0,0,0,fresh_visobert_01018,1
0,0,0,fresh_visobert_11404,1
0,0,0,fresh_visobert_03345,1
1,1,1,fresh_visobert_08889,1
0,0,0,fresh_visobert_01357,1
0,0,0,fresh_visobert_06328,1
0,0,0,fresh_visobert_00738,1
0,0,0,fresh_visobert_00911,1
0,0,0,fresh_visobert_04076,1
0,0,0,fresh_visobert_01078,1
0,0,0,fresh_visobert_10821,1
0,0,0,fresh_visobert_11445,1
0,0,0,fresh_visobert_02314,1
0,0,0,fresh_visobert_10332,1
0,0,0,fresh_visobert_00974,1
0,0,0,fresh_visobert_07509,1
0,0,0,fresh_visobert_01613,1
1,1,1,fresh_visobert_09374,1
0,0,0,fresh_visobert_00596,1
0,0,0,fresh_visobert_07029,1
0,0,0,fresh_visobert_05296,1
0,0,0,fresh_visobert_03908,1
0,0,0,fresh_visobert_05927,1
0,0,0,fresh_visobert_07347,1
0,0,0,fresh_visobert_10828,1
0,0,0,fresh_visobert_05806,1
0,0,0,fresh_visobert_02155,1
0,0,0,fresh_visobert_06699,1
0,0,0,fresh_visobert_10043,1
0,0,0,fresh_visobert_08133,1
0,0,0,fresh_visobert_06737,1
0,0,0,fresh_visobert_10939,1
0,0,0,fresh_visobert_06913,1
0,0,0,fresh_visobert_09436,1
0,0,0,fresh_visobert_08767,1
0,0,0,fresh_visobert_09462,1
0,0,0,fresh_visobert_11192,1
0,0,0,fresh_visobert_05200,1
0,0,0,fresh_visobert_01217,1
0,0,0,fresh_visobert_09244,1
0,0,0,fresh_visobert_00355,1
0,0,0,fresh_visobert_04730,1
0,0,0,fresh_visobert_09168,1
0,0,0,fresh_visobert_01059,1
0,0,0,fresh_visobert_08512,1
0,0,0,fresh_visobert_04129,1
0,0,0,fresh_visobert_10501,1
0,0,0,fresh_visobert_02581,1
0,0,0,fresh_visobert_11405,1
0,0,0,fresh_visobert_08744,1
0,0,0,fresh_visobert_02591,1
0,0,0,fresh_visobert_07233,1
0,0,0,fresh_visobert_09912,1
0,0,0,fresh_visobert_09315,1
0,0,0,fresh_visobert_02525,1
0,0,0,fresh_visobert_06862,1
0,0,0,fresh_visobert_00192,1
0,0,0,fresh_visobert_10832,1
0,0,0,fresh_visobert_05747,1
0,0,0,fresh_visobert_11513,1
0,0,0,fresh_visobert_08242,1
0,0,0,fresh_visobert_10604,1
0,0,0,fresh_visobert_05593,1
0,0,0,fresh_visobert_00363,1
0,0,0,fresh_visobert_09393,1
0,0,0,fresh_visobert_05134,1
0,0,0,fresh_visobert_02338,1
0,0,0,fresh_visobert_04050,1
0,0,0,fresh_visobert_05371,1
0,0,0,fresh_visobert_11701,1
0,0,0,fresh_visobert_08903,1
0,0,0,fresh_visobert_10439,1
0,0,0,fresh_visobert_10454,1
0,0,0,fresh_visobert_00187,1
0,0,0,fresh_visobert_03964,1
0,0,0,fresh_visobert_00741,1
0,0,0,fresh_visobert_03495,1
0,0,0,fresh_visobert_08620,1
0,0,0,fresh_visobert_02163,1
0,0,0,fresh_visobert_09748,1
0,0,0,fresh_visobert_06796,1
0,0,0,fresh_visobert_08750,1
0,0,0,fresh_visobert_08072,1
0,0,0,fresh_visobert_11970,1
0,0,0,fresh_visobert_06808,1
0,0,0,fresh_visobert_04247,1
0,0,0,fresh_visobert_04513,1
0,0,0,fresh_visobert_10341,1
0,0,0,fresh_visobert_03162,1
0,0,0,fresh_visobert_02643,1
0,0,0,fresh_visobert_02675,1
0,0,0,fresh_visobert_00627,1
0,0,0,fresh_visobert_02848,1
0,0,0,fresh_visobert_10715,1
0,0,0,fresh_visobert_04742,1
0,0,0,fresh_visobert_00978,1
1,1,1,fresh_visobert_06919,1
0,0,0,fresh_visobert_08182,1
0,0,0,fresh_visobert_11354,1
0,0,0,fresh_visobert_11290,1
0,0,0,fresh_visobert_09131,1
0,0,0,fresh_visobert_04626,1
0,0,0,fresh_visobert_10701,1
0,0,0,fresh_visobert_06814,1
1,1,1,fresh_visobert_07674,1
0,0,0,fresh_visobert_07670,1
0,0,0,fresh_visobert_06542,1
0,0,0,fresh_visobert_05983,1
0,0,0,fresh_visobert_04093,1
0,0,0,fresh_visobert_00245,1
0,0,0,fresh_visobert_06790,1
0,0,0,fresh_visobert_02462,1
0,0,0,fresh_visobert_11837,1
0,0,0,fresh_visobert_00103,1
0,0,0,fresh_visobert_06168,1
0,0,0,fresh_visobert_10679,1
0,0,0,fresh_visobert_03599,1
0,0,0,fresh_visobert_03748,1
0,0,0,fresh_visobert_06043,1
0,0,0,fresh_visobert_08586,1
0,0,0,fresh_visobert_08704,1
0,0,0,fresh_visobert_04510,1
0,0,0,fresh_visobert_09134,1
0,0,0,fresh_visobert_08178,1
0,0,0,fresh_visobert_06995,1
0,0,0,fresh_visobert_00996,1
0,0,0,fresh_visobert_06528,1
0,0,0,fresh_visobert_09498,1
0,0,0,fresh_visobert_06353,1
0,0,0,fresh_visobert_05601,1
0,0,0,fresh_visobert_01168,1
0,0,0,fresh_visobert_02246,1
0,0,0,fresh_visobert_03829,1
1,1,1,fresh_visobert_11110,1
0,0,0,fresh_visobert_06989,1
0,0,0,fresh_visobert_03314,1
0,0,0,fresh_visobert_02641,1
0,0,0,fresh_visobert_10716,1
0,0,0,fresh_visobert_01947,1
0,0,0,fresh_visobert_09186,1
0,0,0,fresh_visobert_07466,1
0,0,0,fresh_visobert_03776,1
0,0,0,fresh_visobert_10962,1
0,0,0,fresh_visobert_02475,1
0,0,0,fresh_visobert_08237,1
0,0,0,fresh_visobert_11537,1
0,0,0,fresh_visobert_10669,1
0,0,0,fresh_visobert_05781,1
0,0,0,fresh_visobert_06398,1
0,0,0,fresh_visobert_08138,1
0,0,0,fresh_visobert_02648,1
0,0,0,fresh_visobert_04989,1
0,0,0,fresh_visobert_11428,1
0,0,0,fresh_visobert_03699,1
0,0,0,fresh_visobert_10231,1
0,0,0,fresh_visobert_03425,1
0,0,0,fresh_visobert_06321,1
0,0,0,fresh_visobert_01370,1
0,0,0,fresh_visobert_08724,1
0,0,0,fresh_visobert_04482,1
0,0,0,fresh_visobert_11587,1
0,0,0,fresh_visobert_06943,1
0,0,0,fresh_visobert_03396,1
0,0,0,fresh_visobert_01161,1
0,0,0,fresh_visobert_07790,1
0,0,0,fresh_visobert_10694,1
0,0,0,fresh_visobert_06523,1
0,0,0,fresh_visobert_05020,1
0,0,0,fresh_visobert_05173,1
0,0,0,fresh_visobert_09631,1
0,0,0,fresh_visobert_07043,1
0,0,0,fresh_visobert_04786,1
0,0,0,fresh_visobert_08825,1
1,1,1,fresh_visobert_08713,1
0,0,0,fresh_visobert_07458,1
0,0,0,fresh_visobert_00595,1
0,0,0,fresh_visobert_11411,1
0,0,0,fresh_visobert_00203,1
0,0,0,fresh_visobert_11490,1
0,0,0,fresh_visobert_10557,1
0,0,0,fresh_visobert_07301,1
0,0,0,fresh_visobert_00487,1
0,0,0,fresh_visobert_11089,1
0,0,0,fresh_visobert_08876,1
0,0,0,fresh_visobert_08274,1
0,0,0,fresh_visobert_08422,1
0,0,0,fresh_visobert_11078,1
0,0,0,fresh_visobert_03513,1
0,0,0,fresh_visobert_02915,1
0,0,0,fresh_visobert_10620,1
0,0,0,fresh_visobert_09240,1
0,0,0,fresh_visobert_11041,1
0,0,0,fresh_visobert_03768,1
0,0,0,fresh_visobert_05415,1
0,0,0,fresh_visobert_00746,1
1,1,1,fresh_visobert_04071,1
0,0,0,fresh_visobert_08014,1
0,0,0,fresh_visobert_02025,1
0,0,0,fresh_visobert_04633,1
0,0,0,fresh_visobert_08451,1
0,0,0,fresh_visobert_02980,1
0,0,0,fresh_visobert_01259,1
0,0,0,fresh_visobert_04944,1
0,0,0,fresh_visobert_05944,1
0,0,0,fresh_visobert_07041,1
0,0,0,fresh_visobert_08177,1
0,0,0,fresh_visobert_07047,1
0,0,0,fresh_visobert_00649,1
0,0,0,fresh_visobert_00637,1
0,0,0,fresh_visobert_03353,1
0,0,0,fresh_visobert_00956,1
0,0,0,fresh_visobert_03750,1
0,0,0,fresh_visobert_02367,1
0,0,0,fresh_visobert_00863,1
0,0,0,fresh_visobert_10512,1
0,0,0,fresh_visobert_01439,1
1,1,1,fresh_visobert_08893,1
0,0,0,fresh_visobert_11099,1
0,0,0,fresh_visobert_00322,1
0,0,0,fresh_visobert_09590,1
0,0,0,fresh_visobert_03280,1
0,0,0,fresh_visobert_05595,1
0,0,0,fresh_visobert_11203,1
0,0,0,fresh_visobert_11770,1
0,0,0,fresh_visobert_01533,1
0,0,0,fresh_visobert_00515,1
1,1,1,fresh_visobert_06347,1
0,0,0,fresh_visobert_03518,1
0,0,0,fresh_visobert_01547,1
0,0,0,fresh_visobert_10358,1
0,0,0,fresh_visobert_10976,1
0,0,0,fresh_visobert_02790,1
0,0,0,fresh_visobert_11057,1
0,0,0,fresh_visobert_09648,1
0,0,0,fresh_visobert_10742,1
0,0,0,fresh_visobert_05325,1
0,0,0,fresh_visobert_01079,1
0,0,0,fresh_visobert_08358,1
0,0,0,fresh_visobert_04658,1
0,0,0,fresh_visobert_09730,1
0,0,0,fresh_visobert_07370,1
0,0,0,fresh_visobert_02723,1
0,0,0,fresh_visobert_03111,1
0,0,0,fresh_visobert_01828,1
0,0,0,fresh_visobert_01786,1
0,0,0,fresh_visobert_03066,1
1,1,1,fresh_visobert_06010,1
0,0,0,fresh_visobert_01206,1
0,0,0,fresh_visobert_10314,1
0,0,0,fresh_visobert_10062,1
0,0,0,fresh_visobert_00121,1
0,0,0,fresh_visobert_01545,1
0,0,0,fresh_visobert_02471,1
0,0,0,fresh_visobert_08536,1
0,0,0,fresh_visobert_01302,1
0,0,0,fresh_visobert_06359,1
0,0,0,fresh_visobert_06297,1
0,0,0,fresh_visobert_05759,1
1,1,1,fresh_visobert_11470,1
1,1,1,fresh_visobert_11274,1
0,0,0,fresh_visobert_09188,1
0,0,0,fresh_visobert_02586,1
0,0,0,fresh_visobert_05528,1
0,0,0,fresh_visobert_09840,1
0,0,0,fresh_visobert_00112,1
0,0,0,fresh_visobert_10595,1
0,0,0,fresh_visobert_01537,1
0,0,0,fresh_visobert_02212,1
0,0,0,fresh_visobert_08865,1
0,0,0,fresh_visobert_04883,1
0,0,0,fresh_visobert_08610,1
0,0,0,fresh_visobert_05144,1
0,0,0,fresh_visobert_01955,1
0,0,0,fresh_visobert_11076,1
0,0,0,fresh_visobert_04466,1
0,0,0,fresh_visobert_09666,1
0,0,0,fresh_visobert_07502,1
0,0,0,fresh_visobert_07787,1
0,0,0,fresh_visobert_10408,1
0,0,0,fresh_visobert_06418,1
0,0,0,fresh_visobert_01314,1
0,0,0,fresh_visobert_08779,1
0,0,0,fresh_visobert_09367,1
0,0,0,fresh_visobert_08139,1
0,0,0,fresh_visobert_06079,1
0,0,0,fresh_visobert_05226,1
0,0,0,fresh_visobert_03708,1
0,0,0,fresh_visobert_04780,1
0,0,0,fresh_visobert_08299,1
0,0,0,fresh_visobert_05560,1
0,0,0,fresh_visobert_04303,1
0,0,0,fresh_visobert_10894,1
0,0,0,fresh_visobert_04397,1
0,0,0,fresh_visobert_04822,1
0,0,0,fresh_visobert_06968,1
0,0,0,fresh_visobert_03734,1
0,0,0,fresh_visobert_05785,1
0,0,0,fresh_visobert_09833,1
0,0,0,fresh_visobert_03158,1
0,0,0,fresh_visobert_05123,1
0,0,0,fresh_visobert_08061,1
0,0,0,fresh_visobert_10978,1
0,0,0,fresh_visobert_05573,1
0,0,0,fresh_visobert_09807,1
0,0,0,fresh_visobert_06476,1
0,0,0,fresh_visobert_08214,1
0,0,0,fresh_visobert_08049,1
0,0,0,fresh_visobert_05804,1
0,0,0,fresh_visobert_00669,1
0,0,0,fresh_visobert_04157,1
0,0,0,fresh_visobert_06903,1
0,0,0,fresh_visobert_09150,1
0,0,0,fresh_visobert_02803,1
0,0,0,fresh_visobert_00735,1
0,0,0,fresh_visobert_08463,1
0,0,0,fresh_visobert_09476,1
0,0,0,fresh_visobert_01579,1
0,0,0,fresh_visobert_00908,1
0,0,0,fresh_visobert_10058,1
0,0,0,fresh_visobert_00497,1
0,0,0,fresh_visobert_01920,1
0,0,0,fresh_visobert_05101,1
0,0,0,fresh_visobert_03291,1
0,0,0,fresh_visobert_09159,1
0,0,0,fresh_visobert_10970,1
0,0,0,fresh_visobert_03164,1
0,0,0,fresh_visobert_10073,1
0,0,0,fresh_visobert_05570,1
0,0,0,fresh_visobert_08527,1
0,0,0,fresh_visobert_07008,1
0,0,0,fresh_visobert_08727,1
0,0,0,fresh_visobert_08070,1
0,0,0,fresh_visobert_04597,1
0,0,0,fresh_visobert_00743,1
0,0,0,fresh_visobert_03640,1
0,0,0,fresh_visobert_05630,1
0,0,0,fresh_visobert_01286,1
0,0,0,fresh_visobert_04637,1
0,0,0,fresh_visobert_06930,1
0,0,0,fresh_visobert_01072,1
0,0,0,fresh_visobert_05408,1
0,0,0,fresh_visobert_04352,1
0,0,0,fresh_visobert_11273,1
0,0,0,fresh_visobert_08220,1
0,0,0,fresh_visobert_05066,1
1,1,1,fresh_visobert_06063,1
1,1,1,fresh_visobert_11185,1
0,0,0,fresh_visobert_02088,1
0,0,0,fresh_visobert_03409,1
0,0,0,fresh_visobert_02529,1
0,0,0,fresh_visobert_09169,1
0,0,0,fresh_visobert_10133,1
1,1,1,fresh_visobert_08622,1
0,0,0,fresh_visobert_01417,1
0,0,0,fresh_visobert_04031,1
0,0,0,fresh_visobert_01878,1
0,0,0,fresh_visobert_07965,1
0,0,0,fresh_visobert_10402,1
0,0,0,fresh_visobert_04274,1
1,1,1,fresh_visobert_08533,1
0,0,0,fresh_visobert_11325,1
0,0,0,fresh_visobert_01047,1
0,0,0,fresh_visobert_07013,1
0,0,0,fresh_visobert_04276,1
0,0,0,fresh_visobert_02262,1
0,0,0,fresh_visobert_03854,1
0,0,0,fresh_visobert_05191,1
1,1,1,fresh_visobert_10991,1
0,0,0,fresh_visobert_06949,1
0,0,0,fresh_visobert_06429,1
0,0,0,fresh_visobert_03205,1
0,0,0,fresh_visobert_09019,1
0,0,0,fresh_visobert_06407,1
0,0,0,fresh_visobert_01747,1
1,1,1,fresh_visobert_10990,1
0,0,0,fresh_visobert_06688,1
0,0,0,fresh_visobert_05964,1
1,1,1,fresh_visobert_09008,1
0,0,0,fresh_visobert_02454,1
0,0,0,fresh_visobert_02987,1
0,0,0,fresh_visobert_03598,1
0,0,0,fresh_visobert_10126,1
0,0,0,fresh_visobert_10988,1
0,0,0,fresh_visobert_09554,1
1,1,1,fresh_visobert_08345,1
0,0,0,fresh_visobert_11462,1
0,0,0,fresh_visobert_10467,1
0,0,0,fresh_visobert_08113,1
0,0,0,fresh_visobert_01793,1
0,0,0,fresh_visobert_03479,1
0,0,0,fresh_visobert_09864,1
0,0,0,fresh_visobert_03841,1
0,0,0,fresh_visobert_06228,1
0,0,0,fresh_visobert_10709,1
0,0,0,fresh_visobert_09173,1
0,0,0,fresh_visobert_10773,1
0,0,0,fresh_visobert_00185,1
0,0,0,fresh_visobert_05074,1
0,0,0,fresh_visobert_06368,1
0,0,0,fresh_visobert_00339,1
0,0,0,fresh_visobert_07889,1
0,0,0,fresh_visobert_03099,1
0,0,0,fresh_visobert_11531,1
0,0,0,fresh_visobert_01834,1
0,0,0,fresh_visobert_11960,1
0,0,0,fresh_visobert_03843,1
0,0,0,fresh_visobert_01111,1
0,0,0,fresh_visobert_08161,1
0,0,0,fresh_visobert_02082,1
1,1,1,fresh_visobert_11223,1
0,0,0,fresh_visobert_10130,1
0,0,0,fresh_visobert_09473,1
0,0,0,fresh_visobert_00462,1
0,0,0,fresh_visobert_11985,1
0,0,0,fresh_visobert_10013,1
0,0,0,fresh_visobert_00376,1
0,0,0,fresh_visobert_01483,1
0,0,0,fresh_visobert_11355,1
0,0,0,fresh_visobert_06482,1
0,0,0,fresh_visobert_06714,1
0,0,0,fresh_visobert_09826,1
0,0,0,fresh_visobert_11206,1
0,0,0,fresh_visobert_06780,1
0,0,0,fresh_visobert_06312,1
0,0,0,fresh_visobert_08898,1
0,0,0,fresh_visobert_03793,1
0,0,0,fresh_visobert_04937,1
0,0,0,fresh_visobert_05318,1
1,1,1,fresh_visobert_08325,1
0,0,0,fresh_visobert_11818,1
0,0,0,fresh_visobert_02658,1
0,0,0,fresh_visobert_05178,1
1,1,1,fresh_visobert_10730,1
0,0,0,fresh_visobert_09026,1
0,0,0,fresh_visobert_07279,1
0,0,0,fresh_visobert_03814,1
0,0,0,fresh_visobert_09795,1
0,0,0,fresh_visobert_01387,1
0,0,0,fresh_visobert_07245,1
0,0,0,fresh_visobert_09331,1
0,0,0,fresh_visobert_08837,1
0,0,0,fresh_visobert_03721,1
0,0,0,fresh_visobert_07462,1
0,0,0,fresh_visobert_10012,1
0,0,0,fresh_visobert_05698,1
0,0,0,fresh_visobert_04773,1
0,0,0,fresh_visobert_08448,1
0,0,0,fresh_visobert_08067,1
0,0,0,fresh_visobert_06615,1
0,0,0,fresh_visobert_11909,1
0,0,0,fresh_visobert_00429,1
0,0,0,fresh_visobert_07078,1
0,0,0,fresh_visobert_02533,1
0,0,0,fresh_visobert_04717,1
0,0,0,fresh_visobert_07361,1
0,0,0,fresh_visobert_03727,1
0,0,0,fresh_visobert_07126,1
0,0,0,fresh_visobert_04895,1
0,0,0,fresh_visobert_01820,1
0,0,0,fresh_visobert_06266,1
0,0,0,fresh_visobert_04213,1
0,0,0,fresh_visobert_11611,1
0,0,0,fresh_visobert_11997,1
0,0,0,fresh_visobert_05427,1
0,0,0,fresh_visobert_01128,1
0,0,0,fresh_visobert_10577,1
0,0,0,fresh_visobert_02628,1
0,0,0,fresh_visobert_06641,1
0,0,0,fresh_visobert_11253,1
1,1,1,fresh_visobert_04048,1
0,0,0,fresh_visobert_07094,1
0,0,0,fresh_visobert_11198,1
0,0,0,fresh_visobert_10338,1
0,0,0,fresh_visobert_03128,1
0,0,0,fresh_visobert_01568,1
0,0,0,fresh_visobert_00984,1
0,0,0,fresh_visobert_09438,1
0,0,0,fresh_visobert_07763,1
0,0,0,fresh_visobert_05164,1
0,0,0,fresh_visobert_11860,1
0,0,0,fresh_visobert_01531,1
0,0,0,fresh_visobert_08004,1
0,0,0,fresh_visobert_09622,1
0,0,0,fresh_visobert_06402,1
0,0,0,fresh_visobert_07633,1
0,0,0,fresh_visobert_00519,1
0,0,0,fresh_visobert_02281,1
0,0,0,fresh_visobert_07435,1
0,0,0,fresh_visobert_00117,1
0,0,0,fresh_visobert_03157,1
0,0,0,fresh_visobert_01180,1
0,0,0,fresh_visobert_03374,1
0,0,0,fresh_visobert_08616,1
0,0,0,fresh_visobert_04531,1
0,0,0,fresh_visobert_03865,1
0,0,0,fresh_visobert_11991,1
0,0,0,fresh_visobert_04991,1
0,0,0,fresh_visobert_11776,1
0,0,0,fresh_visobert_02318,1
0,0,0,fresh_visobert_04178,1
0,0,0,fresh_visobert_07353,1
0,0,0,fresh_visobert_02268,1
0,0,0,fresh_visobert_02555,1
0,0,0,fresh_visobert_07261,1
0,0,0,fresh_visobert_04683,1
0,0,0,fresh_visobert_06936,1
0,0,0,fresh_visobert_02940,1
1,0,1,fresh_visobert_06137,0
0,0,0,fresh_visobert_08511,1
0,0,0,fresh_visobert_00881,1
0,0,0,fresh_visobert_04972,1
0,0,0,fresh_visobert_07541,1
0,0,0,fresh_visobert_04670,1
1,1,1,fresh_visobert_01096,1
0,0,0,fresh_visobert_02792,1
0,0,0,fresh_visobert_03670,1
0,0,0,fresh_visobert_08592,1
0,0,0,fresh_visobert_06696,1
0,0,0,fresh_visobert_08766,1
0,0,0,fresh_visobert_10171,1
0,0,0,fresh_visobert_06915,1
0,0,0,fresh_visobert_01827,1
0,0,0,fresh_visobert_05695,1
0,0,0,fresh_visobert_05950,1
0,0,0,fresh_visobert_05177,1
0,0,0,fresh_visobert_04801,1
0,0,0,fresh_visobert_10629,1
0,0,0,fresh_visobert_03947,1
0,0,0,fresh_visobert_00944,1
0,0,0,fresh_visobert_06566,1
0,0,0,fresh_visobert_06131,1
0,0,0,fresh_visobert_00480,1
0,0,0,fresh_visobert_08263,1
0,0,0,fresh_visobert_11707,1
0,0,0,fresh_visobert_11593,1
0,0,0,fresh_visobert_07420,1
0,0,0,fresh_visobert_05269,1
0,0,0,fresh_visobert_03458,1
0,0,0,fresh_visobert_10400,1
0,0,0,fresh_visobert_05499,1
0,0,0,fresh_visobert_02758,1
0,0,0,fresh_visobert_02866,1
0,0,0,fresh_visobert_05271,1
0,0,0,fresh_visobert_02405,1
0,0,0,fresh_visobert_02706,1
0,0,0,fresh_visobert_02445,1
0,0,0,fresh_visobert_11545,1
0,0,0,fresh_visobert_04350,1
0,0,0,fresh_visobert_05576,1
0,0,0,fresh_visobert_03240,1
0,0,0,fresh_visobert_11757,1
0,0,0,fresh_visobert_04302,1
0,0,0,fresh_visobert_00051,1
0,0,0,fresh_visobert_05791,1
0,0,0,fresh_visobert_09044,1
0,0,0,fresh_visobert_09372,1
0,0,0,fresh_visobert_11271,1
1,1,1,fresh_visobert_09182,1
0,0,0,fresh_visobert_06902,1
0,0,0,fresh_visobert_09329,1
0,0,0,fresh_visobert_06094,1
0,0,0,fresh_visobert_02070,1
0,0,0,fresh_visobert_06075,1
0,0,0,fresh_visobert_08670,1
1,1,1,fresh_visobert_07869,1
0,0,0,fresh_visobert_10490,1
0,0,0,fresh_visobert_01395,1
0,0,0,fresh_visobert_03088,1
0,0,0,fresh_visobert_06980,1
0,0,0,fresh_visobert_04252,1
0,0,0,fresh_visobert_02032,1
0,0,0,fresh_visobert_05671,1
0,0,0,fresh_visobert_06246,1
0,0,0,fresh_visobert_11257,1
0,0,0,fresh_visobert_03805,1
0,0,0,fresh_visobert_10208,1
0,0,0,fresh_visobert_00124,1
1,1,1,fresh_visobert_10534,1
0,0,0,fresh_visobert_09456,1
0,0,0,fresh_visobert_06183,1
0,0,0,fresh_visobert_11523,1
0,0,0,fresh_visobert_01883,1
0,0,0,fresh_visobert_02799,1
0,0,0,fresh_visobert_10008,1
0,0,0,fresh_visobert_07606,1
0,0,0,fresh_visobert_08524,1
0,0,0,fresh_visobert_05434,1
0,0,0,fresh_visobert_11060,1
0,0,0,fresh_visobert_10169,1
0,0,0,fresh_visobert_00809,1
0,0,0,fresh_visobert_08213,1
0,0,0,fresh_visobert_01548,1
0,0,0,fresh_visobert_01441,1
0,0,0,fresh_visobert_10528,1
0,0,0,fresh_visobert_01743,1
0,0,0,fresh_visobert_05792,1
0,0,0,fresh_visobert_01795,1
0,0,0,fresh_visobert_06751,1
0,0,0,fresh_visobert_06396,1
0,0,0,fresh_visobert_11434,1
0,0,0,fresh_visobert_09066,1
0,0,0,fresh_visobert_01352,1
0,0,0,fresh_visobert_02558,1
0,0,0,fresh_visobert_10267,1
0,0,0,fresh_visobert_08437,1
0,0,0,fresh_visobert_08871,1
0,0,0,fresh_visobert_08706,1
0,0,0,fresh_visobert_03894,1
0,0,0,fresh_visobert_11783,1
0,0,0,fresh_visobert_00887,1
0,0,0,fresh_visobert_00784,1
0,0,0,fresh_visobert_02697,1
0,0,0,fresh_visobert_06521,1
0,0,0,fresh_visobert_07351,1
0,0,0,fresh_visobert_02936,1
0,0,0,fresh_visobert_01197,1
1,1,1,fresh_visobert_11306,1
1,1,1,fresh_visobert_11763,1
1,1,1,fresh_visobert_09147,1
0,0,0,fresh_visobert_11316,1
0,0,0,fresh_visobert_03387,1
0,0,0,fresh_visobert_09414,1
0,0,0,fresh_visobert_02593,1
0,0,0,fresh_visobert_05137,1
0,0,0,fresh_visobert_05670,1
0,0,0,fresh_visobert_02810,1
0,0,0,fresh_visobert_05889,1
0,0,0,fresh_visobert_06729,1
0,0,0,fresh_visobert_10740,1
0,0,0,fresh_visobert_07216,1
0,0,0,fresh_visobert_06417,1
0,0,0,fresh_visobert_02126,1
1,1,1,fresh_visobert_10703,1
0,0,0,fresh_visobert_01790,1
0,0,0,fresh_visobert_03147,1
0,0,0,fresh_visobert_02128,1
0,0,0,fresh_visobert_08852,1
0,0,0,fresh_visobert_06267,1
0,0,0,fresh_visobert_04888,1
0,0,0,fresh_visobert_01378,1
0,0,0,fresh_visobert_02493,1
0,0,0,fresh_visobert_04887,1
0,0,0,fresh_visobert_02575,1
0,0,0,fresh_visobert_08775,1
0,0,0,fresh_visobert_06572,1
0,0,0,fresh_visobert_10157,1
0,0,0,fresh_visobert_08421,1
0,0,0,fresh_visobert_05381,1
0,0,0,fresh_visobert_02701,1
0,0,0,fresh_visobert_09907,1
0,0,0,fresh_visobert_01528,1
0,0,0,fresh_visobert_04185,1
0,0,0,fresh_visobert_07162,1
0,0,0,fresh_visobert_07675,1
0,0,0,fresh_visobert_06921,1
0,0,0,fresh_visobert_04830,1
0,0,0,fresh_visobert_07429,1
0,0,0,fresh_visobert_11059,1
1,1,1,fresh_visobert_09047,1
0,0,0,fresh_visobert_10075,1
0,0,0,fresh_visobert_08738,1
0,0,0,fresh_visobert_02647,1
0,0,0,fresh_visobert_11711,1
0,0,0,fresh_visobert_06341,1
0,0,0,fresh_visobert_07111,1
0,0,0,fresh_visobert_09876,1
0,0,0,fresh_visobert_08964,1
0,0,0,fresh_visobert_07090,1
0,0,0,fresh_visobert_01243,1
0,0,0,fresh_visobert_06578,1
0,0,0,fresh_visobert_10666,1
0,0,0,fresh_visobert_10242,1
0,0,0,fresh_visobert_10247,1
0,0,0,fresh_visobert_07986,1
0,0,0,fresh_visobert_08627,1
0,0,0,fresh_visobert_03000,1
0,0,0,fresh_visobert_05609,1
0,0,0,fresh_visobert_11595,1
0,0,0,fresh_visobert_02350,1
0,0,0,fresh_visobert_01320,1
0,0,0,fresh_visobert_09814,1
0,0,0,fresh_visobert_01246,1
0,0,0,fresh_visobert_01149,1
0,0,0,fresh_visobert_01600,1
0,0,0,fresh_visobert_11082,1
0,0,0,fresh_visobert_07836,1
0,0,0,fresh_visobert_10632,1
0,0,0,fresh_visobert_01900,1
0,0,0,fresh_visobert_04544,1
0,0,0,fresh_visobert_06738,1
0,0,0,fresh_visobert_02600,1
0,0,0,fresh_visobert_02705,1
1,1,1,fresh_visobert_09801,1
0,0,0,fresh_visobert_01742,1
0,0,0,fresh_visobert_02639,1
0,0,0,fresh_visobert_01322,1
0,0,0,fresh_visobert_06951,1
0,0,0,fresh_visobert_02632,1
0,0,0,fresh_visobert_01833,1
1,1,1,fresh_visobert_06631,1
0,0,0,fresh_visobert_00557,1
0,0,0,fresh_visobert_07757,1
0,0,0,fresh_visobert_02090,1
0,0,0,fresh_visobert_09116,1
0,0,0,fresh_visobert_08015,1
0,0,0,fresh_visobert_00920,1
1,1,1,fresh_visobert_02456,1
0,0,0,fresh_visobert_02177,1
0,0,0,fresh_visobert_08127,1
0,0,0,fresh_visobert_05457,1
0,0,0,fresh_visobert_00513,1
0,0,0,fresh_visobert_10431,1
0,0,0,fresh_visobert_01822,1
0,0,0,fresh_visobert_05784,1
0,0,0,fresh_visobert_03187,1
0,0,0,fresh_visobert_11898,1
0,0,0,fresh_visobert_01095,1
0,0,0,fresh_visobert_11207,1
1,1,1,fresh_visobert_06588,1
0,0,0,fresh_visobert_05212,1
0,0,0,fresh_visobert_07521,1
0,0,0,fresh_visobert_04423,1
0,0,0,fresh_visobert_08349,1
0,0,0,fresh_visobert_09010,1
0,0,0,fresh_visobert_01983,1
0,0,0,fresh_visobert_09939,1
0,0,0,fresh_visobert_09981,1
0,0,0,fresh_visobert_10256,1
0,0,0,fresh_visobert_03192,1
0,0,0,fresh_visobert_07032,1
0,0,0,fresh_visobert_05714,1
0,0,0,fresh_visobert_03695,1
0,0,0,fresh_visobert_02443,1
0,0,0,fresh_visobert_04593,1
0,0,0,fresh_visobert_00318,1
0,0,0,fresh_visobert_01876,1
0,0,0,fresh_visobert_09521,1
1,1,1,fresh_visobert_07608,1
0,0,0,fresh_visobert_09475,1
0,0,0,fresh_visobert_09263,1
0,0,0,fresh_visobert_11570,1
0,0,0,fresh_visobert_10217,1
0,0,0,fresh_visobert_07602,1
0,0,0,fresh_visobert_10424,1
0,0,0,fresh_visobert_01869,1
0,0,0,fresh_visobert_06886,1
0,0,0,fresh_visobert_09708,1
0,0,0,fresh_visobert_11777,1
0,0,0,fresh_visobert_02785,1
0,0,0,fresh_visobert_09448,1
0,0,0,fresh_visobert_05281,1
0,0,0,fresh_visobert_11947,1
0,0,0,fresh_visobert_00565,1
0,0,0,fresh_visobert_11946,1
0,0,0,fresh_visobert_02317,1
0,0,0,fresh_visobert_08604,1
0,0,0,fresh_visobert_00963,1
1,1,1,fresh_visobert_10166,1
1,1,1,fresh_visobert_01292,1
0,0,0,fresh_visobert_05535,1
0,0,0,fresh_visobert_08073,1
0,0,0,fresh_visobert_09615,1
0,0,0,fresh_visobert_04122,1
0,0,0,fresh_visobert_09349,1
0,0,0,fresh_visobert_07200,1
0,0,0,fresh_visobert_01194,1
0,0,0,fresh_visobert_01207,1
0,0,0,fresh_visobert_05547,1
0,0,0,fresh_visobert_06760,1
0,0,0,fresh_visobert_11295,1
0,0,0,fresh_visobert_10403,1
0,0,0,fresh_visobert_01619,1
0,0,0,fresh_visobert_07472,1
1,1,1,fresh_visobert_00631,1
0,0,0,fresh_visobert_03501,1
0,0,0,fresh_visobert_00344,1
0,0,0,fresh_visobert_01146,1
0,0,0,fresh_visobert_07027,1
0,0,0,fresh_visobert_11149,1
0,0,0,fresh_visobert_05538,1
0,0,0,fresh_visobert_06070,1
0,0,0,fresh_visobert_05233,1
1,1,1,fresh_visobert_11817,1
1,1,1,fresh_visobert_08814,1
0,0,0,fresh_visobert_11221,1
0,0,0,fresh_visobert_11996,1
0,0,0,fresh_visobert_01969,1
0,0,0,fresh_visobert_09055,1
0,0,0,fresh_visobert_00695,1
0,0,0,fresh_visobert_02208,1
0,0,0,fresh_visobert_05987,1
0,0,0,fresh_visobert_07555,1
0,0,0,fresh_visobert_00573,1
0,0,0,fresh_visobert_05030,1
0,0,0,fresh_visobert_01290,1
0,0,0,fresh_visobert_08531,1
0,0,0,fresh_visobert_09661,1
0,0,0,fresh_visobert_11731,1
0,0,0,fresh_visobert_03463,1
0,0,0,fresh_visobert_07587,1
1,1,1,fresh_visobert_10184,1
0,0,0,fresh_visobert_07492,1
0,0,0,fresh_visobert_10404,1
0,0,0,fresh_visobert_10734,1
0,0,0,fresh_visobert_03421,1
0,0,0,fresh_visobert_06315,1
1,1,1,fresh_visobert_10030,1
1,1,1,fresh_visobert_06624,1
0,0,0,fresh_visobert_00877,1
0,0,0,fresh_visobert_00538,1
0,0,0,fresh_visobert_11321,1
0,0,0,fresh_visobert_06434,1
0,0,0,fresh_visobert_01804,1
0,0,0,fresh_visobert_10456,1
0,0,0,fresh_visobert_10241,1
0,0,0,fresh_visobert_09770,1
0,0,0,fresh_visobert_02999,1
0,0,0,fresh_visobert_09120,1
0,0,0,fresh_visobert_11058,1
0,0,0,fresh_visobert_00785,1
0,0,0,fresh_visobert_04920,1
0,0,0,fresh_visobert_07424,1
0,0,0,fresh_visobert_06637,1
0,0,0,fresh_visobert_00226,1
0,0,0,fresh_visobert_01210,1
0,0,0,fresh_visobert_05728,1
1,1,1,fresh_visobert_07766,1
0,0,0,fresh_visobert_01887,1
0,0,0,fresh_visobert_10645,1
0,0,0,fresh_visobert_10567,1
0,0,0,fresh_visobert_10337,1
0,0,0,fresh_visobert_00030,1
0,0,0,fresh_visobert_03472,1
0,0,0,fresh_visobert_10879,1
0,0,0,fresh_visobert_06497,1
1,1,1,fresh_visobert_10654,1
0,0,0,fresh_visobert_05904,1
0,0,0,fresh_visobert_05294,1
0,0,0,fresh_visobert_04201,1
0,0,0,fresh_visobert_10265,1
0,0,0,fresh_visobert_11979,1
0,0,0,fresh_visobert_00716,1
0,0,0,fresh_visobert_01214,1
0,0,0,fresh_visobert_05776,1
1,1,1,fresh_visobert_07407,1
0,0,0,fresh_visobert_10845,1
0,0,0,fresh_visobert_09271,1
0,0,0,fresh_visobert_08416,1
0,0,0,fresh_visobert_00319,1
0,0,0,fresh_visobert_02919,1
1,1,1,fresh_visobert_11215,1
0,0,0,fresh_visobert_06488,1
0,0,0,fresh_visobert_08774,1
0,0,0,fresh_visobert_09483,1
0,0,0,fresh_visobert_09324,1
0,0,0,fresh_visobert_03850,1
0,0,0,fresh_visobert_04305,1
0,0,0,fresh_visobert_05490,1
0,0,0,fresh_visobert_02197,1
0,0,0,fresh_visobert_08776,1
0,0,0,fresh_visobert_03350,1
0,0,0,fresh_visobert_09793,1
0,0,0,fresh_visobert_02858,1
0,0,0,fresh_visobert_10254,1
0,0,0,fresh_visobert_05589,1
0,0,0,fresh_visobert_07176,1
0,0,0,fresh_visobert_02638,1
0,0,0,fresh_visobert_01557,1
0,0,0,fresh_visobert_05918,1
0,0,0,fresh_visobert_09148,1
0,0,0,fresh_visobert_09296,1
0,0,0,fresh_visobert_06868,1
0,0,0,fresh_visobert_11397,1
0,0,0,fresh_visobert_07181,1
1,1,1,fresh_visobert_09167,1
0,0,0,fresh_visobert_08708,1
0,0,0,fresh_visobert_02842,1
0,0,0,fresh_visobert_02617,1
0,0,0,fresh_visobert_11691,1
0,0,0,fresh_visobert_03467,1
0,0,0,fresh_visobert_05099,1
0,0,0,fresh_visobert_00411,1
0,0,0,fresh_visobert_06256,1
0,0,0,fresh_visobert_03031,1
0,0,0,fresh_visobert_03828,1
0,0,0,fresh_visobert_11891,1
0,0,0,fresh_visobert_05063,1
0,0,0,fresh_visobert_06456,1
0,0,0,fresh_visobert_08781,1
1,1,1,fresh_visobert_10011,1
0,0,0,fresh_visobert_05926,1
0,0,0,fresh_visobert_10463,1
0,0,0,fresh_visobert_06697,1
0,0,0,fresh_visobert_00962,1
0,0,0,fresh_visobert_08442,1
0,0,0,fresh_visobert_07535,1
0,0,0,fresh_visobert_03757,1
0,0,0,fresh_visobert_00036,1
0,0,0,fresh_visobert_10434,1
0,0,0,fresh_visobert_07768,1
0,0,0,fresh_visobert_04471,1
0,0,0,fresh_visobert_02358,1
0,0,0,fresh_visobert_07701,1
0,0,0,fresh_visobert_01741,1
0,0,0,fresh_visobert_03596,1
0,0,0,fresh_visobert_11497,1
0,0,0,fresh_visobert_09809,1
0,0,0,fresh_visobert_10744,1
0,0,0,fresh_visobert_06356,1
0,0,0,fresh_visobert_09610,1
0,0,0,fresh_visobert_10965,1
0,0,0,fresh_visobert_01950,1
0,0,0,fresh_visobert_11594,1
0,0,0,fresh_visobert_11942,1
0,0,0,fresh_visobert_01953,1
0,0,0,fresh_visobert_07488,1
0,0,0,fresh_visobert_11573,1
0,0,0,fresh_visobert_07936,1
0,0,0,fresh_visobert_04982,1
0,0,0,fresh_visobert_01911,1
0,0,0,fresh_visobert_08277,1
0,0,0,fresh_visobert_01284,1
0,0,0,fresh_visobert_11625,1
0,0,0,fresh_visobert_01421,1
0,0,0,fresh_visobert_08703,1
0,0,0,fresh_visobert_01014,1
0,0,0,fresh_visobert_08166,1
0,0,0,fresh_visobert_05117,1
0,0,0,fresh_visobert_10296,1
0,0,0,fresh_visobert_01315,1
0,0,0,fresh_visobert_11266,1
0,0,0,fresh_visobert_06342,1
0,0,0,fresh_visobert_01988,1
1,1,1,fresh_visobert_08624,1
0,0,0,fresh_visobert_06752,1
0,0,0,fresh_visobert_00311,1
0,0,0,fresh_visobert_10323,1
0,0,0,fresh_visobert_04672,1
0,0,0,fresh_visobert_03862,1
0,0,0,fresh_visobert_09051,1
0,0,0,fresh_visobert_11596,1
0,0,0,fresh_visobert_08286,1
0,0,0,fresh_visobert_03726,1
0,0,0,fresh_visobert_05419,1
0,0,0,fresh_visobert_02482,1
0,0,0,fresh_visobert_04805,1
0,0,0,fresh_visobert_06718,1
0,0,0,fresh_visobert_10781,1
0,0,0,fresh_visobert_02489,1
0,0,0,fresh_visobert_09432,1
0,0,0,fresh_visobert_05340,1
0,0,0,fresh_visobert_05998,1
0,0,0,fresh_visobert_09425,1
0,0,0,fresh_visobert_07113,1
0,0,0,fresh_visobert_11182,1
1,0,1,fresh_visobert_00383,0
0,0,0,fresh_visobert_09362,1
0,0,0,fresh_visobert_08547,1
0,0,0,fresh_visobert_08201,1
0,0,0,fresh_visobert_03251,1
0,0,0,fresh_visobert_00441,1
0,0,0,fresh_visobert_05032,1
0,0,0,fresh_visobert_03616,1
0,0,0,fresh_visobert_08169,1
0,0,0,fresh_visobert_10414,1
0,0,0,fresh_visobert_02683,1
0,0,0,fresh_visobert_08490,1
0,0,0,fresh_visobert_04847,1
0,0,0,fresh_visobert_08574,1
0,0,0,fresh_visobert_02133,1
0,0,0,fresh_visobert_08804,1
0,0,0,fresh_visobert_01611,1
0,0,0,fresh_visobert_00899,1
0,0,0,fresh_visobert_09553,1
0,0,0,fresh_visobert_07062,1
0,0,0,fresh_visobert_09433,1
0,0,0,fresh_visobert_05837,1
0,0,0,fresh_visobert_06623,1
0,0,0,fresh_visobert_08324,1
0,0,0,fresh_visobert_10997,1
0,0,0,fresh_visobert_11517,1
0,0,0,fresh_visobert_05854,1
0,0,0,fresh_visobert_02662,1
0,0,0,fresh_visobert_11567,1
0,0,0,fresh_visobert_06255,1
1,1,1,fresh_visobert_08296,1
0,0,0,fresh_visobert_05616,1
0,0,0,fresh_visobert_07775,1
0,0,0,fresh_visobert_01346,1
0,0,0,fresh_visobert_07951,1
0,0,0,fresh_visobert_09320,1
0,0,0,fresh_visobert_09545,1
0,0,0,fresh_visobert_05452,1
0,0,0,fresh_visobert_03213,1
0,0,0,fresh_visobert_11166,1
0,0,0,fresh_visobert_09566,1
0,0,0,fresh_visobert_09366,1
0,0,0,fresh_visobert_04225,1
0,0,0,fresh_visobert_06672,1
0,0,0,fresh_visobert_00168,1
0,0,0,fresh_visobert_09290,1
0,0,0,fresh_visobert_11821,1
0,0,0,fresh_visobert_03788,1
0,0,0,fresh_visobert_02023,1
0,0,0,fresh_visobert_07097,1
0,0,0,fresh_visobert_05898,1
0,0,0,fresh_visobert_11162,1
0,0,0,fresh_visobert_09705,1
0,0,0,fresh_visobert_09647,1
0,0,0,fresh_visobert_09062,1
0,0,0,fresh_visobert_07607,1
0,0,0,fresh_visobert_07131,1
0,0,0,fresh_visobert_10594,1
0,0,0,fresh_visobert_01559,1
0,0,0,fresh_visobert_09326,1
0,0,0,fresh_visobert_00929,1
0,0,0,fresh_visobert_05460,1
0,0,0,fresh_visobert_08948,1
0,0,0,fresh_visobert_05679,1
0,0,0,fresh_visobert_08733,1
0,0,0,fresh_visobert_11519,1
0,0,0,fresh_visobert_10047,1
0,0,0,fresh_visobert_00855,1
0,0,0,fresh_visobert_10797,1
0,0,0,fresh_visobert_10794,1
0,0,0,fresh_visobert_03898,1
0,0,0,fresh_visobert_02374,1
0,0,0,fresh_visobert_03550,1
0,0,0,fresh_visobert_00729,1
1,1,1,fresh_visobert_07477,1
0,0,0,fresh_visobert_00417,1
0,0,0,fresh_visobert_06261,1
0,0,0,fresh_visobert_07302,1
0,0,0,fresh_visobert_01666,1
0,0,0,fresh_visobert_03498,1
0,0,0,fresh_visobert_00089,1
1,1,1,fresh_visobert_11130,1
0,0,0,fresh_visobert_03802,1
0,0,0,fresh_visobert_08307,1
0,0,0,fresh_visobert_02833,1
1,0,1,fresh_visobert_10548,0
0,0,0,fresh_visobert_10186,1
0,0,0,fresh_visobert_08792,1
0,0,0,fresh_visobert_06534,1
0,0,0,fresh_visobert_06999,1
0,0,0,fresh_visobert_04809,1
0,0,0,fresh_visobert_01773,1
0,0,0,fresh_visobert_04250,1
0,0,0,fresh_visobert_03963,1
0,0,0,fresh_visobert_01767,1
0,0,0,fresh_visobert_07705,1
0,0,0,fresh_visobert_10010,1
1,1,1,fresh_visobert_10959,1
0,0,0,fresh_visobert_02538,1
0,0,0,fresh_visobert_05208,1
0,0,0,fresh_visobert_11966,1
0,0,0,fresh_visobert_06138,1
0,0,0,fresh_visobert_07446,1
0,0,0,fresh_visobert_09101,1
1,1,1,fresh_visobert_05395,1
0,0,0,fresh_visobert_04457,1
0,0,0,fresh_visobert_01090,1
0,0,0,fresh_visobert_05845,1
0,0,0,fresh_visobert_03690,1
0,0,0,fresh_visobert_04081,1
0,0,0,fresh_visobert_03486,1
0,0,0,fresh_visobert_03779,1
0,0,0,fresh_visobert_08560,1
1,1,1,fresh_visobert_04321,1
0,0,0,fresh_visobert_06607,1
0,0,0,fresh_visobert_05824,1
0,0,0,fresh_visobert_11484,1
0,0,0,fresh_visobert_05742,1
0,0,0,fresh_visobert_01784,1
0,0,0,fresh_visobert_04289,1
0,0,0,fresh_visobert_11747,1
0,0,0,fresh_visobert_02020,1
0,0,0,fresh_visobert_10511,1
0,0,0,fresh_visobert_02747,1
0,0,0,fresh_visobert_05638,1
0,0,0,fresh_visobert_02714,1
0,0,0,fresh_visobert_08507,1
0,0,0,fresh_visobert_05215,1
0,0,0,fresh_visobert_04226,1
0,0,0,fresh_visobert_00471,1
0,0,0,fresh_visobert_01086,1
0,0,0,fresh_visobert_08074,1
0,0,0,fresh_visobert_02013,1
0,0,0,fresh_visobert_00814,1
0,0,0,fresh_visobert_11667,1
0,0,0,fresh_visobert_11558,1
0,0,0,fresh_visobert_02576,1
0,0,0,fresh_visobert_05204,1
0,0,0,fresh_visobert_10955,1
0,0,0,fresh_visobert_08929,1
0,0,0,fresh_visobert_00432,1
0,0,0,fresh_visobert_05245,1
0,0,0,fresh_visobert_04121,1
0,0,0,fresh_visobert_03817,1
0,0,0,fresh_visobert_11827,1
0,0,0,fresh_visobert_04688,1
0,0,0,fresh_visobert_04951,1
0,0,0,fresh_visobert_04936,1
0,0,0,fresh_visobert_00751,1
0,0,0,fresh_visobert_02527,1
0,0,0,fresh_visobert_10556,1
0,0,0,fresh_visobert_06675,1
0,0,0,fresh_visobert_05690,1
1,1,1,fresh_visobert_06004,1
0,0,0,fresh_visobert_02571,1
1,1,1,fresh_visobert_00025,1
0,0,0,fresh_visobert_01679,1
0,0,0,fresh_visobert_09000,1
0,0,0,fresh_visobert_03567,1
0,0,0,fresh_visobert_07527,1
0,0,0,fresh_visobert_02384,1
0,0,0,fresh_visobert_07129,1
0,0,0,fresh_visobert_08348,1
0,0,0,fresh_visobert_01805,1
0,0,0,fresh_visobert_10274,1
0,0,0,fresh_visobert_11026,1
0,0,0,fresh_visobert_08589,1
0,0,0,fresh_visobert_03254,1
0,0,0,fresh_visobert_01245,1
1,1,1,fresh_visobert_11751,1
0,0,0,fresh_visobert_08645,1
0,0,0,fresh_visobert_03931,1
0,0,0,fresh_visobert_03233,1
0,0,0,fresh_visobert_09007,1
0,0,0,fresh_visobert_11844,1
0,0,0,fresh_visobert_00628,1
0,0,0,fresh_visobert_07318,1
0,0,0,fresh_visobert_03941,1
0,0,0,fresh_visobert_02809,1
0,0,0,fresh_visobert_06556,1
0,0,0,fresh_visobert_11217,1
0,0,0,fresh_visobert_03234,1
0,0,0,fresh_visobert_06042,1
0,0,0,fresh_visobert_09679,1
0,0,0,fresh_visobert_03563,1
0,0,0,fresh_visobert_06058,1
0,0,0,fresh_visobert_06178,1
0,0,0,fresh_visobert_11083,1
0,0,0,fresh_visobert_09675,1
0,0,0,fresh_visobert_07604,1
0,0,0,fresh_visobert_03309,1
0,0,0,fresh_visobert_04476,1
0,0,0,fresh_visobert_07632,1
0,0,0,fresh_visobert_00274,1
0,0,0,fresh_visobert_02039,1
0,0,0,fresh_visobert_06743,1
0,0,0,fresh_visobert_05906,1
0,0,0,fresh_visobert_03547,1
0,0,0,fresh_visobert_01216,1
0,0,0,fresh_visobert_04785,1
0,0,0,fresh_visobert_07137,1
1,1,1,fresh_visobert_08239,1
0,0,0,fresh_visobert_11139,1
0,0,0,fresh_visobert_09868,1
0,0,0,fresh_visobert_11678,1
0,0,0,fresh_visobert_04854,1
0,0,0,fresh_visobert_00690,1
0,0,0,fresh_visobert_10499,1
0,0,0,fresh_visobert_02825,1
1,1,1,fresh_visobert_02679,1
0,0,0,fresh_visobert_10635,1
0,0,0,fresh_visobert_07386,1
0,0,0,fresh_visobert_01615,1
0,0,0,fresh_visobert_00123,1
0,0,0,fresh_visobert_02564,1
0,0,0,fresh_visobert_00912,1
0,0,0,fresh_visobert_04566,1
1,1,1,fresh_visobert_06458,1
0,0,0,fresh_visobert_08794,1
0,0,0,fresh_visobert_07847,1
1,1,1,fresh_visobert_00009,1
0,0,0,fresh_visobert_07795,1
0,0,0,fresh_visobert_03834,1
0,0,0,fresh_visobert_02031,1
0,0,0,fresh_visobert_03926,1
0,0,0,fresh_visobert_07380,1
0,0,0,fresh_visobert_00885,1
0,0,0,fresh_visobert_07844,1
1,1,1,fresh_visobert_11804,1
0,0,0,fresh_visobert_06032,1
0,0,0,fresh_visobert_02010,1
0,0,0,fresh_visobert_08520,1
0,0,0,fresh_visobert_09327,1
0,0,0,fresh_visobert_08352,1
0,0,0,fresh_visobert_07195,1
0,0,0,fresh_visobert_08154,1
0,0,0,fresh_visobert_07173,1
0,0,0,fresh_visobert_00587,1
0,0,0,fresh_visobert_07237,1
0,0,0,fresh_visobert_07155,1
0,0,0,fresh_visobert_08176,1
0,0,0,fresh_visobert_06953,1
0,0,0,fresh_visobert_01623,1
0,0,0,fresh_visobert_08695,1
0,0,0,fresh_visobert_06834,1
1,0,1,fresh_visobert_11191,0
0,0,0,fresh_visobert_08672,1
0,0,0,fresh_visobert_08913,1
1,1,1,fresh_visobert_06843,1
0,0,0,fresh_visobert_04863,1
0,0,0,fresh_visobert_08783,1
0,0,0,fresh_visobert_07160,1
0,0,0,fresh_visobert_04657,1
0,0,0,fresh_visobert_06076,1
0,0,0,fresh_visobert_02924,1
0,0,0,fresh_visobert_06934,1
0,0,0,fresh_visobert_04474,1
0,0,0,fresh_visobert_09028,1
0,0,0,fresh_visobert_09975,1
0,0,0,fresh_visobert_09843,1
0,0,0,fresh_visobert_04030,1
0,0,0,fresh_visobert_02692,1
1,1,1,fresh_visobert_00653,1
0,0,0,fresh_visobert_00146,1
0,0,0,fresh_visobert_08855,1
0,0,0,fresh_visobert_04811,1
0,0,0,fresh_visobert_03681,1
0,0,0,fresh_visobert_01997,1
0,0,0,fresh_visobert_01855,1
0,0,0,fresh_visobert_11619,1
0,0,0,fresh_visobert_09575,1
0,0,0,fresh_visobert_01506,1
0,0,0,fresh_visobert_03548,1
0,0,0,fresh_visobert_04123,1
0,0,0,fresh_visobert_07917,1
0,0,0,fresh_visobert_03450,1
0,0,0,fresh_visobert_00824,1
0,0,0,fresh_visobert_09720,1
0,0,0,fresh_visobert_07069,1
0,0,0,fresh_visobert_06765,1
0,0,0,fresh_visobert_09776,1
0,0,0,fresh_visobert_03542,1
0,0,0,fresh_visobert_02160,1
0,0,0,fresh_visobert_06638,1
1,1,1,fresh_visobert_06846,1
0,0,0,fresh_visobert_04673,1
1,1,1,fresh_visobert_06653,1
0,0,0,fresh_visobert_03211,1
0,0,0,fresh_visobert_00423,1
0,0,0,fresh_visobert_05484,1
0,0,0,fresh_visobert_05707,1
0,0,0,fresh_visobert_10173,1
1,0,1,fresh_visobert_10177,0
0,0,0,fresh_visobert_05059,1
0,0,0,fresh_visobert_07929,1
0,0,0,fresh_visobert_11075,1
0,0,0,fresh_visobert_06677,1
0,0,0,fresh_visobert_07885,1
0,0,0,fresh_visobert_10878,1
0,0,0,fresh_visobert_03671,1
0,0,0,fresh_visobert_01908,1
0,0,0,fresh_visobert_06950,1
0,0,0,fresh_visobert_10316,1
0,0,0,fresh_visobert_06201,1
0,0,0,fresh_visobert_08458,1
0,0,0,fresh_visobert_02886,1
0,0,0,fresh_visobert_07330,1
0,0,0,fresh_visobert_11591,1
0,0,0,fresh_visobert_06651,1
0,0,0,fresh_visobert_02110,1
0,0,0,fresh_visobert_00934,1
0,0,0,fresh_visobert_03266,1
0,0,0,fresh_visobert_06405,1
0,0,0,fresh_visobert_00412,1
0,0,0,fresh_visobert_10680,1
0,0,0,fresh_visobert_10942,1
0,0,0,fresh_visobert_00894,1
0,0,0,fresh_visobert_02364,1
0,0,0,fresh_visobert_05687,1
0,0,0,fresh_visobert_02083,1
0,0,0,fresh_visobert_07799,1
0,0,0,fresh_visobert_01232,1
0,0,0,fresh_visobert_00670,1
0,0,0,fresh_visobert_03764,1
0,0,0,fresh_visobert_09096,1
0,0,0,fresh_visobert_05893,1
0,0,0,fresh_visobert_00474,1
0,0,0,fresh_visobert_03465,1
0,0,0,fresh_visobert_00910,1
0,0,0,fresh_visobert_01917,1
0,0,0,fresh_visobert_02353,1
0,0,0,fresh_visobert_07552,1
0,0,0,fresh_visobert_02518,1
0,0,0,fresh_visobert_06238,1
0,0,0,fresh_visobert_09375,1
1,1,1,fresh_visobert_11084,1
0,0,0,fresh_visobert_02044,1
0,0,0,fresh_visobert_06200,1
0,0,0,fresh_visobert_02283,1
0,0,0,fresh_visobert_03045,1
0,0,0,fresh_visobert_08447,1
1,1,1,fresh_visobert_08510,1
0,0,0,fresh_visobert_02780,1
0,0,0,fresh_visobert_10411,1
0,0,0,fresh_visobert_03062,1
0,0,0,fresh_visobert_00646,1
0,0,0,fresh_visobert_08046,1
0,0,0,fresh_visobert_10907,1
0,0,0,fresh_visobert_05754,1
0,0,0,fresh_visobert_00520,1
0,0,0,fresh_visobert_10029,1
0,0,0,fresh_visobert_09165,1
0,0,0,fresh_visobert_09014,1
0,0,0,fresh_visobert_10932,1
0,0,0,fresh_visobert_03480,1
0,0,0,fresh_visobert_03755,1
0,0,0,fresh_visobert_05850,1
0,0,0,fresh_visobert_09048,1
0,0,0,fresh_visobert_08966,1
0,0,0,fresh_visobert_03136,1
0,0,0,fresh_visobert_06906,1
0,0,0,fresh_visobert_00258,1
0,0,0,fresh_visobert_10135,1
0,0,0,fresh_visobert_00049,1
0,0,0,fresh_visobert_11651,1
1,1,1,fresh_visobert_10386,1
0,0,0,fresh_visobert_07901,1
0,0,0,fresh_visobert_10033,1
0,0,0,fresh_visobert_07777,1
0,0,0,fresh_visobert_06552,1
0,0,0,fresh_visobert_05462,1
0,0,0,fresh_visobert_10037,1
0,0,0,fresh_visobert_05396,1
0,0,0,fresh_visobert_02123,1
0,0,0,fresh_visobert_00685,1
1,1,1,fresh_visobert_08455,1
0,0,0,fresh_visobert_01460,1
1,1,1,fresh_visobert_10692,1
0,0,0,fresh_visobert_03586,1
0,0,0,fresh_visobert_08424,1
0,0,0,fresh_visobert_01580,1
0,0,0,fresh_visobert_01049,1
0,0,0,fresh_visobert_04529,1
0,0,0,fresh_visobert_04561,1
0,0,0,fresh_visobert_08868,1
0,0,0,fresh_visobert_05510,1
1,1,1,fresh_visobert_01729,1
0,0,0,fresh_visobert_04628,1
0,0,0,fresh_visobert_06583,1
0,0,0,fresh_visobert_10477,1
1,1,1,fresh_visobert_06709,1
1,0,1,fresh_visobert_08712,0
0,0,0,fresh_visobert_00739,1
0,0,0,fresh_visobert_09879,1
0,0,0,fresh_visobert_06978,1
0,0,0,fresh_visobert_08197,1
0,0,0,fresh_visobert_02216,1
1,1,1,fresh_visobert_08530,1
0,0,0,fresh_visobert_08805,1
0,0,0,fresh_visobert_03882,1
0,0,0,fresh_visobert_00084,1
0,0,0,fresh_visobert_05527,1
0,0,0,fresh_visobert_01038,1
0,0,0,fresh_visobert_03771,1
0,0,0,fresh_visobert_08209,1
0,0,0,fresh_visobert_05106,1
0,0,0,fresh_visobert_11742,1
0,0,0,fresh_visobert_09963,1
0,0,0,fresh_visobert_04909,1
0,0,0,fresh_visobert_08523,1
0,0,0,fresh_visobert_10022,1
0,0,0,fresh_visobert_07823,1
0,0,0,fresh_visobert_02218,1
0,0,0,fresh_visobert_04758,1
0,0,0,fresh_visobert_00708,1
0,0,0,fresh_visobert_08085,1
1,1,1,fresh_visobert_05963,1
0,0,0,fresh_visobert_11196,1
1,1,1,fresh_visobert_05529,1
0,0,0,fresh_visobert_05476,1
0,0,0,fresh_visobert_00986,1
0,0,0,fresh_visobert_04572,1
0,0,0,fresh_visobert_04935,1
0,0,0,fresh_visobert_11557,1
0,0,0,fresh_visobert_10001,1
0,0,0,fresh_visobert_09591,1
0,0,0,fresh_visobert_10826,1
0,0,0,fresh_visobert_10380,1
0,0,0,fresh_visobert_07762,1
0,0,0,fresh_visobert_05227,1
0,0,0,fresh_visobert_04665,1
0,0,0,fresh_visobert_06055,1
0,0,0,fresh_visobert_06570,1
1,1,1,fresh_visobert_08040,1
0,0,0,fresh_visobert_06656,1
0,0,0,fresh_visobert_02195,1
0,0,0,fresh_visobert_11992,1
0,0,0,fresh_visobert_05615,1
0,0,0,fresh_visobert_06309,1
0,0,0,fresh_visobert_01369,1
0,0,0,fresh_visobert_09111,1
0,0,0,fresh_visobert_05989,1
0,0,0,fresh_visobert_05080,1
0,0,0,fresh_visobert_09279,1
0,0,0,fresh_visobert_07470,1
0,0,0,fresh_visobert_01726,1
0,0,0,fresh_visobert_00335,1
0,0,0,fresh_visobert_09341,1
0,0,0,fresh_visobert_06876,1
0,0,0,fresh_visobert_03016,1
0,0,0,fresh_visobert_02698,1
0,0,0,fresh_visobert_02972,1
0,0,0,fresh_visobert_04151,1
0,0,0,fresh_visobert_03127,1
0,0,0,fresh_visobert_10804,1
0,0,0,fresh_visobert_04536,1
0,0,0,fresh_visobert_03112,1
0,0,0,fresh_visobert_05811,1
0,0,0,fresh_visobert_02946,1
1,1,1,fresh_visobert_11132,1
1,1,1,fresh_visobert_05942,1
0,0,0,fresh_visobert_02172,1
0,0,0,fresh_visobert_03217,1
0,0,0,fresh_visobert_10540,1
0,0,0,fresh_visobert_11692,1
0,0,0,fresh_visobert_00175,1
0,0,0,fresh_visobert_03830,1
0,0,0,fresh_visobert_06490,1
0,0,0,fresh_visobert_10430,1
0,0,0,fresh_visobert_01928,1
0,0,0,fresh_visobert_00567,1
0,0,0,fresh_visobert_06878,1
0,0,0,fresh_visobert_09687,1
0,0,0,fresh_visobert_01927,1
0,0,0,fresh_visobert_06388,1
0,0,0,fresh_visobert_05665,1
0,0,0,fresh_visobert_01832,1
0,0,0,fresh_visobert_07756,1
0,0,0,fresh_visobert_03326,1
0,0,0,fresh_visobert_05359,1
0,0,0,fresh_visobert_00374,1
0,0,0,fresh_visobert_02473,1
0,0,0,fresh_visobert_08410,1
0,0,0,fresh_visobert_08819,1
0,0,0,fresh_visobert_04196,1
0,0,0,fresh_visobert_10574,1
0,0,0,fresh_visobert_08493,1
0,0,0,fresh_visobert_04400,1
0,0,0,fresh_visobert_03581,1
0,0,0,fresh_visobert_05526,1
0,0,0,fresh_visobert_09964,1
0,0,0,fresh_visobert_11648,1
0,0,0,fresh_visobert_04218,1
0,0,0,fresh_visobert_00088,1
0,0,0,fresh_visobert_06928,1
0,0,0,fresh_visobert_05500,1
0,0,0,fresh_visobert_03943,1
0,0,0,fresh_visobert_03454,1
0,0,0,fresh_visobert_05657,1
0,0,0,fresh_visobert_11382,1
0,0,0,fresh_visobert_00337,1
0,0,0,fresh_visobert_08863,1
0,0,0,fresh_visobert_04671,1
0,0,0,fresh_visobert_01952,1
0,0,0,fresh_visobert_08247,1
0,0,0,fresh_visobert_00973,1
0,0,0,fresh_visobert_07431,1
0,0,0,fresh_visobert_03433,1
0,0,0,fresh_visobert_09013,1
0,0,0,fresh_visobert_00119,1
0,0,0,fresh_visobert_05232,1
0,0,0,fresh_visobert_00532,1
0,0,0,fresh_visobert_11408,1
0,0,0,fresh_visobert_09579,1
0,0,0,fresh_visobert_07562,1
0,0,0,fresh_visobert_06650,1
0,0,0,fresh_visobert_01707,1
0,0,0,fresh_visobert_05813,1
0,0,0,fresh_visobert_11941,1
0,0,0,fresh_visobert_01093,1
1,1,1,fresh_visobert_06101,1
0,0,0,fresh_visobert_03997,1
0,0,0,fresh_visobert_01291,1
0,0,0,fresh_visobert_09192,1
0,0,0,fresh_visobert_10226,1
0,0,0,fresh_visobert_07184,1
0,0,0,fresh_visobert_06051,1
0,0,0,fresh_visobert_09522,1
0,0,0,fresh_visobert_01683,1
0,0,0,fresh_visobert_09428,1
0,0,0,fresh_visobert_00522,1
0,0,0,fresh_visobert_02176,1
1,1,1,fresh_visobert_08831,1
0,0,0,fresh_visobert_08869,1
0,0,0,fresh_visobert_01943,1
0,0,0,fresh_visobert_11950,1
0,0,0,fresh_visobert_11890,1
0,0,0,fresh_visobert_10444,1
0,0,0,fresh_visobert_07241,1
0,0,0,fresh_visobert_03417,1
0,0,0,fresh_visobert_02778,1
0,0,0,fresh_visobert_01453,1
0,0,0,fresh_visobert_07004,1
0,0,0,fresh_visobert_06006,1
0,0,0,fresh_visobert_05778,1
0,0,0,fresh_visobert_08394,1
0,0,0,fresh_visobert_05858,1
1,1,1,fresh_visobert_09330,1
0,0,0,fresh_visobert_04977,1
0,0,0,fresh_visobert_09068,1
0,0,0,fresh_visobert_05558,1
0,0,0,fresh_visobert_04557,1
0,0,0,fresh_visobert_05041,1
0,0,0,fresh_visobert_05847,1
0,0,0,fresh_visobert_10668,1
0,0,0,fresh_visobert_11965,1
0,0,0,fresh_visobert_10944,1
0,0,0,fresh_visobert_11010,1
0,0,0,fresh_visobert_05368,1
0,0,0,fresh_visobert_02737,1
1,1,1,fresh_visobert_06450,1
0,0,0,fresh_visobert_01686,1
1,1,1,fresh_visobert_06240,1
0,0,0,fresh_visobert_01175,1
0,0,0,fresh_visobert_08123,1
0,0,0,fresh_visobert_00722,1
0,0,0,fresh_visobert_06061,1
0,0,0,fresh_visobert_07543,1
0,0,0,fresh_visobert_01555,1
0,0,0,fresh_visobert_02474,1
1,1,1,fresh_visobert_09576,1
0,0,0,fresh_visobert_09043,1
0,0,0,fresh_visobert_07114,1
0,0,0,fresh_visobert_04756,1
0,0,0,fresh_visobert_01970,1
0,0,0,fresh_visobert_10143,1
0,0,0,fresh_visobert_02081,1
0,0,0,fresh_visobert_01084,1
0,0,0,fresh_visobert_07968,1
0,0,0,fresh_visobert_08271,1
0,0,0,fresh_visobert_01488,1
0,0,0,fresh_visobert_10335,1
0,0,0,fresh_visobert_03068,1
0,0,0,fresh_visobert_09431,1
0,0,0,fresh_visobert_02831,1
1,1,1,fresh_visobert_00511,1
0,0,0,fresh_visobert_06827,1
0,0,0,fresh_visobert_05685,1
0,0,0,fresh_visobert_04535,1
0,0,0,fresh_visobert_01588,1
0,0,0,fresh_visobert_04351,1
0,0,0,fresh_visobert_03952,1
0,0,0,fresh_visobert_10778,1
0,0,0,fresh_visobert_04782,1
0,0,0,fresh_visobert_10565,1
0,0,0,fresh_visobert_10752,1
1,1,1,fresh_visobert_08540,1
0,0,0,fresh_visobert_11042,1
0,0,0,fresh_visobert_06062,1
0,0,0,fresh_visobert_06812,1
0,0,0,fresh_visobert_01761,1
0,0,0,fresh_visobert_04293,1
0,0,0,fresh_visobert_02917,1
0,0,0,fresh_visobert_02188,1
0,0,0,fresh_visobert_05161,1
0,0,0,fresh_visobert_00839,1
1,0,1,fresh_visobert_08426,0
0,0,0,fresh_visobert_08715,1
0,0,0,fresh_visobert_03574,1
0,0,0,fresh_visobert_11442,1
1,0,1,fresh_visobert_07863,0
0,0,0,fresh_visobert_01156,1
0,0,0,fresh_visobert_09317,1
0,0,0,fresh_visobert_06030,1
0,0,0,fresh_visobert_06945,1
0,0,0,fresh_visobert_11872,1
0,0,0,fresh_visobert_08765,1
0,0,0,fresh_visobert_10230,1
0,0,0,fresh_visobert_04290,1
1,1,1,fresh_visobert_08552,1
0,0,0,fresh_visobert_02408,1
0,0,0,fresh_visobert_10545,1
0,0,0,fresh_visobert_00916,1
0,0,0,fresh_visobert_09563,1
0,0,0,fresh_visobert_10285,1
1,1,1,fresh_visobert_10791,1
0,0,0,fresh_visobert_09933,1
0,0,0,fresh_visobert_04954,1
1,1,1,fresh_visobert_04651,1
0,0,0,fresh_visobert_10468,1
1,1,1,fresh_visobert_09815,1
0,0,0,fresh_visobert_06954,1
0,0,0,fresh_visobert_06148,1
0,0,0,fresh_visobert_03137,1
0,0,0,fresh_visobert_09248,1
0,0,0,fresh_visobert_00299,1
0,0,0,fresh_visobert_09888,1
0,0,0,fresh_visobert_01634,1
0,0,0,fresh_visobert_09307,1
0,0,0,fresh_visobert_00469,1
0,0,0,fresh_visobert_08449,1
0,0,0,fresh_visobert_05306,1
0,0,0,fresh_visobert_04722,1
0,0,0,fresh_visobert_09884,1
0,0,0,fresh_visobert_03847,1
0,0,0,fresh_visobert_09602,1
0,0,0,fresh_visobert_03519,1
0,0,0,fresh_visobert_08124,1
0,0,0,fresh_visobert_02028,1
1,1,1,fresh_visobert_11368,1
0,0,0,fresh_visobert_02095,1
0,0,0,fresh_visobert_01631,1
1,1,1,fresh_visobert_06022,1
0,0,0,fresh_visobert_05991,1
0,0,0,fresh_visobert_06035,1
0,0,0,fresh_visobert_00964,1
0,0,0,fresh_visobert_07343,1
0,0,0,fresh_visobert_11194,1
0,0,0,fresh_visobert_07411,1
0,0,0,fresh_visobert_09716,1
0,0,0,fresh_visobert_00788,1
1,1,1,fresh_visobert_08362,1
0,0,0,fresh_visobert_11022,1
0,0,0,fresh_visobert_01940,1
0,0,0,fresh_visobert_01226,1
0,0,0,fresh_visobert_11333,1
1,1,1,fresh_visobert_08625,1
0,0,0,fresh_visobert_08382,1
0,0,0,fresh_visobert_11437,1
0,0,0,fresh_visobert_08842,1
0,0,0,fresh_visobert_00359,1
0,0,0,fresh_visobert_00650,1
0,0,0,fresh_visobert_09270,1
0,0,0,fresh_visobert_11369,1
0,0,0,fresh_visobert_08381,1
0,0,0,fresh_visobert_00021,1
0,0,0,fresh_visobert_03133,1
0,0,0,fresh_visobert_11108,1
0,0,0,fresh_visobert_06023,1
0,0,0,fresh_visobert_06984,1
0,0,0,fresh_visobert_04152,1
0,0,0,fresh_visobert_04770,1
0,0,0,fresh_visobert_06163,1
0,0,0,fresh_visobert_05681,1
0,0,0,fresh_visobert_05328,1
0,0,0,fresh_visobert_11494,1
0,0,0,fresh_visobert_04227,1
0,0,0,fresh_visobert_03529,1
0,0,0,fresh_visobert_00481,1
0,0,0,fresh_visobert_10529,1
0,0,0,fresh_visobert_06129,1
0,0,0,fresh_visobert_00937,1
0,0,0,fresh_visobert_10758,1
0,0,0,fresh_visobert_01837,1
0,0,0,fresh_visobert_11420,1
1,1,1,fresh_visobert_10718,1
0,0,0,fresh_visobert_01962,1
0,0,0,fresh_visobert_00449,1
0,0,0,fresh_visobert_07334,1
0,0,0,fresh_visobert_08143,1
0,0,0,fresh_visobert_01814,1
0,0,0,fresh_visobert_08623,1
0,0,0,fresh_visobert_00126,1
0,0,0,fresh_visobert_05478,1
0,0,0,fresh_visobert_09405,1
0,0,0,fresh_visobert_06947,1
0,0,0,fresh_visobert_04002,1
0,0,0,fresh_visobert_07042,1
0,0,0,fresh_visobert_07263,1
0,0,0,fresh_visobert_00692,1
0,0,0,fresh_visobert_11637,1
0,0,0,fresh_visobert_03717,1
0,0,0,fresh_visobert_08012,1
0,0,0,fresh_visobert_07665,1
1,1,1,fresh_visobert_10049,1
0,0,0,fresh_visobert_06231,1
0,0,0,fresh_visobert_07468,1
1,1,1,fresh_visobert_04147,1
0,0,0,fresh_visobert_02210,1
1,0,1,fresh_visobert_06171,0
0,0,0,fresh_visobert_02969,1
0,0,0,fresh_visobert_08190,1
0,0,0,fresh_visobert_02823,1
0,0,0,fresh_visobert_01608,1
0,0,0,fresh_visobert_04707,1
0,0,0,fresh_visobert_10086,1
0,0,0,fresh_visobert_11638,1
0,0,0,fresh_visobert_01628,1
0,0,0,fresh_visobert_07278,1
0,0,0,fresh_visobert_03786,1
0,0,0,fresh_visobert_08515,1
0,0,0,fresh_visobert_05412,1
0,0,0,fresh_visobert_09004,1
0,0,0,fresh_visobert_10078,1
0,0,0,fresh_visobert_06589,1
0,0,0,fresh_visobert_07287,1
0,0,0,fresh_visobert_11238,1
0,0,0,fresh_visobert_05377,1
0,0,0,fresh_visobert_11097,1
0,0,0,fresh_visobert_08052,1
0,0,0,fresh_visobert_00241,1
0,0,0,fresh_visobert_10478,1
0,0,0,fresh_visobert_04264,1
0,0,0,fresh_visobert_06952,1
0,0,0,fresh_visobert_10187,1
0,0,0,fresh_visobert_02278,1
0,0,0,fresh_visobert_01159,1
0,0,0,fresh_visobert_08384,1
0,0,0,fresh_visobert_10652,1
0,0,0,fresh_visobert_03622,1
0,0,0,fresh_visobert_07972,1
0,0,0,fresh_visobert_08411,1
0,0,0,fresh_visobert_11978,1
0,0,0,fresh_visobert_11279,1
0,0,0,fresh_visobert_02190,1
1,1,1,fresh_visobert_10937,1
0,0,0,fresh_visobert_08315,1
1,1,1,fresh_visobert_09873,1
0,0,0,fresh_visobert_04356,1
0,0,0,fresh_visobert_03646,1
0,0,0,fresh_visobert_02270,1
1,1,1,fresh_visobert_08937,1
0,0,0,fresh_visobert_09038,1
0,0,0,fresh_visobert_06837,1
0,0,0,fresh_visobert_06746,1
0,0,0,fresh_visobert_03796,1
0,0,0,fresh_visobert_05579,1
0,0,0,fresh_visobert_06667,1
0,0,0,fresh_visobert_03150,1
0,0,0,fresh_visobert_05312,1
0,0,0,fresh_visobert_03787,1
0,0,0,fresh_visobert_03810,1
0,0,0,fresh_visobert_05436,1
0,0,0,fresh_visobert_00988,1
0,0,0,fresh_visobert_03084,1
0,0,0,fresh_visobert_01656,1
0,0,0,fresh_visobert_07376,1
0,0,0,fresh_visobert_11328,1
0,0,0,fresh_visobert_06394,1
0,0,0,fresh_visobert_08557,1
0,0,0,fresh_visobert_09259,1
0,0,0,fresh_visobert_04796,1
0,0,0,fresh_visobert_03264,1
0,0,0,fresh_visobert_01481,1
1,1,1,fresh_visobert_10982,1
0,0,0,fresh_visobert_09930,1
0,0,0,fresh_visobert_04242,1
0,0,0,fresh_visobert_05098,1
0,0,0,fresh_visobert_07340,1
0,0,0,fresh_visobert_07953,1
0,0,0,fresh_visobert_06170,1
0,0,0,fresh_visobert_10233,1
1,1,1,fresh_visobert_09322,1
0,0,0,fresh_visobert_10660,1
0,0,0,fresh_visobert_07338,1
0,0,0,fresh_visobert_03544,1
0,0,0,fresh_visobert_08022,1
0,0,0,fresh_visobert_11995,1
0,0,0,fresh_visobert_00793,1
1,1,1,fresh_visobert_07240,1
0,0,0,fresh_visobert_02239,1
0,0,0,fresh_visobert_02440,1
0,0,0,fresh_visobert_08218,1
0,0,0,fresh_visobert_04819,1
0,0,0,fresh_visobert_03372,1
0,0,0,fresh_visobert_09920,1
0,0,0,fresh_visobert_00699,1
1,1,1,fresh_visobert_00732,1
0,0,0,fresh_visobert_01540,1
0,0,0,fresh_visobert_07460,1
0,0,0,fresh_visobert_04378,1
0,0,0,fresh_visobert_04587,1
0,0,0,fresh_visobert_03625,1
0,0,0,fresh_visobert_08341,1
0,0,0,fresh_visobert_04885,1
0,0,0,fresh_visobert_07375,1
0,0,0,fresh_visobert_11914,1
0,0,0,fresh_visobert_07447,1
0,0,0,fresh_visobert_02594,1
0,0,0,fresh_visobert_02100,1
0,0,0,fresh_visobert_10633,1
1,1,1,fresh_visobert_05945,1
0,0,0,fresh_visobert_03418,1
0,0,0,fresh_visobert_07463,1
0,0,0,fresh_visobert_00498,1
0,0,0,fresh_visobert_05856,1
0,0,0,fresh_visobert_05905,1
0,0,0,fresh_visobert_04667,1
0,0,0,fresh_visobert_08719,1
0,0,0,fresh_visobert_01847,1
0,0,0,fresh_visobert_05058,1
0,0,0,fresh_visobert_09860,1
0,0,0,fresh_visobert_03416,1
0,0,0,fresh_visobert_03392,1
0,0,0,fresh_visobert_00710,1
0,0,0,fresh_visobert_00537,1
0,0,0,fresh_visobert_06763,1
0,0,0,fresh_visobert_02389,1
0,0,0,fresh_visobert_02901,1
0,0,0,fresh_visobert_07205,1
0,0,0,fresh_visobert_00073,1
0,0,0,fresh_visobert_04662,1
0,0,0,fresh_visobert_04868,1
0,0,0,fresh_visobert_00404,1
1,1,1,fresh_visobert_08845,1
0,0,0,fresh_visobert_07699,1
1,1,1,fresh_visobert_00045,1
0,0,0,fresh_visobert_02949,1
0,0,0,fresh_visobert_01209,1
0,0,0,fresh_visobert_03554,1
0,0,0,fresh_visobert_10769,1
0,0,0,fresh_visobert_01108,1
0,0,0,fresh_visobert_10736,1
0,0,0,fresh_visobert_08419,1
0,0,0,fresh_visobert_01269,1
0,0,0,fresh_visobert_08130,1
0,0,0,fresh_visobert_10589,1
0,0,0,fresh_visobert_01350,1
0,0,0,fresh_visobert_02236,1
0,0,0,fresh_visobert_10504,1
0,0,0,fresh_visobert_07696,1
0,0,0,fresh_visobert_04923,1
0,0,0,fresh_visobert_11760,1
0,0,0,fresh_visobert_09805,1
0,0,0,fresh_visobert_01781,1
1,1,1,fresh_visobert_10503,1
0,0,0,fresh_visobert_00607,1
0,0,0,fresh_visobert_02838,1
0,0,0,fresh_visobert_04509,1
0,0,0,fresh_visobert_02890,1
0,0,0,fresh_visobert_02660,1
0,0,0,fresh_visobert_09202,1
0,0,0,fresh_visobert_10687,1
0,0,0,fresh_visobert_06091,1
0,0,0,fresh_visobert_05859,1
0,0,0,fresh_visobert_04829,1
0,0,0,fresh_visobert_11737,1
0,0,0,fresh_visobert_06085,1
0,0,0,fresh_visobert_02996,1
0,0,0,fresh_visobert_02531,1
0,0,0,fresh_visobert_09486,1
0,0,0,fresh_visobert_01775,1
0,0,0,fresh_visobert_11193,1
0,0,0,fresh_visobert_01539,1
0,0,0,fresh_visobert_07890,1
0,0,0,fresh_visobert_04277,1
0,0,0,fresh_visobert_02084,1
0,0,0,fresh_visobert_01509,1
0,0,0,fresh_visobert_04571,1
0,0,0,fresh_visobert_05696,1
0,0,0,fresh_visobert_03043,1
0,0,0,fresh_visobert_09490,1
0,0,0,fresh_visobert_07897,1
1,1,1,fresh_visobert_10339,1
0,0,0,fresh_visobert_04903,1
0,0,0,fresh_visobert_01661,1
0,0,0,fresh_visobert_10007,1
0,0,0,fresh_visobert_09910,1
0,0,0,fresh_visobert_07966,1
0,0,0,fresh_visobert_09737,1
0,0,0,fresh_visobert_08967,1
0,0,0,fresh_visobert_10150,1
0,0,0,fresh_visobert_00212,1
0,0,0,fresh_visobert_01532,1
1,0,1,fresh_visobert_06531,0
0,0,0,fresh_visobert_09736,1
0,0,0,fresh_visobert_00332,1
0,0,0,fresh_visobert_05758,1
0,0,0,fresh_visobert_02390,1
0,0,0,fresh_visobert_04679,1
0,0,0,fresh_visobert_01536,1
0,0,0,fresh_visobert_00907,1
0,0,0,fresh_visobert_11320,1
0,0,0,fresh_visobert_06826,1
0,0,0,fresh_visobert_05594,1
0,0,0,fresh_visobert_08320,1
0,0,0,fresh_visobert_02613,1
0,0,0,fresh_visobert_03583,1
0,0,0,fresh_visobert_04979,1
0,0,0,fresh_visobert_07280,1
0,0,0,fresh_visobert_09046,1
1,1,1,fresh_visobert_03918,1
0,0,0,fresh_visobert_02337,1
0,0,0,fresh_visobert_02141,1
0,0,0,fresh_visobert_05070,1
0,0,0,fresh_visobert_01880,1
1,1,1,fresh_visobert_06866,1
0,0,0,fresh_visobert_00772,1
0,0,0,fresh_visobert_10674,1
0,0,0,fresh_visobert_05430,1
0,0,0,fresh_visobert_01882,1
0,0,0,fresh_visobert_05841,1
0,0,0,fresh_visobert_00683,1
0,0,0,fresh_visobert_11416,1
1,1,1,fresh_visobert_00640,1
0,0,0,fresh_visobert_06898,1
0,0,0,fresh_visobert_07058,1
0,0,0,fresh_visobert_08053,1
0,0,0,fresh_visobert_00994,1
0,0,0,fresh_visobert_10909,1
0,0,0,fresh_visobert_06252,1
0,0,0,fresh_visobert_00150,1
0,0,0,fresh_visobert_09292,1
0,0,0,fresh_visobert_01336,1
0,0,0,fresh_visobert_00186,1
1,1,1,fresh_visobert_10014,1
0,0,0,fresh_visobert_03917,1
0,0,0,fresh_visobert_11693,1
0,0,0,fresh_visobert_10889,1
1,1,1,fresh_visobert_00472,1
0,0,0,fresh_visobert_03094,1
0,0,0,fresh_visobert_05623,1
0,0,0,fresh_visobert_10510,1
0,0,0,fresh_visobert_02437,1
0,0,0,fresh_visobert_04841,1
0,0,0,fresh_visobert_06964,1
0,0,0,fresh_visobert_10949,1
0,0,0,fresh_visobert_10956,1
0,0,0,fresh_visobert_00930,1
0,0,0,fresh_visobert_05241,1
0,0,0,fresh_visobert_10671,1
1,1,1,fresh_visobert_07253,1
0,0,0,fresh_visobert_02356,1
0,0,0,fresh_visobert_03747,1
0,0,0,fresh_visobert_11087,1
0,0,0,fresh_visobert_02344,1
0,0,0,fresh_visobert_06648,1
0,0,0,fresh_visobert_02457,1
0,0,0,fresh_visobert_05871,1
0,0,0,fresh_visobert_10898,1
0,0,0,fresh_visobert_07528,1
0,0,0,fresh_visobert_03504,1
0,0,0,fresh_visobert_00715,1
0,0,0,fresh_visobert_08086,1
0,0,0,fresh_visobert_11916,1
0,0,0,fresh_visobert_10363,1
0,0,0,fresh_visobert_02644,1
0,0,0,fresh_visobert_11508,1
0,0,0,fresh_visobert_01141,1
0,0,0,fresh_visobert_00420,1
1,1,1,fresh_visobert_06777,1
0,0,0,fresh_visobert_10002,1
0,0,0,fresh_visobert_10559,1
0,0,0,fresh_visobert_01865,1
0,0,0,fresh_visobert_08200,1
0,0,0,fresh_visobert_10825,1
0,0,0,fresh_visobert_02505,1
0,0,0,fresh_visobert_05022,1
0,0,0,fresh_visobert_00701,1
0,0,0,fresh_visobert_08972,1
0,0,0,fresh_visobert_01914,1
0,0,0,fresh_visobert_00731,1
0,0,0,fresh_visobert_02366,1
0,0,0,fresh_visobert_07282,1
0,0,0,fresh_visobert_07570,1
0,0,0,fresh_visobert_09517,1
0,0,0,fresh_visobert_05126,1
0,0,0,fresh_visobert_03613,1
0,0,0,fresh_visobert_05159,1
0,0,0,fresh_visobert_00630,1
0,0,0,fresh_visobert_08210,1
0,0,0,fresh_visobert_11222,1
0,0,0,fresh_visobert_11958,1
0,0,0,fresh_visobert_04161,1
0,0,0,fresh_visobert_00273,1
0,0,0,fresh_visobert_06508,1
1,1,1,fresh_visobert_08867,1
0,0,0,fresh_visobert_03173,1
0,0,0,fresh_visobert_01388,1
1,1,1,fresh_visobert_07647,1
1,1,1,fresh_visobert_07764,1
0,0,0,fresh_visobert_11632,1
0,0,0,fresh_visobert_02846,1
0,0,0,fresh_visobert_04882,1
0,0,0,fresh_visobert_06383,1
0,0,0,fresh_visobert_02094,1
0,0,0,fresh_visobert_00564,1
0,0,0,fresh_visobert_11555,1
0,0,0,fresh_visobert_08249,1
0,0,0,fresh_visobert_09908,1
0,0,0,fresh_visobert_11116,1
0,0,0,fresh_visobert_01145,1
0,0,0,fresh_visobert_05104,1
0,0,0,fresh_visobert_10146,1
0,0,0,fresh_visobert_10661,1
0,0,0,fresh_visobert_09520,1
0,0,0,fresh_visobert_11443,1
0,0,0,fresh_visobert_00551,1
0,0,0,fresh_visobert_06472,1
0,0,0,fresh_visobert_08459,1
0,0,0,fresh_visobert_00435,1
0,0,0,fresh_visobert_05048,1
0,0,0,fresh_visobert_08009,1
0,0,0,fresh_visobert_01351,1
0,0,0,fresh_visobert_06460,1
1,1,1,fresh_visobert_08405,1
0,0,0,fresh_visobert_03769,1
0,0,0,fresh_visobert_06839,1
0,0,0,fresh_visobert_07989,1
0,0,0,fresh_visobert_08323,1
0,0,0,fresh_visobert_10221,1
0,0,0,fresh_visobert_00171,1
0,0,0,fresh_visobert_08150,1
0,0,0,fresh_visobert_05096,1
0,0,0,fresh_visobert_03215,1
0,0,0,fresh_visobert_04278,1
0,0,0,fresh_visobert_03346,1
0,0,0,fresh_visobert_08476,1
0,0,0,fresh_visobert_01396,1
1,1,1,fresh_visobert_10336,1
0,0,0,fresh_visobert_00267,1
0,0,0,fresh_visobert_08457,1
1,1,1,fresh_visobert_03564,1
0,0,0,fresh_visobert_11733,1
0,0,0,fresh_visobert_10378,1
0,0,0,fresh_visobert_07835,1
0,0,0,fresh_visobert_11365,1
0,0,0,fresh_visobert_11240,1
0,0,0,fresh_visobert_07451,1
0,0,0,fresh_visobert_02209,1
0,0,0,fresh_visobert_08083,1
0,0,0,fresh_visobert_06474,1
0,0,0,fresh_visobert_03395,1
0,0,0,fresh_visobert_05807,1
0,0,0,fresh_visobert_06580,1
0,0,0,fresh_visobert_10759,1
0,0,0,fresh_visobert_01001,1
0,0,0,fresh_visobert_03080,1
0,0,0,fresh_visobert_02162,1
0,0,0,fresh_visobert_03288,1
0,0,0,fresh_visobert_03261,1
0,0,0,fresh_visobert_02112,1
0,0,0,fresh_visobert_02702,1
0,0,0,fresh_visobert_06306,1
0,0,0,fresh_visobert_03085,1
0,0,0,fresh_visobert_01139,1
0,0,0,fresh_visobert_09267,1
0,0,0,fresh_visobert_01324,1
0,0,0,fresh_visobert_09556,1
0,0,0,fresh_visobert_05777,1
0,0,0,fresh_visobert_03420,1
0,0,0,fresh_visobert_11998,1
1,1,1,fresh_visobert_11106,1
0,0,0,fresh_visobert_02731,1
0,0,0,fresh_visobert_07445,1
0,0,0,fresh_visobert_03798,1
0,0,0,fresh_visobert_06811,1
0,0,0,fresh_visobert_05554,1
0,0,0,fresh_visobert_05037,1
0,0,0,fresh_visobert_09294,1
0,0,0,fresh_visobert_04238,1
0,0,0,fresh_visobert_11327,1
0,0,0,fresh_visobert_08872,1
0,0,0,fresh_visobert_08847,1
0,0,0,fresh_visobert_03990,1
0,0,0,fresh_visobert_08082,1
0,0,0,fresh_visobert_09866,1
0,0,0,fresh_visobert_10697,1
0,0,0,fresh_visobert_01117,1
0,0,0,fresh_visobert_02146,1
0,0,0,fresh_visobert_06236,1
0,0,0,fresh_visobert_09977,1
0,0,0,fresh_visobert_00177,1
0,0,0,fresh_visobert_05556,1
0,0,0,fresh_visobert_04772,1
0,0,0,fresh_visobert_10642,1
1,1,1,fresh_visobert_10963,1
0,0,0,fresh_visobert_07067,1
0,0,0,fresh_visobert_00714,1
0,0,0,fresh_visobert_06526,1
0,0,0,fresh_visobert_09345,1
0,0,0,fresh_visobert_02847,1
0,0,0,fresh_visobert_10924,1
0,0,0,fresh_visobert_02365,1
1,1,1,fresh_visobert_04605,1
0,0,0,fresh_visobert_00668,1
0,0,0,fresh_visobert_07191,1
0,0,0,fresh_visobert_04731,1
0,0,0,fresh_visobert_06869,1
0,0,0,fresh_visobert_09702,1
0,0,0,fresh_visobert_00271,1
0,0,0,fresh_visobert_06410,1
0,0,0,fresh_visobert_06421,1
0,0,0,fresh_visobert_08656,1
0,0,0,fresh_visobert_11652,1
0,0,0,fresh_visobert_08838,1
0,0,0,fresh_visobert_10893,1
0,0,0,fresh_visobert_11189,1
0,0,0,fresh_visobert_02889,1
0,0,0,fresh_visobert_00028,1
0,0,0,fresh_visobert_11387,1
0,0,0,fresh_visobert_05607,1
0,0,0,fresh_visobert_10682,1
0,0,0,fresh_visobert_04221,1
0,0,0,fresh_visobert_04864,1
0,0,0,fresh_visobert_02913,1
1,0,1,fresh_visobert_10392,0
0,0,0,fresh_visobert_03130,1
0,0,0,fresh_visobert_09175,1
0,0,0,fresh_visobert_08562,1
0,0,0,fresh_visobert_08436,1
0,0,0,fresh_visobert_00014,1
0,0,0,fresh_visobert_06103,1
0,0,0,fresh_visobert_08260,1
0,0,0,fresh_visobert_07875,1
0,0,0,fresh_visobert_04154,1
0,0,0,fresh_visobert_00781,1
0,0,0,fresh_visobert_01717,1
0,0,0,fresh_visobert_02975,1
0,0,0,fresh_visobert_01877,1
0,0,0,fresh_visobert_06391,1
0,0,0,fresh_visobert_03074,1
0,0,0,fresh_visobert_10863,1
0,0,0,fresh_visobert_01504,1
0,0,0,fresh_visobert_09808,1
0,0,0,fresh_visobert_09516,1
0,0,0,fresh_visobert_10293,1
0,0,0,fresh_visobert_00184,1
0,0,0,fresh_visobert_00456,1
0,0,0,fresh_visobert_02413,1
0,0,0,fresh_visobert_01949,1
1,1,1,fresh_visobert_08933,1
0,0,0,fresh_visobert_03891,1
0,0,0,fresh_visobert_06802,1
0,0,0,fresh_visobert_08327,1
0,0,0,fresh_visobert_01715,1
0,0,0,fresh_visobert_03169,1
1,1,1,fresh_visobert_11465,1
0,0,0,fresh_visobert_00340,1
0,0,0,fresh_visobert_11147,1
0,0,0,fresh_visobert_05012,1
0,0,0,fresh_visobert_01367,1
0,0,0,fresh_visobert_10271,1
0,0,0,fresh_visobert_02993,1
0,0,0,fresh_visobert_07634,1
0,0,0,fresh_visobert_10236,1
0,0,0,fresh_visobert_04724,1
0,0,0,fresh_visobert_11502,1
0,0,0,fresh_visobert_06665,1
0,0,0,fresh_visobert_02507,1
0,0,0,fresh_visobert_01543,1
0,0,0,fresh_visobert_10089,1
1,1,1,fresh_visobert_10600,1
0,0,0,fresh_visobert_00390,1
0,0,0,fresh_visobert_06179,1
0,0,0,fresh_visobert_08514,1
0,0,0,fresh_visobert_04522,1
0,0,0,fresh_visobert_07827,1
0,0,0,fresh_visobert_09067,1
0,0,0,fresh_visobert_00478,1
0,0,0,fresh_visobert_04736,1
0,0,0,fresh_visobert_03304,1
0,0,0,fresh_visobert_02602,1
0,0,0,fresh_visobert_08987,1
0,0,0,fresh_visobert_01343,1
0,0,0,fresh_visobert_11955,1
0,0,0,fresh_visobert_05264,1
0,0,0,fresh_visobert_02605,1
0,0,0,fresh_visobert_02677,1
0,0,0,fresh_visobert_10774,1
0,0,0,fresh_visobert_00999,1
0,0,0,fresh_visobert_03762,1
0,0,0,fresh_visobert_01796,1
0,0,0,fresh_visobert_03975,1
0,0,0,fresh_visobert_03203,1
0,0,0,fresh_visobert_11080,1
0,0,0,fresh_visobert_09257,1
0,0,0,fresh_visobert_03870,1
0,0,0,fresh_visobert_06367,1
1,1,1,fresh_visobert_08844,1
0,0,0,fresh_visobert_10384,1
0,0,0,fresh_visobert_05488,1
0,0,0,fresh_visobert_08152,1
0,0,0,fresh_visobert_10325,1
0,0,0,fresh_visobert_01594,1
0,0,0,fresh_visobert_00971,1
0,0,0,fresh_visobert_01475,1
0,0,0,fresh_visobert_09633,1
0,0,0,fresh_visobert_03722,1
0,0,0,fresh_visobert_04455,1
0,0,0,fresh_visobert_05283,1
0,0,0,fresh_visobert_06630,1
0,0,0,fresh_visobert_02265,1
0,0,0,fresh_visobert_02175,1
1,1,1,fresh_visobert_00362,1
0,0,0,fresh_visobert_00838,1
0,0,0,fresh_visobert_01671,1
0,0,0,fresh_visobert_05090,1
0,0,0,fresh_visobert_00218,1
0,0,0,fresh_visobert_06847,1
0,0,0,fresh_visobert_05713,1
0,0,0,fresh_visobert_04891,1
0,0,0,fresh_visobert_00308,1
0,0,0,fresh_visobert_11740,1
0,0,0,fresh_visobert_10327,1
0,0,0,fresh_visobert_06731,1
0,0,0,fresh_visobert_00672,1
0,0,0,fresh_visobert_11745,1
0,0,0,fresh_visobert_07034,1
0,0,0,fresh_visobert_04086,1
0,0,0,fresh_visobert_11375,1
1,0,1,fresh_visobert_08896,0
0,0,0,fresh_visobert_09642,1
0,0,0,fresh_visobert_11654,1
0,0,0,fresh_visobert_05010,1
0,0,0,fresh_visobert_02480,1
0,0,0,fresh_visobert_04095,1
0,0,0,fresh_visobert_10849,1
0,0,0,fresh_visobert_11973,1
0,0,0,fresh_visobert_10209,1
0,0,0,fresh_visobert_11425,1
0,0,0,fresh_visobert_11634,1
0,0,0,fresh_visobert_06972,1
0,0,0,fresh_visobert_08304,1
0,0,0,fresh_visobert_07534,1
0,0,0,fresh_visobert_07001,1
1,1,1,fresh_visobert_08834,1
0,0,0,fresh_visobert_06375,1
1,1,1,fresh_visobert_06882,1
0,0,0,fresh_visobert_04748,1
1,1,1,fresh_visobert_07490,1
0,0,0,fresh_visobert_10333,1
0,0,0,fresh_visobert_03358,1
0,0,0,fresh_visobert_11883,1
0,0,0,fresh_visobert_03856,1
0,0,0,fresh_visobert_04439,1
1,0,1,fresh_visobert_08696,0
1,1,1,fresh_visobert_09880,1
0,0,0,fresh_visobert_02127,1
0,0,0,fresh_visobert_00208,1
0,0,0,fresh_visobert_02159,1
0,0,0,fresh_visobert_09174,1
0,0,0,fresh_visobert_03222,1
0,0,0,fresh_visobert_03662,1
0,0,0,fresh_visobert_07037,1
1,1,1,fresh_visobert_06652,1
0,0,0,fresh_visobert_04307,1
1,0,1,fresh_visobert_05072,0
0,0,0,fresh_visobert_01427,1
0,0,0,fresh_visobert_01431,1
0,0,0,fresh_visobert_03537,1
1,1,1,fresh_visobert_06362,1
0,0,0,fresh_visobert_05202,1
0,0,0,fresh_visobert_10979,1
0,0,0,fresh_visobert_10343,1
0,0,0,fresh_visobert_05619,1
0,0,0,fresh_visobert_01998,1
0,0,0,fresh_visobert_10656,1
0,0,0,fresh_visobert_00773,1
0,0,0,fresh_visobert_03673,1
0,0,0,fresh_visobert_06992,1
1,1,1,fresh_visobert_07321,1
0,0,0,fresh_visobert_02891,1
0,0,0,fresh_visobert_06705,1
0,0,0,fresh_visobert_02859,1
0,0,0,fresh_visobert_09409,1
0,0,0,fresh_visobert_11858,1
0,0,0,fresh_visobert_03356,1
0,0,0,fresh_visobert_08505,1
0,0,0,fresh_visobert_05407,1
0,0,0,fresh_visobert_02804,1
0,0,0,fresh_visobert_01048,1
0,0,0,fresh_visobert_04988,1
0,0,0,fresh_visobert_11178,1
0,0,0,fresh_visobert_04807,1
0,0,0,fresh_visobert_03819,1
0,0,0,fresh_visobert_11830,1
0,0,0,fresh_visobert_00485,1
0,0,0,fresh_visobert_03334,1
0,0,0,fresh_visobert_06973,1
0,0,0,fresh_visobert_01361,1
0,0,0,fresh_visobert_03053,1
0,0,0,fresh_visobert_08702,1
0,0,0,fresh_visobert_00850,1
0,0,0,fresh_visobert_05001,1
0,0,0,fresh_visobert_06082,1
0,0,0,fresh_visobert_05189,1
0,0,0,fresh_visobert_08649,1
0,0,0,fresh_visobert_05633,1
0,0,0,fresh_visobert_00416,1
0,0,0,fresh_visobert_03335,1
0,0,0,fresh_visobert_06208,1
0,0,0,fresh_visobert_10452,1
0,0,0,fresh_visobert_00278,1
0,0,0,fresh_visobert_00400,1
1,0,1,fresh_visobert_11732,0
0,0,0,fresh_visobert_06579,1
0,0,0,fresh_visobert_08206,1
0,0,0,fresh_visobert_02843,1
0,0,0,fresh_visobert_04251,1
0,0,0,fresh_visobert_02907,1
0,0,0,fresh_visobert_01546,1
0,0,0,fresh_visobert_04554,1
0,0,0,fresh_visobert_03447,1
0,0,0,fresh_visobert_11177,1
0,0,0,fresh_visobert_09411,1
0,0,0,fresh_visobert_03349,1
0,0,0,fresh_visobert_11563,1
0,0,0,fresh_visobert_01725,1
0,0,0,fresh_visobert_00611,1
1,1,1,fresh_visobert_07022,1
0,0,0,fresh_visobert_03244,1
0,0,0,fresh_visobert_01756,1
0,0,0,fresh_visobert_09219,1
0,0,0,fresh_visobert_04032,1
0,0,0,fresh_visobert_06053,1
0,0,0,fresh_visobert_02566,1
0,0,0,fresh_visobert_10690,1
0,0,0,fresh_visobert_05969,1
0,0,0,fresh_visobert_11197,1
0,0,0,fresh_visobert_02786,1
0,0,0,fresh_visobert_10886,1
0,0,0,fresh_visobert_10911,1
0,0,0,fresh_visobert_01835,1
0,0,0,fresh_visobert_05967,1
0,0,0,fresh_visobert_00465,1
0,0,0,fresh_visobert_11167,1
0,0,0,fresh_visobert_00624,1
0,0,0,fresh_visobert_06044,1
0,0,0,fresh_visobert_07371,1
1,1,1,fresh_visobert_10459,1
0,0,0,fresh_visobert_00892,1
0,0,0,fresh_visobert_01281,1
0,0,0,fresh_visobert_03977,1
0,0,0,fresh_visobert_02537,1
0,0,0,fresh_visobert_11609,1
0,0,0,fresh_visobert_02192,1
0,0,0,fresh_visobert_06844,1
0,0,0,fresh_visobert_03808,1
0,0,0,fresh_visobert_02769,1
0,0,0,fresh_visobert_07691,1
0,0,0,fresh_visobert_11148,1
0,0,0,fresh_visobert_10767,1
0,0,0,fresh_visobert_03511,1
0,0,0,fresh_visobert_03258,1
0,0,0,fresh_visobert_05913,1
0,0,0,fresh_visobert_06462,1
0,0,0,fresh_visobert_02604,1
0,0,0,fresh_visobert_11585,1
0,0,0,fresh_visobert_02171,1
0,0,0,fresh_visobert_00756,1
0,0,0,fresh_visobert_07613,1
0,0,0,fresh_visobert_08088,1
0,0,0,fresh_visobert_02342,1
0,0,0,fresh_visobert_01448,1
0,0,0,fresh_visobert_08334,1
0,0,0,fresh_visobert_02187,1
0,0,0,fresh_visobert_03097,1
0,0,0,fresh_visobert_10615,1
0,0,0,fresh_visobert_04254,1
0,0,0,fresh_visobert_05584,1
0,0,0,fresh_visobert_09637,1
0,0,0,fresh_visobert_03132,1
0,0,0,fresh_visobert_00577,1
0,0,0,fresh_visobert_04323,1
0,0,0,fresh_visobert_05304,1
0,0,0,fresh_visobert_02170,1
1,1,1,fresh_visobert_10779,1
0,0,0,fresh_visobert_06645,1
0,0,0,fresh_visobert_10530,1
0,0,0,fresh_visobert_08555,1
0,0,0,fresh_visobert_03938,1
0,0,0,fresh_visobert_01489,1
0,0,0,fresh_visobert_08342,1
0,0,0,fresh_visobert_09923,1
0,0,0,fresh_visobert_10100,1
0,0,0,fresh_visobert_05389,1
0,0,0,fresh_visobert_07950,1
1,1,1,fresh_visobert_10102,1
0,0,0,fresh_visobert_04094,1
0,0,0,fresh_visobert_02590,1
0,0,0,fresh_visobert_03653,1
0,0,0,fresh_visobert_01951,1
0,0,0,fresh_visobert_00020,1
0,0,0,fresh_visobert_00600,1
0,0,0,fresh_visobert_09482,1
0,0,0,fresh_visobert_07174,1
0,0,0,fresh_visobert_01172,1
0,0,0,fresh_visobert_03090,1
0,0,0,fresh_visobert_10670,1
0,0,0,fresh_visobert_05334,1
0,0,0,fresh_visobert_02221,1
0,0,0,fresh_visobert_10519,1
0,0,0,fresh_visobert_06533,1
0,0,0,fresh_visobert_02043,1
0,0,0,fresh_visobert_07906,1
0,0,0,fresh_visobert_03278,1
0,0,0,fresh_visobert_11892,1
0,0,0,fresh_visobert_11090,1
0,0,0,fresh_visobert_09011,1
0,0,0,fresh_visobert_06244,1
0,0,0,fresh_visobert_04014,1
1,1,1,fresh_visobert_10809,1
0,0,0,fresh_visobert_09530,1
0,0,0,fresh_visobert_03949,1
0,0,0,fresh_visobert_05062,1
0,0,0,fresh_visobert_10516,1
0,0,0,fresh_visobert_10003,1
0,0,0,fresh_visobert_02968,1
0,0,0,fresh_visobert_07372,1
0,0,0,fresh_visobert_08162,1
0,0,0,fresh_visobert_04280,1
0,0,0,fresh_visobert_04564,1
0,0,0,fresh_visobert_03588,1
0,0,0,fresh_visobert_02453,1
0,0,0,fresh_visobert_00275,1
0,0,0,fresh_visobert_06698,1
0,0,0,fresh_visobert_11164,1
1,1,1,fresh_visobert_06661,1
0,0,0,fresh_visobert_02517,1
0,0,0,fresh_visobert_08429,1
0,0,0,fresh_visobert_08354,1
1,1,1,fresh_visobert_11009,1
0,0,0,fresh_visobert_07518,1
0,0,0,fresh_visobert_08018,1
0,0,0,fresh_visobert_11746,1
0,0,0,fresh_visobert_09178,1
0,0,0,fresh_visobert_10052,1
0,0,0,fresh_visobert_07539,1
0,0,0,fresh_visobert_05092,1
0,0,0,fresh_visobert_06955,1
0,0,0,fresh_visobert_01738,1
0,0,0,fresh_visobert_11500,1
0,0,0,fresh_visobert_06574,1
0,0,0,fresh_visobert_07434,1
0,0,0,fresh_visobert_06324,1
0,0,0,fresh_visobert_05222,1
0,0,0,fresh_visobert_05863,1
0,0,0,fresh_visobert_01241,1
0,0,0,fresh_visobert_05398,1
0,0,0,fresh_visobert_04175,1
0,0,0,fresh_visobert_10953,1
0,0,0,fresh_visobert_03961,1
0,0,0,fresh_visobert_01296,1
0,0,0,fresh_visobert_06390,1
0,0,0,fresh_visobert_09332,1
0,0,0,fresh_visobert_10803,1
0,0,0,fresh_visobert_09052,1
0,0,0,fresh_visobert_02991,1
0,0,0,fresh_visobert_02541,1
0,0,0,fresh_visobert_09969,1
0,0,0,fresh_visobert_09573,1
0,0,0,fresh_visobert_05446,1
0,0,0,fresh_visobert_10596,1
0,0,0,fresh_visobert_07778,1
0,0,0,fresh_visobert_11584,1
1,1,1,fresh_visobert_06047,1
0,0,0,fresh_visobert_05980,1
1,1,1,fresh_visobert_10749,1
0,0,0,fresh_visobert_02260,1
0,0,0,fresh_visobert_06181,1
0,0,0,fresh_visobert_04027,1
0,0,0,fresh_visobert_06220,1
0,0,0,fresh_visobert_08638,1
0,0,0,fresh_visobert_06485,1
0,0,0,fresh_visobert_11488,1
0,0,0,fresh_visobert_10880,1
0,0,0,fresh_visobert_05802,1
0,0,0,fresh_visobert_02852,1
0,0,0,fresh_visobert_07187,1
1,1,1,fresh_visobert_11964,1
0,0,0,fresh_visobert_00486,1
0,0,0,fresh_visobert_08922,1
1,1,1,fresh_visobert_08257,1
0,0,0,fresh_visobert_08525,1
0,0,0,fresh_visobert_10290,1
0,0,0,fresh_visobert_04190,1
1,1,1,fresh_visobert_10899,1
0,0,0,fresh_visobert_03083,1
0,0,0,fresh_visobert_06414,1
1,0,1,fresh_visobert_07511,0
0,0,0,fresh_visobert_00997,1
0,0,0,fresh_visobert_06444,1
0,0,0,fresh_visobert_06819,1
0,0,0,fresh_visobert_01276,1
0,0,0,fresh_visobert_09408,1
0,0,0,fresh_visobert_06568,1
0,0,0,fresh_visobert_04029,1
0,0,0,fresh_visobert_02882,1
0,0,0,fresh_visobert_04608,1
0,0,0,fresh_visobert_01273,1
0,0,0,fresh_visobert_01053,1
0,0,0,fresh_visobert_11839,1
1,1,1,fresh_visobert_11458,1
0,0,0,fresh_visobert_01807,1
0,0,0,fresh_visobert_01016,1
0,0,0,fresh_visobert_07083,1
1,1,1,fresh_visobert_00969,1
0,0,0,fresh_visobert_02308,1
0,0,0,fresh_visobert_00237,1
0,0,0,fresh_visobert_11687,1
0,0,0,fresh_visobert_03910,1
0,0,0,fresh_visobert_04346,1
0,0,0,fresh_visobert_04769,1
0,0,0,fresh_visobert_09413,1
0,0,0,fresh_visobert_03621,1
0,0,0,fresh_visobert_11640,1
1,1,1,fresh_visobert_11578,1
0,0,0,fresh_visobert_02598,1
0,0,0,fresh_visobert_04399,1
0,0,0,fresh_visobert_05838,1
0,0,0,fresh_visobert_11396,1
0,0,0,fresh_visobert_01873,1
0,0,0,fresh_visobert_11202,1
0,0,0,fresh_visobert_04616,1
0,0,0,fresh_visobert_07397,1
0,0,0,fresh_visobert_01405,1
1,1,1,fresh_visobert_10112,1
0,0,0,fresh_visobert_07084,1
0,0,0,fresh_visobert_05957,1
0,0,0,fresh_visobert_10436,1
0,0,0,fresh_visobert_01638,1
0,0,0,fresh_visobert_02402,1
0,0,0,fresh_visobert_04574,1
0,0,0,fresh_visobert_08030,1
0,0,0,fresh_visobert_10051,1
0,0,0,fresh_visobert_10686,1
0,0,0,fresh_visobert_00663,1
0,0,0,fresh_visobert_03488,1
0,0,0,fresh_visobert_10065,1
1,1,1,fresh_visobert_08039,1
0,0,0,fresh_visobert_02397,1
0,0,0,fresh_visobert_01440,1
0,0,0,fresh_visobert_09239,1
0,0,0,fresh_visobert_02512,1
0,0,0,fresh_visobert_10947,1
0,0,0,fresh_visobert_00583,1
1,1,1,fresh_visobert_11258,1
0,0,0,fresh_visobert_03451,1
0,0,0,fresh_visobert_00976,1
0,0,0,fresh_visobert_00494,1
1,1,1,fresh_visobert_01372,1
0,0,0,fresh_visobert_03049,1
0,0,0,fresh_visobert_07774,1
0,0,0,fresh_visobert_07829,1
0,0,0,fresh_visobert_04358,1
0,0,0,fresh_visobert_11474,1
0,0,0,fresh_visobert_07248,1
0,0,0,fresh_visobert_08723,1
1,1,1,fresh_visobert_00161,1
0,0,0,fresh_visobert_03510,1
0,0,0,fresh_visobert_04897,1
0,0,0,fresh_visobert_04961,1
0,0,0,fresh_visobert_07837,1
0,0,0,fresh_visobert_09839,1
0,0,0,fresh_visobert_00750,1
0,0,0,fresh_visobert_01170,1
0,0,0,fresh_visobert_03095,1
0,0,0,fresh_visobert_02678,1
0,0,0,fresh_visobert_02672,1
0,0,0,fresh_visobert_04808,1
0,0,0,fresh_visobert_08544,1
0,0,0,fresh_visobert_08116,1
0,0,0,fresh_visobert_03925,1
1,1,1,fresh_visobert_10227,1
0,0,0,fresh_visobert_03927,1
0,0,0,fresh_visobert_06133,1
0,0,0,fresh_visobert_04823,1
0,0,0,fresh_visobert_04696,1
0,0,0,fresh_visobert_03713,1
0,0,0,fresh_visobert_07348,1
0,0,0,fresh_visobert_08961,1
0,0,0,fresh_visobert_06848,1
0,0,0,fresh_visobert_07557,1
0,0,0,fresh_visobert_04516,1
0,0,0,fresh_visobert_05635,1
0,0,0,fresh_visobert_01213,1
0,0,0,fresh_visobert_07444,1
0,0,0,fresh_visobert_06454,1
0,0,0,fresh_visobert_03608,1
0,0,0,fresh_visobert_02782,1
0,0,0,fresh_visobert_06830,1
0,0,0,fresh_visobert_04581,1
0,0,0,fresh_visobert_01165,1
0,0,0,fresh_visobert_10240,1
0,0,0,fresh_visobert_05972,1
0,0,0,fresh_visobert_03549,1
0,0,0,fresh_visobert_06420,1
0,0,0,fresh_visobert_06395,1
0,0,0,fresh_visobert_03221,1
0,0,0,fresh_visobert_04426,1
0,0,0,fresh_visobert_07646,1
0,0,0,fresh_visobert_09785,1
0,0,0,fresh_visobert_07438,1
0,0,0,fresh_visobert_04091,1
0,0,0,fresh_visobert_07326,1
1,1,1,fresh_visobert_11352,1
0,0,0,fresh_visobert_04217,1
0,0,0,fresh_visobert_01347,1
0,0,0,fresh_visobert_06340,1
0,0,0,fresh_visobert_01224,1
0,0,0,fresh_visobert_08376,1
0,0,0,fresh_visobert_01325,1
1,1,1,fresh_visobert_10591,1
0,0,0,fresh_visobert_03096,1
0,0,0,fresh_visobert_09003,1
0,0,0,fresh_visobert_03102,1
1,1,1,fresh_visobert_01527,1
0,0,0,fresh_visobert_09646,1
0,0,0,fresh_visobert_06499,1
0,0,0,fresh_visobert_03824,1
0,0,0,fresh_visobert_02582,1
0,0,0,fresh_visobert_09153,1
0,0,0,fresh_visobert_04317,1
0,0,0,fresh_visobert_10216,1
0,0,0,fresh_visobert_00504,1
0,0,0,fresh_visobert_09034,1
0,0,0,fresh_visobert_09913,1
1,1,1,fresh_visobert_06115,1
0,0,0,fresh_visobert_06535,1
0,0,0,fresh_visobert_11527,1
0,0,0,fresh_visobert_05182,1
0,0,0,fresh_visobert_08609,1
0,0,0,fresh_visobert_10438,1
0,0,0,fresh_visobert_10608,1
0,0,0,fresh_visobert_04939,1
0,0,0,fresh_visobert_03650,1
0,0,0,fresh_visobert_01587,1
0,0,0,fresh_visobert_09531,1
0,0,0,fresh_visobert_05329,1
0,0,0,fresh_visobert_10662,1
0,0,0,fresh_visobert_01130,1
0,0,0,fresh_visobert_05981,1
0,0,0,fresh_visobert_05725,1
0,0,0,fresh_visobert_02369,1
0,0,0,fresh_visobert_04860,1
0,0,0,fresh_visobert_00818,1
0,0,0,fresh_visobert_09496,1
0,0,0,fresh_visobert_09488,1
0,0,0,fresh_visobert_06050,1
0,0,0,fresh_visobert_04406,1
0,0,0,fresh_visobert_10425,1
0,0,0,fresh_visobert_11205,1
0,0,0,fresh_visobert_02725,1
0,0,0,fresh_visobert_02410,1
0,0,0,fresh_visobert_00320,1
0,0,0,fresh_visobert_10165,1
0,0,0,fresh_visobert_00591,1
0,0,0,fresh_visobert_04861,1
0,0,0,fresh_visobert_11204,1
0,0,0,fresh_visobert_05146,1
0,0,0,fresh_visobert_02925,1
0,0,0,fresh_visobert_03017,1
0,0,0,fresh_visobert_01550,1
0,0,0,fresh_visobert_08579,1
0,0,0,fresh_visobert_11613,1
0,0,0,fresh_visobert_07868,1
0,0,0,fresh_visobert_03879,1
0,0,0,fresh_visobert_03642,1
0,0,0,fresh_visobert_10304,1
0,0,0,fresh_visobert_10989,1
0,0,0,fresh_visobert_08993,1
0,0,0,fresh_visobert_07203,1
0,0,0,fresh_visobert_03579,1
0,0,0,fresh_visobert_00280,1
0,0,0,fresh_visobert_01662,1
0,0,0,fresh_visobert_03006,1
0,0,0,fresh_visobert_00960,1
0,0,0,fresh_visobert_02603,1
0,0,0,fresh_visobert_07300,1
0,0,0,fresh_visobert_09641,1
0,0,0,fresh_visobert_03803,1
0,0,0,fresh_visobert_07930,1
1,0,1,fresh_visobert_11778,0
0,0,0,fresh_visobert_03224,1
0,0,0,fresh_visobert_02387,1
0,0,0,fresh_visobert_01102,1
0,0,0,fresh_visobert_05612,1
0,0,0,fresh_visobert_05709,1
0,0,0,fresh_visobert_01244,1
0,0,0,fresh_visobert_06445,1
0,0,0,fresh_visobert_02310,1
0,0,0,fresh_visobert_00358,1
0,0,0,fresh_visobert_11482,1
1,1,1,fresh_visobert_11655,1
0,0,0,fresh_visobert_01123,1
1,1,1,fresh_visobert_07946,1
0,0,0,fresh_visobert_11440,1
0,0,0,fresh_visobert_00820,1
0,0,0,fresh_visobert_09581,1
0,0,0,fresh_visobert_06959,1
0,0,0,fresh_visobert_09114,1
0,0,0,fresh_visobert_10871,1
1,1,1,fresh_visobert_09857,1
1,1,1,fresh_visobert_04222,1
0,0,0,fresh_visobert_04165,1
0,0,0,fresh_visobert_10673,1
0,0,0,fresh_visobert_08815,1
0,0,0,fresh_visobert_04149,1
0,0,0,fresh_visobert_01669,1
0,0,0,fresh_visobert_04310,1
0,0,0,fresh_visobert_05956,1
0,0,0,fresh_visobert_07077,1
1,1,1,fresh_visobert_06260,1
0,0,0,fresh_visobert_04749,1
0,0,0,fresh_visobert_01466,1
1,1,1,fresh_visobert_09364,1
0,0,0,fresh_visobert_02751,1
0,0,0,fresh_visobert_10453,1
0,0,0,fresh_visobert_06268,1
0,0,0,fresh_visobert_10292,1
0,0,0,fresh_visobert_10473,1
0,0,0,fresh_visobert_05961,1
0,0,0,fresh_visobert_11930,1
0,0,0,fresh_visobert_09392,1
1,1,1,fresh_visobert_07403,1
0,0,0,fresh_visobert_05768,1
0,0,0,fresh_visobert_07003,1
0,0,0,fresh_visobert_04025,1
0,0,0,fresh_visobert_10277,1
0,0,0,fresh_visobert_10954,1
0,0,0,fresh_visobert_08290,1
0,0,0,fresh_visobert_06285,1
0,0,0,fresh_visobert_11762,1
0,0,0,fresh_visobert_01283,1
0,0,0,fresh_visobert_08725,1
0,0,0,fresh_visobert_04382,1
0,0,0,fresh_visobert_08440,1
0,0,0,fresh_visobert_07716,1
0,0,0,fresh_visobert_02579,1
0,0,0,fresh_visobert_02923,1
0,0,0,fresh_visobert_03985,1
0,0,0,fresh_visobert_04595,1
0,0,0,fresh_visobert_11618,1
0,0,0,fresh_visobert_08891,1
0,0,0,fresh_visobert_02595,1
0,0,0,fresh_visobert_07038,1
0,0,0,fresh_visobert_01010,1
0,0,0,fresh_visobert_07586,1
0,0,0,fresh_visobert_00294,1
0,0,0,fresh_visobert_04689,1
0,0,0,fresh_visobert_10733,1
0,0,0,fresh_visobert_06558,1
0,0,0,fresh_visobert_09463,1
0,0,0,fresh_visobert_08665,1
0,0,0,fresh_visobert_06873,1
0,0,0,fresh_visobert_10722,1
0,0,0,fresh_visobert_01607,1
0,0,0,fresh_visobert_02001,1
1,1,1,fresh_visobert_11646,1
0,0,0,fresh_visobert_05176,1
1,1,1,fresh_visobert_05912,1
0,0,0,fresh_visobert_04655,1
0,0,0,fresh_visobert_05045,1
0,0,0,fresh_visobert_04473,1
0,0,0,fresh_visobert_09582,1
0,0,0,fresh_visobert_04449,1
0,0,0,fresh_visobert_03836,1
0,0,0,fresh_visobert_08129,1
0,0,0,fresh_visobert_00980,1
0,0,0,fresh_visobert_03027,1
0,0,0,fresh_visobert_07561,1
0,0,0,fresh_visobert_04414,1
0,0,0,fresh_visobert_10772,1
1,1,1,fresh_visobert_07569,1
0,0,0,fresh_visobert_00255,1
0,0,0,fresh_visobert_03739,1
0,0,0,fresh_visobert_06143,1
0,0,0,fresh_visobert_01799,1
0,0,0,fresh_visobert_03462,1
0,0,0,fresh_visobert_10028,1
0,0,0,fresh_visobert_08487,1
0,0,0,fresh_visobert_03195,1
0,0,0,fresh_visobert_07524,1
0,0,0,fresh_visobert_04771,1
0,0,0,fresh_visobert_04852,1
0,0,0,fresh_visobert_04413,1
0,0,0,fresh_visobert_05372,1
0,0,0,fresh_visobert_04582,1
0,0,0,fresh_visobert_05435,1
0,0,0,fresh_visobert_01964,1
0,0,0,fresh_visobert_09410,1
0,0,0,fresh_visobert_06350,1
0,0,0,fresh_visobert_01734,1
0,0,0,fresh_visobert_01564,1
0,0,0,fresh_visobert_01190,1
1,1,1,fresh_visobert_10322,1
0,0,0,fresh_visobert_06787,1
0,0,0,fresh_visobert_00766,1
1,1,1,fresh_visobert_08491,1
0,0,0,fresh_visobert_03315,1
0,0,0,fresh_visobert_05343,1
0,0,0,fresh_visobert_08055,1
0,0,0,fresh_visobert_03860,1
1,1,1,fresh_visobert_08535,1
0,0,0,fresh_visobert_01317,1
0,0,0,fresh_visobert_05797,1
0,0,0,fresh_visobert_01893,1
0,0,0,fresh_visobert_00859,1
0,0,0,fresh_visobert_03184,1
0,0,0,fresh_visobert_08098,1
0,0,0,fresh_visobert_01022,1
0,0,0,fresh_visobert_04419,1
0,0,0,fresh_visobert_08075,1
0,0,0,fresh_visobert_06639,1
0,0,0,fresh_visobert_09407,1
0,0,0,fresh_visobert_04337,1
0,0,0,fresh_visobert_01646,1
0,0,0,fresh_visobert_06673,1
0,0,0,fresh_visobert_06049,1
0,0,0,fresh_visobert_09256,1
0,0,0,fresh_visobert_02263,1
0,0,0,fresh_visobert_11033,1
0,0,0,fresh_visobert_00548,1
0,0,0,fresh_visobert_09394,1
0,0,0,fresh_visobert_07359,1
0,0,0,fresh_visobert_04074,1
0,0,0,fresh_visobert_11943,1
0,0,0,fresh_visobert_08887,1
0,0,0,fresh_visobert_04913,1
0,0,0,fresh_visobert_08748,1
0,0,0,fresh_visobert_11564,1
0,0,0,fresh_visobert_06241,1
0,0,0,fresh_visobert_01778,1
0,0,0,fresh_visobert_11129,1
0,0,0,fresh_visobert_07217,1
0,0,0,fresh_visobert_11103,1
0,0,0,fresh_visobert_05206,1
0,0,0,fresh_visobert_03556,1
1,1,1,fresh_visobert_07708,1
0,0,0,fresh_visobert_08745,1
0,0,0,fresh_visobert_00071,1
0,0,0,fresh_visobert_08657,1
0,0,0,fresh_visobert_07378,1
0,0,0,fresh_visobert_10071,1
0,0,0,fresh_visobert_06384,1
0,0,0,fresh_visobert_11329,1
0,0,0,fresh_visobert_01838,1
0,0,0,fresh_visobert_02614,1
0,0,0,fresh_visobert_11361,1
0,0,0,fresh_visobert_07519,1
0,0,0,fresh_visobert_03969,1
0,0,0,fresh_visobert_11486,1
0,0,0,fresh_visobert_03246,1
0,0,0,fresh_visobert_02016,1
0,0,0,fresh_visobert_03419,1
0,0,0,fresh_visobert_01597,1
0,0,0,fresh_visobert_11968,1
0,0,0,fresh_visobert_05680,1
0,0,0,fresh_visobert_01514,1
0,0,0,fresh_visobert_02637,1
0,0,0,fresh_visobert_10783,1
1,1,1,fresh_visobert_09189,1
0,0,0,fresh_visobert_07772,1
0,0,0,fresh_visobert_02929,1
0,0,0,fresh_visobert_02753,1
0,0,0,fresh_visobert_02139,1
0,0,0,fresh_visobert_09685,1
0,0,0,fresh_visobert_04791,1
0,0,0,fresh_visobert_03229,1
0,0,0,fresh_visobert_10798,1
0,0,0,fresh_visobert_02034,1
0,0,0,fresh_visobert_05184,1
0,0,0,fresh_visobert_08813,1
0,0,0,fresh_visobert_09323,1
1,1,1,fresh_visobert_00157,1
0,0,0,fresh_visobert_03520,1
0,0,0,fresh_visobert_08360,1
1,1,1,fresh_visobert_06469,1
0,0,0,fresh_visobert_07704,1
0,0,0,fresh_visobert_11091,1
0,0,0,fresh_visobert_10873,1
0,0,0,fresh_visobert_04138,1
0,0,0,fresh_visobert_05228,1
0,0,0,fresh_visobert_04385,1
0,0,0,fresh_visobert_06466,1
0,0,0,fresh_visobert_11864,1
0,0,0,fresh_visobert_03928,1
0,0,0,fresh_visobert_04018,1
0,0,0,fresh_visobert_04418,1
0,0,0,fresh_visobert_04892,1
0,0,0,fresh_visobert_07617,1
0,0,0,fresh_visobert_09691,1
0,0,0,fresh_visobert_01760,1
0,0,0,fresh_visobert_04617,1
0,0,0,fresh_visobert_03560,1
0,0,0,fresh_visobert_09662,1
0,0,0,fresh_visobert_07291,1
0,0,0,fresh_visobert_01085,1
0,0,0,fresh_visobert_04090,1
0,0,0,fresh_visobert_10698,1
0,0,0,fresh_visobert_11868,1
0,0,0,fresh_visobert_06807,1
0,0,0,fresh_visobert_05899,1
0,0,0,fresh_visobert_07009,1
0,0,0,fresh_visobert_05050,1
0,0,0,fresh_visobert_06274,1
0,0,0,fresh_visobert_06800,1
0,0,0,fresh_visobert_05756,1
0,0,0,fresh_visobert_08676,1
1,1,1,fresh_visobert_08754,1
0,0,0,fresh_visobert_01332,1
0,0,0,fresh_visobert_05810,1
0,0,0,fresh_visobert_08492,1
0,0,0,fresh_visobert_08392,1
0,0,0,fresh_visobert_04567,1
0,0,0,fresh_visobert_07432,1
0,0,0,fresh_visobert_00800,1
0,0,0,fresh_visobert_01759,1
0,0,0,fresh_visobert_02426,1
0,0,0,fresh_visobert_01936,1
1,1,1,fresh_visobert_08599,1
0,0,0,fresh_visobert_08908,1
0,0,0,fresh_visobert_06884,1
0,0,0,fresh_visobert_08439,1
0,0,0,fresh_visobert_07771,1
0,0,0,fresh_visobert_02611,1
0,0,0,fresh_visobert_04716,1
0,0,0,fresh_visobert_01691,1
0,0,0,fresh_visobert_10108,1
0,0,0,fresh_visobert_07854,1
1,0,1,fresh_visobert_10009,0
0,0,0,fresh_visobert_03478,1
0,0,0,fresh_visobert_06813,1
0,0,0,fresh_visobert_06262,1
0,0,0,fresh_visobert_07186,1
0,0,0,fresh_visobert_03154,1
0,0,0,fresh_visobert_11614,1
0,0,0,fresh_visobert_08256,1
0,0,0,fresh_visobert_00069,1
0,0,0,fresh_visobert_07046,1
0,0,0,fresh_visobert_08578,1
0,0,0,fresh_visobert_00777,1
0,0,0,fresh_visobert_08946,1
0,0,0,fresh_visobert_06584,1
0,0,0,fresh_visobert_09699,1
0,0,0,fresh_visobert_03319,1
0,0,0,fresh_visobert_02553,1
0,0,0,fresh_visobert_09926,1
1,1,1,fresh_visobert_10695,1
0,0,0,fresh_visobert_00970,1
0,0,0,fresh_visobert_00250,1
0,0,0,fresh_visobert_02912,1
0,0,0,fresh_visobert_02609,1
1,1,1,fresh_visobert_04550,1
0,0,0,fresh_visobert_01173,1
0,0,0,fresh_visobert_05422,1
0,0,0,fresh_visobert_10928,1
0,0,0,fresh_visobert_11313,1
0,0,0,fresh_visobert_01225,1
0,0,0,fresh_visobert_07589,1
0,0,0,fresh_visobert_05465,1
0,0,0,fresh_visobert_10321,1
0,0,0,fresh_visobert_09108,1
0,0,0,fresh_visobert_09892,1
0,0,0,fresh_visobert_08798,1
0,0,0,fresh_visobert_01898,1
0,0,0,fresh_visobert_08728,1
0,0,0,fresh_visobert_01452,1
0,0,0,fresh_visobert_04958,1
0,0,0,fresh_visobert_05843,1
0,0,0,fresh_visobert_09588,1
0,0,0,fresh_visobert_05531,1
0,0,0,fresh_visobert_11136,1
0,0,0,fresh_visobert_08587,1
0,0,0,fresh_visobert_02276,1
0,0,0,fresh_visobert_01512,1
0,0,0,fresh_visobert_05373,1
0,0,0,fresh_visobert_11543,1
0,0,0,fresh_visobert_06074,1
1,0,1,fresh_visobert_11963,0
0,0,0,fresh_visobert_01811,1
1,1,1,fresh_visobert_06821,1
0,0,0,fresh_visobert_04949,1
0,0,0,fresh_visobert_02324,1
0,0,0,fresh_visobert_06594,1
0,0,0,fresh_visobert_02690,1
0,0,0,fresh_visobert_02371,1
0,0,0,fresh_visobert_07190,1
0,0,0,fresh_visobert_11123,1
0,0,0,fresh_visobert_07992,1
0,0,0,fresh_visobert_06712,1
0,0,0,fresh_visobert_02640,1
0,0,0,fresh_visobert_04408,1
0,0,0,fresh_visobert_04844,1
0,0,0,fresh_visobert_10116,1
0,0,0,fresh_visobert_07683,1
1,1,1,fresh_visobert_08011,1
0,0,0,fresh_visobert_01801,1
0,0,0,fresh_visobert_05174,1
0,0,0,fresh_visobert_03386,1
0,0,0,fresh_visobert_01737,1
0,0,0,fresh_visobert_07273,1
0,0,0,fresh_visobert_08193,1
0,0,0,fresh_visobert_10410,1
0,0,0,fresh_visobert_00673,1
0,0,0,fresh_visobert_01841,1
0,0,0,fresh_visobert_04548,1
0,0,0,fresh_visobert_09299,1
0,0,0,fresh_visobert_02724,1
0,0,0,fresh_visobert_07503,1
0,0,0,fresh_visobert_11277,1
0,0,0,fresh_visobert_08659,1
0,0,0,fresh_visobert_10558,1
0,0,0,fresh_visobert_04692,1
1,1,1,fresh_visobert_04985,1
0,0,0,fresh_visobert_07400,1
0,0,0,fresh_visobert_03731,1
0,0,0,fresh_visobert_00306,1
0,0,0,fresh_visobert_11815,1
0,0,0,fresh_visobert_00038,1
0,0,0,fresh_visobert_10026,1
0,0,0,fresh_visobert_11309,1
0,0,0,fresh_visobert_06039,1
0,0,0,fresh_visobert_11265,1
0,0,0,fresh_visobert_02391,1
0,0,0,fresh_visobert_11792,1
0,0,0,fresh_visobert_03982,1
0,0,0,fresh_visobert_02427,1
0,0,0,fresh_visobert_01100,1
0,0,0,fresh_visobert_02995,1
0,0,0,fresh_visobert_08639,1
0,0,0,fresh_visobert_05432,1
0,0,0,fresh_visobert_10853,1
0,0,0,fresh_visobert_03907,1
0,0,0,fresh_visobert_02092,1
0,0,0,fresh_visobert_11592,1
1,1,1,fresh_visobert_08882,1
0,0,0,fresh_visobert_01105,1
0,0,0,fresh_visobert_03845,1
0,0,0,fresh_visobert_00491,1
0,0,0,fresh_visobert_11653,1
0,0,0,fresh_visobert_00576,1
0,0,0,fresh_visobert_11971,1
0,0,0,fresh_visobert_01976,1
0,0,0,fresh_visobert_01693,1
0,0,0,fresh_visobert_05910,1
0,0,0,fresh_visobert_07779,1
0,0,0,fresh_visobert_11343,1
0,0,0,fresh_visobert_09586,1
0,0,0,fresh_visobert_11027,1
0,0,0,fresh_visobert_05276,1
0,0,0,fresh_visobert_01019,1
0,0,0,fresh_visobert_00875,1
0,0,0,fresh_visobert_11623,1
0,0,0,fresh_visobert_09333,1
0,0,0,fresh_visobert_08311,1
0,0,0,fresh_visobert_04798,1
0,0,0,fresh_visobert_03897,1
0,0,0,fresh_visobert_01267,1
0,0,0,fresh_visobert_01011,1
0,0,0,fresh_visobert_01404,1
0,0,0,fresh_visobert_09002,1
0,0,0,fresh_visobert_05873,1
0,0,0,fresh_visobert_09951,1
0,0,0,fresh_visobert_02343,1
0,0,0,fresh_visobert_01177,1
0,0,0,fresh_visobert_05962,1
0,0,0,fresh_visobert_04079,1
0,0,0,fresh_visobert_03108,1
0,0,0,fresh_visobert_02460,1
0,0,0,fresh_visobert_00584,1
0,0,0,fresh_visobert_04814,1
0,0,0,fresh_visobert_01935,1
0,0,0,fresh_visobert_09778,1
0,0,0,fresh_visobert_04776,1
0,0,0,fresh_visobert_05456,1
0,0,0,fresh_visobert_10123,1
0,0,0,fresh_visobert_03452,1
0,0,0,fresh_visobert_00303,1
0,0,0,fresh_visobert_09217,1
0,0,0,fresh_visobert_01585,1
0,0,0,fresh_visobert_05192,1
0,0,0,fresh_visobert_04341,1
0,0,0,fresh_visobert_11241,1
0,0,0,fresh_visobert_02165,1
0,0,0,fresh_visobert_08824,1
0,0,0,fresh_visobert_04461,1
0,0,0,fresh_visobert_08668,1
1,1,1,fresh_visobert_04130,1
0,0,0,fresh_visobert_06838,1
0,0,0,fresh_visobert_00829,1
0,0,0,fresh_visobert_00953,1
1,1,1,fresh_visobert_04236,1
0,0,0,fresh_visobert_05922,1
0,0,0,fresh_visobert_03684,1
0,0,0,fresh_visobert_09909,1
0,0,0,fresh_visobert_00536,1
0,0,0,fresh_visobert_08516,1
0,0,0,fresh_visobert_08653,1
0,0,0,fresh_visobert_10876,1
0,0,0,fresh_visobert_05054,1
0,0,0,fresh_visobert_05449,1
0,0,0,fresh_visobert_09241,1
0,0,0,fresh_visobert_07068,1
0,0,0,fresh_visobert_01640,1
0,0,0,fresh_visobert_06034,1
0,0,0,fresh_visobert_02511,1
0,0,0,fresh_visobert_00098,1
0,0,0,fresh_visobert_03875,1
0,0,0,fresh_visobert_02557,1
0,0,0,fresh_visobert_06764,1
0,0,0,fresh_visobert_03806,1
0,0,0,fresh_visobert_11360,1
0,0,0,fresh_visobert_04499,1
0,0,0,fresh_visobert_02855,1
1,1,1,fresh_visobert_04339,1
0,0,0,fresh_visobert_04125,1
0,0,0,fresh_visobert_02351,1
0,0,0,fresh_visobert_09118,1
0,0,0,fresh_visobert_09932,1
0,0,0,fresh_visobert_08145,1
0,0,0,fresh_visobert_11231,1
0,0,0,fresh_visobert_09678,1
0,0,0,fresh_visobert_07070,1
0,0,0,fresh_visobert_06105,1
0,0,0,fresh_visobert_00675,1
0,0,0,fresh_visobert_04411,1
0,0,0,fresh_visobert_09398,1
0,0,0,fresh_visobert_07088,1
0,0,0,fresh_visobert_09191,1
0,0,0,fresh_visobert_08938,1
0,0,0,fresh_visobert_09057,1
0,0,0,fresh_visobert_02444,1
0,0,0,fresh_visobert_00346,1
0,0,0,fresh_visobert_06970,1
0,0,0,fresh_visobert_09484,1
0,0,0,fresh_visobert_04245,1
0,0,0,fresh_visobert_01894,1
0,0,0,fresh_visobert_09697,1
0,0,0,fresh_visobert_09798,1
0,0,0,fresh_visobert_06782,1
0,0,0,fresh_visobert_07941,1
0,0,0,fresh_visobert_09071,1
0,0,0,fresh_visobert_03767,1
0,0,0,fresh_visobert_00870,1
0,0,0,fresh_visobert_02215,1
0,0,0,fresh_visobert_11175,1
0,0,0,fresh_visobert_11643,1
0,0,0,fresh_visobert_05710,1
0,0,0,fresh_visobert_08519,1
0,0,0,fresh_visobert_07796,1
0,0,0,fresh_visobert_03424,1
0,0,0,fresh_visobert_06437,1
0,0,0,fresh_visobert_01728,1
0,0,0,fresh_visobert_00010,1
0,0,0,fresh_visobert_05552,1
0,0,0,fresh_visobert_05213,1
0,0,0,fresh_visobert_07940,1
0,0,0,fresh_visobert_03183,1
0,0,0,fresh_visobert_00254,1
0,0,0,fresh_visobert_05976,1
0,0,0,fresh_visobert_09226,1
0,0,0,fresh_visobert_05689,1
0,0,0,fresh_visobert_06944,1
0,0,0,fresh_visobert_07264,1
0,0,0,fresh_visobert_07678,1
0,0,0,fresh_visobert_00351,1
0,0,0,fresh_visobert_02116,1
0,0,0,fresh_visobert_10373,1
0,0,0,fresh_visobert_09233,1
0,0,0,fresh_visobert_07159,1
0,0,0,fresh_visobert_02976,1
0,0,0,fresh_visobert_04328,1
0,0,0,fresh_visobert_09193,1
0,0,0,fresh_visobert_02254,1
0,0,0,fresh_visobert_04908,1
0,0,0,fresh_visobert_09054,1
0,0,0,fresh_visobert_01974,1
0,0,0,fresh_visobert_07244,1
0,0,0,fresh_visobert_11243,1
0,0,0,fresh_visobert_11113,1
0,0,0,fresh_visobert_02258,1
0,0,0,fresh_visobert_11553,1
0,0,0,fresh_visobert_09385,1
0,0,0,fresh_visobert_02655,1
0,0,0,fresh_visobert_07922,1
0,0,0,fresh_visobert_00958,1
0,0,0,fresh_visobert_06555,1
0,0,0,fresh_visobert_10881,1
0,0,0,fresh_visobert_08032,1
1,1,1,fresh_visobert_06966,1
0,0,0,fresh_visobert_02193,1
0,0,0,fresh_visobert_04334,1
0,0,0,fresh_visobert_04192,1
0,0,0,fresh_visobert_03744,1
1,1,1,fresh_visobert_08432,1
1,1,1,fresh_visobert_07093,1
0,0,0,fresh_visobert_03743,1
0,0,0,fresh_visobert_08566,1
0,0,0,fresh_visobert_04024,1
0,0,0,fresh_visobert_07969,1
0,0,0,fresh_visobert_05341,1
0,0,0,fresh_visobert_04905,1
0,0,0,fresh_visobert_09104,1
0,0,0,fresh_visobert_07123,1
0,0,0,fresh_visobert_09711,1
1,1,1,fresh_visobert_03236,1
0,0,0,fresh_visobert_00780,1
0,0,0,fresh_visobert_03273,1
0,0,0,fresh_visobert_11884,1
0,0,0,fresh_visobert_07655,1
0,0,0,fresh_visobert_02514,1
0,0,0,fresh_visobert_04511,1
0,0,0,fresh_visobert_07443,1
0,0,0,fresh_visobert_06897,1
0,0,0,fresh_visobert_03019,1
0,0,0,fresh_visobert_09797,1
0,0,0,fresh_visobert_04804,1
0,0,0,fresh_visobert_06270,1
0,0,0,fresh_visobert_11507,1
0,0,0,fresh_visobert_09852,1
0,0,0,fresh_visobert_11024,1
0,0,0,fresh_visobert_05254,1
0,0,0,fresh_visobert_11145,1
0,0,0,fresh_visobert_01234,1
0,0,0,fresh_visobert_11023,1
1,1,1,fresh_visobert_07299,1
0,0,0,fresh_visobert_10920,1
0,0,0,fresh_visobert_00571,1
0,0,0,fresh_visobert_02813,1
0,0,0,fresh_visobert_04592,1
0,0,0,fresh_visobert_05487,1
0,0,0,fresh_visobert_09198,1
0,0,0,fresh_visobert_00585,1
0,0,0,fresh_visobert_10125,1
0,0,0,fresh_visobert_06385,1
0,0,0,fresh_visobert_07271,1
0,0,0,fresh_visobert_01476,1
0,0,0,fresh_visobert_00853,1
0,0,0,fresh_visobert_01753,1
0,0,0,fresh_visobert_04803,1
0,0,0,fresh_visobert_02202,1
0,0,0,fresh_visobert_02565,1
0,0,0,fresh_visobert_04475,1
0,0,0,fresh_visobert_01089,1
0,0,0,fresh_visobert_02958,1
0,0,0,fresh_visobert_09236,1
0,0,0,fresh_visobert_07311,1
0,0,0,fresh_visobert_08027,1
0,0,0,fresh_visobert_09526,1
0,0,0,fresh_visobert_09731,1
1,1,1,fresh_visobert_07442,1
0,0,0,fresh_visobert_05420,1
0,0,0,fresh_visobert_11326,1
0,0,0,fresh_visobert_02887,1
0,0,0,fresh_visobert_01344,1
0,0,0,fresh_visobert_03220,1
0,0,0,fresh_visobert_09077,1
0,0,0,fresh_visobert_03590,1
0,0,0,fresh_visobert_04054,1
0,0,0,fresh_visobert_01601,1
0,0,0,fresh_visobert_03105,1
0,0,0,fresh_visobert_06443,1
0,0,0,fresh_visobert_02789,1
0,0,0,fresh_visobert_02892,1
0,0,0,fresh_visobert_03551,1
0,0,0,fresh_visobert_03406,1
0,0,0,fresh_visobert_03538,1
0,0,0,fresh_visobert_01408,1
0,0,0,fresh_visobert_01604,1
0,0,0,fresh_visobert_03287,1
0,0,0,fresh_visobert_10289,1
0,0,0,fresh_visobert_04214,1
0,0,0,fresh_visobert_06024,1
0,0,0,fresh_visobert_04194,1
0,0,0,fresh_visobert_04971,1
0,0,0,fresh_visobert_09103,1
0,0,0,fresh_visobert_03813,1
0,0,0,fresh_visobert_07963,1
1,1,1,fresh_visobert_02715,1
0,0,0,fresh_visobert_07635,1
0,0,0,fresh_visobert_06660,1
0,0,0,fresh_visobert_02485,1
0,0,0,fresh_visobert_09889,1
0,0,0,fresh_visobert_06612,1
0,0,0,fresh_visobert_04077,1
0,0,0,fresh_visobert_02145,1
1,1,1,fresh_visobert_11541,1
0,0,0,fresh_visobert_08120,1
0,0,0,fresh_visobert_02279,1
0,0,0,fresh_visobert_10189,1
0,0,0,fresh_visobert_09897,1
0,0,0,fresh_visobert_03546,1
0,0,0,fresh_visobert_05088,1
1,1,1,fresh_visobert_11829,1
0,0,0,fresh_visobert_11888,1
0,0,0,fresh_visobert_00823,1
0,0,0,fresh_visobert_01672,1
0,0,0,fresh_visobert_00000,1
0,0,0,fresh_visobert_03410,1
0,0,0,fresh_visobert_08950,1
0,0,0,fresh_visobert_06269,1
0,0,0,fresh_visobert_07773,1
0,0,0,fresh_visobert_01812,1
0,0,0,fresh_visobert_03212,1
0,0,0,fresh_visobert_01891,1
0,0,0,fresh_visobert_09440,1
0,0,0,fresh_visobert_00626,1
0,0,0,fresh_visobert_03995,1
0,0,0,fresh_visobert_04284,1
0,0,0,fresh_visobert_04816,1
0,0,0,fresh_visobert_07316,1
0,0,0,fresh_visobert_07485,1
0,0,0,fresh_visobert_09592,1
0,0,0,fresh_visobert_03318,1
0,0,0,fresh_visobert_10586,1
0,0,0,fresh_visobert_00679,1
0,0,0,fresh_visobert_03509,1
0,0,0,fresh_visobert_01987,1
0,0,0,fresh_visobert_01525,1
0,0,0,fresh_visobert_04057,1
0,0,0,fresh_visobert_07659,1
0,0,0,fresh_visobert_03638,1
0,0,0,fresh_visobert_03959,1
0,0,0,fresh_visobert_01960,1
0,0,0,fresh_visobert_02530,1
0,0,0,fresh_visobert_11414,1
0,0,0,fresh_visobert_04372,1
0,0,0,fresh_visobert_01844,1
0,0,0,fresh_visobert_03145,1
0,0,0,fresh_visobert_01381,1
0,0,0,fresh_visobert_08542,1
0,0,0,fresh_visobert_03522,1
0,0,0,fresh_visobert_04480,1
0,0,0,fresh_visobert_07277,1
0,0,0,fresh_visobert_06439,1
0,0,0,fresh_visobert_05404,1
0,0,0,fresh_visobert_10415,1
0,0,0,fresh_visobert_09674,1
0,0,0,fresh_visobert_00004,1
0,0,0,fresh_visobert_10607,1
0,0,0,fresh_visobert_01875,1
1,1,1,fresh_visobert_06723,1
0,0,0,fresh_visobert_05042,1
1,1,1,fresh_visobert_09230,1
0,0,0,fresh_visobert_06628,1
0,0,0,fresh_visobert_09466,1
0,0,0,fresh_visobert_00569,1
0,0,0,fresh_visobert_05073,1
0,0,0,fresh_visobert_05019,1
0,0,0,fresh_visobert_09030,1
0,0,0,fresh_visobert_02994,1
0,0,0,fresh_visobert_06974,1
0,0,0,fresh_visobert_07623,1
0,0,0,fresh_visobert_07497,1
0,0,0,fresh_visobert_08306,1
1,1,1,fresh_visobert_04405,1
0,0,0,fresh_visobert_05429,1
0,0,0,fresh_visobert_01830,1
0,0,0,fresh_visobert_01678,1
0,0,0,fresh_visobert_11461,1
0,0,0,fresh_visobert_04636,1
1,1,1,fresh_visobert_05620,1
0,0,0,fresh_visobert_04987,1
0,0,0,fresh_visobert_10941,1
0,0,0,fresh_visobert_10854,1
0,0,0,fresh_visobert_04329,1
0,0,0,fresh_visobert_11605,1
0,0,0,fresh_visobert_10644,1
0,0,0,fresh_visobert_02793,1
0,0,0,fresh_visobert_11939,1
0,0,0,fresh_visobert_04186,1
0,0,0,fresh_visobert_07667,1
0,0,0,fresh_visobert_06506,1
1,1,1,fresh_visobert_08565,1
0,0,0,fresh_visobert_06926,1
0,0,0,fresh_visobert_00461,1
0,0,0,fresh_visobert_09126,1
0,0,0,fresh_visobert_00512,1
0,0,0,fresh_visobert_00721,1
0,0,0,fresh_visobert_06840,1
0,0,0,fresh_visobert_10348,1
0,0,0,fresh_visobert_11535,1
0,0,0,fresh_visobert_03460,1
0,0,0,fresh_visobert_05109,1
0,0,0,fresh_visobert_06994,1
0,0,0,fresh_visobert_02476,1
0,0,0,fresh_visobert_10111,1
0,0,0,fresh_visobert_04479,1
0,0,0,fresh_visobert_07207,1
0,0,0,fresh_visobert_05016,1
0,0,0,fresh_visobert_02458,1
0,0,0,fresh_visobert_08056,1
0,0,0,fresh_visobert_01736,1
0,0,0,fresh_visobert_03265,1
1,1,1,fresh_visobert_03724,1
0,0,0,fresh_visobert_09386,1
0,0,0,fresh_visobert_05773,1
0,0,0,fresh_visobert_11610,1
0,0,0,fresh_visobert_02961,1
0,0,0,fresh_visobert_05705,1
0,0,0,fresh_visobert_11855,1
0,0,0,fresh_visobert_07731,1
0,0,0,fresh_visobert_01383,1
0,0,0,fresh_visobert_04947,1
0,0,0,fresh_visobert_04896,1
0,0,0,fresh_visobert_02770,1
0,0,0,fresh_visobert_09311,1
0,0,0,fresh_visobert_10356,1
0,0,0,fresh_visobert_06564,1
0,0,0,fresh_visobert_01836,1
0,0,0,fresh_visobert_02587,1
0,0,0,fresh_visobert_05038,1
0,0,0,fresh_visobert_01282,1
0,0,0,fresh_visobert_10362,1
0,0,0,fresh_visobert_00139,1
1,1,1,fresh_visobert_07005,1
0,0,0,fresh_visobert_09528,1
0,0,0,fresh_visobert_00620,1
0,0,0,fresh_visobert_10097,1
0,0,0,fresh_visobert_08883,1
0,0,0,fresh_visobert_11644,1
0,0,0,fresh_visobert_05043,1
0,0,0,fresh_visobert_06918,1
0,0,0,fresh_visobert_10046,1
0,0,0,fresh_visobert_11003,1
0,0,0,fresh_visobert_10419,1
0,0,0,fresh_visobert_05424,1
0,0,0,fresh_visobert_07935,1
0,0,0,fresh_visobert_06114,1
0,0,0,fresh_visobert_09087,1
0,0,0,fresh_visobert_03390,1
0,0,0,fresh_visobert_07933,1
0,0,0,fresh_visobert_02607,1
0,0,0,fresh_visobert_03044,1
0,0,0,fresh_visobert_11889,1
0,0,0,fresh_visobert_07532,1
0,0,0,fresh_visobert_05507,1
0,0,0,fresh_visobert_03954,1
0,0,0,fresh_visobert_05453,1
0,0,0,fresh_visobert_05787,1
0,0,0,fresh_visobert_01907,1
0,0,0,fresh_visobert_04269,1
0,0,0,fresh_visobert_11859,1
0,0,0,fresh_visobert_07479,1
0,0,0,fresh_visobert_05426,1
0,0,0,fresh_visobert_09359,1
0,0,0,fresh_visobert_00101,1
0,0,0,fresh_visobert_03968,1
0,0,0,fresh_visobert_02703,1
0,0,0,fresh_visobert_06749,1
0,0,0,fresh_visobert_10306,1
0,0,0,fresh_visobert_01787,1
0,0,0,fresh_visobert_01183,1
0,0,0,fresh_visobert_10458,1
1,1,1,fresh_visobert_10390,1
0,0,0,fresh_visobert_11656,1
0,0,0,fresh_visobert_03193,1
0,0,0,fresh_visobert_09744,1
0,0,0,fresh_visobert_09194,1
0,0,0,fresh_visobert_11649,1
0,0,0,fresh_visobert_00329,1
0,0,0,fresh_visobert_01454,1
0,0,0,fresh_visobert_00202,1
0,0,0,fresh_visobert_07501,1
0,0,0,fresh_visobert_01030,1
0,0,0,fresh_visobert_05454,1
0,0,0,fresh_visobert_01155,1
0,0,0,fresh_visobert_09763,1
0,0,0,fresh_visobert_01769,1
0,0,0,fresh_visobert_10705,1
0,0,0,fresh_visobert_10582,1
0,0,0,fresh_visobert_01846,1
0,0,0,fresh_visobert_03448,1
0,0,0,fresh_visobert_04285,1
0,0,0,fresh_visobert_03555,1
0,0,0,fresh_visobert_08269,1
0,0,0,fresh_visobert_06640,1
0,0,0,fresh_visobert_10766,1
0,0,0,fresh_visobert_08199,1
0,0,0,fresh_visobert_04431,1
0,0,0,fresh_visobert_11671,1
0,0,0,fresh_visobert_07256,1
0,0,0,fresh_visobert_11662,1
1,1,1,fresh_visobert_08357,1
0,0,0,fresh_visobert_11025,1
0,0,0,fresh_visobert_11659,1
0,0,0,fresh_visobert_07542,1
0,0,0,fresh_visobert_10573,1
0,0,0,fresh_visobert_01107,1
0,0,0,fresh_visobert_01719,1
0,0,0,fresh_visobert_05268,1
0,0,0,fresh_visobert_02649,1
0,0,0,fresh_visobert_04362,1
0,0,0,fresh_visobert_11764,1
0,0,0,fresh_visobert_09397,1
0,0,0,fresh_visobert_04484,1
0,0,0,fresh_visobert_09694,1
0,0,0,fresh_visobert_05985,1
0,0,0,fresh_visobert_04006,1
0,0,0,fresh_visobert_05255,1
0,0,0,fresh_visobert_06145,1
0,0,0,fresh_visobert_05966,1
0,0,0,fresh_visobert_00393,1
0,0,0,fresh_visobert_06798,1
0,0,0,fresh_visobert_07877,1
0,0,0,fresh_visobert_07234,1
0,0,0,fresh_visobert_01602,1
0,0,0,fresh_visobert_10877,1
0,0,0,fresh_visobert_10745,1
0,0,0,fresh_visobert_10901,1
0,0,0,fresh_visobert_09200,1
0,0,0,fresh_visobert_07830,1
0,0,0,fresh_visobert_11615,1
0,0,0,fresh_visobert_08498,1
0,0,0,fresh_visobert_02091,1
0,0,0,fresh_visobert_01582,1
0,0,0,fresh_visobert_00528,1
0,0,0,fresh_visobert_09377,1
0,0,0,fresh_visobert_05392,1
0,0,0,fresh_visobert_00923,1
0,0,0,fresh_visobert_09308,1
0,0,0,fresh_visobert_01923,1
0,0,0,fresh_visobert_05443,1
0,0,0,fresh_visobert_08094,1
0,0,0,fresh_visobert_10207,1
1,1,1,fresh_visobert_10521,1
0,0,0,fresh_visobert_02548,1
0,0,0,fresh_visobert_08228,1
0,0,0,fresh_visobert_11398,1
0,0,0,fresh_visobert_11383,1
0,0,0,fresh_visobert_00961,1
0,0,0,fresh_visobert_01494,1
0,0,0,fresh_visobert_11032,1
0,0,0,fresh_visobert_07421,1
0,0,0,fresh_visobert_01000,1
1,0,1,fresh_visobert_10624,0
0,0,0,fresh_visobert_01748,1
0,0,0,fresh_visobert_02791,1
0,0,0,fresh_visobert_07325,1
0,0,0,fresh_visobert_01558,1
0,0,0,fresh_visobert_10090,1
0,0,0,fresh_visobert_08005,1
0,0,0,fresh_visobert_08267,1
0,0,0,fresh_visobert_11685,1
0,0,0,fresh_visobert_02497,1
0,0,0,fresh_visobert_01977,1
0,0,0,fresh_visobert_03471,1
1,1,1,fresh_visobert_09979,1
0,0,0,fresh_visobert_08634,1
0,0,0,fresh_visobert_07019,1
1,1,1,fresh_visobert_08900,1
0,0,0,fresh_visobert_01181,1
0,0,0,fresh_visobert_10738,1
0,0,0,fresh_visobert_06014,1
1,1,1,fresh_visobert_05919,1
0,0,0,fresh_visobert_00037,1
0,0,0,fresh_visobert_00903,1
0,0,0,fresh_visobert_00033,1
0,0,0,fresh_visobert_01595,1
0,0,0,fresh_visobert_06865,1
0,0,0,fresh_visobert_03676,1
0,0,0,fresh_visobert_05067,1
1,1,1,fresh_visobert_00111,1
0,0,0,fresh_visobert_03812,1
0,0,0,fresh_visobert_05145,1
0,0,0,fresh_visobert_01902,1
0,0,0,fresh_visobert_02423,1
0,0,0,fresh_visobert_03367,1
0,0,0,fresh_visobert_11993,1
0,0,0,fresh_visobert_05442,1
0,0,0,fresh_visobert_10788,1
1,1,1,fresh_visobert_00064,1
0,0,0,fresh_visobert_08344,1
0,0,0,fresh_visobert_04191,1
0,0,0,fresh_visobert_03645,1
0,0,0,fresh_visobert_08355,1
0,0,0,fresh_visobert_00336,1
0,0,0,fresh_visobert_05997,1
0,0,0,fresh_visobert_02362,1
0,0,0,fresh_visobert_00342,1
0,0,0,fresh_visobert_02814,1
0,0,0,fresh_visobert_05069,1
0,0,0,fresh_visobert_04705,1
0,0,0,fresh_visobert_06530,1
0,0,0,fresh_visobert_03050,1
0,0,0,fresh_visobert_01196,1
0,0,0,fresh_visobert_01939,1
0,0,0,fresh_visobert_05935,1
0,0,0,fresh_visobert_04035,1
0,0,0,fresh_visobert_00426,1
0,0,0,fresh_visobert_02053,1
0,0,0,fresh_visobert_03373,1
0,0,0,fresh_visobert_08885,1
0,0,0,fresh_visobert_06186,1
0,0,0,fresh_visobert_06766,1
0,0,0,fresh_visobert_08474,1
0,0,0,fresh_visobert_00747,1
0,0,0,fresh_visobert_00447,1
0,0,0,fresh_visobert_07866,1
0,0,0,fresh_visobert_00707,1
0,0,0,fresh_visobert_08508,1
0,0,0,fresh_visobert_10603,1
0,0,0,fresh_visobert_11878,1
1,1,1,fresh_visobert_10495,1
0,0,0,fresh_visobert_00507,1
0,0,0,fresh_visobert_06275,1
0,0,0,fresh_visobert_05265,1
0,0,0,fresh_visobert_09906,1
0,0,0,fresh_visobert_04001,1
0,0,0,fresh_visobert_10066,1
0,0,0,fresh_visobert_02608,1
0,0,0,fresh_visobert_08890,1
0,0,0,fresh_visobert_10385,1
0,0,0,fresh_visobert_00296,1
0,0,0,fresh_visobert_02231,1
0,0,0,fresh_visobert_07928,1
0,0,0,fresh_visobert_03219,1
0,0,0,fresh_visobert_00110,1
0,0,0,fresh_visobert_07179,1
0,0,0,fresh_visobert_09902,1
0,0,0,fresh_visobert_05310,1
0,0,0,fresh_visobert_04760,1
0,0,0,fresh_visobert_02069,1
0,0,0,fresh_visobert_06864,1
1,1,1,fresh_visobert_07391,1
0,0,0,fresh_visobert_08275,1
0,0,0,fresh_visobert_08924,1
0,0,0,fresh_visobert_06924,1
0,0,0,fresh_visobert_10711,1
0,0,0,fresh_visobert_05519,1
0,0,0,fresh_visobert_07893,1
1,0,1,fresh_visobert_00895,0
0,0,0,fresh_visobert_02910,1
0,0,0,fresh_visobert_05207,1
0,0,0,fresh_visobert_10107,1
0,0,0,fresh_visobert_04257,1
0,0,0,fresh_visobert_03475,1
0,0,0,fresh_visobert_09707,1
0,0,0,fresh_visobert_09075,1
0,0,0,fresh_visobert_09817,1
0,0,0,fresh_visobert_06768,1
0,0,0,fresh_visobert_11738,1
0,0,0,fresh_visobert_10547,1
0,0,0,fresh_visobert_09426,1
0,0,0,fresh_visobert_03994,1
0,0,0,fresh_visobert_04607,1
0,0,0,fresh_visobert_09612,1
0,0,0,fresh_visobert_02446,1
0,0,0,fresh_visobert_00466,1
0,0,0,fresh_visobert_04981,1
0,0,0,fresh_visobert_08683,1
0,0,0,fresh_visobert_09041,1
0,0,0,fresh_visobert_05300,1
0,0,0,fresh_visobert_06245,1
1,1,1,fresh_visobert_11908,1
0,0,0,fresh_visobert_08013,1
0,0,0,fresh_visobert_02686,1
0,0,0,fresh_visobert_06538,1
0,0,0,fresh_visobert_07099,1
0,0,0,fresh_visobert_09630,1
1,1,1,fresh_visobert_11514,1
0,0,0,fresh_visobert_02709,1
0,0,0,fresh_visobert_03042,1
0,0,0,fresh_visobert_05122,1
1,1,1,fresh_visobert_10250,1
0,0,0,fresh_visobert_07413,1
0,0,0,fresh_visobert_07760,1
0,0,0,fresh_visobert_02816,1
0,0,0,fresh_visobert_08856,1
0,0,0,fresh_visobert_02189,1
0,0,0,fresh_visobert_05678,1
0,0,0,fresh_visobert_10977,1
0,0,0,fresh_visobert_08000,1
0,0,0,fresh_visobert_07530,1
0,0,0,fresh_visobert_08064,1
0,0,0,fresh_visobert_11953,1
1,1,1,fresh_visobert_09073,1
0,0,0,fresh_visobert_09837,1
1,1,1,fresh_visobert_04787,1
0,0,0,fresh_visobert_08854,1
0,0,0,fresh_visobert_07781,1
0,0,0,fresh_visobert_01379,1
0,0,0,fresh_visobert_08409,1
0,0,0,fresh_visobert_06603,1
0,0,0,fresh_visobert_06986,1
0,0,0,fresh_visobert_09084,1
1,1,1,fresh_visobert_06225,1
0,0,0,fresh_visobert_00775,1
0,0,0,fresh_visobert_06700,1
0,0,0,fresh_visobert_05783,1
0,0,0,fresh_visobert_05774,1
1,1,1,fresh_visobert_10971,1
0,0,0,fresh_visobert_01227,1
0,0,0,fresh_visobert_05931,1
0,0,0,fresh_visobert_07987,1
0,0,0,fresh_visobert_09802,1
0,0,0,fresh_visobert_02206,1
1,1,1,fresh_visobert_05880,1
0,0,0,fresh_visobert_10409,1
0,0,0,fresh_visobert_00951,1
0,0,0,fresh_visobert_07480,1
0,0,0,fresh_visobert_05934,1
0,0,0,fresh_visobert_03316,1
0,0,0,fresh_visobert_06560,1
0,0,0,fresh_visobert_03626,1
0,0,0,fresh_visobert_00606,1
1,0,1,fresh_visobert_06419,0
0,0,0,fresh_visobert_04108,1
0,0,0,fresh_visobert_03577,1
0,0,0,fresh_visobert_05302,1
0,0,0,fresh_visobert_01068,1
0,0,0,fresh_visobert_03754,1
0,0,0,fresh_visobert_07290,1
0,0,0,fresh_visobert_01065,1
0,0,0,fresh_visobert_08232,1
1,1,1,fresh_visobert_09757,1
0,0,0,fresh_visobert_02727,1
0,0,0,fresh_visobert_06816,1
0,0,0,fresh_visobert_07538,1
0,0,0,fresh_visobert_03633,1
0,0,0,fresh_visobert_03283,1
0,0,0,fresh_visobert_03618,1
0,0,0,fresh_visobert_03176,1
0,0,0,fresh_visobert_07452,1
0,0,0,fresh_visobert_00380,1
0,0,0,fresh_visobert_11814,1
0,0,0,fresh_visobert_06300,1
0,0,0,fresh_visobert_04609,1
1,1,1,fresh_visobert_03923,1
0,0,0,fresh_visobert_09941,1
0,0,0,fresh_visobert_11208,1
0,0,0,fresh_visobert_06078,1
0,0,0,fresh_visobert_06733,1
0,0,0,fresh_visobert_01881,1
0,0,0,fresh_visobert_07738,1
1,1,1,fresh_visobert_09844,1
0,0,0,fresh_visobert_01137,1
0,0,0,fresh_visobert_11163,1
0,0,0,fresh_visobert_04309,1
0,0,0,fresh_visobert_01815,1
0,0,0,fresh_visobert_06284,1
0,0,0,fresh_visobert_01308,1
0,0,0,fresh_visobert_10218,1
0,0,0,fresh_visobert_01147,1
0,0,0,fresh_visobert_04134,1
0,0,0,fresh_visobert_04638,1
0,0,0,fresh_visobert_05866,1
0,0,0,fresh_visobert_11636,1
0,0,0,fresh_visobert_00529,1
0,0,0,fresh_visobert_08331,1
0,0,0,fresh_visobert_10895,1
0,0,0,fresh_visobert_08208,1
0,0,0,fresh_visobert_06190,1
0,0,0,fresh_visobert_05317,1
0,0,0,fresh_visobert_10266,1
0,0,0,fresh_visobert_04432,1
0,0,0,fresh_visobert_06098,1
0,0,0,fresh_visobert_05044,1
0,0,0,fresh_visobert_08809,1
0,0,0,fresh_visobert_07481,1
0,0,0,fresh_visobert_03839,1
0,0,0,fresh_visobert_03919,1
0,0,0,fresh_visobert_06909,1
0,0,0,fresh_visobert_00134,1
0,0,0,fresh_visobert_04256,1
0,0,0,fresh_visobert_04505,1
0,0,0,fresh_visobert_05361,1
0,0,0,fresh_visobert_00061,1
0,0,0,fresh_visobert_00680,1
0,0,0,fresh_visobert_04938,1
0,0,0,fresh_visobert_00790,1
0,0,0,fresh_visobert_08205,1
0,0,0,fresh_visobert_04851,1
0,0,0,fresh_visobert_06313,1
0,0,0,fresh_visobert_09863,1
0,0,0,fresh_visobert_04258,1
0,0,0,fresh_visobert_02957,1
0,0,0,fresh_visobert_09089,1
0,0,0,fresh_visobert_04668,1
0,0,0,fresh_visobert_04396,1
0,0,0,fresh_visobert_04146,1
0,0,0,fresh_visobert_04519,1
1,1,1,fresh_visobert_11341,1
0,0,0,fresh_visobert_02220,1
1,1,1,fresh_visobert_09686,1
0,0,0,fresh_visobert_02853,1
0,0,0,fresh_visobert_09499,1
0,0,0,fresh_visobert_10580,1
0,0,0,fresh_visobert_00917,1
0,0,0,fresh_visobert_10053,1
0,0,0,fresh_visobert_01551,1
0,0,0,fresh_visobert_04611,1
0,0,0,fresh_visobert_08757,1
0,0,0,fresh_visobert_03398,1
0,0,0,fresh_visobert_04870,1
0,0,0,fresh_visobert_02798,1
0,0,0,fresh_visobert_01081,1
0,0,0,fresh_visobert_03915,1
0,0,0,fresh_visobert_09760,1
0,0,0,fresh_visobert_03194,1
0,0,0,fresh_visobert_03388,1
0,0,0,fresh_visobert_10056,1
0,0,0,fresh_visobert_02036,1
0,0,0,fresh_visobert_09204,1
0,0,0,fresh_visobert_11181,1
0,0,0,fresh_visobert_00227,1
0,0,0,fresh_visobert_11621,1
0,0,0,fresh_visobert_06108,1
0,0,0,fresh_visobert_03483,1
0,0,0,fresh_visobert_06331,1
0,0,0,fresh_visobert_11972,1
0,0,0,fresh_visobert_11622,1
0,0,0,fresh_visobert_11635,1
0,0,0,fresh_visobert_02249,1
0,0,0,fresh_visobert_02021,1
0,0,0,fresh_visobert_03615,1
0,0,0,fresh_visobert_07258,1
0,0,0,fresh_visobert_07886,1
0,0,0,fresh_visobert_08526,1
0,0,0,fresh_visobert_11825,1
0,0,0,fresh_visobert_01150,1
0,0,0,fresh_visobert_10418,1
0,0,0,fresh_visobert_09388,1
0,0,0,fresh_visobert_11029,1
0,0,0,fresh_visobert_02832,1
0,0,0,fresh_visobert_01064,1
0,0,0,fresh_visobert_07579,1
0,0,0,fresh_visobert_03749,1
0,0,0,fresh_visobert_07729,1
0,0,0,fresh_visobert_02320,1
0,0,0,fresh_visobert_02077,1
0,0,0,fresh_visobert_01868,1
0,0,0,fresh_visobert_02398,1
0,0,0,fresh_visobert_05323,1
0,0,0,fresh_visobert_01252,1
0,0,0,fresh_visobert_07658,1
0,0,0,fresh_visobert_08710,1
0,0,0,fresh_visobert_04398,1
0,0,0,fresh_visobert_10484,1
0,0,0,fresh_visobert_02327,1
0,0,0,fresh_visobert_11256,1
0,0,0,fresh_visobert_06040,1
1,1,1,fresh_visobert_08980,1
0,0,0,fresh_visobert_01300,1
0,0,0,fresh_visobert_01826,1
0,0,0,fresh_visobert_02908,1
0,0,0,fresh_visobert_05103,1
0,0,0,fresh_visobert_03104,1
0,0,0,fresh_visobert_09076,1
0,0,0,fresh_visobert_07331,1
0,0,0,fresh_visobert_08340,1
0,0,0,fresh_visobert_02217,1
0,0,0,fresh_visobert_02752,1
0,0,0,fresh_visobert_09523,1
0,0,0,fresh_visobert_06854,1
0,0,0,fresh_visobert_06486,1
0,0,0,fresh_visobert_06519,1
0,0,0,fresh_visobert_07151,1
0,0,0,fresh_visobert_03886,1
0,0,0,fresh_visobert_09681,1
0,0,0,fresh_visobert_11047,1
1,1,1,fresh_visobert_09755,1
0,0,0,fresh_visobert_02037,1
0,0,0,fresh_visobert_06769,1
0,0,0,fresh_visobert_05193,1
0,0,0,fresh_visobert_03269,1
0,0,0,fresh_visobert_09904,1
0,0,0,fresh_visobert_03534,1
0,0,0,fresh_visobert_08415,1
0,0,0,fresh_visobert_08648,1
0,0,0,fresh_visobert_11569,1
0,0,0,fresh_visobert_09561,1
0,0,0,fresh_visobert_07175,1
0,0,0,fresh_visobert_10763,1
0,0,0,fresh_visobert_01088,1
0,0,0,fresh_visobert_08255,1
0,0,0,fresh_visobert_09768,1
1,1,1,fresh_visobert_06511,1
0,0,0,fresh_visobert_02666,1
0,0,0,fresh_visobert_03091,1
1,1,1,fresh_visobert_07791,1
0,0,0,fresh_visobert_09621,1
0,0,0,fresh_visobert_09300,1
0,0,0,fresh_visobert_10601,1
0,0,0,fresh_visobert_11926,1
0,0,0,fresh_visobert_07437,1
0,0,0,fresh_visobert_08338,1
0,0,0,fresh_visobert_01272,1
0,0,0,fresh_visobert_08994,1
0,0,0,fresh_visobert_02794,1
0,0,0,fresh_visobert_05384,1
0,0,0,fresh_visobert_11582,1
0,0,0,fresh_visobert_01985,1
0,0,0,fresh_visobert_00120,1
1,1,1,fresh_visobert_00032,1
0,0,0,fresh_visobert_08564,1
0,0,0,fresh_visobert_07819,1
0,0,0,fresh_visobert_01556,1
0,0,0,fresh_visobert_05495,1
0,0,0,fresh_visobert_06121,1
0,0,0,fresh_visobert_02022,1
0,0,0,fresh_visobert_06290,1
0,0,0,fresh_visobert_07582,1
0,0,0,fresh_visobert_05046,1
0,0,0,fresh_visobert_09547,1
0,0,0,fresh_visobert_02376,1
0,0,0,fresh_visobert_05100,1
0,0,0,fresh_visobert_09729,1
0,0,0,fresh_visobert_11769,1
0,0,0,fresh_visobert_04347,1
0,0,0,fresh_visobert_00998,1
0,0,0,fresh_visobert_05982,1
0,0,0,fresh_visobert_03012,1
0,0,0,fresh_visobert_11684,1
0,0,0,fresh_visobert_10735,1
0,0,0,fresh_visobert_08561,1
0,0,0,fresh_visobert_06157,1
0,0,0,fresh_visobert_02713,1
0,0,0,fresh_visobert_09601,1
0,0,0,fresh_visobert_10429,1
0,0,0,fresh_visobert_07845,1
0,0,0,fresh_visobert_09280,1
0,0,0,fresh_visobert_11512,1
0,0,0,fresh_visobert_05521,1
0,0,0,fresh_visobert_09088,1
0,0,0,fresh_visobert_01617,1
0,0,0,fresh_visobert_02767,1
0,0,0,fresh_visobert_02873,1
1,1,1,fresh_visobert_09680,1
0,0,0,fresh_visobert_03134,1
0,0,0,fresh_visobert_08478,1
0,0,0,fresh_visobert_01583,1
0,0,0,fresh_visobert_05386,1
0,0,0,fresh_visobert_10649,1
0,0,0,fresh_visobert_03306,1
0,0,0,fresh_visobert_08741,1
0,0,0,fresh_visobert_00633,1
0,0,0,fresh_visobert_03903,1
0,0,0,fresh_visobert_00062,1
0,0,0,fresh_visobert_10616,1
0,0,0,fresh_visobert_09460,1
0,0,0,fresh_visobert_01918,1
0,0,0,fresh_visobert_05369,1
0,0,0,fresh_visobert_10851,1
0,0,0,fresh_visobert_01307,1
0,0,0,fresh_visobert_08990,1
0,0,0,fresh_visobert_03321,1
0,0,0,fresh_visobert_07628,1
0,0,0,fresh_visobert_03976,1
0,0,0,fresh_visobert_04978,1
1,1,1,fresh_visobert_08612,1
0,0,0,fresh_visobert_04874,1
0,0,0,fresh_visobert_04102,1
0,0,0,fresh_visobert_01609,1
0,0,0,fresh_visobert_11516,1
0,0,0,fresh_visobert_06438,1
0,0,0,fresh_visobert_05338,1
0,0,0,fresh_visobert_01186,1
1,1,1,fresh_visobert_08087,1
0,0,0,fresh_visobert_09774,1
0,0,0,fresh_visobert_06687,1
0,0,0,fresh_visobert_05018,1
0,0,0,fresh_visobert_11702,1
1,1,1,fresh_visobert_07793,1
0,0,0,fresh_visobert_06747,1
0,0,0,fresh_visobert_03426,1
0,0,0,fresh_visobert_08406,1
0,0,0,fresh_visobert_03214,1
0,0,0,fresh_visobert_11668,1
0,0,0,fresh_visobert_09996,1
0,0,0,fresh_visobert_03893,1
0,0,0,fresh_visobert_08117,1
0,0,0,fresh_visobert_08264,1
0,0,0,fresh_visobert_02222,1
0,0,0,fresh_visobert_08681,1
0,0,0,fresh_visobert_03028,1
0,0,0,fresh_visobert_07308,1
1,1,1,fresh_visobert_07324,1
0,0,0,fresh_visobert_09644,1
0,0,0,fresh_visobert_08615,1
0,0,0,fresh_visobert_11800,1
0,0,0,fresh_visobert_05581,1
0,0,0,fresh_visobert_07679,1
0,0,0,fresh_visobert_11254,1
0,0,0,fresh_visobert_10059,1
0,0,0,fresh_visobert_07510,1
0,0,0,fresh_visobert_01416,1
0,0,0,fresh_visobert_07399,1
0,0,0,fresh_visobert_01031,1
0,0,0,fresh_visobert_02962,1
0,0,0,fresh_visobert_03208,1
0,0,0,fresh_visobert_10996,1
0,0,0,fresh_visobert_07082,1
0,0,0,fresh_visobert_08640,1
0,0,0,fresh_visobert_03078,1
0,0,0,fresh_visobert_09264,1
1,1,1,fresh_visobert_08955,1
1,1,1,fresh_visobert_06054,1
0,0,0,fresh_visobert_03098,1
0,0,0,fresh_visobert_03026,1
0,0,0,fresh_visobert_00659,1
0,0,0,fresh_visobert_06463,1
0,0,0,fresh_visobert_00948,1
1,1,1,fresh_visobert_09196,1
1,1,1,fresh_visobert_11311,1
0,0,0,fresh_visobert_03247,1
0,0,0,fresh_visobert_03765,1
0,0,0,fresh_visobert_06162,1
0,0,0,fresh_visobert_02788,1
0,0,0,fresh_visobert_06106,1
0,0,0,fresh_visobert_03262,1
0,0,0,fresh_visobert_00972,1
0,0,0,fresh_visobert_09759,1
0,0,0,fresh_visobert_06691,1
0,0,0,fresh_visobert_06619,1
0,0,0,fresh_visobert_03172,1
0,0,0,fresh_visobert_04941,1
0,0,0,fresh_visobert_06068,1
0,0,0,fresh_visobert_06539,1
0,0,0,fresh_visobert_01534,1
0,0,0,fresh_visobert_08749,1
0,0,0,fresh_visobert_11790,1
0,0,0,fresh_visobert_04235,1
0,0,0,fresh_visobert_09298,1
0,0,0,fresh_visobert_06669,1
0,0,0,fresh_visobert_05549,1
0,0,0,fresh_visobert_11873,1
0,0,0,fresh_visobert_05668,1
0,0,0,fresh_visobert_00338,1
1,1,1,fresh_visobert_06280,1
0,0,0,fresh_visobert_09415,1
1,1,1,fresh_visobert_07702,1
0,0,0,fresh_visobert_11496,1
0,0,0,fresh_visobert_00085,1
0,0,0,fresh_visobert_08521,1
0,0,0,fresh_visobert_02898,1
0,0,0,fresh_visobert_00525,1
1,1,1,fresh_visobert_06233,1
0,0,0,fresh_visobert_09464,1
0,0,0,fresh_visobert_02562,1
0,0,0,fresh_visobert_10515,1
0,0,0,fresh_visobert_01621,1
0,0,0,fresh_visobert_07598,1
0,0,0,fresh_visobert_10182,1
0,0,0,fresh_visobert_07393,1
0,0,0,fresh_visobert_07899,1
0,0,0,fresh_visobert_04422,1
0,0,0,fresh_visobert_02735,1
0,0,0,fresh_visobert_05027,1
0,0,0,fresh_visobert_10522,1
0,0,0,fresh_visobert_01341,1
0,0,0,fresh_visobert_00947,1
0,0,0,fresh_visobert_06971,1
1,0,1,fresh_visobert_11199,0
0,0,0,fresh_visobert_09070,1
0,0,0,fresh_visobert_02291,1
0,0,0,fresh_visobert_01179,1
0,0,0,fresh_visobert_03375,1
0,0,0,fresh_visobert_00029,1
0,0,0,fresh_visobert_05047,1
0,0,0,fresh_visobert_10685,1
0,0,0,fresh_visobert_06979,1
0,0,0,fresh_visobert_09470,1
0,0,0,fresh_visobert_03155,1
0,0,0,fresh_visobert_09336,1
0,0,0,fresh_visobert_11190,1
0,0,0,fresh_visobert_11250,1
0,0,0,fresh_visobert_01288,1
0,0,0,fresh_visobert_04541,1
0,0,0,fresh_visobert_00244,1
0,0,0,fresh_visobert_04746,1
0,0,0,fresh_visobert_06473,1
0,0,0,fresh_visobert_07858,1
0,0,0,fresh_visobert_01201,1
0,0,0,fresh_visobert_06048,1
0,0,0,fresh_visobert_05352,1
0,0,0,fresh_visobert_04114,1
0,0,0,fresh_visobert_05234,1
0,0,0,fresh_visobert_05711,1
1,1,1,fresh_visobert_07328,1
0,0,0,fresh_visobert_08970,1
0,0,0,fresh_visobert_07878,1
0,0,0,fresh_visobert_02717,1
0,0,0,fresh_visobert_07243,1
0,0,0,fresh_visobert_04969,1
0,0,0,fresh_visobert_02626,1
0,0,0,fresh_visobert_09389,1
0,0,0,fresh_visobert_01013,1
0,0,0,fresh_visobert_11816,1
0,0,0,fresh_visobert_10202,1
1,1,1,fresh_visobert_01003,1
0,0,0,fresh_visobert_11797,1
0,0,0,fresh_visobert_03823,1
0,0,0,fresh_visobert_06092,1
0,0,0,fresh_visobert_09761,1
0,0,0,fresh_visobert_05672,1
0,0,0,fresh_visobert_00803,1
0,0,0,fresh_visobert_10611,1
0,0,0,fresh_visobert_01142,1
0,0,0,fresh_visobert_08709,1
0,0,0,fresh_visobert_09437,1
0,0,0,fresh_visobert_11913,1
0,0,0,fresh_visobert_07871,1
1,1,1,fresh_visobert_10813,1
0,0,0,fresh_visobert_01366,1
0,0,0,fresh_visobert_01599,1
0,0,0,fresh_visobert_06666,1
1,1,1,fresh_visobert_10523,1
0,0,0,fresh_visobert_09893,1
0,0,0,fresh_visobert_01094,1
0,0,0,fresh_visobert_08734,1
0,0,0,fresh_visobert_09558,1
0,0,0,fresh_visobert_06613,1
0,0,0,fresh_visobert_08167,1
0,0,0,fresh_visobert_08690,1
0,0,0,fresh_visobert_10875,1
0,0,0,fresh_visobert_08179,1
0,0,0,fresh_visobert_09511,1
0,0,0,fresh_visobert_10747,1
0,0,0,fresh_visobert_07156,1
0,0,0,fresh_visobert_04022,1
1,1,1,fresh_visobert_09387,1
0,0,0,fresh_visobert_02313,1
0,0,0,fresh_visobert_02282,1
0,0,0,fresh_visobert_00143,1
0,0,0,fresh_visobert_11131,1
0,0,0,fresh_visobert_02781,1
1,1,1,fresh_visobert_09804,1
0,0,0,fresh_visobert_02494,1
1,1,1,fresh_visobert_09529,1
0,0,0,fresh_visobert_11450,1
0,0,0,fresh_visobert_00370,1
0,0,0,fresh_visobert_08347,1
1,1,1,fresh_visobert_10647,1
0,0,0,fresh_visobert_01913,1
0,0,0,fresh_visobert_09039,1
0,0,0,fresh_visobert_05611,1
0,0,0,fresh_visobert_10683,1
0,0,0,fresh_visobert_01061,1
0,0,0,fresh_visobert_01744,1
0,0,0,fresh_visobert_03878,1
0,0,0,fresh_visobert_10079,1
0,0,0,fresh_visobert_11812,1
0,0,0,fresh_visobert_01368,1
0,0,0,fresh_visobert_10103,1
0,0,0,fresh_visobert_04136,1
0,0,0,fresh_visobert_04702,1
0,0,0,fresh_visobert_10345,1
0,0,0,fresh_visobert_05188,1
0,0,0,fresh_visobert_10432,1
1,1,1,fresh_visobert_08103,1
0,0,0,fresh_visobert_09722,1
0,0,0,fresh_visobert_04659,1
0,0,0,fresh_visobert_09538,1
0,0,0,fresh_visobert_10147,1
0,0,0,fresh_visobert_03322,1
0,0,0,fresh_visobert_11559,1
0,0,0,fresh_visobert_11457,1
0,0,0,fresh_visobert_00891,1
1,1,1,fresh_visobert_06721,1
0,0,0,fresh_visobert_01752,1
0,0,0,fresh_visobert_11374,1
0,0,0,fresh_visobert_11228,1
0,0,0,fresh_visobert_09882,1
0,0,0,fresh_visobert_11881,1
0,0,0,fresh_visobert_01565,1
0,0,0,fresh_visobert_01981,1
0,0,0,fresh_visobert_07139,1
0,0,0,fresh_visobert_11547,1
1,1,1,fresh_visobert_09613,1
0,0,0,fresh_visobert_10568,1
0,0,0,fresh_visobert_10280,1
0,0,0,fresh_visobert_11756,1
0,0,0,fresh_visobert_08034,1
0,0,0,fresh_visobert_04407,1
0,0,0,fresh_visobert_04827,1
0,0,0,fresh_visobert_09395,1
0,0,0,fresh_visobert_10883,1
0,0,0,fresh_visobert_05380,1
0,0,0,fresh_visobert_09599,1
0,0,0,fresh_visobert_08835,1
0,0,0,fresh_visobert_08248,1
0,0,0,fresh_visobert_03712,1
0,0,0,fresh_visobert_10858,1
0,0,0,fresh_visobert_07985,1
0,0,0,fresh_visobert_06308,1
0,0,0,fresh_visobert_08398,1
1,1,1,fresh_visobert_07627,1
0,0,0,fresh_visobert_01070,1
0,0,0,fresh_visobert_03623,1
0,0,0,fresh_visobert_04632,1
0,0,0,fresh_visobert_03890,1
0,0,0,fresh_visobert_05744,1
0,0,0,fresh_visobert_09251,1
0,0,0,fresh_visobert_11180,1
0,0,0,fresh_visobert_09905,1
0,0,0,fresh_visobert_08423,1
1,1,1,fresh_visobert_09607,1
0,0,0,fresh_visobert_02287,1
0,0,0,fresh_visobert_09740,1
0,0,0,fresh_visobert_11879,1
0,0,0,fresh_visobert_10508,1
0,0,0,fresh_visobert_10416,1
0,0,0,fresh_visobert_06591,1
0,0,0,fresh_visobert_04793,1
0,0,0,fresh_visobert_05951,1
0,0,0,fresh_visobert_08372,1
0,0,0,fresh_visobert_07049,1
0,0,0,fresh_visobert_09747,1
0,0,0,fresh_visobert_07410,1
0,0,0,fresh_visobert_00510,1
0,0,0,fresh_visobert_00898,1
0,0,0,fresh_visobert_09383,1
0,0,0,fresh_visobert_02323,1
0,0,0,fresh_visobert_11071,1
0,0,0,fresh_visobert_07826,1
0,0,0,fresh_visobert_08894,1
0,0,0,fresh_visobert_08829,1
0,0,0,fresh_visobert_10482,1
0,0,0,fresh_visobert_11229,1
0,0,0,fresh_visobert_03589,1
0,0,0,fresh_visobert_03341,1
0,0,0,fresh_visobert_08660,1
0,0,0,fresh_visobert_00730,1
0,0,0,fresh_visobert_00634,1
0,0,0,fresh_visobert_02934,1
0,0,0,fresh_visobert_10094,1
0,0,0,fresh_visobert_08158,1
0,0,0,fresh_visobert_03571,1
0,0,0,fresh_visobert_10349,1
0,0,0,fresh_visobert_10420,1
0,0,0,fresh_visobert_08759,1
0,0,0,fresh_visobert_00368,1
0,0,0,fresh_visobert_06597,1
0,0,0,fresh_visobert_10004,1
0,0,0,fresh_visobert_11386,1
0,0,0,fresh_visobert_04932,1
0,0,0,fresh_visobert_02736,1
0,0,0,fresh_visobert_11384,1
0,0,0,fresh_visobert_08978,1
0,0,0,fresh_visobert_09534,1
1,1,1,fresh_visobert_11012,1
0,0,0,fresh_visobert_07329,1
0,0,0,fresh_visobert_09481,1
0,0,0,fresh_visobert_04890,1
0,0,0,fresh_visobert_08390,1
0,0,0,fresh_visobert_04055,1
0,0,0,fresh_visobert_11721,1
0,0,0,fresh_visobert_00921,1
1,1,1,fresh_visobert_08388,1
0,0,0,fresh_visobert_06680,1
0,0,0,fresh_visobert_07134,1
0,0,0,fresh_visobert_05289,1
0,0,0,fresh_visobert_11630,1
0,0,0,fresh_visobert_01493,1
0,0,0,fresh_visobert_10085,1
0,0,0,fresh_visobert_04678,1
0,0,0,fresh_visobert_05925,1
0,0,0,fresh_visobert_00074,1
0,0,0,fresh_visobert_10599,1
0,0,0,fresh_visobert_11054,1
0,0,0,fresh_visobert_01965,1
0,0,0,fresh_visobert_10549,1
0,0,0,fresh_visobert_02137,1
0,0,0,fresh_visobert_09144,1
0,0,0,fresh_visobert_06887,1
0,0,0,fresh_visobert_11069,1
0,0,0,fresh_visobert_03364,1
0,0,0,fresh_visobert_05868,1
0,0,0,fresh_visobert_11805,1
0,0,0,fresh_visobert_09799,1
0,0,0,fresh_visobert_08153,1
0,0,0,fresh_visobert_11602,1
0,0,0,fresh_visobert_07171,1
0,0,0,fresh_visobert_00141,1
0,0,0,fresh_visobert_05171,1
0,0,0,fresh_visobert_06925,1
0,0,0,fresh_visobert_06679,1
0,0,0,fresh_visobert_02046,1
0,0,0,fresh_visobert_05258,1
0,0,0,fresh_visobert_03960,1
0,0,0,fresh_visobert_04835,1
0,0,0,fresh_visobert_11037,1
0,0,0,fresh_visobert_01278,1
0,0,0,fresh_visobert_02773,1
0,0,0,fresh_visobert_07664,1
0,0,0,fresh_visobert_07916,1
0,0,0,fresh_visobert_04041,1
0,0,0,fresh_visobert_03129,1
1,1,1,fresh_visobert_01411,1
0,0,0,fresh_visobert_09970,1
0,0,0,fresh_visobert_08646,1
0,0,0,fresh_visobert_03075,1
0,0,0,fresh_visobert_02348,1
0,0,0,fresh_visobert_10449,1
0,0,0,fresh_visobert_01549,1
0,0,0,fresh_visobert_08916,1
0,0,0,fresh_visobert_07390,1
0,0,0,fresh_visobert_01339,1
0,0,0,fresh_visobert_07021,1
0,0,0,fresh_visobert_05455,1
0,0,0,fresh_visobert_11917,1
0,0,0,fresh_visobert_01771,1
0,0,0,fresh_visobert_11371,1
0,0,0,fresh_visobert_03592,1
0,0,0,fresh_visobert_08259,1
0,0,0,fresh_visobert_02796,1
0,0,0,fresh_visobert_04361,1
0,0,0,fresh_visobert_10569,1
0,0,0,fresh_visobert_08927,1
0,0,0,fresh_visobert_04013,1
0,0,0,fresh_visobert_11314,1
0,0,0,fresh_visobert_10492,1
0,0,0,fresh_visobert_04654,1
0,0,0,fresh_visobert_08857,1
0,0,0,fresh_visobert_10526,1
1,1,1,fresh_visobert_08772,1
0,0,0,fresh_visobert_10160,1
0,0,0,fresh_visobert_00268,1
0,0,0,fresh_visobert_10064,1
0,0,0,fresh_visobert_00369,1
1,0,1,fresh_visobert_06392,0
0,0,0,fresh_visobert_01382,1
0,0,0,fresh_visobert_03125,1
0,0,0,fresh_visobert_06633,1
0,0,0,fresh_visobert_05218,1
0,0,0,fresh_visobert_02664,1
0,0,0,fresh_visobert_02273,1
0,0,0,fresh_visobert_10628,1
0,0,0,fresh_visobert_01171,1
0,0,0,fresh_visobert_05231,1
0,0,0,fresh_visobert_05448,1
0,0,0,fresh_visobert_04879,1
0,0,0,fresh_visobert_01501,1
0,0,0,fresh_visobert_08931,1
0,0,0,fresh_visobert_09715,1
0,0,0,fresh_visobert_00455,1
0,0,0,fresh_visobert_05544,1
0,0,0,fresh_visobert_10739,1
0,0,0,fresh_visobert_02068,1
0,0,0,fresh_visobert_00437,1
0,0,0,fresh_visobert_10104,1
0,0,0,fresh_visobert_04331,1
0,0,0,fresh_visobert_11767,1
0,0,0,fresh_visobert_11056,1
0,0,0,fresh_visobert_08051,1
0,0,0,fresh_visobert_04070,1
0,0,0,fresh_visobert_03156,1
0,0,0,fresh_visobert_00755,1
0,0,0,fresh_visobert_00249,1
0,0,0,fresh_visobert_07794,1
0,0,0,fresh_visobert_11910,1
0,0,0,fresh_visobert_08853,1
0,0,0,fresh_visobert_07717,1
0,0,0,fresh_visobert_08187,1
0,0,0,fresh_visobert_03494,1
0,0,0,fresh_visobert_08619,1
0,0,0,fresh_visobert_11704,1
0,0,0,fresh_visobert_01136,1
0,0,0,fresh_visobert_05247,1
0,0,0,fresh_visobert_09978,1
1,1,1,fresh_visobert_00534,1
0,0,0,fresh_visobert_02417,1
0,0,0,fresh_visobert_08243,1
0,0,0,fresh_visobert_06658,1
0,0,0,fresh_visobert_00050,1
0,0,0,fresh_visobert_03257,1
0,0,0,fresh_visobert_07721,1
0,0,0,fresh_visobert_06739,1
0,0,0,fresh_visobert_07682,1
1,1,1,fresh_visobert_06136,1
0,0,0,fresh_visobert_00452,1
0,0,0,fresh_visobert_06008,1
0,0,0,fresh_visobert_05867,1
0,0,0,fresh_visobert_03385,1
0,0,0,fresh_visobert_05561,1
0,0,0,fresh_visobert_09037,1
0,0,0,fresh_visobert_03492,1
1,1,1,fresh_visobert_06249,1
0,0,0,fresh_visobert_08126,1
0,0,0,fresh_visobert_06345,1
0,0,0,fresh_visobert_06224,1
0,0,0,fresh_visobert_01143,1
0,0,0,fresh_visobert_07993,1
0,0,0,fresh_visobert_05641,1
1,1,1,fresh_visobert_06988,1
0,0,0,fresh_visobert_03620,1
0,0,0,fresh_visobert_10708,1
0,0,0,fresh_visobert_01590,1
0,0,0,fresh_visobert_09117,1
0,0,0,fresh_visobert_10178,1
1,1,1,fresh_visobert_11085,1
0,0,0,fresh_visobert_05622,1
0,0,0,fresh_visobert_10128,1
0,0,0,fresh_visobert_02523,1
0,0,0,fresh_visobert_00264,1
0,0,0,fresh_visobert_10426,1
0,0,0,fresh_visobert_02944,1
1,1,1,fresh_visobert_08262,1
0,0,0,fresh_visobert_04333,1
0,0,0,fresh_visobert_03526,1
0,0,0,fresh_visobert_06045,1
0,0,0,fresh_visobert_10870,1
0,0,0,fresh_visobert_06783,1
0,0,0,fresh_visobert_03858,1
0,0,0,fresh_visobert_11919,1
0,0,0,fresh_visobert_10232,1
0,0,0,fresh_visobert_11803,1
0,0,0,fresh_visobert_09712,1
0,0,0,fresh_visobert_06616,1
0,0,0,fresh_visobert_09962,1
0,0,0,fresh_visobert_07467,1
0,0,0,fresh_visobert_09765,1
0,0,0,fresh_visobert_06529,1
0,0,0,fresh_visobert_03391,1
0,0,0,fresh_visobert_00990,1
0,0,0,fresh_visobert_00884,1
0,0,0,fresh_visobert_05459,1
0,0,0,fresh_visobert_09082,1
0,0,0,fresh_visobert_05034,1
0,0,0,fresh_visobert_07925,1
0,0,0,fresh_visobert_04709,1
0,0,0,fresh_visobert_02199,1
0,0,0,fresh_visobert_07498,1
0,0,0,fresh_visobert_04107,1
0,0,0,fresh_visobert_02750,1
0,0,0,fresh_visobert_05399,1
0,0,0,fresh_visobert_08714,1
1,1,1,fresh_visobert_10286,1
0,0,0,fresh_visobert_08808,1
0,0,0,fresh_visobert_00524,1
0,0,0,fresh_visobert_11455,1
0,0,0,fresh_visobert_04570,1
0,0,0,fresh_visobert_11628,1
0,0,0,fresh_visobert_05916,1
0,0,0,fresh_visobert_03005,1
0,0,0,fresh_visobert_05337,1
0,0,0,fresh_visobert_08164,1
0,0,0,fresh_visobert_07888,1
0,0,0,fresh_visobert_03252,1
0,0,0,fresh_visobert_04924,1
0,0,0,fresh_visobert_02419,1
0,0,0,fresh_visobert_09337,1
0,0,0,fresh_visobert_03730,1
0,0,0,fresh_visobert_00609,1
0,0,0,fresh_visobert_01840,1
0,0,0,fresh_visobert_09900,1
0,0,0,fresh_visobert_09125,1
0,0,0,fresh_visobert_10502,1
0,0,0,fresh_visobert_06459,1
0,0,0,fresh_visobert_10838,1
0,0,0,fresh_visobert_00055,1
0,0,0,fresh_visobert_03999,1
0,0,0,fresh_visobert_06975,1
0,0,0,fresh_visobert_00774,1
0,0,0,fresh_visobert_03434,1
0,0,0,fresh_visobert_03076,1
0,0,0,fresh_visobert_06441,1
0,0,0,fresh_visobert_08365,1
0,0,0,fresh_visobert_03201,1
0,0,0,fresh_visobert_02761,1
0,0,0,fresh_visobert_04359,1
0,0,0,fresh_visobert_08196,1
0,0,0,fresh_visobert_04565,1
0,0,0,fresh_visobert_08737,1
0,0,0,fresh_visobert_10015,1
0,0,0,fresh_visobert_05374,1
0,0,0,fresh_visobert_03775,1
0,0,0,fresh_visobert_01921,1
0,0,0,fresh_visobert_06253,1
0,0,0,fresh_visobert_01886,1
0,0,0,fresh_visobert_10723,1
0,0,0,fresh_visobert_01134,1
0,0,0,fresh_visobert_04498,1
0,0,0,fresh_visobert_07745,1
0,0,0,fresh_visobert_05493,1
0,0,0,fresh_visobert_06685,1
0,0,0,fresh_visobert_01303,1
0,0,0,fresh_visobert_01813,1
0,0,0,fresh_visobert_01724,1
0,0,0,fresh_visobert_09944,1
1,1,1,fresh_visobert_09507,1
0,0,0,fresh_visobert_05252,1
0,0,0,fresh_visobert_02211,1
0,0,0,fresh_visobert_02261,1
0,0,0,fresh_visobert_07086,1
0,0,0,fresh_visobert_11380,1
0,0,0,fresh_visobert_10485,1
0,0,0,fresh_visobert_04912,1
0,0,0,fresh_visobert_06824,1
0,0,0,fresh_visobert_03733,1
0,0,0,fresh_visobert_06088,1
0,0,0,fresh_visobert_03226,1
0,0,0,fresh_visobert_11753,1
0,0,0,fresh_visobert_06789,1
0,0,0,fresh_visobert_01486,1
0,0,0,fresh_visobert_10006,1
0,0,0,fresh_visobert_03979,1
0,0,0,fresh_visobert_05881,1
0,0,0,fresh_visobert_08600,1
0,0,0,fresh_visobert_06914,1
0,0,0,fresh_visobert_05726,1
0,0,0,fresh_visobert_11014,1
0,0,0,fresh_visobert_05365,1
0,0,0,fresh_visobert_04320,1
0,0,0,fresh_visobert_07964,1
0,0,0,fresh_visobert_08251,1
0,0,0,fresh_visobert_01777,1
0,0,0,fresh_visobert_03617,1
0,0,0,fresh_visobert_09072,1
0,0,0,fresh_visobert_08252,1
0,0,0,fresh_visobert_01797,1
0,0,0,fresh_visobert_02085,1
0,0,0,fresh_visobert_04871,1
0,0,0,fresh_visobert_02071,1
0,0,0,fresh_visobert_09688,1
0,0,0,fresh_visobert_04820,1
0,0,0,fresh_visobert_00285,1
0,0,0,fresh_visobert_07525,1
1,0,1,fresh_visobert_11642,0
0,0,0,fresh_visobert_07680,1
1,1,1,fresh_visobert_00204,1
0,0,0,fresh_visobert_06933,1
0,0,0,fresh_visobert_05320,1
0,0,0,fresh_visobert_02104,1
0,0,0,fresh_visobert_08581,1
1,1,1,fresh_visobert_08069,1
0,0,0,fresh_visobert_10023,1
0,0,0,fresh_visobert_11345,1
0,0,0,fresh_visobert_00179,1
0,0,0,fresh_visobert_01450,1
0,0,0,fresh_visobert_06917,1
0,0,0,fresh_visobert_06422,1
0,0,0,fresh_visobert_08191,1
0,0,0,fresh_visobert_11986,1
1,1,1,fresh_visobert_06232,1
0,0,0,fresh_visobert_04004,1
0,0,0,fresh_visobert_03536,1
0,0,0,fresh_visobert_09418,1
0,0,0,fresh_visobert_09313,1
0,0,0,fresh_visobert_10626,1
0,0,0,fresh_visobert_00183,1
0,0,0,fresh_visobert_06801,1
0,0,0,fresh_visobert_02755,1
0,0,0,fresh_visobert_03327,1
0,0,0,fresh_visobert_09420,1
0,0,0,fresh_visobert_04547,1
0,0,0,fresh_visobert_03109,1
0,0,0,fresh_visobert_07396,1
0,0,0,fresh_visobert_09677,1
0,0,0,fresh_visobert_07817,1
0,0,0,fresh_visobert_11784,1
0,0,0,fresh_visobert_07636,1
0,0,0,fresh_visobert_11789,1
1,1,1,fresh_visobert_10308,1
0,0,0,fresh_visobert_01425,1
0,0,0,fresh_visobert_07406,1
0,0,0,fresh_visobert_11044,1
0,0,0,fresh_visobert_05628,1
0,0,0,fresh_visobert_02897,1
0,0,0,fresh_visobert_04268,1
0,0,0,fresh_visobert_07707,1
0,0,0,fresh_visobert_09950,1
0,0,0,fresh_visobert_01851,1
0,0,0,fresh_visobert_03381,1
0,0,0,fresh_visobert_02592,1
0,0,0,fresh_visobert_04319,1
0,0,0,fresh_visobert_00539,1
0,0,0,fresh_visobert_10127,1
0,0,0,fresh_visobert_00222,1
0,0,0,fresh_visobert_06722,1
0,0,0,fresh_visobert_04884,1
0,0,0,fresh_visobert_11823,1
0,0,0,fresh_visobert_08904,1
0,0,0,fresh_visobert_06378,1
0,0,0,fresh_visobert_07056,1
0,0,0,fresh_visobert_07516,1
0,0,0,fresh_visobert_08947,1
0,0,0,fresh_visobert_05017,1
0,0,0,fresh_visobert_06110,1
0,0,0,fresh_visobert_07065,1
0,0,0,fresh_visobert_02921,1
0,0,0,fresh_visobert_03230,1
0,0,0,fresh_visobert_06292,1
0,0,0,fresh_visobert_10194,1
0,0,0,fresh_visobert_03552,1
0,0,0,fresh_visobert_07296,1
1,1,1,fresh_visobert_08945,1
0,0,0,fresh_visobert_00063,1
1,1,1,fresh_visobert_07183,1
0,0,0,fresh_visobert_08800,1
0,0,0,fresh_visobert_04691,1
0,0,0,fresh_visobert_03004,1
0,0,0,fresh_visobert_08106,1
0,0,0,fresh_visobert_00749,1
0,0,0,fresh_visobert_10520,1
0,0,0,fresh_visobert_02005,1
0,0,0,fresh_visobert_09119,1
0,0,0,fresh_visobert_00131,1
0,0,0,fresh_visobert_06239,1
0,0,0,fresh_visobert_08282,1
0,0,0,fresh_visobert_03141,1
0,0,0,fresh_visobert_02078,1
0,0,0,fresh_visobert_10844,1
0,0,0,fresh_visobert_01015,1
0,0,0,fresh_visobert_06104,1
0,0,0,fresh_visobert_00007,1
0,0,0,fresh_visobert_04604,1
1,0,1,fresh_visobert_05911,0
0,0,0,fresh_visobert_05928,1
0,0,0,fresh_visobert_10987,1
0,0,0,fresh_visobert_00737,1
0,0,0,fresh_visobert_06031,1
0,0,0,fresh_visobert_03305,1
0,0,0,fresh_visobert_03204,1
0,0,0,fresh_visobert_08989,1
0,0,0,fresh_visobert_09859,1
0,0,0,fresh_visobert_06805,1
1,1,1,fresh_visobert_02742,1
0,0,0,fresh_visobert_10273,1
0,0,0,fresh_visobert_06072,1
0,0,0,fresh_visobert_09061,1
0,0,0,fresh_visobert_07611,1
0,0,0,fresh_visobert_09828,1
0,0,0,fresh_visobert_02119,1
0,0,0,fresh_visobert_11351,1
0,0,0,fresh_visobert_08221,1
0,0,0,fresh_visobert_08461,1
0,0,0,fresh_visobert_03275,1
0,0,0,fresh_visobert_05362,1
0,0,0,fresh_visobert_00295,1
0,0,0,fresh_visobert_05259,1
0,0,0,fresh_visobert_08790,1
0,0,0,fresh_visobert_08699,1
0,0,0,fresh_visobert_03901,1
0,0,0,fresh_visobert_06080,1
0,0,0,fresh_visobert_08905,1
0,0,0,fresh_visobert_07891,1
0,0,0,fresh_visobert_05451,1
0,0,0,fresh_visobert_03087,1
0,0,0,fresh_visobert_01083,1
0,0,0,fresh_visobert_06740,1
0,0,0,fresh_visobert_05539,1
0,0,0,fresh_visobert_00066,1
0,0,0,fresh_visobert_08233,1
0,0,0,fresh_visobert_07711,1
1,1,1,fresh_visobert_07978,1
0,0,0,fresh_visobert_11137,1
0,0,0,fresh_visobert_00871,1
0,0,0,fresh_visobert_09354,1
1,1,1,fresh_visobert_07690,1
0,0,0,fresh_visobert_11211,1
0,0,0,fresh_visobert_04848,1
0,0,0,fresh_visobert_03957,1
0,0,0,fresh_visobert_00904,1
0,0,0,fresh_visobert_08418,1
0,0,0,fresh_visobert_09652,1
0,0,0,fresh_visobert_05525,1
0,0,0,fresh_visobert_11700,1
0,0,0,fresh_visobert_09698,1
0,0,0,fresh_visobert_08404,1
0,0,0,fresh_visobert_00555,1
0,0,0,fresh_visobert_05425,1
0,0,0,fresh_visobert_02079,1
0,0,0,fresh_visobert_03889,1
0,0,0,fresh_visobert_07309,1
0,0,0,fresh_visobert_04601,1
0,0,0,fresh_visobert_07895,1
0,0,0,fresh_visobert_05940,1
0,0,0,fresh_visobert_00003,1
0,0,0,fresh_visobert_03612,1
0,0,0,fresh_visobert_09250,1
0,0,0,fresh_visobert_09903,1
0,0,0,fresh_visobert_06569,1
0,0,0,fresh_visobert_10750,1
0,0,0,fresh_visobert_06833,1
0,0,0,fresh_visobert_10517,1
0,0,0,fresh_visobert_02749,1
0,0,0,fresh_visobert_04326,1
0,0,0,fresh_visobert_03324,1
0,0,0,fresh_visobert_05800,1
0,0,0,fresh_visobert_07697,1
0,0,0,fresh_visobert_02719,1
0,0,0,fresh_visobert_05503,1
0,0,0,fresh_visobert_04812,1
0,0,0,fresh_visobert_08679,1
1,1,1,fresh_visobert_00068,1
0,0,0,fresh_visobert_10890,1
0,0,0,fresh_visobert_01698,1
0,0,0,fresh_visobert_04205,1
0,0,0,fresh_visobert_06000,1
0,0,0,fresh_visobert_01735,1
0,0,0,fresh_visobert_04034,1
1,1,1,fresh_visobert_10597,1
0,0,0,fresh_visobert_08261,1
1,1,1,fresh_visobert_07747,1
0,0,0,fresh_visobert_00812,1
0,0,0,fresh_visobert_00410,1
0,0,0,fresh_visobert_09452,1
0,0,0,fresh_visobert_07118,1
0,0,0,fresh_visobert_09925,1
0,0,0,fresh_visobert_08435,1
0,0,0,fresh_visobert_01517,1
0,0,0,fresh_visobert_01714,1
0,0,0,fresh_visobert_08368,1
0,0,0,fresh_visobert_02435,1
0,0,0,fresh_visobert_06393,1
0,0,0,fresh_visobert_05360,1
0,0,0,fresh_visobert_06786,1
0,0,0,fresh_visobert_04765,1
0,0,0,fresh_visobert_08504,1
0,0,0,fresh_visobert_05319,1
0,0,0,fresh_visobert_04308,1
0,0,0,fresh_visobert_08090,1
0,0,0,fresh_visobert_02431,1
0,0,0,fresh_visobert_07045,1
0,0,0,fresh_visobert_05445,1
0,0,0,fresh_visobert_03634,1
0,0,0,fresh_visobert_07583,1
0,0,0,fresh_visobert_06128,1
0,0,0,fresh_visobert_01676,1
0,0,0,fresh_visobert_04131,1
0,0,0,fresh_visobert_02577,1
0,0,0,fresh_visobert_02777,1
0,0,0,fresh_visobert_04249,1
0,0,0,fresh_visobert_03051,1
0,0,0,fresh_visobert_09472,1
0,0,0,fresh_visobert_01727,1
0,0,0,fresh_visobert_04465,1
0,0,0,fresh_visobert_09919,1
0,0,0,fresh_visobert_09550,1
0,0,0,fresh_visobert_07739,1
0,0,0,fresh_visobert_11176,1
0,0,0,fresh_visobert_11487,1
0,0,0,fresh_visobert_03984,1
0,0,0,fresh_visobert_03268,1
1,1,1,fresh_visobert_10342,1
0,0,0,fresh_visobert_09899,1
0,0,0,fresh_visobert_02295,1
0,0,0,fresh_visobert_04117,1
0,0,0,fresh_visobert_08976,1
0,0,0,fresh_visobert_06543,1
0,0,0,fresh_visobert_02718,1
1,1,1,fresh_visobert_07315,1
0,0,0,fresh_visobert_03970,1
0,0,0,fresh_visobert_09063,1
0,0,0,fresh_visobert_08717,1
0,0,0,fresh_visobert_06859,1
0,0,0,fresh_visobert_02916,1
0,0,0,fresh_visobert_04067,1
0,0,0,fresh_visobert_05721,1
0,0,0,fresh_visobert_08111,1
0,0,0,fresh_visobert_08310,1
0,0,0,fresh_visobert_07947,1
0,0,0,fresh_visobert_02800,1
0,0,0,fresh_visobert_05662,1
0,0,0,fresh_visobert_07177,1
0,0,0,fresh_visobert_05015,1
0,0,0,fresh_visobert_11588,1
0,0,0,fresh_visobert_01057,1
0,0,0,fresh_visobert_01529,1
0,0,0,fresh_visobert_07733,1
0,0,0,fresh_visobert_04104,1
0,0,0,fresh_visobert_05840,1
0,0,0,fresh_visobert_10564,1
0,0,0,fresh_visobert_02510,1
0,0,0,fresh_visobert_08175,1
0,0,0,fresh_visobert_03412,1
0,0,0,fresh_visobert_09560,1
0,0,0,fresh_visobert_04990,1
0,0,0,fresh_visobert_03435,1
0,0,0,fresh_visobert_02748,1
0,0,0,fresh_visobert_04881,1
0,0,0,fresh_visobert_03569,1
0,0,0,fresh_visobert_01326,1
0,0,0,fresh_visobert_00259,1
0,0,0,fresh_visobert_07120,1
1,1,1,fresh_visobert_01563,1
0,0,0,fresh_visobert_03785,1
0,0,0,fresh_visobert_10387,1
0,0,0,fresh_visobert_02795,1
0,0,0,fresh_visobert_07288,1
0,0,0,fresh_visobert_02269,1
0,0,0,fresh_visobert_01242,1
0,0,0,fresh_visobert_06795,1
1,1,1,fresh_visobert_02325,1
0,0,0,fresh_visobert_02779,1
1,1,1,fresh_visobert_01101,1
0,0,0,fresh_visobert_07536,1
0,0,0,fresh_visobert_09989,1
0,0,0,fresh_visobert_00604,1
0,0,0,fresh_visobert_00060,1
0,0,0,fresh_visobert_02740,1
0,0,0,fresh_visobert_09874,1
0,0,0,fresh_visobert_06327,1
1,1,1,fresh_visobert_07713,1
0,0,0,fresh_visobert_01701,1
0,0,0,fresh_visobert_05246,1
0,0,0,fresh_visobert_03086,1
0,0,0,fresh_visobert_08141,1
0,0,0,fresh_visobert_06146,1
0,0,0,fresh_visobert_02545,1
0,0,0,fresh_visobert_04680,1
0,0,0,fresh_visobert_01377,1
0,0,0,fresh_visobert_06632,1
0,0,0,fresh_visobert_01870,1
0,0,0,fresh_visobert_00173,1
0,0,0,fresh_visobert_05999,1
0,0,0,fresh_visobert_10359,1
0,0,0,fresh_visobert_02354,1
0,0,0,fresh_visobert_01365,1
0,0,0,fresh_visobert_04840,1
1,1,1,fresh_visobert_11284,1
0,0,0,fresh_visobert_07741,1
0,0,0,fresh_visobert_09157,1
0,0,0,fresh_visobert_02654,1
0,0,0,fresh_visobert_09753,1
0,0,0,fresh_visobert_05091,1
0,0,0,fresh_visobert_06701,1
1,1,1,fresh_visobert_08650,1
0,0,0,fresh_visobert_09238,1
0,0,0,fresh_visobert_11156,1
0,0,0,fresh_visobert_05383,1
0,0,0,fresh_visobert_10080,1
0,0,0,fresh_visobert_00418,1
0,0,0,fresh_visobert_01872,1
0,0,0,fresh_visobert_05977,1
0,0,0,fresh_visobert_05075,1
0,0,0,fresh_visobert_02251,1
0,0,0,fresh_visobert_00966,1
0,0,0,fresh_visobert_06096,1
0,0,0,fresh_visobert_03641,1
0,0,0,fresh_visobert_03924,1
0,0,0,fresh_visobert_10830,1
0,0,0,fresh_visobert_00652,1
0,0,0,fresh_visobert_03368,1
0,0,0,fresh_visobert_07504,1
0,0,0,fresh_visobert_00763,1
0,0,0,fresh_visobert_04208,1
0,0,0,fresh_visobert_00475,1
0,0,0,fresh_visobert_04360,1
0,0,0,fresh_visobert_00272,1
0,0,0,fresh_visobert_02152,1
0,0,0,fresh_visobert_10625,1
0,0,0,fresh_visobert_07063,1
0,0,0,fresh_visobert_11809,1
0,0,0,fresh_visobert_11300,1
0,0,0,fresh_visobert_03490,1
0,0,0,fresh_visobert_09249,1
0,0,0,fresh_visobert_09842,1
0,0,0,fresh_visobert_08746,1
0,0,0,fresh_visobert_04210,1
0,0,0,fresh_visobert_09551,1
0,0,0,fresh_visobert_07342,1
0,0,0,fresh_visobert_05943,1
1,1,1,fresh_visobert_11237,1
0,0,0,fresh_visobert_04578,1
0,0,0,fresh_visobert_03930,1
0,0,0,fresh_visobert_05597,1
0,0,0,fresh_visobert_10284,1
0,0,0,fresh_visobert_09929,1
0,0,0,fresh_visobert_02691,1
0,0,0,fresh_visobert_00861,1
0,0,0,fresh_visobert_09643,1
1,1,1,fresh_visobert_09704,1
0,0,0,fresh_visobert_08992,1
0,0,0,fresh_visobert_06853,1
0,0,0,fresh_visobert_07520,1
0,0,0,fresh_visobert_01644,1
0,0,0,fresh_visobert_05211,1
0,0,0,fresh_visobert_07075,1
0,0,0,fresh_visobert_10581,1
0,0,0,fresh_visobert_09458,1
0,0,0,fresh_visobert_01857,1
1,1,1,fresh_visobert_07905,1
0,0,0,fresh_visobert_07415,1
0,0,0,fresh_visobert_04757,1
0,0,0,fresh_visobert_09246,1
0,0,0,fresh_visobert_07040,1
0,0,0,fresh_visobert_07238,1
0,0,0,fresh_visobert_02733,1
0,0,0,fresh_visobert_07333,1
0,0,0,fresh_visobert_08285,1
0,0,0,fresh_visobert_04394,1
0,0,0,fresh_visobert_03014,1
0,0,0,fresh_visobert_05382,1
0,0,0,fresh_visobert_00424,1
1,1,1,fresh_visobert_11412,1
0,0,0,fresh_visobert_10303,1
0,0,0,fresh_visobert_03429,1
0,0,0,fresh_visobert_06436,1
0,0,0,fresh_visobert_01849,1
0,0,0,fresh_visobert_07223,1
0,0,0,fresh_visobert_03873,1
0,0,0,fresh_visobert_05900,1
0,0,0,fresh_visobert_09580,1
0,0,0,fresh_visobert_04911,1
0,0,0,fresh_visobert_10399,1
0,0,0,fresh_visobert_01301,1
0,0,0,fresh_visobert_05988,1
0,0,0,fresh_visobert_07920,1
0,0,0,fresh_visobert_03320,1
0,0,0,fresh_visobert_11430,1
0,0,0,fresh_visobert_11600,1
0,0,0,fresh_visobert_07718,1
0,0,0,fresh_visobert_07138,1
0,0,0,fresh_visobert_11865,1
0,0,0,fresh_visobert_07677,1
0,0,0,fresh_visobert_02315,1
0,0,0,fresh_visobert_03936,1
0,0,0,fresh_visobert_02938,1
0,0,0,fresh_visobert_08309,1
1,1,1,fresh_visobert_06235,1
0,0,0,fresh_visobert_10025,1
0,0,0,fresh_visobert_10753,1
0,0,0,fresh_visobert_04761,1
0,0,0,fresh_visobert_02006,1
0,0,0,fresh_visobert_02459,1
0,0,0,fresh_visobert_01859,1
0,0,0,fresh_visobert_10689,1
0,0,0,fresh_visobert_01818,1
0,0,0,fresh_visobert_10913,1
0,0,0,fresh_visobert_09552,1
0,0,0,fresh_visobert_07513,1
0,0,0,fresh_visobert_04043,1
1,1,1,fresh_visobert_05883,1
0,0,0,fresh_visobert_01637,1
0,0,0,fresh_visobert_02536,1
0,0,0,fresh_visobert_10475,1
1,1,1,fresh_visobert_11035,1
0,0,0,fresh_visobert_06204,1
0,0,0,fresh_visobert_08572,1
0,0,0,fresh_visobert_06073,1
0,0,0,fresh_visobert_06412,1
0,0,0,fresh_visobert_09243,1
0,0,0,fresh_visobert_04975,1
0,0,0,fresh_visobert_02080,1
1,1,1,fresh_visobert_07806,1
0,0,0,fresh_visobert_08801,1
0,0,0,fresh_visobert_04976,1
0,0,0,fresh_visobert_00799,1
0,0,0,fresh_visobert_05515,1
0,0,0,fresh_visobert_10741,1
0,0,0,fresh_visobert_04007,1
0,0,0,fresh_visobert_00779,1
0,0,0,fresh_visobert_11322,1
0,0,0,fresh_visobert_05014,1
0,0,0,fresh_visobert_09487,1
0,0,0,fresh_visobert_02121,1
0,0,0,fresh_visobert_03250,1
0,0,0,fresh_visobert_11511,1
0,0,0,fresh_visobert_11624,1
0,0,0,fresh_visobert_02477,1
0,0,0,fresh_visobert_08866,1
0,0,0,fresh_visobert_07740,1
0,0,0,fresh_visobert_01391,1
0,0,0,fresh_visobert_01720,1
0,0,0,fresh_visobert_11705,1
0,0,0,fresh_visobert_01462,1
0,0,0,fresh_visobert_11533,1
0,0,0,fresh_visobert_10681,1
0,0,0,fresh_visobert_06690,1
0,0,0,fresh_visobert_04660,1
0,0,0,fresh_visobert_05033,1
0,0,0,fresh_visobert_11410,1
0,0,0,fresh_visobert_02827,1
0,0,0,fresh_visobert_05735,1
0,0,0,fresh_visobert_05485,1
0,0,0,fresh_visobert_10034,1
0,0,0,fresh_visobert_10842,1
0,0,0,fresh_visobert_10132,1
0,0,0,fresh_visobert_08617,1
0,0,0,fresh_visobert_08464,1
0,0,0,fresh_visobert_10850,1
0,0,0,fresh_visobert_07567,1
1,1,1,fresh_visobert_09690,1
0,0,0,fresh_visobert_02379,1
0,0,0,fresh_visobert_03403,1
0,0,0,fresh_visobert_05203,1
0,0,0,fresh_visobert_07873,1
0,0,0,fresh_visobert_00623,1
0,0,0,fresh_visobert_00314,1
0,0,0,fresh_visobert_10806,1
1,1,1,fresh_visobert_02166,1
0,0,0,fresh_visobert_10222,1
0,0,0,fresh_visobert_06611,1
0,0,0,fresh_visobert_07831,1
0,0,0,fresh_visobert_08763,1
0,0,0,fresh_visobert_01280,1
0,0,0,fresh_visobert_11424,1
0,0,0,fresh_visobert_04312,1
0,0,0,fresh_visobert_00052,1
0,0,0,fresh_visobert_08495,1
0,0,0,fresh_visobert_00301,1
0,0,0,fresh_visobert_09312,1
0,0,0,fresh_visobert_08860,1
0,0,0,fresh_visobert_07600,1
0,0,0,fresh_visobert_10864,1
0,0,0,fresh_visobert_07765,1
0,0,0,fresh_visobert_04300,1
0,0,0,fresh_visobert_07189,1
0,0,0,fresh_visobert_00166,1
1,1,1,fresh_visobert_09733,1
0,0,0,fresh_visobert_06140,1
0,0,0,fresh_visobert_07959,1
0,0,0,fresh_visobert_04545,1
0,0,0,fresh_visobert_03545,1
0,0,0,fresh_visobert_08954,1
0,0,0,fresh_visobert_05743,1
0,0,0,fresh_visobert_11234,1
0,0,0,fresh_visobert_08270,1
0,0,0,fresh_visobert_04506,1
0,0,0,fresh_visobert_10044,1
0,0,0,fresh_visobert_07495,1
0,0,0,fresh_visobert_06247,1
0,0,0,fresh_visobert_03559,1
0,0,0,fresh_visobert_01933,1
0,0,0,fresh_visobert_11820,1
1,1,1,fresh_visobert_06337,1
0,0,0,fresh_visobert_11480,1
0,0,0,fresh_visobert_02161,1
0,0,0,fresh_visobert_09252,1
0,0,0,fresh_visobert_00113,1
0,0,0,fresh_visobert_09154,1
0,0,0,fresh_visobert_02074,1
0,0,0,fresh_visobert_08830,1
0,0,0,fresh_visobert_01327,1
0,0,0,fresh_visobert_00518,1
0,0,0,fresh_visobert_05348,1
0,0,0,fresh_visobert_07657,1
0,0,0,fresh_visobert_10167,1
0,0,0,fresh_visobert_08101,1
0,0,0,fresh_visobert_01629,1
0,0,0,fresh_visobert_01852,1
0,0,0,fresh_visobert_11124,1
0,0,0,fresh_visobert_01516,1
0,0,0,fresh_visobert_06704,1
0,0,0,fresh_visobert_01948,1
0,0,0,fresh_visobert_07422,1
0,0,0,fresh_visobert_08151,1
0,0,0,fresh_visobert_06305,1
0,0,0,fresh_visobert_06203,1
0,0,0,fresh_visobert_11278,1
0,0,0,fresh_visobert_03484,1
0,0,0,fresh_visobert_11372,1
0,0,0,fresh_visobert_07165,1
0,0,0,fresh_visobert_03920,1
0,0,0,fresh_visobert_04109,1
0,0,0,fresh_visobert_06684,1
0,0,0,fresh_visobert_02828,1
0,0,0,fresh_visobert_04515,1
0,0,0,fresh_visobert_02271,1
0,0,0,fresh_visobert_03317,1
0,0,0,fresh_visobert_00174,1
0,0,0,fresh_visobert_01892,1
0,0,0,fresh_visobert_05762,1
0,0,0,fresh_visobert_08225,1
0,0,0,fresh_visobert_10927,1
0,0,0,fresh_visobert_00671,1
0,0,0,fresh_visobert_06167,1
0,0,0,fresh_visobert_00375,1
0,0,0,fresh_visobert_09135,1
0,0,0,fresh_visobert_10866,1
0,0,0,fresh_visobert_00847,1
0,0,0,fresh_visobert_03325,1
0,0,0,fresh_visobert_05272,1
0,0,0,fresh_visobert_09242,1
0,0,0,fresh_visobert_05475,1
0,0,0,fresh_visobert_10678,1
0,0,0,fresh_visobert_02400,1
0,0,0,fresh_visobert_08374,1
0,0,0,fresh_visobert_08217,1
0,0,0,fresh_visobert_10537,1
0,0,0,fresh_visobert_02420,1
0,0,0,fresh_visobert_01515,1
0,0,0,fresh_visobert_03562,1
0,0,0,fresh_visobert_07312,1
1,1,1,fresh_visobert_08050,1
0,0,0,fresh_visobert_03821,1
0,0,0,fresh_visobert_01345,1
0,0,0,fresh_visobert_06471,1
0,0,0,fresh_visobert_04867,1
0,0,0,fresh_visobert_03867,1
0,0,0,fresh_visobert_06969,1
0,0,0,fresh_visobert_10469,1
0,0,0,fresh_visobert_03652,1
0,0,0,fresh_visobert_07000,1
0,0,0,fresh_visobert_09738,1
0,0,0,fresh_visobert_06754,1
0,0,0,fresh_visobert_03533,1
0,0,0,fresh_visobert_10780,1
0,0,0,fresh_visobert_04759,1
0,0,0,fresh_visobert_03115,1
0,0,0,fresh_visobert_06929,1
0,0,0,fresh_visobert_07024,1
0,0,0,fresh_visobert_09489,1
0,0,0,fresh_visobert_02399,1
0,0,0,fresh_visobert_04447,1
0,0,0,fresh_visobert_00155,1
1,1,1,fresh_visobert_07363,1
0,0,0,fresh_visobert_05267,1
1,1,1,fresh_visobert_07473,1
0,0,0,fresh_visobert_02272,1
0,0,0,fresh_visobert_11481,1
0,0,0,fresh_visobert_07135,1
0,0,0,fresh_visobert_04970,1
0,0,0,fresh_visobert_07262,1
0,0,0,fresh_visobert_07098,1
0,0,0,fresh_visobert_08806,1
0,0,0,fresh_visobert_09021,1
0,0,0,fresh_visobert_02363,1
0,0,0,fresh_visobert_03937,1
0,0,0,fresh_visobert_01056,1
0,0,0,fresh_visobert_05960,1
0,0,0,fresh_visobert_02876,1
0,0,0,fresh_visobert_08238,1
0,0,0,fresh_visobert_08818,1
0,0,0,fresh_visobert_08160,1
0,0,0,fresh_visobert_05793,1
0,0,0,fresh_visobert_05692,1
0,0,0,fresh_visobert_00352,1
0,0,0,fresh_visobert_11875,1
0,0,0,fresh_visobert_00463,1
0,0,0,fresh_visobert_00458,1
0,0,0,fresh_visobert_05625,1
1,1,1,fresh_visobert_07734,1
0,0,0,fresh_visobert_04279,1
0,0,0,fresh_visobert_09423,1
0,0,0,fresh_visobert_10205,1
0,0,0,fresh_visobert_00012,1
0,0,0,fresh_visobert_10538,1
0,0,0,fresh_visobert_10465,1
0,0,0,fresh_visobert_06686,1
1,1,1,fresh_visobert_06316,1
0,0,0,fresh_visobert_09960,1
0,0,0,fresh_visobert_00665,1
0,0,0,fresh_visobert_02372,1
0,0,0,fresh_visobert_06160,1
0,0,0,fresh_visobert_04162,1
0,0,0,fresh_visobert_11101,1
0,0,0,fresh_visobert_11216,1
0,0,0,fresh_visobert_09614,1
0,0,0,fresh_visobert_06432,1
0,0,0,fresh_visobert_04955,1
0,0,0,fresh_visobert_10811,1
0,0,0,fresh_visobert_05984,1
0,0,0,fresh_visobert_06334,1
0,0,0,fresh_visobert_07150,1
0,0,0,fresh_visobert_04494,1
0,0,0,fresh_visobert_01438,1
0,0,0,fresh_visobert_09938,1
0,0,0,fresh_visobert_07202,1
0,0,0,fresh_visobert_03159,1
0,0,0,fresh_visobert_04940,1
0,0,0,fresh_visobert_09703,1
0,0,0,fresh_visobert_08942,1
0,0,0,fresh_visobert_02945,1
0,0,0,fresh_visobert_05297,1
0,0,0,fresh_visobert_07637,1
0,0,0,fresh_visobert_01012,1
0,0,0,fresh_visobert_10195,1
0,0,0,fresh_visobert_10787,1
0,0,0,fresh_visobert_01279,1
0,0,0,fresh_visobert_05285,1
0,0,0,fresh_visobert_09853,1
0,0,0,fresh_visobert_11281,1
0,0,0,fresh_visobert_04100,1
0,0,0,fresh_visobert_05757,1
0,0,0,fresh_visobert_07266,1
0,0,0,fresh_visobert_11301,1
0,0,0,fresh_visobert_10092,1
0,0,0,fresh_visobert_11331,1
1,1,1,fresh_visobert_07921,1
1,1,1,fresh_visobert_10799,1
0,0,0,fresh_visobert_02645,1
0,0,0,fresh_visobert_02256,1
0,0,0,fresh_visobert_04246,1
0,0,0,fresh_visobert_02708,1
0,0,0,fresh_visobert_01961,1
0,0,0,fresh_visobert_07551,1
0,0,0,fresh_visobert_05599,1
0,0,0,fresh_visobert_06069,1
1,1,1,fresh_visobert_07412,1
0,0,0,fresh_visobert_08159,1
0,0,0,fresh_visobert_11088,1
1,1,1,fresh_visobert_04931,1
0,0,0,fresh_visobert_08791,1
0,0,0,fresh_visobert_02896,1
0,0,0,fresh_visobert_11072,1
0,0,0,fresh_visobert_04155,1
0,0,0,fresh_visobert_11670,1
0,0,0,fresh_visobert_02072,1
0,0,0,fresh_visobert_02360,1
0,0,0,fresh_visobert_02000,1
0,0,0,fresh_visobert_11506,1
0,0,0,fresh_visobert_07448,1
0,0,0,fresh_visobert_09006,1
0,0,0,fresh_visobert_07012,1
0,0,0,fresh_visobert_01330,1
0,0,0,fresh_visobert_06409,1
0,0,0,fresh_visobert_04379,1
0,0,0,fresh_visobert_06401,1
0,0,0,fresh_visobert_10082,1
0,0,0,fresh_visobert_02546,1
0,0,0,fresh_visobert_05993,1
0,0,0,fresh_visobert_00373,1
0,0,0,fresh_visobert_01004,1
0,0,0,fresh_visobert_03682,1
0,0,0,fresh_visobert_02355,1
0,0,0,fresh_visobert_10350,1
0,0,0,fresh_visobert_03021,1
0,0,0,fresh_visobert_07728,1
0,0,0,fresh_visobert_02059,1
0,0,0,fresh_visobert_11272,1
0,0,0,fresh_visobert_06582,1
0,0,0,fresh_visobert_09303,1
0,0,0,fresh_visobert_00527,1
0,0,0,fresh_visobert_06351,1
0,0,0,fresh_visobert_09821,1
0,0,0,fresh_visobert_08379,1
0,0,0,fresh_visobert_03514,1
0,0,0,fresh_visobert_11431,1
1,1,1,fresh_visobert_09623,1
0,0,0,fresh_visobert_11905,1
0,0,0,fresh_visobert_01097,1
0,0,0,fresh_visobert_09208,1
0,0,0,fresh_visobert_06883,1
0,0,0,fresh_visobert_01319,1
0,0,0,fresh_visobert_07346,1
0,0,0,fresh_visobert_11466,1
0,0,0,fresh_visobert_07124,1
0,0,0,fresh_visobert_10212,1
0,0,0,fresh_visobert_01050,1
0,0,0,fresh_visobert_06901,1
0,0,0,fresh_visobert_07918,1
0,0,0,fresh_visobert_07801,1
0,0,0,fresh_visobert_10497,1
1,1,1,fresh_visobert_07249,1
0,0,0,fresh_visobert_00482,1
1,1,1,fresh_visobert_02935,1
0,0,0,fresh_visobert_00164,1
0,0,0,fresh_visobert_00488,1
0,0,0,fresh_visobert_06198,1
0,0,0,fresh_visobert_10819,1
0,0,0,fresh_visobert_09693,1
0,0,0,fresh_visobert_07089,1
0,0,0,fresh_visobert_06695,1
0,0,0,fresh_visobert_00874,1
0,0,0,fresh_visobert_08917,1
0,0,0,fresh_visobert_05818,1
0,0,0,fresh_visobert_09891,1
0,0,0,fresh_visobert_01806,1
0,0,0,fresh_visobert_07313,1
1,1,1,fresh_visobert_01463,1
0,0,0,fresh_visobert_10131,1
0,0,0,fresh_visobert_00724,1
0,0,0,fresh_visobert_11606,1
0,0,0,fresh_visobert_07054,1
0,0,0,fresh_visobert_04003,1
0,0,0,fresh_visobert_02213,1
0,0,0,fresh_visobert_07626,1
0,0,0,fresh_visobert_06693,1
1,1,1,fresh_visobert_11539,1
0,0,0,fresh_visobert_06302,1
0,0,0,fresh_visobert_06993,1
0,0,0,fresh_visobert_07575,1
0,0,0,fresh_visobert_04075,1
1,0,1,fresh_visobert_06646,0
0,0,0,fresh_visobert_11251,1
0,0,0,fresh_visobert_08986,1
0,0,0,fresh_visobert_02305,1
0,0,0,fresh_visobert_05240,1
0,0,0,fresh_visobert_11161,1
0,0,0,fresh_visobert_05401,1
0,0,0,fresh_visobert_00248,1
0,0,0,fresh_visobert_00703,1
0,0,0,fresh_visobert_02506,1
0,0,0,fresh_visobert_11242,1
0,0,0,fresh_visobert_09334,1
0,0,0,fresh_visobert_05555,1
0,0,0,fresh_visobert_08840,1
0,0,0,fresh_visobert_02772,1
0,0,0,fresh_visobert_03377,1
0,0,0,fresh_visobert_09179,1
0,0,0,fresh_visobert_00817,1
0,0,0,fresh_visobert_03852,1
0,0,0,fresh_visobert_06956,1
0,0,0,fresh_visobert_07592,1
0,0,0,fresh_visobert_02861,1
0,0,0,fresh_visobert_03122,1
0,0,0,fresh_visobert_02542,1
0,0,0,fresh_visobert_00323,1
0,0,0,fresh_visobert_06625,1
0,0,0,fresh_visobert_00909,1
1,1,1,fresh_visobert_00080,1
0,0,0,fresh_visobert_00100,1
1,1,1,fresh_visobert_11616,1
0,0,0,fresh_visobert_04234,1
1,1,1,fresh_visobert_10340,1
0,0,0,fresh_visobert_01362,1
1,1,1,fresh_visobert_07368,1
0,0,0,fresh_visobert_01131,1
0,0,0,fresh_visobert_09830,1
0,0,0,fresh_visobert_03760,1
0,0,0,fresh_visobert_08920,1
0,0,0,fresh_visobert_01487,1
1,1,1,fresh_visobert_05473,1
0,0,0,fresh_visobert_08235,1
0,0,0,fresh_visobert_04569,1
0,0,0,fresh_visobert_08742,1
0,0,0,fresh_visobert_06213,1
0,0,0,fresh_visobert_04318,1
1,1,1,fresh_visobert_07676,1
0,0,0,fresh_visobert_06400,1
0,0,0,fresh_visobert_00872,1
1,1,1,fresh_visobert_00018,1
0,0,0,fresh_visobert_00476,1
0,0,0,fresh_visobert_03605,1
0,0,0,fresh_visobert_07818,1
0,0,0,fresh_visobert_04416,1
0,0,0,fresh_visobert_04614,1
0,0,0,fresh_visobert_01230,1
0,0,0,fresh_visobert_10119,1
0,0,0,fresh_visobert_00269,1
0,0,0,fresh_visobert_01803,1
0,0,0,fresh_visobert_00276,1
0,0,0,fresh_visobert_05138,1
0,0,0,fresh_visobert_00225,1
0,0,0,fresh_visobert_03446,1
0,0,0,fresh_visobert_03239,1
0,0,0,fresh_visobert_08301,1
0,0,0,fresh_visobert_10179,1
0,0,0,fresh_visobert_00589,1
0,0,0,fresh_visobert_03210,1
0,0,0,fresh_visobert_06799,1
0,0,0,fresh_visobert_04718,1
0,0,0,fresh_visobert_03271,1
0,0,0,fresh_visobert_02551,1
0,0,0,fresh_visobert_00807,1
1,1,1,fresh_visobert_05877,1
0,0,0,fresh_visobert_01630,1
0,0,0,fresh_visobert_01162,1
1,1,1,fresh_visobert_02173,1
0,0,0,fresh_visobert_11542,1
0,0,0,fresh_visobert_00199,1
0,0,0,fresh_visobert_05162,1
0,0,0,fresh_visobert_09042,1
0,0,0,fresh_visobert_09676,1
0,0,0,fresh_visobert_11598,1
0,0,0,fresh_visobert_09127,1
0,0,0,fresh_visobert_04127,1
0,0,0,fresh_visobert_10397,1
0,0,0,fresh_visobert_04135,1
0,0,0,fresh_visobert_11392,1
0,0,0,fresh_visobert_05236,1
0,0,0,fresh_visobert_06647,1
1,1,1,fresh_visobert_11581,1
0,0,0,fresh_visobert_02442,1
0,0,0,fresh_visobert_03600,1
0,0,0,fresh_visobert_05299,1
0,0,0,fresh_visobert_06335,1
0,0,0,fresh_visobert_08413,1
0,0,0,fresh_visobert_00689,1
0,0,0,fresh_visobert_10592,1
0,0,0,fresh_visobert_08915,1
0,0,0,fresh_visobert_11599,1
0,0,0,fresh_visobert_08095,1
0,0,0,fresh_visobert_08769,1
0,0,0,fresh_visobert_04230,1
0,0,0,fresh_visobert_07998,1
0,0,0,fresh_visobert_05653,1
0,0,0,fresh_visobert_02461,1
0,0,0,fresh_visobert_02716,1
0,0,0,fresh_visobert_06276,1
0,0,0,fresh_visobert_03441,1
0,0,0,fresh_visobert_00309,1
0,0,0,fresh_visobert_00846,1
0,0,0,fresh_visobert_09577,1
0,0,0,fresh_visobert_04843,1
0,0,0,fresh_visobert_00590,1
0,0,0,fresh_visobert_07853,1
0,0,0,fresh_visobert_03962,1
0,0,0,fresh_visobert_09992,1
0,0,0,fresh_visobert_06465,1
0,0,0,fresh_visobert_09829,1
0,0,0,fresh_visobert_03838,1
0,0,0,fresh_visobert_10936,1
1,1,1,fresh_visobert_11561,1
0,0,0,fresh_visobert_08031,1
0,0,0,fresh_visobert_06293,1
0,0,0,fresh_visobert_08203,1
0,0,0,fresh_visobert_00366,1
0,0,0,fresh_visobert_04537,1
0,0,0,fresh_visobert_10737,1
0,0,0,fresh_visobert_11912,1
0,0,0,fresh_visobert_10869,1
0,0,0,fresh_visobert_10437,1
0,0,0,fresh_visobert_00443,1
0,0,0,fresh_visobert_05543,1
0,0,0,fresh_visobert_05643,1
0,0,0,fresh_visobert_04967,1
0,0,0,fresh_visobert_08041,1
0,0,0,fresh_visobert_11292,1
0,0,0,fresh_visobert_01904,1
0,0,0,fresh_visobert_03674,1
0,0,0,fresh_visobert_00232,1
0,0,0,fresh_visobert_04734,1
0,0,0,fresh_visobert_11142,1
0,0,0,fresh_visobert_10055,1
0,0,0,fresh_visobert_03055,1
0,0,0,fresh_visobert_06325,1
1,1,1,fresh_visobert_08563,1
0,0,0,fresh_visobert_02447,1
0,0,0,fresh_visobert_10757,1
0,0,0,fresh_visobert_06803,1
0,0,0,fresh_visobert_04451,1
0,0,0,fresh_visobert_06727,1
1,1,1,fresh_visobert_08541,1
0,0,0,fresh_visobert_04282,1
0,0,0,fresh_visobert_10541,1
0,0,0,fresh_visobert_08881,1
0,0,0,fresh_visobert_06273,1
0,0,0,fresh_visobert_05403,1
0,0,0,fresh_visobert_10908,1
0,0,0,fresh_visobert_07924,1
0,0,0,fresh_visobert_04708,1
0,0,0,fresh_visobert_07475,1
0,0,0,fresh_visobert_09444,1
0,0,0,fresh_visobert_10170,1
0,0,0,fresh_visobert_11944,1
0,0,0,fresh_visobert_00647,1
0,0,0,fresh_visobert_05770,1
0,0,0,fresh_visobert_04806,1
0,0,0,fresh_visobert_08254,1
0,0,0,fresh_visobert_09018,1
0,0,0,fresh_visobert_04661,1
0,0,0,fresh_visobert_00313,1
0,0,0,fresh_visobert_03308,1
0,0,0,fresh_visobert_10494,1
0,0,0,fresh_visobert_07800,1
0,0,0,fresh_visobert_00616,1
0,0,0,fresh_visobert_01824,1
0,0,0,fresh_visobert_09935,1
0,0,0,fresh_visobert_00414,1
1,1,1,fresh_visobert_09449,1
0,0,0,fresh_visobert_02522,1
1,1,1,fresh_visobert_07531,1
0,0,0,fresh_visobert_00933,1
0,0,0,fresh_visobert_04862,1
0,0,0,fresh_visobert_05568,1
0,0,0,fresh_visobert_01586,1
0,0,0,fresh_visobert_08186,1
0,0,0,fresh_visobert_11715,1
0,0,0,fresh_visobert_02099,1
0,0,0,fresh_visobert_08697,1
0,0,0,fresh_visobert_07861,1
0,0,0,fresh_visobert_03497,1
0,0,0,fresh_visobert_09212,1
0,0,0,fresh_visobert_04026,1
0,0,0,fresh_visobert_08667,1
0,0,0,fresh_visobert_10975,1
0,0,0,fresh_visobert_11744,1
0,0,0,fresh_visobert_01233,1
0,0,0,fresh_visobert_04538,1
0,0,0,fresh_visobert_03457,1
0,0,0,fresh_visobert_06736,1
0,0,0,fresh_visobert_02157,1
0,0,0,fresh_visobert_01829,1
0,0,0,fresh_visobert_09365,1
0,0,0,fresh_visobert_00129,1
0,0,0,fresh_visobert_04532,1
1,1,1,fresh_visobert_09779,1
0,0,0,fresh_visobert_07002,1
0,0,0,fresh_visobert_00553,1
0,0,0,fresh_visobert_02610,1
0,0,0,fresh_visobert_09937,1
0,0,0,fresh_visobert_05941,1
0,0,0,fresh_visobert_09098,1
0,0,0,fresh_visobert_04492,1
1,1,1,fresh_visobert_10311,1
0,0,0,fresh_visobert_10505,1
0,0,0,fresh_visobert_09080,1
0,0,0,fresh_visobert_06976,1
0,0,0,fresh_visobert_07026,1
0,0,0,fresh_visobert_06314,1
0,0,0,fresh_visobert_07744,1
0,0,0,fresh_visobert_06282,1
0,0,0,fresh_visobert_01492,1
0,0,0,fresh_visobert_02148,1
0,0,0,fresh_visobert_00317,1
0,0,0,fresh_visobert_05727,1
0,0,0,fresh_visobert_03697,1
0,0,0,fresh_visobert_04446,1
0,0,0,fresh_visobert_06498,1
0,0,0,fresh_visobert_05886,1
0,0,0,fresh_visobert_10106,1
0,0,0,fresh_visobert_08732,1
0,0,0,fresh_visobert_11230,1
0,0,0,fresh_visobert_07166,1
0,0,0,fresh_visobert_04158,1
0,0,0,fresh_visobert_05166,1
0,0,0,fresh_visobert_05836,1
0,0,0,fresh_visobert_10658,1
0,0,0,fresh_visobert_03331,1
0,0,0,fresh_visobert_06957,1
0,0,0,fresh_visobert_10923,1
0,0,0,fresh_visobert_00709,1
0,0,0,fresh_visobert_01593,1
0,0,0,fresh_visobert_10238,1
0,0,0,fresh_visobert_01220,1
0,0,0,fresh_visobert_04139,1
0,0,0,fresh_visobert_00886,1
0,0,0,fresh_visobert_03980,1
0,0,0,fresh_visobert_05829,1
0,0,0,fresh_visobert_03983,1
0,0,0,fresh_visobert_01946,1
0,0,0,fresh_visobert_05717,1
0,0,0,fresh_visobert_02990,1
1,1,1,fresh_visobert_07720,1
0,0,0,fresh_visobert_07140,1
0,0,0,fresh_visobert_05029,1
0,0,0,fresh_visobert_06336,1
0,0,0,fresh_visobert_06985,1
0,0,0,fresh_visobert_04016,1
0,0,0,fresh_visobert_00981,1
0,0,0,fresh_visobert_00446,1
0,0,0,fresh_visobert_09274,1
0,0,0,fresh_visobert_00160,1
0,0,0,fresh_visobert_04288,1
0,0,0,fresh_visobert_09129,1
0,0,0,fresh_visobert_02038,1
0,0,0,fresh_visobert_07259,1
0,0,0,fresh_visobert_02153,1
0,0,0,fresh_visobert_02621,1
0,0,0,fresh_visobert_01334,1
0,0,0,fresh_visobert_06495,1
1,1,1,fresh_visobert_10445,1
0,0,0,fresh_visobert_10566,1
1,1,1,fresh_visobert_09139,1
0,0,0,fresh_visobert_05995,1
0,0,0,fresh_visobert_01285,1
0,0,0,fresh_visobert_08115,1
1,1,1,fresh_visobert_08339,1
0,0,0,fresh_visobert_04917,1
0,0,0,fresh_visobert_07052,1
0,0,0,fresh_visobert_04020,1
0,0,0,fresh_visobert_08770,1
0,0,0,fresh_visobert_08370,1
0,0,0,fresh_visobert_07578,1
0,0,0,fresh_visobert_06595,1
0,0,0,fresh_visobert_00561,1
0,0,0,fresh_visobert_06775,1
1,1,1,fresh_visobert_06576,1
0,0,0,fresh_visobert_05128,1
0,0,0,fresh_visobert_00694,1
0,0,0,fresh_visobert_03256,1
0,0,0,fresh_visobert_11150,1
0,0,0,fresh_visobert_09091,1
0,0,0,fresh_visobert_06440,1
0,0,0,fresh_visobert_09504,1
0,0,0,fresh_visobert_04618,1
0,0,0,fresh_visobert_06379,1
0,0,0,fresh_visobert_05879,1
0,0,0,fresh_visobert_00047,1
0,0,0,fresh_visobert_00562,1
0,0,0,fresh_visobert_03092,1
0,0,0,fresh_visobert_05151,1
0,0,0,fresh_visobert_06117,1
0,0,0,fresh_visobert_06161,1
1,1,1,fresh_visobert_00642,1
0,0,0,fresh_visobert_02757,1
0,0,0,fresh_visobert_11735,1
1,0,1,fresh_visobert_09145,0
0,0,0,fresh_visobert_05722,1
0,0,0,fresh_visobert_01497,1
0,0,0,fresh_visobert_02024,1
0,0,0,fresh_visobert_01414,1
0,0,0,fresh_visobert_04169,1
0,0,0,fresh_visobert_02951,1
0,0,0,fresh_visobert_04706,1
0,0,0,fresh_visobert_00688,1
0,0,0,fresh_visobert_01982,1
0,0,0,fresh_visobert_04262,1
0,0,0,fresh_visobert_10912,1
0,0,0,fresh_visobert_03336,1
0,0,0,fresh_visobert_04348,1
0,0,0,fresh_visobert_03064,1
0,0,0,fresh_visobert_08532,1
0,0,0,fresh_visobert_04613,1
0,0,0,fresh_visobert_10812,1
0,0,0,fresh_visobert_03792,1
0,0,0,fresh_visobert_05789,1
0,0,0,fresh_visobert_04315,1
0,0,0,fresh_visobert_07980,1
0,0,0,fresh_visobert_03024,1
0,0,0,fresh_visobert_05418,1
0,0,0,fresh_visobert_08383,1
0,0,0,fresh_visobert_05518,1
0,0,0,fresh_visobert_02520,1
0,0,0,fresh_visobert_06773,1
0,0,0,fresh_visobert_02971,1
0,0,0,fresh_visobert_03407,1
0,0,0,fresh_visobert_08956,1
0,0,0,fresh_visobert_11160,1
0,0,0,fresh_visobert_05861,1
0,0,0,fresh_visobert_06071,1
0,0,0,fresh_visobert_10972,1
0,0,0,fresh_visobert_06147,1
0,0,0,fresh_visobert_03763,1
0,0,0,fresh_visobert_09195,1
0,0,0,fresh_visobert_01385,1
0,0,0,fresh_visobert_05196,1
0,0,0,fresh_visobert_07103,1
0,0,0,fresh_visobert_10294,1
0,0,0,fresh_visobert_08316,1
0,0,0,fresh_visobert_04753,1
0,0,0,fresh_visobert_00655,1
0,0,0,fresh_visobert_05885,1
0,0,0,fresh_visobert_03543,1
1,0,1,fresh_visobert_08935,0
0,0,0,fresh_visobert_09625,1
0,0,0,fresh_visobert_09210,1
0,0,0,fresh_visobert_10859,1
0,0,0,fresh_visobert_03442,1
0,0,0,fresh_visobert_05314,1
0,0,0,fresh_visobert_10249,1
0,0,0,fresh_visobert_02699,1
0,0,0,fresh_visobert_05752,1
1,1,1,fresh_visobert_06119,1
0,0,0,fresh_visobert_02700,1
0,0,0,fresh_visobert_09346,1
0,0,0,fresh_visobert_00148,1
0,0,0,fresh_visobert_09176,1
1,1,1,fresh_visobert_00041,1
0,0,0,fresh_visobert_02143,1
0,0,0,fresh_visobert_01696,1
0,0,0,fresh_visobert_01075,1
0,0,0,fresh_visobert_04834,1
1,1,1,fresh_visobert_11388,1
0,0,0,fresh_visobert_05221,1
0,0,0,fresh_visobert_02235,1
0,0,0,fresh_visobert_04365,1
0,0,0,fresh_visobert_07730,1
0,0,0,fresh_visobert_00430,1
0,0,0,fresh_visobert_06149,1
0,0,0,fresh_visobert_00501,1
0,0,0,fresh_visobert_10474,1
0,0,0,fresh_visobert_06549,1
0,0,0,fresh_visobert_11232,1
1,1,1,fresh_visobert_03352,1
0,0,0,fresh_visobert_07882,1
0,0,0,fresh_visobert_00125,1
0,0,0,fresh_visobert_04612,1
0,0,0,fresh_visobert_06012,1
0,0,0,fresh_visobert_10381,1
0,0,0,fresh_visobert_09218,1
0,0,0,fresh_visobert_06399,1
0,0,0,fresh_visobert_03464,1
0,0,0,fresh_visobert_08567,1
0,0,0,fresh_visobert_01937,1
0,0,0,fresh_visobert_07782,1
0,0,0,fresh_visobert_11260,1
0,0,0,fresh_visobert_11294,1
0,0,0,fresh_visobert_09510,1
0,0,0,fresh_visobert_10664,1
0,0,0,fresh_visobert_01041,1
0,0,0,fresh_visobert_11719,1
0,0,0,fresh_visobert_01062,1
0,0,0,fresh_visobert_01966,1
1,1,1,fresh_visobert_07784,1
0,0,0,fresh_visobert_06771,1
0,0,0,fresh_visobert_05677,1
0,0,0,fresh_visobert_08170,1
0,0,0,fresh_visobert_02378,1
0,0,0,fresh_visobert_04698,1
0,0,0,fresh_visobert_05644,1
1,1,1,fresh_visobert_07961,1
0,0,0,fresh_visobert_06113,1
0,0,0,fresh_visobert_10983,1
0,0,0,fresh_visobert_00102,1
0,0,0,fresh_visobert_07398,1
0,0,0,fresh_visobert_11287,1
0,0,0,fresh_visobert_08870,1
0,0,0,fresh_visobert_09771,1
0,0,0,fresh_visobert_11422,1
0,0,0,fresh_visobert_04755,1
0,0,0,fresh_visobert_10365,1
0,0,0,fresh_visobert_02835,1
1,1,1,fresh_visobert_06089,1
0,0,0,fresh_visobert_02817,1
0,0,0,fresh_visobert_09966,1
0,0,0,fresh_visobert_03459,1
0,0,0,fresh_visobert_01783,1
0,0,0,fresh_visobert_02307,1
0,0,0,fresh_visobert_07956,1
0,0,0,fresh_visobert_07585,1
0,0,0,fresh_visobert_00305,1
0,0,0,fresh_visobert_10440,1
0,0,0,fresh_visobert_11734,1
0,0,0,fresh_visobert_05301,1
0,0,0,fresh_visobert_10513,1
0,0,0,fresh_visobert_01636,1
0,0,0,fresh_visobert_09029,1
0,0,0,fresh_visobert_03474,1
0,0,0,fresh_visobert_05147,1
0,0,0,fresh_visobert_01029,1
1,1,1,fresh_visobert_07546,1
1,1,1,fresh_visobert_11451,1
0,0,0,fresh_visobert_11761,1
0,0,0,fresh_visobert_07912,1
0,0,0,fresh_visobert_11994,1
0,0,0,fresh_visobert_11492,1
0,0,0,fresh_visobert_04435,1
0,0,0,fresh_visobert_03279,1
0,0,0,fresh_visobert_08019,1
0,0,0,fresh_visobert_00919,1
0,0,0,fresh_visobert_08373,1
0,0,0,fresh_visobert_02124,1
0,0,0,fresh_visobert_10421,1
0,0,0,fresh_visobert_07121,1
0,0,0,fresh_visobert_05458,1
0,0,0,fresh_visobert_10117,1
0,0,0,fresh_visobert_10489,1
0,0,0,fresh_visobert_04849,1
0,0,0,fresh_visobert_11714,1
0,0,0,fresh_visobert_03809,1
0,0,0,fresh_visobert_00434,1
0,0,0,fresh_visobert_03376,1
0,0,0,fresh_visobert_05410,1
0,0,0,fresh_visobert_11681,1
0,0,0,fresh_visobert_02694,1
0,0,0,fresh_visobert_02140,1
0,0,0,fresh_visobert_08407,1
1,1,1,fresh_visobert_10570,1
0,0,0,fresh_visobert_10319,1
0,0,0,fresh_visobert_01356,1
0,0,0,fresh_visobert_02214,1
0,0,0,fresh_visobert_04591,1
0,0,0,fresh_visobert_08042,1
0,0,0,fresh_visobert_00503,1
0,0,0,fresh_visobert_07185,1
0,0,0,fresh_visobert_11151,1
0,0,0,fresh_visobert_10667,1
0,0,0,fresh_visobert_01110,1
0,0,0,fresh_visobert_08305,1
0,0,0,fresh_visobert_07698,1
0,0,0,fresh_visobert_05354,1
0,0,0,fresh_visobert_09585,1
0,0,0,fresh_visobert_04743,1
0,0,0,fresh_visobert_00654,1
0,0,0,fresh_visobert_04603,1
0,0,0,fresh_visobert_02486,1
0,0,0,fresh_visobert_01309,1
1,0,1,fresh_visobert_00625,0
0,0,0,fresh_visobert_02335,1
0,0,0,fresh_visobert_02012,1
1,1,1,fresh_visobert_03339,1
0,0,0,fresh_visobert_04096,1
0,0,0,fresh_visobert_03399,1
0,0,0,fresh_visobert_00566,1
0,0,0,fresh_visobert_07459,1
0,0,0,fresh_visobert_11050,1
0,0,0,fresh_visobert_08288,1
0,0,0,fresh_visobert_07620,1
0,0,0,fresh_visobert_01455,1
0,0,0,fresh_visobert_04335,1
0,0,0,fresh_visobert_06662,1
0,0,0,fresh_visobert_03869,1
0,0,0,fresh_visobert_06857,1
0,0,0,fresh_visobert_04915,1
0,0,0,fresh_visobert_03680,1
1,1,1,fresh_visobert_08283,1
0,0,0,fresh_visobert_07414,1
0,0,0,fresh_visobert_11063,1
0,0,0,fresh_visobert_05118,1
0,0,0,fresh_visobert_03477,1
0,0,0,fresh_visobert_04386,1
0,0,0,fresh_visobert_05771,1
0,0,0,fresh_visobert_07235,1
0,0,0,fresh_visobert_01248,1
1,1,1,fresh_visobert_11236,1
0,0,0,fresh_visobert_03784,1
1,1,1,fresh_visobert_11128,1
0,0,0,fresh_visobert_05716,1
0,0,0,fresh_visobert_10295,1
0,0,0,fresh_visobert_03643,1
0,0,0,fresh_visobert_08585,1
0,0,0,fresh_visobert_10435,1
0,0,0,fresh_visobert_04778,1
0,0,0,fresh_visobert_09819,1
0,0,0,fresh_visobert_05345,1
0,0,0,fresh_visobert_03181,1
0,0,0,fresh_visobert_06156,1
0,0,0,fresh_visobert_00234,1
0,0,0,fresh_visobert_02169,1
0,0,0,fresh_visobert_03800,1
0,0,0,fresh_visobert_11938,1
1,1,1,fresh_visobert_10461,1
0,0,0,fresh_visobert_00321,1
0,0,0,fresh_visobert_02008,1
0,0,0,fresh_visobert_06264,1
0,0,0,fresh_visobert_08878,1
0,0,0,fresh_visobert_04621,1
0,0,0,fresh_visobert_09503,1
0,0,0,fresh_visobert_02508,1
0,0,0,fresh_visobert_03343,1
0,0,0,fresh_visobert_11856,1
0,0,0,fresh_visobert_03249,1
0,0,0,fresh_visobert_09780,1
0,0,0,fresh_visobert_08460,1
0,0,0,fresh_visobert_02051,1
0,0,0,fresh_visobert_01058,1
0,0,0,fresh_visobert_07896,1
0,0,0,fresh_visobert_11159,1
0,0,0,fresh_visobert_04502,1
0,0,0,fresh_visobert_02336,1
0,0,0,fresh_visobert_11754,1
0,0,0,fresh_visobert_04500,1
0,0,0,fresh_visobert_01957,1
0,0,0,fresh_visobert_06303,1
0,0,0,fresh_visobert_05130,1
0,0,0,fresh_visobert_06545,1
0,0,0,fresh_visobert_04580,1
0,0,0,fresh_visobert_08482,1
0,0,0,fresh_visobert_08711,1
0,0,0,fresh_visobert_11244,1
0,0,0,fresh_visobert_09158,1
0,0,0,fresh_visobert_05210,1
0,0,0,fresh_visobert_00975,1
0,0,0,fresh_visobert_03313,1
0,0,0,fresh_visobert_02207,1
0,0,0,fresh_visobert_06717,1
0,0,0,fresh_visobert_04298,1
0,0,0,fresh_visobert_08539,1
0,0,0,fresh_visobert_10140,1
0,0,0,fresh_visobert_11247,1
0,0,0,fresh_visobert_04380,1
0,0,0,fresh_visobert_02113,1
0,0,0,fresh_visobert_01929,1
0,0,0,fresh_visobert_03732,1
0,0,0,fresh_visobert_05953,1
0,0,0,fresh_visobert_06785,1
0,0,0,fresh_visobert_05772,1
0,0,0,fresh_visobert_02428,1
0,0,0,fresh_visobert_10631,1
0,0,0,fresh_visobert_05056,1
0,0,0,fresh_visobert_04287,1
0,0,0,fresh_visobert_01862,1
0,0,0,fresh_visobert_03235,1
0,0,0,fresh_visobert_03661,1
0,0,0,fresh_visobert_10606,1
0,0,0,fresh_visobert_08680,1
0,0,0,fresh_visobert_02544,1
0,0,0,fresh_visobert_10619,1
0,0,0,fresh_visobert_08780,1
0,0,0,fresh_visobert_11218,1
0,0,0,fresh_visobert_06046,1
0,0,0,fresh_visobert_09813,1
0,0,0,fresh_visobert_00046,1
0,0,0,fresh_visobert_09305,1
0,0,0,fresh_visobert_09454,1
0,0,0,fresh_visobert_08020,1
0,0,0,fresh_visobert_06363,1
0,0,0,fresh_visobert_05224,1
0,0,0,fresh_visobert_09234,1
0,0,0,fresh_visobert_06907,1
0,0,0,fresh_visobert_10370,1
0,0,0,fresh_visobert_07547,1
0,0,0,fresh_visobert_01375,1
0,0,0,fresh_visobert_04508,1
0,0,0,fresh_visobert_08071,1
0,0,0,fresh_visobert_11501,1
0,0,0,fresh_visobert_09140,1
0,0,0,fresh_visobert_05346,1
0,0,0,fresh_visobert_00388,1
0,0,0,fresh_visobert_03986,1
0,0,0,fresh_visobert_11219,1
0,0,0,fresh_visobert_11435,1
0,0,0,fresh_visobert_03030,1
0,0,0,fresh_visobert_10518,1
0,0,0,fresh_visobert_07486,1
0,0,0,fresh_visobert_01429,1
1,1,1,fresh_visobert_09245,1
0,0,0,fresh_visobert_02019,1
0,0,0,fresh_visobert_06621,1
0,0,0,fresh_visobert_02455,1
0,0,0,fresh_visobert_00579,1
0,0,0,fresh_visobert_05315,1
0,0,0,fresh_visobert_07289,1
0,0,0,fresh_visobert_09459,1
0,0,0,fresh_visobert_07694,1
0,0,0,fresh_visobert_05076,1
0,0,0,fresh_visobert_09606,1
0,0,0,fresh_visobert_03629,1
0,0,0,fresh_visobert_02650,1
0,0,0,fresh_visobert_05661,1
0,0,0,fresh_visobert_03691,1
0,0,0,fresh_visobert_06559,1
0,0,0,fresh_visobert_11911,1
0,0,0,fresh_visobert_04783,1
0,0,0,fresh_visobert_11867,1
0,0,0,fresh_visobert_07915,1
0,0,0,fresh_visobert_11046,1
0,0,0,fresh_visobert_00530,1
0,0,0,fresh_visobert_01218,1
0,0,0,fresh_visobert_11736,1
0,0,0,fresh_visobert_09524,1
0,0,0,fresh_visobert_00468,1
0,0,0,fresh_visobert_07727,1
0,0,0,fresh_visobert_09137,1
0,0,0,fresh_visobert_10627,1
1,1,1,fresh_visobert_11675,1
0,0,0,fresh_visobert_00612,1
0,0,0,fresh_visobert_10164,1
0,0,0,fresh_visobert_11419,1
0,0,0,fresh_visobert_00042,1
0,0,0,fresh_visobert_11793,1
0,0,0,fresh_visobert_05447,1
0,0,0,fresh_visobert_04993,1
0,0,0,fresh_visobert_09867,1
0,0,0,fresh_visobert_04839,1
0,0,0,fresh_visobert_00704,1
0,0,0,fresh_visobert_00983,1
0,0,0,fresh_visobert_07163,1
0,0,0,fresh_visobert_03883,1
0,0,0,fresh_visobert_08569,1
0,0,0,fresh_visobert_04732,1
0,0,0,fresh_visobert_10309,1
0,0,0,fresh_visobert_09509,1
0,0,0,fresh_visobert_04992,1
0,0,0,fresh_visobert_06592,1
0,0,0,fresh_visobert_03981,1
0,0,0,fresh_visobert_04357,1
0,0,0,fresh_visobert_05550,1
0,0,0,fresh_visobert_06005,1
0,0,0,fresh_visobert_09344,1
0,0,0,fresh_visobert_04700,1
0,0,0,fresh_visobert_01986,1
0,0,0,fresh_visobert_06489,1
0,0,0,fresh_visobert_11000,1
0,0,0,fresh_visobert_01710,1
0,0,0,fresh_visobert_07610,1
0,0,0,fresh_visobert_00433,1
0,0,0,fresh_visobert_10176,1
0,0,0,fresh_visobert_05586,1
0,0,0,fresh_visobert_10720,1
0,0,0,fresh_visobert_07319,1
0,0,0,fresh_visobert_03512,1
0,0,0,fresh_visobert_02516,1
0,0,0,fresh_visobert_07226,1
1,1,1,fresh_visobert_06205,1
0,0,0,fresh_visobert_09861,1
0,0,0,fresh_visobert_11716,1
1,1,1,fresh_visobert_08595,1
0,0,0,fresh_visobert_02984,1
0,0,0,fresh_visobert_04058,1
0,0,0,fresh_visobert_07979,1
0,0,0,fresh_visobert_07804,1
0,0,0,fresh_visobert_03106,1
1,1,1,fresh_visobert_06184,1
0,0,0,fresh_visobert_05284,1
0,0,0,fresh_visobert_04065,1
0,0,0,fresh_visobert_06026,1
0,0,0,fresh_visobert_08293,1
0,0,0,fresh_visobert_08195,1
0,0,0,fresh_visobert_04281,1
0,0,0,fresh_visobert_09350,1
1,1,1,fresh_visobert_08068,1
0,0,0,fresh_visobert_05655,1
0,0,0,fresh_visobert_00442,1
0,0,0,fresh_visobert_09381,1
0,0,0,fresh_visobert_07812,1
1,1,1,fresh_visobert_10958,1
0,0,0,fresh_visobert_06753,1
0,0,0,fresh_visobert_07087,1
0,0,0,fresh_visobert_10721,1
0,0,0,fresh_visobert_07352,1
0,0,0,fresh_visobert_08188,1
0,0,0,fresh_visobert_10602,1
0,0,0,fresh_visobert_08231,1
0,0,0,fresh_visobert_08216,1
0,0,0,fresh_visobert_04381,1
0,0,0,fresh_visobert_02704,1
1,1,1,fresh_visobert_07169,1
0,0,0,fresh_visobert_10219,1
0,0,0,fresh_visobert_00477,1
0,0,0,fresh_visobert_08918,1
0,0,0,fresh_visobert_05731,1
0,0,0,fresh_visobert_02057,1
0,0,0,fresh_visobert_09886,1
0,0,0,fresh_visobert_04715,1
0,0,0,fresh_visobert_09338,1
0,0,0,fresh_visobert_05083,1
0,0,0,fresh_visobert_02393,1
0,0,0,fresh_visobert_00180,1
0,0,0,fresh_visobert_02585,1
0,0,0,fresh_visobert_09321,1
0,0,0,fresh_visobert_11154,1
0,0,0,fresh_visobert_09855,1
1,1,1,fresh_visobert_09812,1
0,0,0,fresh_visobert_08603,1
0,0,0,fresh_visobert_09171,1
0,0,0,fresh_visobert_07693,1
0,0,0,fresh_visobert_04216,1
0,0,0,fresh_visobert_10964,1
0,0,0,fresh_visobert_10933,1
0,0,0,fresh_visobert_04248,1
0,0,0,fresh_visobert_08816,1
0,0,0,fresh_visobert_00070,1
0,0,0,fresh_visobert_10096,1
0,0,0,fresh_visobert_05497,1
0,0,0,fresh_visobert_04132,1
0,0,0,fresh_visobert_10407,1
0,0,0,fresh_visobert_00304,1
0,0,0,fresh_visobert_06107,1
0,0,0,fresh_visobert_06125,1
1,1,1,fresh_visobert_11899,1
0,0,0,fresh_visobert_00405,1
0,0,0,fresh_visobert_05071,1
0,0,0,fresh_visobert_05013,1
0,0,0,fresh_visobert_07044,1
0,0,0,fresh_visobert_01754,1
0,0,0,fresh_visobert_11975,1
0,0,0,fresh_visobert_03702,1
0,0,0,fresh_visobert_03575,1
0,0,0,fresh_visobert_08826,1
0,0,0,fresh_visobert_10121,1
0,0,0,fresh_visobert_07652,1
1,1,1,fresh_visobert_06447,1
0,0,0,fresh_visobert_00506,1
0,0,0,fresh_visobert_04240,1
0,0,0,fresh_visobert_03895,1
0,0,0,fresh_visobert_04059,1
0,0,0,fresh_visobert_02728,1
1,1,1,fresh_visobert_11317,1
0,0,0,fresh_visobert_05483,1
0,0,0,fresh_visobert_01963,1
0,0,0,fresh_visobert_07709,1
0,0,0,fresh_visobert_02381,1
0,0,0,fresh_visobert_05740,1
0,0,0,fresh_visobert_01144,1
0,0,0,fresh_visobert_00674,1
0,0,0,fresh_visobert_04338,1
1,1,1,fresh_visobert_11906,1
0,0,0,fresh_visobert_04259,1
0,0,0,fresh_visobert_09045,1
0,0,0,fresh_visobert_10691,1
0,0,0,fresh_visobert_00521,1
0,0,0,fresh_visobert_10533,1
0,0,0,fresh_visobert_06470,1
1,1,1,fresh_visobert_08047,1
0,0,0,fresh_visobert_07323,1
0,0,0,fresh_visobert_02233,1
0,0,0,fresh_visobert_07860,1
0,0,0,fresh_visobert_08923,1
0,0,0,fresh_visobert_07204,1
0,0,0,fresh_visobert_11786,1
0,0,0,fresh_visobert_06084,1
0,0,0,fresh_visobert_09557,1
0,0,0,fresh_visobert_05699,1
0,0,0,fresh_visobert_07820,1
0,0,0,fresh_visobert_07661,1
0,0,0,fresh_visobert_07304,1
0,0,0,fresh_visobert_10934,1
0,0,0,fresh_visobert_00345,1
0,0,0,fresh_visobert_00572,1
0,0,0,fresh_visobert_09485,1
1,1,1,fresh_visobert_01415,1
0,0,0,fresh_visobert_09123,1
0,0,0,fresh_visobert_00095,1
0,0,0,fresh_visobert_00242,1
0,0,0,fresh_visobert_09658,1
0,0,0,fresh_visobert_07283,1
0,0,0,fresh_visobert_03561,1
0,0,0,fresh_visobert_01766,1
0,0,0,fresh_visobert_03072,1
0,0,0,fresh_visobert_10985,1
0,0,0,fresh_visobert_06206,1
0,0,0,fresh_visobert_10448,1
0,0,0,fresh_visobert_06242,1
0,0,0,fresh_visobert_07268,1
0,0,0,fresh_visobert_07469,1
1,0,1,fresh_visobert_09380,0
0,0,0,fresh_visobert_00298,1
0,0,0,fresh_visobert_11580,1
0,0,0,fresh_visobert_10843,1
0,0,0,fresh_visobert_00713,1
0,0,0,fresh_visobert_09936,1
0,0,0,fresh_visobert_09128,1
0,0,0,fresh_visobert_03436,1
0,0,0,fresh_visobert_00728,1
0,0,0,fresh_visobert_05409,1
1,1,1,fresh_visobert_09261,1
0,0,0,fresh_visobert_03515,1
0,0,0,fresh_visobert_01850,1
0,0,0,fresh_visobert_02864,1
0,0,0,fresh_visobert_06916,1
0,0,0,fresh_visobert_04646,1
0,0,0,fresh_visobert_01406,1
0,0,0,fresh_visobert_10974,1
0,0,0,fresh_visobert_08785,1
0,0,0,fresh_visobert_00252,1
0,0,0,fresh_visobert_07193,1
0,0,0,fresh_visobert_05876,1
0,0,0,fresh_visobert_00016,1
0,0,0,fresh_visobert_09914,1
0,0,0,fresh_visobert_01782,1
0,0,0,fresh_visobert_08021,1
0,0,0,fresh_visobert_00224,1
0,0,0,fresh_visobert_02599,1
0,0,0,fresh_visobert_04622,1
0,0,0,fresh_visobert_08953,1
0,0,0,fresh_visobert_09287,1
0,0,0,fresh_visobert_00206,1
0,0,0,fresh_visobert_03365,1
0,0,0,fresh_visobert_04299,1
0,0,0,fresh_visobert_11954,1
0,0,0,fresh_visobert_08024,1
0,0,0,fresh_visobert_01999,1
0,0,0,fresh_visobert_02377,1
0,0,0,fresh_visobert_09706,1
0,0,0,fresh_visobert_07881,1
0,0,0,fresh_visobert_10364,1
0,0,0,fresh_visobert_08456,1
0,0,0,fresh_visobert_06349,1
0,0,0,fresh_visobert_08497,1
0,0,0,fresh_visobert_07786,1
0,0,0,fresh_visobert_09109,1
0,0,0,fresh_visobert_06598,1
0,0,0,fresh_visobert_04428,1
0,0,0,fresh_visobert_04740,1
0,0,0,fresh_visobert_05660,1
0,0,0,fresh_visobert_00499,1
0,0,0,fresh_visobert_06967,1
0,0,0,fresh_visobert_01087,1
0,0,0,fresh_visobert_00936,1
0,0,0,fresh_visobert_00801,1
0,0,0,fresh_visobert_08477,1
0,0,0,fresh_visobert_09419,1
0,0,0,fresh_visobert_11718,1
0,0,0,fresh_visobert_04762,1
0,0,0,fresh_visobert_07360,1
0,0,0,fresh_visobert_01043,1
0,0,0,fresh_visobert_04340,1
0,0,0,fresh_visobert_00906,1
0,0,0,fresh_visobert_05775,1
0,0,0,fresh_visobert_10253,1
0,0,0,fresh_visobert_09946,1
0,0,0,fresh_visobert_01649,1
0,0,0,fresh_visobert_07281,1
0,0,0,fresh_visobert_02959,1
0,0,0,fresh_visobert_10061,1
0,0,0,fresh_visobert_11775,1
0,0,0,fresh_visobert_05061,1
1,1,1,fresh_visobert_08940,1
0,0,0,fresh_visobert_01400,1
0,0,0,fresh_visobert_05135,1
1,1,1,fresh_visobert_00516,1
0,0,0,fresh_visobert_00349,1
0,0,0,fresh_visobert_03899,1
0,0,0,fresh_visobert_00001,1
0,0,0,fresh_visobert_10824,1
0,0,0,fresh_visobert_09961,1
0,0,0,fresh_visobert_10417,1
0,0,0,fresh_visobert_00619,1
0,0,0,fresh_visobert_10050,1
0,0,0,fresh_visobert_09519,1
0,0,0,fresh_visobert_11019,1
0,0,0,fresh_visobert_07619,1
0,0,0,fresh_visobert_03740,1
0,0,0,fresh_visobert_07142,1
0,0,0,fresh_visobert_00253,1
0,0,0,fresh_visobert_05864,1
0,0,0,fresh_visobert_06689,1
0,0,0,fresh_visobert_09569,1
0,0,0,fresh_visobert_07876,1
0,0,0,fresh_visobert_04156,1
0,0,0,fresh_visobert_00857,1
0,0,0,fresh_visobert_06706,1
0,0,0,fresh_visobert_03482,1
0,0,0,fresh_visobert_05266,1
0,0,0,fresh_visobert_06750,1
0,0,0,fresh_visobert_07385,1
0,0,0,fresh_visobert_05402,1
0,0,0,fresh_visobert_00356,1
0,0,0,fresh_visobert_01733,1
0,0,0,fresh_visobert_01954,1
0,0,0,fresh_visobert_03797,1
0,0,0,fresh_visobert_00219,1
0,0,0,fresh_visobert_09209,1
0,0,0,fresh_visobert_05842,1
0,0,0,fresh_visobert_04021,1
0,0,0,fresh_visobert_05542,1
0,0,0,fresh_visobert_00444,1
0,0,0,fresh_visobert_06279,1
0,0,0,fresh_visobert_05357,1
1,1,1,fresh_visobert_10973,1
0,0,0,fresh_visobert_00169,1
0,0,0,fresh_visobert_03773,1
1,1,1,fresh_visobert_02775,1
0,0,0,fresh_visobert_02424,1
0,0,0,fresh_visobert_04953,1
0,0,0,fresh_visobert_08481,1
0,0,0,fresh_visobert_11571,1
0,0,0,fresh_visobert_02469,1
0,0,0,fresh_visobert_00787,1
0,0,0,fresh_visobert_01182,1
0,0,0,fresh_visobert_08969,1
0,0,0,fresh_visobert_01265,1
0,0,0,fresh_visobert_02416,1
0,0,0,fresh_visobert_04846,1
0,0,0,fresh_visobert_04244,1
0,0,0,fresh_visobert_03404,1
0,0,0,fresh_visobert_11739,1
0,0,0,fresh_visobert_07232,1
0,0,0,fresh_visobert_07622,1
0,0,0,fresh_visobert_07563,1
0,0,0,fresh_visobert_06513,1
0,0,0,fresh_visobert_08387,1
0,0,0,fresh_visobert_02316,1
0,0,0,fresh_visobert_04231,1
0,0,0,fresh_visobert_09624,1
0,0,0,fresh_visobert_04530,1
0,0,0,fresh_visobert_08839,1
0,0,0,fresh_visobert_10724,1
0,0,0,fresh_visobert_01572,1
0,0,0,fresh_visobert_00207,1
0,0,0,fresh_visobert_10366,1
0,0,0,fresh_visobert_03658,1
0,0,0,fresh_visobert_07669,1
0,0,0,fresh_visobert_11107,1
0,0,0,fresh_visobert_05974,1
0,0,0,fresh_visobert_04444,1
0,0,0,fresh_visobert_08499,1
0,0,0,fresh_visobert_10847,1
0,0,0,fresh_visobert_07754,1
0,0,0,fresh_visobert_06425,1
0,0,0,fresh_visobert_08060,1
0,0,0,fresh_visobert_11669,1
0,0,0,fresh_visobert_05712,1
0,0,0,fresh_visobert_07981,1
0,0,0,fresh_visobert_01413,1
0,0,0,fresh_visobert_05336,1
0,0,0,fresh_visobert_09719,1
0,0,0,fresh_visobert_09594,1
0,0,0,fresh_visobert_11885,1
1,1,1,fresh_visobert_11509,1
0,0,0,fresh_visobert_04434,1
0,0,0,fresh_visobert_01473,1
0,0,0,fresh_visobert_01667,1
0,0,0,fresh_visobert_03466,1
0,0,0,fresh_visobert_05891,1
0,0,0,fresh_visobert_06435,1
0,0,0,fresh_visobert_01899,1
0,0,0,fresh_visobert_06779,1
0,0,0,fresh_visobert_07724,1
0,0,0,fresh_visobert_03801,1
0,0,0,fresh_visobert_05610,1
0,0,0,fresh_visobert_06265,1
0,0,0,fresh_visobert_01458,1
0,0,0,fresh_visobert_01700,1
0,0,0,fresh_visobert_02015,1
1,1,1,fresh_visobert_09151,1
0,0,0,fresh_visobert_10717,1
0,0,0,fresh_visobert_10027,1
0,0,0,fresh_visobert_05313,1
0,0,0,fresh_visobert_10099,1
0,0,0,fresh_visobert_10346,1
0,0,0,fresh_visobert_08534,1
0,0,0,fresh_visobert_02224,1
0,0,0,fresh_visobert_10583,1
0,0,0,fresh_visobert_09584,1
0,0,0,fresh_visobert_11532,1
0,0,0,fresh_visobert_00156,1
0,0,0,fresh_visobert_07565,1
1,1,1,fresh_visobert_08303,1
0,0,0,fresh_visobert_00181,1
0,0,0,fresh_visobert_02743,1
0,0,0,fresh_visobert_10077,1
0,0,0,fresh_visobert_04745,1
0,0,0,fresh_visobert_00385,1
0,0,0,fresh_visobert_06664,1
0,0,0,fresh_visobert_07172,1
0,0,0,fresh_visobert_05143,1
0,0,0,fresh_visobert_00804,1
0,0,0,fresh_visobert_05148,1
0,0,0,fresh_visobert_11395,1
0,0,0,fresh_visobert_03945,1
0,0,0,fresh_visobert_10040,1
0,0,0,fresh_visobert_01762,1
0,0,0,fresh_visobert_09094,1
0,0,0,fresh_visobert_08294,1
0,0,0,fresh_visobert_08408,1
0,0,0,fresh_visobert_09985,1
0,0,0,fresh_visobert_07457,1
0,0,0,fresh_visobert_03393,1
0,0,0,fresh_visobert_05133,1
0,0,0,fresh_visobert_11135,1
1,1,1,fresh_visobert_11674,1
0,0,0,fresh_visobert_00291,1
0,0,0,fresh_visobert_04998,1
0,0,0,fresh_visobert_08100,1
0,0,0,fresh_visobert_10814,1
0,0,0,fresh_visobert_06806,1
0,0,0,fresh_visobert_02414,1
0,0,0,fresh_visobert_05761,1
0,0,0,fresh_visobert_05217,1
0,0,0,fresh_visobert_09667,1
0,0,0,fresh_visobert_07231,1
0,0,0,fresh_visobert_00017,1
0,0,0,fresh_visobert_07865,1
0,0,0,fresh_visobert_08932,1
0,0,0,fresh_visobert_07201,1
0,0,0,fresh_visobert_03189,1
0,0,0,fresh_visobert_04037,1
1,1,1,fresh_visobert_07788,1
0,0,0,fresh_visobert_02040,1
0,0,0,fresh_visobert_10068,1
0,0,0,fresh_visobert_02885,1
0,0,0,fresh_visobert_06259,1
0,0,0,fresh_visobert_06958,1
0,0,0,fresh_visobert_01169,1
0,0,0,fresh_visobert_00159,1
1,1,1,fresh_visobert_03499,1
0,0,0,fresh_visobert_06365,1
0,0,0,fresh_visobert_04676,1
0,0,0,fresh_visobert_06377,1
0,0,0,fresh_visobert_11861,1
0,0,0,fresh_visobert_04942,1
1,1,1,fresh_visobert_06013,1
0,0,0,fresh_visobert_10621,1
1,1,1,fresh_visobert_00057,1
0,0,0,fresh_visobert_02275,1
0,0,0,fresh_visobert_05156,1
0,0,0,fresh_visobert_05578,1
0,0,0,fresh_visobert_09990,1
0,0,0,fresh_visobert_10808,1
0,0,0,fresh_visobert_02771,1
0,0,0,fresh_visobert_04644,1
0,0,0,fresh_visobert_11286,1
0,0,0,fresh_visobert_02635,1
0,0,0,fresh_visobert_06912,1
1,1,1,fresh_visobert_08227,1
0,0,0,fresh_visobert_06990,1
0,0,0,fresh_visobert_07227,1
0,0,0,fresh_visobert_04084,1
1,1,1,fresh_visobert_00547,1
0,0,0,fresh_visobert_05546,1
0,0,0,fresh_visobert_09203,1
0,0,0,fresh_visobert_06577,1
0,0,0,fresh_visobert_05311,1
0,0,0,fresh_visobert_11096,1
0,0,0,fresh_visobert_11062,1
0,0,0,fresh_visobert_04674,1
0,0,0,fresh_visobert_08614,1
1,1,1,fresh_visobert_06169,1
0,0,0,fresh_visobert_01975,1
0,0,0,fresh_visobert_08172,1
0,0,0,fresh_visobert_10257,1
0,0,0,fresh_visobert_05915,1
0,0,0,fresh_visobert_03342,1
0,0,0,fresh_visobert_09775,1
0,0,0,fresh_visobert_04794,1
0,0,0,fresh_visobert_04483,1
0,0,0,fresh_visobert_06670,1
0,0,0,fresh_visobert_06278,1
0,0,0,fresh_visobert_05819,1
1,1,1,fresh_visobert_02180,1
0,0,0,fresh_visobert_10951,1
0,0,0,fresh_visobert_05400,1
1,1,1,fresh_visobert_11347,1
0,0,0,fresh_visobert_03382,1
0,0,0,fresh_visobert_01363,1
1,1,1,fresh_visobert_05959,1
0,0,0,fresh_visobert_00008,1
0,0,0,fresh_visobert_06758,1
0,0,0,fresh_visobert_01402,1
1,1,1,fresh_visobert_05321,1
0,0,0,fresh_visobert_05277,1
0,0,0,fresh_visobert_08157,1
0,0,0,fresh_visobert_02115,1
0,0,0,fresh_visobert_01842,1
0,0,0,fresh_visobert_08698,1
0,0,0,fresh_visobert_00240,1
0,0,0,fresh_visobert_04919,1
1,1,1,fresh_visobert_11438,1
0,0,0,fresh_visobert_08479,1
0,0,0,fresh_visobert_04900,1
0,0,0,fresh_visobert_02857,1
0,0,0,fresh_visobert_06202,1
0,0,0,fresh_visobert_03218,1
0,0,0,fresh_visobert_04366,1
0,0,0,fresh_visobert_02509,1
0,0,0,fresh_visobert_03614,1
0,0,0,fresh_visobert_09357,1
0,0,0,fresh_visobert_11390,1
0,0,0,fresh_visobert_09766,1
0,0,0,fresh_visobert_00867,1
0,0,0,fresh_visobert_00968,1
0,0,0,fresh_visobert_01652,1
0,0,0,fresh_visobert_03900,1
0,0,0,fresh_visobert_05364,1
0,0,0,fresh_visobert_09328,1
0,0,0,fresh_visobert_11576,1
0,0,0,fresh_visobert_05577,1
0,0,0,fresh_visobert_02561,1
0,0,0,fresh_visobert_10326,1
0,0,0,fresh_visobert_01262,1
0,0,0,fresh_visobert_10617,1
0,0,0,fresh_visobert_01174,1
0,0,0,fresh_visobert_02687,1
0,0,0,fresh_visobert_02109,1
0,0,0,fresh_visobert_04945,1
0,0,0,fresh_visobert_03914,1
0,0,0,fresh_visobert_05406,1
0,0,0,fresh_visobert_09399,1
0,0,0,fresh_visobert_09824,1
0,0,0,fresh_visobert_05140,1
0,0,0,fresh_visobert_08590,1
0,0,0,fresh_visobert_05639,1
0,0,0,fresh_visobert_05780,1
1,1,1,fresh_visobert_08454,1
0,0,0,fresh_visobert_06446,1
0,0,0,fresh_visobert_05878,1
0,0,0,fresh_visobert_01694,1
0,0,0,fresh_visobert_08385,1
0,0,0,fresh_visobert_03165,1
0,0,0,fresh_visobert_10224,1
0,0,0,fresh_visobert_04472,1
0,0,0,fresh_visobert_10172,1
0,0,0,fresh_visobert_09820,1
0,0,0,fresh_visobert_02118,1
1,1,1,fresh_visobert_07246,1
0,0,0,fresh_visobert_05180,1
0,0,0,fresh_visobert_02361,1
0,0,0,fresh_visobert_02618,1
0,0,0,fresh_visobert_02132,1
0,0,0,fresh_visobert_06503,1
0,0,0,fresh_visobert_09289,1
0,0,0,fresh_visobert_00361,1
0,0,0,fresh_visobert_07476,1
0,0,0,fresh_visobert_03795,1
0,0,0,fresh_visobert_08168,1
0,0,0,fresh_visobert_08761,1
0,0,0,fresh_visobert_10433,1
0,0,0,fresh_visobert_00864,1
0,0,0,fresh_visobert_00145,1
0,0,0,fresh_visobert_07255,1
0,0,0,fresh_visobert_06097,1
0,0,0,fresh_visobert_09228,1
0,0,0,fresh_visobert_00614,1
0,0,0,fresh_visobert_03553,1
0,0,0,fresh_visobert_03694,1
0,0,0,fresh_visobert_02087,1
0,0,0,fresh_visobert_04534,1
0,0,0,fresh_visobert_09968,1
0,0,0,fresh_visobert_08582,1
0,0,0,fresh_visobert_06150,1
0,0,0,fresh_visobert_03369,1
0,0,0,fresh_visobert_08546,1
1,1,1,fresh_visobert_05896,1
0,0,0,fresh_visobert_01027,1
0,0,0,fresh_visobert_08026,1
1,1,1,fresh_visobert_10188,1
0,0,0,fresh_visobert_00890,1
0,0,0,fresh_visobert_09781,1
0,0,0,fresh_visobert_11902,1
0,0,0,fresh_visobert_05394,1
0,0,0,fresh_visobert_04960,1
0,0,0,fresh_visobert_10081,1
0,0,0,fresh_visobert_11066,1
0,0,0,fresh_visobert_03107,1
0,0,0,fresh_visobert_02989,1
0,0,0,fresh_visobert_07639,1
0,0,0,fresh_visobert_06339,1
0,0,0,fresh_visobert_01566,1
0,0,0,fresh_visobert_10376,1
0,0,0,fresh_visobert_00914,1
0,0,0,fresh_visobert_03761,1
0,0,0,fresh_visobert_10203,1
0,0,0,fresh_visobert_01045,1
0,0,0,fresh_visobert_08957,1
1,1,1,fresh_visobert_04997,1
0,0,0,fresh_visobert_04523,1
0,0,0,fresh_visobert_06387,1
0,0,0,fresh_visobert_02768,1
0,0,0,fresh_visobert_11489,1
0,0,0,fresh_visobert_10248,1
0,0,0,fresh_visobert_07450,1
0,0,0,fresh_visobert_06382,1
0,0,0,fresh_visobert_05621,1
0,0,0,fresh_visobert_00509,1
0,0,0,fresh_visobert_10820,1
0,0,0,fresh_visobert_07737,1
0,0,0,fresh_visobert_10867,1
1,1,1,fresh_visobert_09412,1
0,0,0,fresh_visobert_01287,1
0,0,0,fresh_visobert_08453,1
0,0,0,fresh_visobert_10630,1
1,1,1,fresh_visobert_08685,1
0,0,0,fresh_visobert_03993,1
0,0,0,fresh_visobert_11853,1
0,0,0,fresh_visobert_00816,1
0,0,0,fresh_visobert_11832,1
0,0,0,fresh_visobert_11749,1
0,0,0,fresh_visobert_03079,1
0,0,0,fresh_visobert_04880,1
0,0,0,fresh_visobert_03772,1
0,0,0,fresh_visobert_05973,1
0,0,0,fresh_visobert_05028,1
0,0,0,fresh_visobert_05086,1
0,0,0,fresh_visobert_00841,1
0,0,0,fresh_visobert_00167,1
0,0,0,fresh_visobert_01697,1
0,0,0,fresh_visobert_05598,1
0,0,0,fresh_visobert_05295,1
0,0,0,fresh_visobert_08350,1
0,0,0,fresh_visobert_10206,1
0,0,0,fresh_visobert_04899,1
0,0,0,fresh_visobert_00582,1
0,0,0,fresh_visobert_06248,1
0,0,0,fresh_visobert_06720,1
1,1,1,fresh_visobert_11645,1
0,0,0,fresh_visobert_01518,1
0,0,0,fresh_visobert_01006,1
0,0,0,fresh_visobert_08962,1
0,0,0,fresh_visobert_04733,1
1,1,1,fresh_visobert_07566,1
0,0,0,fresh_visobert_02158,1
0,0,0,fresh_visobert_10185,1
0,0,0,fresh_visobert_06016,1
0,0,0,fresh_visobert_09767,1
0,0,0,fresh_visobert_04790,1
0,0,0,fresh_visobert_11270,1
0,0,0,fresh_visobert_01052,1
0,0,0,fresh_visobert_01896,1
0,0,0,fresh_visobert_03866,1
0,0,0,fresh_visobert_11049,1
0,0,0,fresh_visobert_10641,1
0,0,0,fresh_visobert_00262,1
0,0,0,fresh_visobert_09376,1
0,0,0,fresh_visobert_04376,1
0,0,0,fresh_visobert_10946,1
0,0,0,fresh_visobert_04160,1
0,0,0,fresh_visobert_08773,1
0,0,0,fresh_visobert_05508,1
0,0,0,fresh_visobert_01995,1
0,0,0,fresh_visobert_05237,1
0,0,0,fresh_visobert_09502,1
0,0,0,fresh_visobert_05769,1
0,0,0,fresh_visobert_07512,1
0,0,0,fresh_visobert_00991,1
0,0,0,fresh_visobert_04209,1
0,0,0,fresh_visobert_08266,1
0,0,0,fresh_visobert_10984,1
0,0,0,fresh_visobert_05833,1
0,0,0,fresh_visobert_11925,1
0,0,0,fresh_visobert_10283,1
0,0,0,fresh_visobert_09544,1
0,0,0,fresh_visobert_11141,1
0,0,0,fresh_visobert_05125,1
1,1,1,fresh_visobert_01581,1
0,0,0,fresh_visobert_11017,1
0,0,0,fresh_visobert_01200,1
0,0,0,fresh_visobert_07648,1
0,0,0,fresh_visobert_00769,1
0,0,0,fresh_visobert_08134,1
0,0,0,fresh_visobert_05158,1
0,0,0,fresh_visobert_08628,1
0,0,0,fresh_visobert_05390,1
0,0,0,fresh_visobert_01659,1
0,0,0,fresh_visobert_11105,1
0,0,0,fresh_visobert_07366,1
0,0,0,fresh_visobert_04384,1
0,0,0,fresh_visobert_08843,1
0,0,0,fresh_visobert_04925,1
0,0,0,fresh_visobert_07742,1
0,0,0,fresh_visobert_10822,1
0,0,0,fresh_visobert_06518,1
0,0,0,fresh_visobert_09262,1
0,0,0,fresh_visobert_03660,1
1,1,1,fresh_visobert_04797,1
1,1,1,fresh_visobert_05939,1
0,0,0,fresh_visobert_07654,1
0,0,0,fresh_visobert_03597,1
1,1,1,fresh_visobert_06659,1
0,0,0,fresh_visobert_03496,1
1,1,1,fresh_visobert_03987,1
0,0,0,fresh_visobert_04463,1
0,0,0,fresh_visobert_10237,1
0,0,0,fresh_visobert_10138,1
0,0,0,fresh_visobert_04560,1
0,0,0,fresh_visobert_02726,1
0,0,0,fresh_visobert_02872,1
0,0,0,fresh_visobert_08909,1
0,0,0,fresh_visobert_11927,1
0,0,0,fresh_visobert_01116,1
0,0,0,fresh_visobert_01684,1
0,0,0,fresh_visobert_02421,1
0,0,0,fresh_visobert_03582,1
0,0,0,fresh_visobert_09247,1
0,0,0,fresh_visobert_08796,1
0,0,0,fresh_visobert_02766,1
0,0,0,fresh_visobert_02130,1
0,0,0,fresh_visobert_03473,1
0,0,0,fresh_visobert_11566,1
0,0,0,fresh_visobert_07060,1
1,1,1,fresh_visobert_06551,1
0,0,0,fresh_visobert_05936,1
0,0,0,fresh_visobert_04721,1
0,0,0,fresh_visobert_10153,1
0,0,0,fresh_visobert_03568,1
0,0,0,fresh_visobert_02967,1
0,0,0,fresh_visobert_10192,1
0,0,0,fresh_visobert_06442,1
0,0,0,fresh_visobert_06502,1
0,0,0,fresh_visobert_00880,1
0,0,0,fresh_visobert_07995,1
0,0,0,fresh_visobert_04598,1
1,1,1,fresh_visobert_05872,1
0,0,0,fresh_visobert_03885,1
0,0,0,fresh_visobert_06192,1
0,0,0,fresh_visobert_01674,1
0,0,0,fresh_visobert_10018,1
0,0,0,fresh_visobert_06372,1
1,1,1,fresh_visobert_08469,1
1,1,1,fresh_visobert_10823,1
0,0,0,fresh_visobert_03911,1
0,0,0,fresh_visobert_10807,1
0,0,0,fresh_visobert_10848,1
0,0,0,fresh_visobert_10770,1
0,0,0,fresh_visobert_09917,1
0,0,0,fresh_visobert_07649,1
0,0,0,fresh_visobert_06855,1
0,0,0,fresh_visobert_02096,1
0,0,0,fresh_visobert_00279,1
0,0,0,fresh_visobert_07715,1
0,0,0,fresh_visobert_08558,1
0,0,0,fresh_visobert_04526,1
0,0,0,fresh_visobert_00636,1
0,0,0,fresh_visobert_05303,1
0,0,0,fresh_visobert_09450,1
0,0,0,fresh_visobert_03539,1
1,1,1,fresh_visobert_06287,1
0,0,0,fresh_visobert_10931,1
0,0,0,fresh_visobert_02659,1
0,0,0,fresh_visobert_01397,1
0,0,0,fresh_visobert_05530,1
0,0,0,fresh_visobert_00882,1
0,0,0,fresh_visobert_00138,1
0,0,0,fresh_visobert_06219,1
0,0,0,fresh_visobert_08899,1
0,0,0,fresh_visobert_01542,1
0,0,0,fresh_visobert_03815,1
0,0,0,fresh_visobert_08137,1
0,0,0,fresh_visobert_07651,1
0,0,0,fresh_visobert_08849,1
0,0,0,fresh_visobert_10507,1
0,0,0,fresh_visobert_11590,1
0,0,0,fresh_visobert_05708,1
0,0,0,fresh_visobert_04085,1
0,0,0,fresh_visobert_09984,1
0,0,0,fresh_visobert_01129,1
0,0,0,fresh_visobert_01202,1
0,0,0,fresh_visobert_03989,1
0,0,0,fresh_visobert_07298,1
0,0,0,fresh_visobert_06452,1
0,0,0,fresh_visobert_05965,1
0,0,0,fresh_visobert_00086,1
0,0,0,fresh_visobert_04349,1
0,0,0,fresh_visobert_01208,1
0,0,0,fresh_visobert_07153,1
0,0,0,fresh_visobert_02535,1
0,0,0,fresh_visobert_11806,1
0,0,0,fresh_visobert_10775,1
0,0,0,fresh_visobert_08747,1
0,0,0,fresh_visobert_01329,1
0,0,0,fresh_visobert_10921,1
0,0,0,fresh_visobert_00808,1
1,1,1,fresh_visobert_08109,1
0,0,0,fresh_visobert_05181,1
1,1,1,fresh_visobert_11168,1
0,0,0,fresh_visobert_01757,1
0,0,0,fresh_visobert_07755,1
0,0,0,fresh_visobert_07074,1
0,0,0,fresh_visobert_08597,1
0,0,0,fresh_visobert_05356,1
0,0,0,fresh_visobert_02411,1
0,0,0,fresh_visobert_04652,1
0,0,0,fresh_visobert_10394,1
0,0,0,fresh_visobert_07423,1
0,0,0,fresh_visobert_11038,1
0,0,0,fresh_visobert_10255,1
0,0,0,fresh_visobert_04040,1
0,0,0,fresh_visobert_11550,1
0,0,0,fresh_visobert_04005,1
0,0,0,fresh_visobert_11771,1
0,0,0,fresh_visobert_06710,1
0,0,0,fresh_visobert_10141,1
0,0,0,fresh_visobert_01451,1
0,0,0,fresh_visobert_08912,1
0,0,0,fresh_visobert_09293,1
0,0,0,fresh_visobert_06541,1
0,0,0,fresh_visobert_10491,1
0,0,0,fresh_visobert_11626,1
0,0,0,fresh_visobert_07911,1
0,0,0,fresh_visobert_07417,1
0,0,0,fresh_visobert_09100,1
0,0,0,fresh_visobert_08033,1
0,0,0,fresh_visobert_05308,1
0,0,0,fresh_visobert_02470,1
0,0,0,fresh_visobert_04111,1
0,0,0,fresh_visobert_04729,1
0,0,0,fresh_visobert_02820,1
0,0,0,fresh_visobert_07803,1
1,1,1,fresh_visobert_06820,1
0,0,0,fresh_visobert_07862,1
0,0,0,fresh_visobert_03855,1
0,0,0,fresh_visobert_11186,1
1,1,1,fresh_visobert_00053,1
0,0,0,fresh_visobert_06310,1
0,0,0,fresh_visobert_01310,1
0,0,0,fresh_visobert_04137,1
0,0,0,fresh_visobert_04524,1
1,1,1,fresh_visobert_08142,1
0,0,0,fresh_visobert_07553,1
0,0,0,fresh_visobert_02245,1
0,0,0,fresh_visobert_03166,1
0,0,0,fresh_visobert_08336,1
0,0,0,fresh_visobert_08671,1
0,0,0,fresh_visobert_04775,1
0,0,0,fresh_visobert_11053,1
0,0,0,fresh_visobert_05520,1
0,0,0,fresh_visobert_01772,1
0,0,0,fresh_visobert_04172,1
0,0,0,fresh_visobert_10297,1
0,0,0,fresh_visobert_00828,1
0,0,0,fresh_visobert_08181,1
0,0,0,fresh_visobert_08204,1
0,0,0,fresh_visobert_00354,1
0,0,0,fresh_visobert_05828,1
0,0,0,fresh_visobert_02242,1
0,0,0,fresh_visobert_05786,1
0,0,0,fresh_visobert_05604,1
0,0,0,fresh_visobert_03299,1
0,0,0,fresh_visobert_09971,1
0,0,0,fresh_visobert_07221,1
0,0,0,fresh_visobert_05053,1
0,0,0,fresh_visobert_08573,1
0,0,0,fresh_visobert_03175,1
0,0,0,fresh_visobert_09152,1
0,0,0,fresh_visobert_09508,1
0,0,0,fresh_visobert_07220,1
0,0,0,fresh_visobert_05516,1
0,0,0,fresh_visobert_08601,1
0,0,0,fresh_visobert_00381,1
1,1,1,fresh_visobert_11934,1
0,0,0,fresh_visobert_11713,1
0,0,0,fresh_visobert_05748,1
0,0,0,fresh_visobert_08663,1
1,1,1,fresh_visobert_06207,1
0,0,0,fresh_visobert_04966,1
0,0,0,fresh_visobert_08570,1
0,0,0,fresh_visobert_01554,1
0,0,0,fresh_visobert_08076,1
0,0,0,fresh_visobert_00698,1
0,0,0,fresh_visobert_07066,1
0,0,0,fresh_visobert_10450,1
1,1,1,fresh_visobert_06904,1
0,0,0,fresh_visobert_06083,1
1,1,1,fresh_visobert_09141,1
0,0,0,fresh_visobert_00154,1
0,0,0,fresh_visobert_10891,1
0,0,0,fresh_visobert_06366,1
1,1,1,fresh_visobert_10802,1
0,0,0,fresh_visobert_10676,1
0,0,0,fresh_visobert_00087,1
0,0,0,fresh_visobert_09887,1
0,0,0,fresh_visobert_03077,1
0,0,0,fresh_visobert_06596,1
0,0,0,fresh_visobert_00217,1
0,0,0,fresh_visobert_04083,1
0,0,0,fresh_visobert_07839,1
0,0,0,fresh_visobert_04197,1
0,0,0,fresh_visobert_00360,1
0,0,0,fresh_visobert_03054,1
0,0,0,fresh_visobert_00508,1
0,0,0,fresh_visobert_07785,1
0,0,0,fresh_visobert_05719,1
0,0,0,fresh_visobert_02622,1
0,0,0,fresh_visobert_05591,1
0,0,0,fresh_visobert_06703,1
0,0,0,fresh_visobert_02300,1
0,0,0,fresh_visobert_02002,1
0,0,0,fresh_visobert_10101,1
0,0,0,fresh_visobert_00135,1
0,0,0,fresh_visobert_01810,1
1,1,1,fresh_visobert_01675,1
0,0,0,fresh_visobert_07017,1
0,0,0,fresh_visobert_11297,1
0,0,0,fresh_visobert_02502,1
1,1,1,fresh_visobert_01848,1
0,0,0,fresh_visobert_09972,1
0,0,0,fresh_visobert_04836,1
0,0,0,fresh_visobert_09285,1
0,0,0,fresh_visobert_01745,1
0,0,0,fresh_visobert_11848,1
0,0,0,fresh_visobert_09635,1
0,0,0,fresh_visobert_07265,1
0,0,0,fresh_visobert_04999,1
0,0,0,fresh_visobert_04685,1
0,0,0,fresh_visobert_02615,1
0,0,0,fresh_visobert_09875,1
0,0,0,fresh_visobert_03272,1
0,0,0,fresh_visobert_03794,1
0,0,0,fresh_visobert_11641,1
0,0,0,fresh_visobert_10472,1
0,0,0,fresh_visobert_03657,1
0,0,0,fresh_visobert_01758,1
1,1,1,fresh_visobert_00011,1
0,0,0,fresh_visobert_03933,1
0,0,0,fresh_visobert_07310,1
0,0,0,fresh_visobert_09639,1
0,0,0,fresh_visobert_02407,1
1,1,1,fresh_visobert_11344,1
0,0,0,fresh_visobert_00860,1
0,0,0,fresh_visobert_00190,1
0,0,0,fresh_visobert_03118,1
0,0,0,fresh_visobert_02851,1
0,0,0,fresh_visobert_10246,1
0,0,0,fresh_visobert_01410,1
0,0,0,fresh_visobert_01731,1
0,0,0,fresh_visobert_08375,1
0,0,0,fresh_visobert_02150,1
0,0,0,fresh_visobert_04008,1
0,0,0,fresh_visobert_04973,1
0,0,0,fresh_visobert_04675,1
0,0,0,fresh_visobert_10551,1
1,1,1,fresh_visobert_10897,1
0,0,0,fresh_visobert_00794,1
0,0,0,fresh_visobert_05155,1
0,0,0,fresh_visobert_09181,1
0,0,0,fresh_visobert_09885,1
0,0,0,fresh_visobert_00270,1
0,0,0,fresh_visobert_00992,1
0,0,0,fresh_visobert_01938,1
1,1,1,fresh_visobert_06981,1
0,0,0,fresh_visobert_01167,1
0,0,0,fresh_visobert_04297,1
0,0,0,fresh_visobert_09090,1
0,0,0,fresh_visobert_07544,1
0,0,0,fresh_visobert_00105,1
0,0,0,fresh_visobert_08503,1
0,0,0,fresh_visobert_03225,1
0,0,0,fresh_visobert_02243,1
0,0,0,fresh_visobert_01685,1
0,0,0,fresh_visobert_03584,1
0,0,0,fresh_visobert_00233,1
1,1,1,fresh_visobert_09756,1
0,0,0,fresh_visobert_06500,1
0,0,0,fresh_visobert_00334,1
0,0,0,fresh_visobert_07832,1
1,1,1,fresh_visobert_10789,1
0,0,0,fresh_visobert_11115,1
0,0,0,fresh_visobert_03844,1
0,0,0,fresh_visobert_06841,1
0,0,0,fresh_visobert_09281,1
0,0,0,fresh_visobert_08538,1
0,0,0,fresh_visobert_10091,1
0,0,0,fresh_visobert_10198,1
0,0,0,fresh_visobert_10784,1
0,0,0,fresh_visobert_07650,1
0,0,0,fresh_visobert_08135,1
0,0,0,fresh_visobert_03110,1
1,1,1,fresh_visobert_11267,1
0,0,0,fresh_visobert_03190,1
0,0,0,fresh_visobert_06674,1
0,0,0,fresh_visobert_04485,1
0,0,0,fresh_visobert_01577,1
1,1,1,fresh_visobert_04294,1
0,0,0,fresh_visobert_01184,1
0,0,0,fresh_visobert_01574,1
1,1,1,fresh_visobert_01005,1
0,0,0,fresh_visobert_03566,1
0,0,0,fresh_visobert_09924,1
0,0,0,fresh_visobert_03200,1
0,0,0,fresh_visobert_02982,1
0,0,0,fresh_visobert_06899,1
0,0,0,fresh_visobert_06166,1
0,0,0,fresh_visobert_11866,1
1,1,1,fresh_visobert_01626,1
1,1,1,fresh_visobert_08289,1
0,0,0,fresh_visobert_01349,1
0,0,0,fresh_visobert_11948,1
0,0,0,fresh_visobert_03874,1
0,0,0,fresh_visobert_05257,1
0,0,0,fresh_visobert_04170,1
0,0,0,fresh_visobert_03628,1
0,0,0,fresh_visobert_05686,1
0,0,0,fresh_visobert_11877,1
0,0,0,fresh_visobert_09224,1
0,0,0,fresh_visobert_10245,1
0,0,0,fresh_visobert_09434,1
0,0,0,fresh_visobert_09728,1
0,0,0,fresh_visobert_01535,1
0,0,0,fresh_visobert_04963,1
0,0,0,fresh_visobert_04066,1
0,0,0,fresh_visobert_11565,1
0,0,0,fresh_visobert_08122,1
0,0,0,fresh_visobert_02504,1
1,1,1,fresh_visobert_00837,1
0,0,0,fresh_visobert_03704,1
0,0,0,fresh_visobert_07164,1
0,0,0,fresh_visobert_08722,1
0,0,0,fresh_visobert_11698,1
0,0,0,fresh_visobert_00949,1
0,0,0,fresh_visobert_10428,1
0,0,0,fresh_visobert_00502,1
0,0,0,fresh_visobert_08651,1
0,0,0,fresh_visobert_05004,1
0,0,0,fresh_visobert_03119,1
0,0,0,fresh_visobert_10005,1
0,0,0,fresh_visobert_03884,1
0,0,0,fresh_visobert_09199,1
0,0,0,fresh_visobert_05541,1
0,0,0,fresh_visobert_06484,1
0,0,0,fresh_visobert_06573,1
0,0,0,fresh_visobert_03707,1
0,0,0,fresh_visobert_00535,1
0,0,0,fresh_visobert_00767,1
0,0,0,fresh_visobert_11887,1
1,1,1,fresh_visobert_02867,1
0,0,0,fresh_visobert_04228,1
0,0,0,fresh_visobert_02513,1
0,0,0,fresh_visobert_05421,1
0,0,0,fresh_visobert_05351,1
0,0,0,fresh_visobert_02011,1
0,0,0,fresh_visobert_08318,1
0,0,0,fresh_visobert_08312,1
0,0,0,fresh_visobert_01222,1
0,0,0,fresh_visobert_03753,1
0,0,0,fresh_visobert_06191,1
0,0,0,fresh_visobert_08756,1
0,0,0,fresh_visobert_05629,1
0,0,0,fresh_visobert_08328,1
0,0,0,fresh_visobert_07859,1
1,1,1,fresh_visobert_01191,1
0,0,0,fresh_visobert_03667,1
0,0,0,fresh_visobert_04983,1
0,0,0,fresh_visobert_07105,1
0,0,0,fresh_visobert_11079,1
0,0,0,fresh_visobert_11006,1
1,1,1,fresh_visobert_04116,1
0,0,0,fresh_visobert_05924,1
0,0,0,fresh_visobert_02965,1
0,0,0,fresh_visobert_01204,1
0,0,0,fresh_visobert_08414,1
0,0,0,fresh_visobert_10699,1
0,0,0,fresh_visobert_10199,1
0,0,0,fresh_visobert_05190,1
0,0,0,fresh_visobert_05026,1
0,0,0,fresh_visobert_04838,1
0,0,0,fresh_visobert_05734,1
0,0,0,fresh_visobert_09980,1
0,0,0,fresh_visobert_06877,1
1,1,1,fresh_visobert_07419,1
0,0,0,fresh_visobert_10892,1
0,0,0,fresh_visobert_06586,1
0,0,0,fresh_visobert_03973,1
0,0,0,fresh_visobert_08107,1
0,0,0,fresh_visobert_00889,1
0,0,0,fresh_visobert_02147,1
0,0,0,fresh_visobert_10307,1
1,1,1,fresh_visobert_10161,1
0,0,0,fresh_visobert_11318,1
0,0,0,fresh_visobert_05286,1
0,0,0,fresh_visobert_11332,1
0,0,0,fresh_visobert_00081,1
0,0,0,fresh_visobert_08194,1
0,0,0,fresh_visobert_00888,1
0,0,0,fresh_visobert_02102,1
0,0,0,fresh_visobert_02452,1
0,0,0,fresh_visobert_04855,1
0,0,0,fresh_visobert_07810,1
0,0,0,fresh_visobert_08044,1
0,0,0,fresh_visobert_01596,1
0,0,0,fresh_visobert_10755,1
1,1,1,fresh_visobert_08430,1
0,0,0,fresh_visobert_03998,1
0,0,0,fresh_visobert_08110,1
0,0,0,fresh_visobert_10367,1
0,0,0,fresh_visobert_11002,1
0,0,0,fresh_visobert_10446,1
0,0,0,fresh_visobert_03921,1
0,0,0,fresh_visobert_00094,1
1,1,1,fresh_visobert_09288,1
0,0,0,fresh_visobert_07119,1
0,0,0,fresh_visobert_06343,1
0,0,0,fresh_visobert_00862,1
0,0,0,fresh_visobert_09291,1
0,0,0,fresh_visobert_08666,1
0,0,0,fresh_visobert_02075,1
0,0,0,fresh_visobert_11798,1
0,0,0,fresh_visobert_06563,1
0,0,0,fresh_visobert_00831,1
0,0,0,fresh_visobert_06217,1
0,0,0,fresh_visobert_09568,1
0,0,0,fresh_visobert_08443,1
1,0,1,fresh_visobert_11650,0
0,0,0,fresh_visobert_00758,1
0,0,0,fresh_visobert_01924,1
0,0,0,fresh_visobert_11146,1
0,0,0,fresh_visobert_08637,1
1,1,1,fresh_visobert_10793,1
0,0,0,fresh_visobert_08396,1
0,0,0,fresh_visobert_03295,1
0,0,0,fresh_visobert_11183,1
1,1,1,fresh_visobert_09260,1
0,0,0,fresh_visobert_11100,1
0,0,0,fresh_visobert_06478,1
0,0,0,fresh_visobert_08778,1
0,0,0,fresh_visobert_03191,1
0,0,0,fresh_visobert_01721,1
0,0,0,fresh_visobert_04060,1
0,0,0,fresh_visobert_09278,1
0,0,0,fresh_visobert_01055,1
0,0,0,fresh_visobert_05136,1
1,1,1,fresh_visobert_05587,1
0,0,0,fresh_visobert_01979,1
0,0,0,fresh_visobert_07517,1
0,0,0,fresh_visobert_10259,1
0,0,0,fresh_visobert_06590,1
0,0,0,fresh_visobert_01195,1
0,0,0,fresh_visobert_03121,1
0,0,0,fresh_visobert_09272,1
0,0,0,fresh_visobert_00198,1
0,0,0,fresh_visobert_09435,1
0,0,0,fresh_visobert_10562,1
0,0,0,fresh_visobert_05534,1
0,0,0,fresh_visobert_04826,1
0,0,0,fresh_visobert_07548,1
0,0,0,fresh_visobert_11479,1
0,0,0,fresh_visobert_03033,1
0,0,0,fresh_visobert_10862,1
0,0,0,fresh_visobert_06118,1
0,0,0,fresh_visobert_02154,1
0,0,0,fresh_visobert_11982,1
0,0,0,fresh_visobert_02073,1
0,0,0,fresh_visobert_04233,1
0,0,0,fresh_visobert_08580,1
0,0,0,fresh_visobert_01445,1
0,0,0,fresh_visobert_05250,1
0,0,0,fresh_visobert_04649,1
0,0,0,fresh_visobert_03892,1
0,0,0,fresh_visobert_08513,1
0,0,0,fresh_visobert_03347,1
0,0,0,fresh_visobert_01651,1
0,0,0,fresh_visobert_07364,1
0,0,0,fresh_visobert_08059,1
0,0,0,fresh_visobert_10926,1
0,0,0,fresh_visobert_05085,1
0,0,0,fresh_visobert_01931,1
0,0,0,fresh_visobert_03939,1
0,0,0,fresh_visobert_07902,1
0,0,0,fresh_visobert_02856,1
1,1,1,fresh_visobert_11394,1
0,0,0,fresh_visobert_02998,1
0,0,0,fresh_visobert_06017,1
0,0,0,fresh_visobert_07751,1
0,0,0,fresh_visobert_02893,1
0,0,0,fresh_visobert_05938,1
0,0,0,fresh_visobert_02633,1
0,0,0,fresh_visobert_01112,1
0,0,0,fresh_visobert_07700,1
0,0,0,fresh_visobert_05805,1
1,1,1,fresh_visobert_06364,1
0,0,0,fresh_visobert_05273,1
0,0,0,fresh_visobert_05167,1
0,0,0,fresh_visobert_11633,1
0,0,0,fresh_visobert_11907,1
0,0,0,fresh_visobert_10204,1
0,0,0,fresh_visobert_02252,1
1,1,1,fresh_visobert_00493,1
0,0,0,fresh_visobert_09598,1
0,0,0,fresh_visobert_07593,1
0,0,0,fresh_visobert_07483,1
1,1,1,fresh_visobert_07145,1
0,0,0,fresh_visobert_05592,1
0,0,0,fresh_visobert_00440,1
0,0,0,fresh_visobert_04645,1
0,0,0,fresh_visobert_04647,1
0,0,0,fresh_visobert_03996,1
0,0,0,fresh_visobert_11604,1
0,0,0,fresh_visobert_02151,1
0,0,0,fresh_visobert_01690,1
0,0,0,fresh_visobert_08925,1
0,0,0,fresh_visobert_10032,1
0,0,0,fresh_visobert_11957,1
0,0,0,fresh_visobert_00213,1
0,0,0,fresh_visobert_09620,1
0,0,0,fresh_visobert_03198,1
0,0,0,fresh_visobert_08029,1
0,0,0,fresh_visobert_03142,1
0,0,0,fresh_visobert_06457,1
0,0,0,fresh_visobert_09654,1
0,0,0,fresh_visobert_06605,1
0,0,0,fresh_visobert_09657,1
0,0,0,fresh_visobert_10509,1
0,0,0,fresh_visobert_09921,1
0,0,0,fresh_visobert_09871,1
0,0,0,fresh_visobert_04417,1
0,0,0,fresh_visobert_11226,1
0,0,0,fresh_visobert_10638,1
0,0,0,fresh_visobert_06620,1
0,0,0,fresh_visobert_11468,1
0,0,0,fresh_visobert_07402,1
0,0,0,fresh_visobert_11897,1
0,0,0,fresh_visobert_08297,1
0,0,0,fresh_visobert_01066,1
0,0,0,fresh_visobert_06524,1
0,0,0,fresh_visobert_03877,1
0,0,0,fresh_visobert_02418,1
0,0,0,fresh_visobert_10395,1
0,0,0,fresh_visobert_04088,1
0,0,0,fresh_visobert_11980,1
0,0,0,fresh_visobert_04145,1
0,0,0,fresh_visobert_00158,1
0,0,0,fresh_visobert_01618,1
0,0,0,fresh_visobert_04876,1
0,0,0,fresh_visobert_11449,1
0,0,0,fresh_visobert_10578,1
0,0,0,fresh_visobert_10550,1
0,0,0,fresh_visobert_06338,1
0,0,0,fresh_visobert_06835,1
0,0,0,fresh_visobert_09850,1
0,0,0,fresh_visobert_03587,1
0,0,0,fresh_visobert_02927,1
0,0,0,fresh_visobert_00019,1
0,0,0,fresh_visobert_11067,1
0,0,0,fresh_visobert_10197,1
0,0,0,fresh_visobert_03745,1
0,0,0,fresh_visobert_04694,1
0,0,0,fresh_visobert_07080,1
0,0,0,fresh_visobert_05933,1
0,0,0,fresh_visobert_08548,1
0,0,0,fresh_visobert_04452,1
0,0,0,fresh_visobert_02572,1
0,0,0,fresh_visobert_08317,1
1,1,1,fresh_visobert_09724,1
0,0,0,fresh_visobert_06515,1
0,0,0,fresh_visobert_06634,1
0,0,0,fresh_visobert_02168,1
0,0,0,fresh_visobert_00760,1
0,0,0,fresh_visobert_07948,1
0,0,0,fresh_visobert_02684,1
0,0,0,fresh_visobert_00610,1
0,0,0,fresh_visobert_00856,1
0,0,0,fresh_visobert_03672,1
0,0,0,fresh_visobert_10506,1
0,0,0,fresh_visobert_10083,1
0,0,0,fresh_visobert_08211,1
0,0,0,fresh_visobert_09827,1
0,0,0,fresh_visobert_07091,1
0,0,0,fresh_visobert_04752,1
0,0,0,fresh_visobert_03238,1
0,0,0,fresh_visobert_02500,1
0,0,0,fresh_visobert_02642,1
1,1,1,fresh_visobert_10272,1
0,0,0,fresh_visobert_11370,1
0,0,0,fresh_visobert_04206,1
0,0,0,fresh_visobert_04501,1
0,0,0,fresh_visobert_00142,1
0,0,0,fresh_visobert_09340,1
0,0,0,fresh_visobert_03422,1
0,0,0,fresh_visobert_01076,1
0,0,0,fresh_visobert_08121,1
0,0,0,fresh_visobert_06271,1
1,1,1,fresh_visobert_08156,1
0,0,0,fresh_visobert_05079,1
0,0,0,fresh_visobert_10258,1
0,0,0,fresh_visobert_09164,1
0,0,0,fresh_visobert_11213,1
0,0,0,fresh_visobert_11802,1
0,0,0,fresh_visobert_09611,1
0,0,0,fresh_visobert_04241,1
0,0,0,fresh_visobert_09371,1
0,0,0,fresh_visobert_06540,1
0,0,0,fresh_visobert_10675,1
0,0,0,fresh_visobert_09836,1
