sample_id,is_sarcasm_positive,positive_selected_for_budget,sarcasm_target_mask,rationale_loss_mask
fresh_visobert_10072,0,0,1,1
fresh_visobert_00448,0,0,1,1
fresh_visobert_08823,0,0,1,1
fresh_visobert_03624,0,0,1,1
fresh_visobert_10563,0,0,1,1
fresh_visobert_08400,0,0,1,1
fresh_visobert_06858,0,0,1,1
fresh_visobert_01866,0,0,1,1
fresh_visobert_05220,0,0,1,1
fresh_visobert_09664,0,0,1,1
fresh_visobert_11127,1,1,1,1
fresh_visobert_10588,0,0,1,1
fresh_visobert_09027,0,0,1,1
fresh_visobert_03524,0,0,1,1
fresh_visobert_08183,0,0,1,1
fresh_visobert_01229,0,0,1,1
fresh_visobert_11308,1,0,0,0
fresh_visobert_09934,0,0,1,1
fresh_visobert_09268,0,0,1,1
fresh_visobert_03741,0,0,1,1
fresh_visobert_08979,0,0,1,1
fresh_visobert_00656,0,0,1,1
fresh_visobert_06226,0,0,1,1
fresh_visobert_11503,0,0,1,1
fresh_visobert_03267,0,0,1,1
fresh_visobert_07813,0,0,1,1
fresh_visobert_07053,0,0,1,1
fresh_visobert_02425,0,0,1,1
fresh_visobert_03237,0,0,1,1
fresh_visobert_11672,0,0,1,1
fresh_visobert_10144,0,0,1,1
fresh_visobert_11720,0,0,1,1
fresh_visobert_10914,0,0,1,1
fresh_visobert_07408,1,1,1,1
fresh_visobert_04789,0,0,1,1
fresh_visobert_06828,0,0,1,1
fresh_visobert_10213,0,0,1,1
fresh_visobert_00822,0,0,1,1
fresh_visobert_11699,0,0,1,1
fresh_visobert_07919,0,0,1,1
fresh_visobert_10818,0,0,1,1
fresh_visobert_09325,0,0,1,1
fresh_visobert_01274,0,0,1,1
fresh_visobert_10810,0,0,1,1
fresh_visobert_07983,0,0,1,1
fresh_visobert_10375,0,0,1,1
fresh_visobert_11727,0,0,1,1
fresh_visobert_02463,0,0,1,1
fresh_visobert_10163,0,0,1,1
fresh_visobert_06416,0,0,1,1
fresh_visobert_06778,0,0,1,1
fresh_visobert_05505,0,0,1,1
fresh_visobert_10076,0,0,1,1
fresh_visobert_11657,0,0,1,1
fresh_visobert_00076,1,1,1,1
fresh_visobert_09684,0,0,1,1
fresh_visobert_11358,0,0,1,1
fresh_visobert_09890,0,0,1,1
fresh_visobert_02255,0,0,1,1
fresh_visobert_09156,0,0,1,1
fresh_visobert_08300,0,0,1,1
fresh_visobert_05624,0,0,1,1
fresh_visobert_02979,0,0,1,1
fresh_visobert_03679,0,0,1,1
fresh_visobert_04555,0,0,1,1
fresh_visobert_02196,0,0,1,1
fresh_visobert_11785,0,0,1,1
fresh_visobert_04910,0,0,1,1
fresh_visobert_00378,0,0,1,1
fresh_visobert_08192,0,0,1,1
fresh_visobert_08185,0,0,1,1
fresh_visobert_10672,0,0,1,1
fresh_visobert_04619,0,0,1,1
fresh_visobert_06294,0,0,1,1
fresh_visobert_03333,0,0,1,1
fresh_visobert_06842,0,0,1,1
fresh_visobert_07977,0,0,1,1
fresh_visobert_06657,0,0,1,1
fresh_visobert_00230,0,0,1,1
fresh_visobert_10331,0,0,1,1
fresh_visobert_06745,0,0,1,1
fresh_visobert_10139,0,0,1,1
fresh_visobert_06606,0,0,1,1
fresh_visobert_11810,0,0,1,1
fresh_visobert_06333,0,0,1,1
fresh_visobert_03735,0,0,1,1
fresh_visobert_04410,0,0,1,1
fresh_visobert_05057,0,0,1,1
fresh_visobert_11510,0,0,1,1
fresh_visobert_09816,0,0,1,1
fresh_visobert_00592,0,0,1,1
fresh_visobert_03530,0,0,1,1
fresh_visobert_06025,0,0,1,1
fresh_visobert_01622,0,0,1,1
fresh_visobert_00748,0,0,1,1
fresh_visobert_00869,0,0,1,1
fresh_visobert_03609,0,0,1,1
fresh_visobert_11880,0,0,1,1
fresh_visobert_07590,0,0,1,1
fresh_visobert_02874,1,0,0,0
fresh_visobert_03126,0,0,1,1
fresh_visobert_09017,0,0,1,1
fresh_visobert_00149,0,0,1,1
fresh_visobert_05559,0,0,1,1
fresh_visobert_00621,0,0,1,1
fresh_visobert_01926,0,0,1,1
fresh_visobert_07722,0,0,1,1
fresh_visobert_06380,0,0,1,1
fresh_visobert_11834,0,0,1,1
fresh_visobert_06254,0,0,1,1
fresh_visobert_05765,0,0,1,1
fresh_visobert_00982,0,0,1,1
fresh_visobert_03602,0,0,1,1
fresh_visobert_08879,0,0,1,1
fresh_visobert_01915,0,0,1,1
fresh_visobert_01816,0,0,1,1
fresh_visobert_02089,0,0,1,1
fresh_visobert_07157,0,0,1,1
fresh_visobert_01434,0,0,1,1
fresh_visobert_08571,0,0,1,1
fresh_visobert_07061,0,0,1,1
fresh_visobert_01119,0,0,1,1
fresh_visobert_05683,0,0,1,1
fresh_visobert_11869,0,0,1,1
fresh_visobert_04367,0,0,1,1
fresh_visobert_03039,0,0,1,1
fresh_visobert_02584,0,0,1,1
fresh_visobert_01821,0,0,1,1
fresh_visobert_07306,0,0,1,1
fresh_visobert_03300,0,0,1,1
fresh_visobert_05466,0,0,1,1
fresh_visobert_06177,0,0,1,1
fresh_visobert_08977,0,0,1,1
fresh_visobert_11882,0,0,1,1
fresh_visobert_05051,0,0,1,1
fresh_visobert_07907,0,0,1,1
fresh_visobert_11929,0,0,1,1
fresh_visobert_11324,0,0,1,1
fresh_visobert_11126,0,0,1,1
fresh_visobert_10069,0,0,1,1
fresh_visobert_04602,0,0,1,1
fresh_visobert_07692,0,0,1,1
fresh_visobert_08768,0,0,1,1
fresh_visobert_06159,1,1,1,1
fresh_visobert_02056,0,0,1,1
fresh_visobert_01567,0,0,1,1
fresh_visobert_03379,0,0,1,1
fresh_visobert_04959,0,0,1,1
fresh_visobert_01203,0,0,1,1
fresh_visobert_03186,0,0,1,1
fresh_visobert_06767,0,0,1,1
fresh_visobert_02787,0,0,1,1
fresh_visobert_10684,0,0,1,1
fresh_visobert_04167,0,0,1,1
fresh_visobert_06932,1,1,1,1
fresh_visobert_09474,1,0,0,0
fresh_visobert_11476,0,0,1,1
fresh_visobert_10374,0,0,1,1
fresh_visobert_02970,0,0,1,1
fresh_visobert_02466,0,0,1,1
fresh_visobert_01478,0,0,1,1
fresh_visobert_05438,0,0,1,1
fresh_visobert_07958,0,0,1,1
fresh_visobert_08446,0,0,1,1
fresh_visobert_02854,0,0,1,1
fresh_visobert_06931,0,0,1,1
fresh_visobert_07128,0,0,1,1
fresh_visobert_02721,0,0,1,1
fresh_visobert_01358,0,0,1,1
fresh_visobert_04441,0,0,1,1
fresh_visobert_09184,0,0,1,1
fresh_visobert_05363,0,0,1,1
fresh_visobert_04101,0,0,1,1
fresh_visobert_11536,0,0,1,1
fresh_visobert_11031,0,0,1,1
fresh_visobert_02138,0,0,1,1
fresh_visobert_09237,0,0,1,1
fresh_visobert_06501,0,0,1,1
fresh_visobert_01260,1,0,0,0
fresh_visobert_08611,1,0,0,0
fresh_visobert_08163,0,0,1,1
fresh_visobert_08268,0,0,1,1
fresh_visobert_07303,0,0,1,1
fresh_visobert_04119,0,0,1,1
fresh_visobert_00681,0,0,1,1
fresh_visobert_00247,0,0,1,1
fresh_visobert_07749,0,0,1,1
fresh_visobert_05920,0,0,1,1
fresh_visobert_04064,0,0,1,1
fresh_visobert_11826,0,0,1,1
fresh_visobert_09955,1,0,0,0
fresh_visobert_03531,0,0,1,1
fresh_visobert_05131,0,0,1,1
fresh_visobert_09301,0,0,1,1
fresh_visobert_03521,0,0,1,1
fresh_visobert_09976,0,0,1,1
fresh_visobert_06890,0,0,1,1
fresh_visobert_08897,0,0,1,1
fresh_visobert_09138,0,0,1,1
fresh_visobert_00578,0,0,1,1
fresh_visobert_11415,1,0,0,0
fresh_visobert_01856,0,0,1,1
fresh_visobert_04220,0,0,1,1
fresh_visobert_04202,0,0,1,1
fresh_visobert_01971,0,0,1,1
fresh_visobert_05411,0,0,1,1
fresh_visobert_02574,0,0,1,1
fresh_visobert_04462,0,0,1,1
fresh_visobert_01627,0,0,1,1
fresh_visobert_01491,0,0,1,1
fresh_visobert_01446,0,0,1,1
fresh_visobert_00718,0,0,1,1
fresh_visobert_10706,1,1,1,1
fresh_visobert_09567,0,0,1,1
fresh_visobert_07115,0,0,1,1
fresh_visobert_01401,0,0,1,1
fresh_visobert_07499,0,0,1,1
fresh_visobert_09603,0,0,1,1
fresh_visobert_00759,0,0,1,1
fresh_visobert_03746,0,0,1,1
fresh_visobert_09653,0,0,1,1
fresh_visobert_03400,0,0,1,1
fresh_visobert_00445,0,0,1,1
fresh_visobert_08984,0,0,1,1
fresh_visobert_01151,0,0,1,1
fresh_visobert_10834,0,0,1,1
fresh_visobert_01266,0,0,1,1
fresh_visobert_00946,0,0,1,1
fresh_visobert_02928,0,0,1,1
fresh_visobert_02014,0,0,1,1
fresh_visobert_11665,0,0,1,1
fresh_visobert_11697,0,0,1,1
fresh_visobert_01256,0,0,1,1
fresh_visobert_05468,0,0,1,1
fresh_visobert_06571,0,0,1,1
fresh_visobert_09947,0,0,1,1
fresh_visobert_06237,1,1,1,1
fresh_visobert_10748,0,0,1,1
fresh_visobert_09083,0,0,1,1
fresh_visobert_11043,0,0,1,1
fresh_visobert_10269,0,0,1,1
fresh_visobert_11356,0,0,1,1
fresh_visobert_07732,0,0,1,1
fresh_visobert_10948,0,0,1,1
fresh_visobert_06301,0,0,1,1
fresh_visobert_10244,0,0,1,1
fresh_visobert_02484,0,0,1,1
fresh_visobert_10220,0,0,1,1
fresh_visobert_11521,1,1,1,1
fresh_visobert_09283,0,0,1,1
fresh_visobert_04504,0,0,1,1
fresh_visobert_02174,0,0,1,1
fresh_visobert_02064,0,0,1,1
fresh_visobert_11549,0,0,1,1
fresh_visobert_06726,0,0,1,1
fresh_visobert_11303,0,0,1,1
fresh_visobert_09952,0,0,1,1
fresh_visobert_08276,0,0,1,1
fresh_visobert_02807,0,0,1,1
fresh_visobert_10388,0,0,1,1
fresh_visobert_03371,0,0,1,1
fresh_visobert_07568,0,0,1,1
fresh_visobert_01592,0,0,1,1
fresh_visobert_06977,0,0,1,1
fresh_visobert_00752,0,0,1,1
fresh_visobert_10300,0,0,1,1
fresh_visobert_09491,1,1,1,1
fresh_visobert_02234,0,0,1,1
fresh_visobert_06935,0,0,1,1
fresh_visobert_02205,0,0,1,1
fresh_visobert_04549,0,0,1,1
fresh_visobert_09446,0,0,1,1
fresh_visobert_03777,0,0,1,1
fresh_visobert_09986,0,0,1,1
fresh_visobert_01211,0,0,1,1
fresh_visobert_07872,0,0,1,1
fresh_visobert_03831,0,0,1,1
fresh_visobert_06386,0,0,1,1
fresh_visobert_07673,0,0,1,1
fresh_visobert_11977,0,0,1,1
fresh_visobert_06683,0,0,1,1
fresh_visobert_05113,0,0,1,1
fresh_visobert_08974,0,0,1,1
fresh_visobert_06896,0,0,1,1
fresh_visobert_02661,0,0,1,1
fresh_visobert_05502,0,0,1,1
fresh_visobert_06937,0,0,1,1
fresh_visobert_03966,0,0,1,1
fresh_visobert_02492,0,0,1,1
fresh_visobert_08489,0,0,1,1
fresh_visobert_05288,1,0,0,0
fresh_visobert_09672,0,0,1,1
fresh_visobert_03182,0,0,1,1
fresh_visobert_05755,0,0,1,1
fresh_visobert_02067,0,0,1,1
fresh_visobert_08326,0,0,1,1
fresh_visobert_09865,0,0,1,1
fresh_visobert_04627,0,0,1,1
fresh_visobert_06716,1,0,0,0
fresh_visobert_11184,0,0,1,1
fresh_visobert_06522,0,0,1,1
fresh_visobert_06344,0,0,1,1
fresh_visobert_08999,0,0,1,1
fresh_visobert_08673,0,0,1,1
fresh_visobert_07736,1,0,0,0
fresh_visobert_08943,0,0,1,1
fresh_visobert_06116,0,0,1,1
fresh_visobert_07355,0,0,1,1
fresh_visobert_02198,0,0,1,1
fresh_visobert_05513,0,0,1,1
fresh_visobert_11708,0,0,1,1
fresh_visobert_08450,0,0,1,1
fresh_visobert_01471,0,0,1,1
fresh_visobert_11403,0,0,1,1
fresh_visobert_09339,0,0,1,1
fresh_visobert_03491,0,0,1,1
fresh_visobert_08356,0,0,1,1
fresh_visobert_05865,0,0,1,1
fresh_visobert_00128,0,0,1,1
fresh_visobert_10355,0,0,1,1
fresh_visobert_11153,0,0,1,1
fresh_visobert_08104,0,0,1,1
fresh_visobert_05111,0,0,1,1
fresh_visobert_04795,1,0,0,0
fresh_visobert_03940,0,0,1,1
fresh_visobert_08378,1,0,0,0
fresh_visobert_01422,0,0,1,1
fresh_visobert_04470,0,0,1,1
fresh_visobert_06019,1,0,0,0
fresh_visobert_08991,0,0,1,1
fresh_visobert_11155,0,0,1,1
fresh_visobert_03953,0,0,1,1
fresh_visobert_07055,0,0,1,1
fresh_visobert_08951,0,0,1,1
fresh_visobert_05562,0,0,1,1
fresh_visobert_07016,0,0,1,1
fresh_visobert_03789,1,0,0,0
fresh_visobert_01863,0,0,1,1
fresh_visobert_01033,0,0,1,1
fresh_visobert_06272,0,0,1,1
fresh_visobert_01916,0,0,1,1
fresh_visobert_07508,0,0,1,1
fresh_visobert_00618,0,0,1,1
fresh_visobert_10229,0,0,1,1
fresh_visobert_11952,0,0,1,1
fresh_visobert_03025,0,0,1,1
fresh_visobert_09187,0,0,1,1
fresh_visobert_05658,0,0,1,1
fresh_visobert_02784,0,0,1,1
fresh_visobert_04395,0,0,1,1
fresh_visobert_08678,1,0,0,0
fresh_visobert_02451,0,0,1,1
fresh_visobert_02612,0,0,1,1
fresh_visobert_01584,0,0,1,1
fresh_visobert_10398,0,0,1,1
fresh_visobert_07389,0,0,1,1
fresh_visobert_07059,0,0,1,1
fresh_visobert_08006,0,0,1,1
fresh_visobert_06732,1,0,0,0
fresh_visobert_11932,0,0,1,1
fresh_visobert_00842,0,0,1,1
fresh_visobert_09898,0,0,1,1
fresh_visobert_09834,0,0,1,1
fresh_visobert_11048,0,0,1,1
fresh_visobert_07955,0,0,1,1
fresh_visobert_09735,1,0,0,0
fresh_visobert_01304,0,0,1,1
fresh_visobert_02653,0,0,1,1
fresh_visobert_05198,0,0,1,1
fresh_visobert_10856,0,0,1,1
fresh_visobert_06406,0,0,1,1
fresh_visobert_00645,0,0,1,1
fresh_visobert_02580,0,0,1,1
fresh_visobert_10243,0,0,1,1
fresh_visobert_03916,0,0,1,1
fresh_visobert_07426,0,0,1,1
fresh_visobert_02776,0,0,1,1
fresh_visobert_04291,0,0,1,1
fresh_visobert_06426,1,1,1,1
fresh_visobert_04292,0,0,1,1
fresh_visobert_06374,1,1,1,1
fresh_visobert_07802,0,0,1,1
fresh_visobert_03835,0,0,1,1
fresh_visobert_02352,0,0,1,1
fresh_visobert_07599,0,0,1,1
fresh_visobert_03578,0,0,1,1
fresh_visobert_03950,0,0,1,1
fresh_visobert_01614,0,0,1,1
fresh_visobert_10888,0,0,1,1
fresh_visobert_00849,0,0,1,1
fresh_visobert_01298,0,0,1,1
fresh_visobert_01185,0,0,1,1
fresh_visobert_03669,0,0,1,1
fresh_visobert_04763,0,0,1,1
fresh_visobert_01681,0,0,1,1
fresh_visobert_03245,0,0,1,1
fresh_visobert_08959,0,0,1,1
fresh_visobert_02280,0,0,1,1
fresh_visobert_11119,0,0,1,1
fresh_visobert_00900,0,0,1,1
fresh_visobert_03487,0,0,1,1
fresh_visobert_11336,0,0,1,1
fresh_visobert_08635,0,0,1,1
fresh_visobert_03988,0,0,1,1
fresh_visobert_07887,0,0,1,1
fresh_visobert_06180,0,0,1,1
fresh_visobert_08963,0,0,1,1
fresh_visobert_08198,0,0,1,1
fresh_visobert_06860,0,0,1,1
fresh_visobert_01718,0,0,1,1
fresh_visobert_03528,0,0,1,1
fresh_visobert_10636,0,0,1,1
fresh_visobert_10746,0,0,1,1
fresh_visobert_11967,0,0,1,1
fresh_visobert_08144,0,0,1,1
fresh_visobert_06277,0,0,1,1
fresh_visobert_02228,0,0,1,1
fresh_visobert_07522,0,0,1,1
fresh_visobert_05509,0,0,1,1
fresh_visobert_00778,0,0,1,1
fresh_visobert_04894,0,0,1,1
fresh_visobert_03057,0,0,1,1
fresh_visobert_01858,0,0,1,1
fresh_visobert_11426,0,0,1,1
fresh_visobert_10084,0,0,1,1
fresh_visobert_03168,0,0,1,1
fresh_visobert_02860,0,0,1,1
fresh_visobert_09009,0,0,1,1
fresh_visobert_03651,0,0,1,1
fresh_visobert_09500,0,0,1,1
fresh_visobert_05461,0,0,1,1
fresh_visobert_10655,0,0,1,1
fresh_visobert_09862,0,0,1,1
fresh_visobert_02862,0,0,1,1
fresh_visobert_07242,0,0,1,1
fresh_visobert_09099,0,0,1,1
fresh_visobert_02340,0,0,1,1
fresh_visobert_04133,0,0,1,1
fresh_visobert_10148,0,0,1,1
fresh_visobert_07341,0,0,1,1
fresh_visobert_04663,0,0,1,1
fresh_visobert_00283,0,0,1,1
fresh_visobert_05494,0,0,1,1
fresh_visobert_09823,0,0,1,1
fresh_visobert_07559,0,0,1,1
fresh_visobert_07957,0,0,1,1
fresh_visobert_04600,0,0,1,1
fresh_visobert_08821,0,0,1,1
fresh_visobert_08332,0,0,1,1
fresh_visobert_08174,0,0,1,1
fresh_visobert_02503,0,0,1,1
fresh_visobert_09155,0,0,1,1
fresh_visobert_01255,0,0,1,1
fresh_visobert_11268,0,0,1,1
fresh_visobert_10174,0,0,1,1
fresh_visobert_06856,0,0,1,1
fresh_visobert_09146,0,0,1,1
fresh_visobert_04460,0,0,1,1
fresh_visobert_08760,0,0,1,1
fresh_visobert_10447,0,0,1,1
fresh_visobert_05006,0,0,1,1
fresh_visobert_08308,0,0,1,1
fresh_visobert_04433,0,0,1,1
fresh_visobert_01153,0,0,1,1
fresh_visobert_08148,1,0,0,0
fresh_visobert_02054,0,0,1,1
fresh_visobert_07834,0,0,1,1
fresh_visobert_07571,0,0,1,1
fresh_visobert_01386,0,0,1,1
fresh_visobert_11552,0,0,1,1
fresh_visobert_00153,0,0,1,1
fresh_visobert_07671,0,0,1,1
fresh_visobert_03500,0,0,1,1
fresh_visobert_02434,0,0,1,1
fresh_visobert_10796,0,0,1,1
fresh_visobert_00893,0,0,1,1
fresh_visobert_05491,0,0,1,1
fresh_visobert_11104,0,0,1,1
fresh_visobert_03659,0,0,1,1
fresh_visobert_05152,0,0,1,1
fresh_visobert_06507,0,0,1,1
fresh_visobert_06923,0,0,1,1
fresh_visobert_00542,0,0,1,1
fresh_visobert_09124,1,0,0,0
fresh_visobert_00693,0,0,1,1
fresh_visobert_04183,0,0,1,1
fresh_visobert_07550,0,0,1,1
fresh_visobert_05450,0,0,1,1
fresh_visobert_00348,0,0,1,1
fresh_visobert_05996,0,0,1,1
fresh_visobert_04946,0,0,1,1
fresh_visobert_10552,0,0,1,1
fresh_visobert_01680,0,0,1,1
fresh_visobert_03354,0,0,1,1
fresh_visobert_06056,0,0,1,1
fresh_visobert_07214,1,1,1,1
fresh_visobert_06151,0,0,1,1
fresh_visobert_05676,0,0,1,1
fresh_visobert_10648,0,0,1,1
fresh_visobert_02347,0,0,1,1
fresh_visobert_09513,0,0,1,1
fresh_visobert_10270,0,0,1,1
fresh_visobert_02290,0,0,1,1
fresh_visobert_06037,0,0,1,1
fresh_visobert_00926,0,0,1,1
fresh_visobert_02515,0,0,1,1
fresh_visobert_03932,0,0,1,1
fresh_visobert_10260,0,0,1,1
fresh_visobert_05481,0,0,1,1
fresh_visobert_04044,0,0,1,1
fresh_visobert_07580,0,0,1,1
fresh_visobert_00935,0,0,1,1
fresh_visobert_08669,0,0,1,1
fresh_visobert_01026,0,0,1,1
fresh_visobert_00239,0,0,1,1
fresh_visobert_02060,0,0,1,1
fresh_visobert_04087,1,0,0,0
fresh_visobert_11895,0,0,1,1
fresh_visobert_09751,0,0,1,1
fresh_visobert_05979,0,0,1,1
fresh_visobert_00324,0,0,1,1
fresh_visobert_02978,0,0,1,1
fresh_visobert_01598,1,0,0,0
fresh_visobert_00152,0,0,1,1
fresh_visobert_03636,0,0,1,1
fresh_visobert_02450,0,0,1,1
fresh_visobert_00945,0,0,1,1
fresh_visobert_05035,0,0,1,1
fresh_visobert_03686,0,0,1,1
fresh_visobert_09368,0,0,1,1
fresh_visobert_11340,0,0,1,1
fresh_visobert_02185,0,0,1,1
fresh_visobert_05031,0,0,1,1
fresh_visobert_08189,0,0,1,1
fresh_visobert_08462,0,0,1,1
fresh_visobert_06011,0,0,1,1
fresh_visobert_10785,1,0,0,0
fresh_visobert_03060,0,0,1,1
fresh_visobert_09479,0,0,1,1
fresh_visobert_10639,0,0,1,1
fresh_visobert_04543,0,0,1,1
fresh_visobert_05112,0,0,1,1
fresh_visobert_10191,1,0,0,0
fresh_visobert_09069,0,0,1,1
fresh_visobert_01212,0,0,1,1
fresh_visobert_11658,0,0,1,1
fresh_visobert_03469,0,0,1,1
fresh_visobert_06346,0,0,1,1
fresh_visobert_08687,0,0,1,1
fresh_visobert_05355,0,0,1,1
fresh_visobert_08895,0,0,1,1
fresh_visobert_00457,0,0,1,1
fresh_visobert_09403,0,0,1,1
fresh_visobert_10031,0,0,1,1
fresh_visobert_04968,0,0,1,1
fresh_visobert_02939,0,0,1,1
fresh_visobert_07439,0,0,1,1
fresh_visobert_05930,0,0,1,1
fresh_visobert_07932,1,0,0,0
fresh_visobert_08063,0,0,1,1
fresh_visobert_01800,0,0,1,1
fresh_visobert_05767,0,0,1,1
fresh_visobert_10281,0,0,1,1
fresh_visobert_04904,0,0,1,1
fresh_visobert_09053,0,0,1,1
fresh_visobert_01612,0,0,1,1
fresh_visobert_01443,0,0,1,1
fresh_visobert_09501,0,0,1,1
fresh_visobert_02805,0,0,1,1
fresh_visobert_08789,1,1,1,1
fresh_visobert_03206,0,0,1,1
fresh_visobert_04260,0,0,1,1
fresh_visobert_03565,0,0,1,1
fresh_visobert_06295,0,0,1,1
fresh_visobert_04267,0,0,1,1
fresh_visobert_07653,0,0,1,1
fresh_visobert_05120,0,0,1,1
fresh_visobert_07149,0,0,1,1
fresh_visobert_05907,0,0,1,1
fresh_visobert_05649,0,0,1,1
fresh_visobert_08427,1,1,1,1
fresh_visobert_05703,0,0,1,1
fresh_visobert_02824,0,0,1,1
fresh_visobert_00967,0,0,1,1
fresh_visobert_09220,0,0,1,1
fresh_visobert_03485,0,0,1,1
fresh_visobert_06404,0,0,1,1
fresh_visobert_02483,0,0,1,1
fresh_visobert_02931,0,0,1,1
fresh_visobert_06494,0,0,1,1
fresh_visobert_09896,0,0,1,1
fresh_visobert_01122,0,0,1,1
fresh_visobert_08058,0,0,1,1
fresh_visobert_10251,0,0,1,1
fresh_visobert_09559,0,0,1,1
fresh_visobert_05322,0,0,1,1
fresh_visobert_07689,0,0,1,1
fresh_visobert_00932,0,0,1,1
fresh_visobert_09348,0,0,1,1
fresh_visobert_04195,0,0,1,1
fresh_visobert_06602,0,0,1,1
fresh_visobert_04503,0,0,1,1
fresh_visobert_09035,0,0,1,1
fresh_visobert_10019,0,0,1,1
fresh_visobert_07474,0,0,1,1
fresh_visobert_11007,0,0,1,1
fresh_visobert_05225,0,0,1,1
fresh_visobert_08367,0,0,1,1
fresh_visobert_05958,0,0,1,1
fresh_visobert_01126,0,0,1,1
fresh_visobert_04750,0,0,1,1
fresh_visobert_09266,0,0,1,1
fresh_visobert_10190,0,0,1,1
fresh_visobert_01507,0,0,1,1
fresh_visobert_06741,0,0,1,1
fresh_visobert_08684,0,0,1,1
fresh_visobert_08023,0,0,1,1
fresh_visobert_02741,0,0,1,1
fresh_visobert_06493,0,0,1,1
fresh_visobert_02448,0,0,1,1
fresh_visobert_07095,0,0,1,1
fresh_visobert_04586,0,0,1,1
fresh_visobert_05723,0,0,1,1
fresh_visobert_01384,0,0,1,1
fresh_visobert_02286,0,0,1,1
fresh_visobert_04768,0,0,1,1
fresh_visobert_10122,0,0,1,1
fresh_visobert_06317,0,0,1,1
fresh_visobert_11629,0,0,1,1
fresh_visobert_04845,0,0,1,1
fresh_visobert_07210,0,0,1,1
fresh_visobert_01653,0,0,1,1
fresh_visobert_06654,1,1,1,1
fresh_visobert_09597,0,0,1,1
fresh_visobert_06920,0,0,1,1
fresh_visobert_10634,0,0,1,1
fresh_visobert_00955,0,0,1,1
fresh_visobert_09258,0,0,1,1
fresh_visobert_08321,0,0,1,1
fresh_visobert_05244,0,0,1,1
fresh_visobert_09216,0,0,1,1
fresh_visobert_06093,0,0,1,1
fresh_visobert_09424,0,0,1,1
fresh_visobert_00289,0,0,1,1
fresh_visobert_01522,0,0,1,1
fresh_visobert_04902,0,0,1,1
fresh_visobert_05243,0,0,1,1
fresh_visobert_07618,1,0,0,0
fresh_visobert_11538,0,0,1,1
fresh_visobert_08886,1,1,1,1
fresh_visobert_06550,0,0,1,1
fresh_visobert_11118,0,0,1,1
fresh_visobert_08848,1,0,0,0
fresh_visobert_11074,0,0,1,1
fresh_visobert_07285,0,0,1,1
fresh_visobert_01589,1,1,1,1
fresh_visobert_01888,0,0,1,1
fresh_visobert_11726,1,0,0,0
fresh_visobert_08054,0,0,1,1
fresh_visobert_00865,0,0,1,1
fresh_visobert_07354,0,0,1,1
fresh_visobert_02200,0,0,1,1
fresh_visobert_07218,0,0,1,1
fresh_visobert_05379,0,0,1,1
fresh_visobert_07903,0,0,1,1
fresh_visobert_07767,0,0,1,1
fresh_visobert_00075,0,0,1,1
fresh_visobert_03298,0,0,1,1
fresh_visobert_00473,0,0,1,1
fresh_visobert_05040,0,0,1,1
fresh_visobert_03123,0,0,1,1
fresh_visobert_02248,0,0,1,1
fresh_visobert_00918,0,0,1,1
fresh_visobert_00116,0,0,1,1
fresh_visobert_00832,0,0,1,1
fresh_visobert_02106,1,0,0,0
fresh_visobert_10483,0,0,1,1
fresh_visobert_02849,0,0,1,1
fresh_visobert_01610,0,0,1,1
fresh_visobert_05796,0,0,1,1
fresh_visobert_03532,0,0,1,1
fresh_visobert_04556,0,0,1,1
fresh_visobert_05801,0,0,1,1
fresh_visobert_11923,0,0,1,1
fresh_visobert_04153,0,0,1,1
fresh_visobert_02203,0,0,1,1
fresh_visobert_08207,0,0,1,1
fresh_visobert_10905,0,0,1,1
fresh_visobert_03253,0,0,1,1
fresh_visobert_07455,0,0,1,1
fresh_visobert_02422,0,0,1,1
fresh_visobert_06038,0,0,1,1
fresh_visobert_03934,0,0,1,1
fresh_visobert_10760,1,1,1,1
fresh_visobert_04163,0,0,1,1
fresh_visobert_05195,0,0,1,1
fresh_visobert_09402,0,0,1,1
fresh_visobert_08212,0,0,1,1
fresh_visobert_04687,0,0,1,1
fresh_visobert_11983,1,1,1,1
fresh_visobert_02964,0,0,1,1
fresh_visobert_04980,0,0,1,1
fresh_visobert_00602,0,0,1,1
fresh_visobert_02478,0,0,1,1
fresh_visobert_09656,0,0,1,1
fresh_visobert_07050,0,0,1,1
fresh_visobert_06804,0,0,1,1
fresh_visobert_03067,0,0,1,1
fresh_visobert_08553,0,0,1,1
fresh_visobert_07409,0,0,1,1
fresh_visobert_03929,0,0,1,1
fresh_visobert_00427,0,0,1,1
fresh_visobert_02760,0,0,1,1
fresh_visobert_01603,0,0,1,1
fresh_visobert_10162,0,0,1,1
fresh_visobert_02812,0,0,1,1
fresh_visobert_05335,0,0,1,1
fresh_visobert_02122,0,0,1,1
fresh_visobert_10609,0,0,1,1
fresh_visobert_10493,0,0,1,1
fresh_visobert_05251,0,0,1,1
fresh_visobert_00989,0,0,1,1
fresh_visobert_00357,0,0,1,1
fresh_visobert_07007,0,0,1,1
fresh_visobert_10553,1,0,0,0
fresh_visobert_07101,0,0,1,1
fresh_visobert_01152,0,0,1,1
fresh_visobert_09277,0,0,1,1
fresh_visobert_04266,0,0,1,1
fresh_visobert_06829,0,0,1,1
fresh_visobert_09535,0,0,1,1
fresh_visobert_03432,0,0,1,1
fresh_visobert_00505,0,0,1,1
fresh_visobert_02293,0,0,1,1
fresh_visobert_03199,0,0,1,1
fresh_visobert_11679,0,0,1,1
fresh_visobert_08165,0,0,1,1
fresh_visobert_10324,0,0,1,1
fresh_visobert_01333,0,0,1,1
fresh_visobert_07152,0,0,1,1
fresh_visobert_04956,0,0,1,1
fresh_visobert_05514,0,0,1,1
fresh_visobert_06289,0,0,1,1
fresh_visobert_07595,0,0,1,1
fresh_visobert_02472,0,0,1,1
fresh_visobert_07507,0,0,1,1
fresh_visobert_02918,0,0,1,1
fresh_visobert_04430,0,0,1,1
fresh_visobert_00581,0,0,1,1
fresh_visobert_11696,0,0,1,1
fresh_visobert_05274,0,0,1,1
fresh_visobert_11359,0,0,1,1
fresh_visobert_08949,0,0,1,1
fresh_visobert_11518,0,0,1,1
fresh_visobert_09789,0,0,1,1
fresh_visobert_06895,0,0,1,1
fresh_visobert_04181,0,0,1,1
fresh_visobert_02490,0,0,1,1
fresh_visobert_11302,0,0,1,1
fresh_visobert_02386,0,0,1,1
fresh_visobert_07182,1,0,0,0
fresh_visobert_00833,1,0,0,0
fresh_visobert_11627,0,0,1,1
fresh_visobert_06288,0,0,1,1
fresh_visobert_05105,0,0,1,1
fresh_visobert_11709,0,0,1,1
fresh_visobert_07251,0,0,1,1
fresh_visobert_05199,0,0,1,1
fresh_visobert_03282,0,0,1,1
fresh_visobert_06643,1,1,1,1
fresh_visobert_06644,0,0,1,1
fresh_visobert_08444,0,0,1,1
fresh_visobert_00201,0,0,1,1
fresh_visobert_00027,0,0,1,1
fresh_visobert_08081,1,1,1,1
fresh_visobert_07616,0,0,1,1
fresh_visobert_10039,0,0,1,1
fresh_visobert_05648,0,0,1,1
fresh_visobert_04764,0,0,1,1
fresh_visobert_08229,0,0,1,1
fresh_visobert_05279,0,0,1,1
fresh_visobert_09201,0,0,1,1
fresh_visobert_07362,0,0,1,1
fresh_visobert_07725,0,0,1,1
fresh_visobert_02950,0,0,1,1
fresh_visobert_03716,0,0,1,1
fresh_visobert_05551,0,0,1,1
fresh_visobert_04727,0,0,1,1
fresh_visobert_06546,0,0,1,1
fresh_visobert_07482,1,0,0,0
fresh_visobert_01647,0,0,1,1
fresh_visobert_05187,0,0,1,1
fresh_visobert_00726,0,0,1,1
fresh_visobert_08588,0,0,1,1
fresh_visobert_07591,0,0,1,1
fresh_visobert_05588,0,0,1,1
fresh_visobert_09370,0,0,1,1
fresh_visobert_09391,0,0,1,1
fresh_visobert_04562,0,0,1,1
fresh_visobert_04962,0,0,1,1
fresh_visobert_00776,0,0,1,1
fresh_visobert_08550,0,0,1,1
fresh_visobert_06369,1,1,1,1
fresh_visobert_09786,0,0,1,1
fresh_visobert_00479,0,0,1,1
fresh_visobert_05733,0,0,1,1
fresh_visobert_01393,0,0,1,1
fresh_visobert_00133,0,0,1,1
fresh_visobert_00097,0,0,1,1
fresh_visobert_04272,0,0,1,1
fresh_visobert_00540,0,0,1,1
fresh_visobert_04767,0,0,1,1
fresh_visobert_08363,0,0,1,1
fresh_visobert_03411,0,0,1,1
fresh_visobert_09276,0,0,1,1
fresh_visobert_03770,0,0,1,1
fresh_visobert_05504,0,0,1,1
fresh_visobert_00632,1,0,0,0
fresh_visobert_03506,0,0,1,1
fresh_visobert_01407,0,0,1,1
fresh_visobert_09001,0,0,1,1
fresh_visobert_02086,1,1,1,1
fresh_visobert_04415,0,0,1,1
fresh_visobert_03260,0,0,1,1
fresh_visobert_09455,0,0,1,1
fresh_visobert_10462,0,0,1,1
fresh_visobert_03715,0,0,1,1
fresh_visobert_09417,0,0,1,1
fresh_visobert_08655,0,0,1,1
fresh_visobert_03595,0,0,1,1
fresh_visobert_04559,0,0,1,1
fresh_visobert_11376,0,0,1,1
fresh_visobert_01018,0,0,1,1
fresh_visobert_11404,0,0,1,1
fresh_visobert_03345,0,0,1,1
fresh_visobert_08889,1,1,1,1
fresh_visobert_01357,0,0,1,1
fresh_visobert_06328,0,0,1,1
fresh_visobert_00738,0,0,1,1
fresh_visobert_00911,0,0,1,1
fresh_visobert_04076,0,0,1,1
fresh_visobert_01078,0,0,1,1
fresh_visobert_10821,0,0,1,1
fresh_visobert_11445,0,0,1,1
fresh_visobert_02314,0,0,1,1
fresh_visobert_10332,0,0,1,1
fresh_visobert_00974,0,0,1,1
fresh_visobert_07509,0,0,1,1
fresh_visobert_01613,0,0,1,1
fresh_visobert_09374,1,1,1,1
fresh_visobert_00596,0,0,1,1
fresh_visobert_07029,0,0,1,1
fresh_visobert_05296,0,0,1,1
fresh_visobert_03908,0,0,1,1
fresh_visobert_05927,0,0,1,1
fresh_visobert_07347,0,0,1,1
fresh_visobert_10828,0,0,1,1
fresh_visobert_05806,0,0,1,1
fresh_visobert_02155,0,0,1,1
fresh_visobert_06699,0,0,1,1
fresh_visobert_10043,0,0,1,1
fresh_visobert_08133,0,0,1,1
fresh_visobert_06737,0,0,1,1
fresh_visobert_10939,0,0,1,1
fresh_visobert_06913,0,0,1,1
fresh_visobert_09436,0,0,1,1
fresh_visobert_08767,0,0,1,1
fresh_visobert_09462,0,0,1,1
fresh_visobert_11192,0,0,1,1
fresh_visobert_05200,0,0,1,1
fresh_visobert_01217,0,0,1,1
fresh_visobert_09244,0,0,1,1
fresh_visobert_00355,0,0,1,1
fresh_visobert_04730,0,0,1,1
fresh_visobert_09168,0,0,1,1
fresh_visobert_01059,0,0,1,1
fresh_visobert_08512,0,0,1,1
fresh_visobert_04129,0,0,1,1
fresh_visobert_10501,0,0,1,1
fresh_visobert_02581,0,0,1,1
fresh_visobert_11405,0,0,1,1
fresh_visobert_08744,0,0,1,1
fresh_visobert_02591,0,0,1,1
fresh_visobert_07233,0,0,1,1
fresh_visobert_09912,0,0,1,1
fresh_visobert_09315,0,0,1,1
fresh_visobert_02525,0,0,1,1
fresh_visobert_06862,0,0,1,1
fresh_visobert_00192,0,0,1,1
fresh_visobert_10832,0,0,1,1
fresh_visobert_05747,0,0,1,1
fresh_visobert_11513,0,0,1,1
fresh_visobert_08242,0,0,1,1
fresh_visobert_10604,0,0,1,1
fresh_visobert_05593,0,0,1,1
fresh_visobert_00363,0,0,1,1
fresh_visobert_09393,0,0,1,1
fresh_visobert_05134,0,0,1,1
fresh_visobert_02338,0,0,1,1
fresh_visobert_04050,0,0,1,1
fresh_visobert_05371,0,0,1,1
fresh_visobert_11701,0,0,1,1
fresh_visobert_08903,0,0,1,1
fresh_visobert_10439,0,0,1,1
fresh_visobert_10454,0,0,1,1
fresh_visobert_00187,0,0,1,1
fresh_visobert_03964,0,0,1,1
fresh_visobert_00741,0,0,1,1
fresh_visobert_03495,0,0,1,1
fresh_visobert_08620,0,0,1,1
fresh_visobert_02163,0,0,1,1
fresh_visobert_09748,0,0,1,1
fresh_visobert_06796,0,0,1,1
fresh_visobert_08750,0,0,1,1
fresh_visobert_08072,0,0,1,1
fresh_visobert_11970,0,0,1,1
fresh_visobert_06808,0,0,1,1
fresh_visobert_04247,0,0,1,1
fresh_visobert_04513,0,0,1,1
fresh_visobert_10341,0,0,1,1
fresh_visobert_03162,0,0,1,1
fresh_visobert_02643,0,0,1,1
fresh_visobert_02675,0,0,1,1
fresh_visobert_00627,0,0,1,1
fresh_visobert_02848,0,0,1,1
fresh_visobert_10715,0,0,1,1
fresh_visobert_04742,0,0,1,1
fresh_visobert_00978,0,0,1,1
fresh_visobert_06919,1,1,1,1
fresh_visobert_08182,0,0,1,1
fresh_visobert_11354,0,0,1,1
fresh_visobert_11290,0,0,1,1
fresh_visobert_09131,0,0,1,1
fresh_visobert_04626,0,0,1,1
fresh_visobert_10701,0,0,1,1
fresh_visobert_06814,0,0,1,1
fresh_visobert_07674,1,1,1,1
fresh_visobert_07670,0,0,1,1
fresh_visobert_06542,0,0,1,1
fresh_visobert_05983,0,0,1,1
fresh_visobert_04093,0,0,1,1
fresh_visobert_00245,0,0,1,1
fresh_visobert_06790,0,0,1,1
fresh_visobert_02462,0,0,1,1
fresh_visobert_11837,0,0,1,1
fresh_visobert_00103,0,0,1,1
fresh_visobert_06168,0,0,1,1
fresh_visobert_10679,0,0,1,1
fresh_visobert_03599,0,0,1,1
fresh_visobert_03748,0,0,1,1
fresh_visobert_06043,0,0,1,1
fresh_visobert_08586,0,0,1,1
fresh_visobert_08704,0,0,1,1
fresh_visobert_04510,0,0,1,1
fresh_visobert_09134,0,0,1,1
fresh_visobert_08178,0,0,1,1
fresh_visobert_06995,0,0,1,1
fresh_visobert_00996,0,0,1,1
fresh_visobert_06528,0,0,1,1
fresh_visobert_09498,0,0,1,1
fresh_visobert_06353,0,0,1,1
fresh_visobert_05601,0,0,1,1
fresh_visobert_01168,0,0,1,1
fresh_visobert_02246,0,0,1,1
fresh_visobert_03829,0,0,1,1
fresh_visobert_11110,1,1,1,1
fresh_visobert_06989,0,0,1,1
fresh_visobert_03314,0,0,1,1
fresh_visobert_02641,0,0,1,1
fresh_visobert_10716,0,0,1,1
fresh_visobert_01947,0,0,1,1
fresh_visobert_09186,0,0,1,1
fresh_visobert_07466,0,0,1,1
fresh_visobert_03776,0,0,1,1
fresh_visobert_10962,0,0,1,1
fresh_visobert_02475,0,0,1,1
fresh_visobert_08237,0,0,1,1
fresh_visobert_11537,0,0,1,1
fresh_visobert_10669,0,0,1,1
fresh_visobert_05781,0,0,1,1
fresh_visobert_06398,0,0,1,1
fresh_visobert_08138,0,0,1,1
fresh_visobert_02648,0,0,1,1
fresh_visobert_04989,0,0,1,1
fresh_visobert_11428,0,0,1,1
fresh_visobert_03699,0,0,1,1
fresh_visobert_10231,0,0,1,1
fresh_visobert_03425,0,0,1,1
fresh_visobert_06321,0,0,1,1
fresh_visobert_01370,0,0,1,1
fresh_visobert_08724,0,0,1,1
fresh_visobert_04482,0,0,1,1
fresh_visobert_11587,0,0,1,1
fresh_visobert_06943,0,0,1,1
fresh_visobert_03396,0,0,1,1
fresh_visobert_01161,0,0,1,1
fresh_visobert_07790,0,0,1,1
fresh_visobert_10694,0,0,1,1
fresh_visobert_06523,0,0,1,1
fresh_visobert_05020,0,0,1,1
fresh_visobert_05173,0,0,1,1
fresh_visobert_09631,0,0,1,1
fresh_visobert_07043,0,0,1,1
fresh_visobert_04786,0,0,1,1
fresh_visobert_08825,0,0,1,1
fresh_visobert_08713,1,1,1,1
fresh_visobert_07458,0,0,1,1
fresh_visobert_00595,0,0,1,1
fresh_visobert_11411,0,0,1,1
fresh_visobert_00203,0,0,1,1
fresh_visobert_11490,0,0,1,1
fresh_visobert_10557,0,0,1,1
fresh_visobert_07301,0,0,1,1
fresh_visobert_00487,0,0,1,1
fresh_visobert_11089,0,0,1,1
fresh_visobert_08876,0,0,1,1
fresh_visobert_08274,0,0,1,1
fresh_visobert_08422,0,0,1,1
fresh_visobert_11078,0,0,1,1
fresh_visobert_03513,0,0,1,1
fresh_visobert_02915,0,0,1,1
fresh_visobert_10620,0,0,1,1
fresh_visobert_09240,0,0,1,1
fresh_visobert_11041,0,0,1,1
fresh_visobert_03768,0,0,1,1
fresh_visobert_05415,0,0,1,1
fresh_visobert_00746,0,0,1,1
fresh_visobert_04071,1,1,1,1
fresh_visobert_08014,0,0,1,1
fresh_visobert_02025,0,0,1,1
fresh_visobert_04633,0,0,1,1
fresh_visobert_08451,0,0,1,1
fresh_visobert_02980,0,0,1,1
fresh_visobert_01259,0,0,1,1
fresh_visobert_04944,0,0,1,1
fresh_visobert_05944,0,0,1,1
fresh_visobert_07041,0,0,1,1
fresh_visobert_08177,0,0,1,1
fresh_visobert_07047,0,0,1,1
fresh_visobert_00649,0,0,1,1
fresh_visobert_00637,0,0,1,1
fresh_visobert_03353,0,0,1,1
fresh_visobert_00956,0,0,1,1
fresh_visobert_03750,0,0,1,1
fresh_visobert_02367,0,0,1,1
fresh_visobert_00863,0,0,1,1
fresh_visobert_10512,0,0,1,1
fresh_visobert_01439,0,0,1,1
fresh_visobert_08893,1,0,0,0
fresh_visobert_11099,0,0,1,1
fresh_visobert_00322,0,0,1,1
fresh_visobert_09590,0,0,1,1
fresh_visobert_03280,0,0,1,1
fresh_visobert_05595,0,0,1,1
fresh_visobert_11203,0,0,1,1
fresh_visobert_11770,0,0,1,1
fresh_visobert_01533,0,0,1,1
fresh_visobert_00515,0,0,1,1
fresh_visobert_06347,1,0,0,0
fresh_visobert_03518,0,0,1,1
fresh_visobert_01547,0,0,1,1
fresh_visobert_10358,0,0,1,1
fresh_visobert_10976,0,0,1,1
fresh_visobert_02790,0,0,1,1
fresh_visobert_11057,0,0,1,1
fresh_visobert_09648,0,0,1,1
fresh_visobert_10742,0,0,1,1
fresh_visobert_05325,0,0,1,1
fresh_visobert_01079,0,0,1,1
fresh_visobert_08358,0,0,1,1
fresh_visobert_04658,0,0,1,1
fresh_visobert_09730,0,0,1,1
fresh_visobert_07370,0,0,1,1
fresh_visobert_02723,0,0,1,1
fresh_visobert_03111,0,0,1,1
fresh_visobert_01828,0,0,1,1
fresh_visobert_01786,0,0,1,1
fresh_visobert_03066,0,0,1,1
fresh_visobert_06010,1,1,1,1
fresh_visobert_01206,0,0,1,1
fresh_visobert_10314,0,0,1,1
fresh_visobert_10062,0,0,1,1
fresh_visobert_00121,0,0,1,1
fresh_visobert_01545,0,0,1,1
fresh_visobert_02471,0,0,1,1
fresh_visobert_08536,0,0,1,1
fresh_visobert_01302,0,0,1,1
fresh_visobert_06359,0,0,1,1
fresh_visobert_06297,0,0,1,1
fresh_visobert_05759,0,0,1,1
fresh_visobert_11470,1,1,1,1
fresh_visobert_11274,1,0,0,0
fresh_visobert_09188,0,0,1,1
fresh_visobert_02586,0,0,1,1
fresh_visobert_05528,0,0,1,1
fresh_visobert_09840,0,0,1,1
fresh_visobert_00112,0,0,1,1
fresh_visobert_10595,0,0,1,1
fresh_visobert_01537,0,0,1,1
fresh_visobert_02212,0,0,1,1
fresh_visobert_08865,0,0,1,1
fresh_visobert_04883,0,0,1,1
fresh_visobert_08610,0,0,1,1
fresh_visobert_05144,0,0,1,1
fresh_visobert_01955,0,0,1,1
fresh_visobert_11076,0,0,1,1
fresh_visobert_04466,0,0,1,1
fresh_visobert_09666,0,0,1,1
fresh_visobert_07502,0,0,1,1
fresh_visobert_07787,0,0,1,1
fresh_visobert_10408,0,0,1,1
fresh_visobert_06418,0,0,1,1
fresh_visobert_01314,0,0,1,1
fresh_visobert_08779,0,0,1,1
fresh_visobert_09367,0,0,1,1
fresh_visobert_08139,0,0,1,1
fresh_visobert_06079,0,0,1,1
fresh_visobert_05226,0,0,1,1
fresh_visobert_03708,0,0,1,1
fresh_visobert_04780,0,0,1,1
fresh_visobert_08299,0,0,1,1
fresh_visobert_05560,0,0,1,1
fresh_visobert_04303,0,0,1,1
fresh_visobert_10894,0,0,1,1
fresh_visobert_04397,0,0,1,1
fresh_visobert_04822,0,0,1,1
fresh_visobert_06968,0,0,1,1
fresh_visobert_03734,0,0,1,1
fresh_visobert_05785,0,0,1,1
fresh_visobert_09833,0,0,1,1
fresh_visobert_03158,0,0,1,1
fresh_visobert_05123,0,0,1,1
fresh_visobert_08061,0,0,1,1
fresh_visobert_10978,0,0,1,1
fresh_visobert_05573,0,0,1,1
fresh_visobert_09807,0,0,1,1
fresh_visobert_06476,0,0,1,1
fresh_visobert_08214,0,0,1,1
fresh_visobert_08049,0,0,1,1
fresh_visobert_05804,0,0,1,1
fresh_visobert_00669,0,0,1,1
fresh_visobert_04157,0,0,1,1
fresh_visobert_06903,0,0,1,1
fresh_visobert_09150,0,0,1,1
fresh_visobert_02803,0,0,1,1
fresh_visobert_00735,0,0,1,1
fresh_visobert_08463,0,0,1,1
fresh_visobert_09476,0,0,1,1
fresh_visobert_01579,0,0,1,1
fresh_visobert_00908,0,0,1,1
fresh_visobert_10058,0,0,1,1
fresh_visobert_00497,0,0,1,1
fresh_visobert_01920,0,0,1,1
fresh_visobert_05101,0,0,1,1
fresh_visobert_03291,0,0,1,1
fresh_visobert_09159,0,0,1,1
fresh_visobert_10970,0,0,1,1
fresh_visobert_03164,0,0,1,1
fresh_visobert_10073,0,0,1,1
fresh_visobert_05570,0,0,1,1
fresh_visobert_08527,0,0,1,1
fresh_visobert_07008,0,0,1,1
fresh_visobert_08727,0,0,1,1
fresh_visobert_08070,0,0,1,1
fresh_visobert_04597,0,0,1,1
fresh_visobert_00743,0,0,1,1
fresh_visobert_03640,0,0,1,1
fresh_visobert_05630,0,0,1,1
fresh_visobert_01286,0,0,1,1
fresh_visobert_04637,0,0,1,1
fresh_visobert_06930,0,0,1,1
fresh_visobert_01072,0,0,1,1
fresh_visobert_05408,0,0,1,1
fresh_visobert_04352,0,0,1,1
fresh_visobert_11273,0,0,1,1
fresh_visobert_08220,0,0,1,1
fresh_visobert_05066,0,0,1,1
fresh_visobert_06063,1,0,0,0
fresh_visobert_11185,1,0,0,0
fresh_visobert_02088,0,0,1,1
fresh_visobert_03409,0,0,1,1
fresh_visobert_02529,0,0,1,1
fresh_visobert_09169,0,0,1,1
fresh_visobert_10133,0,0,1,1
fresh_visobert_08622,1,1,1,1
fresh_visobert_01417,0,0,1,1
fresh_visobert_04031,0,0,1,1
fresh_visobert_01878,0,0,1,1
fresh_visobert_07965,0,0,1,1
fresh_visobert_10402,0,0,1,1
fresh_visobert_04274,0,0,1,1
fresh_visobert_08533,1,1,1,1
fresh_visobert_11325,0,0,1,1
fresh_visobert_01047,0,0,1,1
fresh_visobert_07013,0,0,1,1
fresh_visobert_04276,0,0,1,1
fresh_visobert_02262,0,0,1,1
fresh_visobert_03854,0,0,1,1
fresh_visobert_05191,0,0,1,1
fresh_visobert_10991,1,0,0,0
fresh_visobert_06949,0,0,1,1
fresh_visobert_06429,0,0,1,1
fresh_visobert_03205,0,0,1,1
fresh_visobert_09019,0,0,1,1
fresh_visobert_06407,0,0,1,1
fresh_visobert_01747,0,0,1,1
fresh_visobert_10990,1,0,0,0
fresh_visobert_06688,0,0,1,1
fresh_visobert_05964,0,0,1,1
fresh_visobert_09008,1,1,1,1
fresh_visobert_02454,0,0,1,1
fresh_visobert_02987,0,0,1,1
fresh_visobert_03598,0,0,1,1
fresh_visobert_10126,0,0,1,1
fresh_visobert_10988,0,0,1,1
fresh_visobert_09554,0,0,1,1
fresh_visobert_08345,1,0,0,0
fresh_visobert_11462,0,0,1,1
fresh_visobert_10467,0,0,1,1
fresh_visobert_08113,0,0,1,1
fresh_visobert_01793,0,0,1,1
fresh_visobert_03479,0,0,1,1
fresh_visobert_09864,0,0,1,1
fresh_visobert_03841,0,0,1,1
fresh_visobert_06228,0,0,1,1
fresh_visobert_10709,0,0,1,1
fresh_visobert_09173,0,0,1,1
fresh_visobert_10773,0,0,1,1
fresh_visobert_00185,0,0,1,1
fresh_visobert_05074,0,0,1,1
fresh_visobert_06368,0,0,1,1
fresh_visobert_00339,0,0,1,1
fresh_visobert_07889,0,0,1,1
fresh_visobert_03099,0,0,1,1
fresh_visobert_11531,0,0,1,1
fresh_visobert_01834,0,0,1,1
fresh_visobert_11960,0,0,1,1
fresh_visobert_03843,0,0,1,1
fresh_visobert_01111,0,0,1,1
fresh_visobert_08161,0,0,1,1
fresh_visobert_02082,0,0,1,1
fresh_visobert_11223,1,1,1,1
fresh_visobert_10130,0,0,1,1
fresh_visobert_09473,0,0,1,1
fresh_visobert_00462,0,0,1,1
fresh_visobert_11985,0,0,1,1
fresh_visobert_10013,0,0,1,1
fresh_visobert_00376,0,0,1,1
fresh_visobert_01483,0,0,1,1
fresh_visobert_11355,0,0,1,1
fresh_visobert_06482,0,0,1,1
fresh_visobert_06714,0,0,1,1
fresh_visobert_09826,0,0,1,1
fresh_visobert_11206,0,0,1,1
fresh_visobert_06780,0,0,1,1
fresh_visobert_06312,0,0,1,1
fresh_visobert_08898,0,0,1,1
fresh_visobert_03793,0,0,1,1
fresh_visobert_04937,0,0,1,1
fresh_visobert_05318,0,0,1,1
fresh_visobert_08325,1,1,1,1
fresh_visobert_11818,0,0,1,1
fresh_visobert_02658,0,0,1,1
fresh_visobert_05178,0,0,1,1
fresh_visobert_10730,1,0,0,0
fresh_visobert_09026,0,0,1,1
fresh_visobert_07279,0,0,1,1
fresh_visobert_03814,0,0,1,1
fresh_visobert_09795,0,0,1,1
fresh_visobert_01387,0,0,1,1
fresh_visobert_07245,0,0,1,1
fresh_visobert_09331,0,0,1,1
fresh_visobert_08837,0,0,1,1
fresh_visobert_03721,0,0,1,1
fresh_visobert_07462,0,0,1,1
fresh_visobert_10012,0,0,1,1
fresh_visobert_05698,0,0,1,1
fresh_visobert_04773,0,0,1,1
fresh_visobert_08448,0,0,1,1
fresh_visobert_08067,0,0,1,1
fresh_visobert_06615,0,0,1,1
fresh_visobert_11909,0,0,1,1
fresh_visobert_00429,0,0,1,1
fresh_visobert_07078,0,0,1,1
fresh_visobert_02533,0,0,1,1
fresh_visobert_04717,0,0,1,1
fresh_visobert_07361,0,0,1,1
fresh_visobert_03727,0,0,1,1
fresh_visobert_07126,0,0,1,1
fresh_visobert_04895,0,0,1,1
fresh_visobert_01820,0,0,1,1
fresh_visobert_06266,0,0,1,1
fresh_visobert_04213,0,0,1,1
fresh_visobert_11611,0,0,1,1
fresh_visobert_11997,0,0,1,1
fresh_visobert_05427,0,0,1,1
fresh_visobert_01128,0,0,1,1
fresh_visobert_10577,0,0,1,1
fresh_visobert_02628,0,0,1,1
fresh_visobert_06641,0,0,1,1
fresh_visobert_11253,0,0,1,1
fresh_visobert_04048,1,1,1,1
fresh_visobert_07094,0,0,1,1
fresh_visobert_11198,0,0,1,1
fresh_visobert_10338,0,0,1,1
fresh_visobert_03128,0,0,1,1
fresh_visobert_01568,0,0,1,1
fresh_visobert_00984,0,0,1,1
fresh_visobert_09438,0,0,1,1
fresh_visobert_07763,0,0,1,1
fresh_visobert_05164,0,0,1,1
fresh_visobert_11860,0,0,1,1
fresh_visobert_01531,0,0,1,1
fresh_visobert_08004,0,0,1,1
fresh_visobert_09622,0,0,1,1
fresh_visobert_06402,0,0,1,1
fresh_visobert_07633,0,0,1,1
fresh_visobert_00519,0,0,1,1
fresh_visobert_02281,0,0,1,1
fresh_visobert_07435,0,0,1,1
fresh_visobert_00117,0,0,1,1
fresh_visobert_03157,0,0,1,1
fresh_visobert_01180,0,0,1,1
fresh_visobert_03374,0,0,1,1
fresh_visobert_08616,0,0,1,1
fresh_visobert_04531,0,0,1,1
fresh_visobert_03865,0,0,1,1
fresh_visobert_11991,0,0,1,1
fresh_visobert_04991,0,0,1,1
fresh_visobert_11776,0,0,1,1
fresh_visobert_02318,0,0,1,1
fresh_visobert_04178,0,0,1,1
fresh_visobert_07353,0,0,1,1
fresh_visobert_02268,0,0,1,1
fresh_visobert_02555,0,0,1,1
fresh_visobert_07261,0,0,1,1
fresh_visobert_04683,0,0,1,1
fresh_visobert_06936,0,0,1,1
fresh_visobert_02940,0,0,1,1
fresh_visobert_06137,1,0,0,0
fresh_visobert_08511,0,0,1,1
fresh_visobert_00881,0,0,1,1
fresh_visobert_04972,0,0,1,1
fresh_visobert_07541,0,0,1,1
fresh_visobert_04670,0,0,1,1
fresh_visobert_01096,1,0,0,0
fresh_visobert_02792,0,0,1,1
fresh_visobert_03670,0,0,1,1
fresh_visobert_08592,0,0,1,1
fresh_visobert_06696,0,0,1,1
fresh_visobert_08766,0,0,1,1
fresh_visobert_10171,0,0,1,1
fresh_visobert_06915,0,0,1,1
fresh_visobert_01827,0,0,1,1
fresh_visobert_05695,0,0,1,1
fresh_visobert_05950,0,0,1,1
fresh_visobert_05177,0,0,1,1
fresh_visobert_04801,0,0,1,1
fresh_visobert_10629,0,0,1,1
fresh_visobert_03947,0,0,1,1
fresh_visobert_00944,0,0,1,1
fresh_visobert_06566,0,0,1,1
fresh_visobert_06131,0,0,1,1
fresh_visobert_00480,0,0,1,1
fresh_visobert_08263,0,0,1,1
fresh_visobert_11707,0,0,1,1
fresh_visobert_11593,0,0,1,1
fresh_visobert_07420,0,0,1,1
fresh_visobert_05269,0,0,1,1
fresh_visobert_03458,0,0,1,1
fresh_visobert_10400,0,0,1,1
fresh_visobert_05499,0,0,1,1
fresh_visobert_02758,0,0,1,1
fresh_visobert_02866,0,0,1,1
fresh_visobert_05271,0,0,1,1
fresh_visobert_02405,0,0,1,1
fresh_visobert_02706,0,0,1,1
fresh_visobert_02445,0,0,1,1
fresh_visobert_11545,0,0,1,1
fresh_visobert_04350,0,0,1,1
fresh_visobert_05576,0,0,1,1
fresh_visobert_03240,0,0,1,1
fresh_visobert_11757,0,0,1,1
fresh_visobert_04302,0,0,1,1
fresh_visobert_00051,0,0,1,1
fresh_visobert_05791,0,0,1,1
fresh_visobert_09044,0,0,1,1
fresh_visobert_09372,0,0,1,1
fresh_visobert_11271,0,0,1,1
fresh_visobert_09182,1,0,0,0
fresh_visobert_06902,0,0,1,1
fresh_visobert_09329,0,0,1,1
fresh_visobert_06094,0,0,1,1
fresh_visobert_02070,0,0,1,1
fresh_visobert_06075,0,0,1,1
fresh_visobert_08670,0,0,1,1
fresh_visobert_07869,1,1,1,1
fresh_visobert_10490,0,0,1,1
fresh_visobert_01395,0,0,1,1
fresh_visobert_03088,0,0,1,1
fresh_visobert_06980,0,0,1,1
fresh_visobert_04252,0,0,1,1
fresh_visobert_02032,0,0,1,1
fresh_visobert_05671,0,0,1,1
fresh_visobert_06246,0,0,1,1
fresh_visobert_11257,0,0,1,1
fresh_visobert_03805,0,0,1,1
fresh_visobert_10208,0,0,1,1
fresh_visobert_00124,0,0,1,1
fresh_visobert_10534,1,0,0,0
fresh_visobert_09456,0,0,1,1
fresh_visobert_06183,0,0,1,1
fresh_visobert_11523,0,0,1,1
fresh_visobert_01883,0,0,1,1
fresh_visobert_02799,0,0,1,1
fresh_visobert_10008,0,0,1,1
fresh_visobert_07606,0,0,1,1
fresh_visobert_08524,0,0,1,1
fresh_visobert_05434,0,0,1,1
fresh_visobert_11060,0,0,1,1
fresh_visobert_10169,0,0,1,1
fresh_visobert_00809,0,0,1,1
fresh_visobert_08213,0,0,1,1
fresh_visobert_01548,0,0,1,1
fresh_visobert_01441,0,0,1,1
fresh_visobert_10528,0,0,1,1
fresh_visobert_01743,0,0,1,1
fresh_visobert_05792,0,0,1,1
fresh_visobert_01795,0,0,1,1
fresh_visobert_06751,0,0,1,1
fresh_visobert_06396,0,0,1,1
fresh_visobert_11434,0,0,1,1
fresh_visobert_09066,0,0,1,1
fresh_visobert_01352,0,0,1,1
fresh_visobert_02558,0,0,1,1
fresh_visobert_10267,0,0,1,1
fresh_visobert_08437,0,0,1,1
fresh_visobert_08871,0,0,1,1
fresh_visobert_08706,0,0,1,1
fresh_visobert_03894,0,0,1,1
fresh_visobert_11783,0,0,1,1
fresh_visobert_00887,0,0,1,1
fresh_visobert_00784,0,0,1,1
fresh_visobert_02697,0,0,1,1
fresh_visobert_06521,0,0,1,1
fresh_visobert_07351,0,0,1,1
fresh_visobert_02936,0,0,1,1
fresh_visobert_01197,0,0,1,1
fresh_visobert_11306,1,0,0,0
fresh_visobert_11763,1,0,0,0
fresh_visobert_09147,1,1,1,1
fresh_visobert_11316,0,0,1,1
fresh_visobert_03387,0,0,1,1
fresh_visobert_09414,0,0,1,1
fresh_visobert_02593,0,0,1,1
fresh_visobert_05137,0,0,1,1
fresh_visobert_05670,0,0,1,1
fresh_visobert_02810,0,0,1,1
fresh_visobert_05889,0,0,1,1
fresh_visobert_06729,0,0,1,1
fresh_visobert_10740,0,0,1,1
fresh_visobert_07216,0,0,1,1
fresh_visobert_06417,0,0,1,1
fresh_visobert_02126,0,0,1,1
fresh_visobert_10703,1,1,1,1
fresh_visobert_01790,0,0,1,1
fresh_visobert_03147,0,0,1,1
fresh_visobert_02128,0,0,1,1
fresh_visobert_08852,0,0,1,1
fresh_visobert_06267,0,0,1,1
fresh_visobert_04888,0,0,1,1
fresh_visobert_01378,0,0,1,1
fresh_visobert_02493,0,0,1,1
fresh_visobert_04887,0,0,1,1
fresh_visobert_02575,0,0,1,1
fresh_visobert_08775,0,0,1,1
fresh_visobert_06572,0,0,1,1
fresh_visobert_10157,0,0,1,1
fresh_visobert_08421,0,0,1,1
fresh_visobert_05381,0,0,1,1
fresh_visobert_02701,0,0,1,1
fresh_visobert_09907,0,0,1,1
fresh_visobert_01528,0,0,1,1
fresh_visobert_04185,0,0,1,1
fresh_visobert_07162,0,0,1,1
fresh_visobert_07675,0,0,1,1
fresh_visobert_06921,0,0,1,1
fresh_visobert_04830,0,0,1,1
fresh_visobert_07429,0,0,1,1
fresh_visobert_11059,0,0,1,1
fresh_visobert_09047,1,1,1,1
fresh_visobert_10075,0,0,1,1
fresh_visobert_08738,0,0,1,1
fresh_visobert_02647,0,0,1,1
fresh_visobert_11711,0,0,1,1
fresh_visobert_06341,0,0,1,1
fresh_visobert_07111,0,0,1,1
fresh_visobert_09876,0,0,1,1
fresh_visobert_08964,0,0,1,1
fresh_visobert_07090,0,0,1,1
fresh_visobert_01243,0,0,1,1
fresh_visobert_06578,0,0,1,1
fresh_visobert_10666,0,0,1,1
fresh_visobert_10242,0,0,1,1
fresh_visobert_10247,0,0,1,1
fresh_visobert_07986,0,0,1,1
fresh_visobert_08627,0,0,1,1
fresh_visobert_03000,0,0,1,1
fresh_visobert_05609,0,0,1,1
fresh_visobert_11595,0,0,1,1
fresh_visobert_02350,0,0,1,1
fresh_visobert_01320,0,0,1,1
fresh_visobert_09814,0,0,1,1
fresh_visobert_01246,0,0,1,1
fresh_visobert_01149,0,0,1,1
fresh_visobert_01600,0,0,1,1
fresh_visobert_11082,0,0,1,1
fresh_visobert_07836,0,0,1,1
fresh_visobert_10632,0,0,1,1
fresh_visobert_01900,0,0,1,1
fresh_visobert_04544,0,0,1,1
fresh_visobert_06738,0,0,1,1
fresh_visobert_02600,0,0,1,1
fresh_visobert_02705,0,0,1,1
fresh_visobert_09801,1,0,0,0
fresh_visobert_01742,0,0,1,1
fresh_visobert_02639,0,0,1,1
fresh_visobert_01322,0,0,1,1
fresh_visobert_06951,0,0,1,1
fresh_visobert_02632,0,0,1,1
fresh_visobert_01833,0,0,1,1
fresh_visobert_06631,1,0,0,0
fresh_visobert_00557,0,0,1,1
fresh_visobert_07757,0,0,1,1
fresh_visobert_02090,0,0,1,1
fresh_visobert_09116,0,0,1,1
fresh_visobert_08015,0,0,1,1
fresh_visobert_00920,0,0,1,1
fresh_visobert_02456,1,1,1,1
fresh_visobert_02177,0,0,1,1
fresh_visobert_08127,0,0,1,1
fresh_visobert_05457,0,0,1,1
fresh_visobert_00513,0,0,1,1
fresh_visobert_10431,0,0,1,1
fresh_visobert_01822,0,0,1,1
fresh_visobert_05784,0,0,1,1
fresh_visobert_03187,0,0,1,1
fresh_visobert_11898,0,0,1,1
fresh_visobert_01095,0,0,1,1
fresh_visobert_11207,0,0,1,1
fresh_visobert_06588,1,1,1,1
fresh_visobert_05212,0,0,1,1
fresh_visobert_07521,0,0,1,1
fresh_visobert_04423,0,0,1,1
fresh_visobert_08349,0,0,1,1
fresh_visobert_09010,0,0,1,1
fresh_visobert_01983,0,0,1,1
fresh_visobert_09939,0,0,1,1
fresh_visobert_09981,0,0,1,1
fresh_visobert_10256,0,0,1,1
fresh_visobert_03192,0,0,1,1
fresh_visobert_07032,0,0,1,1
fresh_visobert_05714,0,0,1,1
fresh_visobert_03695,0,0,1,1
fresh_visobert_02443,0,0,1,1
fresh_visobert_04593,0,0,1,1
fresh_visobert_00318,0,0,1,1
fresh_visobert_01876,0,0,1,1
fresh_visobert_09521,0,0,1,1
fresh_visobert_07608,1,1,1,1
fresh_visobert_09475,0,0,1,1
fresh_visobert_09263,0,0,1,1
fresh_visobert_11570,0,0,1,1
fresh_visobert_10217,0,0,1,1
fresh_visobert_07602,0,0,1,1
fresh_visobert_10424,0,0,1,1
fresh_visobert_01869,0,0,1,1
fresh_visobert_06886,0,0,1,1
fresh_visobert_09708,0,0,1,1
fresh_visobert_11777,0,0,1,1
fresh_visobert_02785,0,0,1,1
fresh_visobert_09448,0,0,1,1
fresh_visobert_05281,0,0,1,1
fresh_visobert_11947,0,0,1,1
fresh_visobert_00565,0,0,1,1
fresh_visobert_11946,0,0,1,1
fresh_visobert_02317,0,0,1,1
fresh_visobert_08604,0,0,1,1
fresh_visobert_00963,0,0,1,1
fresh_visobert_10166,1,1,1,1
fresh_visobert_01292,1,1,1,1
fresh_visobert_05535,0,0,1,1
fresh_visobert_08073,0,0,1,1
fresh_visobert_09615,0,0,1,1
fresh_visobert_04122,0,0,1,1
fresh_visobert_09349,0,0,1,1
fresh_visobert_07200,0,0,1,1
fresh_visobert_01194,0,0,1,1
fresh_visobert_01207,0,0,1,1
fresh_visobert_05547,0,0,1,1
fresh_visobert_06760,0,0,1,1
fresh_visobert_11295,0,0,1,1
fresh_visobert_10403,0,0,1,1
fresh_visobert_01619,0,0,1,1
fresh_visobert_07472,0,0,1,1
fresh_visobert_00631,1,0,0,0
fresh_visobert_03501,0,0,1,1
fresh_visobert_00344,0,0,1,1
fresh_visobert_01146,0,0,1,1
fresh_visobert_07027,0,0,1,1
fresh_visobert_11149,0,0,1,1
fresh_visobert_05538,0,0,1,1
fresh_visobert_06070,0,0,1,1
fresh_visobert_05233,0,0,1,1
fresh_visobert_11817,1,1,1,1
fresh_visobert_08814,1,0,0,0
fresh_visobert_11221,0,0,1,1
fresh_visobert_11996,0,0,1,1
fresh_visobert_01969,0,0,1,1
fresh_visobert_09055,0,0,1,1
fresh_visobert_00695,0,0,1,1
fresh_visobert_02208,0,0,1,1
fresh_visobert_05987,0,0,1,1
fresh_visobert_07555,0,0,1,1
fresh_visobert_00573,0,0,1,1
fresh_visobert_05030,0,0,1,1
fresh_visobert_01290,0,0,1,1
fresh_visobert_08531,0,0,1,1
fresh_visobert_09661,0,0,1,1
fresh_visobert_11731,0,0,1,1
fresh_visobert_03463,0,0,1,1
fresh_visobert_07587,0,0,1,1
fresh_visobert_10184,1,0,0,0
fresh_visobert_07492,0,0,1,1
fresh_visobert_10404,0,0,1,1
fresh_visobert_10734,0,0,1,1
fresh_visobert_03421,0,0,1,1
fresh_visobert_06315,0,0,1,1
fresh_visobert_10030,1,0,0,0
fresh_visobert_06624,1,1,1,1
fresh_visobert_00877,0,0,1,1
fresh_visobert_00538,0,0,1,1
fresh_visobert_11321,0,0,1,1
fresh_visobert_06434,0,0,1,1
fresh_visobert_01804,0,0,1,1
fresh_visobert_10456,0,0,1,1
fresh_visobert_10241,0,0,1,1
fresh_visobert_09770,0,0,1,1
fresh_visobert_02999,0,0,1,1
fresh_visobert_09120,0,0,1,1
fresh_visobert_11058,0,0,1,1
fresh_visobert_00785,0,0,1,1
fresh_visobert_04920,0,0,1,1
fresh_visobert_07424,0,0,1,1
fresh_visobert_06637,0,0,1,1
fresh_visobert_00226,0,0,1,1
fresh_visobert_01210,0,0,1,1
fresh_visobert_05728,0,0,1,1
fresh_visobert_07766,1,1,1,1
fresh_visobert_01887,0,0,1,1
fresh_visobert_10645,0,0,1,1
fresh_visobert_10567,0,0,1,1
fresh_visobert_10337,0,0,1,1
fresh_visobert_00030,0,0,1,1
fresh_visobert_03472,0,0,1,1
fresh_visobert_10879,0,0,1,1
fresh_visobert_06497,0,0,1,1
fresh_visobert_10654,1,0,0,0
fresh_visobert_05904,0,0,1,1
fresh_visobert_05294,0,0,1,1
fresh_visobert_04201,0,0,1,1
fresh_visobert_10265,0,0,1,1
fresh_visobert_11979,0,0,1,1
fresh_visobert_00716,0,0,1,1
fresh_visobert_01214,0,0,1,1
fresh_visobert_05776,0,0,1,1
fresh_visobert_07407,1,1,1,1
fresh_visobert_10845,0,0,1,1
fresh_visobert_09271,0,0,1,1
fresh_visobert_08416,0,0,1,1
fresh_visobert_00319,0,0,1,1
fresh_visobert_02919,0,0,1,1
fresh_visobert_11215,1,1,1,1
fresh_visobert_06488,0,0,1,1
fresh_visobert_08774,0,0,1,1
fresh_visobert_09483,0,0,1,1
fresh_visobert_09324,0,0,1,1
fresh_visobert_03850,0,0,1,1
fresh_visobert_04305,0,0,1,1
fresh_visobert_05490,0,0,1,1
fresh_visobert_02197,0,0,1,1
fresh_visobert_08776,0,0,1,1
fresh_visobert_03350,0,0,1,1
fresh_visobert_09793,0,0,1,1
fresh_visobert_02858,0,0,1,1
fresh_visobert_10254,0,0,1,1
fresh_visobert_05589,0,0,1,1
fresh_visobert_07176,0,0,1,1
fresh_visobert_02638,0,0,1,1
fresh_visobert_01557,0,0,1,1
fresh_visobert_05918,0,0,1,1
fresh_visobert_09148,0,0,1,1
fresh_visobert_09296,0,0,1,1
fresh_visobert_06868,0,0,1,1
fresh_visobert_11397,0,0,1,1
fresh_visobert_07181,0,0,1,1
fresh_visobert_09167,1,0,0,0
fresh_visobert_08708,0,0,1,1
fresh_visobert_02842,0,0,1,1
fresh_visobert_02617,0,0,1,1
fresh_visobert_11691,0,0,1,1
fresh_visobert_03467,0,0,1,1
fresh_visobert_05099,0,0,1,1
fresh_visobert_00411,0,0,1,1
fresh_visobert_06256,0,0,1,1
fresh_visobert_03031,0,0,1,1
fresh_visobert_03828,0,0,1,1
fresh_visobert_11891,0,0,1,1
fresh_visobert_05063,0,0,1,1
fresh_visobert_06456,0,0,1,1
fresh_visobert_08781,0,0,1,1
fresh_visobert_10011,1,0,0,0
fresh_visobert_05926,0,0,1,1
fresh_visobert_10463,0,0,1,1
fresh_visobert_06697,0,0,1,1
fresh_visobert_00962,0,0,1,1
fresh_visobert_08442,0,0,1,1
fresh_visobert_07535,0,0,1,1
fresh_visobert_03757,0,0,1,1
fresh_visobert_00036,0,0,1,1
fresh_visobert_10434,0,0,1,1
fresh_visobert_07768,0,0,1,1
fresh_visobert_04471,0,0,1,1
fresh_visobert_02358,0,0,1,1
fresh_visobert_07701,0,0,1,1
fresh_visobert_01741,0,0,1,1
fresh_visobert_03596,0,0,1,1
fresh_visobert_11497,0,0,1,1
fresh_visobert_09809,0,0,1,1
fresh_visobert_10744,0,0,1,1
fresh_visobert_06356,0,0,1,1
fresh_visobert_09610,0,0,1,1
fresh_visobert_10965,0,0,1,1
fresh_visobert_01950,0,0,1,1
fresh_visobert_11594,0,0,1,1
fresh_visobert_11942,0,0,1,1
fresh_visobert_01953,0,0,1,1
fresh_visobert_07488,0,0,1,1
fresh_visobert_11573,0,0,1,1
fresh_visobert_07936,0,0,1,1
fresh_visobert_04982,0,0,1,1
fresh_visobert_01911,0,0,1,1
fresh_visobert_08277,0,0,1,1
fresh_visobert_01284,0,0,1,1
fresh_visobert_11625,0,0,1,1
fresh_visobert_01421,0,0,1,1
fresh_visobert_08703,0,0,1,1
fresh_visobert_01014,0,0,1,1
fresh_visobert_08166,0,0,1,1
fresh_visobert_05117,0,0,1,1
fresh_visobert_10296,0,0,1,1
fresh_visobert_01315,0,0,1,1
fresh_visobert_11266,0,0,1,1
fresh_visobert_06342,0,0,1,1
fresh_visobert_01988,0,0,1,1
fresh_visobert_08624,1,0,0,0
fresh_visobert_06752,0,0,1,1
fresh_visobert_00311,0,0,1,1
fresh_visobert_10323,0,0,1,1
fresh_visobert_04672,0,0,1,1
fresh_visobert_03862,0,0,1,1
fresh_visobert_09051,0,0,1,1
fresh_visobert_11596,0,0,1,1
fresh_visobert_08286,0,0,1,1
fresh_visobert_03726,0,0,1,1
fresh_visobert_05419,0,0,1,1
fresh_visobert_02482,0,0,1,1
fresh_visobert_04805,0,0,1,1
fresh_visobert_06718,0,0,1,1
fresh_visobert_10781,0,0,1,1
fresh_visobert_02489,0,0,1,1
fresh_visobert_09432,0,0,1,1
fresh_visobert_05340,0,0,1,1
fresh_visobert_05998,0,0,1,1
fresh_visobert_09425,0,0,1,1
fresh_visobert_07113,0,0,1,1
fresh_visobert_11182,0,0,1,1
fresh_visobert_00383,1,0,0,0
fresh_visobert_09362,0,0,1,1
fresh_visobert_08547,0,0,1,1
fresh_visobert_08201,0,0,1,1
fresh_visobert_03251,0,0,1,1
fresh_visobert_00441,0,0,1,1
fresh_visobert_05032,0,0,1,1
fresh_visobert_03616,0,0,1,1
fresh_visobert_08169,0,0,1,1
fresh_visobert_10414,0,0,1,1
fresh_visobert_02683,0,0,1,1
fresh_visobert_08490,0,0,1,1
fresh_visobert_04847,0,0,1,1
fresh_visobert_08574,0,0,1,1
fresh_visobert_02133,0,0,1,1
fresh_visobert_08804,0,0,1,1
fresh_visobert_01611,0,0,1,1
fresh_visobert_00899,0,0,1,1
fresh_visobert_09553,0,0,1,1
fresh_visobert_07062,0,0,1,1
fresh_visobert_09433,0,0,1,1
fresh_visobert_05837,0,0,1,1
fresh_visobert_06623,0,0,1,1
fresh_visobert_08324,0,0,1,1
fresh_visobert_10997,0,0,1,1
fresh_visobert_11517,0,0,1,1
fresh_visobert_05854,0,0,1,1
fresh_visobert_02662,0,0,1,1
fresh_visobert_11567,0,0,1,1
fresh_visobert_06255,0,0,1,1
fresh_visobert_08296,1,0,0,0
fresh_visobert_05616,0,0,1,1
fresh_visobert_07775,0,0,1,1
fresh_visobert_01346,0,0,1,1
fresh_visobert_07951,0,0,1,1
fresh_visobert_09320,0,0,1,1
fresh_visobert_09545,0,0,1,1
fresh_visobert_05452,0,0,1,1
fresh_visobert_03213,0,0,1,1
fresh_visobert_11166,0,0,1,1
fresh_visobert_09566,0,0,1,1
fresh_visobert_09366,0,0,1,1
fresh_visobert_04225,0,0,1,1
fresh_visobert_06672,0,0,1,1
fresh_visobert_00168,0,0,1,1
fresh_visobert_09290,0,0,1,1
fresh_visobert_11821,0,0,1,1
fresh_visobert_03788,0,0,1,1
fresh_visobert_02023,0,0,1,1
fresh_visobert_07097,0,0,1,1
fresh_visobert_05898,0,0,1,1
fresh_visobert_11162,0,0,1,1
fresh_visobert_09705,0,0,1,1
fresh_visobert_09647,0,0,1,1
fresh_visobert_09062,0,0,1,1
fresh_visobert_07607,0,0,1,1
fresh_visobert_07131,0,0,1,1
fresh_visobert_10594,0,0,1,1
fresh_visobert_01559,0,0,1,1
fresh_visobert_09326,0,0,1,1
fresh_visobert_00929,0,0,1,1
fresh_visobert_05460,0,0,1,1
fresh_visobert_08948,0,0,1,1
fresh_visobert_05679,0,0,1,1
fresh_visobert_08733,0,0,1,1
fresh_visobert_11519,0,0,1,1
fresh_visobert_10047,0,0,1,1
fresh_visobert_00855,0,0,1,1
fresh_visobert_10797,0,0,1,1
fresh_visobert_10794,0,0,1,1
fresh_visobert_03898,0,0,1,1
fresh_visobert_02374,0,0,1,1
fresh_visobert_03550,0,0,1,1
fresh_visobert_00729,0,0,1,1
fresh_visobert_07477,1,0,0,0
fresh_visobert_00417,0,0,1,1
fresh_visobert_06261,0,0,1,1
fresh_visobert_07302,0,0,1,1
fresh_visobert_01666,0,0,1,1
fresh_visobert_03498,0,0,1,1
fresh_visobert_00089,0,0,1,1
fresh_visobert_11130,1,0,0,0
fresh_visobert_03802,0,0,1,1
fresh_visobert_08307,0,0,1,1
fresh_visobert_02833,0,0,1,1
fresh_visobert_10548,1,0,0,0
fresh_visobert_10186,0,0,1,1
fresh_visobert_08792,0,0,1,1
fresh_visobert_06534,0,0,1,1
fresh_visobert_06999,0,0,1,1
fresh_visobert_04809,0,0,1,1
fresh_visobert_01773,0,0,1,1
fresh_visobert_04250,0,0,1,1
fresh_visobert_03963,0,0,1,1
fresh_visobert_01767,0,0,1,1
fresh_visobert_07705,0,0,1,1
fresh_visobert_10010,0,0,1,1
fresh_visobert_10959,1,1,1,1
fresh_visobert_02538,0,0,1,1
fresh_visobert_05208,0,0,1,1
fresh_visobert_11966,0,0,1,1
fresh_visobert_06138,0,0,1,1
fresh_visobert_07446,0,0,1,1
fresh_visobert_09101,0,0,1,1
fresh_visobert_05395,1,0,0,0
fresh_visobert_04457,0,0,1,1
fresh_visobert_01090,0,0,1,1
fresh_visobert_05845,0,0,1,1
fresh_visobert_03690,0,0,1,1
fresh_visobert_04081,0,0,1,1
fresh_visobert_03486,0,0,1,1
fresh_visobert_03779,0,0,1,1
fresh_visobert_08560,0,0,1,1
fresh_visobert_04321,1,0,0,0
fresh_visobert_06607,0,0,1,1
fresh_visobert_05824,0,0,1,1
fresh_visobert_11484,0,0,1,1
fresh_visobert_05742,0,0,1,1
fresh_visobert_01784,0,0,1,1
fresh_visobert_04289,0,0,1,1
fresh_visobert_11747,0,0,1,1
fresh_visobert_02020,0,0,1,1
fresh_visobert_10511,0,0,1,1
fresh_visobert_02747,0,0,1,1
fresh_visobert_05638,0,0,1,1
fresh_visobert_02714,0,0,1,1
fresh_visobert_08507,0,0,1,1
fresh_visobert_05215,0,0,1,1
fresh_visobert_04226,0,0,1,1
fresh_visobert_00471,0,0,1,1
fresh_visobert_01086,0,0,1,1
fresh_visobert_08074,0,0,1,1
fresh_visobert_02013,0,0,1,1
fresh_visobert_00814,0,0,1,1
fresh_visobert_11667,0,0,1,1
fresh_visobert_11558,0,0,1,1
fresh_visobert_02576,0,0,1,1
fresh_visobert_05204,0,0,1,1
fresh_visobert_10955,0,0,1,1
fresh_visobert_08929,0,0,1,1
fresh_visobert_00432,0,0,1,1
fresh_visobert_05245,0,0,1,1
fresh_visobert_04121,0,0,1,1
fresh_visobert_03817,0,0,1,1
fresh_visobert_11827,0,0,1,1
fresh_visobert_04688,0,0,1,1
fresh_visobert_04951,0,0,1,1
fresh_visobert_04936,0,0,1,1
fresh_visobert_00751,0,0,1,1
fresh_visobert_02527,0,0,1,1
fresh_visobert_10556,0,0,1,1
fresh_visobert_06675,0,0,1,1
fresh_visobert_05690,0,0,1,1
fresh_visobert_06004,1,1,1,1
fresh_visobert_02571,0,0,1,1
fresh_visobert_00025,1,1,1,1
fresh_visobert_01679,0,0,1,1
fresh_visobert_09000,0,0,1,1
fresh_visobert_03567,0,0,1,1
fresh_visobert_07527,0,0,1,1
fresh_visobert_02384,0,0,1,1
fresh_visobert_07129,0,0,1,1
fresh_visobert_08348,0,0,1,1
fresh_visobert_01805,0,0,1,1
fresh_visobert_10274,0,0,1,1
fresh_visobert_11026,0,0,1,1
fresh_visobert_08589,0,0,1,1
fresh_visobert_03254,0,0,1,1
fresh_visobert_01245,0,0,1,1
fresh_visobert_11751,1,0,0,0
fresh_visobert_08645,0,0,1,1
fresh_visobert_03931,0,0,1,1
fresh_visobert_03233,0,0,1,1
fresh_visobert_09007,0,0,1,1
fresh_visobert_11844,0,0,1,1
fresh_visobert_00628,0,0,1,1
fresh_visobert_07318,0,0,1,1
fresh_visobert_03941,0,0,1,1
fresh_visobert_02809,0,0,1,1
fresh_visobert_06556,0,0,1,1
fresh_visobert_11217,0,0,1,1
fresh_visobert_03234,0,0,1,1
fresh_visobert_06042,0,0,1,1
fresh_visobert_09679,0,0,1,1
fresh_visobert_03563,0,0,1,1
fresh_visobert_06058,0,0,1,1
fresh_visobert_06178,0,0,1,1
fresh_visobert_11083,0,0,1,1
fresh_visobert_09675,0,0,1,1
fresh_visobert_07604,0,0,1,1
fresh_visobert_03309,0,0,1,1
fresh_visobert_04476,0,0,1,1
fresh_visobert_07632,0,0,1,1
fresh_visobert_00274,0,0,1,1
fresh_visobert_02039,0,0,1,1
fresh_visobert_06743,0,0,1,1
fresh_visobert_05906,0,0,1,1
fresh_visobert_03547,0,0,1,1
fresh_visobert_01216,0,0,1,1
fresh_visobert_04785,0,0,1,1
fresh_visobert_07137,0,0,1,1
fresh_visobert_08239,1,0,0,0
fresh_visobert_11139,0,0,1,1
fresh_visobert_09868,0,0,1,1
fresh_visobert_11678,0,0,1,1
fresh_visobert_04854,0,0,1,1
fresh_visobert_00690,0,0,1,1
fresh_visobert_10499,0,0,1,1
fresh_visobert_02825,0,0,1,1
fresh_visobert_02679,1,1,1,1
fresh_visobert_10635,0,0,1,1
fresh_visobert_07386,0,0,1,1
fresh_visobert_01615,0,0,1,1
fresh_visobert_00123,0,0,1,1
fresh_visobert_02564,0,0,1,1
fresh_visobert_00912,0,0,1,1
fresh_visobert_04566,0,0,1,1
fresh_visobert_06458,1,1,1,1
fresh_visobert_08794,0,0,1,1
fresh_visobert_07847,0,0,1,1
fresh_visobert_00009,1,0,0,0
fresh_visobert_07795,0,0,1,1
fresh_visobert_03834,0,0,1,1
fresh_visobert_02031,0,0,1,1
fresh_visobert_03926,0,0,1,1
fresh_visobert_07380,0,0,1,1
fresh_visobert_00885,0,0,1,1
fresh_visobert_07844,0,0,1,1
fresh_visobert_11804,1,0,0,0
fresh_visobert_06032,0,0,1,1
fresh_visobert_02010,0,0,1,1
fresh_visobert_08520,0,0,1,1
fresh_visobert_09327,0,0,1,1
fresh_visobert_08352,0,0,1,1
fresh_visobert_07195,0,0,1,1
fresh_visobert_08154,0,0,1,1
fresh_visobert_07173,0,0,1,1
fresh_visobert_00587,0,0,1,1
fresh_visobert_07237,0,0,1,1
fresh_visobert_07155,0,0,1,1
fresh_visobert_08176,0,0,1,1
fresh_visobert_06953,0,0,1,1
fresh_visobert_01623,0,0,1,1
fresh_visobert_08695,0,0,1,1
fresh_visobert_06834,0,0,1,1
fresh_visobert_11191,1,0,0,0
fresh_visobert_08672,0,0,1,1
fresh_visobert_08913,0,0,1,1
fresh_visobert_06843,1,1,1,1
fresh_visobert_04863,0,0,1,1
fresh_visobert_08783,0,0,1,1
fresh_visobert_07160,0,0,1,1
fresh_visobert_04657,0,0,1,1
fresh_visobert_06076,0,0,1,1
fresh_visobert_02924,0,0,1,1
fresh_visobert_06934,0,0,1,1
fresh_visobert_04474,0,0,1,1
fresh_visobert_09028,0,0,1,1
fresh_visobert_09975,0,0,1,1
fresh_visobert_09843,0,0,1,1
fresh_visobert_04030,0,0,1,1
fresh_visobert_02692,0,0,1,1
fresh_visobert_00653,1,1,1,1
fresh_visobert_00146,0,0,1,1
fresh_visobert_08855,0,0,1,1
fresh_visobert_04811,0,0,1,1
fresh_visobert_03681,0,0,1,1
fresh_visobert_01997,0,0,1,1
fresh_visobert_01855,0,0,1,1
fresh_visobert_11619,0,0,1,1
fresh_visobert_09575,0,0,1,1
fresh_visobert_01506,0,0,1,1
fresh_visobert_03548,0,0,1,1
fresh_visobert_04123,0,0,1,1
fresh_visobert_07917,0,0,1,1
fresh_visobert_03450,0,0,1,1
fresh_visobert_00824,0,0,1,1
fresh_visobert_09720,0,0,1,1
fresh_visobert_07069,0,0,1,1
fresh_visobert_06765,0,0,1,1
fresh_visobert_09776,0,0,1,1
fresh_visobert_03542,0,0,1,1
fresh_visobert_02160,0,0,1,1
fresh_visobert_06638,0,0,1,1
fresh_visobert_06846,1,0,0,0
fresh_visobert_04673,0,0,1,1
fresh_visobert_06653,1,1,1,1
fresh_visobert_03211,0,0,1,1
fresh_visobert_00423,0,0,1,1
fresh_visobert_05484,0,0,1,1
fresh_visobert_05707,0,0,1,1
fresh_visobert_10173,0,0,1,1
fresh_visobert_10177,1,0,0,0
fresh_visobert_05059,0,0,1,1
fresh_visobert_07929,0,0,1,1
fresh_visobert_11075,0,0,1,1
fresh_visobert_06677,0,0,1,1
fresh_visobert_07885,0,0,1,1
fresh_visobert_10878,0,0,1,1
fresh_visobert_03671,0,0,1,1
fresh_visobert_01908,0,0,1,1
fresh_visobert_06950,0,0,1,1
fresh_visobert_10316,0,0,1,1
fresh_visobert_06201,0,0,1,1
fresh_visobert_08458,0,0,1,1
fresh_visobert_02886,0,0,1,1
fresh_visobert_07330,0,0,1,1
fresh_visobert_11591,0,0,1,1
fresh_visobert_06651,0,0,1,1
fresh_visobert_02110,0,0,1,1
fresh_visobert_00934,0,0,1,1
fresh_visobert_03266,0,0,1,1
fresh_visobert_06405,0,0,1,1
fresh_visobert_00412,0,0,1,1
fresh_visobert_10680,0,0,1,1
fresh_visobert_10942,0,0,1,1
fresh_visobert_00894,0,0,1,1
fresh_visobert_02364,0,0,1,1
fresh_visobert_05687,0,0,1,1
fresh_visobert_02083,0,0,1,1
fresh_visobert_07799,0,0,1,1
fresh_visobert_01232,0,0,1,1
fresh_visobert_00670,0,0,1,1
fresh_visobert_03764,0,0,1,1
fresh_visobert_09096,0,0,1,1
fresh_visobert_05893,0,0,1,1
fresh_visobert_00474,0,0,1,1
fresh_visobert_03465,0,0,1,1
fresh_visobert_00910,0,0,1,1
fresh_visobert_01917,0,0,1,1
fresh_visobert_02353,0,0,1,1
fresh_visobert_07552,0,0,1,1
fresh_visobert_02518,0,0,1,1
fresh_visobert_06238,0,0,1,1
fresh_visobert_09375,0,0,1,1
fresh_visobert_11084,1,1,1,1
fresh_visobert_02044,0,0,1,1
fresh_visobert_06200,0,0,1,1
fresh_visobert_02283,0,0,1,1
fresh_visobert_03045,0,0,1,1
fresh_visobert_08447,0,0,1,1
fresh_visobert_08510,1,1,1,1
fresh_visobert_02780,0,0,1,1
fresh_visobert_10411,0,0,1,1
fresh_visobert_03062,0,0,1,1
fresh_visobert_00646,0,0,1,1
fresh_visobert_08046,0,0,1,1
fresh_visobert_10907,0,0,1,1
fresh_visobert_05754,0,0,1,1
fresh_visobert_00520,0,0,1,1
fresh_visobert_10029,0,0,1,1
fresh_visobert_09165,0,0,1,1
fresh_visobert_09014,0,0,1,1
fresh_visobert_10932,0,0,1,1
fresh_visobert_03480,0,0,1,1
fresh_visobert_03755,0,0,1,1
fresh_visobert_05850,0,0,1,1
fresh_visobert_09048,0,0,1,1
fresh_visobert_08966,0,0,1,1
fresh_visobert_03136,0,0,1,1
fresh_visobert_06906,0,0,1,1
fresh_visobert_00258,0,0,1,1
fresh_visobert_10135,0,0,1,1
fresh_visobert_00049,0,0,1,1
fresh_visobert_11651,0,0,1,1
fresh_visobert_10386,1,0,0,0
fresh_visobert_07901,0,0,1,1
fresh_visobert_10033,0,0,1,1
fresh_visobert_07777,0,0,1,1
fresh_visobert_06552,0,0,1,1
fresh_visobert_05462,0,0,1,1
fresh_visobert_10037,0,0,1,1
fresh_visobert_05396,0,0,1,1
fresh_visobert_02123,0,0,1,1
fresh_visobert_00685,0,0,1,1
fresh_visobert_08455,1,1,1,1
fresh_visobert_01460,0,0,1,1
fresh_visobert_10692,1,1,1,1
fresh_visobert_03586,0,0,1,1
fresh_visobert_08424,0,0,1,1
fresh_visobert_01580,0,0,1,1
fresh_visobert_01049,0,0,1,1
fresh_visobert_04529,0,0,1,1
fresh_visobert_04561,0,0,1,1
fresh_visobert_08868,0,0,1,1
fresh_visobert_05510,0,0,1,1
fresh_visobert_01729,1,1,1,1
fresh_visobert_04628,0,0,1,1
fresh_visobert_06583,0,0,1,1
fresh_visobert_10477,0,0,1,1
fresh_visobert_06709,1,0,0,0
fresh_visobert_08712,1,0,0,0
fresh_visobert_00739,0,0,1,1
fresh_visobert_09879,0,0,1,1
fresh_visobert_06978,0,0,1,1
fresh_visobert_08197,0,0,1,1
fresh_visobert_02216,0,0,1,1
fresh_visobert_08530,1,1,1,1
fresh_visobert_08805,0,0,1,1
fresh_visobert_03882,0,0,1,1
fresh_visobert_00084,0,0,1,1
fresh_visobert_05527,0,0,1,1
fresh_visobert_01038,0,0,1,1
fresh_visobert_03771,0,0,1,1
fresh_visobert_08209,0,0,1,1
fresh_visobert_05106,0,0,1,1
fresh_visobert_11742,0,0,1,1
fresh_visobert_09963,0,0,1,1
fresh_visobert_04909,0,0,1,1
fresh_visobert_08523,0,0,1,1
fresh_visobert_10022,0,0,1,1
fresh_visobert_07823,0,0,1,1
fresh_visobert_02218,0,0,1,1
fresh_visobert_04758,0,0,1,1
fresh_visobert_00708,0,0,1,1
fresh_visobert_08085,0,0,1,1
fresh_visobert_05963,1,1,1,1
fresh_visobert_11196,0,0,1,1
fresh_visobert_05529,1,1,1,1
fresh_visobert_05476,0,0,1,1
fresh_visobert_00986,0,0,1,1
fresh_visobert_04572,0,0,1,1
fresh_visobert_04935,0,0,1,1
fresh_visobert_11557,0,0,1,1
fresh_visobert_10001,0,0,1,1
fresh_visobert_09591,0,0,1,1
fresh_visobert_10826,0,0,1,1
fresh_visobert_10380,0,0,1,1
fresh_visobert_07762,0,0,1,1
fresh_visobert_05227,0,0,1,1
fresh_visobert_04665,0,0,1,1
fresh_visobert_06055,0,0,1,1
fresh_visobert_06570,0,0,1,1
fresh_visobert_08040,1,1,1,1
fresh_visobert_06656,0,0,1,1
fresh_visobert_02195,0,0,1,1
fresh_visobert_11992,0,0,1,1
fresh_visobert_05615,0,0,1,1
fresh_visobert_06309,0,0,1,1
fresh_visobert_01369,0,0,1,1
fresh_visobert_09111,0,0,1,1
fresh_visobert_05989,0,0,1,1
fresh_visobert_05080,0,0,1,1
fresh_visobert_09279,0,0,1,1
fresh_visobert_07470,0,0,1,1
fresh_visobert_01726,0,0,1,1
fresh_visobert_00335,0,0,1,1
fresh_visobert_09341,0,0,1,1
fresh_visobert_06876,0,0,1,1
fresh_visobert_03016,0,0,1,1
fresh_visobert_02698,0,0,1,1
fresh_visobert_02972,0,0,1,1
fresh_visobert_04151,0,0,1,1
fresh_visobert_03127,0,0,1,1
fresh_visobert_10804,0,0,1,1
fresh_visobert_04536,0,0,1,1
fresh_visobert_03112,0,0,1,1
fresh_visobert_05811,0,0,1,1
fresh_visobert_02946,0,0,1,1
fresh_visobert_11132,1,0,0,0
fresh_visobert_05942,1,1,1,1
fresh_visobert_02172,0,0,1,1
fresh_visobert_03217,0,0,1,1
fresh_visobert_10540,0,0,1,1
fresh_visobert_11692,0,0,1,1
fresh_visobert_00175,0,0,1,1
fresh_visobert_03830,0,0,1,1
fresh_visobert_06490,0,0,1,1
fresh_visobert_10430,0,0,1,1
fresh_visobert_01928,0,0,1,1
fresh_visobert_00567,0,0,1,1
fresh_visobert_06878,0,0,1,1
fresh_visobert_09687,0,0,1,1
fresh_visobert_01927,0,0,1,1
fresh_visobert_06388,0,0,1,1
fresh_visobert_05665,0,0,1,1
fresh_visobert_01832,0,0,1,1
fresh_visobert_07756,0,0,1,1
fresh_visobert_03326,0,0,1,1
fresh_visobert_05359,0,0,1,1
fresh_visobert_00374,0,0,1,1
fresh_visobert_02473,0,0,1,1
fresh_visobert_08410,0,0,1,1
fresh_visobert_08819,0,0,1,1
fresh_visobert_04196,0,0,1,1
fresh_visobert_10574,0,0,1,1
fresh_visobert_08493,0,0,1,1
fresh_visobert_04400,0,0,1,1
fresh_visobert_03581,0,0,1,1
fresh_visobert_05526,0,0,1,1
fresh_visobert_09964,0,0,1,1
fresh_visobert_11648,0,0,1,1
fresh_visobert_04218,0,0,1,1
fresh_visobert_00088,0,0,1,1
fresh_visobert_06928,0,0,1,1
fresh_visobert_05500,0,0,1,1
fresh_visobert_03943,0,0,1,1
fresh_visobert_03454,0,0,1,1
fresh_visobert_05657,0,0,1,1
fresh_visobert_11382,0,0,1,1
fresh_visobert_00337,0,0,1,1
fresh_visobert_08863,0,0,1,1
fresh_visobert_04671,0,0,1,1
fresh_visobert_01952,0,0,1,1
fresh_visobert_08247,0,0,1,1
fresh_visobert_00973,0,0,1,1
fresh_visobert_07431,0,0,1,1
fresh_visobert_03433,0,0,1,1
fresh_visobert_09013,0,0,1,1
fresh_visobert_00119,0,0,1,1
fresh_visobert_05232,0,0,1,1
fresh_visobert_00532,0,0,1,1
fresh_visobert_11408,0,0,1,1
fresh_visobert_09579,0,0,1,1
fresh_visobert_07562,0,0,1,1
fresh_visobert_06650,0,0,1,1
fresh_visobert_01707,0,0,1,1
fresh_visobert_05813,0,0,1,1
fresh_visobert_11941,0,0,1,1
fresh_visobert_01093,0,0,1,1
fresh_visobert_06101,1,0,0,0
fresh_visobert_03997,0,0,1,1
fresh_visobert_01291,0,0,1,1
fresh_visobert_09192,0,0,1,1
fresh_visobert_10226,0,0,1,1
fresh_visobert_07184,0,0,1,1
fresh_visobert_06051,0,0,1,1
fresh_visobert_09522,0,0,1,1
fresh_visobert_01683,0,0,1,1
fresh_visobert_09428,0,0,1,1
fresh_visobert_00522,0,0,1,1
fresh_visobert_02176,0,0,1,1
fresh_visobert_08831,1,0,0,0
fresh_visobert_08869,0,0,1,1
fresh_visobert_01943,0,0,1,1
fresh_visobert_11950,0,0,1,1
fresh_visobert_11890,0,0,1,1
fresh_visobert_10444,0,0,1,1
fresh_visobert_07241,0,0,1,1
fresh_visobert_03417,0,0,1,1
fresh_visobert_02778,0,0,1,1
fresh_visobert_01453,0,0,1,1
fresh_visobert_07004,0,0,1,1
fresh_visobert_06006,0,0,1,1
fresh_visobert_05778,0,0,1,1
fresh_visobert_08394,0,0,1,1
fresh_visobert_05858,0,0,1,1
fresh_visobert_09330,1,0,0,0
fresh_visobert_04977,0,0,1,1
fresh_visobert_09068,0,0,1,1
fresh_visobert_05558,0,0,1,1
fresh_visobert_04557,0,0,1,1
fresh_visobert_05041,0,0,1,1
fresh_visobert_05847,0,0,1,1
fresh_visobert_10668,0,0,1,1
fresh_visobert_11965,0,0,1,1
fresh_visobert_10944,0,0,1,1
fresh_visobert_11010,0,0,1,1
fresh_visobert_05368,0,0,1,1
fresh_visobert_02737,0,0,1,1
fresh_visobert_06450,1,0,0,0
fresh_visobert_01686,0,0,1,1
fresh_visobert_06240,1,1,1,1
fresh_visobert_01175,0,0,1,1
fresh_visobert_08123,0,0,1,1
fresh_visobert_00722,0,0,1,1
fresh_visobert_06061,0,0,1,1
fresh_visobert_07543,0,0,1,1
fresh_visobert_01555,0,0,1,1
fresh_visobert_02474,0,0,1,1
fresh_visobert_09576,1,1,1,1
fresh_visobert_09043,0,0,1,1
fresh_visobert_07114,0,0,1,1
fresh_visobert_04756,0,0,1,1
fresh_visobert_01970,0,0,1,1
fresh_visobert_10143,0,0,1,1
fresh_visobert_02081,0,0,1,1
fresh_visobert_01084,0,0,1,1
fresh_visobert_07968,0,0,1,1
fresh_visobert_08271,0,0,1,1
fresh_visobert_01488,0,0,1,1
fresh_visobert_10335,0,0,1,1
fresh_visobert_03068,0,0,1,1
fresh_visobert_09431,0,0,1,1
fresh_visobert_02831,0,0,1,1
fresh_visobert_00511,1,0,0,0
fresh_visobert_06827,0,0,1,1
fresh_visobert_05685,0,0,1,1
fresh_visobert_04535,0,0,1,1
fresh_visobert_01588,0,0,1,1
fresh_visobert_04351,0,0,1,1
fresh_visobert_03952,0,0,1,1
fresh_visobert_10778,0,0,1,1
fresh_visobert_04782,0,0,1,1
fresh_visobert_10565,0,0,1,1
fresh_visobert_10752,0,0,1,1
fresh_visobert_08540,1,0,0,0
fresh_visobert_11042,0,0,1,1
fresh_visobert_06062,0,0,1,1
fresh_visobert_06812,0,0,1,1
fresh_visobert_01761,0,0,1,1
fresh_visobert_04293,0,0,1,1
fresh_visobert_02917,0,0,1,1
fresh_visobert_02188,0,0,1,1
fresh_visobert_05161,0,0,1,1
fresh_visobert_00839,0,0,1,1
fresh_visobert_08426,1,0,0,0
fresh_visobert_08715,0,0,1,1
fresh_visobert_03574,0,0,1,1
fresh_visobert_11442,0,0,1,1
fresh_visobert_07863,1,0,0,0
fresh_visobert_01156,0,0,1,1
fresh_visobert_09317,0,0,1,1
fresh_visobert_06030,0,0,1,1
fresh_visobert_06945,0,0,1,1
fresh_visobert_11872,0,0,1,1
fresh_visobert_08765,0,0,1,1
fresh_visobert_10230,0,0,1,1
fresh_visobert_04290,0,0,1,1
fresh_visobert_08552,1,1,1,1
fresh_visobert_02408,0,0,1,1
fresh_visobert_10545,0,0,1,1
fresh_visobert_00916,0,0,1,1
fresh_visobert_09563,0,0,1,1
fresh_visobert_10285,0,0,1,1
fresh_visobert_10791,1,1,1,1
fresh_visobert_09933,0,0,1,1
fresh_visobert_04954,0,0,1,1
fresh_visobert_04651,1,1,1,1
fresh_visobert_10468,0,0,1,1
fresh_visobert_09815,1,1,1,1
fresh_visobert_06954,0,0,1,1
fresh_visobert_06148,0,0,1,1
fresh_visobert_03137,0,0,1,1
fresh_visobert_09248,0,0,1,1
fresh_visobert_00299,0,0,1,1
fresh_visobert_09888,0,0,1,1
fresh_visobert_01634,0,0,1,1
fresh_visobert_09307,0,0,1,1
fresh_visobert_00469,0,0,1,1
fresh_visobert_08449,0,0,1,1
fresh_visobert_05306,0,0,1,1
fresh_visobert_04722,0,0,1,1
fresh_visobert_09884,0,0,1,1
fresh_visobert_03847,0,0,1,1
fresh_visobert_09602,0,0,1,1
fresh_visobert_03519,0,0,1,1
fresh_visobert_08124,0,0,1,1
fresh_visobert_02028,0,0,1,1
fresh_visobert_11368,1,0,0,0
fresh_visobert_02095,0,0,1,1
fresh_visobert_01631,0,0,1,1
fresh_visobert_06022,1,0,0,0
fresh_visobert_05991,0,0,1,1
fresh_visobert_06035,0,0,1,1
fresh_visobert_00964,0,0,1,1
fresh_visobert_07343,0,0,1,1
fresh_visobert_11194,0,0,1,1
fresh_visobert_07411,0,0,1,1
fresh_visobert_09716,0,0,1,1
fresh_visobert_00788,0,0,1,1
fresh_visobert_08362,1,0,0,0
fresh_visobert_11022,0,0,1,1
fresh_visobert_01940,0,0,1,1
fresh_visobert_01226,0,0,1,1
fresh_visobert_11333,0,0,1,1
fresh_visobert_08625,1,0,0,0
fresh_visobert_08382,0,0,1,1
fresh_visobert_11437,0,0,1,1
fresh_visobert_08842,0,0,1,1
fresh_visobert_00359,0,0,1,1
fresh_visobert_00650,0,0,1,1
fresh_visobert_09270,0,0,1,1
fresh_visobert_11369,0,0,1,1
fresh_visobert_08381,0,0,1,1
fresh_visobert_00021,0,0,1,1
fresh_visobert_03133,0,0,1,1
fresh_visobert_11108,0,0,1,1
fresh_visobert_06023,0,0,1,1
fresh_visobert_06984,0,0,1,1
fresh_visobert_04152,0,0,1,1
fresh_visobert_04770,0,0,1,1
fresh_visobert_06163,0,0,1,1
fresh_visobert_05681,0,0,1,1
fresh_visobert_05328,0,0,1,1
fresh_visobert_11494,0,0,1,1
fresh_visobert_04227,0,0,1,1
fresh_visobert_03529,0,0,1,1
fresh_visobert_00481,0,0,1,1
fresh_visobert_10529,0,0,1,1
fresh_visobert_06129,0,0,1,1
fresh_visobert_00937,0,0,1,1
fresh_visobert_10758,0,0,1,1
fresh_visobert_01837,0,0,1,1
fresh_visobert_11420,0,0,1,1
fresh_visobert_10718,1,1,1,1
fresh_visobert_01962,0,0,1,1
fresh_visobert_00449,0,0,1,1
fresh_visobert_07334,0,0,1,1
fresh_visobert_08143,0,0,1,1
fresh_visobert_01814,0,0,1,1
fresh_visobert_08623,0,0,1,1
fresh_visobert_00126,0,0,1,1
fresh_visobert_05478,0,0,1,1
fresh_visobert_09405,0,0,1,1
fresh_visobert_06947,0,0,1,1
fresh_visobert_04002,0,0,1,1
fresh_visobert_07042,0,0,1,1
fresh_visobert_07263,0,0,1,1
fresh_visobert_00692,0,0,1,1
fresh_visobert_11637,0,0,1,1
fresh_visobert_03717,0,0,1,1
fresh_visobert_08012,0,0,1,1
fresh_visobert_07665,0,0,1,1
fresh_visobert_10049,1,1,1,1
fresh_visobert_06231,0,0,1,1
fresh_visobert_07468,0,0,1,1
fresh_visobert_04147,1,0,0,0
fresh_visobert_02210,0,0,1,1
fresh_visobert_06171,1,0,0,0
fresh_visobert_02969,0,0,1,1
fresh_visobert_08190,0,0,1,1
fresh_visobert_02823,0,0,1,1
fresh_visobert_01608,0,0,1,1
fresh_visobert_04707,0,0,1,1
fresh_visobert_10086,0,0,1,1
fresh_visobert_11638,0,0,1,1
fresh_visobert_01628,0,0,1,1
fresh_visobert_07278,0,0,1,1
fresh_visobert_03786,0,0,1,1
fresh_visobert_08515,0,0,1,1
fresh_visobert_05412,0,0,1,1
fresh_visobert_09004,0,0,1,1
fresh_visobert_10078,0,0,1,1
fresh_visobert_06589,0,0,1,1
fresh_visobert_07287,0,0,1,1
fresh_visobert_11238,0,0,1,1
fresh_visobert_05377,0,0,1,1
fresh_visobert_11097,0,0,1,1
fresh_visobert_08052,0,0,1,1
fresh_visobert_00241,0,0,1,1
fresh_visobert_10478,0,0,1,1
fresh_visobert_04264,0,0,1,1
fresh_visobert_06952,0,0,1,1
fresh_visobert_10187,0,0,1,1
fresh_visobert_02278,0,0,1,1
fresh_visobert_01159,0,0,1,1
fresh_visobert_08384,0,0,1,1
fresh_visobert_10652,0,0,1,1
fresh_visobert_03622,0,0,1,1
fresh_visobert_07972,0,0,1,1
fresh_visobert_08411,0,0,1,1
fresh_visobert_11978,0,0,1,1
fresh_visobert_11279,0,0,1,1
fresh_visobert_02190,0,0,1,1
fresh_visobert_10937,1,1,1,1
fresh_visobert_08315,0,0,1,1
fresh_visobert_09873,1,1,1,1
fresh_visobert_04356,0,0,1,1
fresh_visobert_03646,0,0,1,1
fresh_visobert_02270,0,0,1,1
fresh_visobert_08937,1,0,0,0
fresh_visobert_09038,0,0,1,1
fresh_visobert_06837,0,0,1,1
fresh_visobert_06746,0,0,1,1
fresh_visobert_03796,0,0,1,1
fresh_visobert_05579,0,0,1,1
fresh_visobert_06667,0,0,1,1
fresh_visobert_03150,0,0,1,1
fresh_visobert_05312,0,0,1,1
fresh_visobert_03787,0,0,1,1
fresh_visobert_03810,0,0,1,1
fresh_visobert_05436,0,0,1,1
fresh_visobert_00988,0,0,1,1
fresh_visobert_03084,0,0,1,1
fresh_visobert_01656,0,0,1,1
fresh_visobert_07376,0,0,1,1
fresh_visobert_11328,0,0,1,1
fresh_visobert_06394,0,0,1,1
fresh_visobert_08557,0,0,1,1
fresh_visobert_09259,0,0,1,1
fresh_visobert_04796,0,0,1,1
fresh_visobert_03264,0,0,1,1
fresh_visobert_01481,0,0,1,1
fresh_visobert_10982,1,0,0,0
fresh_visobert_09930,0,0,1,1
fresh_visobert_04242,0,0,1,1
fresh_visobert_05098,0,0,1,1
fresh_visobert_07340,0,0,1,1
fresh_visobert_07953,0,0,1,1
fresh_visobert_06170,0,0,1,1
fresh_visobert_10233,0,0,1,1
fresh_visobert_09322,1,1,1,1
fresh_visobert_10660,0,0,1,1
fresh_visobert_07338,0,0,1,1
fresh_visobert_03544,0,0,1,1
fresh_visobert_08022,0,0,1,1
fresh_visobert_11995,0,0,1,1
fresh_visobert_00793,0,0,1,1
fresh_visobert_07240,1,1,1,1
fresh_visobert_02239,0,0,1,1
fresh_visobert_02440,0,0,1,1
fresh_visobert_08218,0,0,1,1
fresh_visobert_04819,0,0,1,1
fresh_visobert_03372,0,0,1,1
fresh_visobert_09920,0,0,1,1
fresh_visobert_00699,0,0,1,1
fresh_visobert_00732,1,1,1,1
fresh_visobert_01540,0,0,1,1
fresh_visobert_07460,0,0,1,1
fresh_visobert_04378,0,0,1,1
fresh_visobert_04587,0,0,1,1
fresh_visobert_03625,0,0,1,1
fresh_visobert_08341,0,0,1,1
fresh_visobert_04885,0,0,1,1
fresh_visobert_07375,0,0,1,1
fresh_visobert_11914,0,0,1,1
fresh_visobert_07447,0,0,1,1
fresh_visobert_02594,0,0,1,1
fresh_visobert_02100,0,0,1,1
fresh_visobert_10633,0,0,1,1
fresh_visobert_05945,1,0,0,0
fresh_visobert_03418,0,0,1,1
fresh_visobert_07463,0,0,1,1
fresh_visobert_00498,0,0,1,1
fresh_visobert_05856,0,0,1,1
fresh_visobert_05905,0,0,1,1
fresh_visobert_04667,0,0,1,1
fresh_visobert_08719,0,0,1,1
fresh_visobert_01847,0,0,1,1
fresh_visobert_05058,0,0,1,1
fresh_visobert_09860,0,0,1,1
fresh_visobert_03416,0,0,1,1
fresh_visobert_03392,0,0,1,1
fresh_visobert_00710,0,0,1,1
fresh_visobert_00537,0,0,1,1
fresh_visobert_06763,0,0,1,1
fresh_visobert_02389,0,0,1,1
fresh_visobert_02901,0,0,1,1
fresh_visobert_07205,0,0,1,1
fresh_visobert_00073,0,0,1,1
fresh_visobert_04662,0,0,1,1
fresh_visobert_04868,0,0,1,1
fresh_visobert_00404,0,0,1,1
fresh_visobert_08845,1,1,1,1
fresh_visobert_07699,0,0,1,1
fresh_visobert_00045,1,0,0,0
fresh_visobert_02949,0,0,1,1
fresh_visobert_01209,0,0,1,1
fresh_visobert_03554,0,0,1,1
fresh_visobert_10769,0,0,1,1
fresh_visobert_01108,0,0,1,1
fresh_visobert_10736,0,0,1,1
fresh_visobert_08419,0,0,1,1
fresh_visobert_01269,0,0,1,1
fresh_visobert_08130,0,0,1,1
fresh_visobert_10589,0,0,1,1
fresh_visobert_01350,0,0,1,1
fresh_visobert_02236,0,0,1,1
fresh_visobert_10504,0,0,1,1
fresh_visobert_07696,0,0,1,1
fresh_visobert_04923,0,0,1,1
fresh_visobert_11760,0,0,1,1
fresh_visobert_09805,0,0,1,1
fresh_visobert_01781,0,0,1,1
fresh_visobert_10503,1,0,0,0
fresh_visobert_00607,0,0,1,1
fresh_visobert_02838,0,0,1,1
fresh_visobert_04509,0,0,1,1
fresh_visobert_02890,0,0,1,1
fresh_visobert_02660,0,0,1,1
fresh_visobert_09202,0,0,1,1
fresh_visobert_10687,0,0,1,1
fresh_visobert_06091,0,0,1,1
fresh_visobert_05859,0,0,1,1
fresh_visobert_04829,0,0,1,1
fresh_visobert_11737,0,0,1,1
fresh_visobert_06085,0,0,1,1
fresh_visobert_02996,0,0,1,1
fresh_visobert_02531,0,0,1,1
fresh_visobert_09486,0,0,1,1
fresh_visobert_01775,0,0,1,1
fresh_visobert_11193,0,0,1,1
fresh_visobert_01539,0,0,1,1
fresh_visobert_07890,0,0,1,1
fresh_visobert_04277,0,0,1,1
fresh_visobert_02084,0,0,1,1
fresh_visobert_01509,0,0,1,1
fresh_visobert_04571,0,0,1,1
fresh_visobert_05696,0,0,1,1
fresh_visobert_03043,0,0,1,1
fresh_visobert_09490,0,0,1,1
fresh_visobert_07897,0,0,1,1
fresh_visobert_10339,1,1,1,1
fresh_visobert_04903,0,0,1,1
fresh_visobert_01661,0,0,1,1
fresh_visobert_10007,0,0,1,1
fresh_visobert_09910,0,0,1,1
fresh_visobert_07966,0,0,1,1
fresh_visobert_09737,0,0,1,1
fresh_visobert_08967,0,0,1,1
fresh_visobert_10150,0,0,1,1
fresh_visobert_00212,0,0,1,1
fresh_visobert_01532,0,0,1,1
fresh_visobert_06531,1,0,0,0
fresh_visobert_09736,0,0,1,1
fresh_visobert_00332,0,0,1,1
fresh_visobert_05758,0,0,1,1
fresh_visobert_02390,0,0,1,1
fresh_visobert_04679,0,0,1,1
fresh_visobert_01536,0,0,1,1
fresh_visobert_00907,0,0,1,1
fresh_visobert_11320,0,0,1,1
fresh_visobert_06826,0,0,1,1
fresh_visobert_05594,0,0,1,1
fresh_visobert_08320,0,0,1,1
fresh_visobert_02613,0,0,1,1
fresh_visobert_03583,0,0,1,1
fresh_visobert_04979,0,0,1,1
fresh_visobert_07280,0,0,1,1
fresh_visobert_09046,0,0,1,1
fresh_visobert_03918,1,0,0,0
fresh_visobert_02337,0,0,1,1
fresh_visobert_02141,0,0,1,1
fresh_visobert_05070,0,0,1,1
fresh_visobert_01880,0,0,1,1
fresh_visobert_06866,1,0,0,0
fresh_visobert_00772,0,0,1,1
fresh_visobert_10674,0,0,1,1
fresh_visobert_05430,0,0,1,1
fresh_visobert_01882,0,0,1,1
fresh_visobert_05841,0,0,1,1
fresh_visobert_00683,0,0,1,1
fresh_visobert_11416,0,0,1,1
fresh_visobert_00640,1,1,1,1
fresh_visobert_06898,0,0,1,1
fresh_visobert_07058,0,0,1,1
fresh_visobert_08053,0,0,1,1
fresh_visobert_00994,0,0,1,1
fresh_visobert_10909,0,0,1,1
fresh_visobert_06252,0,0,1,1
fresh_visobert_00150,0,0,1,1
fresh_visobert_09292,0,0,1,1
fresh_visobert_01336,0,0,1,1
fresh_visobert_00186,0,0,1,1
fresh_visobert_10014,1,0,0,0
fresh_visobert_03917,0,0,1,1
fresh_visobert_11693,0,0,1,1
fresh_visobert_10889,0,0,1,1
fresh_visobert_00472,1,0,0,0
fresh_visobert_03094,0,0,1,1
fresh_visobert_05623,0,0,1,1
fresh_visobert_10510,0,0,1,1
fresh_visobert_02437,0,0,1,1
fresh_visobert_04841,0,0,1,1
fresh_visobert_06964,0,0,1,1
fresh_visobert_10949,0,0,1,1
fresh_visobert_10956,0,0,1,1
fresh_visobert_00930,0,0,1,1
fresh_visobert_05241,0,0,1,1
fresh_visobert_10671,0,0,1,1
fresh_visobert_07253,1,0,0,0
fresh_visobert_02356,0,0,1,1
fresh_visobert_03747,0,0,1,1
fresh_visobert_11087,0,0,1,1
fresh_visobert_02344,0,0,1,1
fresh_visobert_06648,0,0,1,1
fresh_visobert_02457,0,0,1,1
fresh_visobert_05871,0,0,1,1
fresh_visobert_10898,0,0,1,1
fresh_visobert_07528,0,0,1,1
fresh_visobert_03504,0,0,1,1
fresh_visobert_00715,0,0,1,1
fresh_visobert_08086,0,0,1,1
fresh_visobert_11916,0,0,1,1
fresh_visobert_10363,0,0,1,1
fresh_visobert_02644,0,0,1,1
fresh_visobert_11508,0,0,1,1
fresh_visobert_01141,0,0,1,1
fresh_visobert_00420,0,0,1,1
fresh_visobert_06777,1,0,0,0
fresh_visobert_10002,0,0,1,1
fresh_visobert_10559,0,0,1,1
fresh_visobert_01865,0,0,1,1
fresh_visobert_08200,0,0,1,1
fresh_visobert_10825,0,0,1,1
fresh_visobert_02505,0,0,1,1
fresh_visobert_05022,0,0,1,1
fresh_visobert_00701,0,0,1,1
fresh_visobert_08972,0,0,1,1
fresh_visobert_01914,0,0,1,1
fresh_visobert_00731,0,0,1,1
fresh_visobert_02366,0,0,1,1
fresh_visobert_07282,0,0,1,1
fresh_visobert_07570,0,0,1,1
fresh_visobert_09517,0,0,1,1
fresh_visobert_05126,0,0,1,1
fresh_visobert_03613,0,0,1,1
fresh_visobert_05159,0,0,1,1
fresh_visobert_00630,0,0,1,1
fresh_visobert_08210,0,0,1,1
fresh_visobert_11222,0,0,1,1
fresh_visobert_11958,0,0,1,1
fresh_visobert_04161,0,0,1,1
fresh_visobert_00273,0,0,1,1
fresh_visobert_06508,0,0,1,1
fresh_visobert_08867,1,0,0,0
fresh_visobert_03173,0,0,1,1
fresh_visobert_01388,0,0,1,1
fresh_visobert_07647,1,1,1,1
fresh_visobert_07764,1,0,0,0
fresh_visobert_11632,0,0,1,1
fresh_visobert_02846,0,0,1,1
fresh_visobert_04882,0,0,1,1
fresh_visobert_06383,0,0,1,1
fresh_visobert_02094,0,0,1,1
fresh_visobert_00564,0,0,1,1
fresh_visobert_11555,0,0,1,1
fresh_visobert_08249,0,0,1,1
fresh_visobert_09908,0,0,1,1
fresh_visobert_11116,0,0,1,1
fresh_visobert_01145,0,0,1,1
fresh_visobert_05104,0,0,1,1
fresh_visobert_10146,0,0,1,1
fresh_visobert_10661,0,0,1,1
fresh_visobert_09520,0,0,1,1
fresh_visobert_11443,0,0,1,1
fresh_visobert_00551,0,0,1,1
fresh_visobert_06472,0,0,1,1
fresh_visobert_08459,0,0,1,1
fresh_visobert_00435,0,0,1,1
fresh_visobert_05048,0,0,1,1
fresh_visobert_08009,0,0,1,1
fresh_visobert_01351,0,0,1,1
fresh_visobert_06460,0,0,1,1
fresh_visobert_08405,1,1,1,1
fresh_visobert_03769,0,0,1,1
fresh_visobert_06839,0,0,1,1
fresh_visobert_07989,0,0,1,1
fresh_visobert_08323,0,0,1,1
fresh_visobert_10221,0,0,1,1
fresh_visobert_00171,0,0,1,1
fresh_visobert_08150,0,0,1,1
fresh_visobert_05096,0,0,1,1
fresh_visobert_03215,0,0,1,1
fresh_visobert_04278,0,0,1,1
fresh_visobert_03346,0,0,1,1
fresh_visobert_08476,0,0,1,1
fresh_visobert_01396,0,0,1,1
fresh_visobert_10336,1,1,1,1
fresh_visobert_00267,0,0,1,1
fresh_visobert_08457,0,0,1,1
fresh_visobert_03564,1,1,1,1
fresh_visobert_11733,0,0,1,1
fresh_visobert_10378,0,0,1,1
fresh_visobert_07835,0,0,1,1
fresh_visobert_11365,0,0,1,1
fresh_visobert_11240,0,0,1,1
fresh_visobert_07451,0,0,1,1
fresh_visobert_02209,0,0,1,1
fresh_visobert_08083,0,0,1,1
fresh_visobert_06474,0,0,1,1
fresh_visobert_03395,0,0,1,1
fresh_visobert_05807,0,0,1,1
fresh_visobert_06580,0,0,1,1
fresh_visobert_10759,0,0,1,1
fresh_visobert_01001,0,0,1,1
fresh_visobert_03080,0,0,1,1
fresh_visobert_02162,0,0,1,1
fresh_visobert_03288,0,0,1,1
fresh_visobert_03261,0,0,1,1
fresh_visobert_02112,0,0,1,1
fresh_visobert_02702,0,0,1,1
fresh_visobert_06306,0,0,1,1
fresh_visobert_03085,0,0,1,1
fresh_visobert_01139,0,0,1,1
fresh_visobert_09267,0,0,1,1
fresh_visobert_01324,0,0,1,1
fresh_visobert_09556,0,0,1,1
fresh_visobert_05777,0,0,1,1
fresh_visobert_03420,0,0,1,1
fresh_visobert_11998,0,0,1,1
fresh_visobert_11106,1,0,0,0
fresh_visobert_02731,0,0,1,1
fresh_visobert_07445,0,0,1,1
fresh_visobert_03798,0,0,1,1
fresh_visobert_06811,0,0,1,1
fresh_visobert_05554,0,0,1,1
fresh_visobert_05037,0,0,1,1
fresh_visobert_09294,0,0,1,1
fresh_visobert_04238,0,0,1,1
fresh_visobert_11327,0,0,1,1
fresh_visobert_08872,0,0,1,1
fresh_visobert_08847,0,0,1,1
fresh_visobert_03990,0,0,1,1
fresh_visobert_08082,0,0,1,1
fresh_visobert_09866,0,0,1,1
fresh_visobert_10697,0,0,1,1
fresh_visobert_01117,0,0,1,1
fresh_visobert_02146,0,0,1,1
fresh_visobert_06236,0,0,1,1
fresh_visobert_09977,0,0,1,1
fresh_visobert_00177,0,0,1,1
fresh_visobert_05556,0,0,1,1
fresh_visobert_04772,0,0,1,1
fresh_visobert_10642,0,0,1,1
fresh_visobert_10963,1,1,1,1
fresh_visobert_07067,0,0,1,1
fresh_visobert_00714,0,0,1,1
fresh_visobert_06526,0,0,1,1
fresh_visobert_09345,0,0,1,1
fresh_visobert_02847,0,0,1,1
fresh_visobert_10924,0,0,1,1
fresh_visobert_02365,0,0,1,1
fresh_visobert_04605,1,0,0,0
fresh_visobert_00668,0,0,1,1
fresh_visobert_07191,0,0,1,1
fresh_visobert_04731,0,0,1,1
fresh_visobert_06869,0,0,1,1
fresh_visobert_09702,0,0,1,1
fresh_visobert_00271,0,0,1,1
fresh_visobert_06410,0,0,1,1
fresh_visobert_06421,0,0,1,1
fresh_visobert_08656,0,0,1,1
fresh_visobert_11652,0,0,1,1
fresh_visobert_08838,0,0,1,1
fresh_visobert_10893,0,0,1,1
fresh_visobert_11189,0,0,1,1
fresh_visobert_02889,0,0,1,1
fresh_visobert_00028,0,0,1,1
fresh_visobert_11387,0,0,1,1
fresh_visobert_05607,0,0,1,1
fresh_visobert_10682,0,0,1,1
fresh_visobert_04221,0,0,1,1
fresh_visobert_04864,0,0,1,1
fresh_visobert_02913,0,0,1,1
fresh_visobert_10392,1,0,0,0
fresh_visobert_03130,0,0,1,1
fresh_visobert_09175,0,0,1,1
fresh_visobert_08562,0,0,1,1
fresh_visobert_08436,0,0,1,1
fresh_visobert_00014,0,0,1,1
fresh_visobert_06103,0,0,1,1
fresh_visobert_08260,0,0,1,1
fresh_visobert_07875,0,0,1,1
fresh_visobert_04154,0,0,1,1
fresh_visobert_00781,0,0,1,1
fresh_visobert_01717,0,0,1,1
fresh_visobert_02975,0,0,1,1
fresh_visobert_01877,0,0,1,1
fresh_visobert_06391,0,0,1,1
fresh_visobert_03074,0,0,1,1
fresh_visobert_10863,0,0,1,1
fresh_visobert_01504,0,0,1,1
fresh_visobert_09808,0,0,1,1
fresh_visobert_09516,0,0,1,1
fresh_visobert_10293,0,0,1,1
fresh_visobert_00184,0,0,1,1
fresh_visobert_00456,0,0,1,1
fresh_visobert_02413,0,0,1,1
fresh_visobert_01949,0,0,1,1
fresh_visobert_08933,1,1,1,1
fresh_visobert_03891,0,0,1,1
fresh_visobert_06802,0,0,1,1
fresh_visobert_08327,0,0,1,1
fresh_visobert_01715,0,0,1,1
fresh_visobert_03169,0,0,1,1
fresh_visobert_11465,1,1,1,1
fresh_visobert_00340,0,0,1,1
fresh_visobert_11147,0,0,1,1
fresh_visobert_05012,0,0,1,1
fresh_visobert_01367,0,0,1,1
fresh_visobert_10271,0,0,1,1
fresh_visobert_02993,0,0,1,1
fresh_visobert_07634,0,0,1,1
fresh_visobert_10236,0,0,1,1
fresh_visobert_04724,0,0,1,1
fresh_visobert_11502,0,0,1,1
fresh_visobert_06665,0,0,1,1
fresh_visobert_02507,0,0,1,1
fresh_visobert_01543,0,0,1,1
fresh_visobert_10089,0,0,1,1
fresh_visobert_10600,1,0,0,0
fresh_visobert_00390,0,0,1,1
fresh_visobert_06179,0,0,1,1
fresh_visobert_08514,0,0,1,1
fresh_visobert_04522,0,0,1,1
fresh_visobert_07827,0,0,1,1
fresh_visobert_09067,0,0,1,1
fresh_visobert_00478,0,0,1,1
fresh_visobert_04736,0,0,1,1
fresh_visobert_03304,0,0,1,1
fresh_visobert_02602,0,0,1,1
fresh_visobert_08987,0,0,1,1
fresh_visobert_01343,0,0,1,1
fresh_visobert_11955,0,0,1,1
fresh_visobert_05264,0,0,1,1
fresh_visobert_02605,0,0,1,1
fresh_visobert_02677,0,0,1,1
fresh_visobert_10774,0,0,1,1
fresh_visobert_00999,0,0,1,1
fresh_visobert_03762,0,0,1,1
fresh_visobert_01796,0,0,1,1
fresh_visobert_03975,0,0,1,1
fresh_visobert_03203,0,0,1,1
fresh_visobert_11080,0,0,1,1
fresh_visobert_09257,0,0,1,1
fresh_visobert_03870,0,0,1,1
fresh_visobert_06367,0,0,1,1
fresh_visobert_08844,1,1,1,1
fresh_visobert_10384,0,0,1,1
fresh_visobert_05488,0,0,1,1
fresh_visobert_08152,0,0,1,1
fresh_visobert_10325,0,0,1,1
fresh_visobert_01594,0,0,1,1
fresh_visobert_00971,0,0,1,1
fresh_visobert_01475,0,0,1,1
fresh_visobert_09633,0,0,1,1
fresh_visobert_03722,0,0,1,1
fresh_visobert_04455,0,0,1,1
fresh_visobert_05283,0,0,1,1
fresh_visobert_06630,0,0,1,1
fresh_visobert_02265,0,0,1,1
fresh_visobert_02175,0,0,1,1
fresh_visobert_00362,1,0,0,0
fresh_visobert_00838,0,0,1,1
fresh_visobert_01671,0,0,1,1
fresh_visobert_05090,0,0,1,1
fresh_visobert_00218,0,0,1,1
fresh_visobert_06847,0,0,1,1
fresh_visobert_05713,0,0,1,1
fresh_visobert_04891,0,0,1,1
fresh_visobert_00308,0,0,1,1
fresh_visobert_11740,0,0,1,1
fresh_visobert_10327,0,0,1,1
fresh_visobert_06731,0,0,1,1
fresh_visobert_00672,0,0,1,1
fresh_visobert_11745,0,0,1,1
fresh_visobert_07034,0,0,1,1
fresh_visobert_04086,0,0,1,1
fresh_visobert_11375,0,0,1,1
fresh_visobert_08896,1,0,0,0
fresh_visobert_09642,0,0,1,1
fresh_visobert_11654,0,0,1,1
fresh_visobert_05010,0,0,1,1
fresh_visobert_02480,0,0,1,1
fresh_visobert_04095,0,0,1,1
fresh_visobert_10849,0,0,1,1
fresh_visobert_11973,0,0,1,1
fresh_visobert_10209,0,0,1,1
fresh_visobert_11425,0,0,1,1
fresh_visobert_11634,0,0,1,1
fresh_visobert_06972,0,0,1,1
fresh_visobert_08304,0,0,1,1
fresh_visobert_07534,0,0,1,1
fresh_visobert_07001,0,0,1,1
fresh_visobert_08834,1,0,0,0
fresh_visobert_06375,0,0,1,1
fresh_visobert_06882,1,1,1,1
fresh_visobert_04748,0,0,1,1
fresh_visobert_07490,1,1,1,1
fresh_visobert_10333,0,0,1,1
fresh_visobert_03358,0,0,1,1
fresh_visobert_11883,0,0,1,1
fresh_visobert_03856,0,0,1,1
fresh_visobert_04439,0,0,1,1
fresh_visobert_08696,1,0,0,0
fresh_visobert_09880,1,0,0,0
fresh_visobert_02127,0,0,1,1
fresh_visobert_00208,0,0,1,1
fresh_visobert_02159,0,0,1,1
fresh_visobert_09174,0,0,1,1
fresh_visobert_03222,0,0,1,1
fresh_visobert_03662,0,0,1,1
fresh_visobert_07037,0,0,1,1
fresh_visobert_06652,1,0,0,0
fresh_visobert_04307,0,0,1,1
fresh_visobert_05072,1,0,0,0
fresh_visobert_01427,0,0,1,1
fresh_visobert_01431,0,0,1,1
fresh_visobert_03537,0,0,1,1
fresh_visobert_06362,1,0,0,0
fresh_visobert_05202,0,0,1,1
fresh_visobert_10979,0,0,1,1
fresh_visobert_10343,0,0,1,1
fresh_visobert_05619,0,0,1,1
fresh_visobert_01998,0,0,1,1
fresh_visobert_10656,0,0,1,1
fresh_visobert_00773,0,0,1,1
fresh_visobert_03673,0,0,1,1
fresh_visobert_06992,0,0,1,1
fresh_visobert_07321,1,1,1,1
fresh_visobert_02891,0,0,1,1
fresh_visobert_06705,0,0,1,1
fresh_visobert_02859,0,0,1,1
fresh_visobert_09409,0,0,1,1
fresh_visobert_11858,0,0,1,1
fresh_visobert_03356,0,0,1,1
fresh_visobert_08505,0,0,1,1
fresh_visobert_05407,0,0,1,1
fresh_visobert_02804,0,0,1,1
fresh_visobert_01048,0,0,1,1
fresh_visobert_04988,0,0,1,1
fresh_visobert_11178,0,0,1,1
fresh_visobert_04807,0,0,1,1
fresh_visobert_03819,0,0,1,1
fresh_visobert_11830,0,0,1,1
fresh_visobert_00485,0,0,1,1
fresh_visobert_03334,0,0,1,1
fresh_visobert_06973,0,0,1,1
fresh_visobert_01361,0,0,1,1
fresh_visobert_03053,0,0,1,1
fresh_visobert_08702,0,0,1,1
fresh_visobert_00850,0,0,1,1
fresh_visobert_05001,0,0,1,1
fresh_visobert_06082,0,0,1,1
fresh_visobert_05189,0,0,1,1
fresh_visobert_08649,0,0,1,1
fresh_visobert_05633,0,0,1,1
fresh_visobert_00416,0,0,1,1
fresh_visobert_03335,0,0,1,1
fresh_visobert_06208,0,0,1,1
fresh_visobert_10452,0,0,1,1
fresh_visobert_00278,0,0,1,1
fresh_visobert_00400,0,0,1,1
fresh_visobert_11732,1,0,0,0
fresh_visobert_06579,0,0,1,1
fresh_visobert_08206,0,0,1,1
fresh_visobert_02843,0,0,1,1
fresh_visobert_04251,0,0,1,1
fresh_visobert_02907,0,0,1,1
fresh_visobert_01546,0,0,1,1
fresh_visobert_04554,0,0,1,1
fresh_visobert_03447,0,0,1,1
fresh_visobert_11177,0,0,1,1
fresh_visobert_09411,0,0,1,1
fresh_visobert_03349,0,0,1,1
fresh_visobert_11563,0,0,1,1
fresh_visobert_01725,0,0,1,1
fresh_visobert_00611,0,0,1,1
fresh_visobert_07022,1,0,0,0
fresh_visobert_03244,0,0,1,1
fresh_visobert_01756,0,0,1,1
fresh_visobert_09219,0,0,1,1
fresh_visobert_04032,0,0,1,1
fresh_visobert_06053,0,0,1,1
fresh_visobert_02566,0,0,1,1
fresh_visobert_10690,0,0,1,1
fresh_visobert_05969,0,0,1,1
fresh_visobert_11197,0,0,1,1
fresh_visobert_02786,0,0,1,1
fresh_visobert_10886,0,0,1,1
fresh_visobert_10911,0,0,1,1
fresh_visobert_01835,0,0,1,1
fresh_visobert_05967,0,0,1,1
fresh_visobert_00465,0,0,1,1
fresh_visobert_11167,0,0,1,1
fresh_visobert_00624,0,0,1,1
fresh_visobert_06044,0,0,1,1
fresh_visobert_07371,0,0,1,1
fresh_visobert_10459,1,0,0,0
fresh_visobert_00892,0,0,1,1
fresh_visobert_01281,0,0,1,1
fresh_visobert_03977,0,0,1,1
fresh_visobert_02537,0,0,1,1
fresh_visobert_11609,0,0,1,1
fresh_visobert_02192,0,0,1,1
fresh_visobert_06844,0,0,1,1
fresh_visobert_03808,0,0,1,1
fresh_visobert_02769,0,0,1,1
fresh_visobert_07691,0,0,1,1
fresh_visobert_11148,0,0,1,1
fresh_visobert_10767,0,0,1,1
fresh_visobert_03511,0,0,1,1
fresh_visobert_03258,0,0,1,1
fresh_visobert_05913,0,0,1,1
fresh_visobert_06462,0,0,1,1
fresh_visobert_02604,0,0,1,1
fresh_visobert_11585,0,0,1,1
fresh_visobert_02171,0,0,1,1
fresh_visobert_00756,0,0,1,1
fresh_visobert_07613,0,0,1,1
fresh_visobert_08088,0,0,1,1
fresh_visobert_02342,0,0,1,1
fresh_visobert_01448,0,0,1,1
fresh_visobert_08334,0,0,1,1
fresh_visobert_02187,0,0,1,1
fresh_visobert_03097,0,0,1,1
fresh_visobert_10615,0,0,1,1
fresh_visobert_04254,0,0,1,1
fresh_visobert_05584,0,0,1,1
fresh_visobert_09637,0,0,1,1
fresh_visobert_03132,0,0,1,1
fresh_visobert_00577,0,0,1,1
fresh_visobert_04323,0,0,1,1
fresh_visobert_05304,0,0,1,1
fresh_visobert_02170,0,0,1,1
fresh_visobert_10779,1,1,1,1
fresh_visobert_06645,0,0,1,1
fresh_visobert_10530,0,0,1,1
fresh_visobert_08555,0,0,1,1
fresh_visobert_03938,0,0,1,1
fresh_visobert_01489,0,0,1,1
fresh_visobert_08342,0,0,1,1
fresh_visobert_09923,0,0,1,1
fresh_visobert_10100,0,0,1,1
fresh_visobert_05389,0,0,1,1
fresh_visobert_07950,0,0,1,1
fresh_visobert_10102,1,0,0,0
fresh_visobert_04094,0,0,1,1
fresh_visobert_02590,0,0,1,1
fresh_visobert_03653,0,0,1,1
fresh_visobert_01951,0,0,1,1
fresh_visobert_00020,0,0,1,1
fresh_visobert_00600,0,0,1,1
fresh_visobert_09482,0,0,1,1
fresh_visobert_07174,0,0,1,1
fresh_visobert_01172,0,0,1,1
fresh_visobert_03090,0,0,1,1
fresh_visobert_10670,0,0,1,1
fresh_visobert_05334,0,0,1,1
fresh_visobert_02221,0,0,1,1
fresh_visobert_10519,0,0,1,1
fresh_visobert_06533,0,0,1,1
fresh_visobert_02043,0,0,1,1
fresh_visobert_07906,0,0,1,1
fresh_visobert_03278,0,0,1,1
fresh_visobert_11892,0,0,1,1
fresh_visobert_11090,0,0,1,1
fresh_visobert_09011,0,0,1,1
fresh_visobert_06244,0,0,1,1
fresh_visobert_04014,0,0,1,1
fresh_visobert_10809,1,1,1,1
fresh_visobert_09530,0,0,1,1
fresh_visobert_03949,0,0,1,1
fresh_visobert_05062,0,0,1,1
fresh_visobert_10516,0,0,1,1
fresh_visobert_10003,0,0,1,1
fresh_visobert_02968,0,0,1,1
fresh_visobert_07372,0,0,1,1
fresh_visobert_08162,0,0,1,1
fresh_visobert_04280,0,0,1,1
fresh_visobert_04564,0,0,1,1
fresh_visobert_03588,0,0,1,1
fresh_visobert_02453,0,0,1,1
fresh_visobert_00275,0,0,1,1
fresh_visobert_06698,0,0,1,1
fresh_visobert_11164,0,0,1,1
fresh_visobert_06661,1,1,1,1
fresh_visobert_02517,0,0,1,1
fresh_visobert_08429,0,0,1,1
fresh_visobert_08354,0,0,1,1
fresh_visobert_11009,1,0,0,0
fresh_visobert_07518,0,0,1,1
fresh_visobert_08018,0,0,1,1
fresh_visobert_11746,0,0,1,1
fresh_visobert_09178,0,0,1,1
fresh_visobert_10052,0,0,1,1
fresh_visobert_07539,0,0,1,1
fresh_visobert_05092,0,0,1,1
fresh_visobert_06955,0,0,1,1
fresh_visobert_01738,0,0,1,1
fresh_visobert_11500,0,0,1,1
fresh_visobert_06574,0,0,1,1
fresh_visobert_07434,0,0,1,1
fresh_visobert_06324,0,0,1,1
fresh_visobert_05222,0,0,1,1
fresh_visobert_05863,0,0,1,1
fresh_visobert_01241,0,0,1,1
fresh_visobert_05398,0,0,1,1
fresh_visobert_04175,0,0,1,1
fresh_visobert_10953,0,0,1,1
fresh_visobert_03961,0,0,1,1
fresh_visobert_01296,0,0,1,1
fresh_visobert_06390,0,0,1,1
fresh_visobert_09332,0,0,1,1
fresh_visobert_10803,0,0,1,1
fresh_visobert_09052,0,0,1,1
fresh_visobert_02991,0,0,1,1
fresh_visobert_02541,0,0,1,1
fresh_visobert_09969,0,0,1,1
fresh_visobert_09573,0,0,1,1
fresh_visobert_05446,0,0,1,1
fresh_visobert_10596,0,0,1,1
fresh_visobert_07778,0,0,1,1
fresh_visobert_11584,0,0,1,1
fresh_visobert_06047,1,1,1,1
fresh_visobert_05980,0,0,1,1
fresh_visobert_10749,1,1,1,1
fresh_visobert_02260,0,0,1,1
fresh_visobert_06181,0,0,1,1
fresh_visobert_04027,0,0,1,1
fresh_visobert_06220,0,0,1,1
fresh_visobert_08638,0,0,1,1
fresh_visobert_06485,0,0,1,1
fresh_visobert_11488,0,0,1,1
fresh_visobert_10880,0,0,1,1
fresh_visobert_05802,0,0,1,1
fresh_visobert_02852,0,0,1,1
fresh_visobert_07187,0,0,1,1
fresh_visobert_11964,1,0,0,0
fresh_visobert_00486,0,0,1,1
fresh_visobert_08922,0,0,1,1
fresh_visobert_08257,1,1,1,1
fresh_visobert_08525,0,0,1,1
fresh_visobert_10290,0,0,1,1
fresh_visobert_04190,0,0,1,1
fresh_visobert_10899,1,1,1,1
fresh_visobert_03083,0,0,1,1
fresh_visobert_06414,0,0,1,1
fresh_visobert_07511,1,0,0,0
fresh_visobert_00997,0,0,1,1
fresh_visobert_06444,0,0,1,1
fresh_visobert_06819,0,0,1,1
fresh_visobert_01276,0,0,1,1
fresh_visobert_09408,0,0,1,1
fresh_visobert_06568,0,0,1,1
fresh_visobert_04029,0,0,1,1
fresh_visobert_02882,0,0,1,1
fresh_visobert_04608,0,0,1,1
fresh_visobert_01273,0,0,1,1
fresh_visobert_01053,0,0,1,1
fresh_visobert_11839,0,0,1,1
fresh_visobert_11458,1,1,1,1
fresh_visobert_01807,0,0,1,1
fresh_visobert_01016,0,0,1,1
fresh_visobert_07083,0,0,1,1
fresh_visobert_00969,1,0,0,0
fresh_visobert_02308,0,0,1,1
fresh_visobert_00237,0,0,1,1
fresh_visobert_11687,0,0,1,1
fresh_visobert_03910,0,0,1,1
fresh_visobert_04346,0,0,1,1
fresh_visobert_04769,0,0,1,1
fresh_visobert_09413,0,0,1,1
fresh_visobert_03621,0,0,1,1
fresh_visobert_11640,0,0,1,1
fresh_visobert_11578,1,0,0,0
fresh_visobert_02598,0,0,1,1
fresh_visobert_04399,0,0,1,1
fresh_visobert_05838,0,0,1,1
fresh_visobert_11396,0,0,1,1
fresh_visobert_01873,0,0,1,1
fresh_visobert_11202,0,0,1,1
fresh_visobert_04616,0,0,1,1
fresh_visobert_07397,0,0,1,1
fresh_visobert_01405,0,0,1,1
fresh_visobert_10112,1,1,1,1
fresh_visobert_07084,0,0,1,1
fresh_visobert_05957,0,0,1,1
fresh_visobert_10436,0,0,1,1
fresh_visobert_01638,0,0,1,1
fresh_visobert_02402,0,0,1,1
fresh_visobert_04574,0,0,1,1
fresh_visobert_08030,0,0,1,1
fresh_visobert_10051,0,0,1,1
fresh_visobert_10686,0,0,1,1
fresh_visobert_00663,0,0,1,1
fresh_visobert_03488,0,0,1,1
fresh_visobert_10065,0,0,1,1
fresh_visobert_08039,1,1,1,1
fresh_visobert_02397,0,0,1,1
fresh_visobert_01440,0,0,1,1
fresh_visobert_09239,0,0,1,1
fresh_visobert_02512,0,0,1,1
fresh_visobert_10947,0,0,1,1
fresh_visobert_00583,0,0,1,1
fresh_visobert_11258,1,1,1,1
fresh_visobert_03451,0,0,1,1
fresh_visobert_00976,0,0,1,1
fresh_visobert_00494,0,0,1,1
fresh_visobert_01372,1,0,0,0
fresh_visobert_03049,0,0,1,1
fresh_visobert_07774,0,0,1,1
fresh_visobert_07829,0,0,1,1
fresh_visobert_04358,0,0,1,1
fresh_visobert_11474,0,0,1,1
fresh_visobert_07248,0,0,1,1
fresh_visobert_08723,0,0,1,1
fresh_visobert_00161,1,0,0,0
fresh_visobert_03510,0,0,1,1
fresh_visobert_04897,0,0,1,1
fresh_visobert_04961,0,0,1,1
fresh_visobert_07837,0,0,1,1
fresh_visobert_09839,0,0,1,1
fresh_visobert_00750,0,0,1,1
fresh_visobert_01170,0,0,1,1
fresh_visobert_03095,0,0,1,1
fresh_visobert_02678,0,0,1,1
fresh_visobert_02672,0,0,1,1
fresh_visobert_04808,0,0,1,1
fresh_visobert_08544,0,0,1,1
fresh_visobert_08116,0,0,1,1
fresh_visobert_03925,0,0,1,1
fresh_visobert_10227,1,0,0,0
fresh_visobert_03927,0,0,1,1
fresh_visobert_06133,0,0,1,1
fresh_visobert_04823,0,0,1,1
fresh_visobert_04696,0,0,1,1
fresh_visobert_03713,0,0,1,1
fresh_visobert_07348,0,0,1,1
fresh_visobert_08961,0,0,1,1
fresh_visobert_06848,0,0,1,1
fresh_visobert_07557,0,0,1,1
fresh_visobert_04516,0,0,1,1
fresh_visobert_05635,0,0,1,1
fresh_visobert_01213,0,0,1,1
fresh_visobert_07444,0,0,1,1
fresh_visobert_06454,0,0,1,1
fresh_visobert_03608,0,0,1,1
fresh_visobert_02782,0,0,1,1
fresh_visobert_06830,0,0,1,1
fresh_visobert_04581,0,0,1,1
fresh_visobert_01165,0,0,1,1
fresh_visobert_10240,0,0,1,1
fresh_visobert_05972,0,0,1,1
fresh_visobert_03549,0,0,1,1
fresh_visobert_06420,0,0,1,1
fresh_visobert_06395,0,0,1,1
fresh_visobert_03221,0,0,1,1
fresh_visobert_04426,0,0,1,1
fresh_visobert_07646,0,0,1,1
fresh_visobert_09785,0,0,1,1
fresh_visobert_07438,0,0,1,1
fresh_visobert_04091,0,0,1,1
fresh_visobert_07326,0,0,1,1
fresh_visobert_11352,1,1,1,1
fresh_visobert_04217,0,0,1,1
fresh_visobert_01347,0,0,1,1
fresh_visobert_06340,0,0,1,1
fresh_visobert_01224,0,0,1,1
fresh_visobert_08376,0,0,1,1
fresh_visobert_01325,0,0,1,1
fresh_visobert_10591,1,1,1,1
fresh_visobert_03096,0,0,1,1
fresh_visobert_09003,0,0,1,1
fresh_visobert_03102,0,0,1,1
fresh_visobert_01527,1,0,0,0
fresh_visobert_09646,0,0,1,1
fresh_visobert_06499,0,0,1,1
fresh_visobert_03824,0,0,1,1
fresh_visobert_02582,0,0,1,1
fresh_visobert_09153,0,0,1,1
fresh_visobert_04317,0,0,1,1
fresh_visobert_10216,0,0,1,1
fresh_visobert_00504,0,0,1,1
fresh_visobert_09034,0,0,1,1
fresh_visobert_09913,0,0,1,1
fresh_visobert_06115,1,0,0,0
fresh_visobert_06535,0,0,1,1
fresh_visobert_11527,0,0,1,1
fresh_visobert_05182,0,0,1,1
fresh_visobert_08609,0,0,1,1
fresh_visobert_10438,0,0,1,1
fresh_visobert_10608,0,0,1,1
fresh_visobert_04939,0,0,1,1
fresh_visobert_03650,0,0,1,1
fresh_visobert_01587,0,0,1,1
fresh_visobert_09531,0,0,1,1
fresh_visobert_05329,0,0,1,1
fresh_visobert_10662,0,0,1,1
fresh_visobert_01130,0,0,1,1
fresh_visobert_05981,0,0,1,1
fresh_visobert_05725,0,0,1,1
fresh_visobert_02369,0,0,1,1
fresh_visobert_04860,0,0,1,1
fresh_visobert_00818,0,0,1,1
fresh_visobert_09496,0,0,1,1
fresh_visobert_09488,0,0,1,1
fresh_visobert_06050,0,0,1,1
fresh_visobert_04406,0,0,1,1
fresh_visobert_10425,0,0,1,1
fresh_visobert_11205,0,0,1,1
fresh_visobert_02725,0,0,1,1
fresh_visobert_02410,0,0,1,1
fresh_visobert_00320,0,0,1,1
fresh_visobert_10165,0,0,1,1
fresh_visobert_00591,0,0,1,1
fresh_visobert_04861,0,0,1,1
fresh_visobert_11204,0,0,1,1
fresh_visobert_05146,0,0,1,1
fresh_visobert_02925,0,0,1,1
fresh_visobert_03017,0,0,1,1
fresh_visobert_01550,0,0,1,1
fresh_visobert_08579,0,0,1,1
fresh_visobert_11613,0,0,1,1
fresh_visobert_07868,0,0,1,1
fresh_visobert_03879,0,0,1,1
fresh_visobert_03642,0,0,1,1
fresh_visobert_10304,0,0,1,1
fresh_visobert_10989,0,0,1,1
fresh_visobert_08993,0,0,1,1
fresh_visobert_07203,0,0,1,1
fresh_visobert_03579,0,0,1,1
fresh_visobert_00280,0,0,1,1
fresh_visobert_01662,0,0,1,1
fresh_visobert_03006,0,0,1,1
fresh_visobert_00960,0,0,1,1
fresh_visobert_02603,0,0,1,1
fresh_visobert_07300,0,0,1,1
fresh_visobert_09641,0,0,1,1
fresh_visobert_03803,0,0,1,1
fresh_visobert_07930,0,0,1,1
fresh_visobert_11778,1,0,0,0
fresh_visobert_03224,0,0,1,1
fresh_visobert_02387,0,0,1,1
fresh_visobert_01102,0,0,1,1
fresh_visobert_05612,0,0,1,1
fresh_visobert_05709,0,0,1,1
fresh_visobert_01244,0,0,1,1
fresh_visobert_06445,0,0,1,1
fresh_visobert_02310,0,0,1,1
fresh_visobert_00358,0,0,1,1
fresh_visobert_11482,0,0,1,1
fresh_visobert_11655,1,0,0,0
fresh_visobert_01123,0,0,1,1
fresh_visobert_07946,1,0,0,0
fresh_visobert_11440,0,0,1,1
fresh_visobert_00820,0,0,1,1
fresh_visobert_09581,0,0,1,1
fresh_visobert_06959,0,0,1,1
fresh_visobert_09114,0,0,1,1
fresh_visobert_10871,0,0,1,1
fresh_visobert_09857,1,1,1,1
fresh_visobert_04222,1,0,0,0
fresh_visobert_04165,0,0,1,1
fresh_visobert_10673,0,0,1,1
fresh_visobert_08815,0,0,1,1
fresh_visobert_04149,0,0,1,1
fresh_visobert_01669,0,0,1,1
fresh_visobert_04310,0,0,1,1
fresh_visobert_05956,0,0,1,1
fresh_visobert_07077,0,0,1,1
fresh_visobert_06260,1,0,0,0
fresh_visobert_04749,0,0,1,1
fresh_visobert_01466,0,0,1,1
fresh_visobert_09364,1,0,0,0
fresh_visobert_02751,0,0,1,1
fresh_visobert_10453,0,0,1,1
fresh_visobert_06268,0,0,1,1
fresh_visobert_10292,0,0,1,1
fresh_visobert_10473,0,0,1,1
fresh_visobert_05961,0,0,1,1
fresh_visobert_11930,0,0,1,1
fresh_visobert_09392,0,0,1,1
fresh_visobert_07403,1,1,1,1
fresh_visobert_05768,0,0,1,1
fresh_visobert_07003,0,0,1,1
fresh_visobert_04025,0,0,1,1
fresh_visobert_10277,0,0,1,1
fresh_visobert_10954,0,0,1,1
fresh_visobert_08290,0,0,1,1
fresh_visobert_06285,0,0,1,1
fresh_visobert_11762,0,0,1,1
fresh_visobert_01283,0,0,1,1
fresh_visobert_08725,0,0,1,1
fresh_visobert_04382,0,0,1,1
fresh_visobert_08440,0,0,1,1
fresh_visobert_07716,0,0,1,1
fresh_visobert_02579,0,0,1,1
fresh_visobert_02923,0,0,1,1
fresh_visobert_03985,0,0,1,1
fresh_visobert_04595,0,0,1,1
fresh_visobert_11618,0,0,1,1
fresh_visobert_08891,0,0,1,1
fresh_visobert_02595,0,0,1,1
fresh_visobert_07038,0,0,1,1
fresh_visobert_01010,0,0,1,1
fresh_visobert_07586,0,0,1,1
fresh_visobert_00294,0,0,1,1
fresh_visobert_04689,0,0,1,1
fresh_visobert_10733,0,0,1,1
fresh_visobert_06558,0,0,1,1
fresh_visobert_09463,0,0,1,1
fresh_visobert_08665,0,0,1,1
fresh_visobert_06873,0,0,1,1
fresh_visobert_10722,0,0,1,1
fresh_visobert_01607,0,0,1,1
fresh_visobert_02001,0,0,1,1
fresh_visobert_11646,1,1,1,1
fresh_visobert_05176,0,0,1,1
fresh_visobert_05912,1,0,0,0
fresh_visobert_04655,0,0,1,1
fresh_visobert_05045,0,0,1,1
fresh_visobert_04473,0,0,1,1
fresh_visobert_09582,0,0,1,1
fresh_visobert_04449,0,0,1,1
fresh_visobert_03836,0,0,1,1
fresh_visobert_08129,0,0,1,1
fresh_visobert_00980,0,0,1,1
fresh_visobert_03027,0,0,1,1
fresh_visobert_07561,0,0,1,1
fresh_visobert_04414,0,0,1,1
fresh_visobert_10772,0,0,1,1
fresh_visobert_07569,1,1,1,1
fresh_visobert_00255,0,0,1,1
fresh_visobert_03739,0,0,1,1
fresh_visobert_06143,0,0,1,1
fresh_visobert_01799,0,0,1,1
fresh_visobert_03462,0,0,1,1
fresh_visobert_10028,0,0,1,1
fresh_visobert_08487,0,0,1,1
fresh_visobert_03195,0,0,1,1
fresh_visobert_07524,0,0,1,1
fresh_visobert_04771,0,0,1,1
fresh_visobert_04852,0,0,1,1
fresh_visobert_04413,0,0,1,1
fresh_visobert_05372,0,0,1,1
fresh_visobert_04582,0,0,1,1
fresh_visobert_05435,0,0,1,1
fresh_visobert_01964,0,0,1,1
fresh_visobert_09410,0,0,1,1
fresh_visobert_06350,0,0,1,1
fresh_visobert_01734,0,0,1,1
fresh_visobert_01564,0,0,1,1
fresh_visobert_01190,0,0,1,1
fresh_visobert_10322,1,0,0,0
fresh_visobert_06787,0,0,1,1
fresh_visobert_00766,0,0,1,1
fresh_visobert_08491,1,1,1,1
fresh_visobert_03315,0,0,1,1
fresh_visobert_05343,0,0,1,1
fresh_visobert_08055,0,0,1,1
fresh_visobert_03860,0,0,1,1
fresh_visobert_08535,1,0,0,0
fresh_visobert_01317,0,0,1,1
fresh_visobert_05797,0,0,1,1
fresh_visobert_01893,0,0,1,1
fresh_visobert_00859,0,0,1,1
fresh_visobert_03184,0,0,1,1
fresh_visobert_08098,0,0,1,1
fresh_visobert_01022,0,0,1,1
fresh_visobert_04419,0,0,1,1
fresh_visobert_08075,0,0,1,1
fresh_visobert_06639,0,0,1,1
fresh_visobert_09407,0,0,1,1
fresh_visobert_04337,0,0,1,1
fresh_visobert_01646,0,0,1,1
fresh_visobert_06673,0,0,1,1
fresh_visobert_06049,0,0,1,1
fresh_visobert_09256,0,0,1,1
fresh_visobert_02263,0,0,1,1
fresh_visobert_11033,0,0,1,1
fresh_visobert_00548,0,0,1,1
fresh_visobert_09394,0,0,1,1
fresh_visobert_07359,0,0,1,1
fresh_visobert_04074,0,0,1,1
fresh_visobert_11943,0,0,1,1
fresh_visobert_08887,0,0,1,1
fresh_visobert_04913,0,0,1,1
fresh_visobert_08748,0,0,1,1
fresh_visobert_11564,0,0,1,1
fresh_visobert_06241,0,0,1,1
fresh_visobert_01778,0,0,1,1
fresh_visobert_11129,0,0,1,1
fresh_visobert_07217,0,0,1,1
fresh_visobert_11103,0,0,1,1
fresh_visobert_05206,0,0,1,1
fresh_visobert_03556,0,0,1,1
fresh_visobert_07708,1,0,0,0
fresh_visobert_08745,0,0,1,1
fresh_visobert_00071,0,0,1,1
fresh_visobert_08657,0,0,1,1
fresh_visobert_07378,0,0,1,1
fresh_visobert_10071,0,0,1,1
fresh_visobert_06384,0,0,1,1
fresh_visobert_11329,0,0,1,1
fresh_visobert_01838,0,0,1,1
fresh_visobert_02614,0,0,1,1
fresh_visobert_11361,0,0,1,1
fresh_visobert_07519,0,0,1,1
fresh_visobert_03969,0,0,1,1
fresh_visobert_11486,0,0,1,1
fresh_visobert_03246,0,0,1,1
fresh_visobert_02016,0,0,1,1
fresh_visobert_03419,0,0,1,1
fresh_visobert_01597,0,0,1,1
fresh_visobert_11968,0,0,1,1
fresh_visobert_05680,0,0,1,1
fresh_visobert_01514,0,0,1,1
fresh_visobert_02637,0,0,1,1
fresh_visobert_10783,0,0,1,1
fresh_visobert_09189,1,0,0,0
fresh_visobert_07772,0,0,1,1
fresh_visobert_02929,0,0,1,1
fresh_visobert_02753,0,0,1,1
fresh_visobert_02139,0,0,1,1
fresh_visobert_09685,0,0,1,1
fresh_visobert_04791,0,0,1,1
fresh_visobert_03229,0,0,1,1
fresh_visobert_10798,0,0,1,1
fresh_visobert_02034,0,0,1,1
fresh_visobert_05184,0,0,1,1
fresh_visobert_08813,0,0,1,1
fresh_visobert_09323,0,0,1,1
fresh_visobert_00157,1,1,1,1
fresh_visobert_03520,0,0,1,1
fresh_visobert_08360,0,0,1,1
fresh_visobert_06469,1,1,1,1
fresh_visobert_07704,0,0,1,1
fresh_visobert_11091,0,0,1,1
fresh_visobert_10873,0,0,1,1
fresh_visobert_04138,0,0,1,1
fresh_visobert_05228,0,0,1,1
fresh_visobert_04385,0,0,1,1
fresh_visobert_06466,0,0,1,1
fresh_visobert_11864,0,0,1,1
fresh_visobert_03928,0,0,1,1
fresh_visobert_04018,0,0,1,1
fresh_visobert_04418,0,0,1,1
fresh_visobert_04892,0,0,1,1
fresh_visobert_07617,0,0,1,1
fresh_visobert_09691,0,0,1,1
fresh_visobert_01760,0,0,1,1
fresh_visobert_04617,0,0,1,1
fresh_visobert_03560,0,0,1,1
fresh_visobert_09662,0,0,1,1
fresh_visobert_07291,0,0,1,1
fresh_visobert_01085,0,0,1,1
fresh_visobert_04090,0,0,1,1
fresh_visobert_10698,0,0,1,1
fresh_visobert_11868,0,0,1,1
fresh_visobert_06807,0,0,1,1
fresh_visobert_05899,0,0,1,1
fresh_visobert_07009,0,0,1,1
fresh_visobert_05050,0,0,1,1
fresh_visobert_06274,0,0,1,1
fresh_visobert_06800,0,0,1,1
fresh_visobert_05756,0,0,1,1
fresh_visobert_08676,0,0,1,1
fresh_visobert_08754,1,1,1,1
fresh_visobert_01332,0,0,1,1
fresh_visobert_05810,0,0,1,1
fresh_visobert_08492,0,0,1,1
fresh_visobert_08392,0,0,1,1
fresh_visobert_04567,0,0,1,1
fresh_visobert_07432,0,0,1,1
fresh_visobert_00800,0,0,1,1
fresh_visobert_01759,0,0,1,1
fresh_visobert_02426,0,0,1,1
fresh_visobert_01936,0,0,1,1
fresh_visobert_08599,1,1,1,1
fresh_visobert_08908,0,0,1,1
fresh_visobert_06884,0,0,1,1
fresh_visobert_08439,0,0,1,1
fresh_visobert_07771,0,0,1,1
fresh_visobert_02611,0,0,1,1
fresh_visobert_04716,0,0,1,1
fresh_visobert_01691,0,0,1,1
fresh_visobert_10108,0,0,1,1
fresh_visobert_07854,0,0,1,1
fresh_visobert_10009,1,0,0,0
fresh_visobert_03478,0,0,1,1
fresh_visobert_06813,0,0,1,1
fresh_visobert_06262,0,0,1,1
fresh_visobert_07186,0,0,1,1
fresh_visobert_03154,0,0,1,1
fresh_visobert_11614,0,0,1,1
fresh_visobert_08256,0,0,1,1
fresh_visobert_00069,0,0,1,1
fresh_visobert_07046,0,0,1,1
fresh_visobert_08578,0,0,1,1
fresh_visobert_00777,0,0,1,1
fresh_visobert_08946,0,0,1,1
fresh_visobert_06584,0,0,1,1
fresh_visobert_09699,0,0,1,1
fresh_visobert_03319,0,0,1,1
fresh_visobert_02553,0,0,1,1
fresh_visobert_09926,0,0,1,1
fresh_visobert_10695,1,1,1,1
fresh_visobert_00970,0,0,1,1
fresh_visobert_00250,0,0,1,1
fresh_visobert_02912,0,0,1,1
fresh_visobert_02609,0,0,1,1
fresh_visobert_04550,1,0,0,0
fresh_visobert_01173,0,0,1,1
fresh_visobert_05422,0,0,1,1
fresh_visobert_10928,0,0,1,1
fresh_visobert_11313,0,0,1,1
fresh_visobert_01225,0,0,1,1
fresh_visobert_07589,0,0,1,1
fresh_visobert_05465,0,0,1,1
fresh_visobert_10321,0,0,1,1
fresh_visobert_09108,0,0,1,1
fresh_visobert_09892,0,0,1,1
fresh_visobert_08798,0,0,1,1
fresh_visobert_01898,0,0,1,1
fresh_visobert_08728,0,0,1,1
fresh_visobert_01452,0,0,1,1
fresh_visobert_04958,0,0,1,1
fresh_visobert_05843,0,0,1,1
fresh_visobert_09588,0,0,1,1
fresh_visobert_05531,0,0,1,1
fresh_visobert_11136,0,0,1,1
fresh_visobert_08587,0,0,1,1
fresh_visobert_02276,0,0,1,1
fresh_visobert_01512,0,0,1,1
fresh_visobert_05373,0,0,1,1
fresh_visobert_11543,0,0,1,1
fresh_visobert_06074,0,0,1,1
fresh_visobert_11963,1,0,0,0
fresh_visobert_01811,0,0,1,1
fresh_visobert_06821,1,1,1,1
fresh_visobert_04949,0,0,1,1
fresh_visobert_02324,0,0,1,1
fresh_visobert_06594,0,0,1,1
fresh_visobert_02690,0,0,1,1
fresh_visobert_02371,0,0,1,1
fresh_visobert_07190,0,0,1,1
fresh_visobert_11123,0,0,1,1
fresh_visobert_07992,0,0,1,1
fresh_visobert_06712,0,0,1,1
fresh_visobert_02640,0,0,1,1
fresh_visobert_04408,0,0,1,1
fresh_visobert_04844,0,0,1,1
fresh_visobert_10116,0,0,1,1
fresh_visobert_07683,0,0,1,1
fresh_visobert_08011,1,1,1,1
fresh_visobert_01801,0,0,1,1
fresh_visobert_05174,0,0,1,1
fresh_visobert_03386,0,0,1,1
fresh_visobert_01737,0,0,1,1
fresh_visobert_07273,0,0,1,1
fresh_visobert_08193,0,0,1,1
fresh_visobert_10410,0,0,1,1
fresh_visobert_00673,0,0,1,1
fresh_visobert_01841,0,0,1,1
fresh_visobert_04548,0,0,1,1
fresh_visobert_09299,0,0,1,1
fresh_visobert_02724,0,0,1,1
fresh_visobert_07503,0,0,1,1
fresh_visobert_11277,0,0,1,1
fresh_visobert_08659,0,0,1,1
fresh_visobert_10558,0,0,1,1
fresh_visobert_04692,0,0,1,1
fresh_visobert_04985,1,1,1,1
fresh_visobert_07400,0,0,1,1
fresh_visobert_03731,0,0,1,1
fresh_visobert_00306,0,0,1,1
fresh_visobert_11815,0,0,1,1
fresh_visobert_00038,0,0,1,1
fresh_visobert_10026,0,0,1,1
fresh_visobert_11309,0,0,1,1
fresh_visobert_06039,0,0,1,1
fresh_visobert_11265,0,0,1,1
fresh_visobert_02391,0,0,1,1
fresh_visobert_11792,0,0,1,1
fresh_visobert_03982,0,0,1,1
fresh_visobert_02427,0,0,1,1
fresh_visobert_01100,0,0,1,1
fresh_visobert_02995,0,0,1,1
fresh_visobert_08639,0,0,1,1
fresh_visobert_05432,0,0,1,1
fresh_visobert_10853,0,0,1,1
fresh_visobert_03907,0,0,1,1
fresh_visobert_02092,0,0,1,1
fresh_visobert_11592,0,0,1,1
fresh_visobert_08882,1,0,0,0
fresh_visobert_01105,0,0,1,1
fresh_visobert_03845,0,0,1,1
fresh_visobert_00491,0,0,1,1
fresh_visobert_11653,0,0,1,1
fresh_visobert_00576,0,0,1,1
fresh_visobert_11971,0,0,1,1
fresh_visobert_01976,0,0,1,1
fresh_visobert_01693,0,0,1,1
fresh_visobert_05910,0,0,1,1
fresh_visobert_07779,0,0,1,1
fresh_visobert_11343,0,0,1,1
fresh_visobert_09586,0,0,1,1
fresh_visobert_11027,0,0,1,1
fresh_visobert_05276,0,0,1,1
fresh_visobert_01019,0,0,1,1
fresh_visobert_00875,0,0,1,1
fresh_visobert_11623,0,0,1,1
fresh_visobert_09333,0,0,1,1
fresh_visobert_08311,0,0,1,1
fresh_visobert_04798,0,0,1,1
fresh_visobert_03897,0,0,1,1
fresh_visobert_01267,0,0,1,1
fresh_visobert_01011,0,0,1,1
fresh_visobert_01404,0,0,1,1
fresh_visobert_09002,0,0,1,1
fresh_visobert_05873,0,0,1,1
fresh_visobert_09951,0,0,1,1
fresh_visobert_02343,0,0,1,1
fresh_visobert_01177,0,0,1,1
fresh_visobert_05962,0,0,1,1
fresh_visobert_04079,0,0,1,1
fresh_visobert_03108,0,0,1,1
fresh_visobert_02460,0,0,1,1
fresh_visobert_00584,0,0,1,1
fresh_visobert_04814,0,0,1,1
fresh_visobert_01935,0,0,1,1
fresh_visobert_09778,0,0,1,1
fresh_visobert_04776,0,0,1,1
fresh_visobert_05456,0,0,1,1
fresh_visobert_10123,0,0,1,1
fresh_visobert_03452,0,0,1,1
fresh_visobert_00303,0,0,1,1
fresh_visobert_09217,0,0,1,1
fresh_visobert_01585,0,0,1,1
fresh_visobert_05192,0,0,1,1
fresh_visobert_04341,0,0,1,1
fresh_visobert_11241,0,0,1,1
fresh_visobert_02165,0,0,1,1
fresh_visobert_08824,0,0,1,1
fresh_visobert_04461,0,0,1,1
fresh_visobert_08668,0,0,1,1
fresh_visobert_04130,1,1,1,1
fresh_visobert_06838,0,0,1,1
fresh_visobert_00829,0,0,1,1
fresh_visobert_00953,0,0,1,1
fresh_visobert_04236,1,0,0,0
fresh_visobert_05922,0,0,1,1
fresh_visobert_03684,0,0,1,1
fresh_visobert_09909,0,0,1,1
fresh_visobert_00536,0,0,1,1
fresh_visobert_08516,0,0,1,1
fresh_visobert_08653,0,0,1,1
fresh_visobert_10876,0,0,1,1
fresh_visobert_05054,0,0,1,1
fresh_visobert_05449,0,0,1,1
fresh_visobert_09241,0,0,1,1
fresh_visobert_07068,0,0,1,1
fresh_visobert_01640,0,0,1,1
fresh_visobert_06034,0,0,1,1
fresh_visobert_02511,0,0,1,1
fresh_visobert_00098,0,0,1,1
fresh_visobert_03875,0,0,1,1
fresh_visobert_02557,0,0,1,1
fresh_visobert_06764,0,0,1,1
fresh_visobert_03806,0,0,1,1
fresh_visobert_11360,0,0,1,1
fresh_visobert_04499,0,0,1,1
fresh_visobert_02855,0,0,1,1
fresh_visobert_04339,1,1,1,1
fresh_visobert_04125,0,0,1,1
fresh_visobert_02351,0,0,1,1
fresh_visobert_09118,0,0,1,1
fresh_visobert_09932,0,0,1,1
fresh_visobert_08145,0,0,1,1
fresh_visobert_11231,0,0,1,1
fresh_visobert_09678,0,0,1,1
fresh_visobert_07070,0,0,1,1
fresh_visobert_06105,0,0,1,1
fresh_visobert_00675,0,0,1,1
fresh_visobert_04411,0,0,1,1
fresh_visobert_09398,0,0,1,1
fresh_visobert_07088,0,0,1,1
fresh_visobert_09191,0,0,1,1
fresh_visobert_08938,0,0,1,1
fresh_visobert_09057,0,0,1,1
fresh_visobert_02444,0,0,1,1
fresh_visobert_00346,0,0,1,1
fresh_visobert_06970,0,0,1,1
fresh_visobert_09484,0,0,1,1
fresh_visobert_04245,0,0,1,1
fresh_visobert_01894,0,0,1,1
fresh_visobert_09697,0,0,1,1
fresh_visobert_09798,0,0,1,1
fresh_visobert_06782,0,0,1,1
fresh_visobert_07941,0,0,1,1
fresh_visobert_09071,0,0,1,1
fresh_visobert_03767,0,0,1,1
fresh_visobert_00870,0,0,1,1
fresh_visobert_02215,0,0,1,1
fresh_visobert_11175,0,0,1,1
fresh_visobert_11643,0,0,1,1
fresh_visobert_05710,0,0,1,1
fresh_visobert_08519,0,0,1,1
fresh_visobert_07796,0,0,1,1
fresh_visobert_03424,0,0,1,1
fresh_visobert_06437,0,0,1,1
fresh_visobert_01728,0,0,1,1
fresh_visobert_00010,0,0,1,1
fresh_visobert_05552,0,0,1,1
fresh_visobert_05213,0,0,1,1
fresh_visobert_07940,0,0,1,1
fresh_visobert_03183,0,0,1,1
fresh_visobert_00254,0,0,1,1
fresh_visobert_05976,0,0,1,1
fresh_visobert_09226,0,0,1,1
fresh_visobert_05689,0,0,1,1
fresh_visobert_06944,0,0,1,1
fresh_visobert_07264,0,0,1,1
fresh_visobert_07678,0,0,1,1
fresh_visobert_00351,0,0,1,1
fresh_visobert_02116,0,0,1,1
fresh_visobert_10373,0,0,1,1
fresh_visobert_09233,0,0,1,1
fresh_visobert_07159,0,0,1,1
fresh_visobert_02976,0,0,1,1
fresh_visobert_04328,0,0,1,1
fresh_visobert_09193,0,0,1,1
fresh_visobert_02254,0,0,1,1
fresh_visobert_04908,0,0,1,1
fresh_visobert_09054,0,0,1,1
fresh_visobert_01974,0,0,1,1
fresh_visobert_07244,0,0,1,1
fresh_visobert_11243,0,0,1,1
fresh_visobert_11113,0,0,1,1
fresh_visobert_02258,0,0,1,1
fresh_visobert_11553,0,0,1,1
fresh_visobert_09385,0,0,1,1
fresh_visobert_02655,0,0,1,1
fresh_visobert_07922,0,0,1,1
fresh_visobert_00958,0,0,1,1
fresh_visobert_06555,0,0,1,1
fresh_visobert_10881,0,0,1,1
fresh_visobert_08032,0,0,1,1
fresh_visobert_06966,1,0,0,0
fresh_visobert_02193,0,0,1,1
fresh_visobert_04334,0,0,1,1
fresh_visobert_04192,0,0,1,1
fresh_visobert_03744,0,0,1,1
fresh_visobert_08432,1,0,0,0
fresh_visobert_07093,1,0,0,0
fresh_visobert_03743,0,0,1,1
fresh_visobert_08566,0,0,1,1
fresh_visobert_04024,0,0,1,1
fresh_visobert_07969,0,0,1,1
fresh_visobert_05341,0,0,1,1
fresh_visobert_04905,0,0,1,1
fresh_visobert_09104,0,0,1,1
fresh_visobert_07123,0,0,1,1
fresh_visobert_09711,0,0,1,1
fresh_visobert_03236,1,1,1,1
fresh_visobert_00780,0,0,1,1
fresh_visobert_03273,0,0,1,1
fresh_visobert_11884,0,0,1,1
fresh_visobert_07655,0,0,1,1
fresh_visobert_02514,0,0,1,1
fresh_visobert_04511,0,0,1,1
fresh_visobert_07443,0,0,1,1
fresh_visobert_06897,0,0,1,1
fresh_visobert_03019,0,0,1,1
fresh_visobert_09797,0,0,1,1
fresh_visobert_04804,0,0,1,1
fresh_visobert_06270,0,0,1,1
fresh_visobert_11507,0,0,1,1
fresh_visobert_09852,0,0,1,1
fresh_visobert_11024,0,0,1,1
fresh_visobert_05254,0,0,1,1
fresh_visobert_11145,0,0,1,1
fresh_visobert_01234,0,0,1,1
fresh_visobert_11023,0,0,1,1
fresh_visobert_07299,1,1,1,1
fresh_visobert_10920,0,0,1,1
fresh_visobert_00571,0,0,1,1
fresh_visobert_02813,0,0,1,1
fresh_visobert_04592,0,0,1,1
fresh_visobert_05487,0,0,1,1
fresh_visobert_09198,0,0,1,1
fresh_visobert_00585,0,0,1,1
fresh_visobert_10125,0,0,1,1
fresh_visobert_06385,0,0,1,1
fresh_visobert_07271,0,0,1,1
fresh_visobert_01476,0,0,1,1
fresh_visobert_00853,0,0,1,1
fresh_visobert_01753,0,0,1,1
fresh_visobert_04803,0,0,1,1
fresh_visobert_02202,0,0,1,1
fresh_visobert_02565,0,0,1,1
fresh_visobert_04475,0,0,1,1
fresh_visobert_01089,0,0,1,1
fresh_visobert_02958,0,0,1,1
fresh_visobert_09236,0,0,1,1
fresh_visobert_07311,0,0,1,1
fresh_visobert_08027,0,0,1,1
fresh_visobert_09526,0,0,1,1
fresh_visobert_09731,0,0,1,1
fresh_visobert_07442,1,1,1,1
fresh_visobert_05420,0,0,1,1
fresh_visobert_11326,0,0,1,1
fresh_visobert_02887,0,0,1,1
fresh_visobert_01344,0,0,1,1
fresh_visobert_03220,0,0,1,1
fresh_visobert_09077,0,0,1,1
fresh_visobert_03590,0,0,1,1
fresh_visobert_04054,0,0,1,1
fresh_visobert_01601,0,0,1,1
fresh_visobert_03105,0,0,1,1
fresh_visobert_06443,0,0,1,1
fresh_visobert_02789,0,0,1,1
fresh_visobert_02892,0,0,1,1
fresh_visobert_03551,0,0,1,1
fresh_visobert_03406,0,0,1,1
fresh_visobert_03538,0,0,1,1
fresh_visobert_01408,0,0,1,1
fresh_visobert_01604,0,0,1,1
fresh_visobert_03287,0,0,1,1
fresh_visobert_10289,0,0,1,1
fresh_visobert_04214,0,0,1,1
fresh_visobert_06024,0,0,1,1
fresh_visobert_04194,0,0,1,1
fresh_visobert_04971,0,0,1,1
fresh_visobert_09103,0,0,1,1
fresh_visobert_03813,0,0,1,1
fresh_visobert_07963,0,0,1,1
fresh_visobert_02715,1,0,0,0
fresh_visobert_07635,0,0,1,1
fresh_visobert_06660,0,0,1,1
fresh_visobert_02485,0,0,1,1
fresh_visobert_09889,0,0,1,1
fresh_visobert_06612,0,0,1,1
fresh_visobert_04077,0,0,1,1
fresh_visobert_02145,0,0,1,1
fresh_visobert_11541,1,0,0,0
fresh_visobert_08120,0,0,1,1
fresh_visobert_02279,0,0,1,1
fresh_visobert_10189,0,0,1,1
fresh_visobert_09897,0,0,1,1
fresh_visobert_03546,0,0,1,1
fresh_visobert_05088,0,0,1,1
fresh_visobert_11829,1,0,0,0
fresh_visobert_11888,0,0,1,1
fresh_visobert_00823,0,0,1,1
fresh_visobert_01672,0,0,1,1
fresh_visobert_00000,0,0,1,1
fresh_visobert_03410,0,0,1,1
fresh_visobert_08950,0,0,1,1
fresh_visobert_06269,0,0,1,1
fresh_visobert_07773,0,0,1,1
fresh_visobert_01812,0,0,1,1
fresh_visobert_03212,0,0,1,1
fresh_visobert_01891,0,0,1,1
fresh_visobert_09440,0,0,1,1
fresh_visobert_00626,0,0,1,1
fresh_visobert_03995,0,0,1,1
fresh_visobert_04284,0,0,1,1
fresh_visobert_04816,0,0,1,1
fresh_visobert_07316,0,0,1,1
fresh_visobert_07485,0,0,1,1
fresh_visobert_09592,0,0,1,1
fresh_visobert_03318,0,0,1,1
fresh_visobert_10586,0,0,1,1
fresh_visobert_00679,0,0,1,1
fresh_visobert_03509,0,0,1,1
fresh_visobert_01987,0,0,1,1
fresh_visobert_01525,0,0,1,1
fresh_visobert_04057,0,0,1,1
fresh_visobert_07659,0,0,1,1
fresh_visobert_03638,0,0,1,1
fresh_visobert_03959,0,0,1,1
fresh_visobert_01960,0,0,1,1
fresh_visobert_02530,0,0,1,1
fresh_visobert_11414,0,0,1,1
fresh_visobert_04372,0,0,1,1
fresh_visobert_01844,0,0,1,1
fresh_visobert_03145,0,0,1,1
fresh_visobert_01381,0,0,1,1
fresh_visobert_08542,0,0,1,1
fresh_visobert_03522,0,0,1,1
fresh_visobert_04480,0,0,1,1
fresh_visobert_07277,0,0,1,1
fresh_visobert_06439,0,0,1,1
fresh_visobert_05404,0,0,1,1
fresh_visobert_10415,0,0,1,1
fresh_visobert_09674,0,0,1,1
fresh_visobert_00004,0,0,1,1
fresh_visobert_10607,0,0,1,1
fresh_visobert_01875,0,0,1,1
fresh_visobert_06723,1,0,0,0
fresh_visobert_05042,0,0,1,1
fresh_visobert_09230,1,1,1,1
fresh_visobert_06628,0,0,1,1
fresh_visobert_09466,0,0,1,1
fresh_visobert_00569,0,0,1,1
fresh_visobert_05073,0,0,1,1
fresh_visobert_05019,0,0,1,1
fresh_visobert_09030,0,0,1,1
fresh_visobert_02994,0,0,1,1
fresh_visobert_06974,0,0,1,1
fresh_visobert_07623,0,0,1,1
fresh_visobert_07497,0,0,1,1
fresh_visobert_08306,0,0,1,1
fresh_visobert_04405,1,0,0,0
fresh_visobert_05429,0,0,1,1
fresh_visobert_01830,0,0,1,1
fresh_visobert_01678,0,0,1,1
fresh_visobert_11461,0,0,1,1
fresh_visobert_04636,0,0,1,1
fresh_visobert_05620,1,0,0,0
fresh_visobert_04987,0,0,1,1
fresh_visobert_10941,0,0,1,1
fresh_visobert_10854,0,0,1,1
fresh_visobert_04329,0,0,1,1
fresh_visobert_11605,0,0,1,1
fresh_visobert_10644,0,0,1,1
fresh_visobert_02793,0,0,1,1
fresh_visobert_11939,0,0,1,1
fresh_visobert_04186,0,0,1,1
fresh_visobert_07667,0,0,1,1
fresh_visobert_06506,0,0,1,1
fresh_visobert_08565,1,1,1,1
fresh_visobert_06926,0,0,1,1
fresh_visobert_00461,0,0,1,1
fresh_visobert_09126,0,0,1,1
fresh_visobert_00512,0,0,1,1
fresh_visobert_00721,0,0,1,1
fresh_visobert_06840,0,0,1,1
fresh_visobert_10348,0,0,1,1
fresh_visobert_11535,0,0,1,1
fresh_visobert_03460,0,0,1,1
fresh_visobert_05109,0,0,1,1
fresh_visobert_06994,0,0,1,1
fresh_visobert_02476,0,0,1,1
fresh_visobert_10111,0,0,1,1
fresh_visobert_04479,0,0,1,1
fresh_visobert_07207,0,0,1,1
fresh_visobert_05016,0,0,1,1
fresh_visobert_02458,0,0,1,1
fresh_visobert_08056,0,0,1,1
fresh_visobert_01736,0,0,1,1
fresh_visobert_03265,0,0,1,1
fresh_visobert_03724,1,1,1,1
fresh_visobert_09386,0,0,1,1
fresh_visobert_05773,0,0,1,1
fresh_visobert_11610,0,0,1,1
fresh_visobert_02961,0,0,1,1
fresh_visobert_05705,0,0,1,1
fresh_visobert_11855,0,0,1,1
fresh_visobert_07731,0,0,1,1
fresh_visobert_01383,0,0,1,1
fresh_visobert_04947,0,0,1,1
fresh_visobert_04896,0,0,1,1
fresh_visobert_02770,0,0,1,1
fresh_visobert_09311,0,0,1,1
fresh_visobert_10356,0,0,1,1
fresh_visobert_06564,0,0,1,1
fresh_visobert_01836,0,0,1,1
fresh_visobert_02587,0,0,1,1
fresh_visobert_05038,0,0,1,1
fresh_visobert_01282,0,0,1,1
fresh_visobert_10362,0,0,1,1
fresh_visobert_00139,0,0,1,1
fresh_visobert_07005,1,1,1,1
fresh_visobert_09528,0,0,1,1
fresh_visobert_00620,0,0,1,1
fresh_visobert_10097,0,0,1,1
fresh_visobert_08883,0,0,1,1
fresh_visobert_11644,0,0,1,1
fresh_visobert_05043,0,0,1,1
fresh_visobert_06918,0,0,1,1
fresh_visobert_10046,0,0,1,1
fresh_visobert_11003,0,0,1,1
fresh_visobert_10419,0,0,1,1
fresh_visobert_05424,0,0,1,1
fresh_visobert_07935,0,0,1,1
fresh_visobert_06114,0,0,1,1
fresh_visobert_09087,0,0,1,1
fresh_visobert_03390,0,0,1,1
fresh_visobert_07933,0,0,1,1
fresh_visobert_02607,0,0,1,1
fresh_visobert_03044,0,0,1,1
fresh_visobert_11889,0,0,1,1
fresh_visobert_07532,0,0,1,1
fresh_visobert_05507,0,0,1,1
fresh_visobert_03954,0,0,1,1
fresh_visobert_05453,0,0,1,1
fresh_visobert_05787,0,0,1,1
fresh_visobert_01907,0,0,1,1
fresh_visobert_04269,0,0,1,1
fresh_visobert_11859,0,0,1,1
fresh_visobert_07479,0,0,1,1
fresh_visobert_05426,0,0,1,1
fresh_visobert_09359,0,0,1,1
fresh_visobert_00101,0,0,1,1
fresh_visobert_03968,0,0,1,1
fresh_visobert_02703,0,0,1,1
fresh_visobert_06749,0,0,1,1
fresh_visobert_10306,0,0,1,1
fresh_visobert_01787,0,0,1,1
fresh_visobert_01183,0,0,1,1
fresh_visobert_10458,0,0,1,1
fresh_visobert_10390,1,1,1,1
fresh_visobert_11656,0,0,1,1
fresh_visobert_03193,0,0,1,1
fresh_visobert_09744,0,0,1,1
fresh_visobert_09194,0,0,1,1
fresh_visobert_11649,0,0,1,1
fresh_visobert_00329,0,0,1,1
fresh_visobert_01454,0,0,1,1
fresh_visobert_00202,0,0,1,1
fresh_visobert_07501,0,0,1,1
fresh_visobert_01030,0,0,1,1
fresh_visobert_05454,0,0,1,1
fresh_visobert_01155,0,0,1,1
fresh_visobert_09763,0,0,1,1
fresh_visobert_01769,0,0,1,1
fresh_visobert_10705,0,0,1,1
fresh_visobert_10582,0,0,1,1
fresh_visobert_01846,0,0,1,1
fresh_visobert_03448,0,0,1,1
fresh_visobert_04285,0,0,1,1
fresh_visobert_03555,0,0,1,1
fresh_visobert_08269,0,0,1,1
fresh_visobert_06640,0,0,1,1
fresh_visobert_10766,0,0,1,1
fresh_visobert_08199,0,0,1,1
fresh_visobert_04431,0,0,1,1
fresh_visobert_11671,0,0,1,1
fresh_visobert_07256,0,0,1,1
fresh_visobert_11662,0,0,1,1
fresh_visobert_08357,1,0,0,0
fresh_visobert_11025,0,0,1,1
fresh_visobert_11659,0,0,1,1
fresh_visobert_07542,0,0,1,1
fresh_visobert_10573,0,0,1,1
fresh_visobert_01107,0,0,1,1
fresh_visobert_01719,0,0,1,1
fresh_visobert_05268,0,0,1,1
fresh_visobert_02649,0,0,1,1
fresh_visobert_04362,0,0,1,1
fresh_visobert_11764,0,0,1,1
fresh_visobert_09397,0,0,1,1
fresh_visobert_04484,0,0,1,1
fresh_visobert_09694,0,0,1,1
fresh_visobert_05985,0,0,1,1
fresh_visobert_04006,0,0,1,1
fresh_visobert_05255,0,0,1,1
fresh_visobert_06145,0,0,1,1
fresh_visobert_05966,0,0,1,1
fresh_visobert_00393,0,0,1,1
fresh_visobert_06798,0,0,1,1
fresh_visobert_07877,0,0,1,1
fresh_visobert_07234,0,0,1,1
fresh_visobert_01602,0,0,1,1
fresh_visobert_10877,0,0,1,1
fresh_visobert_10745,0,0,1,1
fresh_visobert_10901,0,0,1,1
fresh_visobert_09200,0,0,1,1
fresh_visobert_07830,0,0,1,1
fresh_visobert_11615,0,0,1,1
fresh_visobert_08498,0,0,1,1
fresh_visobert_02091,0,0,1,1
fresh_visobert_01582,0,0,1,1
fresh_visobert_00528,0,0,1,1
fresh_visobert_09377,0,0,1,1
fresh_visobert_05392,0,0,1,1
fresh_visobert_00923,0,0,1,1
fresh_visobert_09308,0,0,1,1
fresh_visobert_01923,0,0,1,1
fresh_visobert_05443,0,0,1,1
fresh_visobert_08094,0,0,1,1
fresh_visobert_10207,0,0,1,1
fresh_visobert_10521,1,1,1,1
fresh_visobert_02548,0,0,1,1
fresh_visobert_08228,0,0,1,1
fresh_visobert_11398,0,0,1,1
fresh_visobert_11383,0,0,1,1
fresh_visobert_00961,0,0,1,1
fresh_visobert_01494,0,0,1,1
fresh_visobert_11032,0,0,1,1
fresh_visobert_07421,0,0,1,1
fresh_visobert_01000,0,0,1,1
fresh_visobert_10624,1,0,0,0
fresh_visobert_01748,0,0,1,1
fresh_visobert_02791,0,0,1,1
fresh_visobert_07325,0,0,1,1
fresh_visobert_01558,0,0,1,1
fresh_visobert_10090,0,0,1,1
fresh_visobert_08005,0,0,1,1
fresh_visobert_08267,0,0,1,1
fresh_visobert_11685,0,0,1,1
fresh_visobert_02497,0,0,1,1
fresh_visobert_01977,0,0,1,1
fresh_visobert_03471,0,0,1,1
fresh_visobert_09979,1,1,1,1
fresh_visobert_08634,0,0,1,1
fresh_visobert_07019,0,0,1,1
fresh_visobert_08900,1,1,1,1
fresh_visobert_01181,0,0,1,1
fresh_visobert_10738,0,0,1,1
fresh_visobert_06014,0,0,1,1
fresh_visobert_05919,1,0,0,0
fresh_visobert_00037,0,0,1,1
fresh_visobert_00903,0,0,1,1
fresh_visobert_00033,0,0,1,1
fresh_visobert_01595,0,0,1,1
fresh_visobert_06865,0,0,1,1
fresh_visobert_03676,0,0,1,1
fresh_visobert_05067,0,0,1,1
fresh_visobert_00111,1,0,0,0
fresh_visobert_03812,0,0,1,1
fresh_visobert_05145,0,0,1,1
fresh_visobert_01902,0,0,1,1
fresh_visobert_02423,0,0,1,1
fresh_visobert_03367,0,0,1,1
fresh_visobert_11993,0,0,1,1
fresh_visobert_05442,0,0,1,1
fresh_visobert_10788,0,0,1,1
fresh_visobert_00064,1,1,1,1
fresh_visobert_08344,0,0,1,1
fresh_visobert_04191,0,0,1,1
fresh_visobert_03645,0,0,1,1
fresh_visobert_08355,0,0,1,1
fresh_visobert_00336,0,0,1,1
fresh_visobert_05997,0,0,1,1
fresh_visobert_02362,0,0,1,1
fresh_visobert_00342,0,0,1,1
fresh_visobert_02814,0,0,1,1
fresh_visobert_05069,0,0,1,1
fresh_visobert_04705,0,0,1,1
fresh_visobert_06530,0,0,1,1
fresh_visobert_03050,0,0,1,1
fresh_visobert_01196,0,0,1,1
fresh_visobert_01939,0,0,1,1
fresh_visobert_05935,0,0,1,1
fresh_visobert_04035,0,0,1,1
fresh_visobert_00426,0,0,1,1
fresh_visobert_02053,0,0,1,1
fresh_visobert_03373,0,0,1,1
fresh_visobert_08885,0,0,1,1
fresh_visobert_06186,0,0,1,1
fresh_visobert_06766,0,0,1,1
fresh_visobert_08474,0,0,1,1
fresh_visobert_00747,0,0,1,1
fresh_visobert_00447,0,0,1,1
fresh_visobert_07866,0,0,1,1
fresh_visobert_00707,0,0,1,1
fresh_visobert_08508,0,0,1,1
fresh_visobert_10603,0,0,1,1
fresh_visobert_11878,0,0,1,1
fresh_visobert_10495,1,1,1,1
fresh_visobert_00507,0,0,1,1
fresh_visobert_06275,0,0,1,1
fresh_visobert_05265,0,0,1,1
fresh_visobert_09906,0,0,1,1
fresh_visobert_04001,0,0,1,1
fresh_visobert_10066,0,0,1,1
fresh_visobert_02608,0,0,1,1
fresh_visobert_08890,0,0,1,1
fresh_visobert_10385,0,0,1,1
fresh_visobert_00296,0,0,1,1
fresh_visobert_02231,0,0,1,1
fresh_visobert_07928,0,0,1,1
fresh_visobert_03219,0,0,1,1
fresh_visobert_00110,0,0,1,1
fresh_visobert_07179,0,0,1,1
fresh_visobert_09902,0,0,1,1
fresh_visobert_05310,0,0,1,1
fresh_visobert_04760,0,0,1,1
fresh_visobert_02069,0,0,1,1
fresh_visobert_06864,0,0,1,1
fresh_visobert_07391,1,0,0,0
fresh_visobert_08275,0,0,1,1
fresh_visobert_08924,0,0,1,1
fresh_visobert_06924,0,0,1,1
fresh_visobert_10711,0,0,1,1
fresh_visobert_05519,0,0,1,1
fresh_visobert_07893,0,0,1,1
fresh_visobert_00895,1,0,0,0
fresh_visobert_02910,0,0,1,1
fresh_visobert_05207,0,0,1,1
fresh_visobert_10107,0,0,1,1
fresh_visobert_04257,0,0,1,1
fresh_visobert_03475,0,0,1,1
fresh_visobert_09707,0,0,1,1
fresh_visobert_09075,0,0,1,1
fresh_visobert_09817,0,0,1,1
fresh_visobert_06768,0,0,1,1
fresh_visobert_11738,0,0,1,1
fresh_visobert_10547,0,0,1,1
fresh_visobert_09426,0,0,1,1
fresh_visobert_03994,0,0,1,1
fresh_visobert_04607,0,0,1,1
fresh_visobert_09612,0,0,1,1
fresh_visobert_02446,0,0,1,1
fresh_visobert_00466,0,0,1,1
fresh_visobert_04981,0,0,1,1
fresh_visobert_08683,0,0,1,1
fresh_visobert_09041,0,0,1,1
fresh_visobert_05300,0,0,1,1
fresh_visobert_06245,0,0,1,1
fresh_visobert_11908,1,1,1,1
fresh_visobert_08013,0,0,1,1
fresh_visobert_02686,0,0,1,1
fresh_visobert_06538,0,0,1,1
fresh_visobert_07099,0,0,1,1
fresh_visobert_09630,0,0,1,1
fresh_visobert_11514,1,1,1,1
fresh_visobert_02709,0,0,1,1
fresh_visobert_03042,0,0,1,1
fresh_visobert_05122,0,0,1,1
fresh_visobert_10250,1,1,1,1
fresh_visobert_07413,0,0,1,1
fresh_visobert_07760,0,0,1,1
fresh_visobert_02816,0,0,1,1
fresh_visobert_08856,0,0,1,1
fresh_visobert_02189,0,0,1,1
fresh_visobert_05678,0,0,1,1
fresh_visobert_10977,0,0,1,1
fresh_visobert_08000,0,0,1,1
fresh_visobert_07530,0,0,1,1
fresh_visobert_08064,0,0,1,1
fresh_visobert_11953,0,0,1,1
fresh_visobert_09073,1,1,1,1
fresh_visobert_09837,0,0,1,1
fresh_visobert_04787,1,0,0,0
fresh_visobert_08854,0,0,1,1
fresh_visobert_07781,0,0,1,1
fresh_visobert_01379,0,0,1,1
fresh_visobert_08409,0,0,1,1
fresh_visobert_06603,0,0,1,1
fresh_visobert_06986,0,0,1,1
fresh_visobert_09084,0,0,1,1
fresh_visobert_06225,1,1,1,1
fresh_visobert_00775,0,0,1,1
fresh_visobert_06700,0,0,1,1
fresh_visobert_05783,0,0,1,1
fresh_visobert_05774,0,0,1,1
fresh_visobert_10971,1,0,0,0
fresh_visobert_01227,0,0,1,1
fresh_visobert_05931,0,0,1,1
fresh_visobert_07987,0,0,1,1
fresh_visobert_09802,0,0,1,1
fresh_visobert_02206,0,0,1,1
fresh_visobert_05880,1,1,1,1
fresh_visobert_10409,0,0,1,1
fresh_visobert_00951,0,0,1,1
fresh_visobert_07480,0,0,1,1
fresh_visobert_05934,0,0,1,1
fresh_visobert_03316,0,0,1,1
fresh_visobert_06560,0,0,1,1
fresh_visobert_03626,0,0,1,1
fresh_visobert_00606,0,0,1,1
fresh_visobert_06419,1,0,0,0
fresh_visobert_04108,0,0,1,1
fresh_visobert_03577,0,0,1,1
fresh_visobert_05302,0,0,1,1
fresh_visobert_01068,0,0,1,1
fresh_visobert_03754,0,0,1,1
fresh_visobert_07290,0,0,1,1
fresh_visobert_01065,0,0,1,1
fresh_visobert_08232,0,0,1,1
fresh_visobert_09757,1,0,0,0
fresh_visobert_02727,0,0,1,1
fresh_visobert_06816,0,0,1,1
fresh_visobert_07538,0,0,1,1
fresh_visobert_03633,0,0,1,1
fresh_visobert_03283,0,0,1,1
fresh_visobert_03618,0,0,1,1
fresh_visobert_03176,0,0,1,1
fresh_visobert_07452,0,0,1,1
fresh_visobert_00380,0,0,1,1
fresh_visobert_11814,0,0,1,1
fresh_visobert_06300,0,0,1,1
fresh_visobert_04609,0,0,1,1
fresh_visobert_03923,1,0,0,0
fresh_visobert_09941,0,0,1,1
fresh_visobert_11208,0,0,1,1
fresh_visobert_06078,0,0,1,1
fresh_visobert_06733,0,0,1,1
fresh_visobert_01881,0,0,1,1
fresh_visobert_07738,0,0,1,1
fresh_visobert_09844,1,0,0,0
fresh_visobert_01137,0,0,1,1
fresh_visobert_11163,0,0,1,1
fresh_visobert_04309,0,0,1,1
fresh_visobert_01815,0,0,1,1
fresh_visobert_06284,0,0,1,1
fresh_visobert_01308,0,0,1,1
fresh_visobert_10218,0,0,1,1
fresh_visobert_01147,0,0,1,1
fresh_visobert_04134,0,0,1,1
fresh_visobert_04638,0,0,1,1
fresh_visobert_05866,0,0,1,1
fresh_visobert_11636,0,0,1,1
fresh_visobert_00529,0,0,1,1
fresh_visobert_08331,0,0,1,1
fresh_visobert_10895,0,0,1,1
fresh_visobert_08208,0,0,1,1
fresh_visobert_06190,0,0,1,1
fresh_visobert_05317,0,0,1,1
fresh_visobert_10266,0,0,1,1
fresh_visobert_04432,0,0,1,1
fresh_visobert_06098,0,0,1,1
fresh_visobert_05044,0,0,1,1
fresh_visobert_08809,0,0,1,1
fresh_visobert_07481,0,0,1,1
fresh_visobert_03839,0,0,1,1
fresh_visobert_03919,0,0,1,1
fresh_visobert_06909,0,0,1,1
fresh_visobert_00134,0,0,1,1
fresh_visobert_04256,0,0,1,1
fresh_visobert_04505,0,0,1,1
fresh_visobert_05361,0,0,1,1
fresh_visobert_00061,0,0,1,1
fresh_visobert_00680,0,0,1,1
fresh_visobert_04938,0,0,1,1
fresh_visobert_00790,0,0,1,1
fresh_visobert_08205,0,0,1,1
fresh_visobert_04851,0,0,1,1
fresh_visobert_06313,0,0,1,1
fresh_visobert_09863,0,0,1,1
fresh_visobert_04258,0,0,1,1
fresh_visobert_02957,0,0,1,1
fresh_visobert_09089,0,0,1,1
fresh_visobert_04668,0,0,1,1
fresh_visobert_04396,0,0,1,1
fresh_visobert_04146,0,0,1,1
fresh_visobert_04519,0,0,1,1
fresh_visobert_11341,1,1,1,1
fresh_visobert_02220,0,0,1,1
fresh_visobert_09686,1,1,1,1
fresh_visobert_02853,0,0,1,1
fresh_visobert_09499,0,0,1,1
fresh_visobert_10580,0,0,1,1
fresh_visobert_00917,0,0,1,1
fresh_visobert_10053,0,0,1,1
fresh_visobert_01551,0,0,1,1
fresh_visobert_04611,0,0,1,1
fresh_visobert_08757,0,0,1,1
fresh_visobert_03398,0,0,1,1
fresh_visobert_04870,0,0,1,1
fresh_visobert_02798,0,0,1,1
fresh_visobert_01081,0,0,1,1
fresh_visobert_03915,0,0,1,1
fresh_visobert_09760,0,0,1,1
fresh_visobert_03194,0,0,1,1
fresh_visobert_03388,0,0,1,1
fresh_visobert_10056,0,0,1,1
fresh_visobert_02036,0,0,1,1
fresh_visobert_09204,0,0,1,1
fresh_visobert_11181,0,0,1,1
fresh_visobert_00227,0,0,1,1
fresh_visobert_11621,0,0,1,1
fresh_visobert_06108,0,0,1,1
fresh_visobert_03483,0,0,1,1
fresh_visobert_06331,0,0,1,1
fresh_visobert_11972,0,0,1,1
fresh_visobert_11622,0,0,1,1
fresh_visobert_11635,0,0,1,1
fresh_visobert_02249,0,0,1,1
fresh_visobert_02021,0,0,1,1
fresh_visobert_03615,0,0,1,1
fresh_visobert_07258,0,0,1,1
fresh_visobert_07886,0,0,1,1
fresh_visobert_08526,0,0,1,1
fresh_visobert_11825,0,0,1,1
fresh_visobert_01150,0,0,1,1
fresh_visobert_10418,0,0,1,1
fresh_visobert_09388,0,0,1,1
fresh_visobert_11029,0,0,1,1
fresh_visobert_02832,0,0,1,1
fresh_visobert_01064,0,0,1,1
fresh_visobert_07579,0,0,1,1
fresh_visobert_03749,0,0,1,1
fresh_visobert_07729,0,0,1,1
fresh_visobert_02320,0,0,1,1
fresh_visobert_02077,0,0,1,1
fresh_visobert_01868,0,0,1,1
fresh_visobert_02398,0,0,1,1
fresh_visobert_05323,0,0,1,1
fresh_visobert_01252,0,0,1,1
fresh_visobert_07658,0,0,1,1
fresh_visobert_08710,0,0,1,1
fresh_visobert_04398,0,0,1,1
fresh_visobert_10484,0,0,1,1
fresh_visobert_02327,0,0,1,1
fresh_visobert_11256,0,0,1,1
fresh_visobert_06040,0,0,1,1
fresh_visobert_08980,1,1,1,1
fresh_visobert_01300,0,0,1,1
fresh_visobert_01826,0,0,1,1
fresh_visobert_02908,0,0,1,1
fresh_visobert_05103,0,0,1,1
fresh_visobert_03104,0,0,1,1
fresh_visobert_09076,0,0,1,1
fresh_visobert_07331,0,0,1,1
fresh_visobert_08340,0,0,1,1
fresh_visobert_02217,0,0,1,1
fresh_visobert_02752,0,0,1,1
fresh_visobert_09523,0,0,1,1
fresh_visobert_06854,0,0,1,1
fresh_visobert_06486,0,0,1,1
fresh_visobert_06519,0,0,1,1
fresh_visobert_07151,0,0,1,1
fresh_visobert_03886,0,0,1,1
fresh_visobert_09681,0,0,1,1
fresh_visobert_11047,0,0,1,1
fresh_visobert_09755,1,1,1,1
fresh_visobert_02037,0,0,1,1
fresh_visobert_06769,0,0,1,1
fresh_visobert_05193,0,0,1,1
fresh_visobert_03269,0,0,1,1
fresh_visobert_09904,0,0,1,1
fresh_visobert_03534,0,0,1,1
fresh_visobert_08415,0,0,1,1
fresh_visobert_08648,0,0,1,1
fresh_visobert_11569,0,0,1,1
fresh_visobert_09561,0,0,1,1
fresh_visobert_07175,0,0,1,1
fresh_visobert_10763,0,0,1,1
fresh_visobert_01088,0,0,1,1
fresh_visobert_08255,0,0,1,1
fresh_visobert_09768,0,0,1,1
fresh_visobert_06511,1,1,1,1
fresh_visobert_02666,0,0,1,1
fresh_visobert_03091,0,0,1,1
fresh_visobert_07791,1,0,0,0
fresh_visobert_09621,0,0,1,1
fresh_visobert_09300,0,0,1,1
fresh_visobert_10601,0,0,1,1
fresh_visobert_11926,0,0,1,1
fresh_visobert_07437,0,0,1,1
fresh_visobert_08338,0,0,1,1
fresh_visobert_01272,0,0,1,1
fresh_visobert_08994,0,0,1,1
fresh_visobert_02794,0,0,1,1
fresh_visobert_05384,0,0,1,1
fresh_visobert_11582,0,0,1,1
fresh_visobert_01985,0,0,1,1
fresh_visobert_00120,0,0,1,1
fresh_visobert_00032,1,1,1,1
fresh_visobert_08564,0,0,1,1
fresh_visobert_07819,0,0,1,1
fresh_visobert_01556,0,0,1,1
fresh_visobert_05495,0,0,1,1
fresh_visobert_06121,0,0,1,1
fresh_visobert_02022,0,0,1,1
fresh_visobert_06290,0,0,1,1
fresh_visobert_07582,0,0,1,1
fresh_visobert_05046,0,0,1,1
fresh_visobert_09547,0,0,1,1
fresh_visobert_02376,0,0,1,1
fresh_visobert_05100,0,0,1,1
fresh_visobert_09729,0,0,1,1
fresh_visobert_11769,0,0,1,1
fresh_visobert_04347,0,0,1,1
fresh_visobert_00998,0,0,1,1
fresh_visobert_05982,0,0,1,1
fresh_visobert_03012,0,0,1,1
fresh_visobert_11684,0,0,1,1
fresh_visobert_10735,0,0,1,1
fresh_visobert_08561,0,0,1,1
fresh_visobert_06157,0,0,1,1
fresh_visobert_02713,0,0,1,1
fresh_visobert_09601,0,0,1,1
fresh_visobert_10429,0,0,1,1
fresh_visobert_07845,0,0,1,1
fresh_visobert_09280,0,0,1,1
fresh_visobert_11512,0,0,1,1
fresh_visobert_05521,0,0,1,1
fresh_visobert_09088,0,0,1,1
fresh_visobert_01617,0,0,1,1
fresh_visobert_02767,0,0,1,1
fresh_visobert_02873,0,0,1,1
fresh_visobert_09680,1,1,1,1
fresh_visobert_03134,0,0,1,1
fresh_visobert_08478,0,0,1,1
fresh_visobert_01583,0,0,1,1
fresh_visobert_05386,0,0,1,1
fresh_visobert_10649,0,0,1,1
fresh_visobert_03306,0,0,1,1
fresh_visobert_08741,0,0,1,1
fresh_visobert_00633,0,0,1,1
fresh_visobert_03903,0,0,1,1
fresh_visobert_00062,0,0,1,1
fresh_visobert_10616,0,0,1,1
fresh_visobert_09460,0,0,1,1
fresh_visobert_01918,0,0,1,1
fresh_visobert_05369,0,0,1,1
fresh_visobert_10851,0,0,1,1
fresh_visobert_01307,0,0,1,1
fresh_visobert_08990,0,0,1,1
fresh_visobert_03321,0,0,1,1
fresh_visobert_07628,0,0,1,1
fresh_visobert_03976,0,0,1,1
fresh_visobert_04978,0,0,1,1
fresh_visobert_08612,1,0,0,0
fresh_visobert_04874,0,0,1,1
fresh_visobert_04102,0,0,1,1
fresh_visobert_01609,0,0,1,1
fresh_visobert_11516,0,0,1,1
fresh_visobert_06438,0,0,1,1
fresh_visobert_05338,0,0,1,1
fresh_visobert_01186,0,0,1,1
fresh_visobert_08087,1,1,1,1
fresh_visobert_09774,0,0,1,1
fresh_visobert_06687,0,0,1,1
fresh_visobert_05018,0,0,1,1
fresh_visobert_11702,0,0,1,1
fresh_visobert_07793,1,1,1,1
fresh_visobert_06747,0,0,1,1
fresh_visobert_03426,0,0,1,1
fresh_visobert_08406,0,0,1,1
fresh_visobert_03214,0,0,1,1
fresh_visobert_11668,0,0,1,1
fresh_visobert_09996,0,0,1,1
fresh_visobert_03893,0,0,1,1
fresh_visobert_08117,0,0,1,1
fresh_visobert_08264,0,0,1,1
fresh_visobert_02222,0,0,1,1
fresh_visobert_08681,0,0,1,1
fresh_visobert_03028,0,0,1,1
fresh_visobert_07308,0,0,1,1
fresh_visobert_07324,1,1,1,1
fresh_visobert_09644,0,0,1,1
fresh_visobert_08615,0,0,1,1
fresh_visobert_11800,0,0,1,1
fresh_visobert_05581,0,0,1,1
fresh_visobert_07679,0,0,1,1
fresh_visobert_11254,0,0,1,1
fresh_visobert_10059,0,0,1,1
fresh_visobert_07510,0,0,1,1
fresh_visobert_01416,0,0,1,1
fresh_visobert_07399,0,0,1,1
fresh_visobert_01031,0,0,1,1
fresh_visobert_02962,0,0,1,1
fresh_visobert_03208,0,0,1,1
fresh_visobert_10996,0,0,1,1
fresh_visobert_07082,0,0,1,1
fresh_visobert_08640,0,0,1,1
fresh_visobert_03078,0,0,1,1
fresh_visobert_09264,0,0,1,1
fresh_visobert_08955,1,0,0,0
fresh_visobert_06054,1,0,0,0
fresh_visobert_03098,0,0,1,1
fresh_visobert_03026,0,0,1,1
fresh_visobert_00659,0,0,1,1
fresh_visobert_06463,0,0,1,1
fresh_visobert_00948,0,0,1,1
fresh_visobert_09196,1,0,0,0
fresh_visobert_11311,1,0,0,0
fresh_visobert_03247,0,0,1,1
fresh_visobert_03765,0,0,1,1
fresh_visobert_06162,0,0,1,1
fresh_visobert_02788,0,0,1,1
fresh_visobert_06106,0,0,1,1
fresh_visobert_03262,0,0,1,1
fresh_visobert_00972,0,0,1,1
fresh_visobert_09759,0,0,1,1
fresh_visobert_06691,0,0,1,1
fresh_visobert_06619,0,0,1,1
fresh_visobert_03172,0,0,1,1
fresh_visobert_04941,0,0,1,1
fresh_visobert_06068,0,0,1,1
fresh_visobert_06539,0,0,1,1
fresh_visobert_01534,0,0,1,1
fresh_visobert_08749,0,0,1,1
fresh_visobert_11790,0,0,1,1
fresh_visobert_04235,0,0,1,1
fresh_visobert_09298,0,0,1,1
fresh_visobert_06669,0,0,1,1
fresh_visobert_05549,0,0,1,1
fresh_visobert_11873,0,0,1,1
fresh_visobert_05668,0,0,1,1
fresh_visobert_00338,0,0,1,1
fresh_visobert_06280,1,1,1,1
fresh_visobert_09415,0,0,1,1
fresh_visobert_07702,1,0,0,0
fresh_visobert_11496,0,0,1,1
fresh_visobert_00085,0,0,1,1
fresh_visobert_08521,0,0,1,1
fresh_visobert_02898,0,0,1,1
fresh_visobert_00525,0,0,1,1
fresh_visobert_06233,1,1,1,1
fresh_visobert_09464,0,0,1,1
fresh_visobert_02562,0,0,1,1
fresh_visobert_10515,0,0,1,1
fresh_visobert_01621,0,0,1,1
fresh_visobert_07598,0,0,1,1
fresh_visobert_10182,0,0,1,1
fresh_visobert_07393,0,0,1,1
fresh_visobert_07899,0,0,1,1
fresh_visobert_04422,0,0,1,1
fresh_visobert_02735,0,0,1,1
fresh_visobert_05027,0,0,1,1
fresh_visobert_10522,0,0,1,1
fresh_visobert_01341,0,0,1,1
fresh_visobert_00947,0,0,1,1
fresh_visobert_06971,0,0,1,1
fresh_visobert_11199,1,0,0,0
fresh_visobert_09070,0,0,1,1
fresh_visobert_02291,0,0,1,1
fresh_visobert_01179,0,0,1,1
fresh_visobert_03375,0,0,1,1
fresh_visobert_00029,0,0,1,1
fresh_visobert_05047,0,0,1,1
fresh_visobert_10685,0,0,1,1
fresh_visobert_06979,0,0,1,1
fresh_visobert_09470,0,0,1,1
fresh_visobert_03155,0,0,1,1
fresh_visobert_09336,0,0,1,1
fresh_visobert_11190,0,0,1,1
fresh_visobert_11250,0,0,1,1
fresh_visobert_01288,0,0,1,1
fresh_visobert_04541,0,0,1,1
fresh_visobert_00244,0,0,1,1
fresh_visobert_04746,0,0,1,1
fresh_visobert_06473,0,0,1,1
fresh_visobert_07858,0,0,1,1
fresh_visobert_01201,0,0,1,1
fresh_visobert_06048,0,0,1,1
fresh_visobert_05352,0,0,1,1
fresh_visobert_04114,0,0,1,1
fresh_visobert_05234,0,0,1,1
fresh_visobert_05711,0,0,1,1
fresh_visobert_07328,1,0,0,0
fresh_visobert_08970,0,0,1,1
fresh_visobert_07878,0,0,1,1
fresh_visobert_02717,0,0,1,1
fresh_visobert_07243,0,0,1,1
fresh_visobert_04969,0,0,1,1
fresh_visobert_02626,0,0,1,1
fresh_visobert_09389,0,0,1,1
fresh_visobert_01013,0,0,1,1
fresh_visobert_11816,0,0,1,1
fresh_visobert_10202,0,0,1,1
fresh_visobert_01003,1,1,1,1
fresh_visobert_11797,0,0,1,1
fresh_visobert_03823,0,0,1,1
fresh_visobert_06092,0,0,1,1
fresh_visobert_09761,0,0,1,1
fresh_visobert_05672,0,0,1,1
fresh_visobert_00803,0,0,1,1
fresh_visobert_10611,0,0,1,1
fresh_visobert_01142,0,0,1,1
fresh_visobert_08709,0,0,1,1
fresh_visobert_09437,0,0,1,1
fresh_visobert_11913,0,0,1,1
fresh_visobert_07871,0,0,1,1
fresh_visobert_10813,1,0,0,0
fresh_visobert_01366,0,0,1,1
fresh_visobert_01599,0,0,1,1
fresh_visobert_06666,0,0,1,1
fresh_visobert_10523,1,1,1,1
fresh_visobert_09893,0,0,1,1
fresh_visobert_01094,0,0,1,1
fresh_visobert_08734,0,0,1,1
fresh_visobert_09558,0,0,1,1
fresh_visobert_06613,0,0,1,1
fresh_visobert_08167,0,0,1,1
fresh_visobert_08690,0,0,1,1
fresh_visobert_10875,0,0,1,1
fresh_visobert_08179,0,0,1,1
fresh_visobert_09511,0,0,1,1
fresh_visobert_10747,0,0,1,1
fresh_visobert_07156,0,0,1,1
fresh_visobert_04022,0,0,1,1
fresh_visobert_09387,1,0,0,0
fresh_visobert_02313,0,0,1,1
fresh_visobert_02282,0,0,1,1
fresh_visobert_00143,0,0,1,1
fresh_visobert_11131,0,0,1,1
fresh_visobert_02781,0,0,1,1
fresh_visobert_09804,1,0,0,0
fresh_visobert_02494,0,0,1,1
fresh_visobert_09529,1,0,0,0
fresh_visobert_11450,0,0,1,1
fresh_visobert_00370,0,0,1,1
fresh_visobert_08347,0,0,1,1
fresh_visobert_10647,1,0,0,0
fresh_visobert_01913,0,0,1,1
fresh_visobert_09039,0,0,1,1
fresh_visobert_05611,0,0,1,1
fresh_visobert_10683,0,0,1,1
fresh_visobert_01061,0,0,1,1
fresh_visobert_01744,0,0,1,1
fresh_visobert_03878,0,0,1,1
fresh_visobert_10079,0,0,1,1
fresh_visobert_11812,0,0,1,1
fresh_visobert_01368,0,0,1,1
fresh_visobert_10103,0,0,1,1
fresh_visobert_04136,0,0,1,1
fresh_visobert_04702,0,0,1,1
fresh_visobert_10345,0,0,1,1
fresh_visobert_05188,0,0,1,1
fresh_visobert_10432,0,0,1,1
fresh_visobert_08103,1,1,1,1
fresh_visobert_09722,0,0,1,1
fresh_visobert_04659,0,0,1,1
fresh_visobert_09538,0,0,1,1
fresh_visobert_10147,0,0,1,1
fresh_visobert_03322,0,0,1,1
fresh_visobert_11559,0,0,1,1
fresh_visobert_11457,0,0,1,1
fresh_visobert_00891,0,0,1,1
fresh_visobert_06721,1,0,0,0
fresh_visobert_01752,0,0,1,1
fresh_visobert_11374,0,0,1,1
fresh_visobert_11228,0,0,1,1
fresh_visobert_09882,0,0,1,1
fresh_visobert_11881,0,0,1,1
fresh_visobert_01565,0,0,1,1
fresh_visobert_01981,0,0,1,1
fresh_visobert_07139,0,0,1,1
fresh_visobert_11547,0,0,1,1
fresh_visobert_09613,1,0,0,0
fresh_visobert_10568,0,0,1,1
fresh_visobert_10280,0,0,1,1
fresh_visobert_11756,0,0,1,1
fresh_visobert_08034,0,0,1,1
fresh_visobert_04407,0,0,1,1
fresh_visobert_04827,0,0,1,1
fresh_visobert_09395,0,0,1,1
fresh_visobert_10883,0,0,1,1
fresh_visobert_05380,0,0,1,1
fresh_visobert_09599,0,0,1,1
fresh_visobert_08835,0,0,1,1
fresh_visobert_08248,0,0,1,1
fresh_visobert_03712,0,0,1,1
fresh_visobert_10858,0,0,1,1
fresh_visobert_07985,0,0,1,1
fresh_visobert_06308,0,0,1,1
fresh_visobert_08398,0,0,1,1
fresh_visobert_07627,1,1,1,1
fresh_visobert_01070,0,0,1,1
fresh_visobert_03623,0,0,1,1
fresh_visobert_04632,0,0,1,1
fresh_visobert_03890,0,0,1,1
fresh_visobert_05744,0,0,1,1
fresh_visobert_09251,0,0,1,1
fresh_visobert_11180,0,0,1,1
fresh_visobert_09905,0,0,1,1
fresh_visobert_08423,0,0,1,1
fresh_visobert_09607,1,1,1,1
fresh_visobert_02287,0,0,1,1
fresh_visobert_09740,0,0,1,1
fresh_visobert_11879,0,0,1,1
fresh_visobert_10508,0,0,1,1
fresh_visobert_10416,0,0,1,1
fresh_visobert_06591,0,0,1,1
fresh_visobert_04793,0,0,1,1
fresh_visobert_05951,0,0,1,1
fresh_visobert_08372,0,0,1,1
fresh_visobert_07049,0,0,1,1
fresh_visobert_09747,0,0,1,1
fresh_visobert_07410,0,0,1,1
fresh_visobert_00510,0,0,1,1
fresh_visobert_00898,0,0,1,1
fresh_visobert_09383,0,0,1,1
fresh_visobert_02323,0,0,1,1
fresh_visobert_11071,0,0,1,1
fresh_visobert_07826,0,0,1,1
fresh_visobert_08894,0,0,1,1
fresh_visobert_08829,0,0,1,1
fresh_visobert_10482,0,0,1,1
fresh_visobert_11229,0,0,1,1
fresh_visobert_03589,0,0,1,1
fresh_visobert_03341,0,0,1,1
fresh_visobert_08660,0,0,1,1
fresh_visobert_00730,0,0,1,1
fresh_visobert_00634,0,0,1,1
fresh_visobert_02934,0,0,1,1
fresh_visobert_10094,0,0,1,1
fresh_visobert_08158,0,0,1,1
fresh_visobert_03571,0,0,1,1
fresh_visobert_10349,0,0,1,1
fresh_visobert_10420,0,0,1,1
fresh_visobert_08759,0,0,1,1
fresh_visobert_00368,0,0,1,1
fresh_visobert_06597,0,0,1,1
fresh_visobert_10004,0,0,1,1
fresh_visobert_11386,0,0,1,1
fresh_visobert_04932,0,0,1,1
fresh_visobert_02736,0,0,1,1
fresh_visobert_11384,0,0,1,1
fresh_visobert_08978,0,0,1,1
fresh_visobert_09534,0,0,1,1
fresh_visobert_11012,1,0,0,0
fresh_visobert_07329,0,0,1,1
fresh_visobert_09481,0,0,1,1
fresh_visobert_04890,0,0,1,1
fresh_visobert_08390,0,0,1,1
fresh_visobert_04055,0,0,1,1
fresh_visobert_11721,0,0,1,1
fresh_visobert_00921,0,0,1,1
fresh_visobert_08388,1,1,1,1
fresh_visobert_06680,0,0,1,1
fresh_visobert_07134,0,0,1,1
fresh_visobert_05289,0,0,1,1
fresh_visobert_11630,0,0,1,1
fresh_visobert_01493,0,0,1,1
fresh_visobert_10085,0,0,1,1
fresh_visobert_04678,0,0,1,1
fresh_visobert_05925,0,0,1,1
fresh_visobert_00074,0,0,1,1
fresh_visobert_10599,0,0,1,1
fresh_visobert_11054,0,0,1,1
fresh_visobert_01965,0,0,1,1
fresh_visobert_10549,0,0,1,1
fresh_visobert_02137,0,0,1,1
fresh_visobert_09144,0,0,1,1
fresh_visobert_06887,0,0,1,1
fresh_visobert_11069,0,0,1,1
fresh_visobert_03364,0,0,1,1
fresh_visobert_05868,0,0,1,1
fresh_visobert_11805,0,0,1,1
fresh_visobert_09799,0,0,1,1
fresh_visobert_08153,0,0,1,1
fresh_visobert_11602,0,0,1,1
fresh_visobert_07171,0,0,1,1
fresh_visobert_00141,0,0,1,1
fresh_visobert_05171,0,0,1,1
fresh_visobert_06925,0,0,1,1
fresh_visobert_06679,0,0,1,1
fresh_visobert_02046,0,0,1,1
fresh_visobert_05258,0,0,1,1
fresh_visobert_03960,0,0,1,1
fresh_visobert_04835,0,0,1,1
fresh_visobert_11037,0,0,1,1
fresh_visobert_01278,0,0,1,1
fresh_visobert_02773,0,0,1,1
fresh_visobert_07664,0,0,1,1
fresh_visobert_07916,0,0,1,1
fresh_visobert_04041,0,0,1,1
fresh_visobert_03129,0,0,1,1
fresh_visobert_01411,1,1,1,1
fresh_visobert_09970,0,0,1,1
fresh_visobert_08646,0,0,1,1
fresh_visobert_03075,0,0,1,1
fresh_visobert_02348,0,0,1,1
fresh_visobert_10449,0,0,1,1
fresh_visobert_01549,0,0,1,1
fresh_visobert_08916,0,0,1,1
fresh_visobert_07390,0,0,1,1
fresh_visobert_01339,0,0,1,1
fresh_visobert_07021,0,0,1,1
fresh_visobert_05455,0,0,1,1
fresh_visobert_11917,0,0,1,1
fresh_visobert_01771,0,0,1,1
fresh_visobert_11371,0,0,1,1
fresh_visobert_03592,0,0,1,1
fresh_visobert_08259,0,0,1,1
fresh_visobert_02796,0,0,1,1
fresh_visobert_04361,0,0,1,1
fresh_visobert_10569,0,0,1,1
fresh_visobert_08927,0,0,1,1
fresh_visobert_04013,0,0,1,1
fresh_visobert_11314,0,0,1,1
fresh_visobert_10492,0,0,1,1
fresh_visobert_04654,0,0,1,1
fresh_visobert_08857,0,0,1,1
fresh_visobert_10526,0,0,1,1
fresh_visobert_08772,1,0,0,0
fresh_visobert_10160,0,0,1,1
fresh_visobert_00268,0,0,1,1
fresh_visobert_10064,0,0,1,1
fresh_visobert_00369,0,0,1,1
fresh_visobert_06392,1,0,0,0
fresh_visobert_01382,0,0,1,1
fresh_visobert_03125,0,0,1,1
fresh_visobert_06633,0,0,1,1
fresh_visobert_05218,0,0,1,1
fresh_visobert_02664,0,0,1,1
fresh_visobert_02273,0,0,1,1
fresh_visobert_10628,0,0,1,1
fresh_visobert_01171,0,0,1,1
fresh_visobert_05231,0,0,1,1
fresh_visobert_05448,0,0,1,1
fresh_visobert_04879,0,0,1,1
fresh_visobert_01501,0,0,1,1
fresh_visobert_08931,0,0,1,1
fresh_visobert_09715,0,0,1,1
fresh_visobert_00455,0,0,1,1
fresh_visobert_05544,0,0,1,1
fresh_visobert_10739,0,0,1,1
fresh_visobert_02068,0,0,1,1
fresh_visobert_00437,0,0,1,1
fresh_visobert_10104,0,0,1,1
fresh_visobert_04331,0,0,1,1
fresh_visobert_11767,0,0,1,1
fresh_visobert_11056,0,0,1,1
fresh_visobert_08051,0,0,1,1
fresh_visobert_04070,0,0,1,1
fresh_visobert_03156,0,0,1,1
fresh_visobert_00755,0,0,1,1
fresh_visobert_00249,0,0,1,1
fresh_visobert_07794,0,0,1,1
fresh_visobert_11910,0,0,1,1
fresh_visobert_08853,0,0,1,1
fresh_visobert_07717,0,0,1,1
fresh_visobert_08187,0,0,1,1
fresh_visobert_03494,0,0,1,1
fresh_visobert_08619,0,0,1,1
fresh_visobert_11704,0,0,1,1
fresh_visobert_01136,0,0,1,1
fresh_visobert_05247,0,0,1,1
fresh_visobert_09978,0,0,1,1
fresh_visobert_00534,1,0,0,0
fresh_visobert_02417,0,0,1,1
fresh_visobert_08243,0,0,1,1
fresh_visobert_06658,0,0,1,1
fresh_visobert_00050,0,0,1,1
fresh_visobert_03257,0,0,1,1
fresh_visobert_07721,0,0,1,1
fresh_visobert_06739,0,0,1,1
fresh_visobert_07682,0,0,1,1
fresh_visobert_06136,1,0,0,0
fresh_visobert_00452,0,0,1,1
fresh_visobert_06008,0,0,1,1
fresh_visobert_05867,0,0,1,1
fresh_visobert_03385,0,0,1,1
fresh_visobert_05561,0,0,1,1
fresh_visobert_09037,0,0,1,1
fresh_visobert_03492,0,0,1,1
fresh_visobert_06249,1,0,0,0
fresh_visobert_08126,0,0,1,1
fresh_visobert_06345,0,0,1,1
fresh_visobert_06224,0,0,1,1
fresh_visobert_01143,0,0,1,1
fresh_visobert_07993,0,0,1,1
fresh_visobert_05641,0,0,1,1
fresh_visobert_06988,1,1,1,1
fresh_visobert_03620,0,0,1,1
fresh_visobert_10708,0,0,1,1
fresh_visobert_01590,0,0,1,1
fresh_visobert_09117,0,0,1,1
fresh_visobert_10178,0,0,1,1
fresh_visobert_11085,1,0,0,0
fresh_visobert_05622,0,0,1,1
fresh_visobert_10128,0,0,1,1
fresh_visobert_02523,0,0,1,1
fresh_visobert_00264,0,0,1,1
fresh_visobert_10426,0,0,1,1
fresh_visobert_02944,0,0,1,1
fresh_visobert_08262,1,1,1,1
fresh_visobert_04333,0,0,1,1
fresh_visobert_03526,0,0,1,1
fresh_visobert_06045,0,0,1,1
fresh_visobert_10870,0,0,1,1
fresh_visobert_06783,0,0,1,1
fresh_visobert_03858,0,0,1,1
fresh_visobert_11919,0,0,1,1
fresh_visobert_10232,0,0,1,1
fresh_visobert_11803,0,0,1,1
fresh_visobert_09712,0,0,1,1
fresh_visobert_06616,0,0,1,1
fresh_visobert_09962,0,0,1,1
fresh_visobert_07467,0,0,1,1
fresh_visobert_09765,0,0,1,1
fresh_visobert_06529,0,0,1,1
fresh_visobert_03391,0,0,1,1
fresh_visobert_00990,0,0,1,1
fresh_visobert_00884,0,0,1,1
fresh_visobert_05459,0,0,1,1
fresh_visobert_09082,0,0,1,1
fresh_visobert_05034,0,0,1,1
fresh_visobert_07925,0,0,1,1
fresh_visobert_04709,0,0,1,1
fresh_visobert_02199,0,0,1,1
fresh_visobert_07498,0,0,1,1
fresh_visobert_04107,0,0,1,1
fresh_visobert_02750,0,0,1,1
fresh_visobert_05399,0,0,1,1
fresh_visobert_08714,0,0,1,1
fresh_visobert_10286,1,0,0,0
fresh_visobert_08808,0,0,1,1
fresh_visobert_00524,0,0,1,1
fresh_visobert_11455,0,0,1,1
fresh_visobert_04570,0,0,1,1
fresh_visobert_11628,0,0,1,1
fresh_visobert_05916,0,0,1,1
fresh_visobert_03005,0,0,1,1
fresh_visobert_05337,0,0,1,1
fresh_visobert_08164,0,0,1,1
fresh_visobert_07888,0,0,1,1
fresh_visobert_03252,0,0,1,1
fresh_visobert_04924,0,0,1,1
fresh_visobert_02419,0,0,1,1
fresh_visobert_09337,0,0,1,1
fresh_visobert_03730,0,0,1,1
fresh_visobert_00609,0,0,1,1
fresh_visobert_01840,0,0,1,1
fresh_visobert_09900,0,0,1,1
fresh_visobert_09125,0,0,1,1
fresh_visobert_10502,0,0,1,1
fresh_visobert_06459,0,0,1,1
fresh_visobert_10838,0,0,1,1
fresh_visobert_00055,0,0,1,1
fresh_visobert_03999,0,0,1,1
fresh_visobert_06975,0,0,1,1
fresh_visobert_00774,0,0,1,1
fresh_visobert_03434,0,0,1,1
fresh_visobert_03076,0,0,1,1
fresh_visobert_06441,0,0,1,1
fresh_visobert_08365,0,0,1,1
fresh_visobert_03201,0,0,1,1
fresh_visobert_02761,0,0,1,1
fresh_visobert_04359,0,0,1,1
fresh_visobert_08196,0,0,1,1
fresh_visobert_04565,0,0,1,1
fresh_visobert_08737,0,0,1,1
fresh_visobert_10015,0,0,1,1
fresh_visobert_05374,0,0,1,1
fresh_visobert_03775,0,0,1,1
fresh_visobert_01921,0,0,1,1
fresh_visobert_06253,0,0,1,1
fresh_visobert_01886,0,0,1,1
fresh_visobert_10723,0,0,1,1
fresh_visobert_01134,0,0,1,1
fresh_visobert_04498,0,0,1,1
fresh_visobert_07745,0,0,1,1
fresh_visobert_05493,0,0,1,1
fresh_visobert_06685,0,0,1,1
fresh_visobert_01303,0,0,1,1
fresh_visobert_01813,0,0,1,1
fresh_visobert_01724,0,0,1,1
fresh_visobert_09944,0,0,1,1
fresh_visobert_09507,1,1,1,1
fresh_visobert_05252,0,0,1,1
fresh_visobert_02211,0,0,1,1
fresh_visobert_02261,0,0,1,1
fresh_visobert_07086,0,0,1,1
fresh_visobert_11380,0,0,1,1
fresh_visobert_10485,0,0,1,1
fresh_visobert_04912,0,0,1,1
fresh_visobert_06824,0,0,1,1
fresh_visobert_03733,0,0,1,1
fresh_visobert_06088,0,0,1,1
fresh_visobert_03226,0,0,1,1
fresh_visobert_11753,0,0,1,1
fresh_visobert_06789,0,0,1,1
fresh_visobert_01486,0,0,1,1
fresh_visobert_10006,0,0,1,1
fresh_visobert_03979,0,0,1,1
fresh_visobert_05881,0,0,1,1
fresh_visobert_08600,0,0,1,1
fresh_visobert_06914,0,0,1,1
fresh_visobert_05726,0,0,1,1
fresh_visobert_11014,0,0,1,1
fresh_visobert_05365,0,0,1,1
fresh_visobert_04320,0,0,1,1
fresh_visobert_07964,0,0,1,1
fresh_visobert_08251,0,0,1,1
fresh_visobert_01777,0,0,1,1
fresh_visobert_03617,0,0,1,1
fresh_visobert_09072,0,0,1,1
fresh_visobert_08252,0,0,1,1
fresh_visobert_01797,0,0,1,1
fresh_visobert_02085,0,0,1,1
fresh_visobert_04871,0,0,1,1
fresh_visobert_02071,0,0,1,1
fresh_visobert_09688,0,0,1,1
fresh_visobert_04820,0,0,1,1
fresh_visobert_00285,0,0,1,1
fresh_visobert_07525,0,0,1,1
fresh_visobert_11642,1,0,0,0
fresh_visobert_07680,0,0,1,1
fresh_visobert_00204,1,0,0,0
fresh_visobert_06933,0,0,1,1
fresh_visobert_05320,0,0,1,1
fresh_visobert_02104,0,0,1,1
fresh_visobert_08581,0,0,1,1
fresh_visobert_08069,1,0,0,0
fresh_visobert_10023,0,0,1,1
fresh_visobert_11345,0,0,1,1
fresh_visobert_00179,0,0,1,1
fresh_visobert_01450,0,0,1,1
fresh_visobert_06917,0,0,1,1
fresh_visobert_06422,0,0,1,1
fresh_visobert_08191,0,0,1,1
fresh_visobert_11986,0,0,1,1
fresh_visobert_06232,1,1,1,1
fresh_visobert_04004,0,0,1,1
fresh_visobert_03536,0,0,1,1
fresh_visobert_09418,0,0,1,1
fresh_visobert_09313,0,0,1,1
fresh_visobert_10626,0,0,1,1
fresh_visobert_00183,0,0,1,1
fresh_visobert_06801,0,0,1,1
fresh_visobert_02755,0,0,1,1
fresh_visobert_03327,0,0,1,1
fresh_visobert_09420,0,0,1,1
fresh_visobert_04547,0,0,1,1
fresh_visobert_03109,0,0,1,1
fresh_visobert_07396,0,0,1,1
fresh_visobert_09677,0,0,1,1
fresh_visobert_07817,0,0,1,1
fresh_visobert_11784,0,0,1,1
fresh_visobert_07636,0,0,1,1
fresh_visobert_11789,0,0,1,1
fresh_visobert_10308,1,0,0,0
fresh_visobert_01425,0,0,1,1
fresh_visobert_07406,0,0,1,1
fresh_visobert_11044,0,0,1,1
fresh_visobert_05628,0,0,1,1
fresh_visobert_02897,0,0,1,1
fresh_visobert_04268,0,0,1,1
fresh_visobert_07707,0,0,1,1
fresh_visobert_09950,0,0,1,1
fresh_visobert_01851,0,0,1,1
fresh_visobert_03381,0,0,1,1
fresh_visobert_02592,0,0,1,1
fresh_visobert_04319,0,0,1,1
fresh_visobert_00539,0,0,1,1
fresh_visobert_10127,0,0,1,1
fresh_visobert_00222,0,0,1,1
fresh_visobert_06722,0,0,1,1
fresh_visobert_04884,0,0,1,1
fresh_visobert_11823,0,0,1,1
fresh_visobert_08904,0,0,1,1
fresh_visobert_06378,0,0,1,1
fresh_visobert_07056,0,0,1,1
fresh_visobert_07516,0,0,1,1
fresh_visobert_08947,0,0,1,1
fresh_visobert_05017,0,0,1,1
fresh_visobert_06110,0,0,1,1
fresh_visobert_07065,0,0,1,1
fresh_visobert_02921,0,0,1,1
fresh_visobert_03230,0,0,1,1
fresh_visobert_06292,0,0,1,1
fresh_visobert_10194,0,0,1,1
fresh_visobert_03552,0,0,1,1
fresh_visobert_07296,0,0,1,1
fresh_visobert_08945,1,0,0,0
fresh_visobert_00063,0,0,1,1
fresh_visobert_07183,1,1,1,1
fresh_visobert_08800,0,0,1,1
fresh_visobert_04691,0,0,1,1
fresh_visobert_03004,0,0,1,1
fresh_visobert_08106,0,0,1,1
fresh_visobert_00749,0,0,1,1
fresh_visobert_10520,0,0,1,1
fresh_visobert_02005,0,0,1,1
fresh_visobert_09119,0,0,1,1
fresh_visobert_00131,0,0,1,1
fresh_visobert_06239,0,0,1,1
fresh_visobert_08282,0,0,1,1
fresh_visobert_03141,0,0,1,1
fresh_visobert_02078,0,0,1,1
fresh_visobert_10844,0,0,1,1
fresh_visobert_01015,0,0,1,1
fresh_visobert_06104,0,0,1,1
fresh_visobert_00007,0,0,1,1
fresh_visobert_04604,0,0,1,1
fresh_visobert_05911,1,0,0,0
fresh_visobert_05928,0,0,1,1
fresh_visobert_10987,0,0,1,1
fresh_visobert_00737,0,0,1,1
fresh_visobert_06031,0,0,1,1
fresh_visobert_03305,0,0,1,1
fresh_visobert_03204,0,0,1,1
fresh_visobert_08989,0,0,1,1
fresh_visobert_09859,0,0,1,1
fresh_visobert_06805,0,0,1,1
fresh_visobert_02742,1,1,1,1
fresh_visobert_10273,0,0,1,1
fresh_visobert_06072,0,0,1,1
fresh_visobert_09061,0,0,1,1
fresh_visobert_07611,0,0,1,1
fresh_visobert_09828,0,0,1,1
fresh_visobert_02119,0,0,1,1
fresh_visobert_11351,0,0,1,1
fresh_visobert_08221,0,0,1,1
fresh_visobert_08461,0,0,1,1
fresh_visobert_03275,0,0,1,1
fresh_visobert_05362,0,0,1,1
fresh_visobert_00295,0,0,1,1
fresh_visobert_05259,0,0,1,1
fresh_visobert_08790,0,0,1,1
fresh_visobert_08699,0,0,1,1
fresh_visobert_03901,0,0,1,1
fresh_visobert_06080,0,0,1,1
fresh_visobert_08905,0,0,1,1
fresh_visobert_07891,0,0,1,1
fresh_visobert_05451,0,0,1,1
fresh_visobert_03087,0,0,1,1
fresh_visobert_01083,0,0,1,1
fresh_visobert_06740,0,0,1,1
fresh_visobert_05539,0,0,1,1
fresh_visobert_00066,0,0,1,1
fresh_visobert_08233,0,0,1,1
fresh_visobert_07711,0,0,1,1
fresh_visobert_07978,1,1,1,1
fresh_visobert_11137,0,0,1,1
fresh_visobert_00871,0,0,1,1
fresh_visobert_09354,0,0,1,1
fresh_visobert_07690,1,0,0,0
fresh_visobert_11211,0,0,1,1
fresh_visobert_04848,0,0,1,1
fresh_visobert_03957,0,0,1,1
fresh_visobert_00904,0,0,1,1
fresh_visobert_08418,0,0,1,1
fresh_visobert_09652,0,0,1,1
fresh_visobert_05525,0,0,1,1
fresh_visobert_11700,0,0,1,1
fresh_visobert_09698,0,0,1,1
fresh_visobert_08404,0,0,1,1
fresh_visobert_00555,0,0,1,1
fresh_visobert_05425,0,0,1,1
fresh_visobert_02079,0,0,1,1
fresh_visobert_03889,0,0,1,1
fresh_visobert_07309,0,0,1,1
fresh_visobert_04601,0,0,1,1
fresh_visobert_07895,0,0,1,1
fresh_visobert_05940,0,0,1,1
fresh_visobert_00003,0,0,1,1
fresh_visobert_03612,0,0,1,1
fresh_visobert_09250,0,0,1,1
fresh_visobert_09903,0,0,1,1
fresh_visobert_06569,0,0,1,1
fresh_visobert_10750,0,0,1,1
fresh_visobert_06833,0,0,1,1
fresh_visobert_10517,0,0,1,1
fresh_visobert_02749,0,0,1,1
fresh_visobert_04326,0,0,1,1
fresh_visobert_03324,0,0,1,1
fresh_visobert_05800,0,0,1,1
fresh_visobert_07697,0,0,1,1
fresh_visobert_02719,0,0,1,1
fresh_visobert_05503,0,0,1,1
fresh_visobert_04812,0,0,1,1
fresh_visobert_08679,0,0,1,1
fresh_visobert_00068,1,0,0,0
fresh_visobert_10890,0,0,1,1
fresh_visobert_01698,0,0,1,1
fresh_visobert_04205,0,0,1,1
fresh_visobert_06000,0,0,1,1
fresh_visobert_01735,0,0,1,1
fresh_visobert_04034,0,0,1,1
fresh_visobert_10597,1,1,1,1
fresh_visobert_08261,0,0,1,1
fresh_visobert_07747,1,0,0,0
fresh_visobert_00812,0,0,1,1
fresh_visobert_00410,0,0,1,1
fresh_visobert_09452,0,0,1,1
fresh_visobert_07118,0,0,1,1
fresh_visobert_09925,0,0,1,1
fresh_visobert_08435,0,0,1,1
fresh_visobert_01517,0,0,1,1
fresh_visobert_01714,0,0,1,1
fresh_visobert_08368,0,0,1,1
fresh_visobert_02435,0,0,1,1
fresh_visobert_06393,0,0,1,1
fresh_visobert_05360,0,0,1,1
fresh_visobert_06786,0,0,1,1
fresh_visobert_04765,0,0,1,1
fresh_visobert_08504,0,0,1,1
fresh_visobert_05319,0,0,1,1
fresh_visobert_04308,0,0,1,1
fresh_visobert_08090,0,0,1,1
fresh_visobert_02431,0,0,1,1
fresh_visobert_07045,0,0,1,1
fresh_visobert_05445,0,0,1,1
fresh_visobert_03634,0,0,1,1
fresh_visobert_07583,0,0,1,1
fresh_visobert_06128,0,0,1,1
fresh_visobert_01676,0,0,1,1
fresh_visobert_04131,0,0,1,1
fresh_visobert_02577,0,0,1,1
fresh_visobert_02777,0,0,1,1
fresh_visobert_04249,0,0,1,1
fresh_visobert_03051,0,0,1,1
fresh_visobert_09472,0,0,1,1
fresh_visobert_01727,0,0,1,1
fresh_visobert_04465,0,0,1,1
fresh_visobert_09919,0,0,1,1
fresh_visobert_09550,0,0,1,1
fresh_visobert_07739,0,0,1,1
fresh_visobert_11176,0,0,1,1
fresh_visobert_11487,0,0,1,1
fresh_visobert_03984,0,0,1,1
fresh_visobert_03268,0,0,1,1
fresh_visobert_10342,1,1,1,1
fresh_visobert_09899,0,0,1,1
fresh_visobert_02295,0,0,1,1
fresh_visobert_04117,0,0,1,1
fresh_visobert_08976,0,0,1,1
fresh_visobert_06543,0,0,1,1
fresh_visobert_02718,0,0,1,1
fresh_visobert_07315,1,0,0,0
fresh_visobert_03970,0,0,1,1
fresh_visobert_09063,0,0,1,1
fresh_visobert_08717,0,0,1,1
fresh_visobert_06859,0,0,1,1
fresh_visobert_02916,0,0,1,1
fresh_visobert_04067,0,0,1,1
fresh_visobert_05721,0,0,1,1
fresh_visobert_08111,0,0,1,1
fresh_visobert_08310,0,0,1,1
fresh_visobert_07947,0,0,1,1
fresh_visobert_02800,0,0,1,1
fresh_visobert_05662,0,0,1,1
fresh_visobert_07177,0,0,1,1
fresh_visobert_05015,0,0,1,1
fresh_visobert_11588,0,0,1,1
fresh_visobert_01057,0,0,1,1
fresh_visobert_01529,0,0,1,1
fresh_visobert_07733,0,0,1,1
fresh_visobert_04104,0,0,1,1
fresh_visobert_05840,0,0,1,1
fresh_visobert_10564,0,0,1,1
fresh_visobert_02510,0,0,1,1
fresh_visobert_08175,0,0,1,1
fresh_visobert_03412,0,0,1,1
fresh_visobert_09560,0,0,1,1
fresh_visobert_04990,0,0,1,1
fresh_visobert_03435,0,0,1,1
fresh_visobert_02748,0,0,1,1
fresh_visobert_04881,0,0,1,1
fresh_visobert_03569,0,0,1,1
fresh_visobert_01326,0,0,1,1
fresh_visobert_00259,0,0,1,1
fresh_visobert_07120,0,0,1,1
fresh_visobert_01563,1,0,0,0
fresh_visobert_03785,0,0,1,1
fresh_visobert_10387,0,0,1,1
fresh_visobert_02795,0,0,1,1
fresh_visobert_07288,0,0,1,1
fresh_visobert_02269,0,0,1,1
fresh_visobert_01242,0,0,1,1
fresh_visobert_06795,0,0,1,1
fresh_visobert_02325,1,1,1,1
fresh_visobert_02779,0,0,1,1
fresh_visobert_01101,1,1,1,1
fresh_visobert_07536,0,0,1,1
fresh_visobert_09989,0,0,1,1
fresh_visobert_00604,0,0,1,1
fresh_visobert_00060,0,0,1,1
fresh_visobert_02740,0,0,1,1
fresh_visobert_09874,0,0,1,1
fresh_visobert_06327,0,0,1,1
fresh_visobert_07713,1,0,0,0
fresh_visobert_01701,0,0,1,1
fresh_visobert_05246,0,0,1,1
fresh_visobert_03086,0,0,1,1
fresh_visobert_08141,0,0,1,1
fresh_visobert_06146,0,0,1,1
fresh_visobert_02545,0,0,1,1
fresh_visobert_04680,0,0,1,1
fresh_visobert_01377,0,0,1,1
fresh_visobert_06632,0,0,1,1
fresh_visobert_01870,0,0,1,1
fresh_visobert_00173,0,0,1,1
fresh_visobert_05999,0,0,1,1
fresh_visobert_10359,0,0,1,1
fresh_visobert_02354,0,0,1,1
fresh_visobert_01365,0,0,1,1
fresh_visobert_04840,0,0,1,1
fresh_visobert_11284,1,0,0,0
fresh_visobert_07741,0,0,1,1
fresh_visobert_09157,0,0,1,1
fresh_visobert_02654,0,0,1,1
fresh_visobert_09753,0,0,1,1
fresh_visobert_05091,0,0,1,1
fresh_visobert_06701,0,0,1,1
fresh_visobert_08650,1,0,0,0
fresh_visobert_09238,0,0,1,1
fresh_visobert_11156,0,0,1,1
fresh_visobert_05383,0,0,1,1
fresh_visobert_10080,0,0,1,1
fresh_visobert_00418,0,0,1,1
fresh_visobert_01872,0,0,1,1
fresh_visobert_05977,0,0,1,1
fresh_visobert_05075,0,0,1,1
fresh_visobert_02251,0,0,1,1
fresh_visobert_00966,0,0,1,1
fresh_visobert_06096,0,0,1,1
fresh_visobert_03641,0,0,1,1
fresh_visobert_03924,0,0,1,1
fresh_visobert_10830,0,0,1,1
fresh_visobert_00652,0,0,1,1
fresh_visobert_03368,0,0,1,1
fresh_visobert_07504,0,0,1,1
fresh_visobert_00763,0,0,1,1
fresh_visobert_04208,0,0,1,1
fresh_visobert_00475,0,0,1,1
fresh_visobert_04360,0,0,1,1
fresh_visobert_00272,0,0,1,1
fresh_visobert_02152,0,0,1,1
fresh_visobert_10625,0,0,1,1
fresh_visobert_07063,0,0,1,1
fresh_visobert_11809,0,0,1,1
fresh_visobert_11300,0,0,1,1
fresh_visobert_03490,0,0,1,1
fresh_visobert_09249,0,0,1,1
fresh_visobert_09842,0,0,1,1
fresh_visobert_08746,0,0,1,1
fresh_visobert_04210,0,0,1,1
fresh_visobert_09551,0,0,1,1
fresh_visobert_07342,0,0,1,1
fresh_visobert_05943,0,0,1,1
fresh_visobert_11237,1,1,1,1
fresh_visobert_04578,0,0,1,1
fresh_visobert_03930,0,0,1,1
fresh_visobert_05597,0,0,1,1
fresh_visobert_10284,0,0,1,1
fresh_visobert_09929,0,0,1,1
fresh_visobert_02691,0,0,1,1
fresh_visobert_00861,0,0,1,1
fresh_visobert_09643,0,0,1,1
fresh_visobert_09704,1,1,1,1
fresh_visobert_08992,0,0,1,1
fresh_visobert_06853,0,0,1,1
fresh_visobert_07520,0,0,1,1
fresh_visobert_01644,0,0,1,1
fresh_visobert_05211,0,0,1,1
fresh_visobert_07075,0,0,1,1
fresh_visobert_10581,0,0,1,1
fresh_visobert_09458,0,0,1,1
fresh_visobert_01857,0,0,1,1
fresh_visobert_07905,1,1,1,1
fresh_visobert_07415,0,0,1,1
fresh_visobert_04757,0,0,1,1
fresh_visobert_09246,0,0,1,1
fresh_visobert_07040,0,0,1,1
fresh_visobert_07238,0,0,1,1
fresh_visobert_02733,0,0,1,1
fresh_visobert_07333,0,0,1,1
fresh_visobert_08285,0,0,1,1
fresh_visobert_04394,0,0,1,1
fresh_visobert_03014,0,0,1,1
fresh_visobert_05382,0,0,1,1
fresh_visobert_00424,0,0,1,1
fresh_visobert_11412,1,0,0,0
fresh_visobert_10303,0,0,1,1
fresh_visobert_03429,0,0,1,1
fresh_visobert_06436,0,0,1,1
fresh_visobert_01849,0,0,1,1
fresh_visobert_07223,0,0,1,1
fresh_visobert_03873,0,0,1,1
fresh_visobert_05900,0,0,1,1
fresh_visobert_09580,0,0,1,1
fresh_visobert_04911,0,0,1,1
fresh_visobert_10399,0,0,1,1
fresh_visobert_01301,0,0,1,1
fresh_visobert_05988,0,0,1,1
fresh_visobert_07920,0,0,1,1
fresh_visobert_03320,0,0,1,1
fresh_visobert_11430,0,0,1,1
fresh_visobert_11600,0,0,1,1
fresh_visobert_07718,0,0,1,1
fresh_visobert_07138,0,0,1,1
fresh_visobert_11865,0,0,1,1
fresh_visobert_07677,0,0,1,1
fresh_visobert_02315,0,0,1,1
fresh_visobert_03936,0,0,1,1
fresh_visobert_02938,0,0,1,1
fresh_visobert_08309,0,0,1,1
fresh_visobert_06235,1,0,0,0
fresh_visobert_10025,0,0,1,1
fresh_visobert_10753,0,0,1,1
fresh_visobert_04761,0,0,1,1
fresh_visobert_02006,0,0,1,1
fresh_visobert_02459,0,0,1,1
fresh_visobert_01859,0,0,1,1
fresh_visobert_10689,0,0,1,1
fresh_visobert_01818,0,0,1,1
fresh_visobert_10913,0,0,1,1
fresh_visobert_09552,0,0,1,1
fresh_visobert_07513,0,0,1,1
fresh_visobert_04043,0,0,1,1
fresh_visobert_05883,1,1,1,1
fresh_visobert_01637,0,0,1,1
fresh_visobert_02536,0,0,1,1
fresh_visobert_10475,0,0,1,1
fresh_visobert_11035,1,0,0,0
fresh_visobert_06204,0,0,1,1
fresh_visobert_08572,0,0,1,1
fresh_visobert_06073,0,0,1,1
fresh_visobert_06412,0,0,1,1
fresh_visobert_09243,0,0,1,1
fresh_visobert_04975,0,0,1,1
fresh_visobert_02080,0,0,1,1
fresh_visobert_07806,1,1,1,1
fresh_visobert_08801,0,0,1,1
fresh_visobert_04976,0,0,1,1
fresh_visobert_00799,0,0,1,1
fresh_visobert_05515,0,0,1,1
fresh_visobert_10741,0,0,1,1
fresh_visobert_04007,0,0,1,1
fresh_visobert_00779,0,0,1,1
fresh_visobert_11322,0,0,1,1
fresh_visobert_05014,0,0,1,1
fresh_visobert_09487,0,0,1,1
fresh_visobert_02121,0,0,1,1
fresh_visobert_03250,0,0,1,1
fresh_visobert_11511,0,0,1,1
fresh_visobert_11624,0,0,1,1
fresh_visobert_02477,0,0,1,1
fresh_visobert_08866,0,0,1,1
fresh_visobert_07740,0,0,1,1
fresh_visobert_01391,0,0,1,1
fresh_visobert_01720,0,0,1,1
fresh_visobert_11705,0,0,1,1
fresh_visobert_01462,0,0,1,1
fresh_visobert_11533,0,0,1,1
fresh_visobert_10681,0,0,1,1
fresh_visobert_06690,0,0,1,1
fresh_visobert_04660,0,0,1,1
fresh_visobert_05033,0,0,1,1
fresh_visobert_11410,0,0,1,1
fresh_visobert_02827,0,0,1,1
fresh_visobert_05735,0,0,1,1
fresh_visobert_05485,0,0,1,1
fresh_visobert_10034,0,0,1,1
fresh_visobert_10842,0,0,1,1
fresh_visobert_10132,0,0,1,1
fresh_visobert_08617,0,0,1,1
fresh_visobert_08464,0,0,1,1
fresh_visobert_10850,0,0,1,1
fresh_visobert_07567,0,0,1,1
fresh_visobert_09690,1,1,1,1
fresh_visobert_02379,0,0,1,1
fresh_visobert_03403,0,0,1,1
fresh_visobert_05203,0,0,1,1
fresh_visobert_07873,0,0,1,1
fresh_visobert_00623,0,0,1,1
fresh_visobert_00314,0,0,1,1
fresh_visobert_10806,0,0,1,1
fresh_visobert_02166,1,1,1,1
fresh_visobert_10222,0,0,1,1
fresh_visobert_06611,0,0,1,1
fresh_visobert_07831,0,0,1,1
fresh_visobert_08763,0,0,1,1
fresh_visobert_01280,0,0,1,1
fresh_visobert_11424,0,0,1,1
fresh_visobert_04312,0,0,1,1
fresh_visobert_00052,0,0,1,1
fresh_visobert_08495,0,0,1,1
fresh_visobert_00301,0,0,1,1
fresh_visobert_09312,0,0,1,1
fresh_visobert_08860,0,0,1,1
fresh_visobert_07600,0,0,1,1
fresh_visobert_10864,0,0,1,1
fresh_visobert_07765,0,0,1,1
fresh_visobert_04300,0,0,1,1
fresh_visobert_07189,0,0,1,1
fresh_visobert_00166,0,0,1,1
fresh_visobert_09733,1,0,0,0
fresh_visobert_06140,0,0,1,1
fresh_visobert_07959,0,0,1,1
fresh_visobert_04545,0,0,1,1
fresh_visobert_03545,0,0,1,1
fresh_visobert_08954,0,0,1,1
fresh_visobert_05743,0,0,1,1
fresh_visobert_11234,0,0,1,1
fresh_visobert_08270,0,0,1,1
fresh_visobert_04506,0,0,1,1
fresh_visobert_10044,0,0,1,1
fresh_visobert_07495,0,0,1,1
fresh_visobert_06247,0,0,1,1
fresh_visobert_03559,0,0,1,1
fresh_visobert_01933,0,0,1,1
fresh_visobert_11820,0,0,1,1
fresh_visobert_06337,1,1,1,1
fresh_visobert_11480,0,0,1,1
fresh_visobert_02161,0,0,1,1
fresh_visobert_09252,0,0,1,1
fresh_visobert_00113,0,0,1,1
fresh_visobert_09154,0,0,1,1
fresh_visobert_02074,0,0,1,1
fresh_visobert_08830,0,0,1,1
fresh_visobert_01327,0,0,1,1
fresh_visobert_00518,0,0,1,1
fresh_visobert_05348,0,0,1,1
fresh_visobert_07657,0,0,1,1
fresh_visobert_10167,0,0,1,1
fresh_visobert_08101,0,0,1,1
fresh_visobert_01629,0,0,1,1
fresh_visobert_01852,0,0,1,1
fresh_visobert_11124,0,0,1,1
fresh_visobert_01516,0,0,1,1
fresh_visobert_06704,0,0,1,1
fresh_visobert_01948,0,0,1,1
fresh_visobert_07422,0,0,1,1
fresh_visobert_08151,0,0,1,1
fresh_visobert_06305,0,0,1,1
fresh_visobert_06203,0,0,1,1
fresh_visobert_11278,0,0,1,1
fresh_visobert_03484,0,0,1,1
fresh_visobert_11372,0,0,1,1
fresh_visobert_07165,0,0,1,1
fresh_visobert_03920,0,0,1,1
fresh_visobert_04109,0,0,1,1
fresh_visobert_06684,0,0,1,1
fresh_visobert_02828,0,0,1,1
fresh_visobert_04515,0,0,1,1
fresh_visobert_02271,0,0,1,1
fresh_visobert_03317,0,0,1,1
fresh_visobert_00174,0,0,1,1
fresh_visobert_01892,0,0,1,1
fresh_visobert_05762,0,0,1,1
fresh_visobert_08225,0,0,1,1
fresh_visobert_10927,0,0,1,1
fresh_visobert_00671,0,0,1,1
fresh_visobert_06167,0,0,1,1
fresh_visobert_00375,0,0,1,1
fresh_visobert_09135,0,0,1,1
fresh_visobert_10866,0,0,1,1
fresh_visobert_00847,0,0,1,1
fresh_visobert_03325,0,0,1,1
fresh_visobert_05272,0,0,1,1
fresh_visobert_09242,0,0,1,1
fresh_visobert_05475,0,0,1,1
fresh_visobert_10678,0,0,1,1
fresh_visobert_02400,0,0,1,1
fresh_visobert_08374,0,0,1,1
fresh_visobert_08217,0,0,1,1
fresh_visobert_10537,0,0,1,1
fresh_visobert_02420,0,0,1,1
fresh_visobert_01515,0,0,1,1
fresh_visobert_03562,0,0,1,1
fresh_visobert_07312,0,0,1,1
fresh_visobert_08050,1,0,0,0
fresh_visobert_03821,0,0,1,1
fresh_visobert_01345,0,0,1,1
fresh_visobert_06471,0,0,1,1
fresh_visobert_04867,0,0,1,1
fresh_visobert_03867,0,0,1,1
fresh_visobert_06969,0,0,1,1
fresh_visobert_10469,0,0,1,1
fresh_visobert_03652,0,0,1,1
fresh_visobert_07000,0,0,1,1
fresh_visobert_09738,0,0,1,1
fresh_visobert_06754,0,0,1,1
fresh_visobert_03533,0,0,1,1
fresh_visobert_10780,0,0,1,1
fresh_visobert_04759,0,0,1,1
fresh_visobert_03115,0,0,1,1
fresh_visobert_06929,0,0,1,1
fresh_visobert_07024,0,0,1,1
fresh_visobert_09489,0,0,1,1
fresh_visobert_02399,0,0,1,1
fresh_visobert_04447,0,0,1,1
fresh_visobert_00155,0,0,1,1
fresh_visobert_07363,1,1,1,1
fresh_visobert_05267,0,0,1,1
fresh_visobert_07473,1,0,0,0
fresh_visobert_02272,0,0,1,1
fresh_visobert_11481,0,0,1,1
fresh_visobert_07135,0,0,1,1
fresh_visobert_04970,0,0,1,1
fresh_visobert_07262,0,0,1,1
fresh_visobert_07098,0,0,1,1
fresh_visobert_08806,0,0,1,1
fresh_visobert_09021,0,0,1,1
fresh_visobert_02363,0,0,1,1
fresh_visobert_03937,0,0,1,1
fresh_visobert_01056,0,0,1,1
fresh_visobert_05960,0,0,1,1
fresh_visobert_02876,0,0,1,1
fresh_visobert_08238,0,0,1,1
fresh_visobert_08818,0,0,1,1
fresh_visobert_08160,0,0,1,1
fresh_visobert_05793,0,0,1,1
fresh_visobert_05692,0,0,1,1
fresh_visobert_00352,0,0,1,1
fresh_visobert_11875,0,0,1,1
fresh_visobert_00463,0,0,1,1
fresh_visobert_00458,0,0,1,1
fresh_visobert_05625,0,0,1,1
fresh_visobert_07734,1,0,0,0
fresh_visobert_04279,0,0,1,1
fresh_visobert_09423,0,0,1,1
fresh_visobert_10205,0,0,1,1
fresh_visobert_00012,0,0,1,1
fresh_visobert_10538,0,0,1,1
fresh_visobert_10465,0,0,1,1
fresh_visobert_06686,0,0,1,1
fresh_visobert_06316,1,1,1,1
fresh_visobert_09960,0,0,1,1
fresh_visobert_00665,0,0,1,1
fresh_visobert_02372,0,0,1,1
fresh_visobert_06160,0,0,1,1
fresh_visobert_04162,0,0,1,1
fresh_visobert_11101,0,0,1,1
fresh_visobert_11216,0,0,1,1
fresh_visobert_09614,0,0,1,1
fresh_visobert_06432,0,0,1,1
fresh_visobert_04955,0,0,1,1
fresh_visobert_10811,0,0,1,1
fresh_visobert_05984,0,0,1,1
fresh_visobert_06334,0,0,1,1
fresh_visobert_07150,0,0,1,1
fresh_visobert_04494,0,0,1,1
fresh_visobert_01438,0,0,1,1
fresh_visobert_09938,0,0,1,1
fresh_visobert_07202,0,0,1,1
fresh_visobert_03159,0,0,1,1
fresh_visobert_04940,0,0,1,1
fresh_visobert_09703,0,0,1,1
fresh_visobert_08942,0,0,1,1
fresh_visobert_02945,0,0,1,1
fresh_visobert_05297,0,0,1,1
fresh_visobert_07637,0,0,1,1
fresh_visobert_01012,0,0,1,1
fresh_visobert_10195,0,0,1,1
fresh_visobert_10787,0,0,1,1
fresh_visobert_01279,0,0,1,1
fresh_visobert_05285,0,0,1,1
fresh_visobert_09853,0,0,1,1
fresh_visobert_11281,0,0,1,1
fresh_visobert_04100,0,0,1,1
fresh_visobert_05757,0,0,1,1
fresh_visobert_07266,0,0,1,1
fresh_visobert_11301,0,0,1,1
fresh_visobert_10092,0,0,1,1
fresh_visobert_11331,0,0,1,1
fresh_visobert_07921,1,1,1,1
fresh_visobert_10799,1,1,1,1
fresh_visobert_02645,0,0,1,1
fresh_visobert_02256,0,0,1,1
fresh_visobert_04246,0,0,1,1
fresh_visobert_02708,0,0,1,1
fresh_visobert_01961,0,0,1,1
fresh_visobert_07551,0,0,1,1
fresh_visobert_05599,0,0,1,1
fresh_visobert_06069,0,0,1,1
fresh_visobert_07412,1,0,0,0
fresh_visobert_08159,0,0,1,1
fresh_visobert_11088,0,0,1,1
fresh_visobert_04931,1,0,0,0
fresh_visobert_08791,0,0,1,1
fresh_visobert_02896,0,0,1,1
fresh_visobert_11072,0,0,1,1
fresh_visobert_04155,0,0,1,1
fresh_visobert_11670,0,0,1,1
fresh_visobert_02072,0,0,1,1
fresh_visobert_02360,0,0,1,1
fresh_visobert_02000,0,0,1,1
fresh_visobert_11506,0,0,1,1
fresh_visobert_07448,0,0,1,1
fresh_visobert_09006,0,0,1,1
fresh_visobert_07012,0,0,1,1
fresh_visobert_01330,0,0,1,1
fresh_visobert_06409,0,0,1,1
fresh_visobert_04379,0,0,1,1
fresh_visobert_06401,0,0,1,1
fresh_visobert_10082,0,0,1,1
fresh_visobert_02546,0,0,1,1
fresh_visobert_05993,0,0,1,1
fresh_visobert_00373,0,0,1,1
fresh_visobert_01004,0,0,1,1
fresh_visobert_03682,0,0,1,1
fresh_visobert_02355,0,0,1,1
fresh_visobert_10350,0,0,1,1
fresh_visobert_03021,0,0,1,1
fresh_visobert_07728,0,0,1,1
fresh_visobert_02059,0,0,1,1
fresh_visobert_11272,0,0,1,1
fresh_visobert_06582,0,0,1,1
fresh_visobert_09303,0,0,1,1
fresh_visobert_00527,0,0,1,1
fresh_visobert_06351,0,0,1,1
fresh_visobert_09821,0,0,1,1
fresh_visobert_08379,0,0,1,1
fresh_visobert_03514,0,0,1,1
fresh_visobert_11431,0,0,1,1
fresh_visobert_09623,1,0,0,0
fresh_visobert_11905,0,0,1,1
fresh_visobert_01097,0,0,1,1
fresh_visobert_09208,0,0,1,1
fresh_visobert_06883,0,0,1,1
fresh_visobert_01319,0,0,1,1
fresh_visobert_07346,0,0,1,1
fresh_visobert_11466,0,0,1,1
fresh_visobert_07124,0,0,1,1
fresh_visobert_10212,0,0,1,1
fresh_visobert_01050,0,0,1,1
fresh_visobert_06901,0,0,1,1
fresh_visobert_07918,0,0,1,1
fresh_visobert_07801,0,0,1,1
fresh_visobert_10497,0,0,1,1
fresh_visobert_07249,1,0,0,0
fresh_visobert_00482,0,0,1,1
fresh_visobert_02935,1,0,0,0
fresh_visobert_00164,0,0,1,1
fresh_visobert_00488,0,0,1,1
fresh_visobert_06198,0,0,1,1
fresh_visobert_10819,0,0,1,1
fresh_visobert_09693,0,0,1,1
fresh_visobert_07089,0,0,1,1
fresh_visobert_06695,0,0,1,1
fresh_visobert_00874,0,0,1,1
fresh_visobert_08917,0,0,1,1
fresh_visobert_05818,0,0,1,1
fresh_visobert_09891,0,0,1,1
fresh_visobert_01806,0,0,1,1
fresh_visobert_07313,0,0,1,1
fresh_visobert_01463,1,1,1,1
fresh_visobert_10131,0,0,1,1
fresh_visobert_00724,0,0,1,1
fresh_visobert_11606,0,0,1,1
fresh_visobert_07054,0,0,1,1
fresh_visobert_04003,0,0,1,1
fresh_visobert_02213,0,0,1,1
fresh_visobert_07626,0,0,1,1
fresh_visobert_06693,0,0,1,1
fresh_visobert_11539,1,0,0,0
fresh_visobert_06302,0,0,1,1
fresh_visobert_06993,0,0,1,1
fresh_visobert_07575,0,0,1,1
fresh_visobert_04075,0,0,1,1
fresh_visobert_06646,1,0,0,0
fresh_visobert_11251,0,0,1,1
fresh_visobert_08986,0,0,1,1
fresh_visobert_02305,0,0,1,1
fresh_visobert_05240,0,0,1,1
fresh_visobert_11161,0,0,1,1
fresh_visobert_05401,0,0,1,1
fresh_visobert_00248,0,0,1,1
fresh_visobert_00703,0,0,1,1
fresh_visobert_02506,0,0,1,1
fresh_visobert_11242,0,0,1,1
fresh_visobert_09334,0,0,1,1
fresh_visobert_05555,0,0,1,1
fresh_visobert_08840,0,0,1,1
fresh_visobert_02772,0,0,1,1
fresh_visobert_03377,0,0,1,1
fresh_visobert_09179,0,0,1,1
fresh_visobert_00817,0,0,1,1
fresh_visobert_03852,0,0,1,1
fresh_visobert_06956,0,0,1,1
fresh_visobert_07592,0,0,1,1
fresh_visobert_02861,0,0,1,1
fresh_visobert_03122,0,0,1,1
fresh_visobert_02542,0,0,1,1
fresh_visobert_00323,0,0,1,1
fresh_visobert_06625,0,0,1,1
fresh_visobert_00909,0,0,1,1
fresh_visobert_00080,1,0,0,0
fresh_visobert_00100,0,0,1,1
fresh_visobert_11616,1,1,1,1
fresh_visobert_04234,0,0,1,1
fresh_visobert_10340,1,1,1,1
fresh_visobert_01362,0,0,1,1
fresh_visobert_07368,1,0,0,0
fresh_visobert_01131,0,0,1,1
fresh_visobert_09830,0,0,1,1
fresh_visobert_03760,0,0,1,1
fresh_visobert_08920,0,0,1,1
fresh_visobert_01487,0,0,1,1
fresh_visobert_05473,1,1,1,1
fresh_visobert_08235,0,0,1,1
fresh_visobert_04569,0,0,1,1
fresh_visobert_08742,0,0,1,1
fresh_visobert_06213,0,0,1,1
fresh_visobert_04318,0,0,1,1
fresh_visobert_07676,1,0,0,0
fresh_visobert_06400,0,0,1,1
fresh_visobert_00872,0,0,1,1
fresh_visobert_00018,1,0,0,0
fresh_visobert_00476,0,0,1,1
fresh_visobert_03605,0,0,1,1
fresh_visobert_07818,0,0,1,1
fresh_visobert_04416,0,0,1,1
fresh_visobert_04614,0,0,1,1
fresh_visobert_01230,0,0,1,1
fresh_visobert_10119,0,0,1,1
fresh_visobert_00269,0,0,1,1
fresh_visobert_01803,0,0,1,1
fresh_visobert_00276,0,0,1,1
fresh_visobert_05138,0,0,1,1
fresh_visobert_00225,0,0,1,1
fresh_visobert_03446,0,0,1,1
fresh_visobert_03239,0,0,1,1
fresh_visobert_08301,0,0,1,1
fresh_visobert_10179,0,0,1,1
fresh_visobert_00589,0,0,1,1
fresh_visobert_03210,0,0,1,1
fresh_visobert_06799,0,0,1,1
fresh_visobert_04718,0,0,1,1
fresh_visobert_03271,0,0,1,1
fresh_visobert_02551,0,0,1,1
fresh_visobert_00807,0,0,1,1
fresh_visobert_05877,1,0,0,0
fresh_visobert_01630,0,0,1,1
fresh_visobert_01162,0,0,1,1
fresh_visobert_02173,1,1,1,1
fresh_visobert_11542,0,0,1,1
fresh_visobert_00199,0,0,1,1
fresh_visobert_05162,0,0,1,1
fresh_visobert_09042,0,0,1,1
fresh_visobert_09676,0,0,1,1
fresh_visobert_11598,0,0,1,1
fresh_visobert_09127,0,0,1,1
fresh_visobert_04127,0,0,1,1
fresh_visobert_10397,0,0,1,1
fresh_visobert_04135,0,0,1,1
fresh_visobert_11392,0,0,1,1
fresh_visobert_05236,0,0,1,1
fresh_visobert_06647,0,0,1,1
fresh_visobert_11581,1,0,0,0
fresh_visobert_02442,0,0,1,1
fresh_visobert_03600,0,0,1,1
fresh_visobert_05299,0,0,1,1
fresh_visobert_06335,0,0,1,1
fresh_visobert_08413,0,0,1,1
fresh_visobert_00689,0,0,1,1
fresh_visobert_10592,0,0,1,1
fresh_visobert_08915,0,0,1,1
fresh_visobert_11599,0,0,1,1
fresh_visobert_08095,0,0,1,1
fresh_visobert_08769,0,0,1,1
fresh_visobert_04230,0,0,1,1
fresh_visobert_07998,0,0,1,1
fresh_visobert_05653,0,0,1,1
fresh_visobert_02461,0,0,1,1
fresh_visobert_02716,0,0,1,1
fresh_visobert_06276,0,0,1,1
fresh_visobert_03441,0,0,1,1
fresh_visobert_00309,0,0,1,1
fresh_visobert_00846,0,0,1,1
fresh_visobert_09577,0,0,1,1
fresh_visobert_04843,0,0,1,1
fresh_visobert_00590,0,0,1,1
fresh_visobert_07853,0,0,1,1
fresh_visobert_03962,0,0,1,1
fresh_visobert_09992,0,0,1,1
fresh_visobert_06465,0,0,1,1
fresh_visobert_09829,0,0,1,1
fresh_visobert_03838,0,0,1,1
fresh_visobert_10936,0,0,1,1
fresh_visobert_11561,1,1,1,1
fresh_visobert_08031,0,0,1,1
fresh_visobert_06293,0,0,1,1
fresh_visobert_08203,0,0,1,1
fresh_visobert_00366,0,0,1,1
fresh_visobert_04537,0,0,1,1
fresh_visobert_10737,0,0,1,1
fresh_visobert_11912,0,0,1,1
fresh_visobert_10869,0,0,1,1
fresh_visobert_10437,0,0,1,1
fresh_visobert_00443,0,0,1,1
fresh_visobert_05543,0,0,1,1
fresh_visobert_05643,0,0,1,1
fresh_visobert_04967,0,0,1,1
fresh_visobert_08041,0,0,1,1
fresh_visobert_11292,0,0,1,1
fresh_visobert_01904,0,0,1,1
fresh_visobert_03674,0,0,1,1
fresh_visobert_00232,0,0,1,1
fresh_visobert_04734,0,0,1,1
fresh_visobert_11142,0,0,1,1
fresh_visobert_10055,0,0,1,1
fresh_visobert_03055,0,0,1,1
fresh_visobert_06325,0,0,1,1
fresh_visobert_08563,1,1,1,1
fresh_visobert_02447,0,0,1,1
fresh_visobert_10757,0,0,1,1
fresh_visobert_06803,0,0,1,1
fresh_visobert_04451,0,0,1,1
fresh_visobert_06727,0,0,1,1
fresh_visobert_08541,1,0,0,0
fresh_visobert_04282,0,0,1,1
fresh_visobert_10541,0,0,1,1
fresh_visobert_08881,0,0,1,1
fresh_visobert_06273,0,0,1,1
fresh_visobert_05403,0,0,1,1
fresh_visobert_10908,0,0,1,1
fresh_visobert_07924,0,0,1,1
fresh_visobert_04708,0,0,1,1
fresh_visobert_07475,0,0,1,1
fresh_visobert_09444,0,0,1,1
fresh_visobert_10170,0,0,1,1
fresh_visobert_11944,0,0,1,1
fresh_visobert_00647,0,0,1,1
fresh_visobert_05770,0,0,1,1
fresh_visobert_04806,0,0,1,1
fresh_visobert_08254,0,0,1,1
fresh_visobert_09018,0,0,1,1
fresh_visobert_04661,0,0,1,1
fresh_visobert_00313,0,0,1,1
fresh_visobert_03308,0,0,1,1
fresh_visobert_10494,0,0,1,1
fresh_visobert_07800,0,0,1,1
fresh_visobert_00616,0,0,1,1
fresh_visobert_01824,0,0,1,1
fresh_visobert_09935,0,0,1,1
fresh_visobert_00414,0,0,1,1
fresh_visobert_09449,1,1,1,1
fresh_visobert_02522,0,0,1,1
fresh_visobert_07531,1,1,1,1
fresh_visobert_00933,0,0,1,1
fresh_visobert_04862,0,0,1,1
fresh_visobert_05568,0,0,1,1
fresh_visobert_01586,0,0,1,1
fresh_visobert_08186,0,0,1,1
fresh_visobert_11715,0,0,1,1
fresh_visobert_02099,0,0,1,1
fresh_visobert_08697,0,0,1,1
fresh_visobert_07861,0,0,1,1
fresh_visobert_03497,0,0,1,1
fresh_visobert_09212,0,0,1,1
fresh_visobert_04026,0,0,1,1
fresh_visobert_08667,0,0,1,1
fresh_visobert_10975,0,0,1,1
fresh_visobert_11744,0,0,1,1
fresh_visobert_01233,0,0,1,1
fresh_visobert_04538,0,0,1,1
fresh_visobert_03457,0,0,1,1
fresh_visobert_06736,0,0,1,1
fresh_visobert_02157,0,0,1,1
fresh_visobert_01829,0,0,1,1
fresh_visobert_09365,0,0,1,1
fresh_visobert_00129,0,0,1,1
fresh_visobert_04532,0,0,1,1
fresh_visobert_09779,1,0,0,0
fresh_visobert_07002,0,0,1,1
fresh_visobert_00553,0,0,1,1
fresh_visobert_02610,0,0,1,1
fresh_visobert_09937,0,0,1,1
fresh_visobert_05941,0,0,1,1
fresh_visobert_09098,0,0,1,1
fresh_visobert_04492,0,0,1,1
fresh_visobert_10311,1,1,1,1
fresh_visobert_10505,0,0,1,1
fresh_visobert_09080,0,0,1,1
fresh_visobert_06976,0,0,1,1
fresh_visobert_07026,0,0,1,1
fresh_visobert_06314,0,0,1,1
fresh_visobert_07744,0,0,1,1
fresh_visobert_06282,0,0,1,1
fresh_visobert_01492,0,0,1,1
fresh_visobert_02148,0,0,1,1
fresh_visobert_00317,0,0,1,1
fresh_visobert_05727,0,0,1,1
fresh_visobert_03697,0,0,1,1
fresh_visobert_04446,0,0,1,1
fresh_visobert_06498,0,0,1,1
fresh_visobert_05886,0,0,1,1
fresh_visobert_10106,0,0,1,1
fresh_visobert_08732,0,0,1,1
fresh_visobert_11230,0,0,1,1
fresh_visobert_07166,0,0,1,1
fresh_visobert_04158,0,0,1,1
fresh_visobert_05166,0,0,1,1
fresh_visobert_05836,0,0,1,1
fresh_visobert_10658,0,0,1,1
fresh_visobert_03331,0,0,1,1
fresh_visobert_06957,0,0,1,1
fresh_visobert_10923,0,0,1,1
fresh_visobert_00709,0,0,1,1
fresh_visobert_01593,0,0,1,1
fresh_visobert_10238,0,0,1,1
fresh_visobert_01220,0,0,1,1
fresh_visobert_04139,0,0,1,1
fresh_visobert_00886,0,0,1,1
fresh_visobert_03980,0,0,1,1
fresh_visobert_05829,0,0,1,1
fresh_visobert_03983,0,0,1,1
fresh_visobert_01946,0,0,1,1
fresh_visobert_05717,0,0,1,1
fresh_visobert_02990,0,0,1,1
fresh_visobert_07720,1,0,0,0
fresh_visobert_07140,0,0,1,1
fresh_visobert_05029,0,0,1,1
fresh_visobert_06336,0,0,1,1
fresh_visobert_06985,0,0,1,1
fresh_visobert_04016,0,0,1,1
fresh_visobert_00981,0,0,1,1
fresh_visobert_00446,0,0,1,1
fresh_visobert_09274,0,0,1,1
fresh_visobert_00160,0,0,1,1
fresh_visobert_04288,0,0,1,1
fresh_visobert_09129,0,0,1,1
fresh_visobert_02038,0,0,1,1
fresh_visobert_07259,0,0,1,1
fresh_visobert_02153,0,0,1,1
fresh_visobert_02621,0,0,1,1
fresh_visobert_01334,0,0,1,1
fresh_visobert_06495,0,0,1,1
fresh_visobert_10445,1,0,0,0
fresh_visobert_10566,0,0,1,1
fresh_visobert_09139,1,0,0,0
fresh_visobert_05995,0,0,1,1
fresh_visobert_01285,0,0,1,1
fresh_visobert_08115,0,0,1,1
fresh_visobert_08339,1,0,0,0
fresh_visobert_04917,0,0,1,1
fresh_visobert_07052,0,0,1,1
fresh_visobert_04020,0,0,1,1
fresh_visobert_08770,0,0,1,1
fresh_visobert_08370,0,0,1,1
fresh_visobert_07578,0,0,1,1
fresh_visobert_06595,0,0,1,1
fresh_visobert_00561,0,0,1,1
fresh_visobert_06775,0,0,1,1
fresh_visobert_06576,1,1,1,1
fresh_visobert_05128,0,0,1,1
fresh_visobert_00694,0,0,1,1
fresh_visobert_03256,0,0,1,1
fresh_visobert_11150,0,0,1,1
fresh_visobert_09091,0,0,1,1
fresh_visobert_06440,0,0,1,1
fresh_visobert_09504,0,0,1,1
fresh_visobert_04618,0,0,1,1
fresh_visobert_06379,0,0,1,1
fresh_visobert_05879,0,0,1,1
fresh_visobert_00047,0,0,1,1
fresh_visobert_00562,0,0,1,1
fresh_visobert_03092,0,0,1,1
fresh_visobert_05151,0,0,1,1
fresh_visobert_06117,0,0,1,1
fresh_visobert_06161,0,0,1,1
fresh_visobert_00642,1,1,1,1
fresh_visobert_02757,0,0,1,1
fresh_visobert_11735,0,0,1,1
fresh_visobert_09145,1,0,0,0
fresh_visobert_05722,0,0,1,1
fresh_visobert_01497,0,0,1,1
fresh_visobert_02024,0,0,1,1
fresh_visobert_01414,0,0,1,1
fresh_visobert_04169,0,0,1,1
fresh_visobert_02951,0,0,1,1
fresh_visobert_04706,0,0,1,1
fresh_visobert_00688,0,0,1,1
fresh_visobert_01982,0,0,1,1
fresh_visobert_04262,0,0,1,1
fresh_visobert_10912,0,0,1,1
fresh_visobert_03336,0,0,1,1
fresh_visobert_04348,0,0,1,1
fresh_visobert_03064,0,0,1,1
fresh_visobert_08532,0,0,1,1
fresh_visobert_04613,0,0,1,1
fresh_visobert_10812,0,0,1,1
fresh_visobert_03792,0,0,1,1
fresh_visobert_05789,0,0,1,1
fresh_visobert_04315,0,0,1,1
fresh_visobert_07980,0,0,1,1
fresh_visobert_03024,0,0,1,1
fresh_visobert_05418,0,0,1,1
fresh_visobert_08383,0,0,1,1
fresh_visobert_05518,0,0,1,1
fresh_visobert_02520,0,0,1,1
fresh_visobert_06773,0,0,1,1
fresh_visobert_02971,0,0,1,1
fresh_visobert_03407,0,0,1,1
fresh_visobert_08956,0,0,1,1
fresh_visobert_11160,0,0,1,1
fresh_visobert_05861,0,0,1,1
fresh_visobert_06071,0,0,1,1
fresh_visobert_10972,0,0,1,1
fresh_visobert_06147,0,0,1,1
fresh_visobert_03763,0,0,1,1
fresh_visobert_09195,0,0,1,1
fresh_visobert_01385,0,0,1,1
fresh_visobert_05196,0,0,1,1
fresh_visobert_07103,0,0,1,1
fresh_visobert_10294,0,0,1,1
fresh_visobert_08316,0,0,1,1
fresh_visobert_04753,0,0,1,1
fresh_visobert_00655,0,0,1,1
fresh_visobert_05885,0,0,1,1
fresh_visobert_03543,0,0,1,1
fresh_visobert_08935,1,0,0,0
fresh_visobert_09625,0,0,1,1
fresh_visobert_09210,0,0,1,1
fresh_visobert_10859,0,0,1,1
fresh_visobert_03442,0,0,1,1
fresh_visobert_05314,0,0,1,1
fresh_visobert_10249,0,0,1,1
fresh_visobert_02699,0,0,1,1
fresh_visobert_05752,0,0,1,1
fresh_visobert_06119,1,1,1,1
fresh_visobert_02700,0,0,1,1
fresh_visobert_09346,0,0,1,1
fresh_visobert_00148,0,0,1,1
fresh_visobert_09176,0,0,1,1
fresh_visobert_00041,1,1,1,1
fresh_visobert_02143,0,0,1,1
fresh_visobert_01696,0,0,1,1
fresh_visobert_01075,0,0,1,1
fresh_visobert_04834,0,0,1,1
fresh_visobert_11388,1,0,0,0
fresh_visobert_05221,0,0,1,1
fresh_visobert_02235,0,0,1,1
fresh_visobert_04365,0,0,1,1
fresh_visobert_07730,0,0,1,1
fresh_visobert_00430,0,0,1,1
fresh_visobert_06149,0,0,1,1
fresh_visobert_00501,0,0,1,1
fresh_visobert_10474,0,0,1,1
fresh_visobert_06549,0,0,1,1
fresh_visobert_11232,0,0,1,1
fresh_visobert_03352,1,1,1,1
fresh_visobert_07882,0,0,1,1
fresh_visobert_00125,0,0,1,1
fresh_visobert_04612,0,0,1,1
fresh_visobert_06012,0,0,1,1
fresh_visobert_10381,0,0,1,1
fresh_visobert_09218,0,0,1,1
fresh_visobert_06399,0,0,1,1
fresh_visobert_03464,0,0,1,1
fresh_visobert_08567,0,0,1,1
fresh_visobert_01937,0,0,1,1
fresh_visobert_07782,0,0,1,1
fresh_visobert_11260,0,0,1,1
fresh_visobert_11294,0,0,1,1
fresh_visobert_09510,0,0,1,1
fresh_visobert_10664,0,0,1,1
fresh_visobert_01041,0,0,1,1
fresh_visobert_11719,0,0,1,1
fresh_visobert_01062,0,0,1,1
fresh_visobert_01966,0,0,1,1
fresh_visobert_07784,1,1,1,1
fresh_visobert_06771,0,0,1,1
fresh_visobert_05677,0,0,1,1
fresh_visobert_08170,0,0,1,1
fresh_visobert_02378,0,0,1,1
fresh_visobert_04698,0,0,1,1
fresh_visobert_05644,0,0,1,1
fresh_visobert_07961,1,1,1,1
fresh_visobert_06113,0,0,1,1
fresh_visobert_10983,0,0,1,1
fresh_visobert_00102,0,0,1,1
fresh_visobert_07398,0,0,1,1
fresh_visobert_11287,0,0,1,1
fresh_visobert_08870,0,0,1,1
fresh_visobert_09771,0,0,1,1
fresh_visobert_11422,0,0,1,1
fresh_visobert_04755,0,0,1,1
fresh_visobert_10365,0,0,1,1
fresh_visobert_02835,0,0,1,1
fresh_visobert_06089,1,1,1,1
fresh_visobert_02817,0,0,1,1
fresh_visobert_09966,0,0,1,1
fresh_visobert_03459,0,0,1,1
fresh_visobert_01783,0,0,1,1
fresh_visobert_02307,0,0,1,1
fresh_visobert_07956,0,0,1,1
fresh_visobert_07585,0,0,1,1
fresh_visobert_00305,0,0,1,1
fresh_visobert_10440,0,0,1,1
fresh_visobert_11734,0,0,1,1
fresh_visobert_05301,0,0,1,1
fresh_visobert_10513,0,0,1,1
fresh_visobert_01636,0,0,1,1
fresh_visobert_09029,0,0,1,1
fresh_visobert_03474,0,0,1,1
fresh_visobert_05147,0,0,1,1
fresh_visobert_01029,0,0,1,1
fresh_visobert_07546,1,0,0,0
fresh_visobert_11451,1,1,1,1
fresh_visobert_11761,0,0,1,1
fresh_visobert_07912,0,0,1,1
fresh_visobert_11994,0,0,1,1
fresh_visobert_11492,0,0,1,1
fresh_visobert_04435,0,0,1,1
fresh_visobert_03279,0,0,1,1
fresh_visobert_08019,0,0,1,1
fresh_visobert_00919,0,0,1,1
fresh_visobert_08373,0,0,1,1
fresh_visobert_02124,0,0,1,1
fresh_visobert_10421,0,0,1,1
fresh_visobert_07121,0,0,1,1
fresh_visobert_05458,0,0,1,1
fresh_visobert_10117,0,0,1,1
fresh_visobert_10489,0,0,1,1
fresh_visobert_04849,0,0,1,1
fresh_visobert_11714,0,0,1,1
fresh_visobert_03809,0,0,1,1
fresh_visobert_00434,0,0,1,1
fresh_visobert_03376,0,0,1,1
fresh_visobert_05410,0,0,1,1
fresh_visobert_11681,0,0,1,1
fresh_visobert_02694,0,0,1,1
fresh_visobert_02140,0,0,1,1
fresh_visobert_08407,0,0,1,1
fresh_visobert_10570,1,1,1,1
fresh_visobert_10319,0,0,1,1
fresh_visobert_01356,0,0,1,1
fresh_visobert_02214,0,0,1,1
fresh_visobert_04591,0,0,1,1
fresh_visobert_08042,0,0,1,1
fresh_visobert_00503,0,0,1,1
fresh_visobert_07185,0,0,1,1
fresh_visobert_11151,0,0,1,1
fresh_visobert_10667,0,0,1,1
fresh_visobert_01110,0,0,1,1
fresh_visobert_08305,0,0,1,1
fresh_visobert_07698,0,0,1,1
fresh_visobert_05354,0,0,1,1
fresh_visobert_09585,0,0,1,1
fresh_visobert_04743,0,0,1,1
fresh_visobert_00654,0,0,1,1
fresh_visobert_04603,0,0,1,1
fresh_visobert_02486,0,0,1,1
fresh_visobert_01309,0,0,1,1
fresh_visobert_00625,1,0,0,0
fresh_visobert_02335,0,0,1,1
fresh_visobert_02012,0,0,1,1
fresh_visobert_03339,1,0,0,0
fresh_visobert_04096,0,0,1,1
fresh_visobert_03399,0,0,1,1
fresh_visobert_00566,0,0,1,1
fresh_visobert_07459,0,0,1,1
fresh_visobert_11050,0,0,1,1
fresh_visobert_08288,0,0,1,1
fresh_visobert_07620,0,0,1,1
fresh_visobert_01455,0,0,1,1
fresh_visobert_04335,0,0,1,1
fresh_visobert_06662,0,0,1,1
fresh_visobert_03869,0,0,1,1
fresh_visobert_06857,0,0,1,1
fresh_visobert_04915,0,0,1,1
fresh_visobert_03680,0,0,1,1
fresh_visobert_08283,1,1,1,1
fresh_visobert_07414,0,0,1,1
fresh_visobert_11063,0,0,1,1
fresh_visobert_05118,0,0,1,1
fresh_visobert_03477,0,0,1,1
fresh_visobert_04386,0,0,1,1
fresh_visobert_05771,0,0,1,1
fresh_visobert_07235,0,0,1,1
fresh_visobert_01248,0,0,1,1
fresh_visobert_11236,1,1,1,1
fresh_visobert_03784,0,0,1,1
fresh_visobert_11128,1,1,1,1
fresh_visobert_05716,0,0,1,1
fresh_visobert_10295,0,0,1,1
fresh_visobert_03643,0,0,1,1
fresh_visobert_08585,0,0,1,1
fresh_visobert_10435,0,0,1,1
fresh_visobert_04778,0,0,1,1
fresh_visobert_09819,0,0,1,1
fresh_visobert_05345,0,0,1,1
fresh_visobert_03181,0,0,1,1
fresh_visobert_06156,0,0,1,1
fresh_visobert_00234,0,0,1,1
fresh_visobert_02169,0,0,1,1
fresh_visobert_03800,0,0,1,1
fresh_visobert_11938,0,0,1,1
fresh_visobert_10461,1,1,1,1
fresh_visobert_00321,0,0,1,1
fresh_visobert_02008,0,0,1,1
fresh_visobert_06264,0,0,1,1
fresh_visobert_08878,0,0,1,1
fresh_visobert_04621,0,0,1,1
fresh_visobert_09503,0,0,1,1
fresh_visobert_02508,0,0,1,1
fresh_visobert_03343,0,0,1,1
fresh_visobert_11856,0,0,1,1
fresh_visobert_03249,0,0,1,1
fresh_visobert_09780,0,0,1,1
fresh_visobert_08460,0,0,1,1
fresh_visobert_02051,0,0,1,1
fresh_visobert_01058,0,0,1,1
fresh_visobert_07896,0,0,1,1
fresh_visobert_11159,0,0,1,1
fresh_visobert_04502,0,0,1,1
fresh_visobert_02336,0,0,1,1
fresh_visobert_11754,0,0,1,1
fresh_visobert_04500,0,0,1,1
fresh_visobert_01957,0,0,1,1
fresh_visobert_06303,0,0,1,1
fresh_visobert_05130,0,0,1,1
fresh_visobert_06545,0,0,1,1
fresh_visobert_04580,0,0,1,1
fresh_visobert_08482,0,0,1,1
fresh_visobert_08711,0,0,1,1
fresh_visobert_11244,0,0,1,1
fresh_visobert_09158,0,0,1,1
fresh_visobert_05210,0,0,1,1
fresh_visobert_00975,0,0,1,1
fresh_visobert_03313,0,0,1,1
fresh_visobert_02207,0,0,1,1
fresh_visobert_06717,0,0,1,1
fresh_visobert_04298,0,0,1,1
fresh_visobert_08539,0,0,1,1
fresh_visobert_10140,0,0,1,1
fresh_visobert_11247,0,0,1,1
fresh_visobert_04380,0,0,1,1
fresh_visobert_02113,0,0,1,1
fresh_visobert_01929,0,0,1,1
fresh_visobert_03732,0,0,1,1
fresh_visobert_05953,0,0,1,1
fresh_visobert_06785,0,0,1,1
fresh_visobert_05772,0,0,1,1
fresh_visobert_02428,0,0,1,1
fresh_visobert_10631,0,0,1,1
fresh_visobert_05056,0,0,1,1
fresh_visobert_04287,0,0,1,1
fresh_visobert_01862,0,0,1,1
fresh_visobert_03235,0,0,1,1
fresh_visobert_03661,0,0,1,1
fresh_visobert_10606,0,0,1,1
fresh_visobert_08680,0,0,1,1
fresh_visobert_02544,0,0,1,1
fresh_visobert_10619,0,0,1,1
fresh_visobert_08780,0,0,1,1
fresh_visobert_11218,0,0,1,1
fresh_visobert_06046,0,0,1,1
fresh_visobert_09813,0,0,1,1
fresh_visobert_00046,0,0,1,1
fresh_visobert_09305,0,0,1,1
fresh_visobert_09454,0,0,1,1
fresh_visobert_08020,0,0,1,1
fresh_visobert_06363,0,0,1,1
fresh_visobert_05224,0,0,1,1
fresh_visobert_09234,0,0,1,1
fresh_visobert_06907,0,0,1,1
fresh_visobert_10370,0,0,1,1
fresh_visobert_07547,0,0,1,1
fresh_visobert_01375,0,0,1,1
fresh_visobert_04508,0,0,1,1
fresh_visobert_08071,0,0,1,1
fresh_visobert_11501,0,0,1,1
fresh_visobert_09140,0,0,1,1
fresh_visobert_05346,0,0,1,1
fresh_visobert_00388,0,0,1,1
fresh_visobert_03986,0,0,1,1
fresh_visobert_11219,0,0,1,1
fresh_visobert_11435,0,0,1,1
fresh_visobert_03030,0,0,1,1
fresh_visobert_10518,0,0,1,1
fresh_visobert_07486,0,0,1,1
fresh_visobert_01429,0,0,1,1
fresh_visobert_09245,1,1,1,1
fresh_visobert_02019,0,0,1,1
fresh_visobert_06621,0,0,1,1
fresh_visobert_02455,0,0,1,1
fresh_visobert_00579,0,0,1,1
fresh_visobert_05315,0,0,1,1
fresh_visobert_07289,0,0,1,1
fresh_visobert_09459,0,0,1,1
fresh_visobert_07694,0,0,1,1
fresh_visobert_05076,0,0,1,1
fresh_visobert_09606,0,0,1,1
fresh_visobert_03629,0,0,1,1
fresh_visobert_02650,0,0,1,1
fresh_visobert_05661,0,0,1,1
fresh_visobert_03691,0,0,1,1
fresh_visobert_06559,0,0,1,1
fresh_visobert_11911,0,0,1,1
fresh_visobert_04783,0,0,1,1
fresh_visobert_11867,0,0,1,1
fresh_visobert_07915,0,0,1,1
fresh_visobert_11046,0,0,1,1
fresh_visobert_00530,0,0,1,1
fresh_visobert_01218,0,0,1,1
fresh_visobert_11736,0,0,1,1
fresh_visobert_09524,0,0,1,1
fresh_visobert_00468,0,0,1,1
fresh_visobert_07727,0,0,1,1
fresh_visobert_09137,0,0,1,1
fresh_visobert_10627,0,0,1,1
fresh_visobert_11675,1,1,1,1
fresh_visobert_00612,0,0,1,1
fresh_visobert_10164,0,0,1,1
fresh_visobert_11419,0,0,1,1
fresh_visobert_00042,0,0,1,1
fresh_visobert_11793,0,0,1,1
fresh_visobert_05447,0,0,1,1
fresh_visobert_04993,0,0,1,1
fresh_visobert_09867,0,0,1,1
fresh_visobert_04839,0,0,1,1
fresh_visobert_00704,0,0,1,1
fresh_visobert_00983,0,0,1,1
fresh_visobert_07163,0,0,1,1
fresh_visobert_03883,0,0,1,1
fresh_visobert_08569,0,0,1,1
fresh_visobert_04732,0,0,1,1
fresh_visobert_10309,0,0,1,1
fresh_visobert_09509,0,0,1,1
fresh_visobert_04992,0,0,1,1
fresh_visobert_06592,0,0,1,1
fresh_visobert_03981,0,0,1,1
fresh_visobert_04357,0,0,1,1
fresh_visobert_05550,0,0,1,1
fresh_visobert_06005,0,0,1,1
fresh_visobert_09344,0,0,1,1
fresh_visobert_04700,0,0,1,1
fresh_visobert_01986,0,0,1,1
fresh_visobert_06489,0,0,1,1
fresh_visobert_11000,0,0,1,1
fresh_visobert_01710,0,0,1,1
fresh_visobert_07610,0,0,1,1
fresh_visobert_00433,0,0,1,1
fresh_visobert_10176,0,0,1,1
fresh_visobert_05586,0,0,1,1
fresh_visobert_10720,0,0,1,1
fresh_visobert_07319,0,0,1,1
fresh_visobert_03512,0,0,1,1
fresh_visobert_02516,0,0,1,1
fresh_visobert_07226,0,0,1,1
fresh_visobert_06205,1,0,0,0
fresh_visobert_09861,0,0,1,1
fresh_visobert_11716,0,0,1,1
fresh_visobert_08595,1,0,0,0
fresh_visobert_02984,0,0,1,1
fresh_visobert_04058,0,0,1,1
fresh_visobert_07979,0,0,1,1
fresh_visobert_07804,0,0,1,1
fresh_visobert_03106,0,0,1,1
fresh_visobert_06184,1,1,1,1
fresh_visobert_05284,0,0,1,1
fresh_visobert_04065,0,0,1,1
fresh_visobert_06026,0,0,1,1
fresh_visobert_08293,0,0,1,1
fresh_visobert_08195,0,0,1,1
fresh_visobert_04281,0,0,1,1
fresh_visobert_09350,0,0,1,1
fresh_visobert_08068,1,0,0,0
fresh_visobert_05655,0,0,1,1
fresh_visobert_00442,0,0,1,1
fresh_visobert_09381,0,0,1,1
fresh_visobert_07812,0,0,1,1
fresh_visobert_10958,1,0,0,0
fresh_visobert_06753,0,0,1,1
fresh_visobert_07087,0,0,1,1
fresh_visobert_10721,0,0,1,1
fresh_visobert_07352,0,0,1,1
fresh_visobert_08188,0,0,1,1
fresh_visobert_10602,0,0,1,1
fresh_visobert_08231,0,0,1,1
fresh_visobert_08216,0,0,1,1
fresh_visobert_04381,0,0,1,1
fresh_visobert_02704,0,0,1,1
fresh_visobert_07169,1,0,0,0
fresh_visobert_10219,0,0,1,1
fresh_visobert_00477,0,0,1,1
fresh_visobert_08918,0,0,1,1
fresh_visobert_05731,0,0,1,1
fresh_visobert_02057,0,0,1,1
fresh_visobert_09886,0,0,1,1
fresh_visobert_04715,0,0,1,1
fresh_visobert_09338,0,0,1,1
fresh_visobert_05083,0,0,1,1
fresh_visobert_02393,0,0,1,1
fresh_visobert_00180,0,0,1,1
fresh_visobert_02585,0,0,1,1
fresh_visobert_09321,0,0,1,1
fresh_visobert_11154,0,0,1,1
fresh_visobert_09855,0,0,1,1
fresh_visobert_09812,1,1,1,1
fresh_visobert_08603,0,0,1,1
fresh_visobert_09171,0,0,1,1
fresh_visobert_07693,0,0,1,1
fresh_visobert_04216,0,0,1,1
fresh_visobert_10964,0,0,1,1
fresh_visobert_10933,0,0,1,1
fresh_visobert_04248,0,0,1,1
fresh_visobert_08816,0,0,1,1
fresh_visobert_00070,0,0,1,1
fresh_visobert_10096,0,0,1,1
fresh_visobert_05497,0,0,1,1
fresh_visobert_04132,0,0,1,1
fresh_visobert_10407,0,0,1,1
fresh_visobert_00304,0,0,1,1
fresh_visobert_06107,0,0,1,1
fresh_visobert_06125,0,0,1,1
fresh_visobert_11899,1,0,0,0
fresh_visobert_00405,0,0,1,1
fresh_visobert_05071,0,0,1,1
fresh_visobert_05013,0,0,1,1
fresh_visobert_07044,0,0,1,1
fresh_visobert_01754,0,0,1,1
fresh_visobert_11975,0,0,1,1
fresh_visobert_03702,0,0,1,1
fresh_visobert_03575,0,0,1,1
fresh_visobert_08826,0,0,1,1
fresh_visobert_10121,0,0,1,1
fresh_visobert_07652,0,0,1,1
fresh_visobert_06447,1,0,0,0
fresh_visobert_00506,0,0,1,1
fresh_visobert_04240,0,0,1,1
fresh_visobert_03895,0,0,1,1
fresh_visobert_04059,0,0,1,1
fresh_visobert_02728,0,0,1,1
fresh_visobert_11317,1,1,1,1
fresh_visobert_05483,0,0,1,1
fresh_visobert_01963,0,0,1,1
fresh_visobert_07709,0,0,1,1
fresh_visobert_02381,0,0,1,1
fresh_visobert_05740,0,0,1,1
fresh_visobert_01144,0,0,1,1
fresh_visobert_00674,0,0,1,1
fresh_visobert_04338,0,0,1,1
fresh_visobert_11906,1,1,1,1
fresh_visobert_04259,0,0,1,1
fresh_visobert_09045,0,0,1,1
fresh_visobert_10691,0,0,1,1
fresh_visobert_00521,0,0,1,1
fresh_visobert_10533,0,0,1,1
fresh_visobert_06470,0,0,1,1
fresh_visobert_08047,1,0,0,0
fresh_visobert_07323,0,0,1,1
fresh_visobert_02233,0,0,1,1
fresh_visobert_07860,0,0,1,1
fresh_visobert_08923,0,0,1,1
fresh_visobert_07204,0,0,1,1
fresh_visobert_11786,0,0,1,1
fresh_visobert_06084,0,0,1,1
fresh_visobert_09557,0,0,1,1
fresh_visobert_05699,0,0,1,1
fresh_visobert_07820,0,0,1,1
fresh_visobert_07661,0,0,1,1
fresh_visobert_07304,0,0,1,1
fresh_visobert_10934,0,0,1,1
fresh_visobert_00345,0,0,1,1
fresh_visobert_00572,0,0,1,1
fresh_visobert_09485,0,0,1,1
fresh_visobert_01415,1,0,0,0
fresh_visobert_09123,0,0,1,1
fresh_visobert_00095,0,0,1,1
fresh_visobert_00242,0,0,1,1
fresh_visobert_09658,0,0,1,1
fresh_visobert_07283,0,0,1,1
fresh_visobert_03561,0,0,1,1
fresh_visobert_01766,0,0,1,1
fresh_visobert_03072,0,0,1,1
fresh_visobert_10985,0,0,1,1
fresh_visobert_06206,0,0,1,1
fresh_visobert_10448,0,0,1,1
fresh_visobert_06242,0,0,1,1
fresh_visobert_07268,0,0,1,1
fresh_visobert_07469,0,0,1,1
fresh_visobert_09380,1,0,0,0
fresh_visobert_00298,0,0,1,1
fresh_visobert_11580,0,0,1,1
fresh_visobert_10843,0,0,1,1
fresh_visobert_00713,0,0,1,1
fresh_visobert_09936,0,0,1,1
fresh_visobert_09128,0,0,1,1
fresh_visobert_03436,0,0,1,1
fresh_visobert_00728,0,0,1,1
fresh_visobert_05409,0,0,1,1
fresh_visobert_09261,1,0,0,0
fresh_visobert_03515,0,0,1,1
fresh_visobert_01850,0,0,1,1
fresh_visobert_02864,0,0,1,1
fresh_visobert_06916,0,0,1,1
fresh_visobert_04646,0,0,1,1
fresh_visobert_01406,0,0,1,1
fresh_visobert_10974,0,0,1,1
fresh_visobert_08785,0,0,1,1
fresh_visobert_00252,0,0,1,1
fresh_visobert_07193,0,0,1,1
fresh_visobert_05876,0,0,1,1
fresh_visobert_00016,0,0,1,1
fresh_visobert_09914,0,0,1,1
fresh_visobert_01782,0,0,1,1
fresh_visobert_08021,0,0,1,1
fresh_visobert_00224,0,0,1,1
fresh_visobert_02599,0,0,1,1
fresh_visobert_04622,0,0,1,1
fresh_visobert_08953,0,0,1,1
fresh_visobert_09287,0,0,1,1
fresh_visobert_00206,0,0,1,1
fresh_visobert_03365,0,0,1,1
fresh_visobert_04299,0,0,1,1
fresh_visobert_11954,0,0,1,1
fresh_visobert_08024,0,0,1,1
fresh_visobert_01999,0,0,1,1
fresh_visobert_02377,0,0,1,1
fresh_visobert_09706,0,0,1,1
fresh_visobert_07881,0,0,1,1
fresh_visobert_10364,0,0,1,1
fresh_visobert_08456,0,0,1,1
fresh_visobert_06349,0,0,1,1
fresh_visobert_08497,0,0,1,1
fresh_visobert_07786,0,0,1,1
fresh_visobert_09109,0,0,1,1
fresh_visobert_06598,0,0,1,1
fresh_visobert_04428,0,0,1,1
fresh_visobert_04740,0,0,1,1
fresh_visobert_05660,0,0,1,1
fresh_visobert_00499,0,0,1,1
fresh_visobert_06967,0,0,1,1
fresh_visobert_01087,0,0,1,1
fresh_visobert_00936,0,0,1,1
fresh_visobert_00801,0,0,1,1
fresh_visobert_08477,0,0,1,1
fresh_visobert_09419,0,0,1,1
fresh_visobert_11718,0,0,1,1
fresh_visobert_04762,0,0,1,1
fresh_visobert_07360,0,0,1,1
fresh_visobert_01043,0,0,1,1
fresh_visobert_04340,0,0,1,1
fresh_visobert_00906,0,0,1,1
fresh_visobert_05775,0,0,1,1
fresh_visobert_10253,0,0,1,1
fresh_visobert_09946,0,0,1,1
fresh_visobert_01649,0,0,1,1
fresh_visobert_07281,0,0,1,1
fresh_visobert_02959,0,0,1,1
fresh_visobert_10061,0,0,1,1
fresh_visobert_11775,0,0,1,1
fresh_visobert_05061,0,0,1,1
fresh_visobert_08940,1,0,0,0
fresh_visobert_01400,0,0,1,1
fresh_visobert_05135,0,0,1,1
fresh_visobert_00516,1,1,1,1
fresh_visobert_00349,0,0,1,1
fresh_visobert_03899,0,0,1,1
fresh_visobert_00001,0,0,1,1
fresh_visobert_10824,0,0,1,1
fresh_visobert_09961,0,0,1,1
fresh_visobert_10417,0,0,1,1
fresh_visobert_00619,0,0,1,1
fresh_visobert_10050,0,0,1,1
fresh_visobert_09519,0,0,1,1
fresh_visobert_11019,0,0,1,1
fresh_visobert_07619,0,0,1,1
fresh_visobert_03740,0,0,1,1
fresh_visobert_07142,0,0,1,1
fresh_visobert_00253,0,0,1,1
fresh_visobert_05864,0,0,1,1
fresh_visobert_06689,0,0,1,1
fresh_visobert_09569,0,0,1,1
fresh_visobert_07876,0,0,1,1
fresh_visobert_04156,0,0,1,1
fresh_visobert_00857,0,0,1,1
fresh_visobert_06706,0,0,1,1
fresh_visobert_03482,0,0,1,1
fresh_visobert_05266,0,0,1,1
fresh_visobert_06750,0,0,1,1
fresh_visobert_07385,0,0,1,1
fresh_visobert_05402,0,0,1,1
fresh_visobert_00356,0,0,1,1
fresh_visobert_01733,0,0,1,1
fresh_visobert_01954,0,0,1,1
fresh_visobert_03797,0,0,1,1
fresh_visobert_00219,0,0,1,1
fresh_visobert_09209,0,0,1,1
fresh_visobert_05842,0,0,1,1
fresh_visobert_04021,0,0,1,1
fresh_visobert_05542,0,0,1,1
fresh_visobert_00444,0,0,1,1
fresh_visobert_06279,0,0,1,1
fresh_visobert_05357,0,0,1,1
fresh_visobert_10973,1,1,1,1
fresh_visobert_00169,0,0,1,1
fresh_visobert_03773,0,0,1,1
fresh_visobert_02775,1,1,1,1
fresh_visobert_02424,0,0,1,1
fresh_visobert_04953,0,0,1,1
fresh_visobert_08481,0,0,1,1
fresh_visobert_11571,0,0,1,1
fresh_visobert_02469,0,0,1,1
fresh_visobert_00787,0,0,1,1
fresh_visobert_01182,0,0,1,1
fresh_visobert_08969,0,0,1,1
fresh_visobert_01265,0,0,1,1
fresh_visobert_02416,0,0,1,1
fresh_visobert_04846,0,0,1,1
fresh_visobert_04244,0,0,1,1
fresh_visobert_03404,0,0,1,1
fresh_visobert_11739,0,0,1,1
fresh_visobert_07232,0,0,1,1
fresh_visobert_07622,0,0,1,1
fresh_visobert_07563,0,0,1,1
fresh_visobert_06513,0,0,1,1
fresh_visobert_08387,0,0,1,1
fresh_visobert_02316,0,0,1,1
fresh_visobert_04231,0,0,1,1
fresh_visobert_09624,0,0,1,1
fresh_visobert_04530,0,0,1,1
fresh_visobert_08839,0,0,1,1
fresh_visobert_10724,0,0,1,1
fresh_visobert_01572,0,0,1,1
fresh_visobert_00207,0,0,1,1
fresh_visobert_10366,0,0,1,1
fresh_visobert_03658,0,0,1,1
fresh_visobert_07669,0,0,1,1
fresh_visobert_11107,0,0,1,1
fresh_visobert_05974,0,0,1,1
fresh_visobert_04444,0,0,1,1
fresh_visobert_08499,0,0,1,1
fresh_visobert_10847,0,0,1,1
fresh_visobert_07754,0,0,1,1
fresh_visobert_06425,0,0,1,1
fresh_visobert_08060,0,0,1,1
fresh_visobert_11669,0,0,1,1
fresh_visobert_05712,0,0,1,1
fresh_visobert_07981,0,0,1,1
fresh_visobert_01413,0,0,1,1
fresh_visobert_05336,0,0,1,1
fresh_visobert_09719,0,0,1,1
fresh_visobert_09594,0,0,1,1
fresh_visobert_11885,0,0,1,1
fresh_visobert_11509,1,0,0,0
fresh_visobert_04434,0,0,1,1
fresh_visobert_01473,0,0,1,1
fresh_visobert_01667,0,0,1,1
fresh_visobert_03466,0,0,1,1
fresh_visobert_05891,0,0,1,1
fresh_visobert_06435,0,0,1,1
fresh_visobert_01899,0,0,1,1
fresh_visobert_06779,0,0,1,1
fresh_visobert_07724,0,0,1,1
fresh_visobert_03801,0,0,1,1
fresh_visobert_05610,0,0,1,1
fresh_visobert_06265,0,0,1,1
fresh_visobert_01458,0,0,1,1
fresh_visobert_01700,0,0,1,1
fresh_visobert_02015,0,0,1,1
fresh_visobert_09151,1,1,1,1
fresh_visobert_10717,0,0,1,1
fresh_visobert_10027,0,0,1,1
fresh_visobert_05313,0,0,1,1
fresh_visobert_10099,0,0,1,1
fresh_visobert_10346,0,0,1,1
fresh_visobert_08534,0,0,1,1
fresh_visobert_02224,0,0,1,1
fresh_visobert_10583,0,0,1,1
fresh_visobert_09584,0,0,1,1
fresh_visobert_11532,0,0,1,1
fresh_visobert_00156,0,0,1,1
fresh_visobert_07565,0,0,1,1
fresh_visobert_08303,1,0,0,0
fresh_visobert_00181,0,0,1,1
fresh_visobert_02743,0,0,1,1
fresh_visobert_10077,0,0,1,1
fresh_visobert_04745,0,0,1,1
fresh_visobert_00385,0,0,1,1
fresh_visobert_06664,0,0,1,1
fresh_visobert_07172,0,0,1,1
fresh_visobert_05143,0,0,1,1
fresh_visobert_00804,0,0,1,1
fresh_visobert_05148,0,0,1,1
fresh_visobert_11395,0,0,1,1
fresh_visobert_03945,0,0,1,1
fresh_visobert_10040,0,0,1,1
fresh_visobert_01762,0,0,1,1
fresh_visobert_09094,0,0,1,1
fresh_visobert_08294,0,0,1,1
fresh_visobert_08408,0,0,1,1
fresh_visobert_09985,0,0,1,1
fresh_visobert_07457,0,0,1,1
fresh_visobert_03393,0,0,1,1
fresh_visobert_05133,0,0,1,1
fresh_visobert_11135,0,0,1,1
fresh_visobert_11674,1,1,1,1
fresh_visobert_00291,0,0,1,1
fresh_visobert_04998,0,0,1,1
fresh_visobert_08100,0,0,1,1
fresh_visobert_10814,0,0,1,1
fresh_visobert_06806,0,0,1,1
fresh_visobert_02414,0,0,1,1
fresh_visobert_05761,0,0,1,1
fresh_visobert_05217,0,0,1,1
fresh_visobert_09667,0,0,1,1
fresh_visobert_07231,0,0,1,1
fresh_visobert_00017,0,0,1,1
fresh_visobert_07865,0,0,1,1
fresh_visobert_08932,0,0,1,1
fresh_visobert_07201,0,0,1,1
fresh_visobert_03189,0,0,1,1
fresh_visobert_04037,0,0,1,1
fresh_visobert_07788,1,1,1,1
fresh_visobert_02040,0,0,1,1
fresh_visobert_10068,0,0,1,1
fresh_visobert_02885,0,0,1,1
fresh_visobert_06259,0,0,1,1
fresh_visobert_06958,0,0,1,1
fresh_visobert_01169,0,0,1,1
fresh_visobert_00159,0,0,1,1
fresh_visobert_03499,1,0,0,0
fresh_visobert_06365,0,0,1,1
fresh_visobert_04676,0,0,1,1
fresh_visobert_06377,0,0,1,1
fresh_visobert_11861,0,0,1,1
fresh_visobert_04942,0,0,1,1
fresh_visobert_06013,1,1,1,1
fresh_visobert_10621,0,0,1,1
fresh_visobert_00057,1,0,0,0
fresh_visobert_02275,0,0,1,1
fresh_visobert_05156,0,0,1,1
fresh_visobert_05578,0,0,1,1
fresh_visobert_09990,0,0,1,1
fresh_visobert_10808,0,0,1,1
fresh_visobert_02771,0,0,1,1
fresh_visobert_04644,0,0,1,1
fresh_visobert_11286,0,0,1,1
fresh_visobert_02635,0,0,1,1
fresh_visobert_06912,0,0,1,1
fresh_visobert_08227,1,1,1,1
fresh_visobert_06990,0,0,1,1
fresh_visobert_07227,0,0,1,1
fresh_visobert_04084,0,0,1,1
fresh_visobert_00547,1,1,1,1
fresh_visobert_05546,0,0,1,1
fresh_visobert_09203,0,0,1,1
fresh_visobert_06577,0,0,1,1
fresh_visobert_05311,0,0,1,1
fresh_visobert_11096,0,0,1,1
fresh_visobert_11062,0,0,1,1
fresh_visobert_04674,0,0,1,1
fresh_visobert_08614,0,0,1,1
fresh_visobert_06169,1,0,0,0
fresh_visobert_01975,0,0,1,1
fresh_visobert_08172,0,0,1,1
fresh_visobert_10257,0,0,1,1
fresh_visobert_05915,0,0,1,1
fresh_visobert_03342,0,0,1,1
fresh_visobert_09775,0,0,1,1
fresh_visobert_04794,0,0,1,1
fresh_visobert_04483,0,0,1,1
fresh_visobert_06670,0,0,1,1
fresh_visobert_06278,0,0,1,1
fresh_visobert_05819,0,0,1,1
fresh_visobert_02180,1,1,1,1
fresh_visobert_10951,0,0,1,1
fresh_visobert_05400,0,0,1,1
fresh_visobert_11347,1,1,1,1
fresh_visobert_03382,0,0,1,1
fresh_visobert_01363,0,0,1,1
fresh_visobert_05959,1,0,0,0
fresh_visobert_00008,0,0,1,1
fresh_visobert_06758,0,0,1,1
fresh_visobert_01402,0,0,1,1
fresh_visobert_05321,1,0,0,0
fresh_visobert_05277,0,0,1,1
fresh_visobert_08157,0,0,1,1
fresh_visobert_02115,0,0,1,1
fresh_visobert_01842,0,0,1,1
fresh_visobert_08698,0,0,1,1
fresh_visobert_00240,0,0,1,1
fresh_visobert_04919,0,0,1,1
fresh_visobert_11438,1,1,1,1
fresh_visobert_08479,0,0,1,1
fresh_visobert_04900,0,0,1,1
fresh_visobert_02857,0,0,1,1
fresh_visobert_06202,0,0,1,1
fresh_visobert_03218,0,0,1,1
fresh_visobert_04366,0,0,1,1
fresh_visobert_02509,0,0,1,1
fresh_visobert_03614,0,0,1,1
fresh_visobert_09357,0,0,1,1
fresh_visobert_11390,0,0,1,1
fresh_visobert_09766,0,0,1,1
fresh_visobert_00867,0,0,1,1
fresh_visobert_00968,0,0,1,1
fresh_visobert_01652,0,0,1,1
fresh_visobert_03900,0,0,1,1
fresh_visobert_05364,0,0,1,1
fresh_visobert_09328,0,0,1,1
fresh_visobert_11576,0,0,1,1
fresh_visobert_05577,0,0,1,1
fresh_visobert_02561,0,0,1,1
fresh_visobert_10326,0,0,1,1
fresh_visobert_01262,0,0,1,1
fresh_visobert_10617,0,0,1,1
fresh_visobert_01174,0,0,1,1
fresh_visobert_02687,0,0,1,1
fresh_visobert_02109,0,0,1,1
fresh_visobert_04945,0,0,1,1
fresh_visobert_03914,0,0,1,1
fresh_visobert_05406,0,0,1,1
fresh_visobert_09399,0,0,1,1
fresh_visobert_09824,0,0,1,1
fresh_visobert_05140,0,0,1,1
fresh_visobert_08590,0,0,1,1
fresh_visobert_05639,0,0,1,1
fresh_visobert_05780,0,0,1,1
fresh_visobert_08454,1,0,0,0
fresh_visobert_06446,0,0,1,1
fresh_visobert_05878,0,0,1,1
fresh_visobert_01694,0,0,1,1
fresh_visobert_08385,0,0,1,1
fresh_visobert_03165,0,0,1,1
fresh_visobert_10224,0,0,1,1
fresh_visobert_04472,0,0,1,1
fresh_visobert_10172,0,0,1,1
fresh_visobert_09820,0,0,1,1
fresh_visobert_02118,0,0,1,1
fresh_visobert_07246,1,0,0,0
fresh_visobert_05180,0,0,1,1
fresh_visobert_02361,0,0,1,1
fresh_visobert_02618,0,0,1,1
fresh_visobert_02132,0,0,1,1
fresh_visobert_06503,0,0,1,1
fresh_visobert_09289,0,0,1,1
fresh_visobert_00361,0,0,1,1
fresh_visobert_07476,0,0,1,1
fresh_visobert_03795,0,0,1,1
fresh_visobert_08168,0,0,1,1
fresh_visobert_08761,0,0,1,1
fresh_visobert_10433,0,0,1,1
fresh_visobert_00864,0,0,1,1
fresh_visobert_00145,0,0,1,1
fresh_visobert_07255,0,0,1,1
fresh_visobert_06097,0,0,1,1
fresh_visobert_09228,0,0,1,1
fresh_visobert_00614,0,0,1,1
fresh_visobert_03553,0,0,1,1
fresh_visobert_03694,0,0,1,1
fresh_visobert_02087,0,0,1,1
fresh_visobert_04534,0,0,1,1
fresh_visobert_09968,0,0,1,1
fresh_visobert_08582,0,0,1,1
fresh_visobert_06150,0,0,1,1
fresh_visobert_03369,0,0,1,1
fresh_visobert_08546,0,0,1,1
fresh_visobert_05896,1,0,0,0
fresh_visobert_01027,0,0,1,1
fresh_visobert_08026,0,0,1,1
fresh_visobert_10188,1,0,0,0
fresh_visobert_00890,0,0,1,1
fresh_visobert_09781,0,0,1,1
fresh_visobert_11902,0,0,1,1
fresh_visobert_05394,0,0,1,1
fresh_visobert_04960,0,0,1,1
fresh_visobert_10081,0,0,1,1
fresh_visobert_11066,0,0,1,1
fresh_visobert_03107,0,0,1,1
fresh_visobert_02989,0,0,1,1
fresh_visobert_07639,0,0,1,1
fresh_visobert_06339,0,0,1,1
fresh_visobert_01566,0,0,1,1
fresh_visobert_10376,0,0,1,1
fresh_visobert_00914,0,0,1,1
fresh_visobert_03761,0,0,1,1
fresh_visobert_10203,0,0,1,1
fresh_visobert_01045,0,0,1,1
fresh_visobert_08957,0,0,1,1
fresh_visobert_04997,1,0,0,0
fresh_visobert_04523,0,0,1,1
fresh_visobert_06387,0,0,1,1
fresh_visobert_02768,0,0,1,1
fresh_visobert_11489,0,0,1,1
fresh_visobert_10248,0,0,1,1
fresh_visobert_07450,0,0,1,1
fresh_visobert_06382,0,0,1,1
fresh_visobert_05621,0,0,1,1
fresh_visobert_00509,0,0,1,1
fresh_visobert_10820,0,0,1,1
fresh_visobert_07737,0,0,1,1
fresh_visobert_10867,0,0,1,1
fresh_visobert_09412,1,1,1,1
fresh_visobert_01287,0,0,1,1
fresh_visobert_08453,0,0,1,1
fresh_visobert_10630,0,0,1,1
fresh_visobert_08685,1,1,1,1
fresh_visobert_03993,0,0,1,1
fresh_visobert_11853,0,0,1,1
fresh_visobert_00816,0,0,1,1
fresh_visobert_11832,0,0,1,1
fresh_visobert_11749,0,0,1,1
fresh_visobert_03079,0,0,1,1
fresh_visobert_04880,0,0,1,1
fresh_visobert_03772,0,0,1,1
fresh_visobert_05973,0,0,1,1
fresh_visobert_05028,0,0,1,1
fresh_visobert_05086,0,0,1,1
fresh_visobert_00841,0,0,1,1
fresh_visobert_00167,0,0,1,1
fresh_visobert_01697,0,0,1,1
fresh_visobert_05598,0,0,1,1
fresh_visobert_05295,0,0,1,1
fresh_visobert_08350,0,0,1,1
fresh_visobert_10206,0,0,1,1
fresh_visobert_04899,0,0,1,1
fresh_visobert_00582,0,0,1,1
fresh_visobert_06248,0,0,1,1
fresh_visobert_06720,0,0,1,1
fresh_visobert_11645,1,0,0,0
fresh_visobert_01518,0,0,1,1
fresh_visobert_01006,0,0,1,1
fresh_visobert_08962,0,0,1,1
fresh_visobert_04733,0,0,1,1
fresh_visobert_07566,1,1,1,1
fresh_visobert_02158,0,0,1,1
fresh_visobert_10185,0,0,1,1
fresh_visobert_06016,0,0,1,1
fresh_visobert_09767,0,0,1,1
fresh_visobert_04790,0,0,1,1
fresh_visobert_11270,0,0,1,1
fresh_visobert_01052,0,0,1,1
fresh_visobert_01896,0,0,1,1
fresh_visobert_03866,0,0,1,1
fresh_visobert_11049,0,0,1,1
fresh_visobert_10641,0,0,1,1
fresh_visobert_00262,0,0,1,1
fresh_visobert_09376,0,0,1,1
fresh_visobert_04376,0,0,1,1
fresh_visobert_10946,0,0,1,1
fresh_visobert_04160,0,0,1,1
fresh_visobert_08773,0,0,1,1
fresh_visobert_05508,0,0,1,1
fresh_visobert_01995,0,0,1,1
fresh_visobert_05237,0,0,1,1
fresh_visobert_09502,0,0,1,1
fresh_visobert_05769,0,0,1,1
fresh_visobert_07512,0,0,1,1
fresh_visobert_00991,0,0,1,1
fresh_visobert_04209,0,0,1,1
fresh_visobert_08266,0,0,1,1
fresh_visobert_10984,0,0,1,1
fresh_visobert_05833,0,0,1,1
fresh_visobert_11925,0,0,1,1
fresh_visobert_10283,0,0,1,1
fresh_visobert_09544,0,0,1,1
fresh_visobert_11141,0,0,1,1
fresh_visobert_05125,0,0,1,1
fresh_visobert_01581,1,0,0,0
fresh_visobert_11017,0,0,1,1
fresh_visobert_01200,0,0,1,1
fresh_visobert_07648,0,0,1,1
fresh_visobert_00769,0,0,1,1
fresh_visobert_08134,0,0,1,1
fresh_visobert_05158,0,0,1,1
fresh_visobert_08628,0,0,1,1
fresh_visobert_05390,0,0,1,1
fresh_visobert_01659,0,0,1,1
fresh_visobert_11105,0,0,1,1
fresh_visobert_07366,0,0,1,1
fresh_visobert_04384,0,0,1,1
fresh_visobert_08843,0,0,1,1
fresh_visobert_04925,0,0,1,1
fresh_visobert_07742,0,0,1,1
fresh_visobert_10822,0,0,1,1
fresh_visobert_06518,0,0,1,1
fresh_visobert_09262,0,0,1,1
fresh_visobert_03660,0,0,1,1
fresh_visobert_04797,1,0,0,0
fresh_visobert_05939,1,0,0,0
fresh_visobert_07654,0,0,1,1
fresh_visobert_03597,0,0,1,1
fresh_visobert_06659,1,1,1,1
fresh_visobert_03496,0,0,1,1
fresh_visobert_03987,1,0,0,0
fresh_visobert_04463,0,0,1,1
fresh_visobert_10237,0,0,1,1
fresh_visobert_10138,0,0,1,1
fresh_visobert_04560,0,0,1,1
fresh_visobert_02726,0,0,1,1
fresh_visobert_02872,0,0,1,1
fresh_visobert_08909,0,0,1,1
fresh_visobert_11927,0,0,1,1
fresh_visobert_01116,0,0,1,1
fresh_visobert_01684,0,0,1,1
fresh_visobert_02421,0,0,1,1
fresh_visobert_03582,0,0,1,1
fresh_visobert_09247,0,0,1,1
fresh_visobert_08796,0,0,1,1
fresh_visobert_02766,0,0,1,1
fresh_visobert_02130,0,0,1,1
fresh_visobert_03473,0,0,1,1
fresh_visobert_11566,0,0,1,1
fresh_visobert_07060,0,0,1,1
fresh_visobert_06551,1,0,0,0
fresh_visobert_05936,0,0,1,1
fresh_visobert_04721,0,0,1,1
fresh_visobert_10153,0,0,1,1
fresh_visobert_03568,0,0,1,1
fresh_visobert_02967,0,0,1,1
fresh_visobert_10192,0,0,1,1
fresh_visobert_06442,0,0,1,1
fresh_visobert_06502,0,0,1,1
fresh_visobert_00880,0,0,1,1
fresh_visobert_07995,0,0,1,1
fresh_visobert_04598,0,0,1,1
fresh_visobert_05872,1,1,1,1
fresh_visobert_03885,0,0,1,1
fresh_visobert_06192,0,0,1,1
fresh_visobert_01674,0,0,1,1
fresh_visobert_10018,0,0,1,1
fresh_visobert_06372,0,0,1,1
fresh_visobert_08469,1,1,1,1
fresh_visobert_10823,1,1,1,1
fresh_visobert_03911,0,0,1,1
fresh_visobert_10807,0,0,1,1
fresh_visobert_10848,0,0,1,1
fresh_visobert_10770,0,0,1,1
fresh_visobert_09917,0,0,1,1
fresh_visobert_07649,0,0,1,1
fresh_visobert_06855,0,0,1,1
fresh_visobert_02096,0,0,1,1
fresh_visobert_00279,0,0,1,1
fresh_visobert_07715,0,0,1,1
fresh_visobert_08558,0,0,1,1
fresh_visobert_04526,0,0,1,1
fresh_visobert_00636,0,0,1,1
fresh_visobert_05303,0,0,1,1
fresh_visobert_09450,0,0,1,1
fresh_visobert_03539,0,0,1,1
fresh_visobert_06287,1,0,0,0
fresh_visobert_10931,0,0,1,1
fresh_visobert_02659,0,0,1,1
fresh_visobert_01397,0,0,1,1
fresh_visobert_05530,0,0,1,1
fresh_visobert_00882,0,0,1,1
fresh_visobert_00138,0,0,1,1
fresh_visobert_06219,0,0,1,1
fresh_visobert_08899,0,0,1,1
fresh_visobert_01542,0,0,1,1
fresh_visobert_03815,0,0,1,1
fresh_visobert_08137,0,0,1,1
fresh_visobert_07651,0,0,1,1
fresh_visobert_08849,0,0,1,1
fresh_visobert_10507,0,0,1,1
fresh_visobert_11590,0,0,1,1
fresh_visobert_05708,0,0,1,1
fresh_visobert_04085,0,0,1,1
fresh_visobert_09984,0,0,1,1
fresh_visobert_01129,0,0,1,1
fresh_visobert_01202,0,0,1,1
fresh_visobert_03989,0,0,1,1
fresh_visobert_07298,0,0,1,1
fresh_visobert_06452,0,0,1,1
fresh_visobert_05965,0,0,1,1
fresh_visobert_00086,0,0,1,1
fresh_visobert_04349,0,0,1,1
fresh_visobert_01208,0,0,1,1
fresh_visobert_07153,0,0,1,1
fresh_visobert_02535,0,0,1,1
fresh_visobert_11806,0,0,1,1
fresh_visobert_10775,0,0,1,1
fresh_visobert_08747,0,0,1,1
fresh_visobert_01329,0,0,1,1
fresh_visobert_10921,0,0,1,1
fresh_visobert_00808,0,0,1,1
fresh_visobert_08109,1,0,0,0
fresh_visobert_05181,0,0,1,1
fresh_visobert_11168,1,1,1,1
fresh_visobert_01757,0,0,1,1
fresh_visobert_07755,0,0,1,1
fresh_visobert_07074,0,0,1,1
fresh_visobert_08597,0,0,1,1
fresh_visobert_05356,0,0,1,1
fresh_visobert_02411,0,0,1,1
fresh_visobert_04652,0,0,1,1
fresh_visobert_10394,0,0,1,1
fresh_visobert_07423,0,0,1,1
fresh_visobert_11038,0,0,1,1
fresh_visobert_10255,0,0,1,1
fresh_visobert_04040,0,0,1,1
fresh_visobert_11550,0,0,1,1
fresh_visobert_04005,0,0,1,1
fresh_visobert_11771,0,0,1,1
fresh_visobert_06710,0,0,1,1
fresh_visobert_10141,0,0,1,1
fresh_visobert_01451,0,0,1,1
fresh_visobert_08912,0,0,1,1
fresh_visobert_09293,0,0,1,1
fresh_visobert_06541,0,0,1,1
fresh_visobert_10491,0,0,1,1
fresh_visobert_11626,0,0,1,1
fresh_visobert_07911,0,0,1,1
fresh_visobert_07417,0,0,1,1
fresh_visobert_09100,0,0,1,1
fresh_visobert_08033,0,0,1,1
fresh_visobert_05308,0,0,1,1
fresh_visobert_02470,0,0,1,1
fresh_visobert_04111,0,0,1,1
fresh_visobert_04729,0,0,1,1
fresh_visobert_02820,0,0,1,1
fresh_visobert_07803,0,0,1,1
fresh_visobert_06820,1,1,1,1
fresh_visobert_07862,0,0,1,1
fresh_visobert_03855,0,0,1,1
fresh_visobert_11186,0,0,1,1
fresh_visobert_00053,1,1,1,1
fresh_visobert_06310,0,0,1,1
fresh_visobert_01310,0,0,1,1
fresh_visobert_04137,0,0,1,1
fresh_visobert_04524,0,0,1,1
fresh_visobert_08142,1,0,0,0
fresh_visobert_07553,0,0,1,1
fresh_visobert_02245,0,0,1,1
fresh_visobert_03166,0,0,1,1
fresh_visobert_08336,0,0,1,1
fresh_visobert_08671,0,0,1,1
fresh_visobert_04775,0,0,1,1
fresh_visobert_11053,0,0,1,1
fresh_visobert_05520,0,0,1,1
fresh_visobert_01772,0,0,1,1
fresh_visobert_04172,0,0,1,1
fresh_visobert_10297,0,0,1,1
fresh_visobert_00828,0,0,1,1
fresh_visobert_08181,0,0,1,1
fresh_visobert_08204,0,0,1,1
fresh_visobert_00354,0,0,1,1
fresh_visobert_05828,0,0,1,1
fresh_visobert_02242,0,0,1,1
fresh_visobert_05786,0,0,1,1
fresh_visobert_05604,0,0,1,1
fresh_visobert_03299,0,0,1,1
fresh_visobert_09971,0,0,1,1
fresh_visobert_07221,0,0,1,1
fresh_visobert_05053,0,0,1,1
fresh_visobert_08573,0,0,1,1
fresh_visobert_03175,0,0,1,1
fresh_visobert_09152,0,0,1,1
fresh_visobert_09508,0,0,1,1
fresh_visobert_07220,0,0,1,1
fresh_visobert_05516,0,0,1,1
fresh_visobert_08601,0,0,1,1
fresh_visobert_00381,0,0,1,1
fresh_visobert_11934,1,1,1,1
fresh_visobert_11713,0,0,1,1
fresh_visobert_05748,0,0,1,1
fresh_visobert_08663,0,0,1,1
fresh_visobert_06207,1,0,0,0
fresh_visobert_04966,0,0,1,1
fresh_visobert_08570,0,0,1,1
fresh_visobert_01554,0,0,1,1
fresh_visobert_08076,0,0,1,1
fresh_visobert_00698,0,0,1,1
fresh_visobert_07066,0,0,1,1
fresh_visobert_10450,0,0,1,1
fresh_visobert_06904,1,0,0,0
fresh_visobert_06083,0,0,1,1
fresh_visobert_09141,1,1,1,1
fresh_visobert_00154,0,0,1,1
fresh_visobert_10891,0,0,1,1
fresh_visobert_06366,0,0,1,1
fresh_visobert_10802,1,1,1,1
fresh_visobert_10676,0,0,1,1
fresh_visobert_00087,0,0,1,1
fresh_visobert_09887,0,0,1,1
fresh_visobert_03077,0,0,1,1
fresh_visobert_06596,0,0,1,1
fresh_visobert_00217,0,0,1,1
fresh_visobert_04083,0,0,1,1
fresh_visobert_07839,0,0,1,1
fresh_visobert_04197,0,0,1,1
fresh_visobert_00360,0,0,1,1
fresh_visobert_03054,0,0,1,1
fresh_visobert_00508,0,0,1,1
fresh_visobert_07785,0,0,1,1
fresh_visobert_05719,0,0,1,1
fresh_visobert_02622,0,0,1,1
fresh_visobert_05591,0,0,1,1
fresh_visobert_06703,0,0,1,1
fresh_visobert_02300,0,0,1,1
fresh_visobert_02002,0,0,1,1
fresh_visobert_10101,0,0,1,1
fresh_visobert_00135,0,0,1,1
fresh_visobert_01810,0,0,1,1
fresh_visobert_01675,1,0,0,0
fresh_visobert_07017,0,0,1,1
fresh_visobert_11297,0,0,1,1
fresh_visobert_02502,0,0,1,1
fresh_visobert_01848,1,0,0,0
fresh_visobert_09972,0,0,1,1
fresh_visobert_04836,0,0,1,1
fresh_visobert_09285,0,0,1,1
fresh_visobert_01745,0,0,1,1
fresh_visobert_11848,0,0,1,1
fresh_visobert_09635,0,0,1,1
fresh_visobert_07265,0,0,1,1
fresh_visobert_04999,0,0,1,1
fresh_visobert_04685,0,0,1,1
fresh_visobert_02615,0,0,1,1
fresh_visobert_09875,0,0,1,1
fresh_visobert_03272,0,0,1,1
fresh_visobert_03794,0,0,1,1
fresh_visobert_11641,0,0,1,1
fresh_visobert_10472,0,0,1,1
fresh_visobert_03657,0,0,1,1
fresh_visobert_01758,0,0,1,1
fresh_visobert_00011,1,0,0,0
fresh_visobert_03933,0,0,1,1
fresh_visobert_07310,0,0,1,1
fresh_visobert_09639,0,0,1,1
fresh_visobert_02407,0,0,1,1
fresh_visobert_11344,1,1,1,1
fresh_visobert_00860,0,0,1,1
fresh_visobert_00190,0,0,1,1
fresh_visobert_03118,0,0,1,1
fresh_visobert_02851,0,0,1,1
fresh_visobert_10246,0,0,1,1
fresh_visobert_01410,0,0,1,1
fresh_visobert_01731,0,0,1,1
fresh_visobert_08375,0,0,1,1
fresh_visobert_02150,0,0,1,1
fresh_visobert_04008,0,0,1,1
fresh_visobert_04973,0,0,1,1
fresh_visobert_04675,0,0,1,1
fresh_visobert_10551,0,0,1,1
fresh_visobert_10897,1,1,1,1
fresh_visobert_00794,0,0,1,1
fresh_visobert_05155,0,0,1,1
fresh_visobert_09181,0,0,1,1
fresh_visobert_09885,0,0,1,1
fresh_visobert_00270,0,0,1,1
fresh_visobert_00992,0,0,1,1
fresh_visobert_01938,0,0,1,1
fresh_visobert_06981,1,1,1,1
fresh_visobert_01167,0,0,1,1
fresh_visobert_04297,0,0,1,1
fresh_visobert_09090,0,0,1,1
fresh_visobert_07544,0,0,1,1
fresh_visobert_00105,0,0,1,1
fresh_visobert_08503,0,0,1,1
fresh_visobert_03225,0,0,1,1
fresh_visobert_02243,0,0,1,1
fresh_visobert_01685,0,0,1,1
fresh_visobert_03584,0,0,1,1
fresh_visobert_00233,0,0,1,1
fresh_visobert_09756,1,0,0,0
fresh_visobert_06500,0,0,1,1
fresh_visobert_00334,0,0,1,1
fresh_visobert_07832,0,0,1,1
fresh_visobert_10789,1,1,1,1
fresh_visobert_11115,0,0,1,1
fresh_visobert_03844,0,0,1,1
fresh_visobert_06841,0,0,1,1
fresh_visobert_09281,0,0,1,1
fresh_visobert_08538,0,0,1,1
fresh_visobert_10091,0,0,1,1
fresh_visobert_10198,0,0,1,1
fresh_visobert_10784,0,0,1,1
fresh_visobert_07650,0,0,1,1
fresh_visobert_08135,0,0,1,1
fresh_visobert_03110,0,0,1,1
fresh_visobert_11267,1,0,0,0
fresh_visobert_03190,0,0,1,1
fresh_visobert_06674,0,0,1,1
fresh_visobert_04485,0,0,1,1
fresh_visobert_01577,0,0,1,1
fresh_visobert_04294,1,0,0,0
fresh_visobert_01184,0,0,1,1
fresh_visobert_01574,0,0,1,1
fresh_visobert_01005,1,0,0,0
fresh_visobert_03566,0,0,1,1
fresh_visobert_09924,0,0,1,1
fresh_visobert_03200,0,0,1,1
fresh_visobert_02982,0,0,1,1
fresh_visobert_06899,0,0,1,1
fresh_visobert_06166,0,0,1,1
fresh_visobert_11866,0,0,1,1
fresh_visobert_01626,1,0,0,0
fresh_visobert_08289,1,1,1,1
fresh_visobert_01349,0,0,1,1
fresh_visobert_11948,0,0,1,1
fresh_visobert_03874,0,0,1,1
fresh_visobert_05257,0,0,1,1
fresh_visobert_04170,0,0,1,1
fresh_visobert_03628,0,0,1,1
fresh_visobert_05686,0,0,1,1
fresh_visobert_11877,0,0,1,1
fresh_visobert_09224,0,0,1,1
fresh_visobert_10245,0,0,1,1
fresh_visobert_09434,0,0,1,1
fresh_visobert_09728,0,0,1,1
fresh_visobert_01535,0,0,1,1
fresh_visobert_04963,0,0,1,1
fresh_visobert_04066,0,0,1,1
fresh_visobert_11565,0,0,1,1
fresh_visobert_08122,0,0,1,1
fresh_visobert_02504,0,0,1,1
fresh_visobert_00837,1,0,0,0
fresh_visobert_03704,0,0,1,1
fresh_visobert_07164,0,0,1,1
fresh_visobert_08722,0,0,1,1
fresh_visobert_11698,0,0,1,1
fresh_visobert_00949,0,0,1,1
fresh_visobert_10428,0,0,1,1
fresh_visobert_00502,0,0,1,1
fresh_visobert_08651,0,0,1,1
fresh_visobert_05004,0,0,1,1
fresh_visobert_03119,0,0,1,1
fresh_visobert_10005,0,0,1,1
fresh_visobert_03884,0,0,1,1
fresh_visobert_09199,0,0,1,1
fresh_visobert_05541,0,0,1,1
fresh_visobert_06484,0,0,1,1
fresh_visobert_06573,0,0,1,1
fresh_visobert_03707,0,0,1,1
fresh_visobert_00535,0,0,1,1
fresh_visobert_00767,0,0,1,1
fresh_visobert_11887,0,0,1,1
fresh_visobert_02867,1,1,1,1
fresh_visobert_04228,0,0,1,1
fresh_visobert_02513,0,0,1,1
fresh_visobert_05421,0,0,1,1
fresh_visobert_05351,0,0,1,1
fresh_visobert_02011,0,0,1,1
fresh_visobert_08318,0,0,1,1
fresh_visobert_08312,0,0,1,1
fresh_visobert_01222,0,0,1,1
fresh_visobert_03753,0,0,1,1
fresh_visobert_06191,0,0,1,1
fresh_visobert_08756,0,0,1,1
fresh_visobert_05629,0,0,1,1
fresh_visobert_08328,0,0,1,1
fresh_visobert_07859,0,0,1,1
fresh_visobert_01191,1,1,1,1
fresh_visobert_03667,0,0,1,1
fresh_visobert_04983,0,0,1,1
fresh_visobert_07105,0,0,1,1
fresh_visobert_11079,0,0,1,1
fresh_visobert_11006,0,0,1,1
fresh_visobert_04116,1,1,1,1
fresh_visobert_05924,0,0,1,1
fresh_visobert_02965,0,0,1,1
fresh_visobert_01204,0,0,1,1
fresh_visobert_08414,0,0,1,1
fresh_visobert_10699,0,0,1,1
fresh_visobert_10199,0,0,1,1
fresh_visobert_05190,0,0,1,1
fresh_visobert_05026,0,0,1,1
fresh_visobert_04838,0,0,1,1
fresh_visobert_05734,0,0,1,1
fresh_visobert_09980,0,0,1,1
fresh_visobert_06877,0,0,1,1
fresh_visobert_07419,1,0,0,0
fresh_visobert_10892,0,0,1,1
fresh_visobert_06586,0,0,1,1
fresh_visobert_03973,0,0,1,1
fresh_visobert_08107,0,0,1,1
fresh_visobert_00889,0,0,1,1
fresh_visobert_02147,0,0,1,1
fresh_visobert_10307,0,0,1,1
fresh_visobert_10161,1,0,0,0
fresh_visobert_11318,0,0,1,1
fresh_visobert_05286,0,0,1,1
fresh_visobert_11332,0,0,1,1
fresh_visobert_00081,0,0,1,1
fresh_visobert_08194,0,0,1,1
fresh_visobert_00888,0,0,1,1
fresh_visobert_02102,0,0,1,1
fresh_visobert_02452,0,0,1,1
fresh_visobert_04855,0,0,1,1
fresh_visobert_07810,0,0,1,1
fresh_visobert_08044,0,0,1,1
fresh_visobert_01596,0,0,1,1
fresh_visobert_10755,0,0,1,1
fresh_visobert_08430,1,0,0,0
fresh_visobert_03998,0,0,1,1
fresh_visobert_08110,0,0,1,1
fresh_visobert_10367,0,0,1,1
fresh_visobert_11002,0,0,1,1
fresh_visobert_10446,0,0,1,1
fresh_visobert_03921,0,0,1,1
fresh_visobert_00094,0,0,1,1
fresh_visobert_09288,1,1,1,1
fresh_visobert_07119,0,0,1,1
fresh_visobert_06343,0,0,1,1
fresh_visobert_00862,0,0,1,1
fresh_visobert_09291,0,0,1,1
fresh_visobert_08666,0,0,1,1
fresh_visobert_02075,0,0,1,1
fresh_visobert_11798,0,0,1,1
fresh_visobert_06563,0,0,1,1
fresh_visobert_00831,0,0,1,1
fresh_visobert_06217,0,0,1,1
fresh_visobert_09568,0,0,1,1
fresh_visobert_08443,0,0,1,1
fresh_visobert_11650,1,0,0,0
fresh_visobert_00758,0,0,1,1
fresh_visobert_01924,0,0,1,1
fresh_visobert_11146,0,0,1,1
fresh_visobert_08637,0,0,1,1
fresh_visobert_10793,1,0,0,0
fresh_visobert_08396,0,0,1,1
fresh_visobert_03295,0,0,1,1
fresh_visobert_11183,0,0,1,1
fresh_visobert_09260,1,1,1,1
fresh_visobert_11100,0,0,1,1
fresh_visobert_06478,0,0,1,1
fresh_visobert_08778,0,0,1,1
fresh_visobert_03191,0,0,1,1
fresh_visobert_01721,0,0,1,1
fresh_visobert_04060,0,0,1,1
fresh_visobert_09278,0,0,1,1
fresh_visobert_01055,0,0,1,1
fresh_visobert_05136,0,0,1,1
fresh_visobert_05587,1,1,1,1
fresh_visobert_01979,0,0,1,1
fresh_visobert_07517,0,0,1,1
fresh_visobert_10259,0,0,1,1
fresh_visobert_06590,0,0,1,1
fresh_visobert_01195,0,0,1,1
fresh_visobert_03121,0,0,1,1
fresh_visobert_09272,0,0,1,1
fresh_visobert_00198,0,0,1,1
fresh_visobert_09435,0,0,1,1
fresh_visobert_10562,0,0,1,1
fresh_visobert_05534,0,0,1,1
fresh_visobert_04826,0,0,1,1
fresh_visobert_07548,0,0,1,1
fresh_visobert_11479,0,0,1,1
fresh_visobert_03033,0,0,1,1
fresh_visobert_10862,0,0,1,1
fresh_visobert_06118,0,0,1,1
fresh_visobert_02154,0,0,1,1
fresh_visobert_11982,0,0,1,1
fresh_visobert_02073,0,0,1,1
fresh_visobert_04233,0,0,1,1
fresh_visobert_08580,0,0,1,1
fresh_visobert_01445,0,0,1,1
fresh_visobert_05250,0,0,1,1
fresh_visobert_04649,0,0,1,1
fresh_visobert_03892,0,0,1,1
fresh_visobert_08513,0,0,1,1
fresh_visobert_03347,0,0,1,1
fresh_visobert_01651,0,0,1,1
fresh_visobert_07364,0,0,1,1
fresh_visobert_08059,0,0,1,1
fresh_visobert_10926,0,0,1,1
fresh_visobert_05085,0,0,1,1
fresh_visobert_01931,0,0,1,1
fresh_visobert_03939,0,0,1,1
fresh_visobert_07902,0,0,1,1
fresh_visobert_02856,0,0,1,1
fresh_visobert_11394,1,0,0,0
fresh_visobert_02998,0,0,1,1
fresh_visobert_06017,0,0,1,1
fresh_visobert_07751,0,0,1,1
fresh_visobert_02893,0,0,1,1
fresh_visobert_05938,0,0,1,1
fresh_visobert_02633,0,0,1,1
fresh_visobert_01112,0,0,1,1
fresh_visobert_07700,0,0,1,1
fresh_visobert_05805,0,0,1,1
fresh_visobert_06364,1,1,1,1
fresh_visobert_05273,0,0,1,1
fresh_visobert_05167,0,0,1,1
fresh_visobert_11633,0,0,1,1
fresh_visobert_11907,0,0,1,1
fresh_visobert_10204,0,0,1,1
fresh_visobert_02252,0,0,1,1
fresh_visobert_00493,1,1,1,1
fresh_visobert_09598,0,0,1,1
fresh_visobert_07593,0,0,1,1
fresh_visobert_07483,0,0,1,1
fresh_visobert_07145,1,0,0,0
fresh_visobert_05592,0,0,1,1
fresh_visobert_00440,0,0,1,1
fresh_visobert_04645,0,0,1,1
fresh_visobert_04647,0,0,1,1
fresh_visobert_03996,0,0,1,1
fresh_visobert_11604,0,0,1,1
fresh_visobert_02151,0,0,1,1
fresh_visobert_01690,0,0,1,1
fresh_visobert_08925,0,0,1,1
fresh_visobert_10032,0,0,1,1
fresh_visobert_11957,0,0,1,1
fresh_visobert_00213,0,0,1,1
fresh_visobert_09620,0,0,1,1
fresh_visobert_03198,0,0,1,1
fresh_visobert_08029,0,0,1,1
fresh_visobert_03142,0,0,1,1
fresh_visobert_06457,0,0,1,1
fresh_visobert_09654,0,0,1,1
fresh_visobert_06605,0,0,1,1
fresh_visobert_09657,0,0,1,1
fresh_visobert_10509,0,0,1,1
fresh_visobert_09921,0,0,1,1
fresh_visobert_09871,0,0,1,1
fresh_visobert_04417,0,0,1,1
fresh_visobert_11226,0,0,1,1
fresh_visobert_10638,0,0,1,1
fresh_visobert_06620,0,0,1,1
fresh_visobert_11468,0,0,1,1
fresh_visobert_07402,0,0,1,1
fresh_visobert_11897,0,0,1,1
fresh_visobert_08297,0,0,1,1
fresh_visobert_01066,0,0,1,1
fresh_visobert_06524,0,0,1,1
fresh_visobert_03877,0,0,1,1
fresh_visobert_02418,0,0,1,1
fresh_visobert_10395,0,0,1,1
fresh_visobert_04088,0,0,1,1
fresh_visobert_11980,0,0,1,1
fresh_visobert_04145,0,0,1,1
fresh_visobert_00158,0,0,1,1
fresh_visobert_01618,0,0,1,1
fresh_visobert_04876,0,0,1,1
fresh_visobert_11449,0,0,1,1
fresh_visobert_10578,0,0,1,1
fresh_visobert_10550,0,0,1,1
fresh_visobert_06338,0,0,1,1
fresh_visobert_06835,0,0,1,1
fresh_visobert_09850,0,0,1,1
fresh_visobert_03587,0,0,1,1
fresh_visobert_02927,0,0,1,1
fresh_visobert_00019,0,0,1,1
fresh_visobert_11067,0,0,1,1
fresh_visobert_10197,0,0,1,1
fresh_visobert_03745,0,0,1,1
fresh_visobert_04694,0,0,1,1
fresh_visobert_07080,0,0,1,1
fresh_visobert_05933,0,0,1,1
fresh_visobert_08548,0,0,1,1
fresh_visobert_04452,0,0,1,1
fresh_visobert_02572,0,0,1,1
fresh_visobert_08317,0,0,1,1
fresh_visobert_09724,1,0,0,0
fresh_visobert_06515,0,0,1,1
fresh_visobert_06634,0,0,1,1
fresh_visobert_02168,0,0,1,1
fresh_visobert_00760,0,0,1,1
fresh_visobert_07948,0,0,1,1
fresh_visobert_02684,0,0,1,1
fresh_visobert_00610,0,0,1,1
fresh_visobert_00856,0,0,1,1
fresh_visobert_03672,0,0,1,1
fresh_visobert_10506,0,0,1,1
fresh_visobert_10083,0,0,1,1
fresh_visobert_08211,0,0,1,1
fresh_visobert_09827,0,0,1,1
fresh_visobert_07091,0,0,1,1
fresh_visobert_04752,0,0,1,1
fresh_visobert_03238,0,0,1,1
fresh_visobert_02500,0,0,1,1
fresh_visobert_02642,0,0,1,1
fresh_visobert_10272,1,1,1,1
fresh_visobert_11370,0,0,1,1
fresh_visobert_04206,0,0,1,1
fresh_visobert_04501,0,0,1,1
fresh_visobert_00142,0,0,1,1
fresh_visobert_09340,0,0,1,1
fresh_visobert_03422,0,0,1,1
fresh_visobert_01076,0,0,1,1
fresh_visobert_08121,0,0,1,1
fresh_visobert_06271,0,0,1,1
fresh_visobert_08156,1,1,1,1
fresh_visobert_05079,0,0,1,1
fresh_visobert_10258,0,0,1,1
fresh_visobert_09164,0,0,1,1
fresh_visobert_11213,0,0,1,1
fresh_visobert_11802,0,0,1,1
fresh_visobert_09611,0,0,1,1
fresh_visobert_04241,0,0,1,1
fresh_visobert_09371,0,0,1,1
fresh_visobert_06540,0,0,1,1
fresh_visobert_10675,0,0,1,1
fresh_visobert_09836,0,0,1,1
